accession	organism	vclass	cell	ledger_status	state	rule	reason	best_coverage	contig_n50	contig_spans_gene	control_ok	n_spare_itpr_loci	recon_coverage	recon_gene_equiv	recon_n_contigs	synteny_state	synteny_call	synteny_n_regions	synteny_n_keys	synteny_reason
GCA_980438365.1	Acanthurus tractus	Actinopteri	ITPR1	found_no_annotation	present_single_locus	R1	one locus at coverage 1.00 >= 0.7	1	31041855	1	1	1	0	0	0	not_asked		0	0	the aligner placed this gene; synteny was not asked to
GCA_980438365.1	Acanthurus tractus	Actinopteri	ITPR2	found_no_annotation	present_single_locus	R1	one locus at coverage 1.00 >= 0.7	1	31041855	1	1	1	0	0	0	not_asked		0	0	the aligner placed this gene; synteny was not asked to
GCA_980438365.1	Acanthurus tractus	Actinopteri	ITPR3	found_no_annotation	present_single_locus	R1	one locus at coverage 1.00 >= 0.7	1	31041855	1	1	1	0	0	0	not_asked		0	0	the aligner placed this gene; synteny was not asked to
GCA_056783665.1	Albula glossodonta	Actinopteri	ITPR1	found_no_annotation	present_single_locus	R1	one locus at coverage 1.00 >= 0.7	1	36502201	1	1	1	0	0	0	not_asked		0	0	the aligner placed this gene; synteny was not asked to
GCA_056783665.1	Albula glossodonta	Actinopteri	ITPR2	found_no_annotation	present_single_locus	R1	one locus at coverage 1.00 >= 0.7	1	36502201	1	1	1	0	0	0	not_asked		0	0	the aligner placed this gene; synteny was not asked to
GCA_056783665.1	Albula glossodonta	Actinopteri	ITPR3	found_no_annotation	present_single_locus	R1	one locus at coverage 1.00 >= 0.7	1	36502201	1	1	1	0	0	0	not_asked		0	0	the aligner placed this gene; synteny was not asked to
GCA_022829145.1	Albula goreensis	Actinopteri	ITPR1	found_annotated	present_single_locus	R1	one locus at coverage 1.00 >= 0.7	1	17514905	1	1	1	0	0	0	not_asked		0	0	the aligner placed this gene; synteny was not asked to
GCA_022829145.1	Albula goreensis	Actinopteri	ITPR2	found_annotated	present_single_locus	R1	one locus at coverage 1.00 >= 0.7	1	17514905	1	1	1	0	0	0	not_asked		0	0	the aligner placed this gene; synteny was not asked to
GCA_022829145.1	Albula goreensis	Actinopteri	ITPR3	found_annotated	present_single_locus	R1	one locus at coverage 1.00 >= 0.7	1	17514905	1	1	1	0	0	0	not_asked		0	0	the aligner placed this gene; synteny was not asked to
GCA_029706075.1	Aldrovandia affinis	Actinopteri	ITPR1	found_annotated	present_single_locus	R1	one locus at coverage 1.00 >= 0.7	1	2000165	1	1	1	0	0	0	not_asked		0	0	the aligner placed this gene; synteny was not asked to
GCA_029706075.1	Aldrovandia affinis	Actinopteri	ITPR2	found_annotated	present_single_locus	R1	one locus at coverage 1.00 >= 0.7	1	2000165	1	1	1	0	0	0	not_asked		0	0	the aligner placed this gene; synteny was not asked to
GCA_029706075.1	Aldrovandia affinis	Actinopteri	ITPR3	found_annotated	present_single_locus	R1	one locus at coverage 1.00 >= 0.7	1	2000165	1	1	1	0	0	0	not_asked		0	0	the aligner placed this gene; synteny was not asked to
GCA_056824585.1	Alepocephalus tenebrosus	Actinopteri	ITPR1	found_no_annotation	present_single_locus	R1	one locus at coverage 1.00 >= 0.7	1	731605	1	1	1	0	0	0	not_asked		0	0	the aligner placed this gene; synteny was not asked to
GCA_056824585.1	Alepocephalus tenebrosus	Actinopteri	ITPR2	found_no_annotation	present_single_locus	R1	one locus at coverage 1.00 >= 0.7	1	731605	1	1	1	0	0	0	not_asked		0	0	the aligner placed this gene; synteny was not asked to
GCA_056824585.1	Alepocephalus tenebrosus	Actinopteri	ITPR3	found_no_annotation	present_single_locus	R1	one locus at coverage 1.00 >= 0.7	1	731605	1	1	1	0	0	0	not_asked		0	0	the aligner placed this gene; synteny was not asked to
GCA_046255725.1	Amblyopsis spelaea	Actinopteri	ITPR1	found_no_annotation	present_single_locus	R1	one locus at coverage 1.00 >= 0.7	1	3811240	1	1	1	0	0	0	not_asked		0	0	the aligner placed this gene; synteny was not asked to
GCA_046255725.1	Amblyopsis spelaea	Actinopteri	ITPR2	found_no_annotation	present_single_locus	R1	one locus at coverage 1.00 >= 0.7	1	3811240	1	1	1	0	0	0	not_asked		0	0	the aligner placed this gene; synteny was not asked to
GCA_046255725.1	Amblyopsis spelaea	Actinopteri	ITPR3	found_no_annotation	present_single_locus	R1	one locus at coverage 1.00 >= 0.7	1	3811240	1	1	1	0	0	0	not_asked		0	0	the aligner placed this gene; synteny was not asked to
GCA_040091285.1	Ameca splendens	Actinopteri	ITPR1	assembly_gap	present_truncated	R2	locus at coverage 0.50, truncated at a contig edge or an N-run	0.4967	16857	0	1	5	0	0	0	not_asked		0	0	the aligner placed this gene; synteny was not asked to
GCA_040091285.1	Ameca splendens	Actinopteri	ITPR2	assembly_gap	present_truncated	R2	locus at coverage 0.37, truncated at a contig edge or an N-run	0.3688	16857	0	1	5	0	0	0	not_asked		0	0	the aligner placed this gene; synteny was not asked to
GCA_040091285.1	Ameca splendens	Actinopteri	ITPR3	assembly_gap	present_truncated	R2	locus at coverage 0.49, truncated at a contig edge or an N-run	0.4869	16857	0	1	5	0	0	0	not_asked		0	0	the aligner placed this gene; synteny was not asked to
GCF_036373705.1	Amia ocellicauda	Actinopteri	ITPR1	found_annotated	present_single_locus	R1	one locus at coverage 1.00 >= 0.7	1	17465777	1	1	0	0	0	0	not_asked		0	0	the aligner placed this gene; synteny was not asked to
GCF_036373705.1	Amia ocellicauda	Actinopteri	ITPR2	found_annotated	present_single_locus	R1	one locus at coverage 1.00 >= 0.7	1	17465777	1	1	0	0	0	0	not_asked		0	0	the aligner placed this gene; synteny was not asked to
GCF_036373705.1	Amia ocellicauda	Actinopteri	ITPR3	found_annotated	present_single_locus	R1	one locus at coverage 1.00 >= 0.7	1	17465777	1	1	0	0	0	0	not_asked		0	0	the aligner placed this gene; synteny was not asked to
GCF_949987685.1	Ammodytes marinus	Actinopteri	ITPR1	found_annotated	present_single_locus	R1	one locus at coverage 1.00 >= 0.7	1	2041615	1	1	1	0	0	0	not_asked		0	0	the aligner placed this gene; synteny was not asked to
GCF_949987685.1	Ammodytes marinus	Actinopteri	ITPR2	found_annotated	present_single_locus	R1	one locus at coverage 1.00 >= 0.7	1	2041615	1	1	1	0	0	0	not_asked		0	0	the aligner placed this gene; synteny was not asked to
GCF_949987685.1	Ammodytes marinus	Actinopteri	ITPR3	found_annotated	present_single_locus	R1	one locus at coverage 1.00 >= 0.7	1	2041615	1	1	1	0	0	0	not_asked		0	0	the aligner placed this gene; synteny was not asked to
GCF_040054535.1	Antennarius striatus	Actinopteri	ITPR1	found_annotated	present_single_locus	R1	one locus at coverage 1.00 >= 0.7	1	21047747	1	1	1	0	0	0	not_asked		0	0	the aligner placed this gene; synteny was not asked to
GCF_040054535.1	Antennarius striatus	Actinopteri	ITPR2	found_annotated	present_single_locus	R1	one locus at coverage 1.00 >= 0.7	1	21047747	1	1	1	0	0	0	not_asked		0	0	the aligner placed this gene; synteny was not asked to
GCF_040054535.1	Antennarius striatus	Actinopteri	ITPR3	found_annotated	present_single_locus	R1	one locus at coverage 1.00 >= 0.7	1	21047747	1	1	1	0	0	0	not_asked		0	0	the aligner placed this gene; synteny was not asked to
GCA_017639675.1	Aplochiton taeniatus	Actinopteri	ITPR1	found_annotated	present_single_locus	R1	one locus at coverage 1.00 >= 0.7	1	956540	1	1	0	0	0	0	not_asked		0	0	the aligner placed this gene; synteny was not asked to
GCA_017639675.1	Aplochiton taeniatus	Actinopteri	ITPR2	found_annotated	present_single_locus	R1	one locus at coverage 1.00 >= 0.7	1	956540	1	1	0	0	0	0	not_asked		0	0	the aligner placed this gene; synteny was not asked to
GCA_017639675.1	Aplochiton taeniatus	Actinopteri	ITPR3	found_annotated	present_single_locus	R1	one locus at coverage 1.00 >= 0.7	1	956540	1	1	0	0	0	0	not_asked		0	0	the aligner placed this gene; synteny was not asked to
GCA_054883375.1	Arapaima gigas	Actinopteri	ITPR1	found_no_annotation	present_single_locus	R1	one locus at coverage 1.00 >= 0.7	1	27159801	1	1	1	0	0	0	not_asked		0	0	the aligner placed this gene; synteny was not asked to
GCA_054883375.1	Arapaima gigas	Actinopteri	ITPR2	found_no_annotation	present_single_locus	R1	one locus at coverage 1.00 >= 0.7	1	27159801	1	1	1	0	0	0	not_asked		0	0	the aligner placed this gene; synteny was not asked to
GCA_054883375.1	Arapaima gigas	Actinopteri	ITPR3	found_no_annotation	present_single_locus	R1	one locus at coverage 1.00 >= 0.7	1	27159801	1	1	1	0	0	0	not_asked		0	0	the aligner placed this gene; synteny was not asked to
GCA_036250305.1	Ataeniobius toweri	Actinopteri	ITPR1	assembly_gap	present_truncated	R2	locus at coverage 0.50, truncated at a contig edge or an N-run	0.4967	16136	0	1	3	0	0	0	not_asked		0	0	the aligner placed this gene; synteny was not asked to
GCA_036250305.1	Ataeniobius toweri	Actinopteri	ITPR2	assembly_gap	present_truncated	R2	locus at coverage 0.37, truncated at a contig edge or an N-run	0.3688	16136	0	1	3	0	0	0	not_asked		0	0	the aligner placed this gene; synteny was not asked to
GCA_036250305.1	Ataeniobius toweri	Actinopteri	ITPR3	assembly_gap	present_truncated	R2	locus at coverage 0.57, truncated at a contig edge or an N-run	0.5712	16136	0	1	3	0	0	0	not_asked		0	0	the aligner placed this gene; synteny was not asked to
GCA_043380575.1	Atractosteus spatula	Actinopteri	ITPR1	found_no_annotation	present_single_locus	R1	one locus at coverage 1.00 >= 0.7	1	15716625	1	1	0	0	0	0	not_asked		0	0	the aligner placed this gene; synteny was not asked to
GCA_043380575.1	Atractosteus spatula	Actinopteri	ITPR2	found_no_annotation	present_single_locus	R1	one locus at coverage 1.00 >= 0.7	1	15716625	1	1	0	0	0	0	not_asked		0	0	the aligner placed this gene; synteny was not asked to
GCA_043380575.1	Atractosteus spatula	Actinopteri	ITPR3	found_no_annotation	present_single_locus	R1	one locus at coverage 1.00 >= 0.7	1	15716625	1	1	0	0	0	0	not_asked		0	0	the aligner placed this gene; synteny was not asked to
GCF_949987555.1	Borostomias antarcticus	Actinopteri	ITPR1	found_annotated	present_single_locus	R1	one locus at coverage 1.00 >= 0.7	1	959230	1	1	1	0	0	0	not_asked		0	0	the aligner placed this gene; synteny was not asked to
GCF_949987555.1	Borostomias antarcticus	Actinopteri	ITPR2	found_annotated	present_single_locus	R1	one locus at coverage 1.00 >= 0.7	1	959230	1	1	1	0	0	0	not_asked		0	0	the aligner placed this gene; synteny was not asked to
GCF_949987555.1	Borostomias antarcticus	Actinopteri	ITPR3	found_annotated	present_single_locus	R1	one locus at coverage 1.00 >= 0.7	1	959230	1	1	1	0	0	0	not_asked		0	0	the aligner placed this gene; synteny was not asked to
GCA_965364685.1	Capros aper	Actinopteri	ITPR1	found_no_annotation	present_single_locus	R1	one locus at coverage 1.00 >= 0.7	1	12853060	1	1	1	0	0	0	not_asked		0	0	the aligner placed this gene; synteny was not asked to
GCA_965364685.1	Capros aper	Actinopteri	ITPR2	found_no_annotation	present_single_locus	R1	one locus at coverage 1.00 >= 0.7	1	12853060	1	1	1	0	0	0	not_asked		0	0	the aligner placed this gene; synteny was not asked to
GCA_965364685.1	Capros aper	Actinopteri	ITPR3	found_no_annotation	present_single_locus	R1	one locus at coverage 0.99 >= 0.7	0.9895	12853060	1	1	1	0	0	0	not_asked		0	0	the aligner placed this gene; synteny was not asked to
GCA_023974075.1	Chaenocephalus aceratus	Actinopteri	ITPR1	found_annotated	present_single_locus	R1	one locus at coverage 1.00 >= 0.7	1	1500626	1	1	1	0	0	0	not_asked		0	0	the aligner placed this gene; synteny was not asked to
GCA_023974075.1	Chaenocephalus aceratus	Actinopteri	ITPR2	found_annotated	present_single_locus	R1	one locus at coverage 1.00 >= 0.7	1	1500626	1	1	1	0	0	0	not_asked		0	0	the aligner placed this gene; synteny was not asked to
GCA_023974075.1	Chaenocephalus aceratus	Actinopteri	ITPR3	fragment	present_partial	R3	locus at coverage 0.69 with no assembly excuse	0.6933	1500626	1	1	1	0	0	0	not_asked		0	0	the aligner placed this gene; synteny was not asked to
GCF_039877785.1	Chaetodon trifascialis	Actinopteri	ITPR1	found_annotated	present_single_locus	R1	one locus at coverage 1.00 >= 0.7	1	21327470	1	1	1	0	0	0	not_asked		0	0	the aligner placed this gene; synteny was not asked to
GCF_039877785.1	Chaetodon trifascialis	Actinopteri	ITPR2	found_annotated	present_single_locus	R1	one locus at coverage 1.00 >= 0.7	1	21327470	1	1	1	0	0	0	not_asked		0	0	the aligner placed this gene; synteny was not asked to
GCF_039877785.1	Chaetodon trifascialis	Actinopteri	ITPR3	found_annotated	present_single_locus	R1	one locus at coverage 1.00 >= 0.7	1	21327470	1	1	1	0	0	0	not_asked		0	0	the aligner placed this gene; synteny was not asked to
GCF_033026475.1	Channa argus	Actinopteri	ITPR1	found_annotated	present_single_locus	R1	one locus at coverage 1.00 >= 0.7	1	16561385	1	1	1	0	0	0	not_asked		0	0	the aligner placed this gene; synteny was not asked to
GCF_033026475.1	Channa argus	Actinopteri	ITPR2	found_annotated	present_single_locus	R1	one locus at coverage 1.00 >= 0.7	1	16561385	1	1	1	0	0	0	not_asked		0	0	the aligner placed this gene; synteny was not asked to
GCF_033026475.1	Channa argus	Actinopteri	ITPR3	found_annotated	present_single_locus	R1	one locus at coverage 1.00 >= 0.7	1	16561385	1	1	1	0	0	0	not_asked		0	0	the aligner placed this gene; synteny was not asked to
GCF_902362185.1	Chanos chanos	Actinopteri	ITPR1	found_annotated	present_single_locus	R1	one locus at coverage 1.00 >= 0.7	1	23134051	1	1	1	0	0	0	not_asked		0	0	the aligner placed this gene; synteny was not asked to
GCF_902362185.1	Chanos chanos	Actinopteri	ITPR2	found_annotated	present_single_locus	R1	one locus at coverage 1.00 >= 0.7	1	23134051	1	1	1	0	0	0	not_asked		0	0	the aligner placed this gene; synteny was not asked to
GCF_902362185.1	Chanos chanos	Actinopteri	ITPR3	found_annotated	present_single_locus	R1	one locus at coverage 1.00 >= 0.7	1	23134051	1	1	1	0	0	0	not_asked		0	0	the aligner placed this gene; synteny was not asked to
GCA_036250325.1	Characodon lateralis	Actinopteri	ITPR1	assembly_gap	present_truncated	R2	locus at coverage 0.49, truncated at a contig edge or an N-run	0.4949	18129	0	1	2	0	0	0	not_asked		0	0	the aligner placed this gene; synteny was not asked to
GCA_036250325.1	Characodon lateralis	Actinopteri	ITPR2	assembly_gap	present_truncated	R2	locus at coverage 0.63, truncated at a contig edge or an N-run	0.6312	18129	0	1	2	0	0	0	not_asked		0	0	the aligner placed this gene; synteny was not asked to
GCA_036250325.1	Characodon lateralis	Actinopteri	ITPR3	assembly_gap	present_truncated	R2	locus at coverage 0.36, truncated at a contig edge or an N-run	0.3618	18129	0	1	2	0	0	0	not_asked		0	0	the aligner placed this gene; synteny was not asked to
GCF_018320785.1	Cheilinus undulatus	Actinopteri	ITPR1	found_annotated	present_single_locus	R1	one locus at coverage 1.00 >= 0.7	1	16477222	1	1	1	0	0	0	not_asked		0	0	the aligner placed this gene; synteny was not asked to
GCF_018320785.1	Cheilinus undulatus	Actinopteri	ITPR2	found_annotated	present_single_locus	R1	one locus at coverage 1.00 >= 0.7	1	16477222	1	1	1	0	0	0	not_asked		0	0	the aligner placed this gene; synteny was not asked to
GCF_018320785.1	Cheilinus undulatus	Actinopteri	ITPR3	found_annotated	present_single_locus	R1	one locus at coverage 1.00 >= 0.7	1	16477222	1	1	1	0	0	0	not_asked		0	0	the aligner placed this gene; synteny was not asked to
GCF_963514085.1	Chelon labrosus	Actinopteri	ITPR1	found_annotated	present_single_locus	R1	one locus at coverage 1.00 >= 0.7	1	2544200	1	1	1	0	0	0	not_asked		0	0	the aligner placed this gene; synteny was not asked to
GCF_963514085.1	Chelon labrosus	Actinopteri	ITPR2	found_annotated	present_single_locus	R1	one locus at coverage 1.00 >= 0.7	1	2544200	1	1	1	0	0	0	not_asked		0	0	the aligner placed this gene; synteny was not asked to
GCF_963514085.1	Chelon labrosus	Actinopteri	ITPR3	found_annotated	present_single_locus	R1	one locus at coverage 1.00 >= 0.7	1	2544200	1	1	1	0	0	0	not_asked		0	0	the aligner placed this gene; synteny was not asked to
GCA_036247105.2	Cirrhinus mrigala	Actinopteri	ITPR1	found_unannotated	present_single_locus	R1	one locus at coverage 1.00 >= 0.7	1	3631979	1	1	1	0	0	0	not_asked		0	0	the aligner placed this gene; synteny was not asked to
GCA_036247105.2	Cirrhinus mrigala	Actinopteri	ITPR2	found_unannotated	present_single_locus	R1	one locus at coverage 1.00 >= 0.7	1	3631979	1	1	1	0	0	0	not_asked		0	0	the aligner placed this gene; synteny was not asked to
GCA_036247105.2	Cirrhinus mrigala	Actinopteri	ITPR3	found_unannotated	present_single_locus	R1	one locus at coverage 1.00 >= 0.7	1	3631979	1	1	1	0	0	0	not_asked		0	0	the aligner placed this gene; synteny was not asked to
GCF_033807715.1	Cololabis saira	Actinopteri	ITPR1	found_annotated	present_single_locus	R1	one locus at coverage 1.00 >= 0.7	1	8087617	1	1	1	0	0	0	not_asked		0	0	the aligner placed this gene; synteny was not asked to
GCF_033807715.1	Cololabis saira	Actinopteri	ITPR2	found_annotated	present_single_locus	R1	one locus at coverage 1.00 >= 0.7	1	8087617	1	1	1	0	0	0	not_asked		0	0	the aligner placed this gene; synteny was not asked to
GCF_033807715.1	Cololabis saira	Actinopteri	ITPR3	found_annotated	present_single_locus	R1	one locus at coverage 1.00 >= 0.7	1	8087617	1	1	1	0	0	0	not_asked		0	0	the aligner placed this gene; synteny was not asked to
GCF_963514075.1	Conger conger	Actinopteri	ITPR1	found_annotated	present_single_locus	R1	one locus at coverage 1.00 >= 0.7	1	3090688	1	1	1	0	0	0	not_asked		0	0	the aligner placed this gene; synteny was not asked to
GCF_963514075.1	Conger conger	Actinopteri	ITPR2	found_annotated	present_single_locus	R1	one locus at coverage 1.00 >= 0.7	1	3090688	1	1	1	0	0	0	not_asked		0	0	the aligner placed this gene; synteny was not asked to
GCF_963514075.1	Conger conger	Actinopteri	ITPR3	found_annotated	present_single_locus	R1	one locus at coverage 1.00 >= 0.7	1	3090688	1	1	1	0	0	0	not_asked		0	0	the aligner placed this gene; synteny was not asked to
GCF_052040795.1	Danio rerio	Actinopteri	ITPR1	found_annotated	present_single_locus	R1	one locus at coverage 1.00 >= 0.7	1	59431669	1	1	1	0	0	0	not_asked		0	0	the aligner placed this gene; synteny was not asked to
GCF_052040795.1	Danio rerio	Actinopteri	ITPR2	found_annotated	present_single_locus	R1	one locus at coverage 1.00 >= 0.7	1	59431669	1	1	1	0	0	0	not_asked		0	0	the aligner placed this gene; synteny was not asked to
GCF_052040795.1	Danio rerio	Actinopteri	ITPR3	found_annotated	present_single_locus	R1	one locus at coverage 1.00 >= 0.7	1	59431669	1	1	1	0	0	0	not_asked		0	0	the aligner placed this gene; synteny was not asked to
GCA_054883175.1	Datnioides polota	Actinopteri	ITPR1	found_no_annotation	present_single_locus	R1	one locus at coverage 1.00 >= 0.7	1	16887846	1	1	1	0	0	0	not_asked		0	0	the aligner placed this gene; synteny was not asked to
GCA_054883175.1	Datnioides polota	Actinopteri	ITPR2	found_no_annotation	present_single_locus	R1	one locus at coverage 1.00 >= 0.7	1	16887846	1	1	1	0	0	0	not_asked		0	0	the aligner placed this gene; synteny was not asked to
GCA_054883175.1	Datnioides polota	Actinopteri	ITPR3	found_no_annotation	present_single_locus	R1	one locus at coverage 1.00 >= 0.7	1	16887846	1	1	1	0	0	0	not_asked		0	0	the aligner placed this gene; synteny was not asked to
GCA_048569125.1	Diretmus argenteus	Actinopteri	ITPR1	found_annotated	present_single_locus	R1	one locus at coverage 1.00 >= 0.7	1	542425	1	1	2	0	0	0	not_asked		0	0	the aligner placed this gene; synteny was not asked to
GCA_048569125.1	Diretmus argenteus	Actinopteri	ITPR2	found_annotated	present_single_locus	R1	one locus at coverage 1.00 >= 0.7	1	542425	1	1	2	0	0	0	not_asked		0	0	the aligner placed this gene; synteny was not asked to
GCA_048569125.1	Diretmus argenteus	Actinopteri	ITPR3	found_annotated	present_single_locus	R1	one locus at coverage 1.00 >= 0.7	1	542425	1	1	2	0	0	0	not_asked		0	0	the aligner placed this gene; synteny was not asked to
GCA_031216635.1	Dissostichus eleginoides	Actinopteri	ITPR1	found_unannotated	present_single_locus	R1	one locus at coverage 1.00 >= 0.7	1	4228958	1	1	1	0	0	0	not_asked		0	0	the aligner placed this gene; synteny was not asked to
GCA_031216635.1	Dissostichus eleginoides	Actinopteri	ITPR2	found_unannotated	present_single_locus	R1	one locus at coverage 1.00 >= 0.7	1	4228958	1	1	1	0	0	0	not_asked		0	0	the aligner placed this gene; synteny was not asked to
GCA_031216635.1	Dissostichus eleginoides	Actinopteri	ITPR3	found_unannotated	present_single_locus	R1	one locus at coverage 1.00 >= 0.7	1	4228958	1	1	1	0	0	0	not_asked		0	0	the aligner placed this gene; synteny was not asked to
GCA_011823955.1	Dissostichus mawsoni	Actinopteri	ITPR1	found_unannotated	present_single_locus	R1	one locus at coverage 1.00 >= 0.7	1	3015437	1	1	1	0	0	0	not_asked		0	0	the aligner placed this gene; synteny was not asked to
GCA_011823955.1	Dissostichus mawsoni	Actinopteri	ITPR2	found_unannotated	present_single_locus	R1	one locus at coverage 1.00 >= 0.7	1	3015437	1	1	1	0	0	0	not_asked		0	0	the aligner placed this gene; synteny was not asked to
GCA_011823955.1	Dissostichus mawsoni	Actinopteri	ITPR3	found_unannotated	present_single_locus	R1	one locus at coverage 1.00 >= 0.7	1	3015437	1	1	1	0	0	0	not_asked		0	0	the aligner placed this gene; synteny was not asked to
GCF_041902795.1	Electrophorus electricus	Actinopteri	ITPR1	found_annotated	present_single_locus	R1	one locus at coverage 1.00 >= 0.7	1	22449376	1	1	1	0	0	0	not_asked		0	0	the aligner placed this gene; synteny was not asked to
GCF_041902795.1	Electrophorus electricus	Actinopteri	ITPR2	found_annotated	present_single_locus	R1	one locus at coverage 1.00 >= 0.7	1	22449376	1	1	1	0	0	0	not_asked		0	0	the aligner placed this gene; synteny was not asked to
GCF_041902795.1	Electrophorus electricus	Actinopteri	ITPR3	found_annotated	present_single_locus	R1	one locus at coverage 1.00 >= 0.7	1	22449376	1	1	1	0	0	0	not_asked		0	0	the aligner placed this gene; synteny was not asked to
GCF_034702125.1	Engraulis encrasicolus	Actinopteri	ITPR1	found_annotated	present_single_locus	R1	one locus at coverage 1.00 >= 0.7	1	1448200	1	1	1	0	0	0	not_asked		0	0	the aligner placed this gene; synteny was not asked to
GCF_034702125.1	Engraulis encrasicolus	Actinopteri	ITPR2	found_annotated	present_single_locus	R1	one locus at coverage 1.00 >= 0.7	1	1448200	1	1	1	0	0	0	not_asked		0	0	the aligner placed this gene; synteny was not asked to
GCF_034702125.1	Engraulis encrasicolus	Actinopteri	ITPR3	found_annotated	present_single_locus	R1	one locus at coverage 1.00 >= 0.7	1	1448200	1	1	1	0	0	0	not_asked		0	0	the aligner placed this gene; synteny was not asked to
GCF_033978785.1	Entelurus aequoreus	Actinopteri	ITPR1	found_annotated	present_single_locus	R1	one locus at coverage 1.00 >= 0.7	1	2039131	1	1	1	0	0	0	not_asked		0	0	the aligner placed this gene; synteny was not asked to
GCF_033978785.1	Entelurus aequoreus	Actinopteri	ITPR2	found_annotated	present_single_locus	R1	one locus at coverage 1.00 >= 0.7	1	2039131	1	1	1	0	0	0	not_asked		0	0	the aligner placed this gene; synteny was not asked to
GCF_033978785.1	Entelurus aequoreus	Actinopteri	ITPR3	found_annotated	present_single_locus	R1	one locus at coverage 1.00 >= 0.7	0.9989	2039131	1	1	1	0	0	0	not_asked		0	0	the aligner placed this gene; synteny was not asked to
GCF_011004845.1	Esox lucius	Actinopteri	ITPR1	found_annotated	present_single_locus	R1	one locus at coverage 1.00 >= 0.7	1	22630263	1	1	1	0	0	0	not_asked		0	0	the aligner placed this gene; synteny was not asked to
GCF_011004845.1	Esox lucius	Actinopteri	ITPR2	found_annotated	present_single_locus	R1	one locus at coverage 1.00 >= 0.7	1	22630263	1	1	1	0	0	0	not_asked		0	0	the aligner placed this gene; synteny was not asked to
GCF_011004845.1	Esox lucius	Actinopteri	ITPR3	found_annotated	present_single_locus	R1	one locus at coverage 1.00 >= 0.7	1	22630263	1	1	1	0	0	0	not_asked		0	0	the aligner placed this gene; synteny was not asked to
GCF_902167405.1	Gadus morhua	Actinopteri	ITPR1	found_annotated	present_single_locus	R1	one locus at coverage 1.00 >= 0.7	1	1015663	1	1	1	0	0	0	not_asked		0	0	the aligner placed this gene; synteny was not asked to
GCF_902167405.1	Gadus morhua	Actinopteri	ITPR2	found_annotated	present_single_locus	R1	one locus at coverage 1.00 >= 0.7	1	1015663	1	1	1	0	0	0	not_asked		0	0	the aligner placed this gene; synteny was not asked to
GCF_902167405.1	Gadus morhua	Actinopteri	ITPR3	found_annotated	present_single_locus	R1	one locus at coverage 1.00 >= 0.7	0.9978	1015663	1	1	1	0	0	0	not_asked		0	0	the aligner placed this gene; synteny was not asked to
GCF_019740435.1	Gambusia affinis	Actinopteri	ITPR1	found_annotated	present_single_locus	R1	one locus at coverage 1.00 >= 0.7	1	12906370	1	1	1	0	0	0	not_asked		0	0	the aligner placed this gene; synteny was not asked to
GCF_019740435.1	Gambusia affinis	Actinopteri	ITPR2	found_annotated	present_single_locus	R1	one locus at coverage 1.00 >= 0.7	1	12906370	1	1	1	0	0	0	not_asked		0	0	the aligner placed this gene; synteny was not asked to
GCF_019740435.1	Gambusia affinis	Actinopteri	ITPR3	found_annotated	present_single_locus	R1	one locus at coverage 1.00 >= 0.7	1	12906370	1	1	1	0	0	0	not_asked		0	0	the aligner placed this gene; synteny was not asked to
GCF_046128005.1	Genypterus blacodes	Actinopteri	ITPR1	found_annotated	present_single_locus	R1	one locus at coverage 1.00 >= 0.7	1	4774482	1	1	1	0	0	0	not_asked		0	0	the aligner placed this gene; synteny was not asked to
GCF_046128005.1	Genypterus blacodes	Actinopteri	ITPR2	found_annotated	present_single_locus	R1	one locus at coverage 1.00 >= 0.7	1	4774482	1	1	1	0	0	0	not_asked		0	0	the aligner placed this gene; synteny was not asked to
GCF_046128005.1	Genypterus blacodes	Actinopteri	ITPR3	found_annotated	present_single_locus	R1	one locus at coverage 0.89 >= 0.7	0.8944	4774482	1	1	1	0	0	0	not_asked		0	0	the aligner placed this gene; synteny was not asked to
GCF_951799975.1	Gobius niger	Actinopteri	ITPR1	found_annotated	present_single_locus	R1	one locus at coverage 1.00 >= 0.7	1	3365000	1	1	1	0	0	0	not_asked		0	0	the aligner placed this gene; synteny was not asked to
GCF_951799975.1	Gobius niger	Actinopteri	ITPR2	found_annotated	present_single_locus	R1	one locus at coverage 1.00 >= 0.7	1	3365000	1	1	1	0	0	0	not_asked		0	0	the aligner placed this gene; synteny was not asked to
GCF_951799975.1	Gobius niger	Actinopteri	ITPR3	found_annotated	present_single_locus	R1	one locus at coverage 1.00 >= 0.7	1	3365000	1	1	1	0	0	0	not_asked		0	0	the aligner placed this gene; synteny was not asked to
GCA_040091325.1	Goodea atripinnis	Actinopteri	ITPR1	assembly_gap	present_truncated	R2	locus at coverage 0.50, truncated at a contig edge or an N-run	0.4967	16062	0	1	7	0	0	0	not_asked		0	0	the aligner placed this gene; synteny was not asked to
GCA_040091325.1	Goodea atripinnis	Actinopteri	ITPR2	assembly_gap	present_truncated	R2	locus at coverage 0.37, truncated at a contig edge or an N-run	0.3688	16062	0	1	7	0	0	0	not_asked		0	0	the aligner placed this gene; synteny was not asked to
GCA_040091325.1	Goodea atripinnis	Actinopteri	ITPR3	assembly_gap	present_truncated	R2	locus at coverage 0.31, truncated at a contig edge or an N-run	0.306	16062	0	1	7	0	0	0	not_asked		0	0	the aligner placed this gene; synteny was not asked to
GCF_900634775.2	Gouania willdenowi	Actinopteri	ITPR1	found_annotated	present_single_locus	R1	one locus at coverage 1.00 >= 0.7	1	1838341	1	1	1	0	0	0	not_asked		0	0	the aligner placed this gene; synteny was not asked to
GCF_900634775.2	Gouania willdenowi	Actinopteri	ITPR2	found_annotated	present_single_locus	R1	one locus at coverage 1.00 >= 0.7	1	1838341	1	1	1	0	0	0	not_asked		0	0	the aligner placed this gene; synteny was not asked to
GCF_900634775.2	Gouania willdenowi	Actinopteri	ITPR3	found_annotated	present_single_locus	R1	one locus at coverage 1.00 >= 0.7	1	1838341	1	1	1	0	0	0	not_asked		0	0	the aligner placed this gene; synteny was not asked to
GCA_900312595.1	Guentherus altivela	Actinopteri	ITPR1	assembly_gap	present_truncated	R2	locus at coverage 0.17, truncated at a contig edge or an N-run	0.1739	2928	0	1	1	0	0	0	not_asked		0	0	the aligner placed this gene; synteny was not asked to
GCA_900312595.1	Guentherus altivela	Actinopteri	ITPR2	tblastn_trace	present_fragmented	R4	0.35 of the reference reassembled from 6 contigs outside every locus the aligner found, bar 0.137	0	2928	0	1	1	0.3502	0.4128	6	not_asked		0	0	the aligner placed this gene; synteny was not asked to
GCA_900312595.1	Guentherus altivela	Actinopteri	ITPR3	assembly_gap	present_truncated	R2	locus at coverage 0.11, truncated at a contig edge or an N-run	0.109	2928	0	1	1	0	0	0	not_asked		0	0	the aligner placed this gene; synteny was not asked to
GCA_056783565.1	Hiodon alosoides	Actinopteri	ITPR1	found_annotated	present_single_locus	R1	one locus at coverage 1.00 >= 0.7	1	15034530	1	1	2	0	0	0	not_asked		0	0	the aligner placed this gene; synteny was not asked to
GCA_056783565.1	Hiodon alosoides	Actinopteri	ITPR2	found_annotated	present_single_locus	R1	one locus at coverage 1.00 >= 0.7	1	15034530	1	1	2	0	0	0	not_asked		0	0	the aligner placed this gene; synteny was not asked to
GCA_056783565.1	Hiodon alosoides	Actinopteri	ITPR3	found_annotated	present_single_locus	R1	one locus at coverage 1.00 >= 0.7	1	15034530	1	1	2	0	0	0	not_asked		0	0	the aligner placed this gene; synteny was not asked to
GCF_029633855.1	Hoplias malabaricus	Actinopteri	ITPR1	found_annotated	present_single_locus	R1	one locus at coverage 1.00 >= 0.7	1	3626585	1	1	1	0	0	0	not_asked		0	0	the aligner placed this gene; synteny was not asked to
GCF_029633855.1	Hoplias malabaricus	Actinopteri	ITPR2	found_annotated	present_single_locus	R1	one locus at coverage 1.00 >= 0.7	1	3626585	1	1	1	0	0	0	not_asked		0	0	the aligner placed this gene; synteny was not asked to
GCF_029633855.1	Hoplias malabaricus	Actinopteri	ITPR3	found_annotated	present_single_locus	R1	one locus at coverage 1.00 >= 0.7	1	3626585	1	1	1	0	0	0	not_asked		0	0	the aligner placed this gene; synteny was not asked to
GCF_054491055.1	Hypomesus nipponensis	Actinopteri	ITPR1	found_annotated	present_single_locus	R1	one locus at coverage 1.00 >= 0.7	1	20232928	1	1	1	0	0	0	not_asked		0	0	the aligner placed this gene; synteny was not asked to
GCF_054491055.1	Hypomesus nipponensis	Actinopteri	ITPR2	found_annotated	present_single_locus	R1	one locus at coverage 1.00 >= 0.7	1	20232928	1	1	1	0	0	0	not_asked		0	0	the aligner placed this gene; synteny was not asked to
GCF_054491055.1	Hypomesus nipponensis	Actinopteri	ITPR3	found_annotated	present_single_locus	R1	one locus at coverage 1.00 >= 0.7	1	20232928	1	1	1	0	0	0	not_asked		0	0	the aligner placed this gene; synteny was not asked to
GCA_040091305.1	Ilyodon furcidens	Actinopteri	ITPR1	assembly_gap	present_truncated	R2	locus at coverage 0.50, truncated at a contig edge or an N-run	0.4967	11867	0	1	5	0	0	0	not_asked		0	0	the aligner placed this gene; synteny was not asked to
GCA_040091305.1	Ilyodon furcidens	Actinopteri	ITPR2	assembly_gap	present_truncated	R2	locus at coverage 0.36, truncated at a contig edge or an N-run	0.3595	11867	0	1	5	0	0	0	not_asked		0	0	the aligner placed this gene; synteny was not asked to
GCA_040091305.1	Ilyodon furcidens	Actinopteri	ITPR3	assembly_gap	present_truncated	R2	locus at coverage 0.31, truncated at a contig edge or an N-run	0.306	11867	0	1	5	0	0	0	not_asked		0	0	the aligner placed this gene; synteny was not asked to
GCF_029633865.1	Lampris incognitus	Actinopteri	ITPR1	found_annotated	present_single_locus	R1	one locus at coverage 1.00 >= 0.7	1	917127	1	1	1	0	0	0	not_asked		0	0	the aligner placed this gene; synteny was not asked to
GCF_029633865.1	Lampris incognitus	Actinopteri	ITPR2	found_annotated	present_single_locus	R1	one locus at coverage 1.00 >= 0.7	1	917127	1	1	1	0	0	0	not_asked		0	0	the aligner placed this gene; synteny was not asked to
GCF_029633865.1	Lampris incognitus	Actinopteri	ITPR3	found_annotated	present_single_locus	R1	one locus at coverage 0.99 >= 0.7	0.9944	917127	1	1	1	0	0	0	not_asked		0	0	the aligner placed this gene; synteny was not asked to
GCA_033238685.1	Lates japonicus	Actinopteri	ITPR1	found_annotated	present_single_locus	R1	one locus at coverage 1.00 >= 0.7	1	285591	1	1	3	0	0	0	not_asked		0	0	the aligner placed this gene; synteny was not asked to
GCA_033238685.1	Lates japonicus	Actinopteri	ITPR2	found_annotated	present_single_locus	R1	one locus at coverage 1.00 >= 0.7	1	285591	1	1	3	0	0	0	not_asked		0	0	the aligner placed this gene; synteny was not asked to
GCA_033238685.1	Lates japonicus	Actinopteri	ITPR3	found_unannotated	present_single_locus	R1	one locus at coverage 1.00 >= 0.7	1	285591	1	1	3	0	0	0	not_asked		0	0	the aligner placed this gene; synteny was not asked to
GCA_051992705.1	Lepidogalaxias salamandroides	Actinopteri	ITPR1	assembly_gap	present_truncated	R2	locus at coverage 0.43, truncated at a contig edge or an N-run	0.4312	1446	0	1	3	0	0	0	not_asked		0	0	the aligner placed this gene; synteny was not asked to
GCA_051992705.1	Lepidogalaxias salamandroides	Actinopteri	ITPR2	assembly_gap	present_truncated	R2	locus at coverage 0.11, truncated at a contig edge or an N-run	0.1126	1446	0	1	3	0	0	0	not_asked		0	0	the aligner placed this gene; synteny was not asked to
GCA_051992705.1	Lepidogalaxias salamandroides	Actinopteri	ITPR3	assembly_gap	present_truncated	R2	locus at coverage 0.15, truncated at a contig edge or an N-run	0.1468	1446	0	1	3	0	0	0	not_asked		0	0	the aligner placed this gene; synteny was not asked to
GCF_040954835.1	Lepisosteus oculatus	Actinopteri	ITPR1	found_annotated	present_single_locus	R1	one locus at coverage 1.00 >= 0.7	1	20019514	1	1	0	0	0	0	not_asked		0	0	the aligner placed this gene; synteny was not asked to
GCF_040954835.1	Lepisosteus oculatus	Actinopteri	ITPR2	found_annotated	present_single_locus	R1	one locus at coverage 1.00 >= 0.7	1	20019514	1	1	0	0	0	0	not_asked		0	0	the aligner placed this gene; synteny was not asked to
GCF_040954835.1	Lepisosteus oculatus	Actinopteri	ITPR3	found_annotated	present_single_locus	R1	one locus at coverage 1.00 >= 0.7	1	20019514	1	1	0	0	0	0	not_asked		0	0	the aligner placed this gene; synteny was not asked to
GCA_050084785.1	Liparis tanakae	Actinopteri	ITPR1	found_no_annotation	present_single_locus	R1	one locus at coverage 1.00 >= 0.7	1	1346787	1	1	1	0	0	0	not_asked		0	0	the aligner placed this gene; synteny was not asked to
GCA_050084785.1	Liparis tanakae	Actinopteri	ITPR2	found_no_annotation	present_single_locus	R1	one locus at coverage 1.00 >= 0.7	0.9981	1346787	1	1	1	0	0	0	not_asked		0	0	the aligner placed this gene; synteny was not asked to
GCA_050084785.1	Liparis tanakae	Actinopteri	ITPR3	found_no_annotation	present_single_locus	R1	one locus at coverage 1.00 >= 0.7	1	1346787	1	1	1	0	0	0	not_asked		0	0	the aligner placed this gene; synteny was not asked to
GCF_056507025.1	Lutjanus erythropterus	Actinopteri	ITPR1	found_annotated	present_single_locus	R1	one locus at coverage 1.00 >= 0.7	1	37725332	1	1	1	0	0	0	not_asked		0	0	the aligner placed this gene; synteny was not asked to
GCF_056507025.1	Lutjanus erythropterus	Actinopteri	ITPR2	found_annotated	present_single_locus	R1	one locus at coverage 1.00 >= 0.7	1	37725332	1	1	1	0	0	0	not_asked		0	0	the aligner placed this gene; synteny was not asked to
GCF_056507025.1	Lutjanus erythropterus	Actinopteri	ITPR3	found_annotated	present_single_locus	R1	one locus at coverage 1.00 >= 0.7	1	37725332	1	1	1	0	0	0	not_asked		0	0	the aligner placed this gene; synteny was not asked to
GCF_900324485.3	Mastacembelus armatus	Actinopteri	ITPR1	found_annotated	present_single_locus	R1	one locus at coverage 1.00 >= 0.7	1	8014513	1	1	1	0	0	0	not_asked		0	0	the aligner placed this gene; synteny was not asked to
GCF_900324485.3	Mastacembelus armatus	Actinopteri	ITPR2	found_annotated	present_single_locus	R1	one locus at coverage 1.00 >= 0.7	1	8014513	1	1	1	0	0	0	not_asked		0	0	the aligner placed this gene; synteny was not asked to
GCF_900324485.3	Mastacembelus armatus	Actinopteri	ITPR3	found_annotated	present_single_locus	R1	one locus at coverage 1.00 >= 0.7	1	8014513	1	1	1	0	0	0	not_asked		0	0	the aligner placed this gene; synteny was not asked to
GCF_013368585.1	Megalops cyprinoides	Actinopteri	ITPR1	found_annotated	present_single_locus	R1	one locus at coverage 1.00 >= 0.7	1	26850664	1	1	1	0	0	0	not_asked		0	0	the aligner placed this gene; synteny was not asked to
GCF_013368585.1	Megalops cyprinoides	Actinopteri	ITPR2	found_annotated	present_single_locus	R1	one locus at coverage 1.00 >= 0.7	1	26850664	1	1	1	0	0	0	not_asked		0	0	the aligner placed this gene; synteny was not asked to
GCF_013368585.1	Megalops cyprinoides	Actinopteri	ITPR3	found_annotated	present_single_locus	R1	one locus at coverage 1.00 >= 0.7	1	26850664	1	1	1	0	0	0	not_asked		0	0	the aligner placed this gene; synteny was not asked to
GCF_963457635.1	Microchirus variegatus	Actinopteri	ITPR1	found_annotated	present_single_locus	R1	one locus at coverage 1.00 >= 0.7	1	2444644	1	1	1	0	0	0	not_asked		0	0	the aligner placed this gene; synteny was not asked to
GCF_963457635.1	Microchirus variegatus	Actinopteri	ITPR2	found_annotated	present_single_locus	R1	one locus at coverage 1.00 >= 0.7	1	2444644	1	1	1	0	0	0	not_asked		0	0	the aligner placed this gene; synteny was not asked to
GCF_963457635.1	Microchirus variegatus	Actinopteri	ITPR3	found_annotated	present_single_locus	R1	one locus at coverage 1.00 >= 0.7	1	2444644	1	1	1	0	0	0	not_asked		0	0	the aligner placed this gene; synteny was not asked to
GCF_021292245.1	Micropterus dolomieu	Actinopteri	ITPR1	found_annotated	present_single_locus	R1	one locus at coverage 1.00 >= 0.7	1	46775	0	1	1	0	0	0	not_asked		0	0	the aligner placed this gene; synteny was not asked to
GCF_021292245.1	Micropterus dolomieu	Actinopteri	ITPR2	found_annotated	present_single_locus	R1	one locus at coverage 1.00 >= 0.7	1	46775	0	1	1	0	0	0	not_asked		0	0	the aligner placed this gene; synteny was not asked to
GCF_021292245.1	Micropterus dolomieu	Actinopteri	ITPR3	found_annotated	present_single_locus	R1	one locus at coverage 1.00 >= 0.7	1	46775	0	1	1	0	0	0	not_asked		0	0	the aligner placed this gene; synteny was not asked to
GCA_027704905.1	Muraenolepis orangiensis	Actinopteri	ITPR1	found_annotated	present_single_locus	R1	one locus at coverage 1.00 >= 0.7	1	636888	1	1	1	0	0	0	not_asked		0	0	the aligner placed this gene; synteny was not asked to
GCA_027704905.1	Muraenolepis orangiensis	Actinopteri	ITPR2	found_annotated	present_single_locus	R1	one locus at coverage 1.00 >= 0.7	1	636888	1	1	1	0	0	0	not_asked		0	0	the aligner placed this gene; synteny was not asked to
GCA_027704905.1	Muraenolepis orangiensis	Actinopteri	ITPR3	found_annotated	present_single_locus	R1	one locus at coverage 1.00 >= 0.7	1	636888	1	1	1	0	0	0	not_asked		0	0	the aligner placed this gene; synteny was not asked to
GCF_902150065.1	Myripristis murdjan	Actinopteri	ITPR1	found_annotated	present_single_locus	R1	one locus at coverage 1.00 >= 0.7	1	14475636	1	1	1	0	0	0	not_asked		0	0	the aligner placed this gene; synteny was not asked to
GCF_902150065.1	Myripristis murdjan	Actinopteri	ITPR2	found_annotated	present_single_locus	R1	one locus at coverage 1.00 >= 0.7	1	14475636	1	1	1	0	0	0	not_asked		0	0	the aligner placed this gene; synteny was not asked to
GCF_902150065.1	Myripristis murdjan	Actinopteri	ITPR3	found_annotated	present_single_locus	R1	one locus at coverage 1.00 >= 0.7	1	14475636	1	1	1	0	0	0	not_asked		0	0	the aligner placed this gene; synteny was not asked to
GCF_963921795.1	Nannobrachium achirus	Actinopteri	ITPR1	found_annotated	present_single_locus	R1	one locus at coverage 1.00 >= 0.7	1	1305851	1	1	2	0	0	0	not_asked		0	0	the aligner placed this gene; synteny was not asked to
GCF_963921795.1	Nannobrachium achirus	Actinopteri	ITPR2	found_annotated	present_single_locus	R1	one locus at coverage 1.00 >= 0.7	1	1305851	1	1	2	0	0	0	not_asked		0	0	the aligner placed this gene; synteny was not asked to
GCF_963921795.1	Nannobrachium achirus	Actinopteri	ITPR3	found_annotated	present_single_locus	R1	one locus at coverage 1.00 >= 0.7	1	1305851	1	1	2	0	0	0	not_asked		0	0	the aligner placed this gene; synteny was not asked to
GCF_963989245.1	Nansenia antarctica	Actinopteri	ITPR1	found_annotated	present_single_locus	R1	one locus at coverage 1.00 >= 0.7	1	750607	1	1	1	0	0	0	not_asked		0	0	the aligner placed this gene; synteny was not asked to
GCF_963989245.1	Nansenia antarctica	Actinopteri	ITPR2	found_annotated	present_single_locus	R1	one locus at coverage 1.00 >= 0.7	1	750607	1	1	1	0	0	0	not_asked		0	0	the aligner placed this gene; synteny was not asked to
GCF_963989245.1	Nansenia antarctica	Actinopteri	ITPR3	found_annotated	present_single_locus	R1	one locus at coverage 1.00 >= 0.7	1	750607	1	1	1	0	0	0	not_asked		0	0	the aligner placed this gene; synteny was not asked to
GCF_027579695.1	Neoarius graeffei	Actinopteri	ITPR1	found_annotated	present_single_locus	R1	one locus at coverage 1.00 >= 0.7	1	14859289	1	1	1	0	0	0	not_asked		0	0	the aligner placed this gene; synteny was not asked to
GCF_027579695.1	Neoarius graeffei	Actinopteri	ITPR2	found_annotated	present_single_locus	R1	one locus at coverage 1.00 >= 0.7	1	14859289	1	1	1	0	0	0	not_asked		0	0	the aligner placed this gene; synteny was not asked to
GCF_027579695.1	Neoarius graeffei	Actinopteri	ITPR3	found_annotated	present_single_locus	R1	one locus at coverage 1.00 >= 0.7	1	14859289	1	1	1	0	0	0	not_asked		0	0	the aligner placed this gene; synteny was not asked to
GCA_014281875.1	Nibea albiflora	Actinopteri	ITPR1	found_annotated	present_single_locus	R1	one locus at coverage 1.00 >= 0.7	1	4420150	1	1	2	0	0	0	not_asked		0	0	the aligner placed this gene; synteny was not asked to
GCA_014281875.1	Nibea albiflora	Actinopteri	ITPR2	found_unannotated	present_single_locus	R1	one locus at coverage 1.00 >= 0.7	1	4420150	1	1	2	0	0	0	not_asked		0	0	the aligner placed this gene; synteny was not asked to
GCA_014281875.1	Nibea albiflora	Actinopteri	ITPR3	found_annotated	present_single_locus	R1	one locus at coverage 1.00 >= 0.7	1	4420150	1	1	2	0	0	0	not_asked		0	0	the aligner placed this gene; synteny was not asked to
GCF_043380555.1	Nothobranchius furzeri	Actinopteri	ITPR1	found_annotated	present_single_locus	R1	one locus at coverage 1.00 >= 0.7	1	9298000	1	1	1	0	0	0	not_asked		0	0	the aligner placed this gene; synteny was not asked to
GCF_043380555.1	Nothobranchius furzeri	Actinopteri	ITPR2	found_annotated	present_single_locus	R1	one locus at coverage 1.00 >= 0.7	1	9298000	1	1	1	0	0	0	not_asked		0	0	the aligner placed this gene; synteny was not asked to
GCF_043380555.1	Nothobranchius furzeri	Actinopteri	ITPR3	found_annotated	present_single_locus	R1	one locus at coverage 1.00 >= 0.7	1	9298000	1	1	1	0	0	0	not_asked		0	0	the aligner placed this gene; synteny was not asked to
GCF_963971535.1	Notolepis coatsorum	Actinopteri	ITPR1	found_no_annotation	present_single_locus	R1	one locus at coverage 1.00 >= 0.7	1	444000	1	1	1	0	0	0	not_asked		0	0	the aligner placed this gene; synteny was not asked to
GCF_963971535.1	Notolepis coatsorum	Actinopteri	ITPR2	found_no_annotation	present_single_locus	R1	one locus at coverage 1.00 >= 0.7	1	444000	1	1	1	0	0	0	not_asked		0	0	the aligner placed this gene; synteny was not asked to
GCF_963971535.1	Notolepis coatsorum	Actinopteri	ITPR3	found_no_annotation	present_single_locus	R1	one locus at coverage 1.00 >= 0.7	1	444000	1	1	1	0	0	0	not_asked		0	0	the aligner placed this gene; synteny was not asked to
GCF_949606895.1	Notothenia rossii	Actinopteri	ITPR1	found_annotated	present_single_locus	R1	one locus at coverage 1.00 >= 0.7	1	383412	1	1	0	0	0	0	not_asked		0	0	the aligner placed this gene; synteny was not asked to
GCF_949606895.1	Notothenia rossii	Actinopteri	ITPR2	found_annotated	present_single_locus	R1	one locus at coverage 1.00 >= 0.7	1	383412	1	1	0	0	0	0	not_asked		0	0	the aligner placed this gene; synteny was not asked to
GCF_949606895.1	Notothenia rossii	Actinopteri	ITPR3	found_annotated	present_single_locus	R1	one locus at coverage 1.00 >= 0.7	1	383412	1	1	0	0	0	0	not_asked		0	0	the aligner placed this gene; synteny was not asked to
GCF_048594095.1	Paramormyrops kingsleyae	Actinopteri	ITPR1	found_annotated	present_single_locus	R1	one locus at coverage 1.00 >= 0.7	1	10969524	1	1	1	0	0	0	not_asked		0	0	the aligner placed this gene; synteny was not asked to
GCF_048594095.1	Paramormyrops kingsleyae	Actinopteri	ITPR2	found_annotated	present_single_locus	R1	one locus at coverage 1.00 >= 0.7	1	10969524	1	1	1	0	0	0	not_asked		0	0	the aligner placed this gene; synteny was not asked to
GCF_048594095.1	Paramormyrops kingsleyae	Actinopteri	ITPR3	found_annotated	present_single_locus	R1	one locus at coverage 1.00 >= 0.7	1	10969524	1	1	1	0	0	0	not_asked		0	0	the aligner placed this gene; synteny was not asked to
GCA_984656905.1	Parequula melbournensis	Actinopteri	ITPR1	found_no_annotation	present_single_locus	R1	one locus at coverage 1.00 >= 0.7	1	5643520	1	1	1	0	0	0	not_asked		0	0	the aligner placed this gene; synteny was not asked to
GCA_984656905.1	Parequula melbournensis	Actinopteri	ITPR2	found_no_annotation	present_single_locus	R1	one locus at coverage 1.00 >= 0.7	1	5643520	1	1	1	0	0	0	not_asked		0	0	the aligner placed this gene; synteny was not asked to
GCA_984656905.1	Parequula melbournensis	Actinopteri	ITPR3	found_no_annotation	present_single_locus	R1	one locus at coverage 1.00 >= 0.7	1	5643520	1	1	1	0	0	0	not_asked		0	0	the aligner placed this gene; synteny was not asked to
GCF_042242105.1	Pempheris klunzingeri	Actinopteri	ITPR1	found_annotated	present_single_locus	R1	one locus at coverage 1.00 >= 0.7	1	12920725	1	1	1	0	0	0	not_asked		0	0	the aligner placed this gene; synteny was not asked to
GCF_042242105.1	Pempheris klunzingeri	Actinopteri	ITPR2	found_annotated	present_single_locus	R1	one locus at coverage 1.00 >= 0.7	1	12920725	1	1	1	0	0	0	not_asked		0	0	the aligner placed this gene; synteny was not asked to
GCF_042242105.1	Pempheris klunzingeri	Actinopteri	ITPR3	found_annotated	present_single_locus	R1	one locus at coverage 1.00 >= 0.7	1	12920725	1	1	1	0	0	0	not_asked		0	0	the aligner placed this gene; synteny was not asked to
GCF_949152265.1	Phoxinus phoxinus	Actinopteri	ITPR1	found_annotated	present_single_locus	R1	one locus at coverage 1.00 >= 0.7	1	1988965	1	1	1	0	0	0	not_asked		0	0	the aligner placed this gene; synteny was not asked to
GCF_949152265.1	Phoxinus phoxinus	Actinopteri	ITPR2	found_annotated	present_single_locus	R1	one locus at coverage 1.00 >= 0.7	1	1988965	1	1	1	0	0	0	not_asked		0	0	the aligner placed this gene; synteny was not asked to
GCF_949152265.1	Phoxinus phoxinus	Actinopteri	ITPR3	found_annotated	present_single_locus	R1	one locus at coverage 1.00 >= 0.7	1	1988965	1	1	1	0	0	0	not_asked		0	0	the aligner placed this gene; synteny was not asked to
GCA_058707665.1	Platax teira	Actinopteri	ITPR1	found_no_annotation	present_single_locus	R1	one locus at coverage 1.00 >= 0.7	1	30140486	1	1	1	0	0	0	not_asked		0	0	the aligner placed this gene; synteny was not asked to
GCA_058707665.1	Platax teira	Actinopteri	ITPR2	found_no_annotation	present_single_locus	R1	one locus at coverage 1.00 >= 0.7	1	30140486	1	1	1	0	0	0	not_asked		0	0	the aligner placed this gene; synteny was not asked to
GCA_058707665.1	Platax teira	Actinopteri	ITPR3	found_no_annotation	present_single_locus	R1	one locus at coverage 1.00 >= 0.7	1	30140486	1	1	1	0	0	0	not_asked		0	0	the aligner placed this gene; synteny was not asked to
GCA_047511595.1	Polymixia lowei	Actinopteri	ITPR1	found_no_annotation	present_single_locus	R1	one locus at coverage 1.00 >= 0.7	1	1880763	1	1	1	0	0	0	not_asked		0	0	the aligner placed this gene; synteny was not asked to
GCA_047511595.1	Polymixia lowei	Actinopteri	ITPR2	found_no_annotation	present_single_locus	R1	one locus at coverage 1.00 >= 0.7	0.9956	1880763	1	1	1	0	0	0	not_asked		0	0	the aligner placed this gene; synteny was not asked to
GCA_047511595.1	Polymixia lowei	Actinopteri	ITPR3	found_no_annotation	present_single_locus	R1	one locus at coverage 1.00 >= 0.7	1	1880763	1	1	1	0	0	0	not_asked		0	0	the aligner placed this gene; synteny was not asked to
GCF_017654505.1	Polyodon spathula	Actinopteri	ITPR1	found_annotated	present_single_locus	R1	one locus at coverage 1.00 >= 0.7	1	3441286	1	1	3	0	0	0	not_asked		0	0	the aligner placed this gene; synteny was not asked to
GCF_017654505.1	Polyodon spathula	Actinopteri	ITPR2	found_annotated	present_single_locus	R1	one locus at coverage 1.00 >= 0.7	1	3441286	1	1	3	0	0	0	not_asked		0	0	the aligner placed this gene; synteny was not asked to
GCF_017654505.1	Polyodon spathula	Actinopteri	ITPR3	found_annotated	present_single_locus	R1	one locus at coverage 1.00 >= 0.7	1	3441286	1	1	3	0	0	0	not_asked		0	0	the aligner placed this gene; synteny was not asked to
GCF_964638095.1	Poromitra crassiceps	Actinopteri	ITPR1	found_annotated	present_single_locus	R1	one locus at coverage 1.00 >= 0.7	1	841497	1	1	1	0	0	0	not_asked		0	0	the aligner placed this gene; synteny was not asked to
GCF_964638095.1	Poromitra crassiceps	Actinopteri	ITPR2	found_annotated	present_single_locus	R1	one locus at coverage 1.00 >= 0.7	1	841497	1	1	1	0	0	0	not_asked		0	0	the aligner placed this gene; synteny was not asked to
GCF_964638095.1	Poromitra crassiceps	Actinopteri	ITPR3	found_annotated	present_single_locus	R1	one locus at coverage 1.00 >= 0.7	1	841497	1	1	1	0	0	0	not_asked		0	0	the aligner placed this gene; synteny was not asked to
GCA_056506795.1	Pristigenys meyeri	Actinopteri	ITPR1	found_no_annotation	present_single_locus	R1	one locus at coverage 1.00 >= 0.7	1	32736534	1	1	1	0	0	0	not_asked		0	0	the aligner placed this gene; synteny was not asked to
GCA_056506795.1	Pristigenys meyeri	Actinopteri	ITPR2	found_no_annotation	present_single_locus	R1	one locus at coverage 1.00 >= 0.7	1	32736534	1	1	1	0	0	0	not_asked		0	0	the aligner placed this gene; synteny was not asked to
GCA_056506795.1	Pristigenys meyeri	Actinopteri	ITPR3	found_no_annotation	present_single_locus	R1	one locus at coverage 1.00 >= 0.7	1	32736534	1	1	1	0	0	0	not_asked		0	0	the aligner placed this gene; synteny was not asked to
GCF_057381845.1	Rhamphochromis longiceps	Actinopteri	ITPR1	found_annotated	present_single_locus	R1	one locus at coverage 1.00 >= 0.7	1	31399844	1	1	1	0	0	0	not_asked		0	0	the aligner placed this gene; synteny was not asked to
GCF_057381845.1	Rhamphochromis longiceps	Actinopteri	ITPR2	found_annotated	present_single_locus	R1	one locus at coverage 1.00 >= 0.7	1	31399844	1	1	1	0	0	0	not_asked		0	0	the aligner placed this gene; synteny was not asked to
GCF_057381845.1	Rhamphochromis longiceps	Actinopteri	ITPR3	found_annotated	present_single_locus	R1	one locus at coverage 1.00 >= 0.7	1	31399844	1	1	1	0	0	0	not_asked		0	0	the aligner placed this gene; synteny was not asked to
GCF_965601325.1	Salmo salar	Actinopteri	ITPR1	found_annotated	present_single_locus	R1	one locus at coverage 1.00 >= 0.7	1	90035114	1	1	5	0	0	0	not_asked		0	0	the aligner placed this gene; synteny was not asked to
GCF_965601325.1	Salmo salar	Actinopteri	ITPR2	found_annotated	present_single_locus	R1	one locus at coverage 1.00 >= 0.7	1	90035114	1	1	5	0	0	0	not_asked		0	0	the aligner placed this gene; synteny was not asked to
GCF_965601325.1	Salmo salar	Actinopteri	ITPR3	found_annotated	present_single_locus	R1	one locus at coverage 1.00 >= 0.7	1	90035114	1	1	5	0	0	0	not_asked		0	0	the aligner placed this gene; synteny was not asked to
GCF_027409825.1	Scomber japonicus	Actinopteri	ITPR1	found_annotated	present_single_locus	R1	one locus at coverage 1.00 >= 0.7	1	4898551	1	1	2	0	0	0	not_asked		0	0	the aligner placed this gene; synteny was not asked to
GCF_027409825.1	Scomber japonicus	Actinopteri	ITPR2	found_annotated	present_single_locus	R1	one locus at coverage 1.00 >= 0.7	1	4898551	1	1	2	0	0	0	not_asked		0	0	the aligner placed this gene; synteny was not asked to
GCF_027409825.1	Scomber japonicus	Actinopteri	ITPR3	found_annotated	present_single_locus	R1	one locus at coverage 0.73 >= 0.7	0.7251	4898551	1	1	2	0	0	0	not_asked		0	0	the aligner placed this gene; synteny was not asked to
GCF_900880675.2	Sparus aurata	Actinopteri	ITPR1	found_annotated	present_single_locus	R1	one locus at coverage 1.00 >= 0.7	1	2862625	1	1	1	0	0	0	not_asked		0	0	the aligner placed this gene; synteny was not asked to
GCF_900880675.2	Sparus aurata	Actinopteri	ITPR2	found_annotated	present_single_locus	R1	one locus at coverage 1.00 >= 0.7	1	2862625	1	1	1	0	0	0	not_asked		0	0	the aligner placed this gene; synteny was not asked to
GCF_900880675.2	Sparus aurata	Actinopteri	ITPR3	found_annotated	present_single_locus	R1	one locus at coverage 1.00 >= 0.7	1	2862625	1	1	1	0	0	0	not_asked		0	0	the aligner placed this gene; synteny was not asked to
GCF_902148855.1	Sphaeramia orbicularis	Actinopteri	ITPR1	found_annotated	present_single_locus	R1	one locus at coverage 1.00 >= 0.7	1	2360121	1	1	1	0	0	0	not_asked		0	0	the aligner placed this gene; synteny was not asked to
GCF_902148855.1	Sphaeramia orbicularis	Actinopteri	ITPR2	found_annotated	present_single_locus	R1	one locus at coverage 1.00 >= 0.7	1	2360121	1	1	1	0	0	0	not_asked		0	0	the aligner placed this gene; synteny was not asked to
GCF_902148855.1	Sphaeramia orbicularis	Actinopteri	ITPR3	found_annotated	present_single_locus	R1	one locus at coverage 1.00 >= 0.7	1	2360121	1	1	1	0	0	0	not_asked		0	0	the aligner placed this gene; synteny was not asked to
GCA_056824565.1	Stylephorus chordatus	Actinopteri	ITPR1	found_no_annotation	present_single_locus	R1	one locus at coverage 1.00 >= 0.7	1	850304	1	1	1	0	0	0	not_asked		0	0	the aligner placed this gene; synteny was not asked to
GCA_056824565.1	Stylephorus chordatus	Actinopteri	ITPR2	found_no_annotation	present_single_locus	R1	one locus at coverage 1.00 >= 0.7	1	850304	1	1	1	0	0	0	not_asked		0	0	the aligner placed this gene; synteny was not asked to
GCA_056824565.1	Stylephorus chordatus	Actinopteri	ITPR3	found_no_annotation	present_single_locus	R1	one locus at coverage 1.00 >= 0.7	1	850304	1	1	1	0	0	0	not_asked		0	0	the aligner placed this gene; synteny was not asked to
GCF_901000725.3	Takifugu rubripes	Actinopteri	ITPR1	found_annotated	present_single_locus	R1	one locus at coverage 1.00 >= 0.7	1	3136617	1	1	1	0	0	0	not_asked		0	0	the aligner placed this gene; synteny was not asked to
GCF_901000725.3	Takifugu rubripes	Actinopteri	ITPR2	found_annotated	present_single_locus	R1	one locus at coverage 1.00 >= 0.7	1	3136617	1	1	1	0	0	0	not_asked		0	0	the aligner placed this gene; synteny was not asked to
GCF_901000725.3	Takifugu rubripes	Actinopteri	ITPR3	found_annotated	present_single_locus	R1	one locus at coverage 1.00 >= 0.7	1	3136617	1	1	1	0	0	0	not_asked		0	0	the aligner placed this gene; synteny was not asked to
GCF_933228915.1	Telmatherina bonti	Actinopteri	ITPR1	found_annotated	present_single_locus	R1	one locus at coverage 1.00 >= 0.7	1	1254875	1	1	1	0	0	0	not_asked		0	0	the aligner placed this gene; synteny was not asked to
GCF_933228915.1	Telmatherina bonti	Actinopteri	ITPR2	found_annotated	present_single_locus	R1	one locus at coverage 1.00 >= 0.7	1	1254875	1	1	1	0	0	0	not_asked		0	0	the aligner placed this gene; synteny was not asked to
GCF_933228915.1	Telmatherina bonti	Actinopteri	ITPR3	found_annotated	present_single_locus	R1	one locus at coverage 1.00 >= 0.7	1	1254875	1	1	1	0	0	0	not_asked		0	0	the aligner placed this gene; synteny was not asked to
GCF_902500255.1	Thalassophryne amazonica	Actinopteri	ITPR1	found_annotated	present_single_locus	R1	one locus at coverage 1.00 >= 0.7	1	2329598	1	1	1	0	0	0	not_asked		0	0	the aligner placed this gene; synteny was not asked to
GCF_902500255.1	Thalassophryne amazonica	Actinopteri	ITPR2	found_annotated	present_single_locus	R1	one locus at coverage 1.00 >= 0.7	1	2329598	1	1	1	0	0	0	not_asked		0	0	the aligner placed this gene; synteny was not asked to
GCF_902500255.1	Thalassophryne amazonica	Actinopteri	ITPR3	found_annotated	present_single_locus	R1	one locus at coverage 1.00 >= 0.7	1	2329598	1	1	1	0	0	0	not_asked		0	0	the aligner placed this gene; synteny was not asked to
GCF_045865225.1	Trachurus japonicus	Actinopteri	ITPR1	found_annotated	present_single_locus	R1	one locus at coverage 1.00 >= 0.7	1	1015092	1	1	1	0	0	0	not_asked		0	0	the aligner placed this gene; synteny was not asked to
GCF_045865225.1	Trachurus japonicus	Actinopteri	ITPR2	found_annotated	present_single_locus	R1	one locus at coverage 1.00 >= 0.7	1	1015092	1	1	1	0	0	0	not_asked		0	0	the aligner placed this gene; synteny was not asked to
GCF_045865225.1	Trachurus japonicus	Actinopteri	ITPR3	found_annotated	present_single_locus	R1	one locus at coverage 1.00 >= 0.7	1	1015092	1	1	1	0	0	0	not_asked		0	0	the aligner placed this gene; synteny was not asked to
GCA_040091335.1	Xenoophorus captivus	Actinopteri	ITPR1	assembly_gap	present_truncated	R2	locus at coverage 0.34, truncated at a contig edge or an N-run	0.3402	19941	0	1	7	0	0	0	not_asked		0	0	the aligner placed this gene; synteny was not asked to
GCA_040091335.1	Xenoophorus captivus	Actinopteri	ITPR2	assembly_gap	present_truncated	R2	locus at coverage 0.51, truncated at a contig edge or an N-run	0.5065	19941	0	1	7	0	0	0	not_asked		0	0	the aligner placed this gene; synteny was not asked to
GCA_040091335.1	Xenoophorus captivus	Actinopteri	ITPR3	assembly_gap	present_truncated	R2	locus at coverage 0.31, truncated at a contig edge or an N-run	0.306	19941	0	1	7	0	0	0	not_asked		0	0	the aligner placed this gene; synteny was not asked to
GCA_040091345.1	Xenotaenia resolanae	Actinopteri	ITPR1	assembly_gap	present_truncated	R2	locus at coverage 0.50, truncated at a contig edge or an N-run	0.4967	15690	0	1	3	0	0	0	not_asked		0	0	the aligner placed this gene; synteny was not asked to
GCA_040091345.1	Xenotaenia resolanae	Actinopteri	ITPR2	assembly_gap	present_truncated	R2	locus at coverage 0.37, truncated at a contig edge or an N-run	0.3688	15690	0	1	3	0	0	0	not_asked		0	0	the aligner placed this gene; synteny was not asked to
GCA_040091345.1	Xenotaenia resolanae	Actinopteri	ITPR3	assembly_gap	present_truncated	R2	locus at coverage 0.56, truncated at a contig edge or an N-run	0.5622	15690	0	1	3	0	0	0	not_asked		0	0	the aligner placed this gene; synteny was not asked to
GCF_016859285.1	Xiphias gladius	Actinopteri	ITPR1	found_annotated	present_single_locus	R1	one locus at coverage 1.00 >= 0.7	1	5252707	1	1	1	0	0	0	not_asked		0	0	the aligner placed this gene; synteny was not asked to
GCF_016859285.1	Xiphias gladius	Actinopteri	ITPR2	found_annotated	present_single_locus	R1	one locus at coverage 1.00 >= 0.7	1	5252707	1	1	1	0	0	0	not_asked		0	0	the aligner placed this gene; synteny was not asked to
GCF_016859285.1	Xiphias gladius	Actinopteri	ITPR3	found_annotated	present_single_locus	R1	one locus at coverage 1.00 >= 0.7	1	5252707	1	1	1	0	0	0	not_asked		0	0	the aligner placed this gene; synteny was not asked to
GCF_960531495.1	Zeus faber	Actinopteri	ITPR1	found_annotated	present_single_locus	R1	one locus at coverage 1.00 >= 0.7	1	1449431	1	1	1	0	0	0	not_asked		0	0	the aligner placed this gene; synteny was not asked to
GCF_960531495.1	Zeus faber	Actinopteri	ITPR2	found_annotated	present_single_locus	R1	one locus at coverage 1.00 >= 0.7	1	1449431	1	1	1	0	0	0	not_asked		0	0	the aligner placed this gene; synteny was not asked to
GCF_960531495.1	Zeus faber	Actinopteri	ITPR3	found_annotated	present_single_locus	R1	one locus at coverage 1.00 >= 0.7	1	1449431	1	1	1	0	0	0	not_asked		0	0	the aligner placed this gene; synteny was not asked to
GCF_042186555.1	Aquarana catesbeiana	Amphibia	ITPR1	assembly_gap	present_truncated	R2	locus at coverage 0.55, truncated at a contig edge or an N-run	0.545	3396515	1	1	1	0	0	0	not_asked		0	0	the aligner placed this gene; synteny was not asked to
GCF_042186555.1	Aquarana catesbeiana	Amphibia	ITPR2	found_annotated	present_single_locus	R1	one locus at coverage 1.00 >= 0.7	1	3396515	1	1	1	0	0	0	not_asked		0	0	the aligner placed this gene; synteny was not asked to
GCF_042186555.1	Aquarana catesbeiana	Amphibia	ITPR3	found_annotated	present_single_locus	R1	one locus at coverage 1.00 >= 0.7	1	3396515	1	1	1	0	0	0	not_asked		0	0	the aligner placed this gene; synteny was not asked to
GCF_027579735.1	Bombina bombina	Amphibia	ITPR1	found_annotated	present_single_locus	R1	one locus at coverage 1.00 >= 0.7	1	3759931	1	1	0	0	0	0	not_asked		0	0	the aligner placed this gene; synteny was not asked to
GCF_027579735.1	Bombina bombina	Amphibia	ITPR2	found_annotated	present_single_locus	R1	one locus at coverage 1.00 >= 0.7	1	3759931	1	1	0	0	0	0	not_asked		0	0	the aligner placed this gene; synteny was not asked to
GCF_027579735.1	Bombina bombina	Amphibia	ITPR3	found_annotated	present_single_locus	R1	one locus at coverage 1.00 >= 0.7	1	3759931	1	1	0	0	0	0	not_asked		0	0	the aligner placed this gene; synteny was not asked to
GCF_035609145.1	Eleutherodactylus coqui	Amphibia	ITPR1	found_annotated	present_single_locus	R1	one locus at coverage 1.00 >= 0.7	1	10388966	1	1	0	0	0	0	not_asked		0	0	the aligner placed this gene; synteny was not asked to
GCF_035609145.1	Eleutherodactylus coqui	Amphibia	ITPR2	found_annotated	present_single_locus	R1	one locus at coverage 0.88 >= 0.7	0.8828	10388966	1	1	0	0	0	0	not_asked		0	0	the aligner placed this gene; synteny was not asked to
GCF_035609145.1	Eleutherodactylus coqui	Amphibia	ITPR3	found_annotated	present_single_locus	R1	one locus at coverage 1.00 >= 0.7	1	10388966	1	1	0	0	0	0	not_asked		0	0	the aligner placed this gene; synteny was not asked to
GCA_019447015.1	Hymenochirus boettgeri	Amphibia	ITPR1	found_annotated	present_single_locus	R1	one locus at coverage 1.00 >= 0.7	1	783846	1	1	0	0	0	0	not_asked		0	0	the aligner placed this gene; synteny was not asked to
GCA_019447015.1	Hymenochirus boettgeri	Amphibia	ITPR2	found_annotated	present_single_locus	R1	one locus at coverage 1.00 >= 0.7	1	783846	1	1	0	0	0	0	not_asked		0	0	the aligner placed this gene; synteny was not asked to
GCA_019447015.1	Hymenochirus boettgeri	Amphibia	ITPR3	found_unannotated	present_single_locus	R1	one locus at coverage 1.00 >= 0.7	1	783846	1	1	0	0	0	0	not_asked		0	0	the aligner placed this gene; synteny was not asked to
GCF_964261635.1	Lissotriton helveticus	Amphibia	ITPR1	found_annotated	present_single_locus	R1	one locus at coverage 1.00 >= 0.7	1	7795245	1	1	0	0	0	0	not_asked		0	0	the aligner placed this gene; synteny was not asked to
GCF_964261635.1	Lissotriton helveticus	Amphibia	ITPR2	found_annotated	present_single_locus	R1	one locus at coverage 1.00 >= 0.7	1	7795245	1	1	0	0	0	0	not_asked		0	0	the aligner placed this gene; synteny was not asked to
GCF_964261635.1	Lissotriton helveticus	Amphibia	ITPR3	found_annotated	present_single_locus	R1	one locus at coverage 1.00 >= 0.7	1	7795245	1	1	0	0	0	0	not_asked		0	0	the aligner placed this gene; synteny was not asked to
GCF_901001135.2	Rhinatrema bivittatum	Amphibia	ITPR1	found_annotated	present_single_locus	R1	one locus at coverage 1.00 >= 0.7	1	3216284	1	1	0	0	0	0	not_asked		0	0	the aligner placed this gene; synteny was not asked to
GCF_901001135.2	Rhinatrema bivittatum	Amphibia	ITPR2	found_annotated	present_single_locus	R1	one locus at coverage 1.00 >= 0.7	1	3216284	1	1	0	0	0	0	not_asked		0	0	the aligner placed this gene; synteny was not asked to
GCF_901001135.2	Rhinatrema bivittatum	Amphibia	ITPR3	found_annotated	present_single_locus	R1	one locus at coverage 1.00 >= 0.7	0.9989	3216284	1	1	0	0	0	0	not_asked		0	0	the aligner placed this gene; synteny was not asked to
GCA_951230385.1	Staurois parvus	Amphibia	ITPR1	found_unannotated	present_single_locus	R1	one locus at coverage 0.96 >= 0.7	0.9606	611229	1	1	2	0	0	0	not_asked		0	0	the aligner placed this gene; synteny was not asked to
GCA_951230385.1	Staurois parvus	Amphibia	ITPR2	assembly_gap	present_truncated	R2	locus at coverage 0.49, truncated at a contig edge or an N-run	0.4935	611229	1	1	2	0	0	0	not_asked		0	0	the aligner placed this gene; synteny was not asked to
GCA_951230385.1	Staurois parvus	Amphibia	ITPR3	assembly_gap	present_truncated	R2	locus at coverage 0.70, truncated at a contig edge or an N-run	0.6955	611229	1	1	2	0	0	0	not_asked		0	0	the aligner placed this gene; synteny was not asked to
GCF_000004195.4	Xenopus tropicalis	Amphibia	ITPR1	found_annotated	present_single_locus	R1	one locus at coverage 1.00 >= 0.7	1	14634335	1	1	0	0	0	0	not_asked		0	0	the aligner placed this gene; synteny was not asked to
GCF_000004195.4	Xenopus tropicalis	Amphibia	ITPR2	found_annotated	present_single_locus	R1	one locus at coverage 1.00 >= 0.7	1	14634335	1	1	0	0	0	0	not_asked		0	0	the aligner placed this gene; synteny was not asked to
GCF_000004195.4	Xenopus tropicalis	Amphibia	ITPR3	found_annotated	present_single_locus	R1	one locus at coverage 1.00 >= 0.7	1	14634335	1	1	0	0	0	0	not_asked		0	0	the aligner placed this gene; synteny was not asked to
GCF_000695815.1	Acanthisitta chloris	Aves	ITPR1	found_annotated	present_single_locus	R1	one locus at coverage 0.99 >= 0.7	0.9946	20602	0	1	0	0	0	0	not_asked		0	0	the aligner placed this gene; synteny was not asked to
GCF_000695815.1	Acanthisitta chloris	Aves	ITPR2	fragment	present_partial	R3	locus at coverage 0.61 with no assembly excuse	0.6148	20602	0	1	0	0	0	0	not_asked		0	0	the aligner placed this gene; synteny was not asked to
GCF_000695815.1	Acanthisitta chloris	Aves	ITPR3	found_annotated	present_single_locus	R1	one locus at coverage 0.79 >= 0.7	0.7918	20602	0	1	0	0	0	0	not_asked		0	0	the aligner placed this gene; synteny was not asked to
GCA_058224745.1	Acrocephalus arundinaceus	Aves	ITPR1	found_no_annotation	present_single_locus	R1	one locus at coverage 1.00 >= 0.7	1	14738253	1	1	0	0	0	0	not_asked		0	0	the aligner placed this gene; synteny was not asked to
GCA_058224745.1	Acrocephalus arundinaceus	Aves	ITPR2	found_no_annotation	present_single_locus	R1	one locus at coverage 1.00 >= 0.7	1	14738253	1	1	0	0	0	0	not_asked		0	0	the aligner placed this gene; synteny was not asked to
GCA_058224745.1	Acrocephalus arundinaceus	Aves	ITPR3	found_no_annotation	present_single_locus	R1	one locus at coverage 1.00 >= 0.7	1	14738253	1	1	0	0	0	0	not_asked		0	0	the aligner placed this gene; synteny was not asked to
GCA_013398125.1	Aegotheles bennettii	Aves	ITPR1	found_unannotated	present_single_locus	R1	one locus at coverage 1.00 >= 0.7	1	65833	0	1	1	0	0	0	not_asked		0	0	the aligner placed this gene; synteny was not asked to
GCA_013398125.1	Aegotheles bennettii	Aves	ITPR2	assembly_gap	present_truncated	R2	locus at coverage 0.51, truncated at a contig edge or an N-run	0.5063	65833	0	1	1	0	0	0	not_asked		0	0	the aligner placed this gene; synteny was not asked to
GCA_013398125.1	Aegotheles bennettii	Aves	ITPR3	found_annotated	present_single_locus	R1	one locus at coverage 0.71 >= 0.7	0.708	65833	0	1	1	0	0	0	not_asked		0	0	the aligner placed this gene; synteny was not asked to
GCA_008658365.1	Alca torda	Aves	ITPR1	found_annotated	present_single_locus	R1	one locus at coverage 1.00 >= 0.7	1	18221265	1	1	0	0	0	0	not_asked		0	0	the aligner placed this gene; synteny was not asked to
GCA_008658365.1	Alca torda	Aves	ITPR2	found_annotated	present_single_locus	R1	one locus at coverage 1.00 >= 0.7	1	18221265	1	1	0	0	0	0	not_asked		0	0	the aligner placed this gene; synteny was not asked to
GCA_008658365.1	Alca torda	Aves	ITPR3	found_annotated	present_single_locus	R1	one locus at coverage 1.00 >= 0.7	1	18221265	1	1	0	0	0	0	not_asked		0	0	the aligner placed this gene; synteny was not asked to
GCA_013397815.1	Aleadryas rufinucha	Aves	ITPR1	found_unannotated	present_single_locus	R1	one locus at coverage 1.00 >= 0.7	1	90297	0	1	0	0	0	0	not_asked		0	0	the aligner placed this gene; synteny was not asked to
GCA_013397815.1	Aleadryas rufinucha	Aves	ITPR2	found_unannotated	present_single_locus	R1	one locus at coverage 1.00 >= 0.7	0.9956	90297	0	1	0	0	0	0	not_asked		0	0	the aligner placed this gene; synteny was not asked to
GCA_013397815.1	Aleadryas rufinucha	Aves	ITPR3	found_annotated	present_single_locus	R1	one locus at coverage 0.97 >= 0.7	0.9652	90297	0	1	0	0	0	0	not_asked		0	0	the aligner placed this gene; synteny was not asked to
GCF_047663525.1	Anas platyrhynchos	Aves	ITPR1	found_annotated	present_single_locus	R1	one locus at coverage 1.00 >= 0.7	1	80154792	1	1	0	0	0	0	not_asked		0	0	the aligner placed this gene; synteny was not asked to
GCF_047663525.1	Anas platyrhynchos	Aves	ITPR2	found_annotated	present_single_locus	R1	one locus at coverage 1.00 >= 0.7	1	80154792	1	1	0	0	0	0	not_asked		0	0	the aligner placed this gene; synteny was not asked to
GCF_047663525.1	Anas platyrhynchos	Aves	ITPR3	found_annotated	present_single_locus	R1	one locus at coverage 1.00 >= 0.7	1	80154792	1	1	0	0	0	0	not_asked		0	0	the aligner placed this gene; synteny was not asked to
GCA_006937325.1	Anomalopteryx didiformis	Aves	ITPR1	found_no_annotation	present_single_locus	R1	one locus at coverage 1.00 >= 0.7	1	824	0	1	0	0	0	0	not_asked		0	0	the aligner placed this gene; synteny was not asked to
GCA_006937325.1	Anomalopteryx didiformis	Aves	ITPR2	found_no_annotation	present_single_locus	R1	one locus at coverage 1.00 >= 0.7	1	824	0	1	0	0	0	0	not_asked		0	0	the aligner placed this gene; synteny was not asked to
GCA_006937325.1	Anomalopteryx didiformis	Aves	ITPR3	found_no_annotation	present_single_locus	R1	one locus at coverage 1.00 >= 0.7	1	824	0	1	0	0	0	0	not_asked		0	0	the aligner placed this gene; synteny was not asked to
GCA_013399455.1	Anthoscopus minutus	Aves	ITPR1	found_unannotated	present_single_locus	R1	one locus at coverage 1.00 >= 0.7	1	49651	0	1	1	0	0	0	not_asked		0	0	the aligner placed this gene; synteny was not asked to
GCA_013399455.1	Anthoscopus minutus	Aves	ITPR2	assembly_gap	present_truncated	R2	locus at coverage 0.59, truncated at a contig edge or an N-run	0.5941	49651	0	1	1	0	0	0	not_asked		0	0	the aligner placed this gene; synteny was not asked to
GCA_013399455.1	Anthoscopus minutus	Aves	ITPR3	assembly_gap	present_truncated	R2	locus at coverage 0.50, truncated at a contig edge or an N-run	0.5045	49651	0	1	1	0	0	0	not_asked		0	0	the aligner placed this gene; synteny was not asked to
GCF_000700745.2	Antrostomus carolinensis	Aves	ITPR1	found_annotated	present_single_locus	R1	one locus at coverage 0.99 >= 0.7	0.9917	22170	0	1	0	0	0	0	not_asked		0	0	the aligner placed this gene; synteny was not asked to
GCF_000700745.2	Antrostomus carolinensis	Aves	ITPR2	tblastn_trace	present_fragmented	R4	0.95 of the reference reassembled from 5 contigs outside every locus the aligner found, bar 0.137	0	22170	0	1	0	0.9519	1.117	5	no_neighbourhood		7	1	5 of 7 regions have no flanking gene at all; the best has 1 informative neighbours against the 4 the caller needs
GCF_000700745.2	Antrostomus carolinensis	Aves	ITPR3	found_annotated	present_single_locus	R1	one locus at coverage 1.00 >= 0.7	1	22170	0	1	0	0	0	0	not_asked		0	0	the aligner placed this gene; synteny was not asked to
GCF_000703405.1	Apaloderma vittatum	Aves	ITPR1	tblastn_trace	present_fragmented	R4	0.92 of the reference reassembled from 4 contigs outside every locus the aligner found, bar 0.137	0	28882	0	1	0	0.9205	1.014	4	no_neighbourhood		12	0	12 of 12 regions have no flanking gene at all; the best has 0 informative neighbours against the 4 the caller needs
GCF_000703405.1	Apaloderma vittatum	Aves	ITPR2	tblastn_trace	present_fragmented	R4	0.94 of the reference reassembled from 5 contigs outside every locus the aligner found, bar 0.137	0	28882	0	1	0	0.9396	1.0721	5	no_neighbourhood		12	0	12 of 12 regions have no flanking gene at all; the best has 0 informative neighbours against the 4 the caller needs
GCF_000703405.1	Apaloderma vittatum	Aves	ITPR3	found_annotated	present_single_locus	R1	one locus at coverage 0.98 >= 0.7	0.9801	28882	0	1	0	0	0	0	not_asked		0	0	the aligner placed this gene; synteny was not asked to
GCF_041296385.2	Aphelocoma coerulescens	Aves	ITPR1	found_annotated	present_single_locus	R1	one locus at coverage 1.00 >= 0.7	1	17285536	1	1	0	0	0	0	not_asked		0	0	the aligner placed this gene; synteny was not asked to
GCF_041296385.2	Aphelocoma coerulescens	Aves	ITPR2	found_annotated	present_single_locus	R1	one locus at coverage 1.00 >= 0.7	1	17285536	1	1	0	0	0	0	not_asked		0	0	the aligner placed this gene; synteny was not asked to
GCF_041296385.2	Aphelocoma coerulescens	Aves	ITPR3	found_annotated	present_single_locus	R1	one locus at coverage 1.00 >= 0.7	1	17285536	1	1	0	0	0	0	not_asked		0	0	the aligner placed this gene; synteny was not asked to
GCF_000699145.1	Aptenodytes forsteri	Aves	ITPR1	found_annotated	present_single_locus	R1	one locus at coverage 1.00 >= 0.7	1	31730	0	1	0	0	0	0	not_asked		0	0	the aligner placed this gene; synteny was not asked to
GCF_000699145.1	Aptenodytes forsteri	Aves	ITPR2	found_annotated	present_single_locus	R1	one locus at coverage 0.99 >= 0.7	0.9885	31730	0	1	0	0	0	0	not_asked		0	0	the aligner placed this gene; synteny was not asked to
GCF_000699145.1	Aptenodytes forsteri	Aves	ITPR3	found_annotated	present_single_locus	R1	one locus at coverage 0.99 >= 0.7	0.991	31730	0	1	0	0	0	0	not_asked		0	0	the aligner placed this gene; synteny was not asked to
GCF_965638725.1	Aptenodytes patagonicus	Aves	ITPR1	found_annotated	present_single_locus	R1	one locus at coverage 1.00 >= 0.7	1	10636000	1	1	0	0	0	0	not_asked		0	0	the aligner placed this gene; synteny was not asked to
GCF_965638725.1	Aptenodytes patagonicus	Aves	ITPR2	found_annotated	present_single_locus	R1	one locus at coverage 1.00 >= 0.7	1	10636000	1	1	0	0	0	0	not_asked		0	0	the aligner placed this gene; synteny was not asked to
GCF_965638725.1	Aptenodytes patagonicus	Aves	ITPR3	found_annotated	present_single_locus	R1	one locus at coverage 1.00 >= 0.7	1	10636000	1	1	0	0	0	0	not_asked		0	0	the aligner placed this gene; synteny was not asked to
GCF_036417845.1	Apteryx mantelli	Aves	ITPR1	found_annotated	present_single_locus	R1	one locus at coverage 1.00 >= 0.7	1	19797665	1	1	0	0	0	0	not_asked		0	0	the aligner placed this gene; synteny was not asked to
GCF_036417845.1	Apteryx mantelli	Aves	ITPR2	found_annotated	present_single_locus	R1	one locus at coverage 1.00 >= 0.7	1	19797665	1	1	0	0	0	0	not_asked		0	0	the aligner placed this gene; synteny was not asked to
GCF_036417845.1	Apteryx mantelli	Aves	ITPR3	found_annotated	present_single_locus	R1	one locus at coverage 1.00 >= 0.7	1	19797665	1	1	0	0	0	0	not_asked		0	0	the aligner placed this gene; synteny was not asked to
GCF_020740795.1	Apus apus	Aves	ITPR1	found_annotated	present_single_locus	R1	one locus at coverage 1.00 >= 0.7	1	25561769	1	1	0	0	0	0	not_asked		0	0	the aligner placed this gene; synteny was not asked to
GCF_020740795.1	Apus apus	Aves	ITPR2	found_annotated	present_single_locus	R1	one locus at coverage 1.00 >= 0.7	1	25561769	1	1	0	0	0	0	not_asked		0	0	the aligner placed this gene; synteny was not asked to
GCF_020740795.1	Apus apus	Aves	ITPR3	found_annotated	present_single_locus	R1	one locus at coverage 1.00 >= 0.7	1	25561769	1	1	0	0	0	0	not_asked		0	0	the aligner placed this gene; synteny was not asked to
GCA_013400195.1	Aramus guarauna	Aves	ITPR1	found_annotated	present_single_locus	R1	one locus at coverage 1.00 >= 0.7	1	62981	0	1	0	0	0	0	not_asked		0	0	the aligner placed this gene; synteny was not asked to
GCA_013400195.1	Aramus guarauna	Aves	ITPR2	found_unannotated	present_single_locus	R1	one locus at coverage 1.00 >= 0.7	1	62981	0	1	0	0	0	0	not_asked		0	0	the aligner placed this gene; synteny was not asked to
GCA_013400195.1	Aramus guarauna	Aves	ITPR3	found_annotated	present_single_locus	R1	one locus at coverage 1.00 >= 0.7	1	62981	0	1	0	0	0	0	not_asked		0	0	the aligner placed this gene; synteny was not asked to
GCA_013401215.1	Atlantisia rogersi	Aves	ITPR1	assembly_gap	present_truncated	R2	locus at coverage 0.64, truncated at a contig edge or an N-run	0.636	36139	0	1	3	0	0	0	not_asked		0	0	the aligner placed this gene; synteny was not asked to
GCA_013401215.1	Atlantisia rogersi	Aves	ITPR2	assembly_gap	present_truncated	R2	locus at coverage 0.29, truncated at a contig edge or an N-run	0.2878	36139	0	1	3	0	0	0	not_asked		0	0	the aligner placed this gene; synteny was not asked to
GCA_013401215.1	Atlantisia rogersi	Aves	ITPR3	assembly_gap	present_truncated	R2	locus at coverage 0.53, truncated at a contig edge or an N-run	0.5315	36139	0	1	3	0	0	0	not_asked		0	0	the aligner placed this gene; synteny was not asked to
GCA_013401315.1	Balaeniceps rex	Aves	ITPR1	found_unannotated	present_single_locus	R1	one locus at coverage 0.88 >= 0.7	0.8793	24547	0	1	0	0	0	0	not_asked		0	0	the aligner placed this gene; synteny was not asked to
GCA_013401315.1	Balaeniceps rex	Aves	ITPR2	assembly_gap	present_truncated	R2	locus at coverage 0.47, truncated at a contig edge or an N-run	0.4748	24547	0	1	0	0	0	0	not_asked		0	0	the aligner placed this gene; synteny was not asked to
GCA_013401315.1	Balaeniceps rex	Aves	ITPR3	found_annotated	present_single_locus	R1	one locus at coverage 0.91 >= 0.7	0.9125	24547	0	1	0	0	0	0	not_asked		0	0	the aligner placed this gene; synteny was not asked to
GCF_011004875.1	Balearica regulorum gibbericeps	Aves	ITPR1	found_annotated	present_single_locus	R1	one locus at coverage 1.00 >= 0.7	1	23326060	1	1	0	0	0	0	not_asked		0	0	the aligner placed this gene; synteny was not asked to
GCF_011004875.1	Balearica regulorum gibbericeps	Aves	ITPR2	found_annotated	present_single_locus	R1	one locus at coverage 1.00 >= 0.7	1	23326060	1	1	0	0	0	0	not_asked		0	0	the aligner placed this gene; synteny was not asked to
GCF_011004875.1	Balearica regulorum gibbericeps	Aves	ITPR3	found_annotated	present_single_locus	R1	one locus at coverage 1.00 >= 0.7	1	23326060	1	1	0	0	0	0	not_asked		0	0	the aligner placed this gene; synteny was not asked to
GCA_002909625.1	Bambusicola thoracicus	Aves	ITPR1	assembly_gap	present_truncated	R2	locus at coverage 0.35, truncated at a contig edge or an N-run	0.3516	10597	0	1	3	0	0	0	not_asked		0	0	the aligner placed this gene; synteny was not asked to
GCA_002909625.1	Bambusicola thoracicus	Aves	ITPR2	assembly_gap	present_truncated	R2	locus at coverage 0.21, truncated at a contig edge or an N-run	0.2111	10597	0	1	3	0	0	0	not_asked		0	0	the aligner placed this gene; synteny was not asked to
GCA_002909625.1	Bambusicola thoracicus	Aves	ITPR3	assembly_gap	present_truncated	R2	locus at coverage 0.63, truncated at a contig edge or an N-run	0.6295	10597	0	1	3	0	0	0	not_asked		0	0	the aligner placed this gene; synteny was not asked to
GCA_013396935.1	Baryphthengus martii	Aves	ITPR1	assembly_gap	present_truncated	R2	locus at coverage 0.67, truncated at a contig edge or an N-run	0.6715	70136	0	1	0	0	0	0	not_asked		0	0	the aligner placed this gene; synteny was not asked to
GCA_013396935.1	Baryphthengus martii	Aves	ITPR2	found_unannotated	present_single_locus	R1	one locus at coverage 0.99 >= 0.7	0.9885	70136	0	1	0	0	0	0	not_asked		0	0	the aligner placed this gene; synteny was not asked to
GCA_013396935.1	Baryphthengus martii	Aves	ITPR3	found_annotated	present_single_locus	R1	one locus at coverage 1.00 >= 0.7	1	70136	0	1	0	0	0	0	not_asked		0	0	the aligner placed this gene; synteny was not asked to
GCA_013398615.1	Brachypodius melanocephalos	Aves	ITPR1	found_unannotated	present_single_locus	R1	one locus at coverage 1.00 >= 0.7	1	85408	0	1	0	0	0	0	not_asked		0	0	the aligner placed this gene; synteny was not asked to
GCA_013398615.1	Brachypodius melanocephalos	Aves	ITPR2	found_unannotated	present_single_locus	R1	one locus at coverage 1.00 >= 0.7	1	85408	0	1	0	0	0	0	not_asked		0	0	the aligner placed this gene; synteny was not asked to
GCA_013398615.1	Brachypodius melanocephalos	Aves	ITPR3	found_annotated	present_single_locus	R1	one locus at coverage 1.00 >= 0.7	1	85408	0	1	0	0	0	0	not_asked		0	0	the aligner placed this gene; synteny was not asked to
GCA_013396975.1	Bucco capensis	Aves	ITPR1	found_unannotated	present_single_locus	R1	one locus at coverage 1.00 >= 0.7	1	66968	0	1	1	0	0	0	not_asked		0	0	the aligner placed this gene; synteny was not asked to
GCA_013396975.1	Bucco capensis	Aves	ITPR2	tblastn_trace	present_fragmented	R4	0.97 of the reference reassembled from 5 contigs outside every locus the aligner found, bar 0.137	0	66968	0	1	1	0.9693	1.1156	5	no_neighbourhood		9	2	8 of 9 regions have no flanking gene at all; the best has 2 informative neighbours against the 4 the caller needs
GCA_013396975.1	Bucco capensis	Aves	ITPR3	assembly_gap	present_truncated	R2	locus at coverage 0.69, truncated at a contig edge or an N-run	0.6854	66968	0	1	1	0	0	0	not_asked		0	0	the aligner placed this gene; synteny was not asked to
GCF_000710305.1	Buceros rhinoceros silvestris	Aves	ITPR1	tblastn_trace	present_fragmented	R4	0.92 of the reference reassembled from 6 contigs outside every locus the aligner found, bar 0.137	0	14587	0	1	0	0.9176	0.9906	6	no_neighbourhood		12	0	12 of 12 regions have no flanking gene at all; the best has 0 informative neighbours against the 4 the caller needs
GCF_000710305.1	Buceros rhinoceros silvestris	Aves	ITPR2	tblastn_trace	present_fragmented	R4	0.95 of the reference reassembled from 6 contigs outside every locus the aligner found, bar 0.137	0	14587	0	1	0	0.9544	1.1438	6	no_neighbourhood		12	0	12 of 12 regions have no flanking gene at all; the best has 0 informative neighbours against the 4 the caller needs
GCF_000710305.1	Buceros rhinoceros silvestris	Aves	ITPR3	found_annotated	present_single_locus	R1	one locus at coverage 0.99 >= 0.7	0.991	14587	0	1	0	0	0	0	not_asked		0	0	the aligner placed this gene; synteny was not asked to
GCA_009769605.1	Bucorvus abyssinicus	Aves	ITPR1	found_annotated	present_single_locus	R1	one locus at coverage 1.00 >= 0.7	1	12039478	1	1	0	0	0	0	not_asked		0	0	the aligner placed this gene; synteny was not asked to
GCA_009769605.1	Bucorvus abyssinicus	Aves	ITPR2	found_annotated	present_single_locus	R1	one locus at coverage 1.00 >= 0.7	1	12039478	1	1	0	0	0	0	not_asked		0	0	the aligner placed this gene; synteny was not asked to
GCA_009769605.1	Bucorvus abyssinicus	Aves	ITPR3	found_annotated	present_single_locus	R1	one locus at coverage 1.00 >= 0.7	1	12039478	1	1	0	0	0	0	not_asked		0	0	the aligner placed this gene; synteny was not asked to
GCA_013400855.1	Buphagus erythrorhynchus	Aves	ITPR1	tblastn_trace	present_fragmented	R4	0.24 of the reference reassembled from 9 contigs outside every locus the aligner found, bar 0.137	0	13219	0	1	1	0.2434	0.2692	9	no_neighbourhood		12	0	12 of 12 regions have no flanking gene at all; the best has 0 informative neighbours against the 4 the caller needs
GCA_013400855.1	Buphagus erythrorhynchus	Aves	ITPR2	assembly_gap	present_truncated	R2	locus at coverage 0.60, truncated at a contig edge or an N-run	0.5981	13219	0	1	1	0	0	0	not_asked		0	0	the aligner placed this gene; synteny was not asked to
GCA_013400855.1	Buphagus erythrorhynchus	Aves	ITPR3	tblastn_trace	present_fragmented	R4	0.49 of the reference reassembled from 11 contigs outside every locus the aligner found, bar 0.137	0	13219	0	1	1	0.4929	0.584	11	no_neighbourhood		12	0	12 of 12 regions have no flanking gene at all; the best has 0 informative neighbours against the 4 the caller needs
GCA_013398955.1	Callaeas wilsoni	Aves	ITPR1	assembly_gap	present_truncated	R2	locus at coverage 0.67, truncated at a contig edge or an N-run	0.6715	118426	0	1	1	0	0	0	not_asked		0	0	the aligner placed this gene; synteny was not asked to
GCA_013398955.1	Callaeas wilsoni	Aves	ITPR2	found_unannotated	present_single_locus	R1	one locus at coverage 1.00 >= 0.7	1	118426	0	1	1	0	0	0	not_asked		0	0	the aligner placed this gene; synteny was not asked to
GCA_013398955.1	Callaeas wilsoni	Aves	ITPR3	found_annotated	present_single_locus	R1	one locus at coverage 0.75 >= 0.7	0.7457	118426	0	1	1	0	0	0	not_asked		0	0	the aligner placed this gene; synteny was not asked to
GCF_036013445.1	Caloenas nicobarica	Aves	ITPR1	found_annotated	present_single_locus	R1	one locus at coverage 1.00 >= 0.7	1	25101800	1	1	0	0	0	0	not_asked		0	0	the aligner placed this gene; synteny was not asked to
GCF_036013445.1	Caloenas nicobarica	Aves	ITPR2	found_annotated	present_single_locus	R1	one locus at coverage 1.00 >= 0.7	1	25101800	1	1	0	0	0	0	not_asked		0	0	the aligner placed this gene; synteny was not asked to
GCF_036013445.1	Caloenas nicobarica	Aves	ITPR3	found_annotated	present_single_locus	R1	one locus at coverage 1.00 >= 0.7	1	25101800	1	1	0	0	0	0	not_asked		0	0	the aligner placed this gene; synteny was not asked to
GCF_964195595.1	Calonectris borealis	Aves	ITPR1	found_annotated	present_single_locus	R1	one locus at coverage 1.00 >= 0.7	1	4142416	1	1	0	0	0	0	not_asked		0	0	the aligner placed this gene; synteny was not asked to
GCF_964195595.1	Calonectris borealis	Aves	ITPR2	found_annotated	present_single_locus	R1	one locus at coverage 1.00 >= 0.7	1	4142416	1	1	0	0	0	0	not_asked		0	0	the aligner placed this gene; synteny was not asked to
GCF_964195595.1	Calonectris borealis	Aves	ITPR3	found_annotated	present_single_locus	R1	one locus at coverage 1.00 >= 0.7	1	4142416	1	1	0	0	0	0	not_asked		0	0	the aligner placed this gene; synteny was not asked to
GCF_003957555.1	Calypte anna	Aves	ITPR1	found_annotated	present_single_locus	R1	one locus at coverage 1.00 >= 0.7	1	14522327	1	1	0	0	0	0	not_asked		0	0	the aligner placed this gene; synteny was not asked to
GCF_003957555.1	Calypte anna	Aves	ITPR2	found_annotated	present_single_locus	R1	one locus at coverage 1.00 >= 0.7	1	14522327	1	1	0	0	0	0	not_asked		0	0	the aligner placed this gene; synteny was not asked to
GCF_003957555.1	Calypte anna	Aves	ITPR3	found_annotated	present_single_locus	R1	one locus at coverage 0.99 >= 0.7	0.9854	14522327	1	1	0	0	0	0	not_asked		0	0	the aligner placed this gene; synteny was not asked to
GCF_907165065.1	Caprimulgus europaeus	Aves	ITPR1	found_annotated	present_single_locus	R1	one locus at coverage 1.00 >= 0.7	1	30622946	1	1	0	0	0	0	not_asked		0	0	the aligner placed this gene; synteny was not asked to
GCF_907165065.1	Caprimulgus europaeus	Aves	ITPR2	found_annotated	present_single_locus	R1	one locus at coverage 1.00 >= 0.7	1	30622946	1	1	0	0	0	0	not_asked		0	0	the aligner placed this gene; synteny was not asked to
GCF_907165065.1	Caprimulgus europaeus	Aves	ITPR3	found_annotated	present_single_locus	R1	one locus at coverage 1.00 >= 0.7	1	30622946	1	1	0	0	0	0	not_asked		0	0	the aligner placed this gene; synteny was not asked to
GCF_000690535.1	Cariama cristata	Aves	ITPR1	found_annotated	present_single_locus	R1	one locus at coverage 1.00 >= 0.7	1	24645	0	1	0	0	0	0	not_asked		0	0	the aligner placed this gene; synteny was not asked to
GCF_000690535.1	Cariama cristata	Aves	ITPR2	tblastn_trace	present_fragmented	R4	0.94 of the reference reassembled from 3 contigs outside every locus the aligner found, bar 0.137	0	24645	0	1	0	0.9404	1.1093	3	no_neighbourhood		5	0	5 of 5 regions have no flanking gene at all; the best has 0 informative neighbours against the 4 the caller needs
GCF_000690535.1	Cariama cristata	Aves	ITPR3	found_annotated	present_single_locus	R1	one locus at coverage 0.98 >= 0.7	0.9801	24645	0	1	0	0	0	0	not_asked		0	0	the aligner placed this gene; synteny was not asked to
GCA_000699945.1	Cathartes aura	Aves	ITPR1	tblastn_trace	present_fragmented	R4	0.84 of the reference reassembled from 8 contigs outside every locus the aligner found, bar 0.137	0	15248	0	1	0	0.8374	0.9309	8	no_neighbourhood		12	0	12 of 12 regions have no flanking gene at all; the best has 0 informative neighbours against the 4 the caller needs
GCA_000699945.1	Cathartes aura	Aves	ITPR2	fragment	present_partial	R3	locus at coverage 0.38 with no assembly excuse	0.3752	15248	0	1	0	0	0	0	not_asked		0	0	the aligner placed this gene; synteny was not asked to
GCA_000699945.1	Cathartes aura	Aves	ITPR3	found_annotated	present_single_locus	R1	one locus at coverage 0.75 >= 0.7	0.7477	15248	0	1	0	0	0	0	not_asked		0	0	the aligner placed this gene; synteny was not asked to
GCA_013398975.1	Catharus fuscescens	Aves	ITPR1	assembly_gap	present_truncated	R2	locus at coverage 0.70, truncated at a contig edge or an N-run	0.6956	56061	0	1	1	0	0	0	not_asked		0	0	the aligner placed this gene; synteny was not asked to
GCA_013398975.1	Catharus fuscescens	Aves	ITPR2	found_unannotated	present_single_locus	R1	one locus at coverage 1.00 >= 0.7	1	56061	0	1	1	0	0	0	not_asked		0	0	the aligner placed this gene; synteny was not asked to
GCA_013398975.1	Catharus fuscescens	Aves	ITPR3	found_annotated	present_single_locus	R1	one locus at coverage 1.00 >= 0.7	1	56061	0	1	1	0	0	0	not_asked		0	0	the aligner placed this gene; synteny was not asked to
GCA_013400815.1	Centropus bengalensis	Aves	ITPR1	assembly_gap	present_truncated	R2	locus at coverage 0.50, truncated at a contig edge or an N-run	0.5002	34951	0	1	0	0	0	0	not_asked		0	0	the aligner placed this gene; synteny was not asked to
GCA_013400815.1	Centropus bengalensis	Aves	ITPR2	found_unannotated	present_single_locus	R1	one locus at coverage 1.00 >= 0.7	1	34951	0	1	0	0	0	0	not_asked		0	0	the aligner placed this gene; synteny was not asked to
GCA_013400815.1	Centropus bengalensis	Aves	ITPR3	found_annotated	present_single_locus	R1	one locus at coverage 0.97 >= 0.7	0.9655	34951	0	1	0	0	0	0	not_asked		0	0	the aligner placed this gene; synteny was not asked to
GCA_013398575.1	Certhia familiaris	Aves	ITPR1	found_annotated	present_single_locus	R1	one locus at coverage 0.82 >= 0.7	0.823	48850	0	1	0	0	0	0	not_asked		0	0	the aligner placed this gene; synteny was not asked to
GCA_013398575.1	Certhia familiaris	Aves	ITPR2	found_unannotated	present_single_locus	R1	one locus at coverage 0.78 >= 0.7	0.7848	48850	0	1	0	0	0	0	not_asked		0	0	the aligner placed this gene; synteny was not asked to
GCA_013398575.1	Certhia familiaris	Aves	ITPR3	found_annotated	present_single_locus	R1	one locus at coverage 1.00 >= 0.7	1	48850	0	1	0	0	0	0	not_asked		0	0	the aligner placed this gene; synteny was not asked to
GCA_013398935.1	Ceuthmochares aereus	Aves	ITPR1	found_unannotated	present_single_locus	R1	one locus at coverage 1.00 >= 0.7	1	29269	0	1	0	0	0	0	not_asked		0	0	the aligner placed this gene; synteny was not asked to
GCA_013398935.1	Ceuthmochares aereus	Aves	ITPR2	found_unannotated	present_single_locus	R1	one locus at coverage 1.00 >= 0.7	0.9963	29269	0	1	0	0	0	0	not_asked		0	0	the aligner placed this gene; synteny was not asked to
GCA_013398935.1	Ceuthmochares aereus	Aves	ITPR3	assembly_gap	present_truncated	R2	locus at coverage 0.47, truncated at a contig edge or an N-run	0.4749	29269	0	1	0	0	0	0	not_asked		0	0	the aligner placed this gene; synteny was not asked to
GCA_013401355.1	Ceyx cyanopectus	Aves	ITPR1	assembly_gap	present_truncated	R2	locus at coverage 0.20, truncated at a contig edge or an N-run	0.1979	14890	0	1	0	0	0	0	not_asked		0	0	the aligner placed this gene; synteny was not asked to
GCA_013401355.1	Ceyx cyanopectus	Aves	ITPR2	found_unannotated	present_single_locus	R1	one locus at coverage 0.78 >= 0.7	0.783	14890	0	1	0	0	0	0	not_asked		0	0	the aligner placed this gene; synteny was not asked to
GCA_013401355.1	Ceyx cyanopectus	Aves	ITPR3	tblastn_trace	present_fragmented	R4	0.66 of the reference reassembled from 10 contigs outside every locus the aligner found, bar 0.137	0	14890	0	1	0	0.6603	0.7446	10	no_neighbourhood		12	0	12 of 12 regions have no flanking gene at all; the best has 0 informative neighbours against the 4 the caller needs
GCF_000747805.2	Chaetura pelagica	Aves	ITPR1	found_annotated	present_single_locus	R1	one locus at coverage 1.00 >= 0.7	1	30767	0	1	0	0	0	0	not_asked		0	0	the aligner placed this gene; synteny was not asked to
GCF_000747805.2	Chaetura pelagica	Aves	ITPR2	found_annotated	present_single_locus	R1	one locus at coverage 0.78 >= 0.7	0.783	30767	0	1	0	0	0	0	not_asked		0	0	the aligner placed this gene; synteny was not asked to
GCF_000747805.2	Chaetura pelagica	Aves	ITPR3	found_annotated	present_single_locus	R1	one locus at coverage 0.99 >= 0.7	0.9906	30767	0	1	0	0	0	0	not_asked		0	0	the aligner placed this gene; synteny was not asked to
GCF_000708025.1	Charadrius vociferus	Aves	ITPR1	found_annotated	present_single_locus	R1	one locus at coverage 1.00 >= 0.7	1	39278	0	1	0	0	0	0	not_asked		0	0	the aligner placed this gene; synteny was not asked to
GCF_000708025.1	Charadrius vociferus	Aves	ITPR2	found_annotated	present_single_locus	R1	one locus at coverage 0.99 >= 0.7	0.9885	39278	0	1	0	0	0	0	not_asked		0	0	the aligner placed this gene; synteny was not asked to
GCF_000708025.1	Charadrius vociferus	Aves	ITPR3	found_annotated	present_single_locus	R1	one locus at coverage 0.99 >= 0.7	0.9861	39278	0	1	0	0	0	0	not_asked		0	0	the aligner placed this gene; synteny was not asked to
GCF_036417535.1	Chlamydotis macqueenii	Aves	ITPR1	found_annotated	present_single_locus	R1	one locus at coverage 1.00 >= 0.7	1	25335467	1	1	0	0	0	0	not_asked		0	0	the aligner placed this gene; synteny was not asked to
GCF_036417535.1	Chlamydotis macqueenii	Aves	ITPR2	found_annotated	present_single_locus	R1	one locus at coverage 1.00 >= 0.7	1	25335467	1	1	0	0	0	0	not_asked		0	0	the aligner placed this gene; synteny was not asked to
GCF_036417535.1	Chlamydotis macqueenii	Aves	ITPR3	found_annotated	present_single_locus	R1	one locus at coverage 1.00 >= 0.7	1	25335467	1	1	0	0	0	0	not_asked		0	0	the aligner placed this gene; synteny was not asked to
GCA_013399075.1	Chloroceryle aenea	Aves	ITPR1	found_annotated	present_single_locus	R1	one locus at coverage 0.99 >= 0.7	0.991	34835	0	1	0	0	0	0	not_asked		0	0	the aligner placed this gene; synteny was not asked to
GCA_013399075.1	Chloroceryle aenea	Aves	ITPR2	found_unannotated	present_single_locus	R1	one locus at coverage 0.77 >= 0.7	0.7715	34835	0	1	0	0	0	0	not_asked		0	0	the aligner placed this gene; synteny was not asked to
GCA_013399075.1	Chloroceryle aenea	Aves	ITPR3	found_annotated	present_single_locus	R1	one locus at coverage 0.99 >= 0.7	0.991	34835	0	1	0	0	0	0	not_asked		0	0	the aligner placed this gene; synteny was not asked to
GCA_013400585.1	Chloropsis cyanopogon	Aves	ITPR1	found_unannotated	present_single_locus	R1	one locus at coverage 1.00 >= 0.7	1	24720	0	1	0	0	0	0	not_asked		0	0	the aligner placed this gene; synteny was not asked to
GCA_013400585.1	Chloropsis cyanopogon	Aves	ITPR2	found_unannotated	present_single_locus	R1	one locus at coverage 0.99 >= 0.7	0.9885	24720	0	1	0	0	0	0	not_asked		0	0	the aligner placed this gene; synteny was not asked to
GCA_013400585.1	Chloropsis cyanopogon	Aves	ITPR3	found_annotated	present_single_locus	R1	one locus at coverage 1.00 >= 0.7	1	24720	0	1	0	0	0	0	not_asked		0	0	the aligner placed this gene; synteny was not asked to
GCA_013390065.1	Chloropsis hardwickii	Aves	ITPR1	found_unannotated	present_single_locus	R1	one locus at coverage 1.00 >= 0.7	1	39381	0	1	0	0	0	0	not_asked		0	0	the aligner placed this gene; synteny was not asked to
GCA_013390065.1	Chloropsis hardwickii	Aves	ITPR2	found_unannotated	present_single_locus	R1	one locus at coverage 1.00 >= 0.7	1	39381	0	1	0	0	0	0	not_asked		0	0	the aligner placed this gene; synteny was not asked to
GCA_013390065.1	Chloropsis hardwickii	Aves	ITPR3	found_annotated	present_single_locus	R1	one locus at coverage 0.93 >= 0.7	0.9337	39381	0	1	0	0	0	0	not_asked		0	0	the aligner placed this gene; synteny was not asked to
GCF_034638445.1	Ciconia boyciana	Aves	ITPR1	found_annotated	present_single_locus	R1	one locus at coverage 1.00 >= 0.7	1	35788150	1	1	0	0	0	0	not_asked		0	0	the aligner placed this gene; synteny was not asked to
GCF_034638445.1	Ciconia boyciana	Aves	ITPR2	found_annotated	present_single_locus	R1	one locus at coverage 1.00 >= 0.7	1	35788150	1	1	0	0	0	0	not_asked		0	0	the aligner placed this gene; synteny was not asked to
GCF_034638445.1	Ciconia boyciana	Aves	ITPR3	found_annotated	present_single_locus	R1	one locus at coverage 1.00 >= 0.7	1	35788150	1	1	0	0	0	0	not_asked		0	0	the aligner placed this gene; synteny was not asked to
GCA_035590135.1	Circaetus pectoralis	Aves	ITPR1	found_no_annotation	present_single_locus	R1	one locus at coverage 1.00 >= 0.7	1	43929	0	1	0	0	0	0	not_asked		0	0	the aligner placed this gene; synteny was not asked to
GCA_035590135.1	Circaetus pectoralis	Aves	ITPR2	found_no_annotation	present_single_locus	R1	one locus at coverage 0.99 >= 0.7	0.9885	43929	0	1	0	0	0	0	not_asked		0	0	the aligner placed this gene; synteny was not asked to
GCA_035590135.1	Circaetus pectoralis	Aves	ITPR3	found_no_annotation	present_single_locus	R1	one locus at coverage 1.00 >= 0.7	1	43929	0	1	0	0	0	0	not_asked		0	0	the aligner placed this gene; synteny was not asked to
GCA_013400215.1	Cisticola juncidis	Aves	ITPR1	found_unannotated	present_single_locus	R1	one locus at coverage 1.00 >= 0.7	1	74140	0	1	0	0	0	0	not_asked		0	0	the aligner placed this gene; synteny was not asked to
GCA_013400215.1	Cisticola juncidis	Aves	ITPR2	found_unannotated	present_single_locus	R1	one locus at coverage 0.99 >= 0.7	0.9885	74140	0	1	0	0	0	0	not_asked		0	0	the aligner placed this gene; synteny was not asked to
GCA_013400215.1	Cisticola juncidis	Aves	ITPR3	found_annotated	present_single_locus	R1	one locus at coverage 0.99 >= 0.7	0.9895	74140	0	1	0	0	0	0	not_asked		0	0	the aligner placed this gene; synteny was not asked to
GCA_013398175.1	Climacteris rufus	Aves	ITPR1	found_annotated	present_single_locus	R1	one locus at coverage 1.00 >= 0.7	1	72434	0	1	0	0	0	0	not_asked		0	0	the aligner placed this gene; synteny was not asked to
GCA_013398175.1	Climacteris rufus	Aves	ITPR2	found_unannotated	present_single_locus	R1	one locus at coverage 1.00 >= 0.7	1	72434	0	1	0	0	0	0	not_asked		0	0	the aligner placed this gene; synteny was not asked to
GCA_013398175.1	Climacteris rufus	Aves	ITPR3	found_annotated	present_single_locus	R1	one locus at coverage 1.00 >= 0.7	1	72434	0	1	0	0	0	0	not_asked		0	0	the aligner placed this gene; synteny was not asked to
GCF_028858725.1	Colius striatus	Aves	ITPR1	found_annotated	present_single_locus	R1	one locus at coverage 1.00 >= 0.7	1	21931325	1	1	0	0	0	0	not_asked		0	0	the aligner placed this gene; synteny was not asked to
GCF_028858725.1	Colius striatus	Aves	ITPR2	found_annotated	present_single_locus	R1	one locus at coverage 1.00 >= 0.7	1	21931325	1	1	0	0	0	0	not_asked		0	0	the aligner placed this gene; synteny was not asked to
GCF_028858725.1	Colius striatus	Aves	ITPR3	found_annotated	present_single_locus	R1	one locus at coverage 1.00 >= 0.7	1	21931325	1	1	0	0	0	0	not_asked		0	0	the aligner placed this gene; synteny was not asked to
GCA_013397635.1	Columbina picui	Aves	ITPR1	found_annotated	present_single_locus	R1	one locus at coverage 1.00 >= 0.7	1	24994	0	1	0	0	0	0	not_asked		0	0	the aligner placed this gene; synteny was not asked to
GCA_013397635.1	Columbina picui	Aves	ITPR2	found_unannotated	present_single_locus	R1	one locus at coverage 0.99 >= 0.7	0.9885	24994	0	1	0	0	0	0	not_asked		0	0	the aligner placed this gene; synteny was not asked to
GCA_013397635.1	Columbina picui	Aves	ITPR3	tblastn_trace	present_fragmented	R4	0.45 of the reference reassembled from 2 contigs outside every locus the aligner found, bar 0.137	0	24994	0	1	0	0.4547	0.567	2	no_neighbourhood		2	0	2 of 2 regions have no flanking gene at all; the best has 0 informative neighbours against the 4 the caller needs
GCA_054084135.1	Copsychus sechellarum	Aves	ITPR1	found_no_annotation	present_single_locus	R1	one locus at coverage 1.00 >= 0.7	1	12529446	1	1	0	0	0	0	not_asked		0	0	the aligner placed this gene; synteny was not asked to
GCA_054084135.1	Copsychus sechellarum	Aves	ITPR2	found_no_annotation	present_single_locus	R1	one locus at coverage 1.00 >= 0.7	1	12529446	1	1	0	0	0	0	not_asked		0	0	the aligner placed this gene; synteny was not asked to
GCA_054084135.1	Copsychus sechellarum	Aves	ITPR3	found_no_annotation	present_single_locus	R1	one locus at coverage 1.00 >= 0.7	1	12529446	1	1	0	0	0	0	not_asked		0	0	the aligner placed this gene; synteny was not asked to
GCF_000691975.1	Corvus brachyrhynchos	Aves	ITPR1	found_annotated	present_single_locus	R1	one locus at coverage 1.00 >= 0.7	1	29093	0	1	0	0	0	0	not_asked		0	0	the aligner placed this gene; synteny was not asked to
GCF_000691975.1	Corvus brachyrhynchos	Aves	ITPR2	found_annotated	present_single_locus	R1	one locus at coverage 0.99 >= 0.7	0.9885	29093	0	1	0	0	0	0	not_asked		0	0	the aligner placed this gene; synteny was not asked to
GCF_000691975.1	Corvus brachyrhynchos	Aves	ITPR3	found_annotated	present_single_locus	R1	one locus at coverage 1.00 >= 0.7	1	29093	0	1	0	0	0	0	not_asked		0	0	the aligner placed this gene; synteny was not asked to
GCA_013399495.1	Corythaixoides concolor	Aves	ITPR1	found_unannotated	present_single_locus	R1	one locus at coverage 0.97 >= 0.7	0.9712	52683	0	1	0	0	0	0	not_asked		0	0	the aligner placed this gene; synteny was not asked to
GCA_013399495.1	Corythaixoides concolor	Aves	ITPR2	found_unannotated	present_single_locus	R1	one locus at coverage 0.99 >= 0.7	0.9885	52683	0	1	0	0	0	0	not_asked		0	0	the aligner placed this gene; synteny was not asked to
GCA_013399495.1	Corythaixoides concolor	Aves	ITPR3	found_annotated	present_single_locus	R1	one locus at coverage 1.00 >= 0.7	1	52683	0	1	0	0	0	0	not_asked		0	0	the aligner placed this gene; synteny was not asked to
GCA_032275445.1	Crypturellus soui	Aves	ITPR1	found_no_annotation	present_single_locus	R1	one locus at coverage 1.00 >= 0.7	1	10551	0	1	0	0	0	0	not_asked		0	0	the aligner placed this gene; synteny was not asked to
GCA_032275445.1	Crypturellus soui	Aves	ITPR2	found_no_annotation	present_single_locus	R1	one locus at coverage 1.00 >= 0.7	1	10551	0	1	0	0	0	0	not_asked		0	0	the aligner placed this gene; synteny was not asked to
GCA_032275445.1	Crypturellus soui	Aves	ITPR3	found_no_annotation	present_single_locus	R1	one locus at coverage 1.00 >= 0.7	1	10551	0	1	0	0	0	0	not_asked		0	0	the aligner placed this gene; synteny was not asked to
GCA_013389825.1	Crypturellus undulatus	Aves	ITPR1	found_unannotated	present_single_locus	R1	one locus at coverage 1.00 >= 0.7	1	99502	0	1	0	0	0	0	not_asked		0	0	the aligner placed this gene; synteny was not asked to
GCA_013389825.1	Crypturellus undulatus	Aves	ITPR2	found_unannotated	present_single_locus	R1	one locus at coverage 1.00 >= 0.7	1	99502	0	1	0	0	0	0	not_asked		0	0	the aligner placed this gene; synteny was not asked to
GCA_013389825.1	Crypturellus undulatus	Aves	ITPR3	tblastn_trace	present_fragmented	R4	0.76 of the reference reassembled from 12 contigs outside every locus the aligner found, bar 0.137	0	99502	0	1	0	0.7581	0.9277	12	no_neighbourhood		12	0	12 of 12 regions have no flanking gene at all; the best has 0 informative neighbours against the 4 the caller needs
GCF_017976375.1	Cuculus canorus	Aves	ITPR1	found_annotated	present_single_locus	R1	one locus at coverage 1.00 >= 0.7	1	20797936	1	1	0	0	0	0	not_asked		0	0	the aligner placed this gene; synteny was not asked to
GCF_017976375.1	Cuculus canorus	Aves	ITPR2	found_annotated	present_single_locus	R1	one locus at coverage 1.00 >= 0.7	1	20797936	1	1	0	0	0	0	not_asked		0	0	the aligner placed this gene; synteny was not asked to
GCF_017976375.1	Cuculus canorus	Aves	ITPR3	found_annotated	present_single_locus	R1	one locus at coverage 1.00 >= 0.7	1	20797936	1	1	0	0	0	0	not_asked		0	0	the aligner placed this gene; synteny was not asked to
GCF_036370855.1	Dromaius novaehollandiae	Aves	ITPR1	found_annotated	present_single_locus	R1	one locus at coverage 1.00 >= 0.7	1	24239989	1	1	0	0	0	0	not_asked		0	0	the aligner placed this gene; synteny was not asked to
GCF_036370855.1	Dromaius novaehollandiae	Aves	ITPR2	found_annotated	present_single_locus	R1	one locus at coverage 1.00 >= 0.7	1	24239989	1	1	0	0	0	0	not_asked		0	0	the aligner placed this gene; synteny was not asked to
GCF_036370855.1	Dromaius novaehollandiae	Aves	ITPR3	found_annotated	present_single_locus	R1	one locus at coverage 1.00 >= 0.7	1	24239989	1	1	0	0	0	0	not_asked		0	0	the aligner placed this gene; synteny was not asked to
GCA_013400955.1	Drymodes brunneopygia	Aves	ITPR1	found_unannotated	present_single_locus	R1	one locus at coverage 0.71 >= 0.7	0.706	79910	0	1	0	0	0	0	not_asked		0	0	the aligner placed this gene; synteny was not asked to
GCA_013400955.1	Drymodes brunneopygia	Aves	ITPR2	assembly_gap	present_truncated	R2	locus at coverage 0.63, truncated at a contig edge or an N-run	0.6263	79910	0	1	0	0	0	0	not_asked		0	0	the aligner placed this gene; synteny was not asked to
GCA_013400955.1	Drymodes brunneopygia	Aves	ITPR3	found_annotated	present_single_locus	R1	one locus at coverage 0.97 >= 0.7	0.9652	79910	0	1	0	0	0	0	not_asked		0	0	the aligner placed this gene; synteny was not asked to
GCF_014839835.1	Dryobates pubescens	Aves	ITPR1	found_annotated	present_single_locus	R1	one locus at coverage 1.00 >= 0.7	0.9971	19150283	1	1	0	0	0	0	not_asked		0	0	the aligner placed this gene; synteny was not asked to
GCF_014839835.1	Dryobates pubescens	Aves	ITPR2	found_annotated	present_single_locus	R1	one locus at coverage 1.00 >= 0.7	1	19150283	1	1	0	0	0	0	not_asked		0	0	the aligner placed this gene; synteny was not asked to
GCF_014839835.1	Dryobates pubescens	Aves	ITPR3	found_annotated	present_single_locus	R1	one locus at coverage 1.00 >= 0.7	1	19150283	1	1	0	0	0	0	not_asked		0	0	the aligner placed this gene; synteny was not asked to
GCA_013389985.1	Dryoscopus gambensis	Aves	ITPR1	found_unannotated	present_single_locus	R1	one locus at coverage 1.00 >= 0.7	1	29388	0	1	0	0	0	0	not_asked		0	0	the aligner placed this gene; synteny was not asked to
GCA_013389985.1	Dryoscopus gambensis	Aves	ITPR2	found_unannotated	present_single_locus	R1	one locus at coverage 0.76 >= 0.7	0.763	29388	0	1	0	0	0	0	not_asked		0	0	the aligner placed this gene; synteny was not asked to
GCA_013389985.1	Dryoscopus gambensis	Aves	ITPR3	found_annotated	present_single_locus	R1	one locus at coverage 1.00 >= 0.7	1	29388	0	1	0	0	0	0	not_asked		0	0	the aligner placed this gene; synteny was not asked to
GCF_000687185.1	Egretta garzetta	Aves	ITPR1	found_annotated	present_single_locus	R1	one locus at coverage 1.00 >= 0.7	1	29019	0	1	0	0	0	0	not_asked		0	0	the aligner placed this gene; synteny was not asked to
GCF_000687185.1	Egretta garzetta	Aves	ITPR2	found_annotated	present_single_locus	R1	one locus at coverage 0.99 >= 0.7	0.9885	29019	0	1	0	0	0	0	not_asked		0	0	the aligner placed this gene; synteny was not asked to
GCF_000687185.1	Egretta garzetta	Aves	ITPR3	found_annotated	present_single_locus	R1	one locus at coverage 1.00 >= 0.7	1	29019	0	1	0	0	0	0	not_asked		0	0	the aligner placed this gene; synteny was not asked to
GCA_013398795.1	Elachura formosa	Aves	ITPR1	found_unannotated	present_single_locus	R1	one locus at coverage 1.00 >= 0.7	1	43159	0	1	0	0	0	0	not_asked		0	0	the aligner placed this gene; synteny was not asked to
GCA_013398795.1	Elachura formosa	Aves	ITPR2	found_unannotated	present_single_locus	R1	one locus at coverage 1.00 >= 0.7	1	43159	0	1	0	0	0	0	not_asked		0	0	the aligner placed this gene; synteny was not asked to
GCA_013398795.1	Elachura formosa	Aves	ITPR3	tblastn_trace	present_fragmented	R4	0.82 of the reference reassembled from 2 contigs outside every locus the aligner found, bar 0.137	0	43159	0	1	0	0.8169	1.0056	2	no_call		2	5	every reachable region returned no_call
GCA_013398835.1	Emberiza fucata	Aves	ITPR1	assembly_gap	present_truncated	R2	locus at coverage 0.62, truncated at a contig edge or an N-run	0.6222	19687	0	1	0	0	0	0	not_asked		0	0	the aligner placed this gene; synteny was not asked to
GCA_013398835.1	Emberiza fucata	Aves	ITPR2	found_unannotated	present_single_locus	R1	one locus at coverage 1.00 >= 0.7	1	19687	0	1	0	0	0	0	not_asked		0	0	the aligner placed this gene; synteny was not asked to
GCA_013398835.1	Emberiza fucata	Aves	ITPR3	found_annotated	present_single_locus	R1	one locus at coverage 1.00 >= 0.7	1	19687	0	1	0	0	0	0	not_asked		0	0	the aligner placed this gene; synteny was not asked to
GCA_013400515.1	Erpornis zantholeuca	Aves	ITPR1	found_annotated	present_single_locus	R1	one locus at coverage 1.00 >= 0.7	1	45331	0	1	0	0	0	0	not_asked		0	0	the aligner placed this gene; synteny was not asked to
GCA_013400515.1	Erpornis zantholeuca	Aves	ITPR2	found_unannotated	present_single_locus	R1	one locus at coverage 0.99 >= 0.7	0.9885	45331	0	1	0	0	0	0	not_asked		0	0	the aligner placed this gene; synteny was not asked to
GCA_013400515.1	Erpornis zantholeuca	Aves	ITPR3	found_annotated	present_single_locus	R1	one locus at coverage 1.00 >= 0.7	1	45331	0	1	0	0	0	0	not_asked		0	0	the aligner placed this gene; synteny was not asked to
GCA_013396675.1	Eubucco bourcierii	Aves	ITPR1	found_annotated	present_single_locus	R1	one locus at coverage 1.00 >= 0.7	0.9971	26549	0	1	0	0	0	0	not_asked		0	0	the aligner placed this gene; synteny was not asked to
GCA_013396675.1	Eubucco bourcierii	Aves	ITPR2	assembly_gap	present_truncated	R2	locus at coverage 0.64, truncated at a contig edge or an N-run	0.6381	26549	0	1	0	0	0	0	not_asked		0	0	the aligner placed this gene; synteny was not asked to
GCA_013396675.1	Eubucco bourcierii	Aves	ITPR3	found_annotated	present_single_locus	R1	one locus at coverage 1.00 >= 0.7	1	26549	0	1	0	0	0	0	not_asked		0	0	the aligner placed this gene; synteny was not asked to
GCF_000690775.1	Eurypyga helias	Aves	ITPR1	found_annotated	present_single_locus	R1	one locus at coverage 1.00 >= 0.7	1	24402	0	1	0	0	0	0	not_asked		0	0	the aligner placed this gene; synteny was not asked to
GCF_000690775.1	Eurypyga helias	Aves	ITPR2	tblastn_trace	present_fragmented	R4	0.95 of the reference reassembled from 10 contigs outside every locus the aligner found, bar 0.137	0	24402	0	1	0	0.9519	1.0374	10	no_neighbourhood		11	0	11 of 11 regions have no flanking gene at all; the best has 0 informative neighbours against the 4 the caller needs
GCF_000690775.1	Eurypyga helias	Aves	ITPR3	found_annotated	present_single_locus	R1	one locus at coverage 0.99 >= 0.7	0.9906	24402	0	1	0	0	0	0	not_asked		0	0	the aligner placed this gene; synteny was not asked to
GCF_023634155.1	Falco peregrinus	Aves	ITPR1	found_annotated	present_single_locus	R1	one locus at coverage 1.00 >= 0.7	1	15744644	1	1	0	0	0	0	not_asked		0	0	the aligner placed this gene; synteny was not asked to
GCF_023634155.1	Falco peregrinus	Aves	ITPR2	found_annotated	present_single_locus	R1	one locus at coverage 1.00 >= 0.7	1	15744644	1	1	0	0	0	0	not_asked		0	0	the aligner placed this gene; synteny was not asked to
GCF_023634155.1	Falco peregrinus	Aves	ITPR3	found_annotated	present_single_locus	R1	one locus at coverage 1.00 >= 0.7	1	15744644	1	1	0	0	0	0	not_asked		0	0	the aligner placed this gene; synteny was not asked to
GCF_000690835.1	Fulmarus glacialis	Aves	ITPR1	assembly_gap	present_truncated	R2	locus at coverage 0.59, truncated at a contig edge or an N-run	0.5934	25926	0	1	1	0	0	0	not_asked		0	0	the aligner placed this gene; synteny was not asked to
GCF_000690835.1	Fulmarus glacialis	Aves	ITPR2	assembly_gap	present_truncated	R2	locus at coverage 0.34, truncated at a contig edge or an N-run	0.3381	25926	0	1	1	0	0	0	not_asked		0	0	the aligner placed this gene; synteny was not asked to
GCF_000690835.1	Fulmarus glacialis	Aves	ITPR3	found_annotated	present_single_locus	R1	one locus at coverage 0.86 >= 0.7	0.8574	25926	0	1	1	0	0	0	not_asked		0	0	the aligner placed this gene; synteny was not asked to
GCA_013397465.1	Furnarius figulus	Aves	ITPR1	found_annotated	present_single_locus	R1	one locus at coverage 1.00 >= 0.7	1	55547	0	1	0	0	0	0	not_asked		0	0	the aligner placed this gene; synteny was not asked to
GCA_013397465.1	Furnarius figulus	Aves	ITPR2	found_unannotated	present_single_locus	R1	one locus at coverage 1.00 >= 0.7	1	55547	0	1	0	0	0	0	not_asked		0	0	the aligner placed this gene; synteny was not asked to
GCA_013397465.1	Furnarius figulus	Aves	ITPR3	found_annotated	present_single_locus	R1	one locus at coverage 1.00 >= 0.7	1	55547	0	1	0	0	0	0	not_asked		0	0	the aligner placed this gene; synteny was not asked to
GCF_964237585.1	Gallinula chloropus	Aves	ITPR1	found_annotated	present_single_locus	R1	one locus at coverage 1.00 >= 0.7	1	3673000	1	1	0	0	0	0	not_asked		0	0	the aligner placed this gene; synteny was not asked to
GCF_964237585.1	Gallinula chloropus	Aves	ITPR2	found_annotated	present_single_locus	R1	one locus at coverage 1.00 >= 0.7	1	3673000	1	1	0	0	0	0	not_asked		0	0	the aligner placed this gene; synteny was not asked to
GCF_964237585.1	Gallinula chloropus	Aves	ITPR3	found_annotated	present_single_locus	R1	one locus at coverage 1.00 >= 0.7	1	3673000	1	1	0	0	0	0	not_asked		0	0	the aligner placed this gene; synteny was not asked to
GCF_016699485.2	Gallus gallus	Aves	ITPR1	found_annotated	present_single_locus	R1	one locus at coverage 1.00 >= 0.7	1	18834961	1	1	0	0	0	0	not_asked		0	0	the aligner placed this gene; synteny was not asked to
GCF_016699485.2	Gallus gallus	Aves	ITPR2	found_annotated	present_single_locus	R1	one locus at coverage 1.00 >= 0.7	1	18834961	1	1	0	0	0	0	not_asked		0	0	the aligner placed this gene; synteny was not asked to
GCF_016699485.2	Gallus gallus	Aves	ITPR3	found_annotated	present_single_locus	R1	one locus at coverage 1.00 >= 0.7	1	18834961	1	1	0	0	0	0	not_asked		0	0	the aligner placed this gene; synteny was not asked to
GCF_030936135.1	Gavia stellata	Aves	ITPR1	found_annotated	present_single_locus	R1	one locus at coverage 1.00 >= 0.7	1	13765203	1	1	0	0	0	0	not_asked		0	0	the aligner placed this gene; synteny was not asked to
GCF_030936135.1	Gavia stellata	Aves	ITPR2	found_annotated	present_single_locus	R1	one locus at coverage 1.00 >= 0.7	1	13765203	1	1	0	0	0	0	not_asked		0	0	the aligner placed this gene; synteny was not asked to
GCF_030936135.1	Gavia stellata	Aves	ITPR3	found_annotated	present_single_locus	R1	one locus at coverage 1.00 >= 0.7	1	13765203	1	1	0	0	0	0	not_asked		0	0	the aligner placed this gene; synteny was not asked to
GCA_013389885.1	Geococcyx californianus	Aves	ITPR1	found_unannotated	present_single_locus	R1	one locus at coverage 1.00 >= 0.7	1	47040	0	1	0	0	0	0	not_asked		0	0	the aligner placed this gene; synteny was not asked to
GCA_013389885.1	Geococcyx californianus	Aves	ITPR2	tblastn_trace	present_fragmented	R4	0.95 of the reference reassembled from 5 contigs outside every locus the aligner found, bar 0.137	0	47040	0	1	0	0.9537	1.1104	5	no_neighbourhood		12	1	11 of 12 regions have no flanking gene at all; the best has 1 informative neighbours against the 4 the caller needs
GCA_013389885.1	Geococcyx californianus	Aves	ITPR3	tblastn_trace	present_fragmented	R4	0.93 of the reference reassembled from 4 contigs outside every locus the aligner found, bar 0.137	0	47040	0	1	0	0.9251	1.1142	4	no_neighbourhood		12	1	11 of 12 regions have no flanking gene at all; the best has 1 informative neighbours against the 4 the caller needs
GCA_013401295.1	Glareola pratincola	Aves	ITPR1	found_unannotated	present_single_locus	R1	one locus at coverage 1.00 >= 0.7	1	39898	0	1	2	0	0	0	not_asked		0	0	the aligner placed this gene; synteny was not asked to
GCA_013401295.1	Glareola pratincola	Aves	ITPR2	found_unannotated	present_single_locus	R1	one locus at coverage 0.74 >= 0.7	0.7444	39898	0	1	2	0	0	0	not_asked		0	0	the aligner placed this gene; synteny was not asked to
GCA_013401295.1	Glareola pratincola	Aves	ITPR3	assembly_gap	present_truncated	R2	locus at coverage 0.61, truncated at a contig edge or an N-run	0.6107	39898	0	1	2	0	0	0	not_asked		0	0	the aligner placed this gene; synteny was not asked to
GCA_013397955.1	Grantiella picta	Aves	ITPR1	found_unannotated	present_single_locus	R1	one locus at coverage 1.00 >= 0.7	1	100624	0	1	0	0	0	0	not_asked		0	0	the aligner placed this gene; synteny was not asked to
GCA_013397955.1	Grantiella picta	Aves	ITPR2	found_unannotated	present_single_locus	R1	one locus at coverage 1.00 >= 0.7	1	100624	0	1	0	0	0	0	not_asked		0	0	the aligner placed this gene; synteny was not asked to
GCA_013397955.1	Grantiella picta	Aves	ITPR3	found_annotated	present_single_locus	R1	one locus at coverage 1.00 >= 0.7	1	100624	0	1	0	0	0	0	not_asked		0	0	the aligner placed this gene; synteny was not asked to
GCF_018139145.2	Gymnogyps californianus	Aves	ITPR1	found_annotated	present_single_locus	R1	one locus at coverage 1.00 >= 0.7	1	17075888	1	1	0	0	0	0	not_asked		0	0	the aligner placed this gene; synteny was not asked to
GCF_018139145.2	Gymnogyps californianus	Aves	ITPR2	found_annotated	present_single_locus	R1	one locus at coverage 1.00 >= 0.7	1	17075888	1	1	0	0	0	0	not_asked		0	0	the aligner placed this gene; synteny was not asked to
GCF_018139145.2	Gymnogyps californianus	Aves	ITPR3	found_annotated	present_single_locus	R1	one locus at coverage 1.00 >= 0.7	1	17075888	1	1	0	0	0	0	not_asked		0	0	the aligner placed this gene; synteny was not asked to
GCF_947461875.1	Haliaeetus albicilla	Aves	ITPR1	found_annotated	present_single_locus	R1	one locus at coverage 1.00 >= 0.7	1	4576000	1	1	0	0	0	0	not_asked		0	0	the aligner placed this gene; synteny was not asked to
GCF_947461875.1	Haliaeetus albicilla	Aves	ITPR2	found_annotated	present_single_locus	R1	one locus at coverage 1.00 >= 0.7	1	4576000	1	1	0	0	0	0	not_asked		0	0	the aligner placed this gene; synteny was not asked to
GCF_947461875.1	Haliaeetus albicilla	Aves	ITPR3	found_annotated	present_single_locus	R1	one locus at coverage 1.00 >= 0.7	1	4576000	1	1	0	0	0	0	not_asked		0	0	the aligner placed this gene; synteny was not asked to
GCA_020745705.1	Hemiprocne comata	Aves	ITPR1	found_no_annotation	present_single_locus	R1	one locus at coverage 1.00 >= 0.7	1	20531774	1	1	0	0	0	0	not_asked		0	0	the aligner placed this gene; synteny was not asked to
GCA_020745705.1	Hemiprocne comata	Aves	ITPR2	found_no_annotation	present_single_locus	R1	one locus at coverage 1.00 >= 0.7	1	20531774	1	1	0	0	0	0	not_asked		0	0	the aligner placed this gene; synteny was not asked to
GCA_020745705.1	Hemiprocne comata	Aves	ITPR3	found_no_annotation	present_single_locus	R1	one locus at coverage 1.00 >= 0.7	1	20531774	1	1	0	0	0	0	not_asked		0	0	the aligner placed this gene; synteny was not asked to
GCA_013400075.1	Hippolais icterina	Aves	ITPR1	assembly_gap	present_truncated	R2	locus at coverage 0.52, truncated at a contig edge or an N-run	0.5185	64762	0	1	0	0	0	0	not_asked		0	0	the aligner placed this gene; synteny was not asked to
GCA_013400075.1	Hippolais icterina	Aves	ITPR2	found_unannotated	present_single_locus	R1	one locus at coverage 0.99 >= 0.7	0.9885	64762	0	1	0	0	0	0	not_asked		0	0	the aligner placed this gene; synteny was not asked to
GCA_013400075.1	Hippolais icterina	Aves	ITPR3	found_annotated	present_single_locus	R1	one locus at coverage 1.00 >= 0.7	1	64762	0	1	0	0	0	0	not_asked		0	0	the aligner placed this gene; synteny was not asked to
GCA_013401035.1	Horornis vulcanius	Aves	ITPR1	tblastn_trace	present_fragmented	R4	0.26 of the reference reassembled from 7 contigs outside every locus the aligner found, bar 0.137	0	3129	0	1	4	0.2565	0.2717	7	no_neighbourhood		12	0	12 of 12 regions have no flanking gene at all; the best has 0 informative neighbours against the 4 the caller needs
GCA_013401035.1	Horornis vulcanius	Aves	ITPR2	assembly_gap	present_truncated	R2	locus at coverage 0.18, truncated at a contig edge or an N-run	0.1804	3129	0	1	4	0	0	0	not_asked		0	0	the aligner placed this gene; synteny was not asked to
GCA_013401035.1	Horornis vulcanius	Aves	ITPR3	assembly_gap	present_truncated	R2	locus at coverage 0.20, truncated at a contig edge or an N-run	0.2019	3129	0	1	4	0	0	0	not_asked		0	0	the aligner placed this gene; synteny was not asked to
GCA_013400635.1	Hypocryptadius cinnamomeus	Aves	ITPR1	tblastn_trace	present_fragmented	R4	0.84 of the reference reassembled from 9 contigs outside every locus the aligner found, bar 0.137	0	23460	0	1	0	0.8359	0.9252	9	no_neighbourhood		12	2	11 of 12 regions have no flanking gene at all; the best has 2 informative neighbours against the 4 the caller needs
GCA_013400635.1	Hypocryptadius cinnamomeus	Aves	ITPR2	tblastn_trace	present_fragmented	R4	0.74 of the reference reassembled from 5 contigs outside every locus the aligner found, bar 0.137	0	23460	0	1	0	0.7419	0.8459	5	no_neighbourhood		12	2	11 of 12 regions have no flanking gene at all; the best has 2 informative neighbours against the 4 the caller needs
GCA_013400635.1	Hypocryptadius cinnamomeus	Aves	ITPR3	found_annotated	present_single_locus	R1	one locus at coverage 1.00 >= 0.7	1	23460	0	1	0	0	0	0	not_asked		0	0	the aligner placed this gene; synteny was not asked to
GCA_015883425.2	Lamprotornis superbus	Aves	ITPR1	found_annotated	present_single_locus	R1	one locus at coverage 1.00 >= 0.7	1	150307	1	1	0	0	0	0	not_asked		0	0	the aligner placed this gene; synteny was not asked to
GCA_015883425.2	Lamprotornis superbus	Aves	ITPR2	found_annotated	present_single_locus	R1	one locus at coverage 1.00 >= 0.7	1	150307	1	1	0	0	0	0	not_asked		0	0	the aligner placed this gene; synteny was not asked to
GCA_015883425.2	Lamprotornis superbus	Aves	ITPR3	found_annotated	present_single_locus	R1	one locus at coverage 1.00 >= 0.7	1	150307	1	1	0	0	0	0	not_asked		0	0	the aligner placed this gene; synteny was not asked to
GCF_964417175.1	Larus argentatus	Aves	ITPR1	found_annotated	present_single_locus	R1	one locus at coverage 1.00 >= 0.7	1	3525167	1	1	0	0	0	0	not_asked		0	0	the aligner placed this gene; synteny was not asked to
GCF_964417175.1	Larus argentatus	Aves	ITPR2	found_annotated	present_single_locus	R1	one locus at coverage 1.00 >= 0.7	1	3525167	1	1	0	0	0	0	not_asked		0	0	the aligner placed this gene; synteny was not asked to
GCF_964417175.1	Larus argentatus	Aves	ITPR3	found_annotated	present_single_locus	R1	one locus at coverage 1.00 >= 0.7	1	3525167	1	1	0	0	0	0	not_asked		0	0	the aligner placed this gene; synteny was not asked to
GCF_037157495.1	Lathamus discolor	Aves	ITPR1	found_annotated	present_single_locus	R1	one locus at coverage 1.00 >= 0.7	1	19972387	1	1	0	0	0	0	not_asked		0	0	the aligner placed this gene; synteny was not asked to
GCF_037157495.1	Lathamus discolor	Aves	ITPR2	found_annotated	present_single_locus	R1	one locus at coverage 1.00 >= 0.7	1	19972387	1	1	0	0	0	0	not_asked		0	0	the aligner placed this gene; synteny was not asked to
GCF_037157495.1	Lathamus discolor	Aves	ITPR3	found_annotated	present_single_locus	R1	one locus at coverage 1.00 >= 0.7	1	19972387	1	1	0	0	0	0	not_asked		0	0	the aligner placed this gene; synteny was not asked to
GCA_013400445.1	Leiothrix lutea	Aves	ITPR1	tblastn_trace	present_fragmented	R4	0.73 of the reference reassembled from 5 contigs outside every locus the aligner found, bar 0.137	0	27764	0	1	0	0.7262	0.7913	5	no_neighbourhood		6	2	4 of 6 regions have no flanking gene at all; the best has 2 informative neighbours against the 4 the caller needs
GCA_013400445.1	Leiothrix lutea	Aves	ITPR2	found_unannotated	present_single_locus	R1	one locus at coverage 1.00 >= 0.7	1	27764	0	1	0	0	0	0	not_asked		0	0	the aligner placed this gene; synteny was not asked to
GCA_013400445.1	Leiothrix lutea	Aves	ITPR3	found_annotated	present_single_locus	R1	one locus at coverage 1.00 >= 0.7	1	27764	0	1	0	0	0	0	not_asked		0	0	the aligner placed this gene; synteny was not asked to
GCF_034619465.1	Leptosomus discolor	Aves	ITPR1	found_annotated	present_single_locus	R1	one locus at coverage 1.00 >= 0.7	1	8826436	1	1	0	0	0	0	not_asked		0	0	the aligner placed this gene; synteny was not asked to
GCF_034619465.1	Leptosomus discolor	Aves	ITPR2	found_annotated	present_single_locus	R1	one locus at coverage 1.00 >= 0.7	1	8826436	1	1	0	0	0	0	not_asked		0	0	the aligner placed this gene; synteny was not asked to
GCF_034619465.1	Leptosomus discolor	Aves	ITPR3	found_annotated	present_single_locus	R1	one locus at coverage 1.00 >= 0.7	1	8826436	1	1	0	0	0	0	not_asked		0	0	the aligner placed this gene; synteny was not asked to
GCA_014363365.1	Leucopsar rothschildi	Aves	ITPR1	assembly_gap	present_truncated	R2	locus at coverage 0.50, truncated at a contig edge or an N-run	0.4959	104200	0	1	6	0	0	0	not_asked		0	0	the aligner placed this gene; synteny was not asked to
GCA_014363365.1	Leucopsar rothschildi	Aves	ITPR2	assembly_gap	present_truncated	R2	locus at coverage 0.54, truncated at a contig edge or an N-run	0.5363	104200	0	1	6	0	0	0	not_asked		0	0	the aligner placed this gene; synteny was not asked to
GCA_014363365.1	Leucopsar rothschildi	Aves	ITPR3	assembly_gap	present_truncated	R2	locus at coverage 0.41, truncated at a contig edge or an N-run	0.4052	104200	0	1	6	0	0	0	not_asked		0	0	the aligner placed this gene; synteny was not asked to
GCA_002844005.1	Limosa lapponica baueri	Aves	ITPR1	tblastn_trace	present_fragmented	R4	0.49 of the reference reassembled from 6 contigs outside every locus the aligner found, bar 0.137	0	21257	0	1	0	0.4905	0.5171	6	no_neighbourhood		12	0	12 of 12 regions have no flanking gene at all; the best has 0 informative neighbours against the 4 the caller needs
GCA_002844005.1	Limosa lapponica baueri	Aves	ITPR2	tblastn_trace	present_fragmented	R4	0.72 of the reference reassembled from 5 contigs outside every locus the aligner found, bar 0.137	0	21257	0	1	0	0.7189	0.8011	5	no_neighbourhood		12	0	12 of 12 regions have no flanking gene at all; the best has 0 informative neighbours against the 4 the caller needs
GCA_002844005.1	Limosa lapponica baueri	Aves	ITPR3	found_annotated	present_single_locus	R1	one locus at coverage 0.98 >= 0.7	0.9801	21257	0	1	0	0	0	0	not_asked		0	0	the aligner placed this gene; synteny was not asked to
GCA_013398455.1	Loxia curvirostra	Aves	ITPR1	found_unannotated	present_single_locus	R1	one locus at coverage 1.00 >= 0.7	1	211346	1	1	0	0	0	0	not_asked		0	0	the aligner placed this gene; synteny was not asked to
GCA_013398455.1	Loxia curvirostra	Aves	ITPR2	found_unannotated	present_single_locus	R1	one locus at coverage 1.00 >= 0.7	1	211346	1	1	0	0	0	0	not_asked		0	0	the aligner placed this gene; synteny was not asked to
GCA_013398455.1	Loxia curvirostra	Aves	ITPR3	found_annotated	present_single_locus	R1	one locus at coverage 1.00 >= 0.7	1	211346	1	1	0	0	0	0	not_asked		0	0	the aligner placed this gene; synteny was not asked to
GCF_001715985.3	Manacus vitellinus	Aves	ITPR1	found_annotated	present_single_locus	R1	one locus at coverage 1.00 >= 0.7	1	290580	1	1	0	0	0	0	not_asked		0	0	the aligner placed this gene; synteny was not asked to
GCF_001715985.3	Manacus vitellinus	Aves	ITPR2	found_annotated	present_single_locus	R1	one locus at coverage 1.00 >= 0.7	1	290580	1	1	0	0	0	0	not_asked		0	0	the aligner placed this gene; synteny was not asked to
GCF_001715985.3	Manacus vitellinus	Aves	ITPR3	found_annotated	present_single_locus	R1	one locus at coverage 0.99 >= 0.7	0.9888	290580	1	1	0	0	0	0	not_asked		0	0	the aligner placed this gene; synteny was not asked to
GCA_013396355.1	Menura novaehollandiae	Aves	ITPR1	found_unannotated	present_single_locus	R1	one locus at coverage 1.00 >= 0.7	1	85461	0	1	0	0	0	0	not_asked		0	0	the aligner placed this gene; synteny was not asked to
GCA_013396355.1	Menura novaehollandiae	Aves	ITPR2	found_unannotated	present_single_locus	R1	one locus at coverage 1.00 >= 0.7	1	85461	0	1	0	0	0	0	not_asked		0	0	the aligner placed this gene; synteny was not asked to
GCA_013396355.1	Menura novaehollandiae	Aves	ITPR3	found_annotated	present_single_locus	R1	one locus at coverage 1.00 >= 0.7	1	85461	0	1	0	0	0	0	not_asked		0	0	the aligner placed this gene; synteny was not asked to
GCF_000691845.1	Merops nubicus	Aves	ITPR1	assembly_gap	present_truncated	R2	locus at coverage 0.33, truncated at a contig edge or an N-run	0.3293	24675	0	1	4	0	0	0	not_asked		0	0	the aligner placed this gene; synteny was not asked to
GCF_000691845.1	Merops nubicus	Aves	ITPR2	assembly_gap	present_truncated	R2	locus at coverage 0.46, truncated at a contig edge or an N-run	0.4552	24675	0	1	4	0	0	0	not_asked		0	0	the aligner placed this gene; synteny was not asked to
GCF_000691845.1	Merops nubicus	Aves	ITPR3	assembly_gap	present_truncated	R2	locus at coverage 0.51, truncated at a contig edge or an N-run	0.5083	24675	0	1	4	0	0	0	not_asked		0	0	the aligner placed this gene; synteny was not asked to
GCF_000695765.1	Mesitornis unicolor	Aves	ITPR1	found_annotated	present_single_locus	R1	one locus at coverage 1.00 >= 0.7	1	22740	0	1	0	0	0	0	not_asked		0	0	the aligner placed this gene; synteny was not asked to
GCF_000695765.1	Mesitornis unicolor	Aves	ITPR2	fragment	present_partial	R3	locus at coverage 0.61 with no assembly excuse	0.6148	22740	0	1	0	0	0	0	not_asked		0	0	the aligner placed this gene; synteny was not asked to
GCF_000695765.1	Mesitornis unicolor	Aves	ITPR3	found_annotated	present_single_locus	R1	one locus at coverage 0.96 >= 0.7	0.9576	22740	0	1	0	0	0	0	not_asked		0	0	the aligner placed this gene; synteny was not asked to
GCA_013397495.1	Mionectes macconnelli	Aves	ITPR1	assembly_gap	present_truncated	R2	locus at coverage 0.62, truncated at a contig edge or an N-run	0.6189	72805	0	1	0	0	0	0	not_asked		0	0	the aligner placed this gene; synteny was not asked to
GCA_013397495.1	Mionectes macconnelli	Aves	ITPR2	found_unannotated	present_single_locus	R1	one locus at coverage 1.00 >= 0.7	1	72805	0	1	0	0	0	0	not_asked		0	0	the aligner placed this gene; synteny was not asked to
GCA_013397495.1	Mionectes macconnelli	Aves	ITPR3	tblastn_trace	present_fragmented	R4	0.79 of the reference reassembled from 5 contigs outside every locus the aligner found, bar 0.137	0	72805	0	1	0	0.794	0.9956	5	corroborated	ITPR3	2	10	2 of 2 reachable regions call ITPR3
GCF_035582795.1	Mycteria americana	Aves	ITPR1	found_annotated	present_single_locus	R1	one locus at coverage 1.00 >= 0.7	1	36845572	1	1	0	0	0	0	not_asked		0	0	the aligner placed this gene; synteny was not asked to
GCF_035582795.1	Mycteria americana	Aves	ITPR2	found_annotated	present_single_locus	R1	one locus at coverage 1.00 >= 0.7	1	36845572	1	1	0	0	0	0	not_asked		0	0	the aligner placed this gene; synteny was not asked to
GCF_035582795.1	Mycteria americana	Aves	ITPR3	found_annotated	present_single_locus	R1	one locus at coverage 1.00 >= 0.7	1	36845572	1	1	0	0	0	0	not_asked		0	0	the aligner placed this gene; synteny was not asked to
GCA_013397015.1	Myiagra hebetior	Aves	ITPR1	found_annotated	present_single_locus	R1	one locus at coverage 1.00 >= 0.7	1	66181	0	1	0	0	0	0	not_asked		0	0	the aligner placed this gene; synteny was not asked to
GCA_013397015.1	Myiagra hebetior	Aves	ITPR2	found_unannotated	present_single_locus	R1	one locus at coverage 0.99 >= 0.7	0.9885	66181	0	1	0	0	0	0	not_asked		0	0	the aligner placed this gene; synteny was not asked to
GCA_013397015.1	Myiagra hebetior	Aves	ITPR3	found_annotated	present_single_locus	R1	one locus at coverage 1.00 >= 0.7	1	66181	0	1	0	0	0	0	not_asked		0	0	the aligner placed this gene; synteny was not asked to
GCA_013400655.1	Mystacornis crossleyi	Aves	ITPR1	tblastn_trace	present_fragmented	R4	0.19 of the reference reassembled from 6 contigs outside every locus the aligner found, bar 0.137	0	10653	0	1	1	0.1866	0.203	6	no_neighbourhood		12	0	12 of 12 regions have no flanking gene at all; the best has 0 informative neighbours against the 4 the caller needs
GCA_013400655.1	Mystacornis crossleyi	Aves	ITPR2	found_annotated	present_single_locus	R1	one locus at coverage 0.74 >= 0.7	0.7374	10653	0	1	1	0	0	0	not_asked		0	0	the aligner placed this gene; synteny was not asked to
GCA_013400655.1	Mystacornis crossleyi	Aves	ITPR3	tblastn_trace	present_fragmented	R4	0.66 of the reference reassembled from 10 contigs outside every locus the aligner found, bar 0.137	0	10653	0	1	1	0.6587	0.7776	10	no_neighbourhood		12	0	12 of 12 regions have no flanking gene at all; the best has 0 informative neighbours against the 4 the caller needs
GCA_013400695.1	Neodrepanis coruscans	Aves	ITPR1	tblastn_trace	present_fragmented	R4	0.27 of the reference reassembled from 9 contigs outside every locus the aligner found, bar 0.137	0	7054	0	1	4	0.2703	0.2743	9	no_neighbourhood		12	0	12 of 12 regions have no flanking gene at all; the best has 0 informative neighbours against the 4 the caller needs
GCA_013400695.1	Neodrepanis coruscans	Aves	ITPR2	fragment	present_partial	R3	locus at coverage 0.19 with no assembly excuse	0.187	7054	0	1	4	0	0	0	not_asked		0	0	the aligner placed this gene; synteny was not asked to
GCA_013400695.1	Neodrepanis coruscans	Aves	ITPR3	assembly_gap	present_truncated	R2	locus at coverage 0.13, truncated at a contig edge or an N-run	0.1345	7054	0	1	4	0	0	0	not_asked		0	0	the aligner placed this gene; synteny was not asked to
GCF_000696875.1	Nestor notabilis	Aves	ITPR1	found_annotated	present_single_locus	R1	one locus at coverage 1.00 >= 0.7	0.9971	26546	0	1	0	0	0	0	not_asked		0	0	the aligner placed this gene; synteny was not asked to
GCF_000696875.1	Nestor notabilis	Aves	ITPR2	assembly_gap	present_truncated	R2	locus at coverage 0.62, truncated at a contig edge or an N-run	0.6237	26546	0	1	0	0	0	0	not_asked		0	0	the aligner placed this gene; synteny was not asked to
GCF_000696875.1	Nestor notabilis	Aves	ITPR3	found_annotated	present_single_locus	R1	one locus at coverage 0.99 >= 0.7	0.9887	26546	0	1	0	0	0	0	not_asked		0	0	the aligner placed this gene; synteny was not asked to
GCF_047370975.1	Nipponia nippon	Aves	ITPR1	found_annotated	present_single_locus	R1	one locus at coverage 1.00 >= 0.7	1	56735934	1	1	0	0	0	0	not_asked		0	0	the aligner placed this gene; synteny was not asked to
GCF_047370975.1	Nipponia nippon	Aves	ITPR2	found_annotated	present_single_locus	R1	one locus at coverage 1.00 >= 0.7	1	56735934	1	1	0	0	0	0	not_asked		0	0	the aligner placed this gene; synteny was not asked to
GCF_047370975.1	Nipponia nippon	Aves	ITPR3	found_annotated	present_single_locus	R1	one locus at coverage 1.00 >= 0.7	1	56735934	1	1	0	0	0	0	not_asked		0	0	the aligner placed this gene; synteny was not asked to
GCF_003342845.1	Nothoprocta perdicaria	Aves	ITPR1	found_annotated	present_single_locus	R1	one locus at coverage 1.00 >= 0.7	1	95599	0	1	0	0	0	0	not_asked		0	0	the aligner placed this gene; synteny was not asked to
GCF_003342845.1	Nothoprocta perdicaria	Aves	ITPR2	found_annotated	present_single_locus	R1	one locus at coverage 1.00 >= 0.7	1	95599	0	1	0	0	0	0	not_asked		0	0	the aligner placed this gene; synteny was not asked to
GCF_003342845.1	Nothoprocta perdicaria	Aves	ITPR3	found_annotated	present_single_locus	R1	one locus at coverage 1.00 >= 0.7	1	95599	0	1	0	0	0	0	not_asked		0	0	the aligner placed this gene; synteny was not asked to
GCF_013368605.1	Nyctibius grandis	Aves	ITPR1	found_annotated	present_single_locus	R1	one locus at coverage 1.00 >= 0.7	1	23231768	1	1	0	0	0	0	not_asked		0	0	the aligner placed this gene; synteny was not asked to
GCF_013368605.1	Nyctibius grandis	Aves	ITPR2	found_annotated	present_single_locus	R1	one locus at coverage 1.00 >= 0.7	1	23231768	1	1	0	0	0	0	not_asked		0	0	the aligner placed this gene; synteny was not asked to
GCF_013368605.1	Nyctibius grandis	Aves	ITPR3	found_annotated	present_single_locus	R1	one locus at coverage 1.00 >= 0.7	1	23231768	1	1	0	0	0	0	not_asked		0	0	the aligner placed this gene; synteny was not asked to
GCA_013399395.1	Nyctiprogne leucopyga	Aves	ITPR1	found_annotated	present_single_locus	R1	one locus at coverage 1.00 >= 0.7	1	28894	0	1	1	0	0	0	not_asked		0	0	the aligner placed this gene; synteny was not asked to
GCA_013399395.1	Nyctiprogne leucopyga	Aves	ITPR2	found_unannotated	present_single_locus	R1	one locus at coverage 0.77 >= 0.7	0.7678	28894	0	1	1	0	0	0	not_asked		0	0	the aligner placed this gene; synteny was not asked to
GCA_013399395.1	Nyctiprogne leucopyga	Aves	ITPR3	found_annotated	present_single_locus	R1	one locus at coverage 1.00 >= 0.7	1	28894	0	1	1	0	0	0	not_asked		0	0	the aligner placed this gene; synteny was not asked to
GCF_030867145.1	Opisthocomus hoazin	Aves	ITPR1	found_annotated	present_single_locus	R1	one locus at coverage 1.00 >= 0.7	1	14274197	1	1	0	0	0	0	not_asked		0	0	the aligner placed this gene; synteny was not asked to
GCF_030867145.1	Opisthocomus hoazin	Aves	ITPR2	found_annotated	present_single_locus	R1	one locus at coverage 1.00 >= 0.7	1	14274197	1	1	0	0	0	0	not_asked		0	0	the aligner placed this gene; synteny was not asked to
GCF_030867145.1	Opisthocomus hoazin	Aves	ITPR3	found_annotated	present_single_locus	R1	one locus at coverage 1.00 >= 0.7	1	14274197	1	1	0	0	0	0	not_asked		0	0	the aligner placed this gene; synteny was not asked to
GCA_013400995.1	Oreotrochilus melanogaster	Aves	ITPR1	assembly_gap	present_truncated	R2	locus at coverage 0.59, truncated at a contig edge or an N-run	0.5934	7679	0	1	2	0	0	0	not_asked		0	0	the aligner placed this gene; synteny was not asked to
GCA_013400995.1	Oreotrochilus melanogaster	Aves	ITPR2	found_unannotated	present_single_locus	R1	one locus at coverage 0.73 >= 0.7	0.7311	7679	0	1	2	0	0	0	not_asked		0	0	the aligner placed this gene; synteny was not asked to
GCA_013400995.1	Oreotrochilus melanogaster	Aves	ITPR3	found_annotated	present_single_locus	R1	one locus at coverage 0.97 >= 0.7	0.9655	7679	0	1	2	0	0	0	not_asked		0	0	the aligner placed this gene; synteny was not asked to
GCA_013397895.1	Origma solitaria	Aves	ITPR1	found_unannotated	present_single_locus	R1	one locus at coverage 1.00 >= 0.7	1	99117	0	1	1	0	0	0	not_asked		0	0	the aligner placed this gene; synteny was not asked to
GCA_013397895.1	Origma solitaria	Aves	ITPR2	found_unannotated	present_single_locus	R1	one locus at coverage 0.99 >= 0.7	0.9885	99117	0	1	1	0	0	0	not_asked		0	0	the aligner placed this gene; synteny was not asked to
GCA_013397895.1	Origma solitaria	Aves	ITPR3	found_annotated	present_single_locus	R1	one locus at coverage 0.71 >= 0.7	0.7067	99117	0	1	1	0	0	0	not_asked		0	0	the aligner placed this gene; synteny was not asked to
GCA_013400675.1	Oxylabes madagascariensis	Aves	ITPR1	tblastn_trace	present_fragmented	R4	0.24 of the reference reassembled from 7 contigs outside every locus the aligner found, bar 0.137	0	3531	0	1	4	0.2355	0.2559	7	no_neighbourhood		12	0	12 of 12 regions have no flanking gene at all; the best has 0 informative neighbours against the 4 the caller needs
GCA_013400675.1	Oxylabes madagascariensis	Aves	ITPR2	assembly_gap	present_truncated	R2	locus at coverage 0.32, truncated at a contig edge or an N-run	0.3204	3531	0	1	4	0	0	0	not_asked		0	0	the aligner placed this gene; synteny was not asked to
GCA_013400675.1	Oxylabes madagascariensis	Aves	ITPR3	assembly_gap	present_truncated	R2	locus at coverage 0.17, truncated at a contig edge or an N-run	0.1734	3531	0	1	4	0	0	0	not_asked		0	0	the aligner placed this gene; synteny was not asked to
GCA_013399855.1	Oxyruncus cristatus	Aves	ITPR1	found_unannotated	present_single_locus	R1	one locus at coverage 1.00 >= 0.7	1	75750	0	1	0	0	0	0	not_asked		0	0	the aligner placed this gene; synteny was not asked to
GCA_013399855.1	Oxyruncus cristatus	Aves	ITPR2	found_unannotated	present_single_locus	R1	one locus at coverage 1.00 >= 0.7	1	75750	0	1	0	0	0	0	not_asked		0	0	the aligner placed this gene; synteny was not asked to
GCA_013399855.1	Oxyruncus cristatus	Aves	ITPR3	found_annotated	present_single_locus	R1	one locus at coverage 1.00 >= 0.7	1	75750	0	1	0	0	0	0	not_asked		0	0	the aligner placed this gene; synteny was not asked to
GCA_013400915.1	Pardalotus punctatus	Aves	ITPR1	assembly_gap	present_truncated	R2	locus at coverage 0.45, truncated at a contig edge or an N-run	0.4538	83169	0	1	2	0	0	0	not_asked		0	0	the aligner placed this gene; synteny was not asked to
GCA_013400915.1	Pardalotus punctatus	Aves	ITPR2	assembly_gap	present_truncated	R2	locus at coverage 0.47, truncated at a contig edge or an N-run	0.4722	83169	0	1	2	0	0	0	not_asked		0	0	the aligner placed this gene; synteny was not asked to
GCA_013400915.1	Pardalotus punctatus	Aves	ITPR3	assembly_gap	present_truncated	R2	locus at coverage 0.62, truncated at a contig edge or an N-run	0.6157	83169	0	1	2	0	0	0	not_asked		0	0	the aligner placed this gene; synteny was not asked to
GCA_013398155.1	Pedionomus torquatus	Aves	ITPR1	found_annotated	present_single_locus	R1	one locus at coverage 1.00 >= 0.7	1	36855	0	1	0	0	0	0	not_asked		0	0	the aligner placed this gene; synteny was not asked to
GCA_013398155.1	Pedionomus torquatus	Aves	ITPR2	found_unannotated	present_single_locus	R1	one locus at coverage 0.99 >= 0.7	0.9885	36855	0	1	0	0	0	0	not_asked		0	0	the aligner placed this gene; synteny was not asked to
GCA_013398155.1	Pedionomus torquatus	Aves	ITPR3	found_annotated	present_single_locus	R1	one locus at coverage 0.99 >= 0.7	0.9887	36855	0	1	0	0	0	0	not_asked		0	0	the aligner placed this gene; synteny was not asked to
GCF_030463565.1	Pelecanus crispus	Aves	ITPR1	found_annotated	present_single_locus	R1	one locus at coverage 1.00 >= 0.7	1	9666746	1	1	0	0	0	0	not_asked		0	0	the aligner placed this gene; synteny was not asked to
GCF_030463565.1	Pelecanus crispus	Aves	ITPR2	found_annotated	present_single_locus	R1	one locus at coverage 1.00 >= 0.7	1	9666746	1	1	0	0	0	0	not_asked		0	0	the aligner placed this gene; synteny was not asked to
GCF_030463565.1	Pelecanus crispus	Aves	ITPR3	found_annotated	present_single_locus	R1	one locus at coverage 1.00 >= 0.7	1	9666746	1	1	0	0	0	0	not_asked		0	0	the aligner placed this gene; synteny was not asked to
GCF_964289735.1	Phaethon aethereus	Aves	ITPR1	found_annotated	present_single_locus	R1	one locus at coverage 1.00 >= 0.7	1	2122569	1	1	0	0	0	0	not_asked		0	0	the aligner placed this gene; synteny was not asked to
GCF_964289735.1	Phaethon aethereus	Aves	ITPR2	found_annotated	present_single_locus	R1	one locus at coverage 1.00 >= 0.7	1	2122569	1	1	0	0	0	0	not_asked		0	0	the aligner placed this gene; synteny was not asked to
GCF_964289735.1	Phaethon aethereus	Aves	ITPR3	found_annotated	present_single_locus	R1	one locus at coverage 1.00 >= 0.7	1	2122569	1	1	0	0	0	0	not_asked		0	0	the aligner placed this gene; synteny was not asked to
GCF_000687285.1	Phaethon lepturus	Aves	ITPR1	assembly_gap	present_truncated	R2	locus at coverage 0.62, truncated at a contig edge or an N-run	0.6222	22941	0	1	1	0	0	0	not_asked		0	0	the aligner placed this gene; synteny was not asked to
GCF_000687285.1	Phaethon lepturus	Aves	ITPR2	assembly_gap	present_truncated	R2	locus at coverage 0.46, truncated at a contig edge or an N-run	0.457	22941	0	1	1	0	0	0	not_asked		0	0	the aligner placed this gene; synteny was not asked to
GCF_000687285.1	Phaethon lepturus	Aves	ITPR3	found_annotated	present_single_locus	R1	one locus at coverage 0.98 >= 0.7	0.9801	22941	0	1	1	0	0	0	not_asked		0	0	the aligner placed this gene; synteny was not asked to
GCF_963921805.1	Phalacrocorax carbo	Aves	ITPR1	found_annotated	present_single_locus	R1	one locus at coverage 1.00 >= 0.7	1	4631399	1	1	0	0	0	0	not_asked		0	0	the aligner placed this gene; synteny was not asked to
GCF_963921805.1	Phalacrocorax carbo	Aves	ITPR2	found_annotated	present_single_locus	R1	one locus at coverage 1.00 >= 0.7	1	4631399	1	1	0	0	0	0	not_asked		0	0	the aligner placed this gene; synteny was not asked to
GCF_963921805.1	Phalacrocorax carbo	Aves	ITPR3	found_annotated	present_single_locus	R1	one locus at coverage 1.00 >= 0.7	1	4631399	1	1	0	0	0	0	not_asked		0	0	the aligner placed this gene; synteny was not asked to
GCA_009819775.1	Phoenicopterus ruber ruber	Aves	ITPR1	found_annotated	present_single_locus	R1	one locus at coverage 1.00 >= 0.7	1	14700712	1	1	0	0	0	0	not_asked		0	0	the aligner placed this gene; synteny was not asked to
GCA_009819775.1	Phoenicopterus ruber ruber	Aves	ITPR2	found_annotated	present_single_locus	R1	one locus at coverage 1.00 >= 0.7	1	14700712	1	1	0	0	0	0	not_asked		0	0	the aligner placed this gene; synteny was not asked to
GCA_009819775.1	Phoenicopterus ruber ruber	Aves	ITPR3	found_annotated	present_single_locus	R1	one locus at coverage 1.00 >= 0.7	1	14700712	1	1	0	0	0	0	not_asked		0	0	the aligner placed this gene; synteny was not asked to
GCF_965183815.1	Platalea leucorodia	Aves	ITPR1	found_annotated	present_single_locus	R1	one locus at coverage 1.00 >= 0.7	1	3299000	1	1	0	0	0	0	not_asked		0	0	the aligner placed this gene; synteny was not asked to
GCF_965183815.1	Platalea leucorodia	Aves	ITPR2	found_annotated	present_single_locus	R1	one locus at coverage 1.00 >= 0.7	1	3299000	1	1	0	0	0	0	not_asked		0	0	the aligner placed this gene; synteny was not asked to
GCF_965183815.1	Platalea leucorodia	Aves	ITPR3	found_annotated	present_single_locus	R1	one locus at coverage 1.00 >= 0.7	1	3299000	1	1	0	0	0	0	not_asked		0	0	the aligner placed this gene; synteny was not asked to
GCA_000699545.1	Podiceps cristatus	Aves	ITPR1	assembly_gap	present_truncated	R2	locus at coverage 0.33, truncated at a contig edge or an N-run	0.3343	17412	0	1	0	0	0	0	not_asked		0	0	the aligner placed this gene; synteny was not asked to
GCA_000699545.1	Podiceps cristatus	Aves	ITPR2	fragment	present_partial	R3	locus at coverage 0.39 with no assembly excuse	0.387	17412	0	1	0	0	0	0	not_asked		0	0	the aligner placed this gene; synteny was not asked to
GCA_000699545.1	Podiceps cristatus	Aves	ITPR3	found_no_annotation	present_single_locus	R1	one locus at coverage 0.82 >= 0.7	0.8239	17412	0	1	0	0	0	0	not_asked		0	0	the aligner placed this gene; synteny was not asked to
GCA_013399565.1	Podilymbus podiceps	Aves	ITPR1	found_unannotated	present_single_locus	R1	one locus at coverage 1.00 >= 0.7	1	35810	0	1	0	0	0	0	not_asked		0	0	the aligner placed this gene; synteny was not asked to
GCA_013399565.1	Podilymbus podiceps	Aves	ITPR2	assembly_gap	present_truncated	R2	locus at coverage 0.66, truncated at a contig edge or an N-run	0.6622	35810	0	1	0	0	0	0	not_asked		0	0	the aligner placed this gene; synteny was not asked to
GCA_013399565.1	Podilymbus podiceps	Aves	ITPR3	found_annotated	present_single_locus	R1	one locus at coverage 1.00 >= 0.7	1	35810	0	1	0	0	0	0	not_asked		0	0	the aligner placed this gene; synteny was not asked to
GCF_030490865.1	Poecile atricapillus	Aves	ITPR1	found_annotated	present_single_locus	R1	one locus at coverage 1.00 >= 0.7	1	8462732	1	1	1	0	0	0	not_asked		0	0	the aligner placed this gene; synteny was not asked to
GCF_030490865.1	Poecile atricapillus	Aves	ITPR2	found_annotated	present_single_locus	R1	one locus at coverage 1.00 >= 0.7	1	8462732	1	1	1	0	0	0	not_asked		0	0	the aligner placed this gene; synteny was not asked to
GCF_030490865.1	Poecile atricapillus	Aves	ITPR3	found_annotated	present_single_locus	R1	one locus at coverage 1.00 >= 0.7	1	8462732	1	1	1	0	0	0	not_asked		0	0	the aligner placed this gene; synteny was not asked to
GCA_013397295.1	Polioptila caerulea	Aves	ITPR1	tblastn_trace	present_fragmented	R4	0.93 of the reference reassembled from 3 contigs outside every locus the aligner found, bar 0.137	0	50944	0	1	0	0.9306	1.0597	3	corroborated	ITPR1	2	6	2 of 2 reachable regions call ITPR1
GCA_013397295.1	Polioptila caerulea	Aves	ITPR2	found_unannotated	present_single_locus	R1	one locus at coverage 1.00 >= 0.7	1	50944	0	1	0	0	0	0	not_asked		0	0	the aligner placed this gene; synteny was not asked to
GCA_013397295.1	Polioptila caerulea	Aves	ITPR3	found_annotated	present_single_locus	R1	one locus at coverage 1.00 >= 0.7	1	50944	0	1	0	0	0	0	not_asked		0	0	the aligner placed this gene; synteny was not asked to
GCA_013401195.1	Pomatorhinus ruficollis	Aves	ITPR1	tblastn_trace	present_fragmented	R4	0.85 of the reference reassembled from 5 contigs outside every locus the aligner found, bar 0.137	0	60017	0	1	0	0.8539	1.1641	5	no_neighbourhood		11	3	9 of 11 regions have no flanking gene at all; the best has 3 informative neighbours against the 4 the caller needs
GCA_013401195.1	Pomatorhinus ruficollis	Aves	ITPR2	found_unannotated	present_single_locus	R1	one locus at coverage 1.00 >= 0.7	1	60017	0	1	0	0	0	0	not_asked		0	0	the aligner placed this gene; synteny was not asked to
GCA_013401195.1	Pomatorhinus ruficollis	Aves	ITPR3	tblastn_trace	present_fragmented	R4	0.62 of the reference reassembled from 5 contigs outside every locus the aligner found, bar 0.137	0	60017	0	1	0	0.6172	0.7517	5	no_neighbourhood		10	3	8 of 10 regions have no flanking gene at all; the best has 3 informative neighbours against the 4 the caller needs
GCA_013400735.1	Pomatostomus ruficeps	Aves	ITPR1	tblastn_trace	present_fragmented	R4	0.94 of the reference reassembled from 6 contigs outside every locus the aligner found, bar 0.137	0	34780	0	1	0	0.9403	1.0918	6	no_neighbourhood		12	3	8 of 12 regions have no flanking gene at all; the best has 3 informative neighbours against the 4 the caller needs
GCA_013400735.1	Pomatostomus ruficeps	Aves	ITPR2	assembly_gap	present_truncated	R2	locus at coverage 0.56, truncated at a contig edge or an N-run	0.5607	34780	0	1	0	0	0	0	not_asked		0	0	the aligner placed this gene; synteny was not asked to
GCA_013400735.1	Pomatostomus ruficeps	Aves	ITPR3	found_annotated	present_single_locus	R1	one locus at coverage 1.00 >= 0.7	1	34780	0	1	0	0	0	0	not_asked		0	0	the aligner placed this gene; synteny was not asked to
GCA_013396835.1	Psilopogon haemacephalus	Aves	ITPR1	found_annotated	present_single_locus	R1	one locus at coverage 0.82 >= 0.7	0.8178	36269	0	1	1	0	0	0	not_asked		0	0	the aligner placed this gene; synteny was not asked to
GCA_013396835.1	Psilopogon haemacephalus	Aves	ITPR2	assembly_gap	present_truncated	R2	locus at coverage 0.53, truncated at a contig edge or an N-run	0.5256	36269	0	1	1	0	0	0	not_asked		0	0	the aligner placed this gene; synteny was not asked to
GCA_013396835.1	Psilopogon haemacephalus	Aves	ITPR3	found_annotated	present_single_locus	R1	one locus at coverage 1.00 >= 0.7	1	36269	0	1	1	0	0	0	not_asked		0	0	the aligner placed this gene; synteny was not asked to
GCA_013397535.1	Pterocles burchelli	Aves	ITPR1	found_unannotated	present_single_locus	R1	one locus at coverage 1.00 >= 0.7	1	43196	0	1	0	0	0	0	not_asked		0	0	the aligner placed this gene; synteny was not asked to
GCA_013397535.1	Pterocles burchelli	Aves	ITPR2	found_unannotated	present_single_locus	R1	one locus at coverage 0.99 >= 0.7	0.9885	43196	0	1	0	0	0	0	not_asked		0	0	the aligner placed this gene; synteny was not asked to
GCA_013397535.1	Pterocles burchelli	Aves	ITPR3	found_annotated	present_single_locus	R1	one locus at coverage 1.00 >= 0.7	1	43196	0	1	0	0	0	0	not_asked		0	0	the aligner placed this gene; synteny was not asked to
GCF_000699245.1	Pterocles gutturalis	Aves	ITPR1	found_annotated	present_single_locus	R1	one locus at coverage 0.97 >= 0.7	0.9705	26448	0	1	0	0	0	0	not_asked		0	0	the aligner placed this gene; synteny was not asked to
GCF_000699245.1	Pterocles gutturalis	Aves	ITPR2	fragment	present_partial	R3	locus at coverage 0.62 with no assembly excuse	0.6152	26448	0	1	0	0	0	0	not_asked		0	0	the aligner placed this gene; synteny was not asked to
GCF_000699245.1	Pterocles gutturalis	Aves	ITPR3	found_annotated	present_single_locus	R1	one locus at coverage 0.99 >= 0.7	0.9906	26448	0	1	0	0	0	0	not_asked		0	0	the aligner placed this gene; synteny was not asked to
GCA_013396485.1	Ptilorrhoa leucosticta	Aves	ITPR1	found_unannotated	present_single_locus	R1	one locus at coverage 0.84 >= 0.7	0.8395	77643	0	1	0	0	0	0	not_asked		0	0	the aligner placed this gene; synteny was not asked to
GCA_013396485.1	Ptilorrhoa leucosticta	Aves	ITPR2	found_unannotated	present_single_locus	R1	one locus at coverage 0.99 >= 0.7	0.9885	77643	0	1	0	0	0	0	not_asked		0	0	the aligner placed this gene; synteny was not asked to
GCA_013396485.1	Ptilorrhoa leucosticta	Aves	ITPR3	assembly_gap	present_truncated	R2	locus at coverage 0.53, truncated at a contig edge or an N-run	0.5311	77643	0	1	0	0	0	0	not_asked		0	0	the aligner placed this gene; synteny was not asked to
GCF_000699105.1	Pygoscelis adeliae	Aves	ITPR1	found_annotated	present_single_locus	R1	one locus at coverage 1.00 >= 0.7	1	22195	0	1	0	0	0	0	not_asked		0	0	the aligner placed this gene; synteny was not asked to
GCF_000699105.1	Pygoscelis adeliae	Aves	ITPR2	found_annotated	present_single_locus	R1	one locus at coverage 0.99 >= 0.7	0.9885	22195	0	1	0	0	0	0	not_asked		0	0	the aligner placed this gene; synteny was not asked to
GCF_000699105.1	Pygoscelis adeliae	Aves	ITPR3	found_annotated	present_single_locus	R1	one locus at coverage 0.99 >= 0.7	0.991	22195	0	1	0	0	0	0	not_asked		0	0	the aligner placed this gene; synteny was not asked to
GCA_013399035.1	Quiscalus mexicanus	Aves	ITPR1	assembly_gap	present_truncated	R2	locus at coverage 0.69, truncated at a contig edge or an N-run	0.6887	60532	0	1	1	0	0	0	not_asked		0	0	the aligner placed this gene; synteny was not asked to
GCA_013399035.1	Quiscalus mexicanus	Aves	ITPR2	assembly_gap	present_truncated	R2	locus at coverage 0.56, truncated at a contig edge or an N-run	0.5615	60532	0	1	1	0	0	0	not_asked		0	0	the aligner placed this gene; synteny was not asked to
GCA_013399035.1	Quiscalus mexicanus	Aves	ITPR3	found_annotated	present_single_locus	R1	one locus at coverage 1.00 >= 0.7	1	60532	0	1	1	0	0	0	not_asked		0	0	the aligner placed this gene; synteny was not asked to
GCF_028389875.1	Rhea pennata	Aves	ITPR1	found_annotated	present_single_locus	R1	one locus at coverage 1.00 >= 0.7	1	19335416	1	1	0	0	0	0	not_asked		0	0	the aligner placed this gene; synteny was not asked to
GCF_028389875.1	Rhea pennata	Aves	ITPR2	found_annotated	present_single_locus	R1	one locus at coverage 1.00 >= 0.7	1	19335416	1	1	0	0	0	0	not_asked		0	0	the aligner placed this gene; synteny was not asked to
GCF_028389875.1	Rhea pennata	Aves	ITPR3	found_annotated	present_single_locus	R1	one locus at coverage 1.00 >= 0.7	1	19335416	1	1	0	0	0	0	not_asked		0	0	the aligner placed this gene; synteny was not asked to
GCA_013399305.1	Rostratula benghalensis	Aves	ITPR1	found_annotated	present_single_locus	R1	one locus at coverage 1.00 >= 0.7	1	78725	0	1	0	0	0	0	not_asked		0	0	the aligner placed this gene; synteny was not asked to
GCA_013399305.1	Rostratula benghalensis	Aves	ITPR2	found_unannotated	present_single_locus	R1	one locus at coverage 0.99 >= 0.7	0.9885	78725	0	1	0	0	0	0	not_asked		0	0	the aligner placed this gene; synteny was not asked to
GCA_013399305.1	Rostratula benghalensis	Aves	ITPR3	found_annotated	present_single_locus	R1	one locus at coverage 1.00 >= 0.7	1	78725	0	1	0	0	0	0	not_asked		0	0	the aligner placed this gene; synteny was not asked to
GCA_013400415.1	Scytalopus superciliaris	Aves	ITPR1	found_annotated	present_single_locus	R1	one locus at coverage 0.97 >= 0.7	0.9705	60031	0	1	0	0	0	0	not_asked		0	0	the aligner placed this gene; synteny was not asked to
GCA_013400415.1	Scytalopus superciliaris	Aves	ITPR2	found_unannotated	present_single_locus	R1	one locus at coverage 0.91 >= 0.7	0.9137	60031	0	1	0	0	0	0	not_asked		0	0	the aligner placed this gene; synteny was not asked to
GCA_013400415.1	Scytalopus superciliaris	Aves	ITPR3	found_annotated	present_single_locus	R1	one locus at coverage 1.00 >= 0.7	1	60031	0	1	0	0	0	0	not_asked		0	0	the aligner placed this gene; synteny was not asked to
GCA_013399775.1	Semnornis frantzii	Aves	ITPR1	tblastn_trace	present_fragmented	R4	0.94 of the reference reassembled from 5 contigs outside every locus the aligner found, bar 0.137	0	8608	0	1	0	0.9449	1.1083	5	no_neighbourhood		10	2	8 of 10 regions have no flanking gene at all; the best has 2 informative neighbours against the 4 the caller needs
GCA_013399775.1	Semnornis frantzii	Aves	ITPR2	tblastn_trace	present_fragmented	R4	0.96 of the reference reassembled from 4 contigs outside every locus the aligner found, bar 0.137	0	8608	0	1	0	0.9589	1.1726	4	no_neighbourhood		10	2	8 of 10 regions have no flanking gene at all; the best has 2 informative neighbours against the 4 the caller needs
GCA_013399775.1	Semnornis frantzii	Aves	ITPR3	found_annotated	present_single_locus	R1	one locus at coverage 1.00 >= 0.7	1	8608	0	1	0	0	0	0	not_asked		0	0	the aligner placed this gene; synteny was not asked to
GCA_013399895.1	Serilophus lunatus	Aves	ITPR1	found_unannotated	present_single_locus	R1	one locus at coverage 1.00 >= 0.7	1	89885	0	1	0	0	0	0	not_asked		0	0	the aligner placed this gene; synteny was not asked to
GCA_013399895.1	Serilophus lunatus	Aves	ITPR2	found_unannotated	present_single_locus	R1	one locus at coverage 1.00 >= 0.7	1	89885	0	1	0	0	0	0	not_asked		0	0	the aligner placed this gene; synteny was not asked to
GCA_013399895.1	Serilophus lunatus	Aves	ITPR3	found_annotated	present_single_locus	R1	one locus at coverage 1.00 >= 0.7	1	89885	0	1	0	0	0	0	not_asked		0	0	the aligner placed this gene; synteny was not asked to
GCA_013397395.1	Sinosuthora webbiana	Aves	ITPR1	found_unannotated	present_single_locus	R1	one locus at coverage 1.00 >= 0.7	1	78603	0	1	0	0	0	0	not_asked		0	0	the aligner placed this gene; synteny was not asked to
GCA_013397395.1	Sinosuthora webbiana	Aves	ITPR2	found_unannotated	present_single_locus	R1	one locus at coverage 1.00 >= 0.7	1	78603	0	1	0	0	0	0	not_asked		0	0	the aligner placed this gene; synteny was not asked to
GCA_013397395.1	Sinosuthora webbiana	Aves	ITPR3	found_annotated	present_single_locus	R1	one locus at coverage 0.97 >= 0.7	0.9652	78603	0	1	0	0	0	0	not_asked		0	0	the aligner placed this gene; synteny was not asked to
GCA_013396465.1	Smithornis capensis	Aves	ITPR1	found_unannotated	present_single_locus	R1	one locus at coverage 0.97 >= 0.7	0.9712	67220	0	1	0	0	0	0	not_asked		0	0	the aligner placed this gene; synteny was not asked to
GCA_013396465.1	Smithornis capensis	Aves	ITPR2	found_unannotated	present_single_locus	R1	one locus at coverage 1.00 >= 0.7	1	67220	0	1	0	0	0	0	not_asked		0	0	the aligner placed this gene; synteny was not asked to
GCA_013396465.1	Smithornis capensis	Aves	ITPR3	found_annotated	present_single_locus	R1	one locus at coverage 0.86 >= 0.7	0.8573	67220	0	1	0	0	0	0	not_asked		0	0	the aligner placed this gene; synteny was not asked to
GCA_056776345.1	Spizella passerina	Aves	ITPR1	found_no_annotation	present_single_locus	R1	one locus at coverage 1.00 >= 0.7	1	5055426	1	1	0	0	0	0	not_asked		0	0	the aligner placed this gene; synteny was not asked to
GCA_056776345.1	Spizella passerina	Aves	ITPR2	found_no_annotation	present_single_locus	R1	one locus at coverage 1.00 >= 0.7	1	5055426	1	1	0	0	0	0	not_asked		0	0	the aligner placed this gene; synteny was not asked to
GCA_056776345.1	Spizella passerina	Aves	ITPR3	found_no_annotation	present_single_locus	R1	one locus at coverage 1.00 >= 0.7	1	5055426	1	1	0	0	0	0	not_asked		0	0	the aligner placed this gene; synteny was not asked to
GCA_054099775.1	Steatornis caripensis	Aves	ITPR1	found_annotated	present_single_locus	R1	one locus at coverage 1.00 >= 0.7	1	44324291	1	1	0	0	0	0	not_asked		0	0	the aligner placed this gene; synteny was not asked to
GCA_054099775.1	Steatornis caripensis	Aves	ITPR2	found_annotated	present_single_locus	R1	one locus at coverage 1.00 >= 0.7	1	44324291	1	1	0	0	0	0	not_asked		0	0	the aligner placed this gene; synteny was not asked to
GCA_054099775.1	Steatornis caripensis	Aves	ITPR3	found_annotated	present_single_locus	R1	one locus at coverage 1.00 >= 0.7	1	44324291	1	1	0	0	0	0	not_asked		0	0	the aligner placed this gene; synteny was not asked to
GCF_047716275.1	Strix uralensis	Aves	ITPR1	found_annotated	present_single_locus	R1	one locus at coverage 1.00 >= 0.7	1	16359274	1	1	0	0	0	0	not_asked		0	0	the aligner placed this gene; synteny was not asked to
GCF_047716275.1	Strix uralensis	Aves	ITPR2	found_annotated	present_single_locus	R1	one locus at coverage 1.00 >= 0.7	1	16359274	1	1	0	0	0	0	not_asked		0	0	the aligner placed this gene; synteny was not asked to
GCF_047716275.1	Strix uralensis	Aves	ITPR3	found_annotated	present_single_locus	R1	one locus at coverage 1.00 >= 0.7	1	16359274	1	1	0	0	0	0	not_asked		0	0	the aligner placed this gene; synteny was not asked to
GCF_040807025.1	Struthio camelus	Aves	ITPR1	found_annotated	present_single_locus	R1	one locus at coverage 1.00 >= 0.7	1	28829471	1	1	0	0	0	0	not_asked		0	0	the aligner placed this gene; synteny was not asked to
GCF_040807025.1	Struthio camelus	Aves	ITPR2	found_annotated	present_single_locus	R1	one locus at coverage 1.00 >= 0.7	1	28829471	1	1	0	0	0	0	not_asked		0	0	the aligner placed this gene; synteny was not asked to
GCF_040807025.1	Struthio camelus	Aves	ITPR3	found_annotated	present_single_locus	R1	one locus at coverage 1.00 >= 0.7	1	28829471	1	1	0	0	0	0	not_asked		0	0	the aligner placed this gene; synteny was not asked to
GCF_000698965.1	Struthio camelus australis	Aves	ITPR1	found_annotated	present_single_locus	R1	one locus at coverage 0.72 >= 0.7	0.7236	34997	0	1	0	0	0	0	not_asked		0	0	the aligner placed this gene; synteny was not asked to
GCF_000698965.1	Struthio camelus australis	Aves	ITPR2	found_annotated	present_single_locus	R1	one locus at coverage 0.99 >= 0.7	0.9885	34997	0	1	0	0	0	0	not_asked		0	0	the aligner placed this gene; synteny was not asked to
GCF_000698965.1	Struthio camelus australis	Aves	ITPR3	found_annotated	present_single_locus	R1	one locus at coverage 1.00 >= 0.7	1	34997	0	1	0	0	0	0	not_asked		0	0	the aligner placed this gene; synteny was not asked to
GCA_014839755.1	Sylvia borin	Aves	ITPR1	found_annotated	present_single_locus	R1	one locus at coverage 1.00 >= 0.7	1	31914676	1	1	0	0	0	0	not_asked		0	0	the aligner placed this gene; synteny was not asked to
GCA_014839755.1	Sylvia borin	Aves	ITPR2	found_annotated	present_single_locus	R1	one locus at coverage 1.00 >= 0.7	1	31914676	1	1	0	0	0	0	not_asked		0	0	the aligner placed this gene; synteny was not asked to
GCA_014839755.1	Sylvia borin	Aves	ITPR3	found_annotated	present_single_locus	R1	one locus at coverage 1.00 >= 0.7	1	31914676	1	1	0	0	0	0	not_asked		0	0	the aligner placed this gene; synteny was not asked to
GCF_009769465.1	Tauraco erythrolophus	Aves	ITPR1	found_annotated	present_single_locus	R1	one locus at coverage 1.00 >= 0.7	1	11927027	1	1	0	0	0	0	not_asked		0	0	the aligner placed this gene; synteny was not asked to
GCF_009769465.1	Tauraco erythrolophus	Aves	ITPR2	found_annotated	present_single_locus	R1	one locus at coverage 1.00 >= 0.7	1	11927027	1	1	0	0	0	0	not_asked		0	0	the aligner placed this gene; synteny was not asked to
GCF_009769465.1	Tauraco erythrolophus	Aves	ITPR3	found_annotated	present_single_locus	R1	one locus at coverage 1.00 >= 0.7	1	11927027	1	1	0	0	0	0	not_asked		0	0	the aligner placed this gene; synteny was not asked to
GCA_013400895.1	Thalassarche chlororhynchos	Aves	ITPR1	found_annotated	present_single_locus	R1	one locus at coverage 0.76 >= 0.7	0.7629	23404	0	1	0	0	0	0	not_asked		0	0	the aligner placed this gene; synteny was not asked to
GCA_013400895.1	Thalassarche chlororhynchos	Aves	ITPR2	tblastn_trace	present_fragmented	R4	0.89 of the reference reassembled from 8 contigs outside every locus the aligner found, bar 0.137	0	23404	0	1	0	0.89	1.0348	8	no_neighbourhood		12	1	9 of 12 regions have no flanking gene at all; the best has 1 informative neighbours against the 4 the caller needs
GCA_013400895.1	Thalassarche chlororhynchos	Aves	ITPR3	found_annotated	present_single_locus	R1	one locus at coverage 1.00 >= 0.7	1	23404	0	1	0	0	0	0	not_asked		0	0	the aligner placed this gene; synteny was not asked to
GCA_013397245.1	Thryothorus ludovicianus	Aves	ITPR1	assembly_gap	present_truncated	R2	locus at coverage 0.52, truncated at a contig edge or an N-run	0.5156	60402	0	1	2	0	0	0	not_asked		0	0	the aligner placed this gene; synteny was not asked to
GCA_013397245.1	Thryothorus ludovicianus	Aves	ITPR2	found_unannotated	present_single_locus	R1	one locus at coverage 0.88 >= 0.7	0.877	60402	0	1	2	0	0	0	not_asked		0	0	the aligner placed this gene; synteny was not asked to
GCA_013397245.1	Thryothorus ludovicianus	Aves	ITPR3	assembly_gap	present_truncated	R2	locus at coverage 0.62, truncated at a contig edge or an N-run	0.6157	60402	0	1	2	0	0	0	not_asked		0	0	the aligner placed this gene; synteny was not asked to
GCA_013390105.1	Tichodroma muraria	Aves	ITPR1	tblastn_trace	present_fragmented	R4	0.89 of the reference reassembled from 7 contigs outside every locus the aligner found, bar 0.137	0	14901	0	1	0	0.8859	1.0011	7	no_neighbourhood		12	3	9 of 12 regions have no flanking gene at all; the best has 3 informative neighbours against the 4 the caller needs
GCA_013390105.1	Tichodroma muraria	Aves	ITPR2	tblastn_trace	present_fragmented	R4	0.72 of the reference reassembled from 7 contigs outside every locus the aligner found, bar 0.137	0	14901	0	1	0	0.7211	0.8059	7	no_neighbourhood		12	3	9 of 12 regions have no flanking gene at all; the best has 3 informative neighbours against the 4 the caller needs
GCA_013390105.1	Tichodroma muraria	Aves	ITPR3	found_annotated	present_single_locus	R1	one locus at coverage 1.00 >= 0.7	1	14901	0	1	0	0	0	0	not_asked		0	0	the aligner placed this gene; synteny was not asked to
GCF_000705375.1	Tinamus guttatus	Aves	ITPR1	found_annotated	present_single_locus	R1	one locus at coverage 1.00 >= 0.7	1	29773	0	1	0	0	0	0	not_asked		0	0	the aligner placed this gene; synteny was not asked to
GCF_000705375.1	Tinamus guttatus	Aves	ITPR2	tblastn_trace	present_fragmented	R4	0.95 of the reference reassembled from 6 contigs outside every locus the aligner found, bar 0.137	0	29773	0	1	0	0.953	1.1037	6	corroborated	ITPR2;ITPR3	2	8	1 of 2 reachable regions call ITPR2
GCF_000705375.1	Tinamus guttatus	Aves	ITPR3	assembly_gap	present_truncated	R2	locus at coverage 0.57, truncated at a contig edge or an N-run	0.5679	29773	0	1	0	0	0	0	not_asked		0	0	the aligner placed this gene; synteny was not asked to
GCA_013389965.1	Todus mexicanus	Aves	ITPR1	tblastn_trace	present_fragmented	R4	0.59 of the reference reassembled from 12 contigs outside every locus the aligner found, bar 0.137	0	8743	0	1	0	0.594	0.6562	12	no_neighbourhood		12	0	12 of 12 regions have no flanking gene at all; the best has 0 informative neighbours against the 4 the caller needs
GCA_013389965.1	Todus mexicanus	Aves	ITPR2	tblastn_trace	present_fragmented	R4	0.17 of the reference reassembled from 4 contigs outside every locus the aligner found, bar 0.137	0	8743	0	1	0	0.1737	0.1985	4	no_neighbourhood		12	0	12 of 12 regions have no flanking gene at all; the best has 0 informative neighbours against the 4 the caller needs
GCA_013389965.1	Todus mexicanus	Aves	ITPR3	found_annotated	present_single_locus	R1	one locus at coverage 1.00 >= 0.7	1	8743	0	1	0	0	0	0	not_asked		0	0	the aligner placed this gene; synteny was not asked to
GCA_013399735.1	Tyrannus savana	Aves	ITPR1	found_unannotated	present_single_locus	R1	one locus at coverage 1.00 >= 0.7	1	72317	0	1	0	0	0	0	not_asked		0	0	the aligner placed this gene; synteny was not asked to
GCA_013399735.1	Tyrannus savana	Aves	ITPR2	assembly_gap	present_truncated	R2	locus at coverage 0.57, truncated at a contig edge or an N-run	0.5733	72317	0	1	0	0	0	0	not_asked		0	0	the aligner placed this gene; synteny was not asked to
GCA_013399735.1	Tyrannus savana	Aves	ITPR3	found_annotated	present_single_locus	R1	one locus at coverage 1.00 >= 0.7	1	72317	0	1	0	0	0	0	not_asked		0	0	the aligner placed this gene; synteny was not asked to
GCF_018691265.1	Tyto alba	Aves	ITPR1	found_annotated	present_single_locus	R1	one locus at coverage 1.00 >= 0.7	1	17955177	1	1	0	0	0	0	not_asked		0	0	the aligner placed this gene; synteny was not asked to
GCF_018691265.1	Tyto alba	Aves	ITPR2	found_annotated	present_single_locus	R1	one locus at coverage 1.00 >= 0.7	1	17955177	1	1	0	0	0	0	not_asked		0	0	the aligner placed this gene; synteny was not asked to
GCF_018691265.1	Tyto alba	Aves	ITPR3	found_annotated	present_single_locus	R1	one locus at coverage 1.00 >= 0.7	1	17955177	1	1	0	0	0	0	not_asked		0	0	the aligner placed this gene; synteny was not asked to
GCA_013401255.1	Urocolius indicus	Aves	ITPR1	found_unannotated	present_single_locus	R1	one locus at coverage 1.00 >= 0.7	1	94415	0	1	0	0	0	0	not_asked		0	0	the aligner placed this gene; synteny was not asked to
GCA_013401255.1	Urocolius indicus	Aves	ITPR2	assembly_gap	present_truncated	R2	locus at coverage 0.66, truncated at a contig edge or an N-run	0.6622	94415	0	1	0	0	0	0	not_asked		0	0	the aligner placed this gene; synteny was not asked to
GCA_013401255.1	Urocolius indicus	Aves	ITPR3	assembly_gap	present_truncated	R2	locus at coverage 0.58, truncated at a contig edge or an N-run	0.5757	94415	0	1	0	0	0	0	not_asked		0	0	the aligner placed this gene; synteny was not asked to
GCA_013396875.1	Vireo altiloquus	Aves	ITPR1	found_unannotated	present_single_locus	R1	one locus at coverage 1.00 >= 0.7	1	121572	0	1	0	0	0	0	not_asked		0	0	the aligner placed this gene; synteny was not asked to
GCA_013396875.1	Vireo altiloquus	Aves	ITPR2	found_unannotated	present_single_locus	R1	one locus at coverage 1.00 >= 0.7	1	121572	0	1	0	0	0	0	not_asked		0	0	the aligner placed this gene; synteny was not asked to
GCA_013396875.1	Vireo altiloquus	Aves	ITPR3	found_annotated	present_single_locus	R1	one locus at coverage 1.00 >= 0.7	1	121572	0	1	0	0	0	0	not_asked		0	0	the aligner placed this gene; synteny was not asked to
GCA_013399795.1	Zosterops hypoxanthus	Aves	ITPR1	assembly_gap	present_truncated	R2	locus at coverage 0.70, truncated at a contig edge or an N-run	0.6956	48044	0	1	1	0	0	0	not_asked		0	0	the aligner placed this gene; synteny was not asked to
GCA_013399795.1	Zosterops hypoxanthus	Aves	ITPR2	found_unannotated	present_single_locus	R1	one locus at coverage 1.00 >= 0.7	1	48044	0	1	1	0	0	0	not_asked		0	0	the aligner placed this gene; synteny was not asked to
GCA_013399795.1	Zosterops hypoxanthus	Aves	ITPR3	found_annotated	present_single_locus	R1	one locus at coverage 0.98 >= 0.7	0.9809	48044	0	1	1	0	0	0	not_asked		0	0	the aligner placed this gene; synteny was not asked to
GCF_018977255.1	Callorhinchus milii	Chondrichthyes	ITPR1	found_annotated	present_single_locus	R1	one locus at coverage 1.00 >= 0.7	1	1626615	1	1	0	0	0	0	not_asked		0	0	the aligner placed this gene; synteny was not asked to
GCF_018977255.1	Callorhinchus milii	Chondrichthyes	ITPR2	found_annotated	present_single_locus	R1	one locus at coverage 0.99 >= 0.7	0.9885	1626615	1	1	0	0	0	0	not_asked		0	0	the aligner placed this gene; synteny was not asked to
GCF_018977255.1	Callorhinchus milii	Chondrichthyes	ITPR3	found_annotated	present_single_locus	R1	one locus at coverage 1.00 >= 0.7	1	1626615	1	1	0	0	0	0	not_asked		0	0	the aligner placed this gene; synteny was not asked to
GCF_017639515.1	Carcharodon carcharias	Chondrichthyes	ITPR1	found_annotated	present_single_locus	R1	one locus at coverage 1.00 >= 0.7	1	6544962	1	1	0	0	0	0	not_asked		0	0	the aligner placed this gene; synteny was not asked to
GCF_017639515.1	Carcharodon carcharias	Chondrichthyes	ITPR2	found_annotated	present_single_locus	R1	one locus at coverage 1.00 >= 0.7	1	6544962	1	1	0	0	0	0	not_asked		0	0	the aligner placed this gene; synteny was not asked to
GCF_017639515.1	Carcharodon carcharias	Chondrichthyes	ITPR3	found_annotated	present_single_locus	R1	one locus at coverage 1.00 >= 0.7	1	6544962	1	1	0	0	0	0	not_asked		0	0	the aligner placed this gene; synteny was not asked to
GCF_047496795.1	Chiloscyllium punctatum	Chondrichthyes	ITPR1	found_annotated	present_single_locus	R1	one locus at coverage 1.00 >= 0.7	1	5342658	1	1	0	0	0	0	not_asked		0	0	the aligner placed this gene; synteny was not asked to
GCF_047496795.1	Chiloscyllium punctatum	Chondrichthyes	ITPR2	found_annotated	present_single_locus	R1	one locus at coverage 1.00 >= 0.7	1	5342658	1	1	0	0	0	0	not_asked		0	0	the aligner placed this gene; synteny was not asked to
GCF_047496795.1	Chiloscyllium punctatum	Chondrichthyes	ITPR3	found_annotated	present_single_locus	R1	one locus at coverage 1.00 >= 0.7	1	5342658	1	1	0	0	0	0	not_asked		0	0	the aligner placed this gene; synteny was not asked to
GCA_057876775.1	Echinorhinus cookei	Chondrichthyes	ITPR1	found_no_annotation	present_single_locus	R1	one locus at coverage 1.00 >= 0.7	1	2278199	1	1	0	0	0	0	not_asked		0	0	the aligner placed this gene; synteny was not asked to
GCA_057876775.1	Echinorhinus cookei	Chondrichthyes	ITPR2	found_no_annotation	present_single_locus	R1	one locus at coverage 1.00 >= 0.7	1	2278199	1	1	0	0	0	0	not_asked		0	0	the aligner placed this gene; synteny was not asked to
GCA_057876775.1	Echinorhinus cookei	Chondrichthyes	ITPR3	found_no_annotation	present_single_locus	R1	one locus at coverage 1.00 >= 0.7	1	2278199	1	1	0	0	0	0	not_asked		0	0	the aligner placed this gene; synteny was not asked to
GCF_048418815.1	Hemitrygon akajei	Chondrichthyes	ITPR1	found_annotated	present_single_locus	R1	one locus at coverage 1.00 >= 0.7	1	8940806	1	1	0	0	0	0	not_asked		0	0	the aligner placed this gene; synteny was not asked to
GCF_048418815.1	Hemitrygon akajei	Chondrichthyes	ITPR2	found_annotated	present_single_locus	R1	one locus at coverage 1.00 >= 0.7	0.9985	8940806	1	1	0	0	0	0	not_asked		0	0	the aligner placed this gene; synteny was not asked to
GCF_048418815.1	Hemitrygon akajei	Chondrichthyes	ITPR3	found_annotated	present_single_locus	R1	one locus at coverage 1.00 >= 0.7	1	8940806	1	1	0	0	0	0	not_asked		0	0	the aligner placed this gene; synteny was not asked to
GCF_035084215.1	Heptranchias perlo	Chondrichthyes	ITPR1	found_annotated	present_single_locus	R1	one locus at coverage 1.00 >= 0.7	1	4905566	1	1	0	0	0	0	not_asked		0	0	the aligner placed this gene; synteny was not asked to
GCF_035084215.1	Heptranchias perlo	Chondrichthyes	ITPR2	found_annotated	present_single_locus	R1	one locus at coverage 1.00 >= 0.7	1	4905566	1	1	0	0	0	0	not_asked		0	0	the aligner placed this gene; synteny was not asked to
GCF_035084215.1	Heptranchias perlo	Chondrichthyes	ITPR3	found_annotated	present_single_locus	R1	one locus at coverage 1.00 >= 0.7	1	4905566	1	1	0	0	0	0	not_asked		0	0	the aligner placed this gene; synteny was not asked to
GCF_036365525.1	Heterodontus francisci	Chondrichthyes	ITPR1	found_annotated	present_single_locus	R1	one locus at coverage 1.00 >= 0.7	1	3418954	1	1	0	0	0	0	not_asked		0	0	the aligner placed this gene; synteny was not asked to
GCF_036365525.1	Heterodontus francisci	Chondrichthyes	ITPR2	found_annotated	present_single_locus	R1	one locus at coverage 1.00 >= 0.7	1	3418954	1	1	0	0	0	0	not_asked		0	0	the aligner placed this gene; synteny was not asked to
GCF_036365525.1	Heterodontus francisci	Chondrichthyes	ITPR3	found_annotated	present_single_locus	R1	one locus at coverage 1.00 >= 0.7	1	3418954	1	1	0	0	0	0	not_asked		0	0	the aligner placed this gene; synteny was not asked to
GCF_036971445.1	Narcine bancroftii	Chondrichthyes	ITPR1	found_annotated	present_single_locus	R1	one locus at coverage 1.00 >= 0.7	1	5195315	1	1	0	0	0	0	not_asked		0	0	the aligner placed this gene; synteny was not asked to
GCF_036971445.1	Narcine bancroftii	Chondrichthyes	ITPR2	found_annotated	present_single_locus	R1	one locus at coverage 1.00 >= 0.7	0.9985	5195315	1	1	0	0	0	0	not_asked		0	0	the aligner placed this gene; synteny was not asked to
GCF_036971445.1	Narcine bancroftii	Chondrichthyes	ITPR3	found_annotated	present_single_locus	R1	one locus at coverage 1.00 >= 0.7	1	5195315	1	1	0	0	0	0	not_asked		0	0	the aligner placed this gene; synteny was not asked to
GCF_009764475.1	Pristis pectinata	Chondrichthyes	ITPR1	found_annotated	present_single_locus	R1	one locus at coverage 1.00 >= 0.7	1	17009522	1	1	0	0	0	0	not_asked		0	0	the aligner placed this gene; synteny was not asked to
GCF_009764475.1	Pristis pectinata	Chondrichthyes	ITPR2	found_annotated	present_single_locus	R1	one locus at coverage 1.00 >= 0.7	1	17009522	1	1	0	0	0	0	not_asked		0	0	the aligner placed this gene; synteny was not asked to
GCF_009764475.1	Pristis pectinata	Chondrichthyes	ITPR3	found_annotated	present_single_locus	R1	one locus at coverage 1.00 >= 0.7	1	17009522	1	1	0	0	0	0	not_asked		0	0	the aligner placed this gene; synteny was not asked to
GCF_963514005.1	Raja brachyura	Chondrichthyes	ITPR1	found_annotated	present_single_locus	R1	one locus at coverage 1.00 >= 0.7	0.9953	2048057	1	1	0	0	0	0	not_asked		0	0	the aligner placed this gene; synteny was not asked to
GCF_963514005.1	Raja brachyura	Chondrichthyes	ITPR2	found_annotated	present_single_locus	R1	one locus at coverage 1.00 >= 0.7	1	2048057	1	1	0	0	0	0	not_asked		0	0	the aligner placed this gene; synteny was not asked to
GCF_963514005.1	Raja brachyura	Chondrichthyes	ITPR3	found_annotated	present_single_locus	R1	one locus at coverage 1.00 >= 0.7	1	2048057	1	1	0	0	0	0	not_asked		0	0	the aligner placed this gene; synteny was not asked to
GCF_047496885.1	Scyliorhinus torazame	Chondrichthyes	ITPR1	found_annotated	present_single_locus	R1	one locus at coverage 1.00 >= 0.7	1	3187150	1	1	0	0	0	0	not_asked		0	0	the aligner placed this gene; synteny was not asked to
GCF_047496885.1	Scyliorhinus torazame	Chondrichthyes	ITPR2	found_annotated	present_single_locus	R1	one locus at coverage 1.00 >= 0.7	1	3187150	1	1	0	0	0	0	not_asked		0	0	the aligner placed this gene; synteny was not asked to
GCF_047496885.1	Scyliorhinus torazame	Chondrichthyes	ITPR3	found_annotated	present_single_locus	R1	one locus at coverage 1.00 >= 0.7	1	3187150	1	1	0	0	0	0	not_asked		0	0	the aligner placed this gene; synteny was not asked to
GCF_052327205.1	Somniosus microcephalus	Chondrichthyes	ITPR1	found_annotated	present_single_locus	R1	one locus at coverage 1.00 >= 0.7	1	1075145	1	1	0	0	0	0	not_asked		0	0	the aligner placed this gene; synteny was not asked to
GCF_052327205.1	Somniosus microcephalus	Chondrichthyes	ITPR2	found_annotated	present_single_locus	R1	one locus at coverage 1.00 >= 0.7	1	1075145	1	1	0	0	0	0	not_asked		0	0	the aligner placed this gene; synteny was not asked to
GCF_052327205.1	Somniosus microcephalus	Chondrichthyes	ITPR3	found_annotated	present_single_locus	R1	one locus at coverage 1.00 >= 0.7	1	1075145	1	1	0	0	0	0	not_asked		0	0	the aligner placed this gene; synteny was not asked to
GCF_900747795.2	Erpetoichthys calabaricus	Cladistia	ITPR1	found_annotated	present_single_locus	R1	one locus at coverage 1.00 >= 0.7	1	6772339	1	1	0	0	0	0	not_asked		0	0	the aligner placed this gene; synteny was not asked to
GCF_900747795.2	Erpetoichthys calabaricus	Cladistia	ITPR2	found_annotated	present_single_locus	R1	one locus at coverage 1.00 >= 0.7	1	6772339	1	1	0	0	0	0	not_asked		0	0	the aligner placed this gene; synteny was not asked to
GCF_900747795.2	Erpetoichthys calabaricus	Cladistia	ITPR3	found_annotated	present_single_locus	R1	one locus at coverage 1.00 >= 0.7	1	6772339	1	1	0	0	0	0	not_asked		0	0	the aligner placed this gene; synteny was not asked to
GCF_037176945.1	Latimeria chalumnae	Coelacanthimorpha	ITPR1	found_annotated	present_single_locus	R1	one locus at coverage 1.00 >= 0.7	1	42076942	1	1	0	0	0	0	not_asked		0	0	the aligner placed this gene; synteny was not asked to
GCF_037176945.1	Latimeria chalumnae	Coelacanthimorpha	ITPR2	found_annotated	present_single_locus	R1	one locus at coverage 1.00 >= 0.7	1	42076942	1	1	0	0	0	0	not_asked		0	0	the aligner placed this gene; synteny was not asked to
GCF_037176945.1	Latimeria chalumnae	Coelacanthimorpha	ITPR3	found_annotated	present_single_locus	R1	one locus at coverage 1.00 >= 0.7	1	42076942	1	1	0	0	0	0	not_asked		0	0	the aligner placed this gene; synteny was not asked to
GCF_030867095.1	Alligator mississippiensis	Crocodylia	ITPR1	found_annotated	present_single_locus	R1	one locus at coverage 1.00 >= 0.7	0.9978	38556409	1	1	0	0	0	0	not_asked		0	0	the aligner placed this gene; synteny was not asked to
GCF_030867095.1	Alligator mississippiensis	Crocodylia	ITPR2	found_annotated	present_single_locus	R1	one locus at coverage 1.00 >= 0.7	1	38556409	1	1	0	0	0	0	not_asked		0	0	the aligner placed this gene; synteny was not asked to
GCF_030867095.1	Alligator mississippiensis	Crocodylia	ITPR3	found_annotated	present_single_locus	R1	one locus at coverage 1.00 >= 0.7	1	38556409	1	1	0	0	0	0	not_asked		0	0	the aligner placed this gene; synteny was not asked to
GCF_019279795.1	Protopterus annectens	Dipnoi	ITPR1	found_annotated	present_single_locus	R1	one locus at coverage 1.00 >= 0.7	1	1603140	1	1	0	0	0	0	not_asked		0	0	the aligner placed this gene; synteny was not asked to
GCF_019279795.1	Protopterus annectens	Dipnoi	ITPR2	found_annotated	present_single_locus	R1	one locus at coverage 1.00 >= 0.7	1	1603140	1	1	0	0	0	0	not_asked		0	0	the aligner placed this gene; synteny was not asked to
GCF_019279795.1	Protopterus annectens	Dipnoi	ITPR3	found_annotated	present_single_locus	R1	one locus at coverage 1.00 >= 0.7	1	1603140	1	1	0	0	0	0	not_asked		0	0	the aligner placed this gene; synteny was not asked to
GCF_048934315.1	Petromyzon marinus	Hyperoartia	ITPR1	found_annotated	present_single_locus	R1	one locus at coverage 1.00 >= 0.7	1	4594409	1	1	2	0	0	0	not_asked		0	0	the aligner placed this gene; synteny was not asked to
GCF_048934315.1	Petromyzon marinus	Hyperoartia	ITPR2	absent	paralog_unassignable	R5	no locus in this cell, but 2 family loci in GCF_048934315.1 that no cell claimed	0	4594409	1	1	2	0	0	0	not_asked		0	0	the aligner placed this gene; synteny was not asked to
GCF_048934315.1	Petromyzon marinus	Hyperoartia	ITPR3	absent	paralog_unassignable	R5	no locus in this cell, but 2 family loci in GCF_048934315.1 that no cell claimed	0	4594409	1	1	2	0	0	0	not_asked		0	0	the aligner placed this gene; synteny was not asked to
GCA_018340635.1	Bothrops jararaca	Lepidosauria	ITPR1	found_no_annotation	present_single_locus	R1	one locus at coverage 0.97 >= 0.7	0.9701	162550	1	1	0	0	0	0	not_asked		0	0	the aligner placed this gene; synteny was not asked to
GCA_018340635.1	Bothrops jararaca	Lepidosauria	ITPR2	tblastn_trace	present_fragmented	R4	0.80 of the reference reassembled from 6 contigs outside every locus the aligner found, bar 0.137	0	162550	1	1	0	0.7956	1.03	6	not_asked		0	0	the aligner placed this gene; synteny was not asked to
GCA_018340635.1	Bothrops jararaca	Lepidosauria	ITPR3	found_no_annotation	present_single_locus	R1	one locus at coverage 1.00 >= 0.7	1	162550	1	1	0	0	0	0	not_asked		0	0	the aligner placed this gene; synteny was not asked to
GCF_027244095.1	Hemicordylus capensis	Lepidosauria	ITPR1	found_annotated	present_single_locus	R1	one locus at coverage 1.00 >= 0.7	1	160691000	1	1	0	0	0	0	not_asked		0	0	the aligner placed this gene; synteny was not asked to
GCF_027244095.1	Hemicordylus capensis	Lepidosauria	ITPR2	found_annotated	present_single_locus	R1	one locus at coverage 1.00 >= 0.7	1	160691000	1	1	0	0	0	0	not_asked		0	0	the aligner placed this gene; synteny was not asked to
GCF_027244095.1	Hemicordylus capensis	Lepidosauria	ITPR3	found_annotated	present_single_locus	R1	one locus at coverage 1.00 >= 0.7	1	160691000	1	1	0	0	0	0	not_asked		0	0	the aligner placed this gene; synteny was not asked to
GCA_004320025.1	Laticauda laticaudata	Lepidosauria	ITPR1	assembly_gap	present_truncated	R2	locus at coverage 0.58, truncated at a contig edge or an N-run	0.5817	35581	0	1	0	0	0	0	not_asked		0	0	the aligner placed this gene; synteny was not asked to
GCA_004320025.1	Laticauda laticaudata	Lepidosauria	ITPR2	assembly_gap	present_truncated	R2	locus at coverage 0.56, truncated at a contig edge or an N-run	0.5616	35581	0	1	0	0	0	0	not_asked		0	0	the aligner placed this gene; synteny was not asked to
GCA_004320025.1	Laticauda laticaudata	Lepidosauria	ITPR3	assembly_gap	present_truncated	R2	locus at coverage 0.59, truncated at a contig edge or an N-run	0.5911	35581	0	1	0	0	0	0	not_asked		0	0	the aligner placed this gene; synteny was not asked to
GCF_021028975.2	Sphaerodactylus townsendi	Lepidosauria	ITPR1	found_annotated	present_single_locus	R1	one locus at coverage 1.00 >= 0.7	1	9459502	1	1	0	0	0	0	not_asked		0	0	the aligner placed this gene; synteny was not asked to
GCF_021028975.2	Sphaerodactylus townsendi	Lepidosauria	ITPR2	found_annotated	present_single_locus	R1	one locus at coverage 1.00 >= 0.7	1	9459502	1	1	0	0	0	0	not_asked		0	0	the aligner placed this gene; synteny was not asked to
GCF_021028975.2	Sphaerodactylus townsendi	Lepidosauria	ITPR3	found_annotated	present_single_locus	R1	one locus at coverage 0.95 >= 0.7	0.9539	9459502	1	1	0	0	0	0	not_asked		0	0	the aligner placed this gene; synteny was not asked to
GCA_003113815.1	Sphenodon punctatus	Lepidosauria	ITPR1	found_no_annotation	present_single_locus	R1	one locus at coverage 1.00 >= 0.7	0.9975	27065	0	1	0	0	0	0	not_asked		0	0	the aligner placed this gene; synteny was not asked to
GCA_003113815.1	Sphenodon punctatus	Lepidosauria	ITPR2	found_no_annotation	present_single_locus	R1	one locus at coverage 1.00 >= 0.7	1	27065	0	1	0	0	0	0	not_asked		0	0	the aligner placed this gene; synteny was not asked to
GCA_003113815.1	Sphenodon punctatus	Lepidosauria	ITPR3	found_no_annotation	present_single_locus	R1	one locus at coverage 1.00 >= 0.7	1	27065	0	1	0	0	0	0	not_asked		0	0	the aligner placed this gene; synteny was not asked to
GCA_002197005.1	Cervus elaphus hippelaphus	Mammalia	ITPR1	found_unannotated	present_single_locus	R1	one locus at coverage 1.00 >= 0.7	1	7944	0	1	0	0	0	0	not_asked		0	0	the aligner placed this gene; synteny was not asked to
GCA_002197005.1	Cervus elaphus hippelaphus	Mammalia	ITPR2	found_unannotated	present_single_locus	R1	one locus at coverage 1.00 >= 0.7	1	7944	0	1	0	0	0	0	not_asked		0	0	the aligner placed this gene; synteny was not asked to
GCA_002197005.1	Cervus elaphus hippelaphus	Mammalia	ITPR3	tblastn_trace	present_fragmented	R4	0.64 of the reference reassembled from 2 contigs outside every locus the aligner found, bar 0.137	0	7944	0	1	0	0.6367	0.7142	2	no_neighbourhood		3	0	3 of 3 regions have no flanking gene at all; the best has 0 informative neighbours against the 4 the caller needs
GCA_010411085.1	Cervus hanglu yarkandensis	Mammalia	ITPR1	found_annotated	present_single_locus	R1	one locus at coverage 1.00 >= 0.7	1	268660	1	1	0	0	0	0	not_asked		0	0	the aligner placed this gene; synteny was not asked to
GCA_010411085.1	Cervus hanglu yarkandensis	Mammalia	ITPR2	found_annotated	present_single_locus	R1	one locus at coverage 1.00 >= 0.7	1	268660	1	1	0	0	0	0	not_asked		0	0	the aligner placed this gene; synteny was not asked to
GCA_010411085.1	Cervus hanglu yarkandensis	Mammalia	ITPR3	found_annotated	present_single_locus	R1	one locus at coverage 1.00 >= 0.7	1	268660	1	1	0	0	0	0	not_asked		0	0	the aligner placed this gene; synteny was not asked to
GCF_951640355.1	Cnephaeus nilssonii	Mammalia	ITPR1	found_annotated	present_single_locus	R1	one locus at coverage 1.00 >= 0.7	1	2474537	1	1	0	0	0	0	not_asked		0	0	the aligner placed this gene; synteny was not asked to
GCF_951640355.1	Cnephaeus nilssonii	Mammalia	ITPR2	found_annotated	present_single_locus	R1	one locus at coverage 1.00 >= 0.7	1	2474537	1	1	0	0	0	0	not_asked		0	0	the aligner placed this gene; synteny was not asked to
GCF_951640355.1	Cnephaeus nilssonii	Mammalia	ITPR3	found_annotated	present_single_locus	R1	one locus at coverage 1.00 >= 0.7	1	2474537	1	1	0	0	0	0	not_asked		0	0	the aligner placed this gene; synteny was not asked to
GCF_003668045.3	Cricetulus griseus	Mammalia	ITPR1	found_annotated	present_single_locus	R1	one locus at coverage 1.00 >= 0.7	1	2711962	1	1	0	0	0	0	not_asked		0	0	the aligner placed this gene; synteny was not asked to
GCF_003668045.3	Cricetulus griseus	Mammalia	ITPR2	found_annotated	present_single_locus	R1	one locus at coverage 1.00 >= 0.7	1	2711962	1	1	0	0	0	0	not_asked		0	0	the aligner placed this gene; synteny was not asked to
GCF_003668045.3	Cricetulus griseus	Mammalia	ITPR3	found_annotated	present_single_locus	R1	one locus at coverage 1.00 >= 0.7	1	2711962	1	1	0	0	0	0	not_asked		0	0	the aligner placed this gene; synteny was not asked to
GCF_027409185.1	Cynocephalus volans	Mammalia	ITPR1	found_annotated	present_single_locus	R1	one locus at coverage 1.00 >= 0.7	1	69195939	1	1	0	0	0	0	not_asked		0	0	the aligner placed this gene; synteny was not asked to
GCF_027409185.1	Cynocephalus volans	Mammalia	ITPR2	found_annotated	present_single_locus	R1	one locus at coverage 1.00 >= 0.7	1	69195939	1	1	0	0	0	0	not_asked		0	0	the aligner placed this gene; synteny was not asked to
GCF_027409185.1	Cynocephalus volans	Mammalia	ITPR3	found_annotated	present_single_locus	R1	one locus at coverage 1.00 >= 0.7	1	69195939	1	1	0	0	0	0	not_asked		0	0	the aligner placed this gene; synteny was not asked to
GCF_030445035.2	Dasypus novemcinctus	Mammalia	ITPR1	found_annotated	present_single_locus	R1	one locus at coverage 1.00 >= 0.7	1	13963394	1	1	0	0	0	0	not_asked		0	0	the aligner placed this gene; synteny was not asked to
GCF_030445035.2	Dasypus novemcinctus	Mammalia	ITPR2	found_annotated	present_single_locus	R1	one locus at coverage 1.00 >= 0.7	1	13963394	1	1	0	0	0	0	not_asked		0	0	the aligner placed this gene; synteny was not asked to
GCF_030445035.2	Dasypus novemcinctus	Mammalia	ITPR3	found_annotated	present_single_locus	R1	one locus at coverage 1.00 >= 0.7	1	13963394	1	1	0	0	0	0	not_asked		0	0	the aligner placed this gene; synteny was not asked to
GCF_020826845.1	Diceros bicornis minor	Mammalia	ITPR1	found_annotated	present_single_locus	R1	one locus at coverage 1.00 >= 0.7	1	28468213	1	1	0	0	0	0	not_asked		0	0	the aligner placed this gene; synteny was not asked to
GCF_020826845.1	Diceros bicornis minor	Mammalia	ITPR2	found_annotated	present_single_locus	R1	one locus at coverage 1.00 >= 0.7	1	28468213	1	1	0	0	0	0	not_asked		0	0	the aligner placed this gene; synteny was not asked to
GCF_020826845.1	Diceros bicornis minor	Mammalia	ITPR3	found_annotated	present_single_locus	R1	one locus at coverage 1.00 >= 0.7	1	28468213	1	1	0	0	0	0	not_asked		0	0	the aligner placed this gene; synteny was not asked to
GCF_019393635.1	Dromiciops gliroides	Mammalia	ITPR1	found_annotated	present_single_locus	R1	one locus at coverage 1.00 >= 0.7	1	38230856	1	1	0	0	0	0	not_asked		0	0	the aligner placed this gene; synteny was not asked to
GCF_019393635.1	Dromiciops gliroides	Mammalia	ITPR2	found_annotated	present_single_locus	R1	one locus at coverage 1.00 >= 0.7	1	38230856	1	1	0	0	0	0	not_asked		0	0	the aligner placed this gene; synteny was not asked to
GCF_019393635.1	Dromiciops gliroides	Mammalia	ITPR3	found_annotated	present_single_locus	R1	one locus at coverage 1.00 >= 0.7	1	38230856	1	1	0	0	0	0	not_asked		0	0	the aligner placed this gene; synteny was not asked to
GCF_000299155.1	Elephantulus edwardii	Mammalia	ITPR1	found_annotated	present_single_locus	R1	one locus at coverage 1.00 >= 0.7	1	24219	0	1	0	0	0	0	not_asked		0	0	the aligner placed this gene; synteny was not asked to
GCF_000299155.1	Elephantulus edwardii	Mammalia	ITPR2	found_annotated	present_single_locus	R1	one locus at coverage 1.00 >= 0.7	1	24219	0	1	0	0	0	0	not_asked		0	0	the aligner placed this gene; synteny was not asked to
GCF_000299155.1	Elephantulus edwardii	Mammalia	ITPR3	found_annotated	present_single_locus	R1	one locus at coverage 1.00 >= 0.7	1	24219	0	1	0	0	0	0	not_asked		0	0	the aligner placed this gene; synteny was not asked to
GCF_024166365.1	Elephas maximus indicus	Mammalia	ITPR1	found_annotated	present_single_locus	R1	one locus at coverage 1.00 >= 0.7	1	87987108	1	1	0	0	0	0	not_asked		0	0	the aligner placed this gene; synteny was not asked to
GCF_024166365.1	Elephas maximus indicus	Mammalia	ITPR2	found_annotated	present_single_locus	R1	one locus at coverage 1.00 >= 0.7	1	87987108	1	1	0	0	0	0	not_asked		0	0	the aligner placed this gene; synteny was not asked to
GCF_024166365.1	Elephas maximus indicus	Mammalia	ITPR3	found_annotated	present_single_locus	R1	one locus at coverage 1.00 >= 0.7	1	87987108	1	1	0	0	0	0	not_asked		0	0	the aligner placed this gene; synteny was not asked to
GCF_021613505.1	Equus quagga	Mammalia	ITPR1	found_annotated	present_single_locus	R1	one locus at coverage 1.00 >= 0.7	1	427941	1	1	0	0	0	0	not_asked		0	0	the aligner placed this gene; synteny was not asked to
GCF_021613505.1	Equus quagga	Mammalia	ITPR2	found_annotated	present_single_locus	R1	one locus at coverage 1.00 >= 0.7	1	427941	1	1	0	0	0	0	not_asked		0	0	the aligner placed this gene; synteny was not asked to
GCF_021613505.1	Equus quagga	Mammalia	ITPR3	found_annotated	present_single_locus	R1	one locus at coverage 1.00 >= 0.7	1	427941	1	1	0	0	0	0	not_asked		0	0	the aligner placed this gene; synteny was not asked to
GCF_054371585.1	Giraffa tippelskirchi	Mammalia	ITPR1	found_annotated	present_single_locus	R1	one locus at coverage 1.00 >= 0.7	1	166642423	1	1	0	0	0	0	not_asked		0	0	the aligner placed this gene; synteny was not asked to
GCF_054371585.1	Giraffa tippelskirchi	Mammalia	ITPR2	found_annotated	present_single_locus	R1	one locus at coverage 1.00 >= 0.7	1	166642423	1	1	0	0	0	0	not_asked		0	0	the aligner placed this gene; synteny was not asked to
GCF_054371585.1	Giraffa tippelskirchi	Mammalia	ITPR3	found_annotated	present_single_locus	R1	one locus at coverage 1.00 >= 0.7	1	166642423	1	1	0	0	0	0	not_asked		0	0	the aligner placed this gene; synteny was not asked to
GCF_016433145.1	Gracilinanus agilis	Mammalia	ITPR1	found_annotated	present_single_locus	R1	one locus at coverage 1.00 >= 0.7	1	73170	0	1	0	0	0	0	not_asked		0	0	the aligner placed this gene; synteny was not asked to
GCF_016433145.1	Gracilinanus agilis	Mammalia	ITPR2	found_annotated	present_single_locus	R1	one locus at coverage 1.00 >= 0.7	1	73170	0	1	0	0	0	0	not_asked		0	0	the aligner placed this gene; synteny was not asked to
GCF_016433145.1	Gracilinanus agilis	Mammalia	ITPR3	found_annotated	present_single_locus	R1	one locus at coverage 1.00 >= 0.7	1	73170	0	1	0	0	0	0	not_asked		0	0	the aligner placed this gene; synteny was not asked to
GCA_028571685.1	Heterohyrax brucei	Mammalia	ITPR1	found_annotated	present_single_locus	R1	one locus at coverage 1.00 >= 0.7	1	78495281	1	1	0	0	0	0	not_asked		0	0	the aligner placed this gene; synteny was not asked to
GCA_028571685.1	Heterohyrax brucei	Mammalia	ITPR2	found_annotated	present_single_locus	R1	one locus at coverage 1.00 >= 0.7	1	78495281	1	1	0	0	0	0	not_asked		0	0	the aligner placed this gene; synteny was not asked to
GCA_028571685.1	Heterohyrax brucei	Mammalia	ITPR3	found_annotated	present_single_locus	R1	one locus at coverage 1.00 >= 0.7	1	78495281	1	1	0	0	0	0	not_asked		0	0	the aligner placed this gene; synteny was not asked to
GCF_000001405.40	Homo sapiens	Mammalia	ITPR1	found_annotated	present_single_locus	R1	one locus at coverage 1.00 >= 0.7	1	57879411	1	1	0	0	0	0	not_asked		0	0	the aligner placed this gene; synteny was not asked to
GCF_000001405.40	Homo sapiens	Mammalia	ITPR2	found_annotated	present_single_locus	R1	one locus at coverage 1.00 >= 0.7	1	57879411	1	1	0	0	0	0	not_asked		0	0	the aligner placed this gene; synteny was not asked to
GCF_000001405.40	Homo sapiens	Mammalia	ITPR3	found_annotated	present_single_locus	R1	one locus at coverage 1.00 >= 0.7	1	57879411	1	1	0	0	0	0	not_asked		0	0	the aligner placed this gene; synteny was not asked to
GCA_054644205.1	Lestoros inca	Mammalia	ITPR1	found_no_annotation	present_single_locus	R1	one locus at coverage 1.00 >= 0.7	1	11940304	1	1	0	0	0	0	not_asked		0	0	the aligner placed this gene; synteny was not asked to
GCA_054644205.1	Lestoros inca	Mammalia	ITPR2	found_no_annotation	present_single_locus	R1	one locus at coverage 1.00 >= 0.7	1	11940304	1	1	0	0	0	0	not_asked		0	0	the aligner placed this gene; synteny was not asked to
GCA_054644205.1	Lestoros inca	Mammalia	ITPR3	found_no_annotation	present_single_locus	R1	one locus at coverage 1.00 >= 0.7	1	11940304	1	1	0	0	0	0	not_asked		0	0	the aligner placed this gene; synteny was not asked to
GCF_049350105.2	Macaca mulatta	Mammalia	ITPR1	found_annotated	present_single_locus	R1	one locus at coverage 1.00 >= 0.7	1	162285572	1	1	0	0	0	0	not_asked		0	0	the aligner placed this gene; synteny was not asked to
GCF_049350105.2	Macaca mulatta	Mammalia	ITPR2	found_annotated	present_single_locus	R1	one locus at coverage 1.00 >= 0.7	1	162285572	1	1	0	0	0	0	not_asked		0	0	the aligner placed this gene; synteny was not asked to
GCF_049350105.2	Macaca mulatta	Mammalia	ITPR3	found_annotated	present_single_locus	R1	one locus at coverage 1.00 >= 0.7	1	162285572	1	1	0	0	0	0	not_asked		0	0	the aligner placed this gene; synteny was not asked to
GCF_037893015.1	Macrotis lagotis	Mammalia	ITPR1	found_annotated	present_single_locus	R1	one locus at coverage 1.00 >= 0.7	1	1227456	1	1	0	0	0	0	not_asked		0	0	the aligner placed this gene; synteny was not asked to
GCF_037893015.1	Macrotis lagotis	Mammalia	ITPR2	found_annotated	present_single_locus	R1	one locus at coverage 1.00 >= 0.7	1	1227456	1	1	0	0	0	0	not_asked		0	0	the aligner placed this gene; synteny was not asked to
GCF_037893015.1	Macrotis lagotis	Mammalia	ITPR3	found_annotated	present_single_locus	R1	one locus at coverage 1.00 >= 0.7	1	1227456	1	1	0	0	0	0	not_asked		0	0	the aligner placed this gene; synteny was not asked to
GCF_030020395.1	Manis pentadactyla	Mammalia	ITPR1	found_annotated	present_single_locus	R1	one locus at coverage 1.00 >= 0.7	1	25547713	1	1	0	0	0	0	not_asked		0	0	the aligner placed this gene; synteny was not asked to
GCF_030020395.1	Manis pentadactyla	Mammalia	ITPR2	found_annotated	present_single_locus	R1	one locus at coverage 1.00 >= 0.7	1	25547713	1	1	0	0	0	0	not_asked		0	0	the aligner placed this gene; synteny was not asked to
GCF_030020395.1	Manis pentadactyla	Mammalia	ITPR3	found_annotated	present_single_locus	R1	one locus at coverage 1.00 >= 0.7	1	25547713	1	1	0	0	0	0	not_asked		0	0	the aligner placed this gene; synteny was not asked to
GCF_000001635.27	Mus musculus	Mammalia	ITPR1	found_annotated	present_single_locus	R1	one locus at coverage 1.00 >= 0.7	1	59462871	1	1	0	0	0	0	not_asked		0	0	the aligner placed this gene; synteny was not asked to
GCF_000001635.27	Mus musculus	Mammalia	ITPR2	found_annotated	present_single_locus	R1	one locus at coverage 1.00 >= 0.7	1	59462871	1	1	0	0	0	0	not_asked		0	0	the aligner placed this gene; synteny was not asked to
GCF_000001635.27	Mus musculus	Mammalia	ITPR3	found_annotated	present_single_locus	R1	one locus at coverage 1.00 >= 0.7	1	59462871	1	1	0	0	0	0	not_asked		0	0	the aligner placed this gene; synteny was not asked to
GCF_020171115.1	Neogale vison	Mammalia	ITPR1	found_annotated	present_single_locus	R1	one locus at coverage 1.00 >= 0.7	1	220349319	1	1	0	0	0	0	not_asked		0	0	the aligner placed this gene; synteny was not asked to
GCF_020171115.1	Neogale vison	Mammalia	ITPR2	found_annotated	present_single_locus	R1	one locus at coverage 1.00 >= 0.7	1	220349319	1	1	0	0	0	0	not_asked		0	0	the aligner placed this gene; synteny was not asked to
GCF_020171115.1	Neogale vison	Mammalia	ITPR3	found_annotated	present_single_locus	R1	one locus at coverage 1.00 >= 0.7	1	220349319	1	1	0	0	0	0	not_asked		0	0	the aligner placed this gene; synteny was not asked to
GCF_028372415.1	Notamacropus eugenii	Mammalia	ITPR1	found_annotated	present_single_locus	R1	one locus at coverage 1.00 >= 0.7	1	15255043	1	1	0	0	0	0	not_asked		0	0	the aligner placed this gene; synteny was not asked to
GCF_028372415.1	Notamacropus eugenii	Mammalia	ITPR2	found_annotated	present_single_locus	R1	one locus at coverage 1.00 >= 0.7	1	15255043	1	1	0	0	0	0	not_asked		0	0	the aligner placed this gene; synteny was not asked to
GCF_028372415.1	Notamacropus eugenii	Mammalia	ITPR3	found_annotated	present_single_locus	R1	one locus at coverage 1.00 >= 0.7	1	15255043	1	1	0	0	0	0	not_asked		0	0	the aligner placed this gene; synteny was not asked to
GCA_048126345.2	Notoryctes typhlops	Mammalia	ITPR1	found_no_annotation	present_single_locus	R1	one locus at coverage 1.00 >= 0.7	1	84282059	1	1	0	0	0	0	not_asked		0	0	the aligner placed this gene; synteny was not asked to
GCA_048126345.2	Notoryctes typhlops	Mammalia	ITPR2	found_no_annotation	present_single_locus	R1	one locus at coverage 1.00 >= 0.7	1	84282059	1	1	0	0	0	0	not_asked		0	0	the aligner placed this gene; synteny was not asked to
GCA_048126345.2	Notoryctes typhlops	Mammalia	ITPR3	found_no_annotation	present_single_locus	R1	one locus at coverage 1.00 >= 0.7	1	84282059	1	1	0	0	0	0	not_asked		0	0	the aligner placed this gene; synteny was not asked to
GCF_004115215.2	Ornithorhynchus anatinus	Mammalia	ITPR1	found_annotated	present_single_locus	R1	one locus at coverage 1.00 >= 0.7	1	15146802	1	1	0	0	0	0	not_asked		0	0	the aligner placed this gene; synteny was not asked to
GCF_004115215.2	Ornithorhynchus anatinus	Mammalia	ITPR2	found_annotated	present_single_locus	R1	one locus at coverage 1.00 >= 0.7	1	15146802	1	1	0	0	0	0	not_asked		0	0	the aligner placed this gene; synteny was not asked to
GCF_004115215.2	Ornithorhynchus anatinus	Mammalia	ITPR3	found_annotated	present_single_locus	R1	one locus at coverage 1.00 >= 0.7	1	15146802	1	1	0	0	0	0	not_asked		0	0	the aligner placed this gene; synteny was not asked to
GCF_000298275.1	Orycteropus afer afer	Mammalia	ITPR1	found_annotated	present_single_locus	R1	one locus at coverage 1.00 >= 0.7	1	17683	0	1	0	0	0	0	not_asked		0	0	the aligner placed this gene; synteny was not asked to
GCF_000298275.1	Orycteropus afer afer	Mammalia	ITPR2	found_annotated	present_single_locus	R1	one locus at coverage 1.00 >= 0.7	1	17683	0	1	0	0	0	0	not_asked		0	0	the aligner placed this gene; synteny was not asked to
GCF_000298275.1	Orycteropus afer afer	Mammalia	ITPR3	found_annotated	present_single_locus	R1	one locus at coverage 1.00 >= 0.7	1	17683	0	1	0	0	0	0	not_asked		0	0	the aligner placed this gene; synteny was not asked to
GCF_964237555.1	Oryctolagus cuniculus	Mammalia	ITPR1	found_annotated	present_single_locus	R1	one locus at coverage 1.00 >= 0.7	1	2030165	1	1	0	0	0	0	not_asked		0	0	the aligner placed this gene; synteny was not asked to
GCF_964237555.1	Oryctolagus cuniculus	Mammalia	ITPR2	found_annotated	present_single_locus	R1	one locus at coverage 1.00 >= 0.7	1	2030165	1	1	0	0	0	0	not_asked		0	0	the aligner placed this gene; synteny was not asked to
GCF_964237555.1	Oryctolagus cuniculus	Mammalia	ITPR3	found_annotated	present_single_locus	R1	one locus at coverage 1.00 >= 0.7	1	2030165	1	1	0	0	0	0	not_asked		0	0	the aligner placed this gene; synteny was not asked to
GCA_987193245.1	Pontoporia blainvillei	Mammalia	ITPR1	found_no_annotation	present_single_locus	R1	one locus at coverage 1.00 >= 0.7	1	20985247	1	1	0	0	0	0	not_asked		0	0	the aligner placed this gene; synteny was not asked to
GCA_987193245.1	Pontoporia blainvillei	Mammalia	ITPR2	found_no_annotation	present_single_locus	R1	one locus at coverage 1.00 >= 0.7	1	20985247	1	1	0	0	0	0	not_asked		0	0	the aligner placed this gene; synteny was not asked to
GCA_987193245.1	Pontoporia blainvillei	Mammalia	ITPR3	found_no_annotation	present_single_locus	R1	one locus at coverage 1.00 >= 0.7	1	20985247	1	1	0	0	0	0	not_asked		0	0	the aligner placed this gene; synteny was not asked to
GCA_023764695.1	Pygathrix nigripes	Mammalia	ITPR1	found_no_annotation	present_single_locus	R1	one locus at coverage 1.00 >= 0.7	1	14260291	1	1	0	0	0	0	not_asked		0	0	the aligner placed this gene; synteny was not asked to
GCA_023764695.1	Pygathrix nigripes	Mammalia	ITPR2	found_no_annotation	present_single_locus	R1	one locus at coverage 1.00 >= 0.7	1	14260291	1	1	0	0	0	0	not_asked		0	0	the aligner placed this gene; synteny was not asked to
GCA_023764695.1	Pygathrix nigripes	Mammalia	ITPR3	found_no_annotation	present_single_locus	R1	one locus at coverage 1.00 >= 0.7	1	14260291	1	1	0	0	0	0	not_asked		0	0	the aligner placed this gene; synteny was not asked to
GCF_036850765.1	Saccopteryx bilineata	Mammalia	ITPR1	found_annotated	present_single_locus	R1	one locus at coverage 1.00 >= 0.7	1	20156883	1	1	0	0	0	0	not_asked		0	0	the aligner placed this gene; synteny was not asked to
GCF_036850765.1	Saccopteryx bilineata	Mammalia	ITPR2	found_annotated	present_single_locus	R1	one locus at coverage 1.00 >= 0.7	1	20156883	1	1	0	0	0	0	not_asked		0	0	the aligner placed this gene; synteny was not asked to
GCF_036850765.1	Saccopteryx bilineata	Mammalia	ITPR3	found_annotated	present_single_locus	R1	one locus at coverage 1.00 >= 0.7	1	20156883	1	1	0	0	0	0	not_asked		0	0	the aligner placed this gene; synteny was not asked to
GCA_031835075.1	Saguinus oedipus	Mammalia	ITPR1	found_unannotated	present_single_locus	R1	one locus at coverage 1.00 >= 0.7	1	91852676	1	1	0	0	0	0	not_asked		0	0	the aligner placed this gene; synteny was not asked to
GCA_031835075.1	Saguinus oedipus	Mammalia	ITPR2	found_unannotated	present_single_locus	R1	one locus at coverage 1.00 >= 0.7	1	91852676	1	1	0	0	0	0	not_asked		0	0	the aligner placed this gene; synteny was not asked to
GCA_031835075.1	Saguinus oedipus	Mammalia	ITPR3	found_unannotated	present_single_locus	R1	one locus at coverage 1.00 >= 0.7	1	91852676	1	1	0	0	0	0	not_asked		0	0	the aligner placed this gene; synteny was not asked to
GCF_048593235.1	Sminthopsis crassicaudata	Mammalia	ITPR1	found_annotated	present_single_locus	R1	one locus at coverage 1.00 >= 0.7	1	4359487	1	1	0	0	0	0	not_asked		0	0	the aligner placed this gene; synteny was not asked to
GCF_048593235.1	Sminthopsis crassicaudata	Mammalia	ITPR2	found_annotated	present_single_locus	R1	one locus at coverage 1.00 >= 0.7	1	4359487	1	1	0	0	0	0	not_asked		0	0	the aligner placed this gene; synteny was not asked to
GCF_048593235.1	Sminthopsis crassicaudata	Mammalia	ITPR3	found_annotated	present_single_locus	R1	one locus at coverage 1.00 >= 0.7	1	4359487	1	1	0	0	0	0	not_asked		0	0	the aligner placed this gene; synteny was not asked to
GCF_027595985.1	Sorex araneus	Mammalia	ITPR1	found_annotated	present_single_locus	R1	one locus at coverage 1.00 >= 0.7	1	4024507	1	1	0	0	0	0	not_asked		0	0	the aligner placed this gene; synteny was not asked to
GCF_027595985.1	Sorex araneus	Mammalia	ITPR2	found_annotated	present_single_locus	R1	one locus at coverage 1.00 >= 0.7	1	4024507	1	1	0	0	0	0	not_asked		0	0	the aligner placed this gene; synteny was not asked to
GCF_027595985.1	Sorex araneus	Mammalia	ITPR3	found_annotated	present_single_locus	R1	one locus at coverage 1.00 >= 0.7	1	4024507	1	1	0	0	0	0	not_asked		0	0	the aligner placed this gene; synteny was not asked to
GCA_007760645.1	Sousa chinensis	Mammalia	ITPR1	found_no_annotation	present_single_locus	R1	one locus at coverage 1.00 >= 0.7	1	113766	0	1	0	0	0	0	not_asked		0	0	the aligner placed this gene; synteny was not asked to
GCA_007760645.1	Sousa chinensis	Mammalia	ITPR2	found_no_annotation	present_single_locus	R1	one locus at coverage 1.00 >= 0.7	1	113766	0	1	0	0	0	0	not_asked		0	0	the aligner placed this gene; synteny was not asked to
GCA_007760645.1	Sousa chinensis	Mammalia	ITPR3	found_no_annotation	present_single_locus	R1	one locus at coverage 1.00 >= 0.7	1	113766	0	1	0	0	0	0	not_asked		0	0	the aligner placed this gene; synteny was not asked to
GCF_023851605.1	Tamandua tetradactyla	Mammalia	ITPR1	found_annotated	present_single_locus	R1	one locus at coverage 1.00 >= 0.7	1	9869167	1	1	0	0	0	0	not_asked		0	0	the aligner placed this gene; synteny was not asked to
GCF_023851605.1	Tamandua tetradactyla	Mammalia	ITPR2	found_annotated	present_single_locus	R1	one locus at coverage 1.00 >= 0.7	1	9869167	1	1	0	0	0	0	not_asked		0	0	the aligner placed this gene; synteny was not asked to
GCF_023851605.1	Tamandua tetradactyla	Mammalia	ITPR3	found_annotated	present_single_locus	R1	one locus at coverage 1.00 >= 0.7	1	9869167	1	1	0	0	0	0	not_asked		0	0	the aligner placed this gene; synteny was not asked to
GCF_050624435.1	Tenrec ecaudatus	Mammalia	ITPR1	found_annotated	present_single_locus	R1	one locus at coverage 1.00 >= 0.7	1	41601014	1	1	0	0	0	0	not_asked		0	0	the aligner placed this gene; synteny was not asked to
GCF_050624435.1	Tenrec ecaudatus	Mammalia	ITPR2	found_annotated	present_single_locus	R1	one locus at coverage 1.00 >= 0.7	1	41601014	1	1	0	0	0	0	not_asked		0	0	the aligner placed this gene; synteny was not asked to
GCF_050624435.1	Tenrec ecaudatus	Mammalia	ITPR3	found_annotated	present_single_locus	R1	one locus at coverage 1.00 >= 0.7	1	41601014	1	1	0	0	0	0	not_asked		0	0	the aligner placed this gene; synteny was not asked to
GCF_000243295.1	Trichechus manatus latirostris	Mammalia	ITPR1	found_annotated	present_single_locus	R1	one locus at coverage 1.00 >= 0.7	1	37750	0	1	0	0	0	0	not_asked		0	0	the aligner placed this gene; synteny was not asked to
GCF_000243295.1	Trichechus manatus latirostris	Mammalia	ITPR2	found_annotated	present_single_locus	R1	one locus at coverage 1.00 >= 0.7	1	37750	0	1	0	0	0	0	not_asked		0	0	the aligner placed this gene; synteny was not asked to
GCF_000243295.1	Trichechus manatus latirostris	Mammalia	ITPR3	found_annotated	present_single_locus	R1	one locus at coverage 1.00 >= 0.7	1	37750	0	1	0	0	0	0	not_asked		0	0	the aligner placed this gene; synteny was not asked to
GCF_000334495.1	Tupaia belangeri chinensis	Mammalia	ITPR1	found_annotated	present_single_locus	R1	one locus at coverage 1.00 >= 0.7	1	25938	0	1	0	0	0	0	not_asked		0	0	the aligner placed this gene; synteny was not asked to
GCF_000334495.1	Tupaia belangeri chinensis	Mammalia	ITPR2	found_annotated	present_single_locus	R1	one locus at coverage 0.99 >= 0.7	0.9885	25938	0	1	0	0	0	0	not_asked		0	0	the aligner placed this gene; synteny was not asked to
GCF_000334495.1	Tupaia belangeri chinensis	Mammalia	ITPR3	found_annotated	present_single_locus	R1	one locus at coverage 1.00 >= 0.7	1	25938	0	1	0	0	0	0	not_asked		0	0	the aligner placed this gene; synteny was not asked to
GCF_964187855.1	Myxine glutinosa	Myxini	ITPR1	found_annotated	present_single_locus	R1	one locus at coverage 1.00 >= 0.7	1	739991	1	1	2	0	0	0	not_asked		0	0	the aligner placed this gene; synteny was not asked to
GCF_964187855.1	Myxine glutinosa	Myxini	ITPR2	absent	paralog_unassignable	R5	no locus in this cell, but 2 family loci in GCF_964187855.1 that no cell claimed	0	739991	1	1	2	0	0	0	not_asked		0	0	the aligner placed this gene; synteny was not asked to
GCF_964187855.1	Myxine glutinosa	Myxini	ITPR3	absent	paralog_unassignable	R5	no locus in this cell, but 2 family loci in GCF_964187855.1 that no cell claimed	0	739991	1	1	2	0	0	0	not_asked		0	0	the aligner placed this gene; synteny was not asked to
GCF_025201925.1	Gopherus flavomarginatus	Testudines	ITPR1	found_annotated	present_single_locus	R1	one locus at coverage 1.00 >= 0.7	0.9975	6917139	1	1	0	0	0	0	not_asked		0	0	the aligner placed this gene; synteny was not asked to
GCF_025201925.1	Gopherus flavomarginatus	Testudines	ITPR2	found_annotated	present_single_locus	R1	one locus at coverage 1.00 >= 0.7	1	6917139	1	1	0	0	0	0	not_asked		0	0	the aligner placed this gene; synteny was not asked to
GCF_025201925.1	Gopherus flavomarginatus	Testudines	ITPR3	found_annotated	present_single_locus	R1	one locus at coverage 1.00 >= 0.7	1	6917139	1	1	0	0	0	0	not_asked		0	0	the aligner placed this gene; synteny was not asked to
