label	accession	organism	vclass	vorder	cell	locus_idx	status	window	n_flanks	scanned_up	scanned_down	n_informative	n_root_keys	in_matrix	keys_relaxed
Cathartes_aura|GCA_000699945.1|ITPR2.0	GCA_000699945.1	Cathartes aura	Aves	Accipitriformes	ITPR2	0	fragment	fixed10	0	0	0	0	0	1	
Cathartes_aura|GCA_000699945.1|ITPR3.0	GCA_000699945.1	Cathartes aura	Aves	Accipitriformes	ITPR3	0	found_annotated	fixed10	0	0	0	0	0	1	
Cathartes_aura|GCA_000699945.1|RYR.0	GCA_000699945.1	Cathartes aura	Aves	Accipitriformes	RYR	0	assembly_gap	fixed10	0	0	0	0	0	1	
Cathartes_aura|GCA_000699945.1|RYR.1	GCA_000699945.1	Cathartes aura	Aves	Accipitriformes	RYR	1	assembly_gap	fixed10	0	0	0	0	0	0	
Cathartes_aura|GCA_000699945.1|RYR.2	GCA_000699945.1	Cathartes aura	Aves	Accipitriformes	RYR	2	assembly_gap	fixed10	0	0	0	0	0	0	
Cathartes_aura|GCA_000699945.1|RYR.3	GCA_000699945.1	Cathartes aura	Aves	Accipitriformes	RYR	3	assembly_gap	fixed10	0	0	0	0	0	0	
Cervus_elaphus_hippelaphus|GCA_002197005.1|ITPR1.0	GCA_002197005.1	Cervus elaphus hippelaphus	Mammalia	Artiodactyla	ITPR1	0	found_unannotated	fixed10	20	10	10	0	0	1	
Cervus_elaphus_hippelaphus|GCA_002197005.1|ITPR2.0	GCA_002197005.1	Cervus elaphus hippelaphus	Mammalia	Artiodactyla	ITPR2	0	found_unannotated	fixed10	20	10	10	0	0	1	
Cervus_elaphus_hippelaphus|GCA_002197005.1|RYR.0	GCA_002197005.1	Cervus elaphus hippelaphus	Mammalia	Artiodactyla	RYR	0	found_unannotated	fixed10	20	10	10	0	0	0	
Cervus_elaphus_hippelaphus|GCA_002197005.1|RYR.1	GCA_002197005.1	Cervus elaphus hippelaphus	Mammalia	Artiodactyla	RYR	1	found_unannotated	fixed10	20	10	10	0	0	1	
Cervus_elaphus_hippelaphus|GCA_002197005.1|RYR.2	GCA_002197005.1	Cervus elaphus hippelaphus	Mammalia	Artiodactyla	RYR	2	found_unannotated	fixed10	20	10	10	0	0	0	
Limosa_lapponica_baueri|GCA_002844005.1|ITPR3.0	GCA_002844005.1	Limosa lapponica baueri	Aves	Charadriiformes	ITPR3	0	found_annotated	fixed10	1	1	0	0	0	1	
Limosa_lapponica_baueri|GCA_002844005.1|RYR.0	GCA_002844005.1	Limosa lapponica baueri	Aves	Charadriiformes	RYR	0	found_unannotated	fixed10	20	10	10	0	0	1	
Limosa_lapponica_baueri|GCA_002844005.1|RYR.1	GCA_002844005.1	Limosa lapponica baueri	Aves	Charadriiformes	RYR	1	found_unannotated	fixed10	20	10	10	0	0	0	
Bambusicola_thoracicus|GCA_002909625.1|ITPR1.0	GCA_002909625.1	Bambusicola thoracicus	Aves	Galliformes	ITPR1	0	assembly_gap	fixed10	0	0	0	0	0	1	
Bambusicola_thoracicus|GCA_002909625.1|ITPR1.1	GCA_002909625.1	Bambusicola thoracicus	Aves	Galliformes	ITPR1	1	assembly_gap	fixed10	0	0	0	0	0	0	
Bambusicola_thoracicus|GCA_002909625.1|ITPR2.0	GCA_002909625.1	Bambusicola thoracicus	Aves	Galliformes	ITPR2	0	assembly_gap	fixed10	0	0	0	0	0	1	
Bambusicola_thoracicus|GCA_002909625.1|ITPR2.1	GCA_002909625.1	Bambusicola thoracicus	Aves	Galliformes	ITPR2	1	assembly_gap	fixed10	0	0	0	0	0	0	
Bambusicola_thoracicus|GCA_002909625.1|ITPR3.0	GCA_002909625.1	Bambusicola thoracicus	Aves	Galliformes	ITPR3	0	assembly_gap	fixed10	0	0	0	0	0	1	
Bambusicola_thoracicus|GCA_002909625.1|ITPR3.1	GCA_002909625.1	Bambusicola thoracicus	Aves	Galliformes	ITPR3	1	assembly_gap	fixed10	1	0	1	0	0	0	
Bambusicola_thoracicus|GCA_002909625.1|RYR.0	GCA_002909625.1	Bambusicola thoracicus	Aves	Galliformes	RYR	0	assembly_gap	fixed10	0	0	0	0	0	0	
Bambusicola_thoracicus|GCA_002909625.1|RYR.1	GCA_002909625.1	Bambusicola thoracicus	Aves	Galliformes	RYR	1	assembly_gap	fixed10	0	0	0	0	0	0	
Bambusicola_thoracicus|GCA_002909625.1|RYR.2	GCA_002909625.1	Bambusicola thoracicus	Aves	Galliformes	RYR	2	assembly_gap	fixed10	0	0	0	0	0	1	
Bambusicola_thoracicus|GCA_002909625.1|RYR.3	GCA_002909625.1	Bambusicola thoracicus	Aves	Galliformes	RYR	3	assembly_gap	fixed10	0	0	0	0	0	0	
Alca_torda|GCA_008658365.1|ITPR1.0	GCA_008658365.1	Alca torda	Aves	Charadriiformes	ITPR1	0	found_annotated	fixed10	20	10	10	17	17	1	ARL8B;BHLHE40;CAV3;CHL1;CNTN6;CRBN;EDEM1;GRM7;IL5RA;LMCD1;LRRN1;OXTR;RAD18;SRGAP3;SSUH2;SUMF1;TRNT1
Alca_torda|GCA_008658365.1|ITPR2.0	GCA_008658365.1	Alca torda	Aves	Charadriiformes	ITPR2	0	found_annotated	fixed10	20	10	10	17	17	1	BHLHE41;BMAL2;CYB5R3;DNAI7;ETFRF1;FGFR1OP2;GYS2;INTS13;LDHB;MED21;PPFIBP1;RASSF8;REP15;SPX;SSPN;STK38L;TM7SF3
Alca_torda|GCA_008658365.1|ITPR3.0	GCA_008658365.1	Alca torda	Aves	Charadriiformes	ITPR3	0	found_annotated	fixed10	20	10	10	12	12	1	APOBEC2;BAK1;GRM4;HMGA1;IP6K3;LEMD2;MLN;NFYA;NUDT3;OARD1;PACSIN1;SMIM29
Alca_torda|GCA_008658365.1|RYR.0	GCA_008658365.1	Alca torda	Aves	Charadriiformes	RYR	0	found_annotated	fixed10	20	10	10	20	20	1	ACTN2;CHRM3;EDARADD;ERO1B;EXO1;FMN2;GNG4;GPR137B;GREM2;HEATR1;LGALS8;LYST;MAP1LC3C;MTR;NID1;OPN3;PIGM;PLD5;RGS7;WDR64
Alca_torda|GCA_008658365.1|RYR.1	GCA_008658365.1	Alca torda	Aves	Charadriiformes	RYR	1	found_annotated	fixed10	20	10	10	19	19	0	ARHGAP11A;AVEN;CDIN1;CHRM5;DPH6;EIF2AK4;EMC7;FAM98B;FMN1;FSIP1;GPR176;GREM1;KATNBL1;MEIS2;RASGRP1;SCG5;SPRED1;SRP14;THBS1
Bucorvus_abyssinicus|GCA_009769605.1|ITPR1.0	GCA_009769605.1	Bucorvus abyssinicus	Aves	Bucerotiformes	ITPR1	0	found_annotated	fixed10	20	10	10	18	17	1	ARL8B;BHLHE40;CAV3;CHL1;CNTN4;CNTN6;CRBN;EDEM1;GRM7;IL5RA;LMCD1;LRRN1;OXTR;RAD18;SRGAP3;SSUH2;SUMF1;TRNT1
Bucorvus_abyssinicus|GCA_009769605.1|ITPR2.0	GCA_009769605.1	Bucorvus abyssinicus	Aves	Bucerotiformes	ITPR2	0	found_annotated	fixed10	19	10	9	16	16	1	BHLHE41;CCDC22;FGFR1OP2;GABARAPL1;INTS13;KRAS;LMNTD1;MRPL51;RASSF8;SCNN1A;SSPN;STYK1;SYCE3;TMEM52B;VAMP1;YBX3
Bucorvus_abyssinicus|GCA_009769605.1|ITPR3.0	GCA_009769605.1	Bucorvus abyssinicus	Aves	Bucerotiformes	ITPR3	0	found_annotated	fixed10	20	10	10	16	16	1	APOBEC2;BAK1;FOXP4;GRM4;HMGA1;LEMD2;MDFI;MLN;NFYA;NUDT3;OARD1;PACSIN1;RPS10;SMIM29;SPDEF;TSPO2
Bucorvus_abyssinicus|GCA_009769605.1|RYR.0	GCA_009769605.1	Bucorvus abyssinicus	Aves	Bucerotiformes	RYR	0	found_annotated	fixed10	20	10	10	19	19	0	ACTN2;B3GALNT2;CHRM3;EDARADD;ERO1B;EXO1;GPR137B;GREM2;HEATR1;LGALS8;LYST;MAP1LC3C;MTR;NID1;OPN3;PIGM;PLD5;RGS7;WDR64
Bucorvus_abyssinicus|GCA_009769605.1|RYR.1	GCA_009769605.1	Bucorvus abyssinicus	Aves	Bucerotiformes	RYR	1	found_annotated	fixed10	20	10	10	18	18	1	AVEN;CDIN1;CHRM5;DPH6;EIF2AK4;EMC7;FAM98B;FMN1;FSIP1;GPR176;GREM1;KATNBL1;MEIS2;RASGRP1;SPRED1;SRP14;THBS1;ZNF770
Phoenicopterus_ruber_ruber|GCA_009819775.1|ITPR1.0	GCA_009819775.1	Phoenicopterus ruber ruber	Aves	Phoenicopteriformes	ITPR1	0	found_annotated	fixed10	20	10	10	16	16	1	ARL8B;BHLHE40;CAV3;CHL1;CRBN;EDEM1;GRM7;IL5RA;LMCD1;LRRN1;OXTR;RAD18;SRGAP3;SSUH2;SUMF1;TRNT1
Phoenicopterus_ruber_ruber|GCA_009819775.1|ITPR2.0	GCA_009819775.1	Phoenicopterus ruber ruber	Aves	Phoenicopteriformes	ITPR2	0	found_annotated	fixed10	20	10	10	19	19	1	BHLHE41;BMAL2;CYB5R3;DNAI7;ETFRF1;FGFR1OP2;GYS2;INTS13;IRAG2;KCNJ8;LDHB;MED21;PPFIBP1;RASSF8;REP15;SPX;SSPN;STK38L;TM7SF3
Phoenicopterus_ruber_ruber|GCA_009819775.1|ITPR3.0	GCA_009819775.1	Phoenicopterus ruber ruber	Aves	Phoenicopteriformes	ITPR3	0	found_annotated	fixed10	20	10	10	17	17	1	APOBEC2;BAK1;FOXP4;GRM4;HMGA1;IP6K3;LEMD2;MDFI;MLN;NCR2;NFYA;OARD1;PACSIN1;RPS10;SMIM29;TFEB;TSPO2
Phoenicopterus_ruber_ruber|GCA_009819775.1|RYR.0	GCA_009819775.1	Phoenicopterus ruber ruber	Aves	Phoenicopteriformes	RYR	0	found_annotated	fixed10	20	10	10	20	20	1	ACTN2;CHRM3;EDARADD;ERO1B;EXO1;FMN2;GNG4;GPR137B;GREM2;HEATR1;LGALS8;LYST;MAP1LC3C;MTR;NID1;OPN3;PIGM;PLD5;RGS7;WDR64
Phoenicopterus_ruber_ruber|GCA_009819775.1|RYR.1	GCA_009819775.1	Phoenicopterus ruber ruber	Aves	Phoenicopteriformes	RYR	1	found_annotated	fixed10	20	10	10	18	18	0	ARHGAP11A;AVEN;CDIN1;CHRM5;DPH6;EIF2AK4;EMC7;FAM98B;FMN1;FSIP1;GPR176;GREM1;KATNBL1;MEIS2;RASGRP1;SPRED1;SRP14;THBS1
Cervus_hanglu_yarkandensis|GCA_010411085.1|ITPR1.0	GCA_010411085.1	Cervus hanglu yarkandensis	Mammalia	Artiodactyla	ITPR1	0	found_annotated	fixed10	20	10	10	0	0	1	
Cervus_hanglu_yarkandensis|GCA_010411085.1|ITPR2.0	GCA_010411085.1	Cervus hanglu yarkandensis	Mammalia	Artiodactyla	ITPR2	0	found_annotated	fixed10	20	10	10	0	0	1	
Cervus_hanglu_yarkandensis|GCA_010411085.1|ITPR3.0	GCA_010411085.1	Cervus hanglu yarkandensis	Mammalia	Artiodactyla	ITPR3	0	found_annotated	fixed10	20	10	10	0	0	1	
Cervus_hanglu_yarkandensis|GCA_010411085.1|RYR.0	GCA_010411085.1	Cervus hanglu yarkandensis	Mammalia	Artiodactyla	RYR	0	found_annotated	fixed10	18	8	10	0	0	1	
Cervus_hanglu_yarkandensis|GCA_010411085.1|RYR.1	GCA_010411085.1	Cervus hanglu yarkandensis	Mammalia	Artiodactyla	RYR	1	found_annotated	fixed10	20	10	10	0	0	0	
Cervus_hanglu_yarkandensis|GCA_010411085.1|RYR.2	GCA_010411085.1	Cervus hanglu yarkandensis	Mammalia	Artiodactyla	RYR	2	found_annotated	fixed10	20	10	10	0	0	0	
Dissostichus_mawsoni|GCA_011823955.1|ITPR1.0	GCA_011823955.1	Dissostichus mawsoni	Actinopteri	Perciformes	ITPR1	0	found_unannotated	fixed10	20	10	10	0	0	1	
Dissostichus_mawsoni|GCA_011823955.1|ITPR1.1	GCA_011823955.1	Dissostichus mawsoni	Actinopteri	Perciformes	ITPR1	1	found_unannotated	fixed10	20	10	10	0	0	0	
Dissostichus_mawsoni|GCA_011823955.1|ITPR2.0	GCA_011823955.1	Dissostichus mawsoni	Actinopteri	Perciformes	ITPR2	0	found_unannotated	fixed10	20	10	10	0	0	1	
Dissostichus_mawsoni|GCA_011823955.1|ITPR3.0	GCA_011823955.1	Dissostichus mawsoni	Actinopteri	Perciformes	ITPR3	0	found_unannotated	fixed10	20	10	10	0	0	1	
Dissostichus_mawsoni|GCA_011823955.1|RYR.0	GCA_011823955.1	Dissostichus mawsoni	Actinopteri	Perciformes	RYR	0	found_annotated	fixed10	13	10	3	0	0	1	
Dissostichus_mawsoni|GCA_011823955.1|RYR.1	GCA_011823955.1	Dissostichus mawsoni	Actinopteri	Perciformes	RYR	1	found_annotated	fixed10	20	10	10	0	0	0	
Dissostichus_mawsoni|GCA_011823955.1|RYR.2	GCA_011823955.1	Dissostichus mawsoni	Actinopteri	Perciformes	RYR	2	found_annotated	fixed10	20	10	10	0	0	0	
Dissostichus_mawsoni|GCA_011823955.1|RYR.3	GCA_011823955.1	Dissostichus mawsoni	Actinopteri	Perciformes	RYR	3	found_annotated	fixed10	20	10	10	0	0	0	
Dissostichus_mawsoni|GCA_011823955.1|RYR.4	GCA_011823955.1	Dissostichus mawsoni	Actinopteri	Perciformes	RYR	4	found_annotated	fixed10	20	10	10	0	0	0	
Dissostichus_mawsoni|GCA_011823955.1|RYR.5	GCA_011823955.1	Dissostichus mawsoni	Actinopteri	Perciformes	RYR	5	found_annotated	fixed10	20	10	10	0	0	0	
Crypturellus_undulatus|GCA_013389825.1|ITPR1.0	GCA_013389825.1	Crypturellus undulatus	Aves	Tinamiformes	ITPR1	0	found_unannotated	fixed10	3	2	1	3	3	1	BHLHE40;SETMAR;SUMF1
Crypturellus_undulatus|GCA_013389825.1|ITPR2.0	GCA_013389825.1	Crypturellus undulatus	Aves	Tinamiformes	ITPR2	0	found_unannotated	fixed10	8	3	5	7	7	1	BHLHE41;FGFR1OP2;INTS13;MED21;SSPN;STK38L;TM7SF3
Crypturellus_undulatus|GCA_013389825.1|RYR.0	GCA_013389825.1	Crypturellus undulatus	Aves	Tinamiformes	RYR	0	found_annotated	fixed10	0	0	0	0	0	0	
Crypturellus_undulatus|GCA_013389825.1|RYR.1	GCA_013389825.1	Crypturellus undulatus	Aves	Tinamiformes	RYR	1	found_annotated	fixed10	11	1	10	9	9	1	ARHGAP11A;AVEN;DPH6;FAM98B;GREM1;LD;RASGRP1;SCG5;SPRED1
Geococcyx_californianus|GCA_013389885.1|ITPR1.0	GCA_013389885.1	Geococcyx californianus	Aves	Cuculiformes	ITPR1	0	found_unannotated	fixed10	0	0	0	0	0	1	
Geococcyx_californianus|GCA_013389885.1|RYR.0	GCA_013389885.1	Geococcyx californianus	Aves	Cuculiformes	RYR	0	assembly_gap	fixed10	0	0	0	0	0	1	
Geococcyx_californianus|GCA_013389885.1|RYR.1	GCA_013389885.1	Geococcyx californianus	Aves	Cuculiformes	RYR	1	assembly_gap	fixed10	0	0	0	0	0	0	
Geococcyx_californianus|GCA_013389885.1|RYR.2	GCA_013389885.1	Geococcyx californianus	Aves	Cuculiformes	RYR	2	assembly_gap	fixed10	0	0	0	0	0	0	
Todus_mexicanus|GCA_013389965.1|ITPR3.0	GCA_013389965.1	Todus mexicanus	Aves	Coraciiformes	ITPR3	0	found_annotated	fixed10	0	0	0	0	0	1	
Todus_mexicanus|GCA_013389965.1|RYR.0	GCA_013389965.1	Todus mexicanus	Aves	Coraciiformes	RYR	0	found_unannotated	fixed10	0	0	0	0	0	1	
Dryoscopus_gambensis|GCA_013389985.1|ITPR1.0	GCA_013389985.1	Dryoscopus gambensis	Aves	Passeriformes	ITPR1	0	found_unannotated	fixed10	3	0	3	3	3	1	ARL8BA;BHLHE40;EDEM1
Dryoscopus_gambensis|GCA_013389985.1|ITPR2.0	GCA_013389985.1	Dryoscopus gambensis	Aves	Passeriformes	ITPR2	0	found_unannotated	fixed10	2	0	2	2	2	1	RASSF8;SSPN
Dryoscopus_gambensis|GCA_013389985.1|ITPR3.0	GCA_013389985.1	Dryoscopus gambensis	Aves	Passeriformes	ITPR3	0	found_annotated	fixed10	10	0	10	9	9	1	GRM4;HMGA1;IP6K3;LEMD2;MLN;NUDT3;PACSIN1;RPS10;UQCC2
Dryoscopus_gambensis|GCA_013389985.1|RYR.0	GCA_013389985.1	Dryoscopus gambensis	Aves	Passeriformes	RYR	0	assembly_gap	fixed10	0	0	0	0	0	1	
Dryoscopus_gambensis|GCA_013389985.1|RYR.1	GCA_013389985.1	Dryoscopus gambensis	Aves	Passeriformes	RYR	1	assembly_gap	fixed10	0	0	0	0	0	0	
Chloropsis_hardwickii|GCA_013390065.1|ITPR1.0	GCA_013390065.1	Chloropsis hardwickii	Aves	Passeriformes	ITPR1	0	found_unannotated	fixed10	10	9	1	7	7	1	BHLHE40;CRBN;IL5RA;LRRN1;SETMAR;SUMF1;TRNT1
Chloropsis_hardwickii|GCA_013390065.1|ITPR2.0	GCA_013390065.1	Chloropsis hardwickii	Aves	Passeriformes	ITPR2	0	found_unannotated	fixed10	6	2	4	5	5	1	FGFR1OP2;INTS13;MED21;SSPN;TM7SF3
Chloropsis_hardwickii|GCA_013390065.1|ITPR3.0	GCA_013390065.1	Chloropsis hardwickii	Aves	Passeriformes	ITPR3	0	found_annotated	fixed10	2	2	0	2	2	1	IP6K3;UQCC2
Chloropsis_hardwickii|GCA_013390065.1|RYR.0	GCA_013390065.1	Chloropsis hardwickii	Aves	Passeriformes	RYR	0	found_annotated	fixed10	10	0	10	9	9	1	ACTN2;EDARADD;ERO1B;GNG4;GPR137B;HEATR1;LGALS8;LYST;NID1
Chloropsis_hardwickii|GCA_013390065.1|RYR.1	GCA_013390065.1	Chloropsis hardwickii	Aves	Passeriformes	RYR	1	found_annotated	fixed10	8	0	8	7	7	0	AVEN;CHRM5;EMC7;FSIP1;GPR176;KATNBL1;THBS1
Tichodroma_muraria|GCA_013390105.1|ITPR3.0	GCA_013390105.1	Tichodroma muraria	Aves	Passeriformes	ITPR3	0	found_annotated	fixed10	11	1	10	10	10	1	BAK1;GRM4;HMGA1;IP6K3;LEMD2;MLN;NUDT3;PRA1;RPS10;SNRPC
Menura_novaehollandiae|GCA_013396355.1|ITPR1.0	GCA_013396355.1	Menura novaehollandiae	Aves	Passeriformes	ITPR1	0	found_unannotated	fixed10	20	10	10	14	14	1	BHLHE40;CAV3;CNTN4;CRBN;EDEM1;IL5RA;LMCD1;LRRN1;RAD18;SETMAR;SRGAP3;SUMF1;THUMPD3;TRNT1
Menura_novaehollandiae|GCA_013396355.1|ITPR2.0	GCA_013396355.1	Menura novaehollandiae	Aves	Passeriformes	ITPR2	0	found_unannotated	fixed10	20	10	10	13	13	1	BHLHE41;CYB5R3;ENDOUA;ETFRF1;FGFR1OP2;GYS2;INTS13;KRAS;PPFIBP1;REP15;SPX;SSPN;TM7SF3
Menura_novaehollandiae|GCA_013396355.1|ITPR3.0	GCA_013396355.1	Menura novaehollandiae	Aves	Passeriformes	ITPR3	0	found_annotated	fixed10	20	10	10	18	18	1	APOBEC2;BAK1;CD300A;GRM4;HMGA1;IP6K3;LEMD2;MDFI;MLN;NFYA;NUDT3;OARD1;PRA1;RPS10;SNRPC;TFEB;TREM2;UHRF1BP1
Menura_novaehollandiae|GCA_013396355.1|RYR.0	GCA_013396355.1	Menura novaehollandiae	Aves	Passeriformes	RYR	0	found_annotated	fixed10	20	10	10	17	17	0	ACTN2;B3GALNT2;CHRM3;EDARADD;ERO1B;EXO1;FMN2;GNG4;GPR137B;GREM2;HEATR1;LYST;MAP1LC3C;NID1;OPN3;PIGM;RGS7
Menura_novaehollandiae|GCA_013396355.1|RYR.1	GCA_013396355.1	Menura novaehollandiae	Aves	Passeriformes	RYR	1	found_annotated	fixed10	19	10	9	17	17	1	ARHGAP11A;AVEN;CHRM5;EIF2AK4;EMC7;FAM98B;FSIP1;GPR176;GREM1;KATNBL1;LD;MEIS2;RASGRP1;SCG5;SPRED1;SRP14;THBS1
Smithornis_capensis|GCA_013396465.1|ITPR1.0	GCA_013396465.1	Smithornis capensis	Aves	Passeriformes	ITPR1	0	found_unannotated	fixed10	0	0	0	0	0	1	
Smithornis_capensis|GCA_013396465.1|ITPR2.0	GCA_013396465.1	Smithornis capensis	Aves	Passeriformes	ITPR2	0	found_unannotated	fixed10	19	10	9	15	15	1	BHLHE41;CYB5R3;ENDOUA;ETFRF1;FGFR1OP2;GYS2;INTS13;KRAS;MED21;PPFIBP1;RASSF8;REP15;SPX;SSPN;TM7SF3
Smithornis_capensis|GCA_013396465.1|ITPR3.0	GCA_013396465.1	Smithornis capensis	Aves	Passeriformes	ITPR3	0	found_annotated	fixed10	4	0	4	4	4	1	IP6K3;LEMD2;MLN;UQCC2
Smithornis_capensis|GCA_013396465.1|RYR.0	GCA_013396465.1	Smithornis capensis	Aves	Passeriformes	RYR	0	found_annotated	fixed10	10	10	0	10	10	1	ACTN2;B3GALNT2;EDARADD;ERO1B;GNG4;GPR137B;HEATR1;LYST;MTR;NID1
Smithornis_capensis|GCA_013396465.1|RYR.1	GCA_013396465.1	Smithornis capensis	Aves	Passeriformes	RYR	1	found_annotated	fixed10	20	10	10	17	17	0	ARHGAP11A;AVEN;CHRM5;EIF2AK4;EMC7;FAM98B;FSIP1;GPR176;GREM1;KATNBL1;LD;ODF3;RASGRP1;SCG5;SPRED1;SRP14;THBS1
Ptilorrhoa_leucosticta|GCA_013396485.1|ITPR1.0	GCA_013396485.1	Ptilorrhoa leucosticta	Aves	Passeriformes	ITPR1	0	found_unannotated	fixed10	0	0	0	0	0	1	
Ptilorrhoa_leucosticta|GCA_013396485.1|ITPR2.0	GCA_013396485.1	Ptilorrhoa leucosticta	Aves	Passeriformes	ITPR2	0	found_unannotated	fixed10	2	0	2	2	2	1	BHLHE41;SSPN
Ptilorrhoa_leucosticta|GCA_013396485.1|ITPR3.0	GCA_013396485.1	Ptilorrhoa leucosticta	Aves	Passeriformes	ITPR3	0	assembly_gap	fixed10	0	0	0	0	0	1	
Ptilorrhoa_leucosticta|GCA_013396485.1|RYR.0	GCA_013396485.1	Ptilorrhoa leucosticta	Aves	Passeriformes	RYR	0	found_annotated	fixed10	11	8	3	9	9	1	ACTN2;CHRM3;EDARADD;ERO1B;FMN2;GPR137B;GREM2;HEATR1;NID1
Ptilorrhoa_leucosticta|GCA_013396485.1|RYR.1	GCA_013396485.1	Ptilorrhoa leucosticta	Aves	Passeriformes	RYR	1	found_annotated	fixed10	17	10	7	16	16	0	ARHGAP11A;AVEN;CHRM5;EIF2AK4;EMC7;FAM98B;FSIP1;GPR176;GREM1;KATNBL1;LD;RASGRP1;SCG5;SPRED1;SRP14;THBS1
Eubucco_bourcierii|GCA_013396675.1|ITPR1.0	GCA_013396675.1	Eubucco bourcierii	Aves	Piciformes	ITPR1	0	found_annotated	fixed10	5	2	3	4	4	1	BHLHE40;EDEM1;SETMAR;SUMF1
Eubucco_bourcierii|GCA_013396675.1|ITPR2.0	GCA_013396675.1	Eubucco bourcierii	Aves	Piciformes	ITPR2	0	assembly_gap	fixed10	6	0	6	4	4	1	BHLHE41;ETFRF1;KRAS;SSPN
Eubucco_bourcierii|GCA_013396675.1|ITPR3.0	GCA_013396675.1	Eubucco bourcierii	Aves	Piciformes	ITPR3	0	found_annotated	fixed10	7	1	6	5	5	1	APOBEC2;BAK1;LRIF1;NFYA;OARD1
Eubucco_bourcierii|GCA_013396675.1|RYR.0	GCA_013396675.1	Eubucco bourcierii	Aves	Piciformes	RYR	0	found_annotated	fixed10	0	0	0	0	0	0	
Eubucco_bourcierii|GCA_013396675.1|RYR.1	GCA_013396675.1	Eubucco bourcierii	Aves	Piciformes	RYR	1	found_annotated	fixed10	3	2	1	3	3	1	AVEN;GREM1;LD
Eubucco_bourcierii|GCA_013396675.1|RYR.2	GCA_013396675.1	Eubucco bourcierii	Aves	Piciformes	RYR	2	found_annotated	fixed10	0	0	0	0	0	0	
Psilopogon_haemacephalus|GCA_013396835.1|ITPR1.0	GCA_013396835.1	Psilopogon haemacephalus	Aves	Piciformes	ITPR1	0	found_annotated	fixed10	0	0	0	0	0	1	
Psilopogon_haemacephalus|GCA_013396835.1|ITPR2.0	GCA_013396835.1	Psilopogon haemacephalus	Aves	Piciformes	ITPR2	0	assembly_gap	fixed10	2	2	0	2	2	1	FGFR1OP2;INTS13
Psilopogon_haemacephalus|GCA_013396835.1|ITPR3.0	GCA_013396835.1	Psilopogon haemacephalus	Aves	Piciformes	ITPR3	0	found_annotated	fixed10	20	10	10	19	19	1	ADIPOR1;ANKS1A;APOBEC2;BAK1;GRM4;HMGA1;LMOD1;LRIF1;NFYA;NUDT3;OARD1;PACSIN1;RPS10;SCUBE3;SNRPC;TAF11;TIMM17A;UBE2T;UHRF1BP1
Psilopogon_haemacephalus|GCA_013396835.1|RYR.0	GCA_013396835.1	Psilopogon haemacephalus	Aves	Piciformes	RYR	0	found_unannotated	fixed10	8	3	5	7	7	1	AVEN;CHRM5;EMC7;GREM1;KATNBL1;LD;SCG5
Psilopogon_haemacephalus|GCA_013396835.1|RYR.1	GCA_013396835.1	Psilopogon haemacephalus	Aves	Piciformes	RYR	1	found_unannotated	fixed10	0	0	0	0	0	0	
Vireo_altiloquus|GCA_013396875.1|ITPR1.0	GCA_013396875.1	Vireo altiloquus	Aves	Passeriformes	ITPR1	0	found_unannotated	fixed10	7	4	3	4	4	1	BHLHE40;EDEM1;SETMAR;SUMF1
Vireo_altiloquus|GCA_013396875.1|ITPR2.0	GCA_013396875.1	Vireo altiloquus	Aves	Passeriformes	ITPR2	0	found_unannotated	fixed10	5	0	5	4	4	1	BHLHE41;ETFRF1;KRAS;SSPN
Vireo_altiloquus|GCA_013396875.1|ITPR3.0	GCA_013396875.1	Vireo altiloquus	Aves	Passeriformes	ITPR3	0	found_annotated	fixed10	13	6	7	12	12	1	APOBEC2;BAK1;CD300LB;GRM4;HMGA1;MLN;NFYA;NUDT3;OARD1;PRA1;RPS10;TREM2
Vireo_altiloquus|GCA_013396875.1|RYR.0	GCA_013396875.1	Vireo altiloquus	Aves	Passeriformes	RYR	0	found_annotated	fixed10	3	0	3	1	1	0	ACTN2
Vireo_altiloquus|GCA_013396875.1|RYR.1	GCA_013396875.1	Vireo altiloquus	Aves	Passeriformes	RYR	1	found_annotated	fixed10	12	6	6	11	11	1	AVEN;CHRM5;EMC7;FAM98B;GREM1;KATNBL1;LD;RASGRP1;SCG5;SPRED1;THBS1
Baryphthengus_martii|GCA_013396935.1|ITPR1.0	GCA_013396935.1	Baryphthengus martii	Aves	Coraciiformes	ITPR1	0	assembly_gap	fixed10	0	0	0	0	0	1	
Baryphthengus_martii|GCA_013396935.1|ITPR2.0	GCA_013396935.1	Baryphthengus martii	Aves	Coraciiformes	ITPR2	0	found_unannotated	fixed10	2	0	2	2	2	1	BHLHE41;SSPN
Baryphthengus_martii|GCA_013396935.1|ITPR3.0	GCA_013396935.1	Baryphthengus martii	Aves	Coraciiformes	ITPR3	0	found_annotated	fixed10	10	7	3	9	9	1	APOBEC2;BAK1;CD300LD;IP6K3;LEMD2;NFYA;OARD1;PRA1;TREM2
Baryphthengus_martii|GCA_013396935.1|RYR.0	GCA_013396935.1	Baryphthengus martii	Aves	Coraciiformes	RYR	0	assembly_gap	fixed10	0	0	0	0	0	1	
Baryphthengus_martii|GCA_013396935.1|RYR.1	GCA_013396935.1	Baryphthengus martii	Aves	Coraciiformes	RYR	1	assembly_gap	fixed10	0	0	0	0	0	0	
Baryphthengus_martii|GCA_013396935.1|RYR.2	GCA_013396935.1	Baryphthengus martii	Aves	Coraciiformes	RYR	2	assembly_gap	fixed10	0	0	0	0	0	0	
Baryphthengus_martii|GCA_013396935.1|RYR.3	GCA_013396935.1	Baryphthengus martii	Aves	Coraciiformes	RYR	3	assembly_gap	fixed10	1	1	0	1	1	0	AVEN
Baryphthengus_martii|GCA_013396935.1|RYR.4	GCA_013396935.1	Baryphthengus martii	Aves	Coraciiformes	RYR	4	assembly_gap	fixed10	0	0	0	0	0	0	
Baryphthengus_martii|GCA_013396935.1|RYR.5	GCA_013396935.1	Baryphthengus martii	Aves	Coraciiformes	RYR	5	assembly_gap	fixed10	0	0	0	0	0	0	
Baryphthengus_martii|GCA_013396935.1|RYR.6	GCA_013396935.1	Baryphthengus martii	Aves	Coraciiformes	RYR	6	assembly_gap	fixed10	0	0	0	0	0	0	
Bucco_capensis|GCA_013396975.1|ITPR1.0	GCA_013396975.1	Bucco capensis	Aves	Piciformes	ITPR1	0	found_unannotated	fixed10	6	4	2	5	5	1	ARL8B;BHLHE40;EDEM1;SETMAR;SUMF1
Bucco_capensis|GCA_013396975.1|ITPR3.0	GCA_013396975.1	Bucco capensis	Aves	Piciformes	ITPR3	0	assembly_gap	fixed10	2	0	2	1	1	1	BAK1
Bucco_capensis|GCA_013396975.1|ITPR3.1	GCA_013396975.1	Bucco capensis	Aves	Piciformes	ITPR3	1	assembly_gap	fixed10	2	2	0	2	2	0	IP6K3;UQCC2
Bucco_capensis|GCA_013396975.1|RYR.0	GCA_013396975.1	Bucco capensis	Aves	Piciformes	RYR	0	assembly_gap	fixed10	2	0	2	1	1	1	ACTN2
Bucco_capensis|GCA_013396975.1|RYR.1	GCA_013396975.1	Bucco capensis	Aves	Piciformes	RYR	1	assembly_gap	fixed10	0	0	0	0	0	0	
Bucco_capensis|GCA_013396975.1|RYR.2	GCA_013396975.1	Bucco capensis	Aves	Piciformes	RYR	2	assembly_gap	fixed10	0	0	0	0	0	0	
Bucco_capensis|GCA_013396975.1|RYR.3	GCA_013396975.1	Bucco capensis	Aves	Piciformes	RYR	3	assembly_gap	fixed10	0	0	0	0	0	0	
Myiagra_hebetior|GCA_013397015.1|ITPR1.0	GCA_013397015.1	Myiagra hebetior	Aves	Passeriformes	ITPR1	0	found_annotated	fixed10	10	7	3	10	10	1	ARL8BA;BHLHE40;CNTN4;CRBN;EDEM1;IL5RA;LRRN1;SETMAR;SUMF1;TRNT1
Myiagra_hebetior|GCA_013397015.1|ITPR2.0	GCA_013397015.1	Myiagra hebetior	Aves	Passeriformes	ITPR2	0	found_unannotated	fixed10	11	3	8	8	8	1	BHLHE41;FGFR1OP2;INTS13;MED21;PPFIBP1;REP15;SSPN;TM7SF3
Myiagra_hebetior|GCA_013397015.1|ITPR3.0	GCA_013397015.1	Myiagra hebetior	Aves	Passeriformes	ITPR3	0	found_annotated	fixed10	13	8	5	12	12	1	APOBEC2;BAK1;CD300LB;GRM4;IP6K3;LEMD2;MDFI;MLN;NFYA;OARD1;PRA1;TREM2
Myiagra_hebetior|GCA_013397015.1|RYR.0	GCA_013397015.1	Myiagra hebetior	Aves	Passeriformes	RYR	0	found_annotated	fixed10	10	10	0	9	9	0	ACTN2;B3GALNT2;EDARADD;ERO1B;GNG4;LGALS8;LYST;NID1;TBCE
Myiagra_hebetior|GCA_013397015.1|RYR.1	GCA_013397015.1	Myiagra hebetior	Aves	Passeriformes	RYR	1	found_annotated	fixed10	6	5	1	6	6	1	AVEN;GREM1;LD;RASGRP1;SCG5;SPRED1
Thryothorus_ludovicianus|GCA_013397245.1|ITPR1.0	GCA_013397245.1	Thryothorus ludovicianus	Aves	Passeriformes	ITPR1	0	assembly_gap	fixed10	0	0	0	0	0	1	
Thryothorus_ludovicianus|GCA_013397245.1|ITPR1.1	GCA_013397245.1	Thryothorus ludovicianus	Aves	Passeriformes	ITPR1	1	assembly_gap	fixed10	5	5	0	5	5	0	CRBN;IL5RA;LRRN1;SUMF1;TRNT1
Thryothorus_ludovicianus|GCA_013397245.1|ITPR2.0	GCA_013397245.1	Thryothorus ludovicianus	Aves	Passeriformes	ITPR2	0	found_unannotated	fixed10	5	0	5	5	5	1	BHLHB3;ETFRF1;KRAS;RASSF8;SSPN
Thryothorus_ludovicianus|GCA_013397245.1|ITPR3.0	GCA_013397245.1	Thryothorus ludovicianus	Aves	Passeriformes	ITPR3	0	assembly_gap	fixed10	1	0	1	1	1	1	BAK1
Thryothorus_ludovicianus|GCA_013397245.1|ITPR3.1	GCA_013397245.1	Thryothorus ludovicianus	Aves	Passeriformes	ITPR3	1	assembly_gap	fixed10	6	6	0	6	6	0	GRM4;IP6K3;LEMD2;MLN;PRA1;UQCC2
Thryothorus_ludovicianus|GCA_013397245.1|RYR.0	GCA_013397245.1	Thryothorus ludovicianus	Aves	Passeriformes	RYR	0	assembly_gap	fixed10	10	0	10	9	9	1	ACTN2;EDARADD;ERO1B;GNG4;GPR137B;HEATR1;LGALS8;LYST;NID1
Thryothorus_ludovicianus|GCA_013397245.1|RYR.1	GCA_013397245.1	Thryothorus ludovicianus	Aves	Passeriformes	RYR	1	assembly_gap	fixed10	0	0	0	0	0	0	
Thryothorus_ludovicianus|GCA_013397245.1|RYR.2	GCA_013397245.1	Thryothorus ludovicianus	Aves	Passeriformes	RYR	2	assembly_gap	fixed10	0	0	0	0	0	0	
Thryothorus_ludovicianus|GCA_013397245.1|RYR.3	GCA_013397245.1	Thryothorus ludovicianus	Aves	Passeriformes	RYR	3	assembly_gap	fixed10	5	5	0	4	4	0	AVEN;CHRM5;EMC7;KATNBL1
Polioptila_caerulea|GCA_013397295.1|ITPR2.0	GCA_013397295.1	Polioptila caerulea	Aves	Passeriformes	ITPR2	0	found_unannotated	fixed10	8	6	2	6	6	1	BHLHE41;FGFR1OP2;INTS13;MED21;SSPN;TM7SF3
Polioptila_caerulea|GCA_013397295.1|ITPR3.0	GCA_013397295.1	Polioptila caerulea	Aves	Passeriformes	ITPR3	0	found_annotated	fixed10	1	0	1	1	1	1	BAK1
Polioptila_caerulea|GCA_013397295.1|RYR.0	GCA_013397295.1	Polioptila caerulea	Aves	Passeriformes	RYR	0	found_annotated	fixed10	3	0	3	3	3	0	ACTN2;HEATR1;LGALS8
Polioptila_caerulea|GCA_013397295.1|RYR.1	GCA_013397295.1	Polioptila caerulea	Aves	Passeriformes	RYR	1	found_annotated	fixed10	8	1	7	8	8	1	ARHGAP11A;AVEN;FAM98B;GREM1;LD;RASGRP1;SCG5;SPRED1
Sinosuthora_webbiana|GCA_013397395.1|ITPR1.0	GCA_013397395.1	Sinosuthora webbiana	Aves	Passeriformes	ITPR1	0	found_unannotated	fixed10	13	10	3	10	10	1	ARL8B;BHLHE40;CHL1;CNTN4;CRBN;EDEM1;IL5RA;LRRN1;SETMAR;SUMF1
Sinosuthora_webbiana|GCA_013397395.1|ITPR2.0	GCA_013397395.1	Sinosuthora webbiana	Aves	Passeriformes	ITPR2	0	found_unannotated	fixed10	9	3	6	6	6	1	BHLHE41;FGFR1OP2;INTS13;MED21;SSPN;TM7SF3
Sinosuthora_webbiana|GCA_013397395.1|ITPR3.0	GCA_013397395.1	Sinosuthora webbiana	Aves	Passeriformes	ITPR3	0	found_annotated	fixed10	3	0	3	3	3	1	LEMD2;MLN;PRA1
Sinosuthora_webbiana|GCA_013397395.1|RYR.0	GCA_013397395.1	Sinosuthora webbiana	Aves	Passeriformes	RYR	0	found_annotated	fixed10	10	0	10	9	9	1	ACTN2;EDARADD;ERO1B;GNG4;GPR137B;HEATR1;LGALS8;LYST;NID1
Sinosuthora_webbiana|GCA_013397395.1|RYR.1	GCA_013397395.1	Sinosuthora webbiana	Aves	Passeriformes	RYR	1	found_annotated	fixed10	16	6	10	16	16	0	ARHGAP11A;AVEN;CHRM5;EIF2AK4;EMC7;FGL1L;FSIP1;GPR176;GREM1;KATNBL1;LD;RASGRP1;SCG5;SPRED1;SRP14;THBS1
Furnarius_figulus|GCA_013397465.1|ITPR1.0	GCA_013397465.1	Furnarius figulus	Aves	Passeriformes	ITPR1	0	found_annotated	fixed10	18	10	8	12	12	1	BHLHE40;CAV3;CNTN4;CRBN;EDEM1;IL5RA;LMCD1;LRRN1;MTR;SETMAR;SUMF1;TRNT1
Furnarius_figulus|GCA_013397465.1|ITPR2.0	GCA_013397465.1	Furnarius figulus	Aves	Passeriformes	ITPR2	0	found_unannotated	fixed10	10	7	3	8	8	1	BHLHE41;FGFR1OP2;INTS13;MED21;PPFIBP1;RASSF8;SSPN;TM7SF3
Furnarius_figulus|GCA_013397465.1|ITPR3.0	GCA_013397465.1	Furnarius figulus	Aves	Passeriformes	ITPR3	0	found_annotated	fixed10	20	10	10	19	19	1	APOBEC2;BAK1;CD300LD;FOXP4;GRM4;HMGA1;IP6K3;LEMD2;MDFI;MLN;NFYA;NUDT3;OARD1;PRA1;RPS10;SMIM29;TFEB;TREM2;UQCC2
Furnarius_figulus|GCA_013397465.1|RYR.0	GCA_013397465.1	Furnarius figulus	Aves	Passeriformes	RYR	0	assembly_gap	fixed10	0	0	0	0	0	1	
Furnarius_figulus|GCA_013397465.1|RYR.1	GCA_013397465.1	Furnarius figulus	Aves	Passeriformes	RYR	1	assembly_gap	fixed10	1	1	0	1	1	0	ACTN2
Furnarius_figulus|GCA_013397465.1|RYR.2	GCA_013397465.1	Furnarius figulus	Aves	Passeriformes	RYR	2	assembly_gap	fixed10	0	0	0	0	0	0	
Mionectes_macconnelli|GCA_013397495.1|ITPR1.0	GCA_013397495.1	Mionectes macconnelli	Aves	Passeriformes	ITPR1	0	assembly_gap	fixed10	3	3	0	3	3	1	LRRN1;SETMAR;SUMF1
Mionectes_macconnelli|GCA_013397495.1|ITPR2.0	GCA_013397495.1	Mionectes macconnelli	Aves	Passeriformes	ITPR2	0	found_unannotated	fixed10	20	10	10	15	15	1	BHLHE41;CYB5R3;ENDOUA;ETFRF1;FGFR1OP2;GYS2;INTS13;KRAS;LDHB;MED21;PPFIBP1;SPX;SSPN;STK38L;TM7SF3
Mionectes_macconnelli|GCA_013397495.1|RYR.0	GCA_013397495.1	Mionectes macconnelli	Aves	Passeriformes	RYR	0	found_annotated	fixed10	10	0	10	9	9	1	ACTN2;B3GALNT2;EDARADD;ERO1B;GNG4;GPR137B;HEATR1;LYST;NID1
Mionectes_macconnelli|GCA_013397495.1|RYR.1	GCA_013397495.1	Mionectes macconnelli	Aves	Passeriformes	RYR	1	found_annotated	fixed10	20	10	10	17	17	0	ARHGAP11A;AVEN;CHRM5;EIF2AK4;EMC7;FAM98B;FGL1L;FSIP1;GPR176;GREM1;KATNBL1;LD;RASGRP1;SCG5;SPRED1;SRP14;THBS1
Pterocles_burchelli|GCA_013397535.1|ITPR1.0	GCA_013397535.1	Pterocles burchelli	Aves	Pterocliformes	ITPR1	0	found_unannotated	fixed10	8	5	3	8	8	1	ARL8B;BHLHE40;EDEM1;GRM7;LRRN1;SETMAR;SLMAP;SUMF1
Pterocles_burchelli|GCA_013397535.1|ITPR2.0	GCA_013397535.1	Pterocles burchelli	Aves	Pterocliformes	ITPR2	0	found_unannotated	fixed10	16	6	10	13	13	1	ARNTL2;BHLHE41;CASC1;ETFRF1;FGFR1OP2;GYS2;INTS13;KRAS;MED21;SPX;SSPN;STK38L;TM7SF3
Pterocles_burchelli|GCA_013397535.1|ITPR3.0	GCA_013397535.1	Pterocles burchelli	Aves	Pterocliformes	ITPR3	0	found_annotated	fixed10	10	0	10	9	9	1	GRM4;HMGA1;IP6K3;LEMD2;NUDT3;PACSIN1;RPS10;SNRPC;UQCC2
Pterocles_burchelli|GCA_013397535.1|RYR.0	GCA_013397535.1	Pterocles burchelli	Aves	Pterocliformes	RYR	0	found_annotated	fixed10	10	0	10	7	7	1	CHRM3;EXO1;FMN2;GREM2;OPN3;PLD5;RGS7
Columbina_picui|GCA_013397635.1|ITPR1.0	GCA_013397635.1	Columbina picui	Aves	Columbiformes	ITPR1	0	found_annotated	fixed10	1	0	1	1	1	1	BHLHE40
Columbina_picui|GCA_013397635.1|ITPR2.0	GCA_013397635.1	Columbina picui	Aves	Columbiformes	ITPR2	0	found_unannotated	fixed10	6	3	3	5	5	1	BHLHE41;FGFR1OP2;INTS13;SSPN;TM7SF3
Columbina_picui|GCA_013397635.1|RYR.0	GCA_013397635.1	Columbina picui	Aves	Columbiformes	RYR	0	found_annotated	fixed10	7	2	5	7	7	1	ACTN2;CHRM3;EDARADD;FMN2;GPR137B;HEATR1;NID1
Columbina_picui|GCA_013397635.1|RYR.1	GCA_013397635.1	Columbina picui	Aves	Columbiformes	RYR	1	found_annotated	fixed10	10	1	9	8	8	0	ARHGAP11A;AVEN;FAM98B;GREM1;LD;RASGRP1;SCG5;SPRED1
Aleadryas_rufinucha|GCA_013397815.1|ITPR1.0	GCA_013397815.1	Aleadryas rufinucha	Aves	Passeriformes	ITPR1	0	found_unannotated	fixed10	3	3	0	3	3	1	LRRN1;SETMAR;SUMF1
Aleadryas_rufinucha|GCA_013397815.1|ITPR2.0	GCA_013397815.1	Aleadryas rufinucha	Aves	Passeriformes	ITPR2	0	found_unannotated	fixed10	9	7	2	7	7	1	BHLHE41;FGFR1OP2;INTS13;MED21;SSPN;STK38L;TM7SF3
Aleadryas_rufinucha|GCA_013397815.1|ITPR3.0	GCA_013397815.1	Aleadryas rufinucha	Aves	Passeriformes	ITPR3	0	found_annotated	fixed10	1	0	1	1	1	1	UQCC2
Aleadryas_rufinucha|GCA_013397815.1|RYR.0	GCA_013397815.1	Aleadryas rufinucha	Aves	Passeriformes	RYR	0	found_unannotated	fixed10	0	0	0	0	0	0	
Aleadryas_rufinucha|GCA_013397815.1|RYR.1	GCA_013397815.1	Aleadryas rufinucha	Aves	Passeriformes	RYR	1	found_unannotated	fixed10	6	1	5	6	6	1	AVEN;CHRM5;EMC7;FGL1L;KATNBL1;LD
Origma_solitaria|GCA_013397895.1|ITPR1.0	GCA_013397895.1	Origma solitaria	Aves	Passeriformes	ITPR1	0	found_unannotated	fixed10	12	2	10	9	9	1	ARL8BA;CNTN4;CRBN;EDEM1;IL5RA;LRRN1;SETMAR;SUMF1;TRNT1
Origma_solitaria|GCA_013397895.1|ITPR2.0	GCA_013397895.1	Origma solitaria	Aves	Passeriformes	ITPR2	0	found_unannotated	fixed10	12	2	10	9	9	1	CYB5R3;ENDOUA;FGFR1OP2;INTS13;PPFIBP1;REP15;SSPN;STK38L;TM7SF3
Origma_solitaria|GCA_013397895.1|ITPR3.0	GCA_013397895.1	Origma solitaria	Aves	Passeriformes	ITPR3	0	found_annotated	fixed10	7	7	0	6	6	1	APOBEC2;BAK1;CD300LD;NFYA;OARD1;TREM2
Origma_solitaria|GCA_013397895.1|ITPR3.1	GCA_013397895.1	Origma solitaria	Aves	Passeriformes	ITPR3	1	found_annotated	fixed10	10	0	10	10	10	0	GRM4;HMGA1;IP6K3;LEMD2;MLN;NUDT3;PACSIN1;PRA1;RPS10;UQCC2
Origma_solitaria|GCA_013397895.1|RYR.0	GCA_013397895.1	Origma solitaria	Aves	Passeriformes	RYR	0	found_annotated	fixed10	7	0	7	7	7	0	ACTN2;EDARADD;ERO1B;GPR137B;HEATR1;LYST;NID1
Origma_solitaria|GCA_013397895.1|RYR.1	GCA_013397895.1	Origma solitaria	Aves	Passeriformes	RYR	1	found_annotated	fixed10	11	6	5	11	11	1	ARHGAP11A;AVEN;CHRM5;EMC7;FGL1L;GREM1;KATNBL1;LD;RASGRP1;SCG5;SPRED1
Grantiella_picta|GCA_013397955.1|ITPR1.0	GCA_013397955.1	Grantiella picta	Aves	Passeriformes	ITPR1	0	found_unannotated	fixed10	14	4	10	10	10	1	ARL8BA;BHLHE40;CNTN4;CRBN;EDEM1;IL5RA;LRRN1;SETMAR;SUMF1;TRNT1
Grantiella_picta|GCA_013397955.1|ITPR2.0	GCA_013397955.1	Grantiella picta	Aves	Passeriformes	ITPR2	0	found_unannotated	fixed10	17	7	10	11	11	1	BHLHE41;ETFRF1;FGFR1OP2;GYS2;INTS13;KRAS;MED21;SPX;SSPN;STK38L;TM7SF3
Grantiella_picta|GCA_013397955.1|ITPR3.0	GCA_013397955.1	Grantiella picta	Aves	Passeriformes	ITPR3	0	found_annotated	fixed10	3	0	3	3	3	1	IP6K3;LEMD2;MLN
Grantiella_picta|GCA_013397955.1|RYR.0	GCA_013397955.1	Grantiella picta	Aves	Passeriformes	RYR	0	found_annotated	fixed10	8	7	1	6	6	0	CHRM3;FMN2;GREM2;OPN3;PIGM;RGS7
Grantiella_picta|GCA_013397955.1|RYR.1	GCA_013397955.1	Grantiella picta	Aves	Passeriformes	RYR	1	found_annotated	fixed10	6	1	5	6	6	1	AVEN;CHRM5;EMC7;FGL1L;FMN1;KATNBL1
Aegotheles_bennettii|GCA_013398125.1|ITPR1.0	GCA_013398125.1	Aegotheles bennettii	Aves	Caprimulgiformes	ITPR1	0	found_unannotated	fixed10	7	7	0	7	7	1	CNTN4;CRBN;IL5RA;LRRN1;SETMAR;SUMF1;TRNT1
Aegotheles_bennettii|GCA_013398125.1|ITPR2.0	GCA_013398125.1	Aegotheles bennettii	Aves	Caprimulgiformes	ITPR2	0	assembly_gap	fixed10	5	5	0	4	4	1	CASC1;ETFRF1;KRAS;SSPN
Aegotheles_bennettii|GCA_013398125.1|ITPR3.0	GCA_013398125.1	Aegotheles bennettii	Aves	Caprimulgiformes	ITPR3	0	found_annotated	fixed10	10	0	10	9	9	1	APOBEC2;BAK1;CD300LD;FOXP4;MDFI;NFYA;OARD1;TFEB;TREM2
Aegotheles_bennettii|GCA_013398125.1|ITPR3.1	GCA_013398125.1	Aegotheles bennettii	Aves	Caprimulgiformes	ITPR3	1	found_annotated	fixed10	1	1	0	1	1	0	UQCC2
Aegotheles_bennettii|GCA_013398125.1|RYR.0	GCA_013398125.1	Aegotheles bennettii	Aves	Caprimulgiformes	RYR	0	found_annotated	fixed10	0	0	0	0	0	1	
Aegotheles_bennettii|GCA_013398125.1|RYR.1	GCA_013398125.1	Aegotheles bennettii	Aves	Caprimulgiformes	RYR	1	found_annotated	fixed10	5	5	0	4	4	0	AVEN;CHRM5;EMC7;KATNBL1
Pedionomus_torquatus|GCA_013398155.1|ITPR1.0	GCA_013398155.1	Pedionomus torquatus	Aves	Charadriiformes	ITPR1	0	found_annotated	fixed10	0	0	0	0	0	1	
Pedionomus_torquatus|GCA_013398155.1|ITPR2.0	GCA_013398155.1	Pedionomus torquatus	Aves	Charadriiformes	ITPR2	0	found_unannotated	fixed10	1	1	0	1	1	1	SSPN
Pedionomus_torquatus|GCA_013398155.1|ITPR3.0	GCA_013398155.1	Pedionomus torquatus	Aves	Charadriiformes	ITPR3	0	found_annotated	fixed10	2	1	1	2	2	1	BAK1;UQCC2
Pedionomus_torquatus|GCA_013398155.1|RYR.0	GCA_013398155.1	Pedionomus torquatus	Aves	Charadriiformes	RYR	0	found_annotated	fixed10	2	0	2	1	1	1	ACTN2
Climacteris_rufus|GCA_013398175.1|ITPR1.0	GCA_013398175.1	Climacteris rufus	Aves	Passeriformes	ITPR1	0	found_annotated	fixed10	9	7	2	9	9	1	ARL8BA;BHLHE40;CNTN4;CRBN;IL5RA;LRRN1;SETMAR;SUMF1;TRNT1
Climacteris_rufus|GCA_013398175.1|ITPR2.0	GCA_013398175.1	Climacteris rufus	Aves	Passeriformes	ITPR2	0	found_unannotated	fixed10	11	10	1	9	9	1	CYB5R3;ENDOUA;FGFR1OP2;INTS13;MED21;PPFIBP1;SSPN;STK38L;TM7SF3
Climacteris_rufus|GCA_013398175.1|ITPR3.0	GCA_013398175.1	Climacteris rufus	Aves	Passeriformes	ITPR3	0	found_annotated	fixed10	7	1	6	7	7	1	BAK1;GRM4;HMGA1;IP6K3;LEMD2;MLN;PRA1
Climacteris_rufus|GCA_013398175.1|RYR.0	GCA_013398175.1	Climacteris rufus	Aves	Passeriformes	RYR	0	found_annotated	fixed10	2	0	2	1	1	0	ACTN2
Climacteris_rufus|GCA_013398175.1|RYR.1	GCA_013398175.1	Climacteris rufus	Aves	Passeriformes	RYR	1	found_annotated	fixed10	15	9	6	15	15	1	ARHGAP11A;AVEN;CHRM5;EIF2AK4;EMC7;FAM98B;FGL1L;FSIP1;GPR176;GREM1;KATNBL1;LD;RASGRP1;SCG5;THBS1
Loxia_curvirostra|GCA_013398455.1|ITPR1.0	GCA_013398455.1	Loxia curvirostra	Aves	Passeriformes	ITPR1	0	found_unannotated	fixed10	20	10	10	13	13	1	ARL8BA;BHLHE40;CAV3;CRBN;EDEM1;IL5RA;LMCD1;LRRN1;RAD18;SETMAR;SRGAP3;SUMF1;TRNT1
Loxia_curvirostra|GCA_013398455.1|ITPR2.0	GCA_013398455.1	Loxia curvirostra	Aves	Passeriformes	ITPR2	0	found_unannotated	fixed10	13	6	7	10	10	1	ARFGAP3;BHLHE41;ETFRF1;FGFR1OP2;INTS13;KRAS;MED21;SSPN;STK38L;TM7SF3
Loxia_curvirostra|GCA_013398455.1|ITPR3.0	GCA_013398455.1	Loxia curvirostra	Aves	Passeriformes	ITPR3	0	found_annotated	fixed10	20	10	10	19	19	1	APOBEC2;BAK1;FOXP4;GRM4;HMGA1;IP6K3;LEMD2;MDFI;MLN;NFYA;NUDT3;OARD1;PACSIN1;PRA1;RPS10;SPDEF;TFEB;TREM2;TREML4
Loxia_curvirostra|GCA_013398455.1|RYR.0	GCA_013398455.1	Loxia curvirostra	Aves	Passeriformes	RYR	0	found_annotated	fixed10	20	10	10	17	17	0	ACTN2;CHRM3;EDARADD;ERO1B;EXO1;FMN2;GNG4;GPR137B;GREM2;HEATR1;LGALS8;LYST;MAP1LC3C;NID1;OPN3;PIGM;RGS7
Loxia_curvirostra|GCA_013398455.1|RYR.1	GCA_013398455.1	Loxia curvirostra	Aves	Passeriformes	RYR	1	found_annotated	fixed10	20	10	10	16	16	1	ARHGAP11A;AVEN;CHRM5;EIF2AK4;EMC7;FGL1L;FSIP1;GPR176;GREM1;KATNBL1;LD;RASGRP1;SCG5;SPRED1;SRP14;THBS1
Certhia_familiaris|GCA_013398575.1|ITPR1.0	GCA_013398575.1	Certhia familiaris	Aves	Passeriformes	ITPR1	0	found_annotated	fixed10	0	0	0	0	0	1	
Certhia_familiaris|GCA_013398575.1|ITPR2.0	GCA_013398575.1	Certhia familiaris	Aves	Passeriformes	ITPR2	0	found_unannotated	fixed10	3	3	0	3	3	1	FGFR1OP2;INTS13;TM7SF3
Certhia_familiaris|GCA_013398575.1|ITPR3.0	GCA_013398575.1	Certhia familiaris	Aves	Passeriformes	ITPR3	0	found_annotated	fixed10	1	0	1	1	1	1	UQCC2
Certhia_familiaris|GCA_013398575.1|RYR.0	GCA_013398575.1	Certhia familiaris	Aves	Passeriformes	RYR	0	found_annotated	fixed10	20	10	10	18	18	0	ACTN2;CHRM3;EDARADD;ERO1B;EXO1;FMN2;GNG4;GPR137B;GREM2;HEATR1;LGALS8;LYST;MAP1LC3C;MTR;NID1;OPN3;PIGM;RGS7
Certhia_familiaris|GCA_013398575.1|RYR.1	GCA_013398575.1	Certhia familiaris	Aves	Passeriformes	RYR	1	found_annotated	fixed10	11	5	6	11	11	1	ARHGAP11B;AVEN;CHRM5;EMC7;FAM98B;FGL1L;GREM1;KATNBL1;RASGRP1;SCG5;SPRED1
Brachypodius_melanocephalos|GCA_013398615.1|ITPR1.0	GCA_013398615.1	Brachypodius melanocephalos	Aves	Passeriformes	ITPR1	0	found_unannotated	fixed10	20	10	10	14	14	1	ARL8BA;BHLHE40;CAV3;CNTN4;CRBN;EDEM1;IL5RA;LRRN1;RAD18;SETMAR;SRGAP3;SUMF1;THUMPD3;TRNT1
Brachypodius_melanocephalos|GCA_013398615.1|ITPR2.0	GCA_013398615.1	Brachypodius melanocephalos	Aves	Passeriformes	ITPR2	0	found_unannotated	fixed10	20	10	10	17	17	1	A4GALT;ARFGAP3;BHLHE41;CL004;CYB5R3;DYRK4;ETFRF1;FGF6;FGFR1OP2;INTS13;KRAS;MED21;PPFIBP1;RAD51AP1;REP15;SSPN;TM7SF3
Brachypodius_melanocephalos|GCA_013398615.1|ITPR3.0	GCA_013398615.1	Brachypodius melanocephalos	Aves	Passeriformes	ITPR3	0	found_annotated	fixed10	20	10	10	17	17	1	APOBEC2;BAK1;IP6K3;LEMD2;MLN;NFYA;NUDT3;OARD1;PACSIN1;PGA18;PGC;PRA1;RPS10;TFEB;TREM2;TREML4;UQCC2
Brachypodius_melanocephalos|GCA_013398615.1|RYR.0	GCA_013398615.1	Brachypodius melanocephalos	Aves	Passeriformes	RYR	0	found_annotated	fixed10	20	10	10	16	16	1	ACTN2;CHRM3;EDARADD;ERO1B;EXO1;FMN2;GNG4;GPR137B;GREM2;HEATR1;LGALS8;LYST;NID1;OPN3;PIGM;RGS7
Brachypodius_melanocephalos|GCA_013398615.1|RYR.1	GCA_013398615.1	Brachypodius melanocephalos	Aves	Passeriformes	RYR	1	found_annotated	fixed10	20	10	10	18	18	0	ARHGAP11A;AVEN;CHRM5;DPH6;EIF2AK4;EMC7;FAM98B;FGL1L;FSIP1;GPR176;GREM1;KATNBL1;LD;RASGRP1;SCG5;SPRED1;SRP14;THBS1
Elachura_formosa|GCA_013398795.1|ITPR1.0	GCA_013398795.1	Elachura formosa	Aves	Passeriformes	ITPR1	0	found_unannotated	fixed10	15	10	5	9	9	1	ARL8B;CNTN4;CRBN;EDEM1;IL5RA;LRRN1;SETMAR;SUMF1;TRNT1
Elachura_formosa|GCA_013398795.1|ITPR2.0	GCA_013398795.1	Elachura formosa	Aves	Passeriformes	ITPR2	0	found_unannotated	fixed10	14	4	10	13	12	1	ARFGAP3;BHLHE41;CL004;DYRK4;ETFRF1;FGF23;FGF6;FGFR1OP2;INTS13;KRAS;MED21;RAD51AP1;TM7SF3
Elachura_formosa|GCA_013398795.1|RYR.0	GCA_013398795.1	Elachura formosa	Aves	Passeriformes	RYR	0	found_annotated	fixed10	15	10	5	13	13	1	ACTN2;CHRM3;EDARADD;EXO1;FMN2;GREM2;HEATR1;LGALS8;MAP1LC3C;MTR;OPN3;PIGM;RGS7
Elachura_formosa|GCA_013398795.1|RYR.1	GCA_013398795.1	Elachura formosa	Aves	Passeriformes	RYR	1	found_annotated	fixed10	15	10	5	12	12	0	ARHGAP11A;AVEN;CHRM5;FAM98B;GREM1;KATNBL1;LD;ODF3;RASGRP1;SCG5;SPRED1;THBS1
Emberiza_fucata|GCA_013398835.1|ITPR1.0	GCA_013398835.1	Emberiza fucata	Aves	Passeriformes	ITPR1	0	assembly_gap	fixed10	3	3	0	3	3	1	LRRN1;SETMAR;SUMF1
Emberiza_fucata|GCA_013398835.1|ITPR2.0	GCA_013398835.1	Emberiza fucata	Aves	Passeriformes	ITPR2	0	found_unannotated	fixed10	7	6	1	5	5	1	FGFR1OP2;INTS13;MED21;SSPN;TM7SF3
Emberiza_fucata|GCA_013398835.1|ITPR3.0	GCA_013398835.1	Emberiza fucata	Aves	Passeriformes	ITPR3	0	found_annotated	fixed10	2	1	1	1	1	1	BAK1
Emberiza_fucata|GCA_013398835.1|RYR.0	GCA_013398835.1	Emberiza fucata	Aves	Passeriformes	RYR	0	found_annotated	fixed10	10	10	0	10	10	1	ACTN2;EDARADD;ERO1B;GNG4;GPR137B;HEATR1;LGALS8;LYST;MTR;NID1
Emberiza_fucata|GCA_013398835.1|RYR.1	GCA_013398835.1	Emberiza fucata	Aves	Passeriformes	RYR	1	found_annotated	fixed10	6	6	0	6	6	0	CHRM5;FGL1L;FSIP1;GPR176;KATNBL1;THBS1
Ceuthmochares_aereus|GCA_013398935.1|ITPR1.0	GCA_013398935.1	Ceuthmochares aereus	Aves	Cuculiformes	ITPR1	0	found_unannotated	fixed10	0	0	0	0	0	1	
Ceuthmochares_aereus|GCA_013398935.1|ITPR2.0	GCA_013398935.1	Ceuthmochares aereus	Aves	Cuculiformes	ITPR2	0	found_unannotated	fixed10	2	1	1	2	2	1	INTS13;SSPN
Ceuthmochares_aereus|GCA_013398935.1|ITPR3.0	GCA_013398935.1	Ceuthmochares aereus	Aves	Cuculiformes	ITPR3	0	assembly_gap	fixed10	0	0	0	0	0	1	
Ceuthmochares_aereus|GCA_013398935.1|RYR.0	GCA_013398935.1	Ceuthmochares aereus	Aves	Cuculiformes	RYR	0	found_annotated	fixed10	3	0	3	2	2	1	ACTN2;MTR
Ceuthmochares_aereus|GCA_013398935.1|RYR.1	GCA_013398935.1	Ceuthmochares aereus	Aves	Cuculiformes	RYR	1	found_annotated	fixed10	1	0	1	1	1	0	AVEN
Callaeas_wilsoni|GCA_013398955.1|ITPR1.0	GCA_013398955.1	Callaeas wilsoni	Aves	Passeriformes	ITPR1	0	assembly_gap	fixed10	0	0	0	0	0	1	
Callaeas_wilsoni|GCA_013398955.1|ITPR2.0	GCA_013398955.1	Callaeas wilsoni	Aves	Passeriformes	ITPR2	0	found_unannotated	fixed10	1	0	1	1	1	1	SSPN
Callaeas_wilsoni|GCA_013398955.1|ITPR3.0	GCA_013398955.1	Callaeas wilsoni	Aves	Passeriformes	ITPR3	0	found_annotated	fixed10	0	0	0	0	0	1	
Callaeas_wilsoni|GCA_013398955.1|ITPR3.1	GCA_013398955.1	Callaeas wilsoni	Aves	Passeriformes	ITPR3	1	found_annotated	fixed10	1	0	1	1	1	0	UQCC2
Callaeas_wilsoni|GCA_013398955.1|RYR.0	GCA_013398955.1	Callaeas wilsoni	Aves	Passeriformes	RYR	0	found_annotated	fixed10	0	0	0	0	0	0	
Callaeas_wilsoni|GCA_013398955.1|RYR.1	GCA_013398955.1	Callaeas wilsoni	Aves	Passeriformes	RYR	1	found_annotated	fixed10	1	1	0	1	1	1	AVEN
Catharus_fuscescens|GCA_013398975.1|ITPR1.0	GCA_013398975.1	Catharus fuscescens	Aves	Passeriformes	ITPR1	0	assembly_gap	fixed10	0	0	0	0	0	1	
Catharus_fuscescens|GCA_013398975.1|ITPR1.1	GCA_013398975.1	Catharus fuscescens	Aves	Passeriformes	ITPR1	1	assembly_gap	fixed10	0	0	0	0	0	0	
Catharus_fuscescens|GCA_013398975.1|ITPR2.0	GCA_013398975.1	Catharus fuscescens	Aves	Passeriformes	ITPR2	0	found_unannotated	fixed10	3	3	0	3	3	1	BHLHE41;RASSF8;SSPN
Catharus_fuscescens|GCA_013398975.1|ITPR3.0	GCA_013398975.1	Catharus fuscescens	Aves	Passeriformes	ITPR3	0	found_annotated	fixed10	0	0	0	0	0	1	
Catharus_fuscescens|GCA_013398975.1|RYR.0	GCA_013398975.1	Catharus fuscescens	Aves	Passeriformes	RYR	0	found_annotated	fixed10	1	1	0	1	1	0	ACTN2
Catharus_fuscescens|GCA_013398975.1|RYR.1	GCA_013398975.1	Catharus fuscescens	Aves	Passeriformes	RYR	1	found_annotated	fixed10	12	7	5	11	11	1	AVEN;CHRM5;EMC7;FAM98B;FGL1L;GREM1;KATNBL1;LD;RASGRP1;SCG5;THBS1
Quiscalus_mexicanus|GCA_013399035.1|ITPR1.0	GCA_013399035.1	Quiscalus mexicanus	Aves	Passeriformes	ITPR1	0	assembly_gap	fixed10	0	0	0	0	0	1	
Quiscalus_mexicanus|GCA_013399035.1|ITPR1.1	GCA_013399035.1	Quiscalus mexicanus	Aves	Passeriformes	ITPR1	1	assembly_gap	fixed10	0	0	0	0	0	0	
Quiscalus_mexicanus|GCA_013399035.1|ITPR2.0	GCA_013399035.1	Quiscalus mexicanus	Aves	Passeriformes	ITPR2	0	assembly_gap	fixed10	1	0	1	1	1	1	INTS13
Quiscalus_mexicanus|GCA_013399035.1|ITPR3.0	GCA_013399035.1	Quiscalus mexicanus	Aves	Passeriformes	ITPR3	0	found_annotated	fixed10	4	0	4	4	4	1	IP6K3;LEMD2;MLN;PRA1
Quiscalus_mexicanus|GCA_013399035.1|RYR.0	GCA_013399035.1	Quiscalus mexicanus	Aves	Passeriformes	RYR	0	found_unannotated	fixed10	0	0	0	0	0	0	
Quiscalus_mexicanus|GCA_013399035.1|RYR.1	GCA_013399035.1	Quiscalus mexicanus	Aves	Passeriformes	RYR	1	found_unannotated	fixed10	2	2	0	2	2	1	GREM1;LD
Chloroceryle_aenea|GCA_013399075.1|ITPR1.0	GCA_013399075.1	Chloroceryle aenea	Aves	Coraciiformes	ITPR1	0	found_annotated	fixed10	0	0	0	0	0	1	
Chloroceryle_aenea|GCA_013399075.1|ITPR2.0	GCA_013399075.1	Chloroceryle aenea	Aves	Coraciiformes	ITPR2	0	found_unannotated	fixed10	0	0	0	0	0	1	
Chloroceryle_aenea|GCA_013399075.1|ITPR3.0	GCA_013399075.1	Chloroceryle aenea	Aves	Coraciiformes	ITPR3	0	found_annotated	fixed10	8	6	2	7	7	1	APOBEC2;BAK1;GRM4;NFYA;OARD1;PRA1;TREM2
Chloroceryle_aenea|GCA_013399075.1|RYR.0	GCA_013399075.1	Chloroceryle aenea	Aves	Coraciiformes	RYR	0	found_annotated	fixed10	0	0	0	0	0	1	
Rostratula_benghalensis|GCA_013399305.1|ITPR1.0	GCA_013399305.1	Rostratula benghalensis	Aves	Charadriiformes	ITPR1	0	found_annotated	fixed10	12	10	2	9	9	1	ARL8B;BHLHE40;CNTN4;CRBN;IL5RA;LRRN1;SETMAR;SUMF1;TRNT1
Rostratula_benghalensis|GCA_013399305.1|ITPR2.0	GCA_013399305.1	Rostratula benghalensis	Aves	Charadriiformes	ITPR2	0	found_unannotated	fixed10	19	10	9	14	14	1	BHLHE41;CASC1;CYB5R3;ETFRF1;FGFR1OP2;GYS2;INTS13;KRAS;MED21;PPFIBP1;SPX;SSPN;STK38L;TM7SF3
Rostratula_benghalensis|GCA_013399305.1|ITPR3.0	GCA_013399305.1	Rostratula benghalensis	Aves	Charadriiformes	ITPR3	0	found_annotated	fixed10	7	7	0	4	4	1	APOBEC2;BAK1;NFYA;OARD1
Rostratula_benghalensis|GCA_013399305.1|RYR.0	GCA_013399305.1	Rostratula benghalensis	Aves	Charadriiformes	RYR	0	found_annotated	fixed10	10	0	10	9	9	1	ACTN2;B3GALNT2;EDARADD;ERO1B;GNG4;GPR137B;HEATR1;LYST;NID1
Rostratula_benghalensis|GCA_013399305.1|RYR.1	GCA_013399305.1	Rostratula benghalensis	Aves	Charadriiformes	RYR	1	found_annotated	fixed10	20	10	10	17	17	0	ARHGAP11A;AVEN;CHRM5;DPH6;EIF2AK4;EMC7;FAM98B;FSIP1;GPR176;GREM1;KATNBL1;LD;RASGRP1;SCG5;SPRED1;SRP14;THBS1
Nyctiprogne_leucopyga|GCA_013399395.1|ITPR1.0	GCA_013399395.1	Nyctiprogne leucopyga	Aves	Caprimulgiformes	ITPR1	0	found_annotated	fixed10	7	4	3	5	5	1	BHLHE40;EDEM1;LRRN1;SETMAR;SUMF1
Nyctiprogne_leucopyga|GCA_013399395.1|ITPR2.0	GCA_013399395.1	Nyctiprogne leucopyga	Aves	Caprimulgiformes	ITPR2	0	found_unannotated	fixed10	4	0	4	3	3	1	BHLHE41;KRAS;SSPN
Nyctiprogne_leucopyga|GCA_013399395.1|ITPR2.1	GCA_013399395.1	Nyctiprogne leucopyga	Aves	Caprimulgiformes	ITPR2	1	found_unannotated	fixed10	0	0	0	0	0	0	
Nyctiprogne_leucopyga|GCA_013399395.1|ITPR3.0	GCA_013399395.1	Nyctiprogne leucopyga	Aves	Caprimulgiformes	ITPR3	0	found_annotated	fixed10	8	7	1	7	7	1	APOBEC2;BAK1;NFYA;OARD1;TREM2;TREML1;UQCC2
Nyctiprogne_leucopyga|GCA_013399395.1|RYR.0	GCA_013399395.1	Nyctiprogne leucopyga	Aves	Caprimulgiformes	RYR	0	assembly_gap	fixed10	0	0	0	0	0	1	
Nyctiprogne_leucopyga|GCA_013399395.1|RYR.1	GCA_013399395.1	Nyctiprogne leucopyga	Aves	Caprimulgiformes	RYR	1	assembly_gap	fixed10	0	0	0	0	0	0	
Nyctiprogne_leucopyga|GCA_013399395.1|RYR.2	GCA_013399395.1	Nyctiprogne leucopyga	Aves	Caprimulgiformes	RYR	2	assembly_gap	fixed10	0	0	0	0	0	0	
Nyctiprogne_leucopyga|GCA_013399395.1|RYR.3	GCA_013399395.1	Nyctiprogne leucopyga	Aves	Caprimulgiformes	RYR	3	assembly_gap	fixed10	0	0	0	0	0	0	
Anthoscopus_minutus|GCA_013399455.1|ITPR1.0	GCA_013399455.1	Anthoscopus minutus	Aves	Passeriformes	ITPR1	0	found_unannotated	fixed10	13	3	10	9	9	1	BHLHE40;CAV3;EDEM1;LMCD1;LRRN1;RAD18;SETMAR;SRGAP3;SUMF1
Anthoscopus_minutus|GCA_013399455.1|ITPR2.0	GCA_013399455.1	Anthoscopus minutus	Aves	Passeriformes	ITPR2	0	assembly_gap	fixed10	0	0	0	0	0	1	
Anthoscopus_minutus|GCA_013399455.1|ITPR3.0	GCA_013399455.1	Anthoscopus minutus	Aves	Passeriformes	ITPR3	0	assembly_gap	fixed10	4	4	0	4	4	1	IP6K3;MLN;PRA1;UQCC2
Anthoscopus_minutus|GCA_013399455.1|ITPR3.1	GCA_013399455.1	Anthoscopus minutus	Aves	Passeriformes	ITPR3	1	assembly_gap	fixed10	1	1	0	1	1	0	BAK1
Anthoscopus_minutus|GCA_013399455.1|RYR.0	GCA_013399455.1	Anthoscopus minutus	Aves	Passeriformes	RYR	0	assembly_gap	fixed10	0	0	0	0	0	1	
Anthoscopus_minutus|GCA_013399455.1|RYR.1	GCA_013399455.1	Anthoscopus minutus	Aves	Passeriformes	RYR	1	assembly_gap	fixed10	0	0	0	0	0	0	
Corythaixoides_concolor|GCA_013399495.1|ITPR1.0	GCA_013399495.1	Corythaixoides concolor	Aves	Musophagiformes	ITPR1	0	found_unannotated	fixed10	3	3	0	3	3	1	ARL8BA;BHLHE40;EDEM1
Corythaixoides_concolor|GCA_013399495.1|ITPR2.0	GCA_013399495.1	Corythaixoides concolor	Aves	Musophagiformes	ITPR2	0	found_unannotated	fixed10	17	7	10	13	13	1	ARNTL2;BHLHE41;CYB5R3;ETFRF1;FGFR1OP2;GYS2;INTS13;KRAS;LDHB;PPFIBP1;SPX;SSPN;TM7SF3
Corythaixoides_concolor|GCA_013399495.1|ITPR3.0	GCA_013399495.1	Corythaixoides concolor	Aves	Musophagiformes	ITPR3	0	found_annotated	fixed10	16	6	10	14	14	1	APOBEC2;BAK1;FOXP4;GRM4;HMGA1;IP6K3;LEMD2;MDFI;MLN;NFYA;OARD1;RPS10;TFEB;TREM2
Corythaixoides_concolor|GCA_013399495.1|RYR.0	GCA_013399495.1	Corythaixoides concolor	Aves	Musophagiformes	RYR	0	found_annotated	fixed10	3	3	0	3	3	1	ACTN2;EDARADD;HEATR1
Podilymbus_podiceps|GCA_013399565.1|ITPR1.0	GCA_013399565.1	Podilymbus podiceps	Aves	Podicipediformes	ITPR1	0	found_unannotated	fixed10	7	7	0	7	7	1	CNTN4;CRBN;IL5RA;LRRN1;SETMAR;SUMF1;TRNT1
Podilymbus_podiceps|GCA_013399565.1|ITPR2.0	GCA_013399565.1	Podilymbus podiceps	Aves	Podicipediformes	ITPR2	0	assembly_gap	fixed10	2	2	0	2	2	1	BHLHE41;SSPN
Podilymbus_podiceps|GCA_013399565.1|ITPR3.0	GCA_013399565.1	Podilymbus podiceps	Aves	Podicipediformes	ITPR3	0	found_annotated	fixed10	20	10	10	14	14	1	BAK1;CD300LD;FOXP4;GRM4;HMGA1;MDFI;NFYA;NUDT3;OARD1;PACSIN1;SNRPC;SPDEF;TFEB;TREM2
Podilymbus_podiceps|GCA_013399565.1|RYR.0	GCA_013399565.1	Podilymbus podiceps	Aves	Podicipediformes	RYR	0	found_annotated	fixed10	10	10	0	9	9	1	ACTN2;B3GALNT2;EDARADD;ERO1B;GNG4;GPR137B;HEATR1;LGALS8;LYST
Podilymbus_podiceps|GCA_013399565.1|RYR.1	GCA_013399565.1	Podilymbus podiceps	Aves	Podicipediformes	RYR	1	found_annotated	fixed10	12	2	10	11	11	0	AVEN;CHRM5;EIF2AK4;EMC7;FSIP1;GPR176;GREM1;KATNBL1;LD;SRP14;THBS1
Tyrannus_savana|GCA_013399735.1|ITPR1.0	GCA_013399735.1	Tyrannus savana	Aves	Passeriformes	ITPR1	0	found_unannotated	fixed10	15	7	8	12	12	1	ARL8BA;BHLHE40;CAV3;CNTN4;CRBN;EDEM1;IL5RA;LMCD1;LRRN1;SETMAR;SUMF1;TRNT1
Tyrannus_savana|GCA_013399735.1|ITPR2.0	GCA_013399735.1	Tyrannus savana	Aves	Passeriformes	ITPR2	0	assembly_gap	fixed10	2	2	0	1	1	1	SSPN
Tyrannus_savana|GCA_013399735.1|ITPR3.0	GCA_013399735.1	Tyrannus savana	Aves	Passeriformes	ITPR3	0	found_annotated	fixed10	12	8	4	11	11	1	APOBEC2;BAK1;FOXP4;GRM4;HMGA1;NFYA;NUDT3;OARD1;RPS10;TREM2;TREML2
Tyrannus_savana|GCA_013399735.1|RYR.0	GCA_013399735.1	Tyrannus savana	Aves	Passeriformes	RYR	0	found_unannotated	fixed10	0	0	0	0	0	0	
Tyrannus_savana|GCA_013399735.1|RYR.1	GCA_013399735.1	Tyrannus savana	Aves	Passeriformes	RYR	1	found_unannotated	fixed10	12	5	7	12	12	1	ARHGAP11A;AVEN;CHRM5;EMC7;FAM98B;FGL1L;GREM1;KATNBL1;LD;RASGRP1;SCG5;SPRED1
Semnornis_frantzii|GCA_013399775.1|ITPR3.0	GCA_013399775.1	Semnornis frantzii	Aves	Piciformes	ITPR3	0	found_annotated	fixed10	1	1	0	1	1	1	IP6K3
Semnornis_frantzii|GCA_013399775.1|RYR.0	GCA_013399775.1	Semnornis frantzii	Aves	Piciformes	RYR	0	assembly_gap	fixed10	0	0	0	0	0	1	
Semnornis_frantzii|GCA_013399775.1|RYR.1	GCA_013399775.1	Semnornis frantzii	Aves	Piciformes	RYR	1	assembly_gap	fixed10	1	1	0	1	1	0	AVEN
Semnornis_frantzii|GCA_013399775.1|RYR.2	GCA_013399775.1	Semnornis frantzii	Aves	Piciformes	RYR	2	assembly_gap	fixed10	0	0	0	0	0	0	
Semnornis_frantzii|GCA_013399775.1|RYR.3	GCA_013399775.1	Semnornis frantzii	Aves	Piciformes	RYR	3	assembly_gap	fixed10	0	0	0	0	0	0	
Zosterops_hypoxanthus|GCA_013399795.1|ITPR1.0	GCA_013399795.1	Zosterops hypoxanthus	Aves	Passeriformes	ITPR1	0	assembly_gap	fixed10	3	0	3	3	3	1	ARL8BA;BHLHE40;EDEM1
Zosterops_hypoxanthus|GCA_013399795.1|ITPR1.1	GCA_013399795.1	Zosterops hypoxanthus	Aves	Passeriformes	ITPR1	1	assembly_gap	fixed10	3	3	0	3	3	0	LRRN1;SETMAR;SUMF1
Zosterops_hypoxanthus|GCA_013399795.1|ITPR2.0	GCA_013399795.1	Zosterops hypoxanthus	Aves	Passeriformes	ITPR2	0	found_unannotated	fixed10	9	3	6	6	6	1	BHLHE41;FGFR1OP2;INTS13;MED21;SSPN;STK38L
Zosterops_hypoxanthus|GCA_013399795.1|ITPR3.0	GCA_013399795.1	Zosterops hypoxanthus	Aves	Passeriformes	ITPR3	0	found_annotated	fixed10	3	3	0	3	3	1	LEMD2;MLN;PRA1
Zosterops_hypoxanthus|GCA_013399795.1|RYR.0	GCA_013399795.1	Zosterops hypoxanthus	Aves	Passeriformes	RYR	0	found_unannotated	fixed10	0	0	0	0	0	1	
Zosterops_hypoxanthus|GCA_013399795.1|RYR.1	GCA_013399795.1	Zosterops hypoxanthus	Aves	Passeriformes	RYR	1	found_unannotated	fixed10	0	0	0	0	0	0	
Zosterops_hypoxanthus|GCA_013399795.1|RYR.2	GCA_013399795.1	Zosterops hypoxanthus	Aves	Passeriformes	RYR	2	found_unannotated	fixed10	2	2	0	2	2	0	GREM1;LD
Oxyruncus_cristatus|GCA_013399855.1|ITPR1.0	GCA_013399855.1	Oxyruncus cristatus	Aves	Passeriformes	ITPR1	0	found_unannotated	fixed10	20	10	10	14	14	1	BHLHE40;CAV3;CHL1;CNTN4;EDEM1;IL5RA;LMCD1;LRRN1;MTR;RAD18;SETMAR;SRGAP3;SUMF1;TRNT1
Oxyruncus_cristatus|GCA_013399855.1|ITPR2.0	GCA_013399855.1	Oxyruncus cristatus	Aves	Passeriformes	ITPR2	0	found_unannotated	fixed10	13	3	10	11	11	1	BHLHE41;ETFRF1;FGFR1OP2;GYS2;INTS13;KCNJ8;KRAS;LDHB;RASSF8;SSPN;TM7SF3
Oxyruncus_cristatus|GCA_013399855.1|ITPR3.0	GCA_013399855.1	Oxyruncus cristatus	Aves	Passeriformes	ITPR3	0	found_annotated	fixed10	20	10	10	19	19	1	APOBEC2;BAK1;FOXP4;GRM4;HMGA1;IP6K3;LEMD2;MDFI;MLN;NFYA;NUDT3;OARD1;PRA1;RPS10;SMIM29;TFEB;TREM2;TREML2;UQCC2
Oxyruncus_cristatus|GCA_013399855.1|RYR.0	GCA_013399855.1	Oxyruncus cristatus	Aves	Passeriformes	RYR	0	found_unannotated	fixed10	0	0	0	0	0	0	
Oxyruncus_cristatus|GCA_013399855.1|RYR.1	GCA_013399855.1	Oxyruncus cristatus	Aves	Passeriformes	RYR	1	found_unannotated	fixed10	8	3	5	7	7	1	AVEN;CHRM5;EMC7;GREM1;KATNBL1;LD;SCG5
Serilophus_lunatus|GCA_013399895.1|ITPR1.0	GCA_013399895.1	Serilophus lunatus	Aves	Passeriformes	ITPR1	0	found_unannotated	fixed10	4	4	0	3	3	1	ARL8B;BHLHE40;EDEM1
Serilophus_lunatus|GCA_013399895.1|ITPR2.0	GCA_013399895.1	Serilophus lunatus	Aves	Passeriformes	ITPR2	0	found_unannotated	fixed10	16	6	10	13	13	1	BHLHE41;CYB5R3;ENDOUA;ETFRF1;FGFR1OP2;INTS13;KRAS;MED21;PPFIBP1;RASSF8;REP15;SSPN;TM7SF3
Serilophus_lunatus|GCA_013399895.1|ITPR3.0	GCA_013399895.1	Serilophus lunatus	Aves	Passeriformes	ITPR3	0	found_annotated	fixed10	16	6	10	12	12	1	APOBEC2;BAK1;GRM4;HMGA1;NFYA;NUDT3;OARD1;PACSIN1;RPS10;SMIM29;SNRPC;SPDEF
Serilophus_lunatus|GCA_013399895.1|RYR.0	GCA_013399895.1	Serilophus lunatus	Aves	Passeriformes	RYR	0	found_annotated	fixed10	10	0	10	9	9	1	ACTN2;EDARADD;ERO1B;GNG4;GPR137B;HEATR1;LGALS8;LYST;NID1
Serilophus_lunatus|GCA_013399895.1|RYR.1	GCA_013399895.1	Serilophus lunatus	Aves	Passeriformes	RYR	1	found_annotated	fixed10	12	5	7	12	12	0	ARHGAP11A;AVEN;CHRM5;EMC7;FAM98B;FGL1L;GREM1;KATNBL1;LD;RASGRP1;SCG5;SPRED1
Hippolais_icterina|GCA_013400075.1|ITPR1.0	GCA_013400075.1	Hippolais icterina	Aves	Passeriformes	ITPR1	0	assembly_gap	fixed10	0	0	0	0	0	1	
Hippolais_icterina|GCA_013400075.1|ITPR2.0	GCA_013400075.1	Hippolais icterina	Aves	Passeriformes	ITPR2	0	found_unannotated	fixed10	6	3	3	6	6	1	BHLHE41;FGFR1OP2;INTS13;RASSF8;SSPN;TM7SF3
Hippolais_icterina|GCA_013400075.1|ITPR3.0	GCA_013400075.1	Hippolais icterina	Aves	Passeriformes	ITPR3	0	found_annotated	fixed10	0	0	0	0	0	1	
Hippolais_icterina|GCA_013400075.1|RYR.0	GCA_013400075.1	Hippolais icterina	Aves	Passeriformes	RYR	0	found_unannotated	fixed10	0	0	0	0	0	1	
Hippolais_icterina|GCA_013400075.1|RYR.1	GCA_013400075.1	Hippolais icterina	Aves	Passeriformes	RYR	1	found_unannotated	fixed10	1	1	0	1	1	0	LD
Aramus_guarauna|GCA_013400195.1|ITPR1.0	GCA_013400195.1	Aramus guarauna	Aves	Gruiformes	ITPR1	0	found_annotated	fixed10	20	10	10	15	15	1	ARL8BA;BHLHE40;CAV3;CNTN4;CRBN;IL5RA;LMCD1;LRRN1;OXTR;RAD18;SETMAR;SRGAP3;SSUH2;SUMF1;TRNT1
Aramus_guarauna|GCA_013400195.1|ITPR2.0	GCA_013400195.1	Aramus guarauna	Aves	Gruiformes	ITPR2	0	found_unannotated	fixed10	10	4	6	10	10	1	BHLHE41;CASC1;ETFRF1;FGFR1OP2;INTS13;KRAS;MED21;RASSF8;SSPN;TM7SF3
Aramus_guarauna|GCA_013400195.1|ITPR3.0	GCA_013400195.1	Aramus guarauna	Aves	Gruiformes	ITPR3	0	found_annotated	fixed10	18	8	10	16	15	1	APOBEC2;BAK1;FOXP4;GRM4;IP6K3;LEMD2;MLN;NFYA;NUDT3;OARD1;PACSIN1;PRA1;RPS10;SNRPC;TREM1;TREM2
Aramus_guarauna|GCA_013400195.1|RYR.0	GCA_013400195.1	Aramus guarauna	Aves	Gruiformes	RYR	0	found_annotated	fixed10	2	0	2	1	1	0	MTR
Aramus_guarauna|GCA_013400195.1|RYR.1	GCA_013400195.1	Aramus guarauna	Aves	Gruiformes	RYR	1	found_annotated	fixed10	12	5	7	11	11	1	ARHGAP11A;AVEN;CHRM5;EMC7;FAM98B;GREM1;KATNBL1;LD;RASGRP1;SCG5;SPRED1
Cisticola_juncidis|GCA_013400215.1|ITPR1.0	GCA_013400215.1	Cisticola juncidis	Aves	Passeriformes	ITPR1	0	found_unannotated	fixed10	11	8	3	8	8	1	ARL8B;BHLHE40;CNTN4;CRBN;EDEM1;LRRN1;SUMF1;TRNT1
Cisticola_juncidis|GCA_013400215.1|ITPR2.0	GCA_013400215.1	Cisticola juncidis	Aves	Passeriformes	ITPR2	0	found_unannotated	fixed10	11	5	6	9	9	1	BHLHE41;ETFRF1;FGFR1OP2;INTS13;KRAS;MED21;RASSF8;SSPN;TM7SF3
Cisticola_juncidis|GCA_013400215.1|ITPR3.0	GCA_013400215.1	Cisticola juncidis	Aves	Passeriformes	ITPR3	0	found_annotated	fixed10	6	1	5	5	5	1	BAK1;IP6K3;LEMD2;MLN;PRA1
Cisticola_juncidis|GCA_013400215.1|RYR.0	GCA_013400215.1	Cisticola juncidis	Aves	Passeriformes	RYR	0	found_annotated	fixed10	10	0	10	9	9	0	ACTN2;EDARADD;ERO1B;GNG4;GPR137B;HEATR1;LGALS8;LYST;NID1
Cisticola_juncidis|GCA_013400215.1|RYR.1	GCA_013400215.1	Cisticola juncidis	Aves	Passeriformes	RYR	1	found_annotated	fixed10	18	10	8	16	16	1	ARHGAP11A;AVEN;CHRM5;EIF2AK4;EMC7;FAM98B;FGL1L;FSIP1;GPR176;GREM1;KATNBL1;RASGRP1;SCG5;SPRED1;SRP14;THBS1
Scytalopus_superciliaris|GCA_013400415.1|ITPR1.0	GCA_013400415.1	Scytalopus superciliaris	Aves	Passeriformes	ITPR1	0	found_annotated	fixed10	10	0	10	7	7	1	CNTN4;CRBN;IL5RA;LRRN1;SETMAR;SUMF1;TRNT1
Scytalopus_superciliaris|GCA_013400415.1|ITPR2.0	GCA_013400415.1	Scytalopus superciliaris	Aves	Passeriformes	ITPR2	0	found_unannotated	fixed10	0	0	0	0	0	1	
Scytalopus_superciliaris|GCA_013400415.1|ITPR3.0	GCA_013400415.1	Scytalopus superciliaris	Aves	Passeriformes	ITPR3	0	found_annotated	fixed10	13	7	6	11	11	1	APOBEC2;BAK1;CD300LG;IP6K3;LEMD2;MLN;NFYA;OARD1;PRA1;TREM2;UQCC2
Scytalopus_superciliaris|GCA_013400415.1|RYR.0	GCA_013400415.1	Scytalopus superciliaris	Aves	Passeriformes	RYR	0	found_unannotated	fixed10	10	0	10	10	10	0	CAPN3;CDAN1;HAUS2;LRRC57;RDS2;SNAP23;STARD9;TTBK2;UBR1;ZNF106
Scytalopus_superciliaris|GCA_013400415.1|RYR.1	GCA_013400415.1	Scytalopus superciliaris	Aves	Passeriformes	RYR	1	found_unannotated	fixed10	11	10	1	10	10	1	AVEN;CHRM5;EIF2AK4;EMC7;FSIP1;GPR176;KATNBL1;LD;SRP14;THBS1
Leiothrix_lutea|GCA_013400445.1|ITPR2.0	GCA_013400445.1	Leiothrix lutea	Aves	Passeriformes	ITPR2	0	found_unannotated	fixed10	8	5	3	8	8	1	ARNTL2;BHLHE41;FGFR1OP2;INTS13;MED21;RASSF8;SSPN;TM7SF3
Leiothrix_lutea|GCA_013400445.1|ITPR3.0	GCA_013400445.1	Leiothrix lutea	Aves	Passeriformes	ITPR3	0	found_annotated	fixed10	6	1	5	6	6	1	BAK1;GRM4;HMGA1;NUDT3;RPS10;SMIM29
Leiothrix_lutea|GCA_013400445.1|RYR.0	GCA_013400445.1	Leiothrix lutea	Aves	Passeriformes	RYR	0	found_unannotated	fixed10	2	2	0	1	1	1	MTR
Leiothrix_lutea|GCA_013400445.1|RYR.1	GCA_013400445.1	Leiothrix lutea	Aves	Passeriformes	RYR	1	found_unannotated	fixed10	0	0	0	0	0	0	
Leiothrix_lutea|GCA_013400445.1|RYR.2	GCA_013400445.1	Leiothrix lutea	Aves	Passeriformes	RYR	2	found_unannotated	fixed10	0	0	0	0	0	0	
Leiothrix_lutea|GCA_013400445.1|RYR.3	GCA_013400445.1	Leiothrix lutea	Aves	Passeriformes	RYR	3	found_unannotated	fixed10	9	9	0	9	9	0	AVEN;CHRM5;EIF2AK4;EMC7;FGL1L;GPR176;KATNBL1;SRP14;THBS1
Erpornis_zantholeuca|GCA_013400515.1|ITPR1.0	GCA_013400515.1	Erpornis zantholeuca	Aves	Passeriformes	ITPR1	0	found_annotated	fixed10	2	0	2	2	2	1	ARL8BA;EDEM1
Erpornis_zantholeuca|GCA_013400515.1|ITPR2.0	GCA_013400515.1	Erpornis zantholeuca	Aves	Passeriformes	ITPR2	0	found_unannotated	fixed10	4	1	3	3	3	1	BHLHE41;INTS13;SSPN
Erpornis_zantholeuca|GCA_013400515.1|ITPR3.0	GCA_013400515.1	Erpornis zantholeuca	Aves	Passeriformes	ITPR3	0	found_annotated	fixed10	17	10	7	16	16	1	APOBEC2;BAK1;GRM4;HMGA1;IP6K3;LEMD2;MLN;NFYA;NUDT3;OARD1;PACSIN1;PRA1;RPS10;SNRPC;TREM2;TREML2
Erpornis_zantholeuca|GCA_013400515.1|RYR.0	GCA_013400515.1	Erpornis zantholeuca	Aves	Passeriformes	RYR	0	assembly_gap	fixed10	0	0	0	0	0	1	
Erpornis_zantholeuca|GCA_013400515.1|RYR.1	GCA_013400515.1	Erpornis zantholeuca	Aves	Passeriformes	RYR	1	assembly_gap	fixed10	0	0	0	0	0	0	
Erpornis_zantholeuca|GCA_013400515.1|RYR.2	GCA_013400515.1	Erpornis zantholeuca	Aves	Passeriformes	RYR	2	assembly_gap	fixed10	1	0	1	1	1	0	ACTN4
Erpornis_zantholeuca|GCA_013400515.1|RYR.3	GCA_013400515.1	Erpornis zantholeuca	Aves	Passeriformes	RYR	3	assembly_gap	fixed10	0	0	0	0	0	0	
Erpornis_zantholeuca|GCA_013400515.1|RYR.4	GCA_013400515.1	Erpornis zantholeuca	Aves	Passeriformes	RYR	4	assembly_gap	fixed10	0	0	0	0	0	0	
Chloropsis_cyanopogon|GCA_013400585.1|ITPR1.0	GCA_013400585.1	Chloropsis cyanopogon	Aves	Passeriformes	ITPR1	0	found_unannotated	fixed10	12	9	3	9	9	1	ARL8BA;BHLHE40;CRBN;EDEM1;IL5RA;LRRN1;SETMAR;SUMF1;TRNT1
Chloropsis_cyanopogon|GCA_013400585.1|ITPR2.0	GCA_013400585.1	Chloropsis cyanopogon	Aves	Passeriformes	ITPR2	0	found_unannotated	fixed10	9	6	3	6	6	1	BHLHE41;FGFR1OP2;INTS13;MED21;SSPN;TM7SF3
Chloropsis_cyanopogon|GCA_013400585.1|ITPR3.0	GCA_013400585.1	Chloropsis cyanopogon	Aves	Passeriformes	ITPR3	0	found_annotated	fixed10	1	1	0	1	1	1	BAK1
Chloropsis_cyanopogon|GCA_013400585.1|RYR.0	GCA_013400585.1	Chloropsis cyanopogon	Aves	Passeriformes	RYR	0	assembly_gap	fixed10	0	0	0	0	0	0	
Chloropsis_cyanopogon|GCA_013400585.1|RYR.1	GCA_013400585.1	Chloropsis cyanopogon	Aves	Passeriformes	RYR	1	assembly_gap	fixed10	0	0	0	0	0	0	
Chloropsis_cyanopogon|GCA_013400585.1|RYR.2	GCA_013400585.1	Chloropsis cyanopogon	Aves	Passeriformes	RYR	2	assembly_gap	fixed10	0	0	0	0	0	1	
Chloropsis_cyanopogon|GCA_013400585.1|RYR.3	GCA_013400585.1	Chloropsis cyanopogon	Aves	Passeriformes	RYR	3	assembly_gap	fixed10	0	0	0	0	0	0	
Chloropsis_cyanopogon|GCA_013400585.1|RYR.4	GCA_013400585.1	Chloropsis cyanopogon	Aves	Passeriformes	RYR	4	assembly_gap	fixed10	0	0	0	0	0	0	
Hypocryptadius_cinnamomeus|GCA_013400635.1|ITPR3.0	GCA_013400635.1	Hypocryptadius cinnamomeus	Aves	Passeriformes	ITPR3	0	found_annotated	fixed10	0	0	0	0	0	1	
Hypocryptadius_cinnamomeus|GCA_013400635.1|RYR.0	GCA_013400635.1	Hypocryptadius cinnamomeus	Aves	Passeriformes	RYR	0	assembly_gap	fixed10	0	0	0	0	0	1	
Mystacornis_crossleyi|GCA_013400655.1|ITPR2.0	GCA_013400655.1	Mystacornis crossleyi	Aves	Passeriformes	ITPR2	0	found_annotated	fixed10	0	0	0	0	0	1	
Mystacornis_crossleyi|GCA_013400655.1|ITPR2.1	GCA_013400655.1	Mystacornis crossleyi	Aves	Passeriformes	ITPR2	1	found_annotated	fixed10	0	0	0	0	0	0	
Mystacornis_crossleyi|GCA_013400655.1|RYR.0	GCA_013400655.1	Mystacornis crossleyi	Aves	Passeriformes	RYR	0	assembly_gap	fixed10	0	0	0	0	0	0	
Mystacornis_crossleyi|GCA_013400655.1|RYR.1	GCA_013400655.1	Mystacornis crossleyi	Aves	Passeriformes	RYR	1	assembly_gap	fixed10	0	0	0	0	0	1	
Oxylabes_madagascariensis|GCA_013400675.1|ITPR2.0	GCA_013400675.1	Oxylabes madagascariensis	Aves	Passeriformes	ITPR2	0	assembly_gap	fixed10	0	0	0	0	0	1	
Oxylabes_madagascariensis|GCA_013400675.1|ITPR2.1	GCA_013400675.1	Oxylabes madagascariensis	Aves	Passeriformes	ITPR2	1	assembly_gap	fixed10	0	0	0	0	0	0	
Oxylabes_madagascariensis|GCA_013400675.1|ITPR2.2	GCA_013400675.1	Oxylabes madagascariensis	Aves	Passeriformes	ITPR2	2	assembly_gap	fixed10	0	0	0	0	0	0	
Oxylabes_madagascariensis|GCA_013400675.1|ITPR3.0	GCA_013400675.1	Oxylabes madagascariensis	Aves	Passeriformes	ITPR3	0	assembly_gap	fixed10	0	0	0	0	0	1	
Oxylabes_madagascariensis|GCA_013400675.1|ITPR3.1	GCA_013400675.1	Oxylabes madagascariensis	Aves	Passeriformes	ITPR3	1	assembly_gap	fixed10	0	0	0	0	0	0	
Oxylabes_madagascariensis|GCA_013400675.1|ITPR3.2	GCA_013400675.1	Oxylabes madagascariensis	Aves	Passeriformes	ITPR3	2	assembly_gap	fixed10	0	0	0	0	0	0	
Oxylabes_madagascariensis|GCA_013400675.1|RYR.0	GCA_013400675.1	Oxylabes madagascariensis	Aves	Passeriformes	RYR	0	assembly_gap	fixed10	0	0	0	0	0	1	
Oxylabes_madagascariensis|GCA_013400675.1|RYR.1	GCA_013400675.1	Oxylabes madagascariensis	Aves	Passeriformes	RYR	1	assembly_gap	fixed10	0	0	0	0	0	0	
Oxylabes_madagascariensis|GCA_013400675.1|RYR.2	GCA_013400675.1	Oxylabes madagascariensis	Aves	Passeriformes	RYR	2	assembly_gap	fixed10	0	0	0	0	0	0	
Oxylabes_madagascariensis|GCA_013400675.1|RYR.3	GCA_013400675.1	Oxylabes madagascariensis	Aves	Passeriformes	RYR	3	assembly_gap	fixed10	0	0	0	0	0	0	
Neodrepanis_coruscans|GCA_013400695.1|ITPR2.0	GCA_013400695.1	Neodrepanis coruscans	Aves	Passeriformes	ITPR2	0	fragment	fixed10	0	0	0	0	0	1	
Neodrepanis_coruscans|GCA_013400695.1|ITPR2.1	GCA_013400695.1	Neodrepanis coruscans	Aves	Passeriformes	ITPR2	1	fragment	fixed10	0	0	0	0	0	0	
Neodrepanis_coruscans|GCA_013400695.1|ITPR3.0	GCA_013400695.1	Neodrepanis coruscans	Aves	Passeriformes	ITPR3	0	assembly_gap	fixed10	0	0	0	0	0	0	
Neodrepanis_coruscans|GCA_013400695.1|ITPR3.1	GCA_013400695.1	Neodrepanis coruscans	Aves	Passeriformes	ITPR3	1	assembly_gap	fixed10	0	0	0	0	0	1	
Neodrepanis_coruscans|GCA_013400695.1|ITPR3.2	GCA_013400695.1	Neodrepanis coruscans	Aves	Passeriformes	ITPR3	2	assembly_gap	fixed10	0	0	0	0	0	0	
Neodrepanis_coruscans|GCA_013400695.1|ITPR3.3	GCA_013400695.1	Neodrepanis coruscans	Aves	Passeriformes	ITPR3	3	assembly_gap	fixed10	0	0	0	0	0	0	
Neodrepanis_coruscans|GCA_013400695.1|RYR.0	GCA_013400695.1	Neodrepanis coruscans	Aves	Passeriformes	RYR	0	assembly_gap	fixed10	0	0	0	0	0	1	
Neodrepanis_coruscans|GCA_013400695.1|RYR.1	GCA_013400695.1	Neodrepanis coruscans	Aves	Passeriformes	RYR	1	assembly_gap	fixed10	0	0	0	0	0	0	
Pomatostomus_ruficeps|GCA_013400735.1|ITPR2.0	GCA_013400735.1	Pomatostomus ruficeps	Aves	Passeriformes	ITPR2	0	assembly_gap	fixed10	6	0	6	4	4	1	FGFR1OP2;INTS13;MED21;TM7SF3
Pomatostomus_ruficeps|GCA_013400735.1|ITPR3.0	GCA_013400735.1	Pomatostomus ruficeps	Aves	Passeriformes	ITPR3	0	found_annotated	fixed10	0	0	0	0	0	1	
Pomatostomus_ruficeps|GCA_013400735.1|RYR.0	GCA_013400735.1	Pomatostomus ruficeps	Aves	Passeriformes	RYR	0	assembly_gap	fixed10	0	0	0	0	0	1	
Pomatostomus_ruficeps|GCA_013400735.1|RYR.1	GCA_013400735.1	Pomatostomus ruficeps	Aves	Passeriformes	RYR	1	assembly_gap	fixed10	0	0	0	0	0	0	
Pomatostomus_ruficeps|GCA_013400735.1|RYR.2	GCA_013400735.1	Pomatostomus ruficeps	Aves	Passeriformes	RYR	2	assembly_gap	fixed10	1	0	1	1	1	0	AVEN
Pomatostomus_ruficeps|GCA_013400735.1|RYR.3	GCA_013400735.1	Pomatostomus ruficeps	Aves	Passeriformes	RYR	3	assembly_gap	fixed10	0	0	0	0	0	0	
Centropus_bengalensis|GCA_013400815.1|ITPR1.0	GCA_013400815.1	Centropus bengalensis	Aves	Cuculiformes	ITPR1	0	assembly_gap	fixed10	8	0	8	8	8	1	CHL1;CNTN4;CRBN;IL5RA;LRRN1;SETMAR;SUMF1;TRNT1
Centropus_bengalensis|GCA_013400815.1|ITPR2.0	GCA_013400815.1	Centropus bengalensis	Aves	Cuculiformes	ITPR2	0	found_unannotated	fixed10	5	3	2	4	4	1	BHLHE41;FGFR1OP2;INTS13;SSPN
Centropus_bengalensis|GCA_013400815.1|ITPR3.0	GCA_013400815.1	Centropus bengalensis	Aves	Cuculiformes	ITPR3	0	found_annotated	fixed10	6	6	0	6	6	1	GRM4;HMGA1;IP6K3;LEMD2;MLN;PRA1
Centropus_bengalensis|GCA_013400815.1|RYR.0	GCA_013400815.1	Centropus bengalensis	Aves	Cuculiformes	RYR	0	found_annotated	fixed10	0	0	0	0	0	1	
Centropus_bengalensis|GCA_013400815.1|RYR.1	GCA_013400815.1	Centropus bengalensis	Aves	Cuculiformes	RYR	1	found_annotated	fixed10	11	1	10	10	10	0	AVEN;CHRM5;EIF2AK4;EMC7;FSIP1;GPR176;KATNBL1;LD;SRP14;THBS1
Buphagus_erythrorhynchus|GCA_013400855.1|ITPR2.0	GCA_013400855.1	Buphagus erythrorhynchus	Aves	Passeriformes	ITPR2	0	assembly_gap	fixed10	0	0	0	0	0	1	
Buphagus_erythrorhynchus|GCA_013400855.1|ITPR2.1	GCA_013400855.1	Buphagus erythrorhynchus	Aves	Passeriformes	ITPR2	1	assembly_gap	fixed10	0	0	0	0	0	0	
Buphagus_erythrorhynchus|GCA_013400855.1|RYR.0	GCA_013400855.1	Buphagus erythrorhynchus	Aves	Passeriformes	RYR	0	assembly_gap	fixed10	0	0	0	0	0	1	
Buphagus_erythrorhynchus|GCA_013400855.1|RYR.1	GCA_013400855.1	Buphagus erythrorhynchus	Aves	Passeriformes	RYR	1	assembly_gap	fixed10	0	0	0	0	0	0	
Thalassarche_chlororhynchos|GCA_013400895.1|ITPR1.0	GCA_013400895.1	Thalassarche chlororhynchos	Aves	Procellariiformes	ITPR1	0	found_annotated	fixed10	0	0	0	0	0	1	
Thalassarche_chlororhynchos|GCA_013400895.1|ITPR3.0	GCA_013400895.1	Thalassarche chlororhynchos	Aves	Procellariiformes	ITPR3	0	found_annotated	fixed10	3	1	2	2	2	1	BAK1;GRM4
Thalassarche_chlororhynchos|GCA_013400895.1|RYR.0	GCA_013400895.1	Thalassarche chlororhynchos	Aves	Procellariiformes	RYR	0	assembly_gap	fixed10	0	0	0	0	0	1	
Thalassarche_chlororhynchos|GCA_013400895.1|RYR.1	GCA_013400895.1	Thalassarche chlororhynchos	Aves	Procellariiformes	RYR	1	assembly_gap	fixed10	0	0	0	0	0	0	
Pardalotus_punctatus|GCA_013400915.1|ITPR1.0	GCA_013400915.1	Pardalotus punctatus	Aves	Passeriformes	ITPR1	0	assembly_gap	fixed10	0	0	0	0	0	1	
Pardalotus_punctatus|GCA_013400915.1|ITPR2.0	GCA_013400915.1	Pardalotus punctatus	Aves	Passeriformes	ITPR2	0	assembly_gap	fixed10	0	0	0	0	0	1	
Pardalotus_punctatus|GCA_013400915.1|ITPR2.1	GCA_013400915.1	Pardalotus punctatus	Aves	Passeriformes	ITPR2	1	assembly_gap	fixed10	0	0	0	0	0	0	
Pardalotus_punctatus|GCA_013400915.1|ITPR3.0	GCA_013400915.1	Pardalotus punctatus	Aves	Passeriformes	ITPR3	0	assembly_gap	fixed10	0	0	0	0	0	1	
Pardalotus_punctatus|GCA_013400915.1|ITPR3.1	GCA_013400915.1	Pardalotus punctatus	Aves	Passeriformes	ITPR3	1	assembly_gap	fixed10	1	1	0	1	1	0	UQCC2
Pardalotus_punctatus|GCA_013400915.1|RYR.0	GCA_013400915.1	Pardalotus punctatus	Aves	Passeriformes	RYR	0	found_annotated	fixed10	10	0	10	9	9	0	ACTN2;B3GALNT2;EDARADD;ERO1B;GNG4;GPR137B;HEATR1;LYST;NID1
Pardalotus_punctatus|GCA_013400915.1|RYR.1	GCA_013400915.1	Pardalotus punctatus	Aves	Passeriformes	RYR	1	found_annotated	fixed10	10	10	0	10	10	1	AVEN;CHRM5;EIF2AK4;EMC7;FGL1L;FSIP1;GPR176;KATNBL1;SRP14;THBS1
Drymodes_brunneopygia|GCA_013400955.1|ITPR1.0	GCA_013400955.1	Drymodes brunneopygia	Aves	Passeriformes	ITPR1	0	found_unannotated	fixed10	1	0	1	1	1	1	BHLHE40
Drymodes_brunneopygia|GCA_013400955.1|ITPR2.0	GCA_013400955.1	Drymodes brunneopygia	Aves	Passeriformes	ITPR2	0	assembly_gap	fixed10	1	0	1	1	1	1	INTS13
Drymodes_brunneopygia|GCA_013400955.1|ITPR3.0	GCA_013400955.1	Drymodes brunneopygia	Aves	Passeriformes	ITPR3	0	found_annotated	fixed10	0	0	0	0	0	1	
Drymodes_brunneopygia|GCA_013400955.1|RYR.0	GCA_013400955.1	Drymodes brunneopygia	Aves	Passeriformes	RYR	0	found_annotated	fixed10	0	0	0	0	0	1	
Oreotrochilus_melanogaster|GCA_013400995.1|ITPR1.0	GCA_013400995.1	Oreotrochilus melanogaster	Aves	Apodiformes	ITPR1	0	assembly_gap	fixed10	0	0	0	0	0	1	
Oreotrochilus_melanogaster|GCA_013400995.1|ITPR1.1	GCA_013400995.1	Oreotrochilus melanogaster	Aves	Apodiformes	ITPR1	1	assembly_gap	fixed10	0	0	0	0	0	0	
Oreotrochilus_melanogaster|GCA_013400995.1|ITPR2.0	GCA_013400995.1	Oreotrochilus melanogaster	Aves	Apodiformes	ITPR2	0	found_unannotated	fixed10	0	0	0	0	0	1	
Oreotrochilus_melanogaster|GCA_013400995.1|ITPR2.1	GCA_013400995.1	Oreotrochilus melanogaster	Aves	Apodiformes	ITPR2	1	found_unannotated	fixed10	0	0	0	0	0	0	
Oreotrochilus_melanogaster|GCA_013400995.1|ITPR3.0	GCA_013400995.1	Oreotrochilus melanogaster	Aves	Apodiformes	ITPR3	0	found_annotated	fixed10	1	0	1	1	1	1	UQCC2
Oreotrochilus_melanogaster|GCA_013400995.1|RYR.0	GCA_013400995.1	Oreotrochilus melanogaster	Aves	Apodiformes	RYR	0	assembly_gap	fixed10	0	0	0	0	0	0	
Oreotrochilus_melanogaster|GCA_013400995.1|RYR.1	GCA_013400995.1	Oreotrochilus melanogaster	Aves	Apodiformes	RYR	1	assembly_gap	fixed10	0	0	0	0	0	0	
Oreotrochilus_melanogaster|GCA_013400995.1|RYR.2	GCA_013400995.1	Oreotrochilus melanogaster	Aves	Apodiformes	RYR	2	assembly_gap	fixed10	1	0	1	1	1	1	AVEN
Horornis_vulcanius|GCA_013401035.1|ITPR2.0	GCA_013401035.1	Horornis vulcanius	Aves	Passeriformes	ITPR2	0	assembly_gap	fixed10	0	0	0	0	0	1	
Horornis_vulcanius|GCA_013401035.1|ITPR2.1	GCA_013401035.1	Horornis vulcanius	Aves	Passeriformes	ITPR2	1	assembly_gap	fixed10	0	0	0	0	0	0	
Horornis_vulcanius|GCA_013401035.1|ITPR2.2	GCA_013401035.1	Horornis vulcanius	Aves	Passeriformes	ITPR2	2	assembly_gap	fixed10	0	0	0	0	0	0	
Horornis_vulcanius|GCA_013401035.1|ITPR2.3	GCA_013401035.1	Horornis vulcanius	Aves	Passeriformes	ITPR2	3	assembly_gap	fixed10	0	0	0	0	0	0	
Horornis_vulcanius|GCA_013401035.1|ITPR3.0	GCA_013401035.1	Horornis vulcanius	Aves	Passeriformes	ITPR3	0	assembly_gap	fixed10	0	0	0	0	0	1	
Horornis_vulcanius|GCA_013401035.1|ITPR3.1	GCA_013401035.1	Horornis vulcanius	Aves	Passeriformes	ITPR3	1	assembly_gap	fixed10	0	0	0	0	0	0	
Horornis_vulcanius|GCA_013401035.1|RYR.0	GCA_013401035.1	Horornis vulcanius	Aves	Passeriformes	RYR	0	assembly_gap	fixed10	0	0	0	0	0	1	
Horornis_vulcanius|GCA_013401035.1|RYR.1	GCA_013401035.1	Horornis vulcanius	Aves	Passeriformes	RYR	1	assembly_gap	fixed10	0	0	0	0	0	0	
Pomatorhinus_ruficollis|GCA_013401195.1|ITPR2.0	GCA_013401195.1	Pomatorhinus ruficollis	Aves	Passeriformes	ITPR2	0	found_unannotated	fixed10	7	3	4	6	6	1	BHLHE41;FGFR1OP2;INTS13;MED21;SSPN;TM7SF3
Pomatorhinus_ruficollis|GCA_013401195.1|RYR.0	GCA_013401195.1	Pomatorhinus ruficollis	Aves	Passeriformes	RYR	0	found_annotated	fixed10	10	10	0	9	9	1	ACTN2;EDARADD;GNG4;GPR137B;HEATR1;LGALS8;LYST;NID1;TBCE
Pomatorhinus_ruficollis|GCA_013401195.1|RYR.1	GCA_013401195.1	Pomatorhinus ruficollis	Aves	Passeriformes	RYR	1	found_annotated	fixed10	20	10	10	18	18	0	ARHGAP11A;AVEN;CHRM5;EIF2AK4;EMC7;FAM98B;FGL1L;FSIP1;GPR176;GREM1;KATNBL1;LD;ODF3;RASGRP1;SCG5;SPRED1;SRP14;THBS1
Atlantisia_rogersi|GCA_013401215.1|ITPR1.0	GCA_013401215.1	Atlantisia rogersi	Aves	Gruiformes	ITPR1	0	assembly_gap	fixed10	0	0	0	0	0	1	
Atlantisia_rogersi|GCA_013401215.1|ITPR1.1	GCA_013401215.1	Atlantisia rogersi	Aves	Gruiformes	ITPR1	1	assembly_gap	fixed10	0	0	0	0	0	0	
Atlantisia_rogersi|GCA_013401215.1|ITPR2.0	GCA_013401215.1	Atlantisia rogersi	Aves	Gruiformes	ITPR2	0	assembly_gap	fixed10	0	0	0	0	0	1	
Atlantisia_rogersi|GCA_013401215.1|ITPR3.0	GCA_013401215.1	Atlantisia rogersi	Aves	Gruiformes	ITPR3	0	assembly_gap	fixed10	0	0	0	0	0	1	
Atlantisia_rogersi|GCA_013401215.1|ITPR3.1	GCA_013401215.1	Atlantisia rogersi	Aves	Gruiformes	ITPR3	1	assembly_gap	fixed10	0	0	0	0	0	0	
Atlantisia_rogersi|GCA_013401215.1|ITPR3.2	GCA_013401215.1	Atlantisia rogersi	Aves	Gruiformes	ITPR3	2	assembly_gap	fixed10	1	1	0	1	1	0	UQCC2
Atlantisia_rogersi|GCA_013401215.1|RYR.0	GCA_013401215.1	Atlantisia rogersi	Aves	Gruiformes	RYR	0	assembly_gap	fixed10	0	0	0	0	0	1	
Atlantisia_rogersi|GCA_013401215.1|RYR.1	GCA_013401215.1	Atlantisia rogersi	Aves	Gruiformes	RYR	1	assembly_gap	fixed10	1	1	0	1	1	0	AVEN
Atlantisia_rogersi|GCA_013401215.1|RYR.2	GCA_013401215.1	Atlantisia rogersi	Aves	Gruiformes	RYR	2	assembly_gap	fixed10	0	0	0	0	0	0	
Atlantisia_rogersi|GCA_013401215.1|RYR.3	GCA_013401215.1	Atlantisia rogersi	Aves	Gruiformes	RYR	3	assembly_gap	fixed10	0	0	0	0	0	0	
Urocolius_indicus|GCA_013401255.1|ITPR1.0	GCA_013401255.1	Urocolius indicus	Aves	Coliiformes	ITPR1	0	found_unannotated	fixed10	6	2	4	5	5	1	ARL8B;BHLHE40;EDEM1;SETMAR;SUMF1
Urocolius_indicus|GCA_013401255.1|ITPR2.0	GCA_013401255.1	Urocolius indicus	Aves	Coliiformes	ITPR2	0	assembly_gap	fixed10	3	3	0	3	3	1	BHLHE41;RASSF8;SSPN
Urocolius_indicus|GCA_013401255.1|ITPR3.0	GCA_013401255.1	Urocolius indicus	Aves	Coliiformes	ITPR3	0	assembly_gap	fixed10	2	2	0	1	1	1	BAK1
Urocolius_indicus|GCA_013401255.1|RYR.0	GCA_013401255.1	Urocolius indicus	Aves	Coliiformes	RYR	0	found_annotated	fixed10	1	1	0	0	0	0	
Urocolius_indicus|GCA_013401255.1|RYR.1	GCA_013401255.1	Urocolius indicus	Aves	Coliiformes	RYR	1	found_annotated	fixed10	4	1	3	4	4	1	AVEN;GREM1;LD;SCG5
Glareola_pratincola|GCA_013401295.1|ITPR1.0	GCA_013401295.1	Glareola pratincola	Aves	Charadriiformes	ITPR1	0	found_unannotated	fixed10	2	0	2	2	2	1	SETMAR;SUMF1
Glareola_pratincola|GCA_013401295.1|ITPR2.0	GCA_013401295.1	Glareola pratincola	Aves	Charadriiformes	ITPR2	0	found_unannotated	fixed10	0	0	0	0	0	1	
Glareola_pratincola|GCA_013401295.1|ITPR2.1	GCA_013401295.1	Glareola pratincola	Aves	Charadriiformes	ITPR2	1	found_unannotated	fixed10	1	0	1	1	1	0	SSPN
Glareola_pratincola|GCA_013401295.1|ITPR3.0	GCA_013401295.1	Glareola pratincola	Aves	Charadriiformes	ITPR3	0	assembly_gap	fixed10	4	4	0	4	4	1	IP6K3;LEMD2;MLN;UQCC2
Glareola_pratincola|GCA_013401295.1|ITPR3.1	GCA_013401295.1	Glareola pratincola	Aves	Charadriiformes	ITPR3	1	assembly_gap	fixed10	4	0	4	3	3	0	APOBEC2;BAK1;OARD1
Glareola_pratincola|GCA_013401295.1|RYR.0	GCA_013401295.1	Glareola pratincola	Aves	Charadriiformes	RYR	0	found_annotated	fixed10	10	10	0	9	9	0	ACTN2;EDARADD;ERO1B;GNG4;GPR137B;HEATR1;LGALS8;LYST;NID1
Glareola_pratincola|GCA_013401295.1|RYR.1	GCA_013401295.1	Glareola pratincola	Aves	Charadriiformes	RYR	1	found_annotated	fixed10	8	4	4	7	7	1	ARHGAP11A;AVEN;CHRM5;EMC7;GREM1;LD;SCG5
Balaeniceps_rex|GCA_013401315.1|ITPR1.0	GCA_013401315.1	Balaeniceps rex	Aves	Pelecaniformes	ITPR1	0	found_unannotated	fixed10	0	0	0	0	0	1	
Balaeniceps_rex|GCA_013401315.1|ITPR2.0	GCA_013401315.1	Balaeniceps rex	Aves	Pelecaniformes	ITPR2	0	assembly_gap	fixed10	0	0	0	0	0	1	
Balaeniceps_rex|GCA_013401315.1|ITPR3.0	GCA_013401315.1	Balaeniceps rex	Aves	Pelecaniformes	ITPR3	0	found_annotated	fixed10	1	1	0	1	1	1	GRM4
Balaeniceps_rex|GCA_013401315.1|RYR.0	GCA_013401315.1	Balaeniceps rex	Aves	Pelecaniformes	RYR	0	assembly_gap	fixed10	0	0	0	0	0	0	
Balaeniceps_rex|GCA_013401315.1|RYR.1	GCA_013401315.1	Balaeniceps rex	Aves	Pelecaniformes	RYR	1	assembly_gap	fixed10	0	0	0	0	0	1	
Ceyx_cyanopectus|GCA_013401355.1|ITPR1.0	GCA_013401355.1	Ceyx cyanopectus	Aves	Coraciiformes	ITPR1	0	assembly_gap	fixed10	0	0	0	0	0	1	
Ceyx_cyanopectus|GCA_013401355.1|ITPR2.0	GCA_013401355.1	Ceyx cyanopectus	Aves	Coraciiformes	ITPR2	0	found_unannotated	fixed10	0	0	0	0	0	1	
Ceyx_cyanopectus|GCA_013401355.1|RYR.0	GCA_013401355.1	Ceyx cyanopectus	Aves	Coraciiformes	RYR	0	assembly_gap	fixed10	0	0	0	0	0	1	
Ceyx_cyanopectus|GCA_013401355.1|RYR.1	GCA_013401355.1	Ceyx cyanopectus	Aves	Coraciiformes	RYR	1	assembly_gap	fixed10	0	0	0	0	0	0	
Nibea_albiflora|GCA_014281875.1|ITPR1.0	GCA_014281875.1	Nibea albiflora	Actinopteri		ITPR1	0	found_annotated	fixed10	20	10	10	19	19	1	CREB1.3;DNAJB9.2;ENDOU;ESPL1;ESPL1.2;ESYT1;FAIM2.2;LRRN1.2;METTL7A;NR1D2.2;PFKM;RARB;RBMS2;SNX6.2;SUMF1;TSFM;TSFM.2;TTLL3.2;ZC3H10
Nibea_albiflora|GCA_014281875.1|ITPR1.1	GCA_014281875.1	Nibea albiflora	Actinopteri		ITPR1	1	found_annotated	fixed10	20	10	10	17	17	0	ACAD9;ACAD9.2;ARL6IP5.2;ARO1;COMT;GRM7.10;IQSEC2;LRRN1;LXR1;MBD1;MITF;MST1R;SAND;SAND.2;SETMAR;TRAIP;TRNT1.3
Nibea_albiflora|GCA_014281875.1|ITPR2.0	GCA_014281875.1	Nibea albiflora	Actinopteri		ITPR2	0	found_unannotated	fixed10	20	10	10	14	14	1	ARNTL2;BANP;BHLHE41;CIB1;EEA1;ENDOUC;GCIP;GDPGP1;NR1H4;PPFIBP1.2;RASSF8;SLC17A8;TTN.14;TVP23A
Nibea_albiflora|GCA_014281875.1|ITPR3.0	GCA_014281875.1	Nibea albiflora	Actinopteri		ITPR3	0	found_annotated	fixed10	20	10	10	14	13	1	ABT1;ARL8A;CRAM.4;EMC3.2;GRM6;HCFC1.2;HCFC1.3;IQSEC2.2;MAP4;MECP2;PLXNA3;RAD51C;SRPK3.3;ST14.3
Nibea_albiflora|GCA_014281875.1|ITPR3.1	GCA_014281875.1	Nibea albiflora	Actinopteri		ITPR3	1	found_annotated	fixed10	1	0	1	0	0	0	
Nibea_albiflora|GCA_014281875.1|RYR.0	GCA_014281875.1	Nibea albiflora	Actinopteri		RYR	0	found_unannotated	fixed10	20	10	10	14	14	1	ACBD5;ADO.2;ARID5B.5;CYP26A1;EGR2B.2;EXOC6;HHEX;JMJD1C;NHLRC3;REEP3;SLC1A1.4;TDRKH;TMEM94;TRUB1
Nibea_albiflora|GCA_014281875.1|RYR.1	GCA_014281875.1	Nibea albiflora	Actinopteri		RYR	1	found_unannotated	fixed10	20	10	10	20	18	0	CLDN3.4;CLDN4.20;CLDN4.21;CLDN4.23;CYP2A13;CYP2F3;CYP2G1;EXOSC5;GAB2.2;GCGR.2;OPA3;PGR;PPP1R13L;PPP5C;PRCP;RASGRP1.2;SYNDIG1.2;TENM1;THAP5.2;TRPC6
Nibea_albiflora|GCA_014281875.1|RYR.2	GCA_014281875.1	Nibea albiflora	Actinopteri		RYR	2	found_unannotated	fixed10	20	10	10	18	18	0	ADGRG2;AMER2;BRD8;CXXC5;DNAJB14;GABRR3;IGSF11;LIPH;NFRKB;NRG2;NRXN2;PCYT1B;PDHA1;PHLDB2;PPP3CA;SMS;TMEM45B.2;ZDHHC2
Nibea_albiflora|GCA_014281875.1|RYR.3	GCA_014281875.1	Nibea albiflora	Actinopteri		RYR	3	found_unannotated	fixed10	20	10	10	18	18	0	ACP7;ADGRG2.2;BMF;CHRM5;CYP1B1;CYP1B1.2;DPF3;EIF2AK4;EIF2AK4.2;FMN1;GCHFR;GPX2;GREM1;KATNBL1;MAX;RAB15;RGS6;RHOU
Nibea_albiflora|GCA_014281875.1|RYR.4	GCA_014281875.1	Nibea albiflora	Actinopteri		RYR	4	found_unannotated	fixed10	20	10	10	14	14	0	AK7.2;ARHGAP11B;AVEN;CHRM5.2;EMC7;FNTB;HECA;KATNBL1.2;LAMA2;NMBR;RGS6.2;SCG5;SOX11-A.2;TXLNB.4
Nibea_albiflora|GCA_014281875.1|RYR.5	GCA_014281875.1	Nibea albiflora	Actinopteri		RYR	5	found_unannotated	fixed10	20	10	10	14	14	0	ACTN2;ANK3.2;BICC1-B;BORA.2;CCDC6;CCSER2;CHRM3;DACH1.2;ECD;FAM13C;FMN2;GRID1;MZT1;SLC16A9
Sylvia_borin|GCA_014839755.1|ITPR1.0	GCA_014839755.1	Sylvia borin	Aves	Passeriformes	ITPR1	0	found_annotated	fixed10	20	10	10	17	17	1	ARL8B;BHLHE40;CAV3;CHL1;CNTN3;CRBN;EDEM1;GRM7;IL5RA;LMCD1;LRRN1;OXTR;RAD18;SRGAP3;SUMF1;THUMPD3;TRNT1
Sylvia_borin|GCA_014839755.1|ITPR2.0	GCA_014839755.1	Sylvia borin	Aves	Passeriformes	ITPR2	0	found_annotated	fixed10	20	10	10	16	16	1	ARFGAP3;BHLHE41;BMAL2;DNAI7;ETFRF1;FGFR1OP2;INTS13;KRAS;MED21;PPFIBP1;RASSF8;REP15;SSPN;STK38L;TM7SF3;WNK1
Sylvia_borin|GCA_014839755.1|ITPR3.0	GCA_014839755.1	Sylvia borin	Aves	Passeriformes	ITPR3	0	found_annotated	fixed10	20	10	10	16	16	1	APOBEC2;BAK1;FOXP4;GRM4;HMGA1;LEMD2;MDFI;MLN;NFYA;NUDT3;OARD1;PACSIN1;SMIM29;SPDEF;TFEB;TSPO2
Sylvia_borin|GCA_014839755.1|RYR.0	GCA_014839755.1	Sylvia borin	Aves	Passeriformes	RYR	0	found_annotated	fixed10	20	10	10	19	19	1	ACTN2;CHRM3;EDARADD;ERO1B;EXO1;FMN2;GNG4;GPR137B;GREM2;HEATR1;LGALS8;LYST;MAP1LC3C;MTR;NID1;OPN3;PIGM;RGS7;WDR64
Sylvia_borin|GCA_014839755.1|RYR.1	GCA_014839755.1	Sylvia borin	Aves	Passeriformes	RYR	1	found_annotated	fixed10	8	2	6	7	7	0	ACTN4;CKM;EIF3K;ERCC2;PLD3;PPP1R14A;SPINT2
Sylvia_borin|GCA_014839755.1|RYR.2	GCA_014839755.1	Sylvia borin	Aves	Passeriformes	RYR	2	found_annotated	fixed10	20	10	10	18	18	0	ARHGAP11A;AVEN;CDIN1;CHRM5;EIF2AK4;EMC7;FAM98B;FMN1;FSIP1;GPR176;GREM1;KATNBL1;MEIS2;RASGRP1;SCG5;SPRED1;SRP14;THBS1
Lamprotornis_superbus|GCA_015883425.2|ITPR1.0	GCA_015883425.2	Lamprotornis superbus	Aves	Passeriformes	ITPR1	0	found_annotated	fixed10	20	10	10	0	0	1	
Lamprotornis_superbus|GCA_015883425.2|ITPR2.0	GCA_015883425.2	Lamprotornis superbus	Aves	Passeriformes	ITPR2	0	found_annotated	fixed10	20	10	10	0	0	1	
Lamprotornis_superbus|GCA_015883425.2|ITPR3.0	GCA_015883425.2	Lamprotornis superbus	Aves	Passeriformes	ITPR3	0	found_annotated	fixed10	20	10	10	0	0	1	
Lamprotornis_superbus|GCA_015883425.2|RYR.0	GCA_015883425.2	Lamprotornis superbus	Aves	Passeriformes	RYR	0	found_annotated	fixed10	20	10	10	0	0	1	
Lamprotornis_superbus|GCA_015883425.2|RYR.1	GCA_015883425.2	Lamprotornis superbus	Aves	Passeriformes	RYR	1	found_annotated	fixed10	20	10	10	0	0	0	
Aplochiton_taeniatus|GCA_017639675.1|ITPR1.0	GCA_017639675.1	Aplochiton taeniatus	Actinopteri	Galaxiiformes	ITPR1	0	found_annotated	fixed10	20	10	10	10	10	1	ATF1;ATF7B;DIP2B;ESYT1B;LRRN1;SCN8A;SLC4A8;SUMF1;TTLL3;ZC3H10
Aplochiton_taeniatus|GCA_017639675.1|ITPR2.0	GCA_017639675.1	Aplochiton taeniatus	Actinopteri	Galaxiiformes	ITPR2	0	found_annotated	fixed10	20	10	10	18	18	1	BANP;BHLHE41;BMAL2;C1QTNF13;CES2B;EEA1;FANCI;FBXO31;KRAS;NR1H4;NUDT4A;PLEKHG7;POLG;PPFIBP1B;RASSF8A;SLC17A8;UBE2N;ZNF469
Aplochiton_taeniatus|GCA_017639675.1|ITPR3.0	GCA_017639675.1	Aplochiton taeniatus	Actinopteri	Galaxiiformes	ITPR3	0	found_annotated	fixed10	20	10	10	12	12	1	CXXC1A;EDEM2;FGD1;GRM6A;HM13;MBD1A;MRGBP;PLXNB3;SNX21;SRPK3;TFE3A;TSR2
Aplochiton_taeniatus|GCA_017639675.1|RYR.0	GCA_017639675.1	Aplochiton taeniatus	Actinopteri	Galaxiiformes	RYR	0	found_annotated	fixed10	16	10	6	13	13	1	ANK3B;ARID5B;CHRM3B;DPYSL4;EBF3A;FH;FMN2B;GLRX3;JAKMIP3;MTR;RGS7B;RHOBTB1;TCERG1L
Aplochiton_taeniatus|GCA_017639675.1|RYR.1	GCA_017639675.1	Aplochiton taeniatus	Actinopteri	Galaxiiformes	RYR	1	found_annotated	fixed10	20	10	10	13	13	0	AXL;B3GNT2L;BCKDH;BICR;EXOSC5;HNRNPUL1;NAPA;OPA3;PPP1R13L;PPP5C;RASGRP4;TGFB1A;TMEM91
Aplochiton_taeniatus|GCA_017639675.1|RYR.2	GCA_017639675.1	Aplochiton taeniatus	Actinopteri	Galaxiiformes	RYR	2	found_annotated	fixed10	19	10	9	13	13	0	ARRB1;ATG16L2;BCAS3;DNER;GRIA4A;IL10R;MRE11A;PDGFD;PID1;RASA2;TMPRSS4A;TRIP12;WDR62
Aplochiton_taeniatus|GCA_017639675.1|RYR.3	GCA_017639675.1	Aplochiton taeniatus	Actinopteri	Galaxiiformes	RYR	3	found_annotated	fixed10	20	10	10	9	9	0	ACP7;GPX2;LIN52;PCGF6;SPINT1A;SRP14;THBS1A;VSX2;XGB
Aplochiton_taeniatus|GCA_017639675.1|RYR.4	GCA_017639675.1	Aplochiton taeniatus	Actinopteri	Galaxiiformes	RYR	4	found_annotated	fixed10	20	10	10	15	15	0	ACTC1A;AKR1A1A;AVEN;BCL11B;CCDC85C;CCNK;CHRM5B;DNAJB5;EPG5;ERAP2;FMN1;GREM1A;RGMB;RIOK2;SCG5
Aplochiton_taeniatus|GCA_017639675.1|RYR.5	GCA_017639675.1	Aplochiton taeniatus	Actinopteri	Galaxiiformes	RYR	5	found_annotated	fixed10	20	10	10	8	8	0	ACTN2B;CHRNA1;FMN2A;GREM2B;MARCHF4A;PCCA;TMEM41A;VPS8
Hymenochirus_boettgeri|GCA_019447015.1|ITPR1.0	GCA_019447015.1	Hymenochirus boettgeri	Amphibia	Anura	ITPR1	0	found_annotated	fixed10	20	10	10	0	0	1	
Hymenochirus_boettgeri|GCA_019447015.1|ITPR2.0	GCA_019447015.1	Hymenochirus boettgeri	Amphibia	Anura	ITPR2	0	found_annotated	fixed10	20	10	10	0	0	1	
Hymenochirus_boettgeri|GCA_019447015.1|ITPR3.0	GCA_019447015.1	Hymenochirus boettgeri	Amphibia	Anura	ITPR3	0	found_unannotated	fixed10	20	10	10	0	0	1	
Hymenochirus_boettgeri|GCA_019447015.1|RYR.0	GCA_019447015.1	Hymenochirus boettgeri	Amphibia	Anura	RYR	0	found_annotated	fixed10	20	10	10	0	0	1	
Hymenochirus_boettgeri|GCA_019447015.1|RYR.1	GCA_019447015.1	Hymenochirus boettgeri	Amphibia	Anura	RYR	1	found_annotated	fixed10	20	10	10	0	0	0	
Albula_goreensis|GCA_022829145.1|ITPR1.0	GCA_022829145.1	Albula goreensis	Actinopteri	Albuliformes	ITPR1	0	found_annotated	fixed10	20	10	10	0	0	1	
Albula_goreensis|GCA_022829145.1|ITPR1.1	GCA_022829145.1	Albula goreensis	Actinopteri	Albuliformes	ITPR1	1	found_annotated	fixed10	20	10	10	0	0	0	
Albula_goreensis|GCA_022829145.1|ITPR2.0	GCA_022829145.1	Albula goreensis	Actinopteri	Albuliformes	ITPR2	0	found_annotated	fixed10	20	10	10	0	0	1	
Albula_goreensis|GCA_022829145.1|ITPR3.0	GCA_022829145.1	Albula goreensis	Actinopteri	Albuliformes	ITPR3	0	found_annotated	fixed10	20	10	10	0	0	1	
Albula_goreensis|GCA_022829145.1|RYR.0	GCA_022829145.1	Albula goreensis	Actinopteri	Albuliformes	RYR	0	found_annotated	fixed10	20	10	10	0	0	1	
Albula_goreensis|GCA_022829145.1|RYR.1	GCA_022829145.1	Albula goreensis	Actinopteri	Albuliformes	RYR	1	found_annotated	fixed10	20	10	10	0	0	0	
Albula_goreensis|GCA_022829145.1|RYR.2	GCA_022829145.1	Albula goreensis	Actinopteri	Albuliformes	RYR	2	found_annotated	fixed10	20	10	10	0	0	0	
Albula_goreensis|GCA_022829145.1|RYR.3	GCA_022829145.1	Albula goreensis	Actinopteri	Albuliformes	RYR	3	found_annotated	fixed10	20	10	10	0	0	0	
Albula_goreensis|GCA_022829145.1|RYR.4	GCA_022829145.1	Albula goreensis	Actinopteri	Albuliformes	RYR	4	found_annotated	fixed10	20	10	10	0	0	0	
Chaenocephalus_aceratus|GCA_023974075.1|ITPR1.0	GCA_023974075.1	Chaenocephalus aceratus	Actinopteri	Perciformes	ITPR1	0	found_annotated	fixed10	20	10	10	0	0	1	
Chaenocephalus_aceratus|GCA_023974075.1|ITPR1.1	GCA_023974075.1	Chaenocephalus aceratus	Actinopteri	Perciformes	ITPR1	1	found_annotated	fixed10	20	10	10	0	0	0	
Chaenocephalus_aceratus|GCA_023974075.1|ITPR2.0	GCA_023974075.1	Chaenocephalus aceratus	Actinopteri	Perciformes	ITPR2	0	found_annotated	fixed10	20	10	10	0	0	1	
Chaenocephalus_aceratus|GCA_023974075.1|ITPR3.0	GCA_023974075.1	Chaenocephalus aceratus	Actinopteri	Perciformes	ITPR3	0	fragment	fixed10	4	0	4	0	0	1	
Chaenocephalus_aceratus|GCA_023974075.1|RYR.0	GCA_023974075.1	Chaenocephalus aceratus	Actinopteri	Perciformes	RYR	0	found_unannotated	fixed10	20	10	10	0	0	1	
Chaenocephalus_aceratus|GCA_023974075.1|RYR.1	GCA_023974075.1	Chaenocephalus aceratus	Actinopteri	Perciformes	RYR	1	found_unannotated	fixed10	20	10	10	0	0	0	
Chaenocephalus_aceratus|GCA_023974075.1|RYR.2	GCA_023974075.1	Chaenocephalus aceratus	Actinopteri	Perciformes	RYR	2	found_unannotated	fixed10	20	10	10	0	0	0	
Chaenocephalus_aceratus|GCA_023974075.1|RYR.3	GCA_023974075.1	Chaenocephalus aceratus	Actinopteri	Perciformes	RYR	3	found_unannotated	fixed10	20	10	10	0	0	0	
Chaenocephalus_aceratus|GCA_023974075.1|RYR.4	GCA_023974075.1	Chaenocephalus aceratus	Actinopteri	Perciformes	RYR	4	found_unannotated	fixed10	20	10	10	0	0	0	
Chaenocephalus_aceratus|GCA_023974075.1|RYR.5	GCA_023974075.1	Chaenocephalus aceratus	Actinopteri	Perciformes	RYR	5	found_unannotated	fixed10	20	10	10	0	0	0	
Muraenolepis_orangiensis|GCA_027704905.1|ITPR1.0	GCA_027704905.1	Muraenolepis orangiensis	Actinopteri	Gadiformes	ITPR1	0	found_annotated	fixed10	20	10	10	0	0	1	
Muraenolepis_orangiensis|GCA_027704905.1|ITPR1.1	GCA_027704905.1	Muraenolepis orangiensis	Actinopteri	Gadiformes	ITPR1	1	found_annotated	fixed10	20	10	10	0	0	0	
Muraenolepis_orangiensis|GCA_027704905.1|ITPR2.0	GCA_027704905.1	Muraenolepis orangiensis	Actinopteri	Gadiformes	ITPR2	0	found_annotated	fixed10	20	10	10	0	0	1	
Muraenolepis_orangiensis|GCA_027704905.1|ITPR3.0	GCA_027704905.1	Muraenolepis orangiensis	Actinopteri	Gadiformes	ITPR3	0	found_annotated	fixed10	20	10	10	0	0	1	
Muraenolepis_orangiensis|GCA_027704905.1|RYR.0	GCA_027704905.1	Muraenolepis orangiensis	Actinopteri	Gadiformes	RYR	0	found_annotated	fixed10	20	10	10	0	0	1	
Muraenolepis_orangiensis|GCA_027704905.1|RYR.1	GCA_027704905.1	Muraenolepis orangiensis	Actinopteri	Gadiformes	RYR	1	found_annotated	fixed10	20	10	10	0	0	0	
Muraenolepis_orangiensis|GCA_027704905.1|RYR.2	GCA_027704905.1	Muraenolepis orangiensis	Actinopteri	Gadiformes	RYR	2	found_annotated	fixed10	20	10	10	0	0	0	
Muraenolepis_orangiensis|GCA_027704905.1|RYR.3	GCA_027704905.1	Muraenolepis orangiensis	Actinopteri	Gadiformes	RYR	3	found_annotated	fixed10	20	10	10	0	0	0	
Muraenolepis_orangiensis|GCA_027704905.1|RYR.4	GCA_027704905.1	Muraenolepis orangiensis	Actinopteri	Gadiformes	RYR	4	found_annotated	fixed10	20	10	10	0	0	0	
Muraenolepis_orangiensis|GCA_027704905.1|RYR.5	GCA_027704905.1	Muraenolepis orangiensis	Actinopteri	Gadiformes	RYR	5	found_annotated	fixed10	20	10	10	0	0	0	
Heterohyrax_brucei|GCA_028571685.1|ITPR1.0	GCA_028571685.1	Heterohyrax brucei	Mammalia	Hyracoidea	ITPR1	0	found_annotated	fixed10	20	10	10	19	17	1	ARL8B;BHLHE40;CAV3;CHL1;CNTN3;CNTN4;CNTN6;CRBN;EDEM1;GRM7;IL5RA;LMCD1;LRRN1;OXTR;RAD18;SRGAP3;SSUH2;SUMF1;TRNT1
Heterohyrax_brucei|GCA_028571685.1|ITPR2.0	GCA_028571685.1	Heterohyrax brucei	Mammalia	Hyracoidea	ITPR2	0	found_annotated	fixed10	20	10	10	19	19	1	BCAT1;BHLHE41;BMAL2;DNAI7;ETFRF1;ETNK1;FGFR1OP2;INTS13;IRAG2;KRAS;MED21;MRPS35;PPFIBP1;RASSF8;REP15;SOX5;SSPN;STK38L;TM7SF3
Heterohyrax_brucei|GCA_028571685.1|ITPR3.0	GCA_028571685.1	Heterohyrax brucei	Mammalia	Hyracoidea	ITPR3	0	found_annotated	fixed10	20	10	10	18	16	1	BAK1;BLTP3A;CUTA;DAXX;GRM4;HMGA1;ILRUN;KIFC1;PACSIN1;PHF1;RPS10;SMIM29;SMIM40;SNRPC;SPDEF;SYNGAP1;ZBTB22;ZBTB9
Heterohyrax_brucei|GCA_028571685.1|RYR.0	GCA_028571685.1	Heterohyrax brucei	Mammalia	Hyracoidea	RYR	0	found_annotated	fixed10	20	10	10	20	20	1	ACTN2;CHML;CHRM3;EDARADD;ERO1B;EXO1;FH;GNG4;GPR137B;GREM2;HEATR1;KMO;LGALS8;LYST;MTR;NID1;OPN3;RGS7;WDR64;ZP4
Heterohyrax_brucei|GCA_028571685.1|RYR.1	GCA_028571685.1	Heterohyrax brucei	Mammalia	Hyracoidea	RYR	1	found_annotated	fixed10	20	10	10	16	15	0	ACTN4;CAPN12;CATSPERG;EIF3K;FAM98C;GGN;HNRNPL;KCNK6;LGALS4;LGALS7;MAP4K1;PSMD8;RASGRP4;SPINT2;SPRED3;YIF1B
Heterohyrax_brucei|GCA_028571685.1|RYR.2	GCA_028571685.1	Heterohyrax brucei	Mammalia	Hyracoidea	RYR	2	found_annotated	fixed10	20	10	10	16	15	0	ACTC1;AQR;AVEN;CHRM5;DPH6;EMC4;EMC7;FMN1;GJD2;GREM1;KATNBL1;LPCAT4;NOP10;NUTM1;SLC12A6;ZNF770
Aldrovandia_affinis|GCA_029706075.1|ITPR1.0	GCA_029706075.1	Aldrovandia affinis	Actinopteri	Notacanthiformes	ITPR1	0	found_annotated	fixed10	20	10	10	0	0	0	
Aldrovandia_affinis|GCA_029706075.1|ITPR1.1	GCA_029706075.1	Aldrovandia affinis	Actinopteri	Notacanthiformes	ITPR1	1	found_annotated	fixed10	20	10	10	0	0	1	
Aldrovandia_affinis|GCA_029706075.1|ITPR2.0	GCA_029706075.1	Aldrovandia affinis	Actinopteri	Notacanthiformes	ITPR2	0	found_annotated	fixed10	20	10	10	0	0	1	
Aldrovandia_affinis|GCA_029706075.1|ITPR3.0	GCA_029706075.1	Aldrovandia affinis	Actinopteri	Notacanthiformes	ITPR3	0	found_annotated	fixed10	20	10	10	0	0	1	
Aldrovandia_affinis|GCA_029706075.1|RYR.0	GCA_029706075.1	Aldrovandia affinis	Actinopteri	Notacanthiformes	RYR	0	found_unannotated	fixed10	11	1	10	0	0	1	
Aldrovandia_affinis|GCA_029706075.1|RYR.1	GCA_029706075.1	Aldrovandia affinis	Actinopteri	Notacanthiformes	RYR	1	found_unannotated	fixed10	20	10	10	0	0	0	
Aldrovandia_affinis|GCA_029706075.1|RYR.2	GCA_029706075.1	Aldrovandia affinis	Actinopteri	Notacanthiformes	RYR	2	found_unannotated	fixed10	1	0	1	0	0	0	
Aldrovandia_affinis|GCA_029706075.1|RYR.3	GCA_029706075.1	Aldrovandia affinis	Actinopteri	Notacanthiformes	RYR	3	found_unannotated	fixed10	20	10	10	0	0	0	
Aldrovandia_affinis|GCA_029706075.1|RYR.4	GCA_029706075.1	Aldrovandia affinis	Actinopteri	Notacanthiformes	RYR	4	found_unannotated	fixed10	20	10	10	0	0	0	
Dissostichus_eleginoides|GCA_031216635.1|ITPR1.0	GCA_031216635.1	Dissostichus eleginoides	Actinopteri	Perciformes	ITPR1	0	found_unannotated	fixed10	20	10	10	0	0	1	
Dissostichus_eleginoides|GCA_031216635.1|ITPR1.1	GCA_031216635.1	Dissostichus eleginoides	Actinopteri	Perciformes	ITPR1	1	found_unannotated	fixed10	20	10	10	0	0	0	
Dissostichus_eleginoides|GCA_031216635.1|ITPR2.0	GCA_031216635.1	Dissostichus eleginoides	Actinopteri	Perciformes	ITPR2	0	found_unannotated	fixed10	20	10	10	0	0	1	
Dissostichus_eleginoides|GCA_031216635.1|ITPR3.0	GCA_031216635.1	Dissostichus eleginoides	Actinopteri	Perciformes	ITPR3	0	found_unannotated	fixed10	20	10	10	0	0	1	
Dissostichus_eleginoides|GCA_031216635.1|RYR.0	GCA_031216635.1	Dissostichus eleginoides	Actinopteri	Perciformes	RYR	0	found_annotated	fixed10	18	10	8	0	0	1	
Dissostichus_eleginoides|GCA_031216635.1|RYR.1	GCA_031216635.1	Dissostichus eleginoides	Actinopteri	Perciformes	RYR	1	found_annotated	fixed10	20	10	10	0	0	0	
Dissostichus_eleginoides|GCA_031216635.1|RYR.2	GCA_031216635.1	Dissostichus eleginoides	Actinopteri	Perciformes	RYR	2	found_annotated	fixed10	20	10	10	0	0	0	
Dissostichus_eleginoides|GCA_031216635.1|RYR.3	GCA_031216635.1	Dissostichus eleginoides	Actinopteri	Perciformes	RYR	3	found_annotated	fixed10	20	10	10	0	0	0	
Dissostichus_eleginoides|GCA_031216635.1|RYR.4	GCA_031216635.1	Dissostichus eleginoides	Actinopteri	Perciformes	RYR	4	found_annotated	fixed10	20	10	10	0	0	0	
Dissostichus_eleginoides|GCA_031216635.1|RYR.5	GCA_031216635.1	Dissostichus eleginoides	Actinopteri	Perciformes	RYR	5	found_annotated	fixed10	20	10	10	0	0	0	
Saguinus_oedipus|GCA_031835075.1|ITPR1.0	GCA_031835075.1	Saguinus oedipus	Mammalia	Primates	ITPR1	0	found_unannotated	fixed10	20	10	10	2	2	1	BHLHE40;LRRN1
Saguinus_oedipus|GCA_031835075.1|ITPR2.0	GCA_031835075.1	Saguinus oedipus	Mammalia	Primates	ITPR2	0	found_unannotated	fixed10	20	10	10	4	4	1	BHLHE41;ETFRF1;MED21;TM7SF3
Saguinus_oedipus|GCA_031835075.1|ITPR3.0	GCA_031835075.1	Saguinus oedipus	Mammalia	Primates	ITPR3	0	found_unannotated	fixed10	20	10	10	7	7	1	BAK1;GGNBP1;KIFC1;PACSIN1;PHF1;SMIM29;ZBTB9
Saguinus_oedipus|GCA_031835075.1|RYR.0	GCA_031835075.1	Saguinus oedipus	Mammalia	Primates	RYR	0	found_unannotated	fixed10	20	10	10	5	5	1	ACTN2;CHRM3;ERO1B;HEATR1;ZP4
Saguinus_oedipus|GCA_031835075.1|RYR.1	GCA_031835075.1	Saguinus oedipus	Mammalia	Primates	RYR	1	found_unannotated	fixed10	20	10	10	2	2	0	FAM98C;SPRED3
Saguinus_oedipus|GCA_031835075.1|RYR.2	GCA_031835075.1	Saguinus oedipus	Mammalia	Primates	RYR	2	found_unannotated	fixed10	20	10	10	6	6	0	ACTC1;CHRM5;EMC4;GJD2;GREM1;NUTM1
Lates_japonicus|GCA_033238685.1|ITPR1.0	GCA_033238685.1	Lates japonicus	Actinopteri		ITPR1	0	found_annotated	fixed10	20	10	10	0	0	1	
Lates_japonicus|GCA_033238685.1|ITPR1.1	GCA_033238685.1	Lates japonicus	Actinopteri		ITPR1	1	found_annotated	fixed10	20	10	10	0	0	0	
Lates_japonicus|GCA_033238685.1|ITPR2.0	GCA_033238685.1	Lates japonicus	Actinopteri		ITPR2	0	found_annotated	fixed10	20	10	10	0	0	1	
Lates_japonicus|GCA_033238685.1|ITPR3.0	GCA_033238685.1	Lates japonicus	Actinopteri		ITPR3	0	found_unannotated	fixed10	17	10	7	0	0	1	
Lates_japonicus|GCA_033238685.1|ITPR3.1	GCA_033238685.1	Lates japonicus	Actinopteri		ITPR3	1	found_unannotated	fixed10	0	0	0	0	0	0	
Lates_japonicus|GCA_033238685.1|ITPR3.2	GCA_033238685.1	Lates japonicus	Actinopteri		ITPR3	2	found_unannotated	fixed10	0	0	0	0	0	0	
Lates_japonicus|GCA_033238685.1|RYR.0	GCA_033238685.1	Lates japonicus	Actinopteri		RYR	0	found_unannotated	fixed10	19	10	9	0	0	1	
Lates_japonicus|GCA_033238685.1|RYR.1	GCA_033238685.1	Lates japonicus	Actinopteri		RYR	1	found_unannotated	fixed10	20	10	10	0	0	0	
Lates_japonicus|GCA_033238685.1|RYR.2	GCA_033238685.1	Lates japonicus	Actinopteri		RYR	2	found_unannotated	fixed10	20	10	10	0	0	0	
Lates_japonicus|GCA_033238685.1|RYR.3	GCA_033238685.1	Lates japonicus	Actinopteri		RYR	3	found_unannotated	fixed10	20	10	10	0	0	0	
Lates_japonicus|GCA_033238685.1|RYR.4	GCA_033238685.1	Lates japonicus	Actinopteri		RYR	4	found_unannotated	fixed10	20	10	10	0	0	0	
Lates_japonicus|GCA_033238685.1|RYR.5	GCA_033238685.1	Lates japonicus	Actinopteri		RYR	5	found_unannotated	fixed10	20	10	10	0	0	0	
Cirrhinus_mrigala|GCA_036247105.2|ITPR1.0	GCA_036247105.2	Cirrhinus mrigala	Actinopteri	Cypriniformes	ITPR1	0	found_unannotated	fixed10	20	10	10	0	0	1	
Cirrhinus_mrigala|GCA_036247105.2|ITPR1.1	GCA_036247105.2	Cirrhinus mrigala	Actinopteri	Cypriniformes	ITPR1	1	found_unannotated	fixed10	20	10	10	0	0	0	
Cirrhinus_mrigala|GCA_036247105.2|ITPR2.0	GCA_036247105.2	Cirrhinus mrigala	Actinopteri	Cypriniformes	ITPR2	0	found_unannotated	fixed10	20	10	10	0	0	1	
Cirrhinus_mrigala|GCA_036247105.2|ITPR3.0	GCA_036247105.2	Cirrhinus mrigala	Actinopteri	Cypriniformes	ITPR3	0	found_unannotated	fixed10	20	10	10	0	0	1	
Cirrhinus_mrigala|GCA_036247105.2|RYR.0	GCA_036247105.2	Cirrhinus mrigala	Actinopteri	Cypriniformes	RYR	0	found_unannotated	fixed10	20	10	10	0	0	1	
Cirrhinus_mrigala|GCA_036247105.2|RYR.1	GCA_036247105.2	Cirrhinus mrigala	Actinopteri	Cypriniformes	RYR	1	found_unannotated	fixed10	20	10	10	0	0	0	
Cirrhinus_mrigala|GCA_036247105.2|RYR.2	GCA_036247105.2	Cirrhinus mrigala	Actinopteri	Cypriniformes	RYR	2	found_unannotated	fixed10	20	10	10	0	0	0	
Cirrhinus_mrigala|GCA_036247105.2|RYR.3	GCA_036247105.2	Cirrhinus mrigala	Actinopteri	Cypriniformes	RYR	3	found_unannotated	fixed10	20	10	10	0	0	0	
Cirrhinus_mrigala|GCA_036247105.2|RYR.4	GCA_036247105.2	Cirrhinus mrigala	Actinopteri	Cypriniformes	RYR	4	found_unannotated	fixed10	20	10	10	0	0	0	
Cirrhinus_mrigala|GCA_036247105.2|RYR.5	GCA_036247105.2	Cirrhinus mrigala	Actinopteri	Cypriniformes	RYR	5	found_unannotated	fixed10	20	10	10	0	0	0	
Ataeniobius_toweri|GCA_036250305.1|ITPR1.0	GCA_036250305.1	Ataeniobius toweri	Actinopteri	Cyprinodontiformes	ITPR1	0	assembly_gap	fixed10	0	0	0	0	0	1	
Ataeniobius_toweri|GCA_036250305.1|ITPR1.1	GCA_036250305.1	Ataeniobius toweri	Actinopteri	Cyprinodontiformes	ITPR1	1	assembly_gap	fixed10	0	0	0	0	0	0	
Ataeniobius_toweri|GCA_036250305.1|ITPR2.0	GCA_036250305.1	Ataeniobius toweri	Actinopteri	Cyprinodontiformes	ITPR2	0	assembly_gap	fixed10	0	0	0	0	0	1	
Ataeniobius_toweri|GCA_036250305.1|ITPR3.0	GCA_036250305.1	Ataeniobius toweri	Actinopteri	Cyprinodontiformes	ITPR3	0	assembly_gap	fixed10	2	0	2	0	0	1	
Ataeniobius_toweri|GCA_036250305.1|ITPR3.1	GCA_036250305.1	Ataeniobius toweri	Actinopteri	Cyprinodontiformes	ITPR3	1	assembly_gap	fixed10	0	0	0	0	0	0	
Ataeniobius_toweri|GCA_036250305.1|ITPR3.2	GCA_036250305.1	Ataeniobius toweri	Actinopteri	Cyprinodontiformes	ITPR3	2	assembly_gap	fixed10	0	0	0	0	0	0	
Ataeniobius_toweri|GCA_036250305.1|RYR.0	GCA_036250305.1	Ataeniobius toweri	Actinopteri	Cyprinodontiformes	RYR	0	found_annotated	fixed10	0	0	0	0	0	1	
Ataeniobius_toweri|GCA_036250305.1|RYR.1	GCA_036250305.1	Ataeniobius toweri	Actinopteri	Cyprinodontiformes	RYR	1	found_annotated	fixed10	0	0	0	0	0	0	
Ataeniobius_toweri|GCA_036250305.1|RYR.2	GCA_036250305.1	Ataeniobius toweri	Actinopteri	Cyprinodontiformes	RYR	2	found_annotated	fixed10	1	0	1	0	0	0	
Ataeniobius_toweri|GCA_036250305.1|RYR.3	GCA_036250305.1	Ataeniobius toweri	Actinopteri	Cyprinodontiformes	RYR	3	found_annotated	fixed10	0	0	0	0	0	0	
Ataeniobius_toweri|GCA_036250305.1|RYR.4	GCA_036250305.1	Ataeniobius toweri	Actinopteri	Cyprinodontiformes	RYR	4	found_annotated	fixed10	0	0	0	0	0	0	
Characodon_lateralis|GCA_036250325.1|ITPR1.0	GCA_036250325.1	Characodon lateralis	Actinopteri	Cyprinodontiformes	ITPR1	0	assembly_gap	fixed10	0	0	0	0	0	1	
Characodon_lateralis|GCA_036250325.1|ITPR1.1	GCA_036250325.1	Characodon lateralis	Actinopteri	Cyprinodontiformes	ITPR1	1	assembly_gap	fixed10	0	0	0	0	0	0	
Characodon_lateralis|GCA_036250325.1|ITPR2.0	GCA_036250325.1	Characodon lateralis	Actinopteri	Cyprinodontiformes	ITPR2	0	assembly_gap	fixed10	2	0	2	0	0	1	
Characodon_lateralis|GCA_036250325.1|ITPR3.0	GCA_036250325.1	Characodon lateralis	Actinopteri	Cyprinodontiformes	ITPR3	0	assembly_gap	fixed10	0	0	0	0	0	1	
Characodon_lateralis|GCA_036250325.1|RYR.0	GCA_036250325.1	Characodon lateralis	Actinopteri	Cyprinodontiformes	RYR	0	assembly_gap	fixed10	0	0	0	0	0	1	
Characodon_lateralis|GCA_036250325.1|RYR.1	GCA_036250325.1	Characodon lateralis	Actinopteri	Cyprinodontiformes	RYR	1	assembly_gap	fixed10	0	0	0	0	0	0	
Characodon_lateralis|GCA_036250325.1|RYR.2	GCA_036250325.1	Characodon lateralis	Actinopteri	Cyprinodontiformes	RYR	2	assembly_gap	fixed10	0	0	0	0	0	0	
Characodon_lateralis|GCA_036250325.1|RYR.3	GCA_036250325.1	Characodon lateralis	Actinopteri	Cyprinodontiformes	RYR	3	assembly_gap	fixed10	0	0	0	0	0	0	
Characodon_lateralis|GCA_036250325.1|RYR.4	GCA_036250325.1	Characodon lateralis	Actinopteri	Cyprinodontiformes	RYR	4	assembly_gap	fixed10	0	0	0	0	0	0	
Characodon_lateralis|GCA_036250325.1|RYR.5	GCA_036250325.1	Characodon lateralis	Actinopteri	Cyprinodontiformes	RYR	5	assembly_gap	fixed10	0	0	0	0	0	0	
Characodon_lateralis|GCA_036250325.1|RYR.6	GCA_036250325.1	Characodon lateralis	Actinopteri	Cyprinodontiformes	RYR	6	assembly_gap	fixed10	0	0	0	0	0	0	
Characodon_lateralis|GCA_036250325.1|RYR.7	GCA_036250325.1	Characodon lateralis	Actinopteri	Cyprinodontiformes	RYR	7	assembly_gap	fixed10	0	0	0	0	0	0	
Characodon_lateralis|GCA_036250325.1|RYR.8	GCA_036250325.1	Characodon lateralis	Actinopteri	Cyprinodontiformes	RYR	8	assembly_gap	fixed10	0	0	0	0	0	0	
Ameca_splendens|GCA_040091285.1|ITPR1.0	GCA_040091285.1	Ameca splendens	Actinopteri	Cyprinodontiformes	ITPR1	0	assembly_gap	fixed10	0	0	0	0	0	1	
Ameca_splendens|GCA_040091285.1|ITPR1.1	GCA_040091285.1	Ameca splendens	Actinopteri	Cyprinodontiformes	ITPR1	1	assembly_gap	fixed10	0	0	0	0	0	0	
Ameca_splendens|GCA_040091285.1|ITPR1.2	GCA_040091285.1	Ameca splendens	Actinopteri	Cyprinodontiformes	ITPR1	2	assembly_gap	fixed10	0	0	0	0	0	0	
Ameca_splendens|GCA_040091285.1|ITPR2.0	GCA_040091285.1	Ameca splendens	Actinopteri	Cyprinodontiformes	ITPR2	0	assembly_gap	fixed10	0	0	0	0	0	1	
Ameca_splendens|GCA_040091285.1|ITPR2.1	GCA_040091285.1	Ameca splendens	Actinopteri	Cyprinodontiformes	ITPR2	1	assembly_gap	fixed10	0	0	0	0	0	0	
Ameca_splendens|GCA_040091285.1|ITPR2.2	GCA_040091285.1	Ameca splendens	Actinopteri	Cyprinodontiformes	ITPR2	2	assembly_gap	fixed10	1	0	1	0	0	0	
Ameca_splendens|GCA_040091285.1|ITPR3.0	GCA_040091285.1	Ameca splendens	Actinopteri	Cyprinodontiformes	ITPR3	0	assembly_gap	fixed10	0	0	0	0	0	1	
Ameca_splendens|GCA_040091285.1|ITPR3.1	GCA_040091285.1	Ameca splendens	Actinopteri	Cyprinodontiformes	ITPR3	1	assembly_gap	fixed10	0	0	0	0	0	0	
Ameca_splendens|GCA_040091285.1|RYR.0	GCA_040091285.1	Ameca splendens	Actinopteri	Cyprinodontiformes	RYR	0	assembly_gap	fixed10	0	0	0	0	0	1	
Ameca_splendens|GCA_040091285.1|RYR.1	GCA_040091285.1	Ameca splendens	Actinopteri	Cyprinodontiformes	RYR	1	assembly_gap	fixed10	0	0	0	0	0	0	
Ameca_splendens|GCA_040091285.1|RYR.2	GCA_040091285.1	Ameca splendens	Actinopteri	Cyprinodontiformes	RYR	2	assembly_gap	fixed10	1	0	1	0	0	0	
Ameca_splendens|GCA_040091285.1|RYR.3	GCA_040091285.1	Ameca splendens	Actinopteri	Cyprinodontiformes	RYR	3	assembly_gap	fixed10	0	0	0	0	0	0	
Ilyodon_furcidens|GCA_040091305.1|ITPR1.0	GCA_040091305.1	Ilyodon furcidens	Actinopteri	Cyprinodontiformes	ITPR1	0	assembly_gap	fixed10	1	1	0	0	0	1	
Ilyodon_furcidens|GCA_040091305.1|ITPR1.1	GCA_040091305.1	Ilyodon furcidens	Actinopteri	Cyprinodontiformes	ITPR1	1	assembly_gap	fixed10	0	0	0	0	0	0	
Ilyodon_furcidens|GCA_040091305.1|ITPR2.0	GCA_040091305.1	Ilyodon furcidens	Actinopteri	Cyprinodontiformes	ITPR2	0	assembly_gap	fixed10	0	0	0	0	0	0	
Ilyodon_furcidens|GCA_040091305.1|ITPR2.1	GCA_040091305.1	Ilyodon furcidens	Actinopteri	Cyprinodontiformes	ITPR2	1	assembly_gap	fixed10	0	0	0	0	0	1	
Ilyodon_furcidens|GCA_040091305.1|ITPR2.2	GCA_040091305.1	Ilyodon furcidens	Actinopteri	Cyprinodontiformes	ITPR2	2	assembly_gap	fixed10	0	0	0	0	0	0	
Ilyodon_furcidens|GCA_040091305.1|ITPR3.0	GCA_040091305.1	Ilyodon furcidens	Actinopteri	Cyprinodontiformes	ITPR3	0	assembly_gap	fixed10	0	0	0	0	0	1	
Ilyodon_furcidens|GCA_040091305.1|ITPR3.1	GCA_040091305.1	Ilyodon furcidens	Actinopteri	Cyprinodontiformes	ITPR3	1	assembly_gap	fixed10	1	0	1	0	0	0	
Ilyodon_furcidens|GCA_040091305.1|ITPR3.2	GCA_040091305.1	Ilyodon furcidens	Actinopteri	Cyprinodontiformes	ITPR3	2	assembly_gap	fixed10	0	0	0	0	0	0	
Ilyodon_furcidens|GCA_040091305.1|RYR.0	GCA_040091305.1	Ilyodon furcidens	Actinopteri	Cyprinodontiformes	RYR	0	assembly_gap	fixed10	0	0	0	0	0	0	
Ilyodon_furcidens|GCA_040091305.1|RYR.1	GCA_040091305.1	Ilyodon furcidens	Actinopteri	Cyprinodontiformes	RYR	1	assembly_gap	fixed10	0	0	0	0	0	0	
Ilyodon_furcidens|GCA_040091305.1|RYR.2	GCA_040091305.1	Ilyodon furcidens	Actinopteri	Cyprinodontiformes	RYR	2	assembly_gap	fixed10	0	0	0	0	0	1	
Ilyodon_furcidens|GCA_040091305.1|RYR.3	GCA_040091305.1	Ilyodon furcidens	Actinopteri	Cyprinodontiformes	RYR	3	assembly_gap	fixed10	0	0	0	0	0	0	
Ilyodon_furcidens|GCA_040091305.1|RYR.4	GCA_040091305.1	Ilyodon furcidens	Actinopteri	Cyprinodontiformes	RYR	4	assembly_gap	fixed10	0	0	0	0	0	0	
Ilyodon_furcidens|GCA_040091305.1|RYR.5	GCA_040091305.1	Ilyodon furcidens	Actinopteri	Cyprinodontiformes	RYR	5	assembly_gap	fixed10	0	0	0	0	0	0	
Ilyodon_furcidens|GCA_040091305.1|RYR.6	GCA_040091305.1	Ilyodon furcidens	Actinopteri	Cyprinodontiformes	RYR	6	assembly_gap	fixed10	0	0	0	0	0	0	
Ilyodon_furcidens|GCA_040091305.1|RYR.7	GCA_040091305.1	Ilyodon furcidens	Actinopteri	Cyprinodontiformes	RYR	7	assembly_gap	fixed10	0	0	0	0	0	0	
Ilyodon_furcidens|GCA_040091305.1|RYR.8	GCA_040091305.1	Ilyodon furcidens	Actinopteri	Cyprinodontiformes	RYR	8	assembly_gap	fixed10	0	0	0	0	0	0	
Ilyodon_furcidens|GCA_040091305.1|RYR.9	GCA_040091305.1	Ilyodon furcidens	Actinopteri	Cyprinodontiformes	RYR	9	assembly_gap	fixed10	0	0	0	0	0	0	
Ilyodon_furcidens|GCA_040091305.1|RYR.10	GCA_040091305.1	Ilyodon furcidens	Actinopteri	Cyprinodontiformes	RYR	10	assembly_gap	fixed10	0	0	0	0	0	0	
Goodea_atripinnis|GCA_040091325.1|ITPR1.0	GCA_040091325.1	Goodea atripinnis	Actinopteri	Cyprinodontiformes	ITPR1	0	assembly_gap	fixed10	0	0	0	0	0	1	
Goodea_atripinnis|GCA_040091325.1|ITPR1.1	GCA_040091325.1	Goodea atripinnis	Actinopteri	Cyprinodontiformes	ITPR1	1	assembly_gap	fixed10	0	0	0	0	0	0	
Goodea_atripinnis|GCA_040091325.1|ITPR1.2	GCA_040091325.1	Goodea atripinnis	Actinopteri	Cyprinodontiformes	ITPR1	2	assembly_gap	fixed10	0	0	0	0	0	0	
Goodea_atripinnis|GCA_040091325.1|ITPR2.0	GCA_040091325.1	Goodea atripinnis	Actinopteri	Cyprinodontiformes	ITPR2	0	assembly_gap	fixed10	0	0	0	0	0	1	
Goodea_atripinnis|GCA_040091325.1|ITPR2.1	GCA_040091325.1	Goodea atripinnis	Actinopteri	Cyprinodontiformes	ITPR2	1	assembly_gap	fixed10	0	0	0	0	0	0	
Goodea_atripinnis|GCA_040091325.1|ITPR2.2	GCA_040091325.1	Goodea atripinnis	Actinopteri	Cyprinodontiformes	ITPR2	2	assembly_gap	fixed10	0	0	0	0	0	0	
Goodea_atripinnis|GCA_040091325.1|ITPR3.0	GCA_040091325.1	Goodea atripinnis	Actinopteri	Cyprinodontiformes	ITPR3	0	assembly_gap	fixed10	0	0	0	0	0	1	
Goodea_atripinnis|GCA_040091325.1|ITPR3.1	GCA_040091325.1	Goodea atripinnis	Actinopteri	Cyprinodontiformes	ITPR3	1	assembly_gap	fixed10	0	0	0	0	0	0	
Goodea_atripinnis|GCA_040091325.1|ITPR3.2	GCA_040091325.1	Goodea atripinnis	Actinopteri	Cyprinodontiformes	ITPR3	2	assembly_gap	fixed10	0	0	0	0	0	0	
Goodea_atripinnis|GCA_040091325.1|ITPR3.3	GCA_040091325.1	Goodea atripinnis	Actinopteri	Cyprinodontiformes	ITPR3	3	assembly_gap	fixed10	0	0	0	0	0	0	
Goodea_atripinnis|GCA_040091325.1|RYR.0	GCA_040091325.1	Goodea atripinnis	Actinopteri	Cyprinodontiformes	RYR	0	assembly_gap	fixed10	0	0	0	0	0	1	
Goodea_atripinnis|GCA_040091325.1|RYR.1	GCA_040091325.1	Goodea atripinnis	Actinopteri	Cyprinodontiformes	RYR	1	assembly_gap	fixed10	0	0	0	0	0	0	
Goodea_atripinnis|GCA_040091325.1|RYR.2	GCA_040091325.1	Goodea atripinnis	Actinopteri	Cyprinodontiformes	RYR	2	assembly_gap	fixed10	0	0	0	0	0	0	
Goodea_atripinnis|GCA_040091325.1|RYR.3	GCA_040091325.1	Goodea atripinnis	Actinopteri	Cyprinodontiformes	RYR	3	assembly_gap	fixed10	0	0	0	0	0	0	
Goodea_atripinnis|GCA_040091325.1|RYR.4	GCA_040091325.1	Goodea atripinnis	Actinopteri	Cyprinodontiformes	RYR	4	assembly_gap	fixed10	0	0	0	0	0	0	
Goodea_atripinnis|GCA_040091325.1|RYR.5	GCA_040091325.1	Goodea atripinnis	Actinopteri	Cyprinodontiformes	RYR	5	assembly_gap	fixed10	0	0	0	0	0	0	
Goodea_atripinnis|GCA_040091325.1|RYR.6	GCA_040091325.1	Goodea atripinnis	Actinopteri	Cyprinodontiformes	RYR	6	assembly_gap	fixed10	1	1	0	0	0	0	
Goodea_atripinnis|GCA_040091325.1|RYR.7	GCA_040091325.1	Goodea atripinnis	Actinopteri	Cyprinodontiformes	RYR	7	assembly_gap	fixed10	0	0	0	0	0	0	
Goodea_atripinnis|GCA_040091325.1|RYR.8	GCA_040091325.1	Goodea atripinnis	Actinopteri	Cyprinodontiformes	RYR	8	assembly_gap	fixed10	0	0	0	0	0	0	
Xenoophorus_captivus|GCA_040091335.1|ITPR1.0	GCA_040091335.1	Xenoophorus captivus	Actinopteri	Cyprinodontiformes	ITPR1	0	assembly_gap	fixed10	0	0	0	0	0	1	
Xenoophorus_captivus|GCA_040091335.1|ITPR1.1	GCA_040091335.1	Xenoophorus captivus	Actinopteri	Cyprinodontiformes	ITPR1	1	assembly_gap	fixed10	0	0	0	0	0	0	
Xenoophorus_captivus|GCA_040091335.1|ITPR1.2	GCA_040091335.1	Xenoophorus captivus	Actinopteri	Cyprinodontiformes	ITPR1	2	assembly_gap	fixed10	0	0	0	0	0	0	
Xenoophorus_captivus|GCA_040091335.1|ITPR1.3	GCA_040091335.1	Xenoophorus captivus	Actinopteri	Cyprinodontiformes	ITPR1	3	assembly_gap	fixed10	0	0	0	0	0	0	
Xenoophorus_captivus|GCA_040091335.1|ITPR2.0	GCA_040091335.1	Xenoophorus captivus	Actinopteri	Cyprinodontiformes	ITPR2	0	assembly_gap	fixed10	0	0	0	0	0	1	
Xenoophorus_captivus|GCA_040091335.1|ITPR2.1	GCA_040091335.1	Xenoophorus captivus	Actinopteri	Cyprinodontiformes	ITPR2	1	assembly_gap	fixed10	0	0	0	0	0	0	
Xenoophorus_captivus|GCA_040091335.1|ITPR3.0	GCA_040091335.1	Xenoophorus captivus	Actinopteri	Cyprinodontiformes	ITPR3	0	assembly_gap	fixed10	0	0	0	0	0	1	
Xenoophorus_captivus|GCA_040091335.1|ITPR3.1	GCA_040091335.1	Xenoophorus captivus	Actinopteri	Cyprinodontiformes	ITPR3	1	assembly_gap	fixed10	0	0	0	0	0	0	
Xenoophorus_captivus|GCA_040091335.1|ITPR3.2	GCA_040091335.1	Xenoophorus captivus	Actinopteri	Cyprinodontiformes	ITPR3	2	assembly_gap	fixed10	0	0	0	0	0	0	
Xenoophorus_captivus|GCA_040091335.1|ITPR3.3	GCA_040091335.1	Xenoophorus captivus	Actinopteri	Cyprinodontiformes	ITPR3	3	assembly_gap	fixed10	1	1	0	0	0	0	
Xenoophorus_captivus|GCA_040091335.1|RYR.0	GCA_040091335.1	Xenoophorus captivus	Actinopteri	Cyprinodontiformes	RYR	0	found_unannotated	fixed10	0	0	0	0	0	1	
Xenoophorus_captivus|GCA_040091335.1|RYR.1	GCA_040091335.1	Xenoophorus captivus	Actinopteri	Cyprinodontiformes	RYR	1	found_unannotated	fixed10	0	0	0	0	0	0	
Xenoophorus_captivus|GCA_040091335.1|RYR.2	GCA_040091335.1	Xenoophorus captivus	Actinopteri	Cyprinodontiformes	RYR	2	found_unannotated	fixed10	0	0	0	0	0	0	
Xenotaenia_resolanae|GCA_040091345.1|ITPR1.0	GCA_040091345.1	Xenotaenia resolanae	Actinopteri	Cyprinodontiformes	ITPR1	0	assembly_gap	fixed10	0	0	0	0	0	1	
Xenotaenia_resolanae|GCA_040091345.1|ITPR1.1	GCA_040091345.1	Xenotaenia resolanae	Actinopteri	Cyprinodontiformes	ITPR1	1	assembly_gap	fixed10	0	0	0	0	0	0	
Xenotaenia_resolanae|GCA_040091345.1|ITPR2.0	GCA_040091345.1	Xenotaenia resolanae	Actinopteri	Cyprinodontiformes	ITPR2	0	assembly_gap	fixed10	0	0	0	0	0	1	
Xenotaenia_resolanae|GCA_040091345.1|ITPR2.1	GCA_040091345.1	Xenotaenia resolanae	Actinopteri	Cyprinodontiformes	ITPR2	1	assembly_gap	fixed10	0	0	0	0	0	0	
Xenotaenia_resolanae|GCA_040091345.1|ITPR2.2	GCA_040091345.1	Xenotaenia resolanae	Actinopteri	Cyprinodontiformes	ITPR2	2	assembly_gap	fixed10	1	1	0	0	0	0	
Xenotaenia_resolanae|GCA_040091345.1|ITPR3.0	GCA_040091345.1	Xenotaenia resolanae	Actinopteri	Cyprinodontiformes	ITPR3	0	assembly_gap	fixed10	0	0	0	0	0	1	
Xenotaenia_resolanae|GCA_040091345.1|RYR.0	GCA_040091345.1	Xenotaenia resolanae	Actinopteri	Cyprinodontiformes	RYR	0	assembly_gap	fixed10	0	0	0	0	0	1	
Xenotaenia_resolanae|GCA_040091345.1|RYR.1	GCA_040091345.1	Xenotaenia resolanae	Actinopteri	Cyprinodontiformes	RYR	1	assembly_gap	fixed10	0	0	0	0	0	0	
Xenotaenia_resolanae|GCA_040091345.1|RYR.2	GCA_040091345.1	Xenotaenia resolanae	Actinopteri	Cyprinodontiformes	RYR	2	assembly_gap	fixed10	0	0	0	0	0	0	
Xenotaenia_resolanae|GCA_040091345.1|RYR.3	GCA_040091345.1	Xenotaenia resolanae	Actinopteri	Cyprinodontiformes	RYR	3	assembly_gap	fixed10	0	0	0	0	0	0	
Xenotaenia_resolanae|GCA_040091345.1|RYR.4	GCA_040091345.1	Xenotaenia resolanae	Actinopteri	Cyprinodontiformes	RYR	4	assembly_gap	fixed10	0	0	0	0	0	0	
Xenotaenia_resolanae|GCA_040091345.1|RYR.5	GCA_040091345.1	Xenotaenia resolanae	Actinopteri	Cyprinodontiformes	RYR	5	assembly_gap	fixed10	0	0	0	0	0	0	
Xenotaenia_resolanae|GCA_040091345.1|RYR.6	GCA_040091345.1	Xenotaenia resolanae	Actinopteri	Cyprinodontiformes	RYR	6	assembly_gap	fixed10	0	0	0	0	0	0	
Xenotaenia_resolanae|GCA_040091345.1|RYR.7	GCA_040091345.1	Xenotaenia resolanae	Actinopteri	Cyprinodontiformes	RYR	7	assembly_gap	fixed10	0	0	0	0	0	0	
Xenotaenia_resolanae|GCA_040091345.1|RYR.8	GCA_040091345.1	Xenotaenia resolanae	Actinopteri	Cyprinodontiformes	RYR	8	assembly_gap	fixed10	0	0	0	0	0	0	
Diretmus_argenteus|GCA_048569125.1|ITPR1.0	GCA_048569125.1	Diretmus argenteus	Actinopteri	Trachichthyiformes	ITPR1	0	found_annotated	fixed10	20	10	10	9	9	1	ATF1;ATF7B;DIP2B;LARP4A;SCN8A;SLC4A8;SUMF1;TTLL3;ZC3H10
Diretmus_argenteus|GCA_048569125.1|ITPR1.1	GCA_048569125.1	Diretmus argenteus	Actinopteri	Trachichthyiformes	ITPR1	1	found_annotated	fixed10	20	10	10	16	16	0	ARHGAP46A;ARL6IP5A;AVPR2B;BHLHE40;CDH4;DIDO1;FOXP1B;FRMD4B;ID1;LRRN1;MITF;SETMAR;SULF2A;TAF4A;TRNT1;ZMYND8
Diretmus_argenteus|GCA_048569125.1|ITPR2.0	GCA_048569125.1	Diretmus argenteus	Actinopteri	Trachichthyiformes	ITPR2	0	found_annotated	fixed10	20	10	10	17	17	1	BANP;BHLHE41;BMAL2;C1QTNF13;EEA1;FANCI;FBXO31;KRAS;NR1H4;NUDT4A;PLEKHG7;POLG;RASSF8A;SLC17A8;SSPN;UBE2N;ZNF469
Diretmus_argenteus|GCA_048569125.1|ITPR2.1	GCA_048569125.1	Diretmus argenteus	Actinopteri	Trachichthyiformes	ITPR2	1	found_annotated	fixed10	20	10	10	18	18	0	BANP;BHLHE41;BMAL2;C1QTNF13;EEA1;FANCI;FBXO31;KRAS;NR1H4;NUDT4A;PLEKHG7;POLG;PPFIBP1B;RASSF8A;SLC17A8;SSPN;UBE2N;ZNF469
Diretmus_argenteus|GCA_048569125.1|ITPR3.0	GCA_048569125.1	Diretmus argenteus	Actinopteri	Trachichthyiformes	ITPR3	0	found_annotated	fixed10	20	10	10	10	10	1	BCAP31;EDEM2;GPR37L1B;GRIPAP1;HM13;KCND1;MRGBP;PLXNA3;SLC6A8;SNX21
Diretmus_argenteus|GCA_048569125.1|RYR.0	GCA_048569125.1	Diretmus argenteus	Actinopteri	Trachichthyiformes	RYR	0	found_annotated	fixed10	20	10	10	9	9	1	BCCIP;CHRM3B;CTBP2L;FMN2B;KCNC3B;MMP21;MTR;REXO4;UROS
Diretmus_argenteus|GCA_048569125.1|RYR.1	GCA_048569125.1	Diretmus argenteus	Actinopteri	Trachichthyiformes	RYR	1	found_annotated	fixed10	20	10	10	14	14	0	AXL;B3GNT2L;BCKDH;BICR;CYP2Y3;EXOSC5;HNRNPUL1;NAPA;OPA3;PPP1R13L;PPP5C;RASGRP4;TGFB1A;TMEM91
Diretmus_argenteus|GCA_048569125.1|RYR.2	GCA_048569125.1	Diretmus argenteus	Actinopteri	Trachichthyiformes	RYR	2	found_annotated	fixed10	20	10	10	10	10	0	CXXC5A;DNAJC18;GABRR3A;GNG8;NFRK;NRG2A;PHLDB2A;PURA;SMS;TMEM45B
Diretmus_argenteus|GCA_048569125.1|RYR.3	GCA_048569125.1	Diretmus argenteus	Actinopteri	Trachichthyiformes	RYR	3	found_annotated	fixed10	20	10	10	10	10	0	ACP7;ACTC1B;ARHGAP11A;BMF1;CHRM5A;EIF2AK4;FSIP1;GCHFR;GREM1B;THBS1A
Diretmus_argenteus|GCA_048569125.1|RYR.4	GCA_048569125.1	Diretmus argenteus	Actinopteri	Trachichthyiformes	RYR	4	found_annotated	fixed10	20	10	10	16	16	0	ABRACL;ACTC1A;AVEN;CHRM5B;CLU;EMC7B;FAM184A;FMN1;GREM1A;HSDL1;KATNBL1;MAN1A1;REPS1;SCARA3;SCG5;TBC1D32
Diretmus_argenteus|GCA_048569125.1|RYR.5	GCA_048569125.1	Diretmus argenteus	Actinopteri	Trachichthyiformes	RYR	5	found_annotated	fixed10	20	10	10	13	13	0	ACTN2B;BICC1A;CCSER2A;CHRM3A;DNAJC9;ECD;FAM149B1;FMN2A;NDNFL;P4HA1B;PHYHIPL;RGS7A;SPARCL2
Steatornis_caripensis|GCA_054099775.1|ITPR1.0	GCA_054099775.1	Steatornis caripensis	Aves	Caprimulgiformes	ITPR1	0	found_annotated	fixed10	20	10	10	17	17	1	ARL8B;BHLHE40;CAV3;CHL1;CNTN3;CRBN;EDEM1;GRM7;IL5RA;LMCD1;LRRN1;OXTR;RAD18;SRGAP3;SSUH2;SUMF1;TRNT1
Steatornis_caripensis|GCA_054099775.1|ITPR2.0	GCA_054099775.1	Steatornis caripensis	Aves	Caprimulgiformes	ITPR2	0	found_annotated	fixed10	20	10	10	19	19	1	BHLHE41;BMAL2;CYB5R3;DNAI7;ETFRF1;FGFR1OP2;GYS2;INTS13;IRAG2;KRAS;LMNTD1;MED21;PPFIBP1;RASSF8;REP15;SPX;SSPN;STK38L;TM7SF3
Steatornis_caripensis|GCA_054099775.1|ITPR3.0	GCA_054099775.1	Steatornis caripensis	Aves	Caprimulgiformes	ITPR3	0	found_annotated	fixed10	20	10	10	18	18	1	APOBEC2;BAK1;BLTP3A;FOXP4;GRM4;HMGA1;ILRUN;MDFI;NFYA;NUDT3;OARD1;PACSIN1;SMIM29;SNRPC;SPDEF;TFEB;TREM1;TSPO2
Steatornis_caripensis|GCA_054099775.1|RYR.0	GCA_054099775.1	Steatornis caripensis	Aves	Caprimulgiformes	RYR	0	found_annotated	fixed10	20	10	10	19	19	0	ACTN2;B3GALNT2;CHRM3;EDARADD;ERO1B;EXO1;GPR137B;GREM2;HEATR1;LGALS8;LYST;MAP1LC3C;MTR;NID1;OPN3;PIGM;PLD5;RGS7;WDR64
Steatornis_caripensis|GCA_054099775.1|RYR.1	GCA_054099775.1	Steatornis caripensis	Aves	Caprimulgiformes	RYR	1	found_annotated	fixed10	20	10	10	19	19	1	ARHGAP11A;AVEN;CDIN1;CHRM5;DPH6;EIF2AK4;EMC7;FAM98B;FMN1;FSIP1;GPR176;GREM1;KATNBL1;MEIS2;RASGRP1;SCG5;SPRED1;SRP14;THBS1
Hiodon_alosoides|GCA_056783565.1|ITPR1.0	GCA_056783565.1	Hiodon alosoides	Actinopteri	Hiodontiformes	ITPR1	0	found_annotated	fixed10	20	10	10	13	12	1	ARL8B;AVPR2B;CRBN;EDEM1;EDEM2;GNAT1;GSS;LRRN1;RBM6;SEMA3F;SLA2B;SUMF1;TATDN2
Hiodon_alosoides|GCA_056783565.1|ITPR1.1	GCA_056783565.1	Hiodon alosoides	Actinopteri	Hiodontiformes	ITPR1	1	found_annotated	fixed10	20	10	10	11	11	0	ARL8B;BHLHE40;CAMKV;EEFSEC;GATA2A;MON1A;MST1R;RPN1;SEMA3F;SETMAR;TRAIP
Hiodon_alosoides|GCA_056783565.1|ITPR2.0	GCA_056783565.1	Hiodon alosoides	Actinopteri	Hiodontiformes	ITPR2	0	found_annotated	fixed10	20	10	10	4	4	1	BPGM;DNM1L;INTS13;RASSF8B
Hiodon_alosoides|GCA_056783565.1|ITPR2.1	GCA_056783565.1	Hiodon alosoides	Actinopteri	Hiodontiformes	ITPR2	1	found_annotated	fixed10	20	10	10	9	9	0	ANO6;EEA1;GAS2L3;MRPL42;NR1H4;PLEKHG7;PWP1;SLC17A8;SSPN
Hiodon_alosoides|GCA_056783565.1|ITPR3.0	GCA_056783565.1	Hiodon alosoides	Actinopteri	Hiodontiformes	ITPR3	0	found_annotated	fixed10	20	10	10	8	8	1	CASP9;DDX20;DNAJC16;FKBP5;FRS3;HIPK1A;HSPG2;TMEM269
Hiodon_alosoides|GCA_056783565.1|RYR.0	GCA_056783565.1	Hiodon alosoides	Actinopteri	Hiodontiformes	RYR	0	found_annotated	fixed10	20	10	10	14	14	1	ARG1;CYP26A1;DNAJC9;EXOC6;FH;FMN2B;HEATR1;HHEX;JMJD1C;KIF11;MTR;NUDT13;REEP3B;RGS7B
Hiodon_alosoides|GCA_056783565.1|RYR.1	GCA_056783565.1	Hiodon alosoides	Actinopteri	Hiodontiformes	RYR	1	found_annotated	fixed10	20	10	10	9	9	0	B9D2;BCKDH;CBR1L;NAPA;PPP5C;RASGRP4;RSPH4A;SYMPK;ZBED4L2
Hiodon_alosoides|GCA_056783565.1|RYR.2	GCA_056783565.1	Hiodon alosoides	Actinopteri	Hiodontiformes	RYR	2	found_annotated	fixed10	20	10	10	14	14	0	ARRB1;ATG16L2;B3GNT2L;BICR;CYP2Y3;EHD2B;EXOSC5;HNRNPUL1;OPA3;PPP1R13L;PSMD8;SPRED3;TMEM91;WDR62
Hiodon_alosoides|GCA_056783565.1|RYR.3	GCA_056783565.1	Hiodon alosoides	Actinopteri	Hiodontiformes	RYR	3	found_annotated	fixed10	20	10	10	11	11	0	ACP7;ARHGAP11A;AVEN;CHRM5A;DEGS2;EIF2AK4;FSIP1;GPR176;SCG5;TPP1;YY1A
Staurois_parvus|GCA_951230385.1|ITPR1.0	GCA_951230385.1	Staurois parvus	Amphibia	Anura	ITPR1	0	found_unannotated	fixed10	10	0	10	10	1	1	SPARVUS_LOCUS8217507;SPARVUS_LOCUS8217508;SPARVUS_LOCUS8217509;SPARVUS_LOCUS8217515;SPARVUS_LOCUS8217516;SPARVUS_LOCUS8217517;SPARVUS_LOCUS8217518;SPARVUS_LOCUS8217519;SPARVUS_LOCUS8217520;SPARVUS_LOCUS8217521
Staurois_parvus|GCA_951230385.1|ITPR2.0	GCA_951230385.1	Staurois parvus	Amphibia	Anura	ITPR2	0	assembly_gap	fixed10	10	10	0	10	1	0	SPARVUS_LOCUS4629526;SPARVUS_LOCUS4629528;SPARVUS_LOCUS4629529;SPARVUS_LOCUS4629530;SPARVUS_LOCUS4629531;SPARVUS_LOCUS4629532;SPARVUS_LOCUS4629533;SPARVUS_LOCUS4629539;SPARVUS_LOCUS4629540;SPARVUS_LOCUS4629541
Staurois_parvus|GCA_951230385.1|ITPR2.1	GCA_951230385.1	Staurois parvus	Amphibia	Anura	ITPR2	1	assembly_gap	fixed10	1	1	0	1	1	1	SPARVUS_LOCUS8767001
Staurois_parvus|GCA_951230385.1|ITPR3.0	GCA_951230385.1	Staurois parvus	Amphibia	Anura	ITPR3	0	assembly_gap	fixed10	6	0	6	6	1	1	SPARVUS_LOCUS7433256;SPARVUS_LOCUS7433257;SPARVUS_LOCUS7433258;SPARVUS_LOCUS7433265;SPARVUS_LOCUS7433266;SPARVUS_LOCUS7433267
Staurois_parvus|GCA_951230385.1|ITPR3.1	GCA_951230385.1	Staurois parvus	Amphibia	Anura	ITPR3	1	assembly_gap	fixed10	8	0	8	8	1	0	SPARVUS_LOCUS7504142;SPARVUS_LOCUS7504143;SPARVUS_LOCUS7504144;SPARVUS_LOCUS7504145;SPARVUS_LOCUS7504146;SPARVUS_LOCUS7504147;SPARVUS_LOCUS7504148;SPARVUS_LOCUS7504149
Staurois_parvus|GCA_951230385.1|RYR.0	GCA_951230385.1	Staurois parvus	Amphibia	Anura	RYR	0	found_unannotated	fixed10	12	8	4	12	1	1	SPARVUS_LOCUS4166513;SPARVUS_LOCUS4166514;SPARVUS_LOCUS4166515;SPARVUS_LOCUS4166516;SPARVUS_LOCUS4166517;SPARVUS_LOCUS4166518;SPARVUS_LOCUS4166519;SPARVUS_LOCUS4166522;SPARVUS_LOCUS4166523;SPARVUS_LOCUS4166524;SPARVUS_LOCUS4166525;SPARVUS_LOCUS4166529
Homo_sapiens|GCF_000001405.40|ITPR1.0	GCF_000001405.40	Homo sapiens	Mammalia	Primates	ITPR1	0	found_annotated	fixed10	19	9	10	19	18	1	ARL8B;BHLHE40;CAV3;CHL1;CNTN4;CNTN6;CRBN;EDEM1;GRM7;IL5RA;LMCD1;LRRN1;OXTR;RAD18;SETMAR;SRGAP3;SSUH2;SUMF1;TRNT1
Homo_sapiens|GCF_000001405.40|ITPR2.0	GCF_000001405.40	Homo sapiens	Mammalia	Primates	ITPR2	0	found_annotated	fixed10	20	10	10	19	19	1	BCAT1;BHLHE41;BMAL2;C12ORF71;DNAI7;ETFRF1;FGFR1OP2;INTS13;IRAG2;KRAS;LMNTD1;MED21;PPFIBP1;RASSF8;REP15;SMCO2;SSPN;STK38L;TM7SF3
Homo_sapiens|GCF_000001405.40|ITPR3.0	GCF_000001405.40	Homo sapiens	Mammalia	Primates	ITPR3	0	found_annotated	fixed10	20	10	10	19	17	1	BAK1;CUTA;DAXX;GRM4;HMGA1;IP6K3;KIFC1;LEMD2;MLN;NUDT3;PHF1;RPS10-NUDT3;SMIM29;SMIM40;SYNGAP1;TAPBP;UQCC2;ZBTB22;ZBTB9
Homo_sapiens|GCF_000001405.40|RYR.0	GCF_000001405.40	Homo sapiens	Mammalia	Primates	RYR	0	found_annotated	fixed10	20	10	10	20	20	1	ACTN2;CHML;CHRM3;EDARADD;ERO1B;FH;FMN2;GPR137B;GREM2;HEATR1;KMO;LGALS8;LYST;MT1HL1;MTR;NID1;OPN3;RGS7;WDR64;ZP4
Homo_sapiens|GCF_000001405.40|RYR.1	GCF_000001405.40	Homo sapiens	Mammalia	Primates	RYR	1	found_annotated	fixed10	20	10	10	20	19	0	ACTN4;C19ORF33;CAPN12;CATSPERG;ECH1;EIF3K;FAM98C;GGN;HNRNPL;KCNK6;LGALS4;LGALS7;LGALS7B;MAP4K1;PSMD8;RASGRP4;RINL;SPINT2;SPRED3;YIF1B
Homo_sapiens|GCF_000001405.40|RYR.2	GCF_000001405.40	Homo sapiens	Mammalia	Primates	RYR	2	found_annotated	fixed10	20	10	10	19	18	0	ARHGAP11A;ARHGAP11A-SCG5;CHRM5;CHRNA7;EMC4;EMC7;FMN1;GOLGA8A;GOLGA8K;GOLGA8N;GOLGA8O;GREM1;KATNBL1;LPCAT4;NOP10;NUTM1;PGBD4;SCG5;SLC12A6
Mus_musculus|GCF_000001635.27|ITPR1.0	GCF_000001635.27	Mus musculus	Mammalia	Rodentia	ITPR1	0	found_annotated	fixed10	20	10	10	20	18	1	ARL8B;BHLHE40;CAV3;CHL1;CNTN3;CNTN4;CNTN6;CRBN;EDEM1;GM6749;GRM7;IL5RA;LMCD1;LRRN1;OXTR;RAD18;SETMAR;SSU2;SUMF1;TRNT1
Mus_musculus|GCF_000001635.27|ITPR2.0	GCF_000001635.27	Mus musculus	Mammalia	Rodentia	ITPR2	0	found_annotated	fixed10	20	10	10	20	20	1	1700034J05RIK;BCAT1;BHLHE41;BMAL2;DNAI7;ETFRF1;FGFR1OP2;INTS13;IRAG2;KRAS;LMNTD1;MED21;PPFIBP1;RASSF8;REP15;SMCO2;SSPN;STK38L;TM7SF3;TUBA3B
Mus_musculus|GCF_000001635.27|ITPR3.0	GCF_000001635.27	Mus musculus	Mammalia	Rodentia	ITPR3	0	found_annotated	fixed10	20	10	10	20	20	1	BAK1;BLTP3A;BNIP1;CREBRF;CUTA;GGNBP1;GRM4;HMGA1;ILRUN;KIFC5B;NKX2-5;NUDT3;PACSIN1;PHF1;RPS10;SMIM29;SNRPC;SPDEF;SYNGAP1;ZBTB9
Mus_musculus|GCF_000001635.27|RYR.0	GCF_000001635.27	Mus musculus	Mammalia	Rodentia	RYR	0	found_annotated	fixed10	20	10	10	20	19	1	ACTN2;ADARB2;CHRM3;DIP2C;EDARADD;ERO1B;GM10029;GM53256;GM5445;GM5928;GTPBP4;HEATR1;IDI1;IDI2;LARP4B;LGALS8;MTR;PRL2C3;WDR37;ZMYND11
Mus_musculus|GCF_000001635.27|RYR.1	GCF_000001635.27	Mus musculus	Mammalia	Rodentia	RYR	1	found_annotated	fixed10	20	10	10	20	19	0	2200002D01RIK;ACTN4;CAPN12;CATSPERG1;ECH1;EIF3K;FAM98C;GGN;HNRNPL;KCNK6;LGALS4;LGALS7;MAP4K1;PSMD8;RASGRP4;RINL;SIRT2;SPINT2;SPRED3;YIF1B
Mus_musculus|GCF_000001635.27|RYR.2	GCF_000001635.27	Mus musculus	Mammalia	Rodentia	RYR	2	found_annotated	fixed10	20	10	10	20	19	0	ACTC1;AQR;ARHGAP11A;AVEN;CHRM5;DPH6;EMC4;EMC7;FMN1;GJD2;GM52523;GREM1;KATNBL1;LPCAT4;NOP10;NUTM1;SCG5;SLC12A6;TMCO5B;ZFP770
Xenopus_tropicalis|GCF_000004195.4|ITPR1.0	GCF_000004195.4	Xenopus tropicalis	Amphibia	Anura	ITPR1	0	found_annotated	fixed10	20	10	10	15	15	1	ARL8B;BHLHE40;CAV3;CNTN4;CRBN;EDEM1;GRM7;IL5R;LMCD1;LRRN1;OXTR;SETMAR;SSUH2;SUMF1;TRNT1
Xenopus_tropicalis|GCF_000004195.4|ITPR2.0	GCF_000004195.4	Xenopus tropicalis	Amphibia	Anura	ITPR2	0	found_annotated	fixed10	20	10	10	17	17	1	BHLHE41;CECR5;CYB5R3;ENDOUL;ETFRF1;FGFR1OP2;INTS13;KRASL;LMNTD1;NRIP3;PPFIBP1;RAB43;RASSF8;REP15;SSPN;STK38L;SYT10
Xenopus_tropicalis|GCF_000004195.4|ITPR3.0	GCF_000004195.4	Xenopus tropicalis	Amphibia	Anura	ITPR3	0	found_annotated	fixed10	20	10	10	18	18	1	ANKS1A;BAK1;BRPF3;CEPT1;CNTN2;DENND2D;GRM4;KISS1;MAPK13;MDM4;MYBPH;NFASC;PIK3C2B;PLEKHA6;REN;SOX13;TAF11;TBC1D22B
Xenopus_tropicalis|GCF_000004195.4|RYR.0	GCF_000004195.4	Xenopus tropicalis	Amphibia	Anura	RYR	0	found_annotated	fixed10	20	10	10	19	19	1	ALKBH6;ARHGAP11A;BICR;CLIP3;ECH1;EIF3K;FAM98A;HNRNPL;KPTN;LGALS4;MAP4K1;MEIS3;NAPA;PSMD8;RASGRP4;SLC8A2;SPRED3;SYNE4;TSPAN15
Xenopus_tropicalis|GCF_000004195.4|RYR.1	GCF_000004195.4	Xenopus tropicalis	Amphibia	Anura	RYR	1	found_annotated	fixed10	20	10	10	19	19	0	ARHGAP11A;AVEN;C15ORF41;CCDC177;CHRM5;ERH;EXD2;FAM98B;FMN1;GALNT16;GPR176;GREM1;MEIS2;PLEKHD1;RASGRP1;SCG5;SLC39A9;SPRED1;SUSD6
Trichechus_manatus_latirostris|GCF_000243295.1|ITPR1.0	GCF_000243295.1	Trichechus manatus latirostris	Mammalia	Sirenia	ITPR1	0	found_annotated	fixed10	18	8	10	15	15	1	ARL8B;BHLHE40;CAV3;CRBN;EDEM1;GRM7;IL5RA;LMCD1;LRRN1;OXTR;RAD18;SRGAP3;SSUH2;SUMF1;TRNT1
Trichechus_manatus_latirostris|GCF_000243295.1|ITPR2.0	GCF_000243295.1	Trichechus manatus latirostris	Mammalia	Sirenia	ITPR2	0	found_annotated	fixed10	20	10	10	19	19	1	BCAT1;BHLHE41;BMAL2;CUNH12ORF71;DNAI7;ETFRF1;FGFR1OP2;INTS13;IRAG2;KRAS;LMNTD1;MED21;PPFIBP1;RASSF8;REP15;SMCO2;SSPN;STK38L;TM7SF3
Trichechus_manatus_latirostris|GCF_000243295.1|ITPR3.0	GCF_000243295.1	Trichechus manatus latirostris	Mammalia	Sirenia	ITPR3	0	found_annotated	fixed10	20	10	10	19	18	1	BAK1;BLTP3A;CUTA;DAXX;GRM4;HMGA1;ILRUN;KIFC1;NUDT3;PACSIN1;PHF1;RPS10;SMIM29;SNRPC;SPDEF;SYNGAP1;TAPBP;ZBTB22;ZBTB9
Trichechus_manatus_latirostris|GCF_000243295.1|RYR.0	GCF_000243295.1	Trichechus manatus latirostris	Mammalia	Sirenia	RYR	0	found_annotated	fixed10	11	1	10	11	11	1	ACTN2;EDARADD;ERO1B;GNG4;GPR137B;HEATR1;LGALS8;LYST;MTR;NID1;ZP4
Trichechus_manatus_latirostris|GCF_000243295.1|RYR.1	GCF_000243295.1	Trichechus manatus latirostris	Mammalia	Sirenia	RYR	1	found_annotated	fixed10	20	10	10	16	15	0	ACTN4;CAPN12;CATSPERG;CUNH19ORF33;EIF3K;FAM98C;GGN;KCNK6;LGALS4;LGALS7;MAP4K1;PSMD8;RASGRP4;SPINT2;SPRED3;YIF1B
Trichechus_manatus_latirostris|GCF_000243295.1|RYR.2	GCF_000243295.1	Trichechus manatus latirostris	Mammalia	Sirenia	RYR	2	found_annotated	fixed10	20	10	10	18	17	0	ACTC1;AQR;ARHGAP11A;AVEN;CHRM5;DPH6;EMC4;EMC7;FMN1;GJD2;GREM1;KATNBL1;LPCAT4;NOP10;NUTM1;SCG5;SLC12A6;ZNF770
Orycteropus_afer_afer|GCF_000298275.1|ITPR1.0	GCF_000298275.1	Orycteropus afer afer	Mammalia	Tubulidentata	ITPR1	0	found_annotated	fixed10	5	2	3	4	4	1	ARL8B;BHLHE40;EDEM1;SUMF1
Orycteropus_afer_afer|GCF_000298275.1|ITPR2.0	GCF_000298275.1	Orycteropus afer afer	Mammalia	Tubulidentata	ITPR2	0	found_annotated	fixed10	18	8	10	18	18	1	ARNTL2;BHLHE41;CUNH12ORF71;DNAI7;ETFRF1;FGFR1OP2;INTS13;IRAG2;KRAS;LMNTD1;MED21;MRPS35;PPFIBP1;RASSF8;REP15;SSPN;STK38L;TM7SF3
Orycteropus_afer_afer|GCF_000298275.1|ITPR3.0	GCF_000298275.1	Orycteropus afer afer	Mammalia	Tubulidentata	ITPR3	0	found_annotated	fixed10	20	10	10	17	16	1	BAK1;CUTA;DAXX;GRM4;HMGA1;ILRUN;KIFC1;LEMD2;MLN;PACSIN1;PHF1;SMIM29;SNRPC;SPDEF;SYNGAP1;ZBTB22;ZBTB9
Orycteropus_afer_afer|GCF_000298275.1|RYR.0	GCF_000298275.1	Orycteropus afer afer	Mammalia	Tubulidentata	RYR	0	found_annotated	fixed10	10	0	10	10	10	1	CHML;CHRM3;FH;FMN2;GREM2;KMO;OPN3;RGS7;WDR64;ZP4
Orycteropus_afer_afer|GCF_000298275.1|RYR.1	GCF_000298275.1	Orycteropus afer afer	Mammalia	Tubulidentata	RYR	1	found_annotated	fixed10	20	10	10	20	20	0	ACTN4;CAPN12;CATSPERG;CUNH19ORF33;ECH1;EIF3K;FAM98C;GGN;HNRNPL;KCNK6;LGALS4;MAP4K1;NFKBIB;PSMD8;RASGRP4;RINL;SIRT2;SPINT2;SPRED3;YIF1B
Orycteropus_afer_afer|GCF_000298275.1|RYR.2	GCF_000298275.1	Orycteropus afer afer	Mammalia	Tubulidentata	RYR	2	found_annotated	fixed10	19	10	9	16	15	0	ACTC1;AQR;AVEN;CDIN1;CHRM5;DPH6;EMC4;EMC7;FMN1;GJD2;GREM1;KATNBL1;LPCAT4;NUTM1;SLC12A6;ZNF770
Elephantulus_edwardii|GCF_000299155.1|ITPR1.0	GCF_000299155.1	Elephantulus edwardii	Mammalia	Macroscelidea	ITPR1	0	found_annotated	fixed10	12	4	8	12	11	1	ARL8B;BHLHE40;CNTN4;CNTN6;CRBN;EDEM1;GRM7;IL5RA;LRRN1;SETMAR;SUMF1;TRNT1
Elephantulus_edwardii|GCF_000299155.1|ITPR2.0	GCF_000299155.1	Elephantulus edwardii	Mammalia	Macroscelidea	ITPR2	0	found_annotated	fixed10	13	3	10	10	10	1	ARNTL2;ASUN;BHLHE41;FGFR1OP2;MED21;PPFIBP1;RASSF8;SSPN;STK38L;TM7SF3
Elephantulus_edwardii|GCF_000299155.1|ITPR3.0	GCF_000299155.1	Elephantulus edwardii	Mammalia	Macroscelidea	ITPR3	0	found_annotated	fixed10	20	10	10	14	13	1	BAK1;CUTA;DAXX;GRM4;IP6K3;KIFC1;LEMD2;MLN;NUDT3;PHF1;SYNGAP1;TAPBP;ZBTB22;ZBTB9
Elephantulus_edwardii|GCF_000299155.1|RYR.0	GCF_000299155.1	Elephantulus edwardii	Mammalia	Macroscelidea	RYR	0	found_annotated	fixed10	14	4	10	11	11	1	ACTN2;EDARADD;ERO1LB;GPR137B;HEATR1;LGALS8;LYST;MTR;NID1;SYN2;TIMP4
Elephantulus_edwardii|GCF_000299155.1|RYR.1	GCF_000299155.1	Elephantulus edwardii	Mammalia	Macroscelidea	RYR	1	found_annotated	fixed10	15	10	5	14	14	0	ACTN4;CAPN12;CATSPERG;DPF1;EIF3K;GGN;KCNK6;MAP4K1;PPP1R14A;PSMD8;RASGRP4;SPINT2;SPRED3;YIF1B
Elephantulus_edwardii|GCF_000299155.1|RYR.2	GCF_000299155.1	Elephantulus edwardii	Mammalia	Macroscelidea	RYR	2	found_annotated	fixed10	20	10	10	18	17	0	ACTC1;AQR;ARHGAP11A;AVEN;CHRM5;DPH6;EMC4;EMC7;FMN1;GJD2;GREM1;KATNBL1;LPCAT4;NOP10;NUTM1;SCG5;SLC12A6;ZNF770
Tupaia_belangeri_chinensis|GCF_000334495.1|ITPR1.0	GCF_000334495.1	Tupaia belangeri chinensis	Mammalia	Scandentia	ITPR1	0	found_annotated	fixed10	4	0	4	4	4	1	ARL8B;BHLHE40;EDEM1;GRM7
Tupaia_belangeri_chinensis|GCF_000334495.1|ITPR2.0	GCF_000334495.1	Tupaia belangeri chinensis	Mammalia	Scandentia	ITPR2	0	found_annotated	fixed10	20	10	10	17	17	1	BHLHE41;BMAL2;CUNH12ORF71;DNAI7;ETFRF1;FGFR1OP2;INTS13;IRAG2;KRAS;LMNTD1;MED21;PPFIBP1;RASSF8;SMCO2;SSPN;STK38L;TM7SF3
Tupaia_belangeri_chinensis|GCF_000334495.1|ITPR3.0	GCF_000334495.1	Tupaia belangeri chinensis	Mammalia	Scandentia	ITPR3	0	found_annotated	fixed10	20	10	10	19	18	1	BAK1;CUTA;DAXX;GRM4;HMGA1;IP6K3;KIFC1;LEMD2;MLN;NUDT3;PACSIN1;PHF1;RPS10;SMIM29;SPDEF;SYNGAP1;TAPBP;ZBTB22;ZBTB9
Tupaia_belangeri_chinensis|GCF_000334495.1|RYR.0	GCF_000334495.1	Tupaia belangeri chinensis	Mammalia	Scandentia	RYR	0	found_annotated	fixed10	11	1	10	11	11	0	ACTN2;CHRM3;EDARADD;ERO1B;GNG4;GPR137B;HEATR1;LGALS8;LYST;MTR;NID1
Tupaia_belangeri_chinensis|GCF_000334495.1|RYR.1	GCF_000334495.1	Tupaia belangeri chinensis	Mammalia	Scandentia	RYR	1	found_annotated	fixed10	20	10	10	16	16	1	ACTN4;CAPN12;CATSPERG;CUNH19ORF33;ECH1;EIF3K;GGN;HNRNPL;KCNK6;LGALS4;MAP4K1;PSMD8;RASGRP4;SPRED3;TSLIG3C;YIF1B
Egretta_garzetta|GCF_000687185.1|ITPR1.0	GCF_000687185.1	Egretta garzetta	Aves	Pelecaniformes	ITPR1	0	found_annotated	fixed10	14	4	10	12	10	1	ARL8B;BHLHE40;CHL1;CNTN3;CNTN4;CNTN6;CRBN;EDEM1;IL5RA;LRRN1;SUMF1;TRNT1
Egretta_garzetta|GCF_000687185.1|ITPR2.0	GCF_000687185.1	Egretta garzetta	Aves	Pelecaniformes	ITPR2	0	found_annotated	fixed10	20	10	10	18	18	1	ARNTL2;CFAP94;ETFRF1;FGFR1OP2;GYS2;INTS13;IRAG2;KCNJ8;KRAS;LDHB;MED21;PPFIBP1;RASSF8;REP15;SPX;SSPN;STK38L;TM7SF3
Egretta_garzetta|GCF_000687185.1|ITPR3.0	GCF_000687185.1	Egretta garzetta	Aves	Pelecaniformes	ITPR3	0	found_annotated	fixed10	20	10	10	17	17	1	ANKS1A;APOBEC2;BAK1;FOXP4;GRM4;ILRUN;MDFI;NFYA;NUDT3;OARD1;PACSIN1;SNRPC;SPDEF;TAF11;TFEB;TREM2;UHRF1BP1
Egretta_garzetta|GCF_000687185.1|RYR.0	GCF_000687185.1	Egretta garzetta	Aves	Pelecaniformes	RYR	0	found_annotated	fixed10	19	9	10	17	17	1	ARHGAP11A;AVEN;CDIN1;CHRM5;EIF2AK4;EMC7;FAM98B;FMN1;FSIP1;GPR176;GREM1;KATNBL1;MEIS2;RASGRP1;SPRED1;SRP14;THBS1
Egretta_garzetta|GCF_000687185.1|RYR.1	GCF_000687185.1	Egretta garzetta	Aves	Pelecaniformes	RYR	1	found_annotated	fixed10	0	0	0	0	0	0	
Phaethon_lepturus|GCF_000687285.1|ITPR1.0	GCF_000687285.1	Phaethon lepturus	Aves	Phaethontiformes	ITPR1	0	assembly_gap	fixed10	0	0	0	0	0	1	
Phaethon_lepturus|GCF_000687285.1|ITPR1.1	GCF_000687285.1	Phaethon lepturus	Aves	Phaethontiformes	ITPR1	1	assembly_gap	fixed10	0	0	0	0	0	0	
Phaethon_lepturus|GCF_000687285.1|ITPR2.0	GCF_000687285.1	Phaethon lepturus	Aves	Phaethontiformes	ITPR2	0	assembly_gap	fixed10	0	0	0	0	0	1	
Phaethon_lepturus|GCF_000687285.1|ITPR3.0	GCF_000687285.1	Phaethon lepturus	Aves	Phaethontiformes	ITPR3	0	found_annotated	fixed10	0	0	0	0	0	1	
Phaethon_lepturus|GCF_000687285.1|RYR.0	GCF_000687285.1	Phaethon lepturus	Aves	Phaethontiformes	RYR	0	found_annotated	fixed10	1	1	0	1	1	1	AVEN
Cariama_cristata|GCF_000690535.1|ITPR1.0	GCF_000690535.1	Cariama cristata	Aves	Cariamiformes	ITPR1	0	found_annotated	fixed10	0	0	0	0	0	1	
Cariama_cristata|GCF_000690535.1|ITPR3.0	GCF_000690535.1	Cariama cristata	Aves	Cariamiformes	ITPR3	0	found_annotated	fixed10	1	1	0	0	0	1	
Cariama_cristata|GCF_000690535.1|RYR.0	GCF_000690535.1	Cariama cristata	Aves	Cariamiformes	RYR	0	assembly_gap	fixed10	0	0	0	0	0	1	
Cariama_cristata|GCF_000690535.1|RYR.1	GCF_000690535.1	Cariama cristata	Aves	Cariamiformes	RYR	1	assembly_gap	fixed10	0	0	0	0	0	0	
Cariama_cristata|GCF_000690535.1|RYR.2	GCF_000690535.1	Cariama cristata	Aves	Cariamiformes	RYR	2	assembly_gap	fixed10	1	1	0	1	1	0	AVEN
Eurypyga_helias|GCF_000690775.1|ITPR1.0	GCF_000690775.1	Eurypyga helias	Aves	Eurypygiformes	ITPR1	0	found_annotated	fixed10	0	0	0	0	0	1	
Eurypyga_helias|GCF_000690775.1|ITPR3.0	GCF_000690775.1	Eurypyga helias	Aves	Eurypygiformes	ITPR3	0	found_annotated	fixed10	0	0	0	0	0	1	
Eurypyga_helias|GCF_000690775.1|RYR.0	GCF_000690775.1	Eurypyga helias	Aves	Eurypygiformes	RYR	0	assembly_gap	fixed10	0	0	0	0	0	0	
Eurypyga_helias|GCF_000690775.1|RYR.1	GCF_000690775.1	Eurypyga helias	Aves	Eurypygiformes	RYR	1	assembly_gap	fixed10	0	0	0	0	0	1	
Eurypyga_helias|GCF_000690775.1|RYR.2	GCF_000690775.1	Eurypyga helias	Aves	Eurypygiformes	RYR	2	assembly_gap	fixed10	0	0	0	0	0	0	
Eurypyga_helias|GCF_000690775.1|RYR.3	GCF_000690775.1	Eurypyga helias	Aves	Eurypygiformes	RYR	3	assembly_gap	fixed10	0	0	0	0	0	0	
Eurypyga_helias|GCF_000690775.1|RYR.4	GCF_000690775.1	Eurypyga helias	Aves	Eurypygiformes	RYR	4	assembly_gap	fixed10	0	0	0	0	0	0	
Fulmarus_glacialis|GCF_000690835.1|ITPR1.0	GCF_000690835.1	Fulmarus glacialis	Aves	Procellariiformes	ITPR1	0	assembly_gap	fixed10	0	0	0	0	0	1	
Fulmarus_glacialis|GCF_000690835.1|ITPR1.1	GCF_000690835.1	Fulmarus glacialis	Aves	Procellariiformes	ITPR1	1	assembly_gap	fixed10	0	0	0	0	0	0	
Fulmarus_glacialis|GCF_000690835.1|ITPR2.0	GCF_000690835.1	Fulmarus glacialis	Aves	Procellariiformes	ITPR2	0	assembly_gap	fixed10	0	0	0	0	0	1	
Fulmarus_glacialis|GCF_000690835.1|ITPR3.0	GCF_000690835.1	Fulmarus glacialis	Aves	Procellariiformes	ITPR3	0	found_annotated	fixed10	1	0	1	0	0	1	
Fulmarus_glacialis|GCF_000690835.1|RYR.0	GCF_000690835.1	Fulmarus glacialis	Aves	Procellariiformes	RYR	0	assembly_gap	fixed10	0	0	0	0	0	1	
Fulmarus_glacialis|GCF_000690835.1|RYR.1	GCF_000690835.1	Fulmarus glacialis	Aves	Procellariiformes	RYR	1	assembly_gap	fixed10	0	0	0	0	0	0	
Fulmarus_glacialis|GCF_000690835.1|RYR.2	GCF_000690835.1	Fulmarus glacialis	Aves	Procellariiformes	RYR	2	assembly_gap	fixed10	0	0	0	0	0	0	
Merops_nubicus|GCF_000691845.1|ITPR1.0	GCF_000691845.1	Merops nubicus	Aves	Coraciiformes	ITPR1	0	assembly_gap	fixed10	0	0	0	0	0	1	
Merops_nubicus|GCF_000691845.1|ITPR1.1	GCF_000691845.1	Merops nubicus	Aves	Coraciiformes	ITPR1	1	assembly_gap	fixed10	0	0	0	0	0	0	
Merops_nubicus|GCF_000691845.1|ITPR1.2	GCF_000691845.1	Merops nubicus	Aves	Coraciiformes	ITPR1	2	assembly_gap	fixed10	0	0	0	0	0	0	
Merops_nubicus|GCF_000691845.1|ITPR2.0	GCF_000691845.1	Merops nubicus	Aves	Coraciiformes	ITPR2	0	assembly_gap	fixed10	0	0	0	0	0	1	
Merops_nubicus|GCF_000691845.1|ITPR2.1	GCF_000691845.1	Merops nubicus	Aves	Coraciiformes	ITPR2	1	assembly_gap	fixed10	1	0	1	1	1	0	SSPN
Merops_nubicus|GCF_000691845.1|ITPR3.0	GCF_000691845.1	Merops nubicus	Aves	Coraciiformes	ITPR3	0	assembly_gap	fixed10	1	1	0	0	0	1	
Merops_nubicus|GCF_000691845.1|ITPR3.1	GCF_000691845.1	Merops nubicus	Aves	Coraciiformes	ITPR3	1	assembly_gap	fixed10	0	0	0	0	0	0	
Merops_nubicus|GCF_000691845.1|RYR.0	GCF_000691845.1	Merops nubicus	Aves	Coraciiformes	RYR	0	found_annotated	fixed10	0	0	0	0	0	1	
Merops_nubicus|GCF_000691845.1|RYR.1	GCF_000691845.1	Merops nubicus	Aves	Coraciiformes	RYR	1	found_annotated	fixed10	1	0	1	1	1	0	AVEN
Corvus_brachyrhynchos|GCF_000691975.1|ITPR1.0	GCF_000691975.1	Corvus brachyrhynchos	Aves	Passeriformes	ITPR1	0	found_annotated	fixed10	17	7	10	16	16	1	ARL8B;BHLHE40;CAV3;CNTN4;CRBN;EDEM1;GRM7;IL5RA;LMCD1;LRRN1;OXTR;RAD18;SRGAP3;SUMF1;THUMPD3;TRNT1
Corvus_brachyrhynchos|GCF_000691975.1|ITPR2.0	GCF_000691975.1	Corvus brachyrhynchos	Aves	Passeriformes	ITPR2	0	found_annotated	fixed10	20	10	10	13	13	1	ARFGAP3;ARNTL2;ASUN;FGFR1OP2;KRAS;LYRM5;MED21;PPFIBP1;RASSF8;REP15;SSPN;STK38L;TM7SF3
Corvus_brachyrhynchos|GCF_000691975.1|ITPR3.0	GCF_000691975.1	Corvus brachyrhynchos	Aves	Passeriformes	ITPR3	0	found_annotated	fixed10	20	10	10	15	15	1	APOBEC2;BAK1;FOXP4;GRM4;HMGA1;IP6K3;LEMD2;MDFI;NFYA;NUDT3;OARD1;PACSIN1;TFEB;TREM2;TSPO2
Corvus_brachyrhynchos|GCF_000691975.1|RYR.0	GCF_000691975.1	Corvus brachyrhynchos	Aves	Passeriformes	RYR	0	found_annotated	fixed10	20	10	10	18	18	1	ARHGAP11A;AVEN;CHRM5;CUNH15ORF41;EIF2AK4;EMC7;FAM98B;FMN1;FSIP1;GPR176;GREM1;KATNBL1;MEIS2;RASGRP1;SCG5;SPRED1;SRP14;THBS1
Corvus_brachyrhynchos|GCF_000691975.1|RYR.1	GCF_000691975.1	Corvus brachyrhynchos	Aves	Passeriformes	RYR	1	found_annotated	fixed10	10	0	10	10	10	0	ACTN2;EDARADD;ERO1B;GNG4;GPR137B;HEATR1;LGALS8;LYST;MTR;NID1
Mesitornis_unicolor|GCF_000695765.1|ITPR1.0	GCF_000695765.1	Mesitornis unicolor	Aves	Mesitornithiformes	ITPR1	0	found_annotated	fixed10	0	0	0	0	0	1	
Mesitornis_unicolor|GCF_000695765.1|ITPR2.0	GCF_000695765.1	Mesitornis unicolor	Aves	Mesitornithiformes	ITPR2	0	fragment	fixed10	0	0	0	0	0	1	
Mesitornis_unicolor|GCF_000695765.1|ITPR3.0	GCF_000695765.1	Mesitornis unicolor	Aves	Mesitornithiformes	ITPR3	0	found_annotated	fixed10	0	0	0	0	0	1	
Mesitornis_unicolor|GCF_000695765.1|RYR.0	GCF_000695765.1	Mesitornis unicolor	Aves	Mesitornithiformes	RYR	0	assembly_gap	fixed10	0	0	0	0	0	1	
Mesitornis_unicolor|GCF_000695765.1|RYR.1	GCF_000695765.1	Mesitornis unicolor	Aves	Mesitornithiformes	RYR	1	assembly_gap	fixed10	0	0	0	0	0	0	
Mesitornis_unicolor|GCF_000695765.1|RYR.2	GCF_000695765.1	Mesitornis unicolor	Aves	Mesitornithiformes	RYR	2	assembly_gap	fixed10	0	0	0	0	0	0	
Mesitornis_unicolor|GCF_000695765.1|RYR.3	GCF_000695765.1	Mesitornis unicolor	Aves	Mesitornithiformes	RYR	3	assembly_gap	fixed10	0	0	0	0	0	0	
Mesitornis_unicolor|GCF_000695765.1|RYR.4	GCF_000695765.1	Mesitornis unicolor	Aves	Mesitornithiformes	RYR	4	assembly_gap	fixed10	0	0	0	0	0	0	
Mesitornis_unicolor|GCF_000695765.1|RYR.5	GCF_000695765.1	Mesitornis unicolor	Aves	Mesitornithiformes	RYR	5	assembly_gap	fixed10	0	0	0	0	0	0	
Acanthisitta_chloris|GCF_000695815.1|ITPR1.0	GCF_000695815.1	Acanthisitta chloris	Aves	Passeriformes	ITPR1	0	found_annotated	fixed10	0	0	0	0	0	1	
Acanthisitta_chloris|GCF_000695815.1|ITPR2.0	GCF_000695815.1	Acanthisitta chloris	Aves	Passeriformes	ITPR2	0	fragment	fixed10	0	0	0	0	0	1	
Acanthisitta_chloris|GCF_000695815.1|ITPR3.0	GCF_000695815.1	Acanthisitta chloris	Aves	Passeriformes	ITPR3	0	found_annotated	fixed10	0	0	0	0	0	1	
Acanthisitta_chloris|GCF_000695815.1|RYR.0	GCF_000695815.1	Acanthisitta chloris	Aves	Passeriformes	RYR	0	found_annotated	fixed10	0	0	0	0	0	1	
Nestor_notabilis|GCF_000696875.1|ITPR1.0	GCF_000696875.1	Nestor notabilis	Aves	Psittaciformes	ITPR1	0	found_annotated	fixed10	0	0	0	0	0	1	
Nestor_notabilis|GCF_000696875.1|ITPR2.0	GCF_000696875.1	Nestor notabilis	Aves	Psittaciformes	ITPR2	0	assembly_gap	fixed10	0	0	0	0	0	1	
Nestor_notabilis|GCF_000696875.1|ITPR3.0	GCF_000696875.1	Nestor notabilis	Aves	Psittaciformes	ITPR3	0	found_annotated	fixed10	1	1	0	0	0	1	
Nestor_notabilis|GCF_000696875.1|RYR.0	GCF_000696875.1	Nestor notabilis	Aves	Psittaciformes	RYR	0	assembly_gap	fixed10	1	1	0	1	1	1	AVEN
Nestor_notabilis|GCF_000696875.1|RYR.1	GCF_000696875.1	Nestor notabilis	Aves	Psittaciformes	RYR	1	assembly_gap	fixed10	0	0	0	0	0	0	
Nestor_notabilis|GCF_000696875.1|RYR.2	GCF_000696875.1	Nestor notabilis	Aves	Psittaciformes	RYR	2	assembly_gap	fixed10	0	0	0	0	0	0	
Nestor_notabilis|GCF_000696875.1|RYR.3	GCF_000696875.1	Nestor notabilis	Aves	Psittaciformes	RYR	3	assembly_gap	fixed10	0	0	0	0	0	0	
Nestor_notabilis|GCF_000696875.1|RYR.4	GCF_000696875.1	Nestor notabilis	Aves	Psittaciformes	RYR	4	assembly_gap	fixed10	0	0	0	0	0	0	
Struthio_camelus_australis|GCF_000698965.1|ITPR1.0	GCF_000698965.1	Struthio camelus australis	Aves	Struthioniformes	ITPR1	0	found_annotated	fixed10	10	0	10	8	7	1	CHL1;CNTN4;CNTN6;CRBN;IL5RA;LRRN1;SUMF1;TRNT1
Struthio_camelus_australis|GCF_000698965.1|ITPR2.0	GCF_000698965.1	Struthio camelus australis	Aves	Struthioniformes	ITPR2	0	found_annotated	fixed10	10	10	0	10	10	1	CASC1;CCDC155;GYS2;KRAS;LMNTD1;LRMP;LYRM5;RASSF8;SPX;SSPN
Struthio_camelus_australis|GCF_000698965.1|ITPR3.0	GCF_000698965.1	Struthio camelus australis	Aves	Struthioniformes	ITPR3	0	found_annotated	fixed10	19	9	10	11	11	1	APOBEC2;BAK1;NFYA;NUDT3;OARD1;PACSIN1;RPS10;SNRPC;TAF11;TSPO2;UHRF1BP1
Struthio_camelus_australis|GCF_000698965.1|RYR.0	GCF_000698965.1	Struthio camelus australis	Aves	Struthioniformes	RYR	0	found_annotated	fixed10	8	8	0	8	8	1	ACTN2;EDARADD;ERO1LB;GPR137B;HEATR1;LGALS8;MTR;NID1
Struthio_camelus_australis|GCF_000698965.1|RYR.1	GCF_000698965.1	Struthio camelus australis	Aves	Struthioniformes	RYR	1	found_annotated	fixed10	10	0	10	9	9	0	AVEN;CHRM5;EIF2AK4;EMC7;FSIP1;GPR176;KATNBL1;SRP14;THBS1
Pygoscelis_adeliae|GCF_000699105.1|ITPR1.0	GCF_000699105.1	Pygoscelis adeliae	Aves	Sphenisciformes	ITPR1	0	found_annotated	fixed10	12	3	9	11	10	1	ARL8B;BHLHE40;CHL1;CNTN4;CNTN6;CRBN;EDEM1;IL5RA;LRRN1;SUMF1;TRNT1
Pygoscelis_adeliae|GCF_000699105.1|ITPR2.0	GCF_000699105.1	Pygoscelis adeliae	Aves	Sphenisciformes	ITPR2	0	found_annotated	fixed10	20	10	10	17	17	1	ARNTL2;ASUN;CASC1;FGFR1OP2;GYS2;KCNJ8;KRAS;LDHB;LMNTD1;LRMP;LYRM5;MED21;RASSF8;REP15;SSPN;STK38L;TM7SF3
Pygoscelis_adeliae|GCF_000699105.1|ITPR3.0	GCF_000699105.1	Pygoscelis adeliae	Aves	Sphenisciformes	ITPR3	0	found_annotated	fixed10	20	10	10	15	15	1	APOBEC2;BAK1;FOXP4;GRM4;IP6K3;LEMD2;MDFI;MLN;NFYA;NUDT3;OARD1;PACSIN1;RPS10;TFEB;TSPO2
Pygoscelis_adeliae|GCF_000699105.1|RYR.0	GCF_000699105.1	Pygoscelis adeliae	Aves	Sphenisciformes	RYR	0	found_annotated	fixed10	17	7	10	17	17	0	ACTN2;CHRM3;EDARADD;ERO1LB;FMN2;GNG4;GPR137B;GREM2;HEATR1;LGALS8;LYST;MTR;NID1;OPN3;PIGM;RGS7;WDR64
Pygoscelis_adeliae|GCF_000699105.1|RYR.1	GCF_000699105.1	Pygoscelis adeliae	Aves	Sphenisciformes	RYR	1	found_annotated	fixed10	20	10	10	18	18	1	ARHGAP11A;AVEN;CHRM5;DPH6;EIF2AK4;EMC7;FAM98B;FMN1;FSIP1;GPR176;GREM1;KATNBL1;MEIS2;RASGRP1;SCG5;SPRED1;SRP14;THBS1
Aptenodytes_forsteri|GCF_000699145.1|ITPR1.0	GCF_000699145.1	Aptenodytes forsteri	Aves	Sphenisciformes	ITPR1	0	found_annotated	fixed10	18	8	10	16	15	1	ARL8B;BHLHE40;CAV3;CNTN4;CNTN6;CRBN;EDEM1;GRM7;IL5RA;LMCD1;LRRN1;OXTR;RAD18;SSUH2;SUMF1;TRNT1
Aptenodytes_forsteri|GCF_000699145.1|ITPR2.0	GCF_000699145.1	Aptenodytes forsteri	Aves	Sphenisciformes	ITPR2	0	found_annotated	fixed10	20	10	10	18	18	1	ARNTL2;ASUN;BHLHE41;CASC1;ETFRF1;FGFR1OP2;GYS2;KRAS;LDHB;LRMP;MED21;PPFIBP1;RASSF8;REP15;SPX;SSPN;STK38L;TM7SF3
Aptenodytes_forsteri|GCF_000699145.1|ITPR3.0	GCF_000699145.1	Aptenodytes forsteri	Aves	Sphenisciformes	ITPR3	0	found_annotated	fixed10	20	10	10	17	17	1	APOBEC2;BAK1;CUNH6ORF106;FOXP4;GRM4;HMGA1;MDFI;NFYA;NUDT3;OARD1;PACSIN1;RPS10;SNRPC;SPDEF;TAF11;TSPO2;UHRF1BP1
Aptenodytes_forsteri|GCF_000699145.1|RYR.0	GCF_000699145.1	Aptenodytes forsteri	Aves	Sphenisciformes	RYR	0	found_annotated	fixed10	10	10	0	9	9	0	CHRM3;EXO1;FMN2;GREM2;MAP1LC3C;OPN3;PIGM;RGS7;WDR64
Aptenodytes_forsteri|GCF_000699145.1|RYR.1	GCF_000699145.1	Aptenodytes forsteri	Aves	Sphenisciformes	RYR	1	found_annotated	fixed10	19	10	9	18	18	1	AVEN;CHRM5;COPS4;EIF2AK4;EMC7;ENOPH1;FSIP1;GPR176;HNRNPD;HNRNPDL;KATNBL1;LIN54;SCD5;SEC31A;SRP14;THAP9;THBS1;TMEM150C
Pterocles_gutturalis|GCF_000699245.1|ITPR1.0	GCF_000699245.1	Pterocles gutturalis	Aves	Pterocliformes	ITPR1	0	found_annotated	fixed10	0	0	0	0	0	1	
Pterocles_gutturalis|GCF_000699245.1|ITPR2.0	GCF_000699245.1	Pterocles gutturalis	Aves	Pterocliformes	ITPR2	0	fragment	fixed10	0	0	0	0	0	1	
Pterocles_gutturalis|GCF_000699245.1|ITPR3.0	GCF_000699245.1	Pterocles gutturalis	Aves	Pterocliformes	ITPR3	0	found_annotated	fixed10	1	1	0	0	0	1	
Pterocles_gutturalis|GCF_000699245.1|RYR.0	GCF_000699245.1	Pterocles gutturalis	Aves	Pterocliformes	RYR	0	found_annotated	fixed10	0	0	0	0	0	1	
Pterocles_gutturalis|GCF_000699245.1|RYR.1	GCF_000699245.1	Pterocles gutturalis	Aves	Pterocliformes	RYR	1	found_annotated	fixed10	0	0	0	0	0	0	
Antrostomus_carolinensis|GCF_000700745.2|ITPR1.0	GCF_000700745.2	Antrostomus carolinensis	Aves	Caprimulgiformes	ITPR1	0	found_annotated	fixed10	0	0	0	0	0	1	
Antrostomus_carolinensis|GCF_000700745.2|ITPR3.0	GCF_000700745.2	Antrostomus carolinensis	Aves	Caprimulgiformes	ITPR3	0	found_annotated	fixed10	1	0	1	1	1	1	UQCC2
Antrostomus_carolinensis|GCF_000700745.2|RYR.0	GCF_000700745.2	Antrostomus carolinensis	Aves	Caprimulgiformes	RYR	0	assembly_gap	fixed10	0	0	0	0	0	1	
Antrostomus_carolinensis|GCF_000700745.2|RYR.1	GCF_000700745.2	Antrostomus carolinensis	Aves	Caprimulgiformes	RYR	1	assembly_gap	fixed10	0	0	0	0	0	0	
Antrostomus_carolinensis|GCF_000700745.2|RYR.2	GCF_000700745.2	Antrostomus carolinensis	Aves	Caprimulgiformes	RYR	2	assembly_gap	fixed10	0	0	0	0	0	0	
Antrostomus_carolinensis|GCF_000700745.2|RYR.3	GCF_000700745.2	Antrostomus carolinensis	Aves	Caprimulgiformes	RYR	3	assembly_gap	fixed10	0	0	0	0	0	0	
Antrostomus_carolinensis|GCF_000700745.2|RYR.4	GCF_000700745.2	Antrostomus carolinensis	Aves	Caprimulgiformes	RYR	4	assembly_gap	fixed10	0	0	0	0	0	0	
Antrostomus_carolinensis|GCF_000700745.2|RYR.5	GCF_000700745.2	Antrostomus carolinensis	Aves	Caprimulgiformes	RYR	5	assembly_gap	fixed10	0	0	0	0	0	0	
Apaloderma_vittatum|GCF_000703405.1|ITPR3.0	GCF_000703405.1	Apaloderma vittatum	Aves	Trogoniformes	ITPR3	0	found_annotated	fixed10	1	0	1	0	0	1	
Apaloderma_vittatum|GCF_000703405.1|RYR.0	GCF_000703405.1	Apaloderma vittatum	Aves	Trogoniformes	RYR	0	assembly_gap	fixed10	0	0	0	0	0	0	
Apaloderma_vittatum|GCF_000703405.1|RYR.1	GCF_000703405.1	Apaloderma vittatum	Aves	Trogoniformes	RYR	1	assembly_gap	fixed10	1	1	0	1	1	1	AVEN
Apaloderma_vittatum|GCF_000703405.1|RYR.2	GCF_000703405.1	Apaloderma vittatum	Aves	Trogoniformes	RYR	2	assembly_gap	fixed10	0	0	0	0	0	0	
Apaloderma_vittatum|GCF_000703405.1|RYR.3	GCF_000703405.1	Apaloderma vittatum	Aves	Trogoniformes	RYR	3	assembly_gap	fixed10	0	0	0	0	0	0	
Apaloderma_vittatum|GCF_000703405.1|RYR.4	GCF_000703405.1	Apaloderma vittatum	Aves	Trogoniformes	RYR	4	assembly_gap	fixed10	0	0	0	0	0	0	
Apaloderma_vittatum|GCF_000703405.1|RYR.5	GCF_000703405.1	Apaloderma vittatum	Aves	Trogoniformes	RYR	5	assembly_gap	fixed10	0	0	0	0	0	0	
Tinamus_guttatus|GCF_000705375.1|ITPR1.0	GCF_000705375.1	Tinamus guttatus	Aves	Tinamiformes	ITPR1	0	found_annotated	fixed10	2	0	2	2	2	1	ARL8B;BHLHE40
Tinamus_guttatus|GCF_000705375.1|ITPR3.0	GCF_000705375.1	Tinamus guttatus	Aves	Tinamiformes	ITPR3	0	assembly_gap	fixed10	10	10	0	7	7	1	GRM4;HMGA1;IP6K3;LEMD2;MLN;PACSIN1;RPS10
Tinamus_guttatus|GCF_000705375.1|RYR.0	GCF_000705375.1	Tinamus guttatus	Aves	Tinamiformes	RYR	0	found_annotated	fixed10	0	0	0	0	0	1	
Tinamus_guttatus|GCF_000705375.1|RYR.1	GCF_000705375.1	Tinamus guttatus	Aves	Tinamiformes	RYR	1	found_annotated	fixed10	1	1	0	0	0	0	
Charadrius_vociferus|GCF_000708025.1|ITPR1.0	GCF_000708025.1	Charadrius vociferus	Aves	Charadriiformes	ITPR1	0	found_annotated	fixed10	19	9	10	18	17	1	ARL8B;BHLHE40;CAV3;CHL1;CNTN4;CNTN6;CRBN;EDEM1;GRM7;IL5RA;LMCD1;LRRN1;OXTR;RAD18;SRGAP3;SSUH2;SUMF1;TRNT1
Charadrius_vociferus|GCF_000708025.1|ITPR2.0	GCF_000708025.1	Charadrius vociferus	Aves	Charadriiformes	ITPR2	0	found_annotated	fixed10	20	10	10	17	17	1	ABCC9;ARNTL2;ASUN;CASC1;FGFR1OP2;GYS2;KCNJ8;KRAS;LDHB;LMNTD1;LRMP;LYRM5;MED21;RASSF8;REP15;STK38L;TM7SF3
Charadrius_vociferus|GCF_000708025.1|ITPR3.0	GCF_000708025.1	Charadrius vociferus	Aves	Charadriiformes	ITPR3	0	found_annotated	fixed10	20	10	10	16	16	1	ANKS1A;APOBEC2;BAK1;FOXP4;GRM4;HMGA1;MDFI;NFYA;OARD1;PACSIN1;SNRPC;SPDEF;TAF11;TFEB;TSPO2;UHRF1BP1
Charadrius_vociferus|GCF_000708025.1|RYR.0	GCF_000708025.1	Charadrius vociferus	Aves	Charadriiformes	RYR	0	found_annotated	fixed10	11	1	10	11	11	1	CHRM3;EXO1;FMN2;GREM2;MAP1LC3C;MTR;OPN3;PIGM;PLD5;RGS7;WDR64
Charadrius_vociferus|GCF_000708025.1|RYR.1	GCF_000708025.1	Charadrius vociferus	Aves	Charadriiformes	RYR	1	found_annotated	fixed10	10	0	10	9	9	0	ARHGAP11A;DPH6;FAM98B;FMN1;GREM1;MEIS2;RASGRP1;SCG5;SPRED1
Buceros_rhinoceros_silvestris|GCF_000710305.1|ITPR3.0	GCF_000710305.1	Buceros rhinoceros silvestris	Aves	Bucerotiformes	ITPR3	0	found_annotated	fixed10	1	0	1	0	0	1	
Buceros_rhinoceros_silvestris|GCF_000710305.1|RYR.0	GCF_000710305.1	Buceros rhinoceros silvestris	Aves	Bucerotiformes	RYR	0	found_annotated	fixed10	0	0	0	0	0	1	
Buceros_rhinoceros_silvestris|GCF_000710305.1|RYR.1	GCF_000710305.1	Buceros rhinoceros silvestris	Aves	Bucerotiformes	RYR	1	found_annotated	fixed10	0	0	0	0	0	0	
Chaetura_pelagica|GCF_000747805.2|ITPR1.0	GCF_000747805.2	Chaetura pelagica	Aves	Apodiformes	ITPR1	0	found_annotated	fixed10	18	8	10	17	16	1	ARL8B;BHLHE40;CAV3;CNTN4;CNTN6;CRBN;EDEM1;GRM7;IL5RA;LMCD1;LRRN1;OXTR;RAD18;SRGAP3;SUMF1;THUMPD3;TRNT1
Chaetura_pelagica|GCF_000747805.2|ITPR2.0	GCF_000747805.2	Chaetura pelagica	Aves	Apodiformes	ITPR2	0	found_annotated	fixed10	10	10	0	10	10	1	AICDA;ARNTL2;ASUN;FGFR1OP2;MED21;MFAP5;PPFIBP1;RIMKLB;STK38L;TM7SF3
Chaetura_pelagica|GCF_000747805.2|ITPR3.0	GCF_000747805.2	Chaetura pelagica	Aves	Apodiformes	ITPR3	0	found_annotated	fixed10	20	10	10	15	15	1	APOBEC2;BAK1;FOXP4;GRM4;HMGA1;IP6K3;LEMD2;MLN;NFYA;NUDT3;OARD1;PACSIN1;RPS10;SPDEF;TSPO2
Chaetura_pelagica|GCF_000747805.2|RYR.0	GCF_000747805.2	Chaetura pelagica	Aves	Apodiformes	RYR	0	found_annotated	fixed10	14	4	10	14	14	0	ACTN2;CHRM3;EDARADD;ERO1LB;FMN2;GNG4;GPR137B;GREM2;HEATR1;LGALS8;LYST;MTR;NID1;RGS7
Chaetura_pelagica|GCF_000747805.2|RYR.1	GCF_000747805.2	Chaetura pelagica	Aves	Apodiformes	RYR	1	found_annotated	fixed10	20	10	10	19	19	1	ARHGAP11A;AVEN;BMF;CHRM5;DPH6;EIF2AK4;EMC7;FAM98B;FMN1;FSIP1;GPR176;GREM1;KATNBL1;MEIS2;RASGRP1;SCG5;SPRED1;SRP14;THBS1
Manacus_vitellinus|GCF_001715985.3|ITPR1.0	GCF_001715985.3	Manacus vitellinus	Aves	Passeriformes	ITPR1	0	found_annotated	fixed10	20	10	10	16	15	1	ARL8B;BHLHE40;CAV3;CHL1;CNTN4;CNTN6;CRBN;EDEM1;GRM7;IL5RA;LMCD1;LRRN1;OXTR;RAD18;SUMF1;TRNT1
Manacus_vitellinus|GCF_001715985.3|ITPR2.0	GCF_001715985.3	Manacus vitellinus	Aves	Passeriformes	ITPR2	0	found_annotated	fixed10	20	10	10	19	19	1	ARNTL2;CASC1;ENDOU;ETFRF1;FGFR1OP2;GYS2;INTS13;KCNJ8;KRAS;LDHB;LRMP;MED21;PPFIBP1;RASSF8;REP15;SPX;SSPN;STK38L;TM7SF3
Manacus_vitellinus|GCF_001715985.3|ITPR3.0	GCF_001715985.3	Manacus vitellinus	Aves	Passeriformes	ITPR3	0	found_annotated	fixed10	20	10	10	14	14	1	APOBEC2;BAK1;FOXP4;HMGA1;IP6K3;LEMD2;MDFI;MLN;NFYA;OARD1;PACSIN1;SPDEF;TREML2;TSPO2
Manacus_vitellinus|GCF_001715985.3|RYR.0	GCF_001715985.3	Manacus vitellinus	Aves	Passeriformes	RYR	0	found_annotated	fixed10	19	10	9	17	17	0	ACTN2;CHRM3;EDARADD;ERO1B;EXO1;FMN2;GPR137B;GREM2;HEATR1;LGALS8;MAP1LC3C;MTR;NID1;OPN3;PIGM;RGS7;WDR64
Manacus_vitellinus|GCF_001715985.3|RYR.1	GCF_001715985.3	Manacus vitellinus	Aves	Passeriformes	RYR	1	found_annotated	fixed10	20	10	10	17	17	1	ARHGAP11A;BMF;CHRM5;CUNH15ORF41;EIF2AK4;EMC7;FAM98B;FSIP1;GPR176;GREM1;KATNBL1;MEIS2;RASGRP1;SCG5;SPRED1;SRP14;THBS1
Nothoprocta_perdicaria|GCF_003342845.1|ITPR1.0	GCF_003342845.1	Nothoprocta perdicaria	Aves	Tinamiformes	ITPR1	0	found_annotated	fixed10	20	10	10	18	18	1	APPL1;ARF4;ARL8B;ASB14;BHLHE40;CNTN4;CRBN;DENND6A;DNAH12;EDEM1;GRM7;IL5RA;LRRN1;MTCL1;PDE12;RAB12;SUMF1;TRNT1
Nothoprocta_perdicaria|GCF_003342845.1|ITPR2.0	GCF_003342845.1	Nothoprocta perdicaria	Aves	Tinamiformes	ITPR2	0	found_annotated	fixed10	8	8	0	8	8	1	BHLHE41;CASC1;ETFRF1;KRAS;LMNTD1;LRMP;RASSF8;SSPN
Nothoprocta_perdicaria|GCF_003342845.1|ITPR3.0	GCF_003342845.1	Nothoprocta perdicaria	Aves	Tinamiformes	ITPR3	0	found_annotated	fixed10	20	10	10	15	15	1	APOBEC2;BAK1;FOXP4;GRM4;HMGA1;IP6K3;LEMD2;MDFI;MLN;NFYA;OARD1;PACSIN1;RPS10;TFEB;TREM1
Nothoprocta_perdicaria|GCF_003342845.1|RYR.0	GCF_003342845.1	Nothoprocta perdicaria	Aves	Tinamiformes	RYR	0	found_annotated	fixed10	19	9	10	14	14	0	ACTN2;AFDN;DACT2;EDARADD;ERO1B;FRMD1;GPR137B;HEATR1;KIF25;LGALS8;MTR;NID1;TTLL2;UNC93A
Nothoprocta_perdicaria|GCF_003342845.1|RYR.1	GCF_003342845.1	Nothoprocta perdicaria	Aves	Tinamiformes	RYR	1	found_annotated	fixed10	20	10	10	17	17	1	ARHGAP11A;AVEN;BMF;CHRM5;EIF2AK4;EMC7;FAM98B;FSIP1;GPR176;GREM1;KATNBL1;MEIS2;RASGRP1;SCG5;SPRED1;SRP14;THBS1
Cricetulus_griseus|GCF_003668045.3|ITPR1.0	GCF_003668045.3	Cricetulus griseus	Mammalia	Rodentia	ITPR1	0	found_annotated	fixed10	20	10	10	16	16	1	ARL8B;BHLHE40;CAV3;CHL1;CNTN4;CRBN;EDEM1;GRM7;IL5RA;LMCD1;LRRN1;OXTR;RAD18;SSUH2;SUMF1;TRNT1
Cricetulus_griseus|GCF_003668045.3|ITPR2.0	GCF_003668045.3	Cricetulus griseus	Mammalia	Rodentia	ITPR2	0	found_annotated	fixed10	20	10	10	18	18	1	ARNTL2;BCAT1;BHLHE41;CFAP94;CUNH12ORF71;ETFRF1;FGFR1OP2;INTS13;IRAG2;KRAS;LMNTD1;MED21;PPFIBP1;RASSF8;SMCO2;SSPN;STK38L;TM7SF3
Cricetulus_griseus|GCF_003668045.3|ITPR3.0	GCF_003668045.3	Cricetulus griseus	Mammalia	Rodentia	ITPR3	0	found_annotated	fixed10	20	10	10	15	14	1	BAK1;CUTA;DAXX;GRM4;HMGA1;ILRUN;KIFC1;PACSIN1;PHF1;RPS10;SMIM29;SMIM40;SNRPC;SPDEF;ZBTB9
Cricetulus_griseus|GCF_003668045.3|RYR.0	GCF_003668045.3	Cricetulus griseus	Mammalia	Rodentia	RYR	0	found_annotated	fixed10	20	10	10	16	15	1	ACTN2;CHRM3;EDARADD;ERO1B;GPR137B;GTPBP4;HEATR1;IDI1;IDI2;LARP4B;LGALS8;LYST;MTR;WDR37;ZMYND11;ZP4
Cricetulus_griseus|GCF_003668045.3|RYR.1	GCF_003668045.3	Cricetulus griseus	Mammalia	Rodentia	RYR	1	found_annotated	fixed10	20	10	10	12	12	0	ACTN4;CAPN12;CATSPERG;ECH1;EIF3K;FAM98C;LGALS4;MAP4K1;PSMD8;RASGRP4;SPINT2;SPRED3
Cricetulus_griseus|GCF_003668045.3|RYR.2	GCF_003668045.3	Cricetulus griseus	Mammalia	Rodentia	RYR	2	found_annotated	fixed10	20	10	10	14	13	0	ACTC1;AQR;AVEN;CHRM5;EMC4;EMC7;FMN1;GJD2;GREM1;KATNBL1;NOP10;NUTM1;SLC12A6;ZNF770
Calypte_anna|GCF_003957555.1|ITPR1.0	GCF_003957555.1	Calypte anna	Aves	Apodiformes	ITPR1	0	found_annotated	fixed10	20	10	10	17	17	1	ARL8B;BHLHE40;CAV3;CHL1;CNTN4;CRBN;EDEM1;GRM7;IL5RA;LMCD1;LRRN1;OXTR;RAD18;SRGAP3;SUMF1;THUMPD3;TRNT1
Calypte_anna|GCF_003957555.1|ITPR2.0	GCF_003957555.1	Calypte anna	Aves	Apodiformes	ITPR2	0	found_annotated	fixed10	20	10	10	18	18	1	ARNTL2;BHLHE41;CASC1;ETFRF1;FGFR1OP2;GYS2;INTS13;KRAS;LDHB;LRMP;MED21;PPFIBP1;RASSF8;REP15;SPX;SSPN;STK38L;TM7SF3
Calypte_anna|GCF_003957555.1|ITPR3.0	GCF_003957555.1	Calypte anna	Aves	Apodiformes	ITPR3	0	found_annotated	fixed10	20	10	10	15	15	1	FOXP4;FRS3;GRM4;HMGA1;IP6K3;LEMD2;NFYA;NUDT3;PACSIN1;RPL10A;RPS10;SPDEF;TFEB;USP49;ZNF76
Calypte_anna|GCF_003957555.1|RYR.0	GCF_003957555.1	Calypte anna	Aves	Apodiformes	RYR	0	found_annotated	fixed10	20	10	10	18	18	1	ACTN2;CHRM3;EDARADD;ERO1B;EXO1;FMN2;GNG4;GPR137B;GREM2;HEATR1;LGALS8;LYST;MTR;NID1;OPN3;PIGM;RGS7;WDR64
Calypte_anna|GCF_003957555.1|RYR.1	GCF_003957555.1	Calypte anna	Aves	Apodiformes	RYR	1	found_annotated	fixed10	20	10	10	19	19	0	AVEN;BMF;C5AH15ORF41;CHRM5;DPH6;EIF2AK4;EMC7;FAM98B;FMN1;FSIP1;GPR176;GREM1;KATNBL1;MEIS2;RASGRP1;SPRED1;SRP14;THBS1;ZNF770
Ornithorhynchus_anatinus|GCF_004115215.2|ITPR1.0	GCF_004115215.2	Ornithorhynchus anatinus	Mammalia	Monotremata	ITPR1	0	found_annotated	fixed10	20	10	10	17	16	1	ARL8B;BHLHE40;CAV3;CHL1;CNTN4;CNTN6;CRBN;EDEM1;GRM7;IL5RA;LMCD1;LRRN1;OXTR;RAD18;SSUH2;SUMF1;TRNT1
Ornithorhynchus_anatinus|GCF_004115215.2|ITPR2.0	GCF_004115215.2	Ornithorhynchus anatinus	Mammalia	Monotremata	ITPR2	0	found_annotated	fixed10	20	10	10	19	19	1	BCAT1;BHLHE41;DNAI7;ETFRF1;FGFR1OP2;INTS13;IRAG2;KICS2;KRAS;LMNTD1;MED21;PPFIBP1;RASSF8;RPL18A;SOX5;SRGAP1;SSPN;STK38L;TM7SF3
Ornithorhynchus_anatinus|GCF_004115215.2|ITPR3.0	GCF_004115215.2	Ornithorhynchus anatinus	Mammalia	Monotremata	ITPR3	0	found_annotated	fixed10	20	10	10	19	18	1	APOBEC2;BAK1;GRM4;HMGA1;ILRUN;LEMD2;MLN;NFYA;NUDT3;OARD1;PACSIN1;RPS10;SCUBE3;SMIM29;SPDEF;TREM2;TREML1;TREML2;UNC5CL
Ornithorhynchus_anatinus|GCF_004115215.2|RYR.0	GCF_004115215.2	Ornithorhynchus anatinus	Mammalia	Monotremata	RYR	0	found_annotated	fixed10	20	10	10	19	19	1	ACTN2;B3GALNT2;CHRM3;ERO1B;FH;FMN2;GNG4;GPR137B;GREM2;HEATR1;KMO;LGALS8;LYST;MTR;NID1;PIGM;PLD5;RGS7;WDR64
Ornithorhynchus_anatinus|GCF_004115215.2|RYR.1	GCF_004115215.2	Ornithorhynchus anatinus	Mammalia	Monotremata	RYR	1	found_annotated	fixed10	20	10	10	15	15	0	ACTN4;CAPN12;CRX;DMAC2;ECH1;EIF3K;ERICH4;HNRNPL;KPTN;LGALS4;MAP4K1;NAPA;NOP53;SLC8A2;ZNF541
Ornithorhynchus_anatinus|GCF_004115215.2|RYR.2	GCF_004115215.2	Ornithorhynchus anatinus	Mammalia	Monotremata	RYR	2	found_annotated	fixed10	20	10	10	19	18	0	ACTC1;AQR;ARHGAP11A;CDIN1;CHRM5;DPH6;EMC4;EMC7;FMN1;GJD2;GREM1;KATNBL1;LPCAT4;MEIS2;NOP10;NUTM1;SCG5;SLC12A6;ZNF770
Pristis_pectinata|GCF_009764475.1|ITPR1.0	GCF_009764475.1	Pristis pectinata	Chondrichthyes	Rhinopristiformes	ITPR1	0	found_annotated	fixed10	20	10	10	14	14	1	APEH;ARL8B;BHLHE40;BORCS6;CAV3;EDEM1;LMCD1;OXTR;RAD18;RASSF1;SEMA3H;SETMAR;SUMF1;ZMYND10
Pristis_pectinata|GCF_009764475.1|ITPR2.0	GCF_009764475.1	Pristis pectinata	Chondrichthyes	Rhinopristiformes	ITPR2	0	found_annotated	fixed10	20	10	10	15	15	1	BCAT1;BHLHE41;CEP83;CRADD;DNAI7;EEA1;INTS13;LRMP;MRPL42;PLEKHG7;PLXNC1;RASSF8B;SOCS2;SSPN;UBE2N
Pristis_pectinata|GCF_009764475.1|ITPR3.0	GCF_009764475.1	Pristis pectinata	Chondrichthyes	Rhinopristiformes	ITPR3	0	found_annotated	fixed10	20	10	10	3	3	1	C20H6ORF89;SMIM29;UBE2T
Pristis_pectinata|GCF_009764475.1|RYR.0	GCF_009764475.1	Pristis pectinata	Chondrichthyes	Rhinopristiformes	RYR	0	found_annotated	fixed10	10	10	0	3	3	0	PSMD8;RASGRP4;SPRED3
Pristis_pectinata|GCF_009764475.1|RYR.1	GCF_009764475.1	Pristis pectinata	Chondrichthyes	Rhinopristiformes	RYR	1	found_annotated	fixed10	20	10	10	9	9	0	ADPGK2;FH;FMN2B;HEATR1;MOCS3;MTR;OPN3;PRKD3;QPCT
Pristis_pectinata|GCF_009764475.1|RYR.2	GCF_009764475.1	Pristis pectinata	Chondrichthyes	Rhinopristiformes	RYR	2	found_annotated	fixed10	20	10	10	16	16	1	AQR;ARG2;AVEN;CDIN1;CHRM5B;DPH6;EMC7B;FAM98B;FMN1;FSIP1;GPR176;GREM1A;KATNBL1;MEIS2A;SPRED1;THBS1B
Tauraco_erythrolophus|GCF_009769465.1|ITPR1.0	GCF_009769465.1	Tauraco erythrolophus	Aves	Musophagiformes	ITPR1	0	found_annotated	fixed10	20	10	10	18	17	1	ARL8B;BHLHE40;CAV3;CHL1;CNTN4;CNTN6;CRBN;EDEM1;GRM7;IL5RA;LMCD1;LRRN1;OXTR;RAD18;SRGAP3;SUMF1;THUMPD3;TRNT1
Tauraco_erythrolophus|GCF_009769465.1|ITPR2.0	GCF_009769465.1	Tauraco erythrolophus	Aves	Musophagiformes	ITPR2	0	found_annotated	fixed10	20	10	10	19	19	1	BHLHE41;BMAL2;CYB5R3;DNAI7;ETFRF1;FGFR1OP2;GYS2;INTS13;IRAG2;KRAS;LDHB;MED21;PPFIBP1;RASSF8;REP15;SPX;SSPN;STK38L;TM7SF3
Tauraco_erythrolophus|GCF_009769465.1|ITPR3.0	GCF_009769465.1	Tauraco erythrolophus	Aves	Musophagiformes	ITPR3	0	found_annotated	fixed10	20	10	10	16	16	1	APOBEC2;BAK1;FOXP4;GRM4;HMGA1;IP6K3;LEMD2;MDFI;MLN;NFYA;NUDT3;OARD1;RPS10;SMIM29;TSPO2;UQCC2
Tauraco_erythrolophus|GCF_009769465.1|RYR.0	GCF_009769465.1	Tauraco erythrolophus	Aves	Musophagiformes	RYR	0	found_annotated	fixed10	20	10	10	19	19	1	ACTN2;CHRM3;EDARADD;ERO1B;EXO1;FMN2;GNG4;GPR137B;GREM2;HEATR1;LGALS8;LYST;MAP1LC3C;MTR;NID1;OPN3;PIGM;RGS7;WDR64
Tauraco_erythrolophus|GCF_009769465.1|RYR.1	GCF_009769465.1	Tauraco erythrolophus	Aves	Musophagiformes	RYR	1	found_annotated	fixed10	20	10	10	17	17	0	ARHGAP11A;AVEN;CDIN1;CHRM5;EIF2AK4;EMC7;FMN1;FSIP1;GPR176;GREM1;KATNBL1;MEIS2;SCG5;SPRED1;SRP14;THBS1;TSLIG3B
Esox_lucius|GCF_011004845.1|ITPR1.0	GCF_011004845.1	Esox lucius	Actinopteri	Esociformes	ITPR1	0	found_annotated	fixed10	20	10	10	9	9	1	ATF1;DIP2B;DTX3L2;ESYT1B;NR1D4B;SLC4A8;SUMF1;TTLL3;ZC3H10
Esox_lucius|GCF_011004845.1|ITPR1.1	GCF_011004845.1	Esox lucius	Actinopteri	Esociformes	ITPR1	1	found_annotated	fixed10	20	10	10	18	18	0	ARL6IP5A;ARL8B;BHLHE40;CAMKV;COMT;EEVS;FOXP1B;FRMD4B;GRM6B;LRRN1;MDFIC2;MITF;MON1A;MST1R;SEMA3F;SETMAR;TRAIP;TRNT1
Esox_lucius|GCF_011004845.1|ITPR2.0	GCF_011004845.1	Esox lucius	Actinopteri	Esociformes	ITPR2	0	found_annotated	fixed10	20	10	10	16	16	1	ARNTL2;BANP;BHLHE41;CES2B;EEA1;FANCI;FBXO31;KRAS;NR1H4;NUDT4A;PLEKHG7;POLG;PPFIBP1B;SLC17A8;SSPN;UBE2N
Esox_lucius|GCF_011004845.1|ITPR3.0	GCF_011004845.1	Esox lucius	Actinopteri	Esociformes	ITPR3	0	found_annotated	fixed10	20	10	10	12	12	1	GPR37L1B;HM13;KLHDC8B;LAMB2;LAMB2L;MRGBP;NDRG3B;PHF20B;SLA2;SNX21;SULF2B;USP19
Esox_lucius|GCF_011004845.1|RYR.0	GCF_011004845.1	Esox lucius	Actinopteri	Esociformes	RYR	0	found_annotated	fixed10	20	10	10	10	10	1	ACADS;EXOC6;FH;FMN2B;GREM2B;HHEX;MTR;PSTK;REEP3B;RGS7B
Esox_lucius|GCF_011004845.1|RYR.1	GCF_011004845.1	Esox lucius	Actinopteri	Esociformes	RYR	1	found_annotated	fixed10	20	10	10	10	10	0	B9D2;CBR1L;EHD2A;GABRR3A;HHLA2A;HNRNPUL1L;NAPA;RSPH4A;SMS;SYMPK
Esox_lucius|GCF_011004845.1|RYR.2	GCF_011004845.1	Esox lucius	Actinopteri	Esociformes	RYR	2	found_annotated	fixed10	20	10	10	13	13	0	B3GNT2L;BCKDH;BICR;EXOSC5;HNRNPUL1;NAPA;OPA3;PPP1R13L;PPP5C;RASGRP4;TGFB1A;TMEM91;WDR62
Esox_lucius|GCF_011004845.1|RYR.3	GCF_011004845.1	Esox lucius	Actinopteri	Esociformes	RYR	3	found_annotated	fixed10	20	10	10	7	7	0	ACP7;ARHGAP11A;BMF1;CHRM5A;EIF2AK4;FSIP1;GREM1B
Esox_lucius|GCF_011004845.1|RYR.4	GCF_011004845.1	Esox lucius	Actinopteri	Esociformes	RYR	4	found_annotated	fixed10	20	10	10	12	12	0	ACOT20;ACTC1A;AVEN;CHRM5B;EMC7;GPR176;GREM1A;KATNBL1;PAPOL;SRSF5B;SUSD6;THBS1B
Esox_lucius|GCF_011004845.1|RYR.5	GCF_011004845.1	Esox lucius	Actinopteri	Esociformes	RYR	5	found_annotated	fixed10	20	10	10	12	12	0	ACTN2B;ANK3A;CCSER2A;CDK1;CHRM3A;ECD;FAM149B1;GRID1A;HTRA1A;NDNFL;SLC16A9A;WAPL
Balearica_regulorum_gibbericeps|GCF_011004875.1|ITPR1.0	GCF_011004875.1	Balearica regulorum gibbericeps	Aves	Gruiformes	ITPR1	0	found_annotated	fixed10	20	10	10	18	17	1	ARL8B;BHLHE40;CAV3;CHL1;CNTN3;CNTN6;CRBN;EDEM1;GRM7;IL5RA;LMCD1;LRRN1;OXTR;RAD18;SRGAP3;SSUH2;SUMF1;TRNT1
Balearica_regulorum_gibbericeps|GCF_011004875.1|ITPR2.0	GCF_011004875.1	Balearica regulorum gibbericeps	Aves	Gruiformes	ITPR2	0	found_annotated	fixed10	20	10	10	19	19	1	BHLHE41;BMAL2;CYB5R3;DNAI7;ETFRF1;FGFR1OP2;GYS2;INTS13;IRAG2;KRAS;LMNTD1;MED21;PPFIBP1;RASSF8;REP15;SPX;SSPN;STK38L;TM7SF3
Balearica_regulorum_gibbericeps|GCF_011004875.1|ITPR3.0	GCF_011004875.1	Balearica regulorum gibbericeps	Aves	Gruiformes	ITPR3	0	found_annotated	fixed10	20	10	10	17	17	1	APOBEC2;BAK1;FOXP4;GRM4;HMGA1;LEMD2;MDFI;MLN;NFYA;NUDT3;OARD1;PACSIN1;RPS10;SMIM29;SPDEF;TFEB;TSPO2
Balearica_regulorum_gibbericeps|GCF_011004875.1|RYR.0	GCF_011004875.1	Balearica regulorum gibbericeps	Aves	Gruiformes	RYR	0	found_annotated	fixed10	20	10	10	20	20	1	ACTN2;CHRM3;EDARADD;ERO1B;EXO1;FMN2;GNG4;GPR137B;GREM2;HEATR1;LGALS8;LYST;MAP1LC3C;MTR;NID1;OPN3;PIGM;PLD5;RGS7;WDR64
Balearica_regulorum_gibbericeps|GCF_011004875.1|RYR.1	GCF_011004875.1	Balearica regulorum gibbericeps	Aves	Gruiformes	RYR	1	found_annotated	fixed10	20	10	10	19	19	0	ARHGAP11A;AVEN;CDIN1;CHRM5;DPH6;EIF2AK4;EMC7;FAM98B;FMN1;FSIP1;GPR176;GREM1;KATNBL1;MEIS2;RASGRP1;SCG5;SPRED1;SRP14;THBS1
Megalops_cyprinoides|GCF_013368585.1|ITPR1.0	GCF_013368585.1	Megalops cyprinoides	Actinopteri	Elopiformes	ITPR1	0	found_annotated	fixed10	20	10	10	7	7	1	GHRL;PRKCD;RBM5;RFT1;SLC38A3B;SUMF1;TATDN2
Megalops_cyprinoides|GCF_013368585.1|ITPR1.1	GCF_013368585.1	Megalops cyprinoides	Actinopteri	Elopiformes	ITPR1	1	found_annotated	fixed10	20	10	10	12	12	0	ARL8B;BHLHE40;CAMKV;CCDC174;GNAI2A;INKA1A;MON1A;MST1R;SETMAR;SLC38A3A;TRNT1;VHL
Megalops_cyprinoides|GCF_013368585.1|ITPR2.0	GCF_013368585.1	Megalops cyprinoides	Actinopteri	Elopiformes	ITPR2	0	found_annotated	fixed10	20	10	10	7	7	1	ATP23;BHLHE41;INTS13;LRIG3;RASSF8B;RPAP3;SSPN
Megalops_cyprinoides|GCF_013368585.1|ITPR3.0	GCF_013368585.1	Megalops cyprinoides	Actinopteri	Elopiformes	ITPR3	0	found_annotated	fixed10	20	10	10	4	4	1	FKBP5;GPR37L1B;OARD1;SLC6A22
Megalops_cyprinoides|GCF_013368585.1|RYR.0	GCF_013368585.1	Megalops cyprinoides	Actinopteri	Elopiformes	RYR	0	found_annotated	fixed10	20	10	10	12	12	1	ARG1;DNAJC9;EXOC6;FH;FMN2B;GREM2B;HEATR1;HHEX;MTR;NUDT13;P4HA1A;RGS7B
Megalops_cyprinoides|GCF_013368585.1|RYR.1	GCF_013368585.1	Megalops cyprinoides	Actinopteri	Elopiformes	RYR	1	found_annotated	fixed10	20	10	10	5	5	0	B9D2;CBR1L;HNRNPUL1L;RSPH4A;SYMPK
Megalops_cyprinoides|GCF_013368585.1|RYR.2	GCF_013368585.1	Megalops cyprinoides	Actinopteri	Elopiformes	RYR	2	found_annotated	fixed10	20	10	10	12	12	0	ARRB1;B3GNT2L;BCKDH;BICR;EHD2B;EXOSC5;OPA3;PPP1R13L;PSMD8;RASGRP4;TMEM91;WDR62
Megalops_cyprinoides|GCF_013368585.1|RYR.3	GCF_013368585.1	Megalops cyprinoides	Actinopteri	Elopiformes	RYR	3	found_annotated	fixed10	20	10	10	10	10	0	ACP7;ARHGAP11A;BMF1;CHRM5A;EIF2AK4;FSIP1;GPR176;KATNBL1;SRSF5B;SUSD6
Megalops_cyprinoides|GCF_013368585.1|RYR.4	GCF_013368585.1	Megalops cyprinoides	Actinopteri	Elopiformes	RYR	4	found_annotated	fixed10	12	10	2	2	2	0	ACTC1A;AVEN
Nyctibius_grandis|GCF_013368605.1|ITPR1.0	GCF_013368605.1	Nyctibius grandis	Aves	Nyctibiiformes	ITPR1	0	found_annotated	fixed10	20	10	10	18	17	1	ARL8B;CAV3;CHL1;CNTN3;CNTN6;CRBN;EDEM1;GRM7;IL5RA;LMCD1;LRRN1;OXTR;RAD18;SRGAP3;SUMF1;THUMPD3;TRNT1;VHL
Nyctibius_grandis|GCF_013368605.1|ITPR2.0	GCF_013368605.1	Nyctibius grandis	Aves	Nyctibiiformes	ITPR2	0	found_annotated	fixed10	20	10	10	19	19	1	BHLHE41;BMAL2;CYB5R3;DNAI7;ETFRF1;FGFR1OP2;GYS2;INTS13;IRAG2;KRAS;LDHB;MED21;PPFIBP1;RASSF8;REP15;SPX;SSPN;STK38L;TM7SF3
Nyctibius_grandis|GCF_013368605.1|ITPR3.0	GCF_013368605.1	Nyctibius grandis	Aves	Nyctibiiformes	ITPR3	0	found_annotated	fixed10	20	10	10	16	16	1	APOBEC2;BAK1;FOXP4;GRM4;HMGA1;IP6K3;LEMD2;MDFI;MLN;NFYA;NUDT3;OARD1;RPS10;SMIM29;TSPO2;UQCC2
Nyctibius_grandis|GCF_013368605.1|RYR.0	GCF_013368605.1	Nyctibius grandis	Aves	Nyctibiiformes	RYR	0	found_annotated	fixed10	20	10	10	20	20	1	ACTN2;CHRM3;EDARADD;ERO1B;EXO1;FMN2;GNG4;GPR137B;GREM2;HEATR1;LGALS8;LYST;MAP1LC3C;MTR;NID1;OPN3;PIGM;PLD5;RGS7;WDR64
Nyctibius_grandis|GCF_013368605.1|RYR.1	GCF_013368605.1	Nyctibius grandis	Aves	Nyctibiiformes	RYR	1	found_annotated	fixed10	20	10	10	18	18	0	ARHGAP11A;AVEN;CDIN1;CHRM5;EIF2AK4;EMC7;FAM98B;FMN1;FSIP1;GPR176;GREM1;KATNBL1;MEIS2;RASGRP1;SCG5;SPRED1;SRP14;THBS1
Dryobates_pubescens|GCF_014839835.1|ITPR1.0	GCF_014839835.1	Dryobates pubescens	Aves	Piciformes	ITPR1	0	found_annotated	fixed10	20	10	10	16	16	1	ARL8B;BHLHE40;CAV3;CHL1;CRBN;EDEM1;GRM7;IL5RA;LMCD1;LRRN1;OXTR;RAD18;SRGAP3;SUMF1;THUMPD3;TRNT1
Dryobates_pubescens|GCF_014839835.1|ITPR2.0	GCF_014839835.1	Dryobates pubescens	Aves	Piciformes	ITPR2	0	found_annotated	fixed10	12	2	10	12	12	1	BHLHE41;ETFRF1;FGD6;FGFR1OP2;INTS13;KRAS;MGAT4C;NR2C1;RASSF8;RLIG1;SSPN;VEZT
Dryobates_pubescens|GCF_014839835.1|ITPR3.0	GCF_014839835.1	Dryobates pubescens	Aves	Piciformes	ITPR3	0	found_annotated	fixed10	20	10	10	17	17	1	APOBEC2;BAK1;FOXP4;GRM4;HMGA1;IP6K3;LEMD2;MDFI;NFYA;NUDT3;OARD1;PACSIN1;RPS10;SMIM29;SPDEF;TFEB;TSPO2
Dryobates_pubescens|GCF_014839835.1|RYR.0	GCF_014839835.1	Dryobates pubescens	Aves	Piciformes	RYR	0	found_annotated	fixed10	20	10	10	19	19	1	ACTN2;CHRM3;EDARADD;ERO1B;EXO1;FMN2;GNG4;GPR137B;GREM2;HEATR1;LGALS8;LYST;MAP1LC3C;MTR;NID1;OPN3;PIGM;PLD5;RGS7
Dryobates_pubescens|GCF_014839835.1|RYR.1	GCF_014839835.1	Dryobates pubescens	Aves	Piciformes	RYR	1	found_annotated	fixed10	20	10	10	18	18	0	ARHGAP11A;AVEN;CDIN1;CHRM5;EIF2AK4;EMC7;FAM98B;FMN1;FSIP1;GPR176;GREM1;KATNBL1;MEIS2;RASGRP1;SCG5;SPRED1;SRP14;THBS1
Gracilinanus_agilis|GCF_016433145.1|ITPR1.0	GCF_016433145.1	Gracilinanus agilis	Mammalia	Didelphimorphia	ITPR1	0	found_annotated	fixed10	20	10	10	15	15	1	ARL8B;CAV3;CHL1;CRBN;EDEM1;GRM7;IL5RA;LMCD1;LRRN1;OXTR;RAD18;SRGAP3;SSUH2;SUMF1;TRNT1
Gracilinanus_agilis|GCF_016433145.1|ITPR2.0	GCF_016433145.1	Gracilinanus agilis	Mammalia	Didelphimorphia	ITPR2	0	found_annotated	fixed10	20	10	10	19	19	1	ARNTL2;BCAT1;BHLHE41;DNAI7;ETFRF1;FGFR1OP2;INTS13;IRAG2;KRAS;LMNTD1;MED21;PFKFB3;PRKCQ;RASSF8;RBM17;SOX5;SSPN;STK38L;TM7SF3
Gracilinanus_agilis|GCF_016433145.1|ITPR3.0	GCF_016433145.1	Gracilinanus agilis	Mammalia	Didelphimorphia	ITPR3	0	found_annotated	fixed10	20	10	10	17	16	1	BAK1;CUTA;GRM4;HMGA1;IP6K3;KIFC1;LEMD2;NUDT3;PFDN6;PHF1;RGL2;RPS10;SMIM29;SMIM40;SPDEF;SYNGAP1;WDR46
Gracilinanus_agilis|GCF_016433145.1|RYR.0	GCF_016433145.1	Gracilinanus agilis	Mammalia	Didelphimorphia	RYR	0	found_annotated	fixed10	20	10	10	19	19	1	ACTN2;CHRM3;EDARADD;ERO1B;EXO1;FH;FMN2;GPR137B;GREM2;HEATR1;KMO;LGALS8;LYST;MTR;NID1;OPN3;RGS7;WDR64;ZP4
Gracilinanus_agilis|GCF_016433145.1|RYR.1	GCF_016433145.1	Gracilinanus agilis	Mammalia	Didelphimorphia	RYR	1	found_annotated	fixed10	20	10	10	19	18	0	ACTN4;C3H19ORF33;CAPN12;CATSPERG;ECH1;EIF3K;FAM98C;HNRNPL;KCNK6;LGALS4;LGALS7;MAP4K1;PPP1R14A;PSMD8;RASGRP4;RINL;SIRT2;SPINT2;YIF1B
Gracilinanus_agilis|GCF_016433145.1|RYR.2	GCF_016433145.1	Gracilinanus agilis	Mammalia	Didelphimorphia	RYR	2	found_annotated	fixed10	20	10	10	16	15	0	ACTC1;AQR;ARHGAP11A;AVEN;CHRM5;EMC4;EMC7;FMN1;GJD2;GREM1;KATNBL1;LPCAT4;NOP10;NUTM1;SLC12A6;ZNF770
Gallus_gallus|GCF_016699485.2|ITPR1.0	GCF_016699485.2	Gallus gallus	Aves	Galliformes	ITPR1	0	found_annotated	fixed10	20	10	10	19	18	1	ARL8B;BHLHE40;CAV3;CHL1;CNTN4;CNTN6;CRBN;EDEM1;GRM7;IL5RA;LMCD1;LRRN1;OXTR;RAD18;SETMAR;SRGAP3;SUMF1;THUMPD3;TRNT1
Gallus_gallus|GCF_016699485.2|ITPR2.0	GCF_016699485.2	Gallus gallus	Aves	Galliformes	ITPR2	0	found_annotated	fixed10	20	10	10	17	17	1	ARNTL2;BHLHE41;CYB5R1;DNAI7;ENDOUL;ETFRF1;FGFR1OP2;INTS13;IRAG2;KRAS;MED21;PPFIBP1;RASSF8;SPX;SSPN;STK38L;TM7SF3
Gallus_gallus|GCF_016699485.2|ITPR3.0	GCF_016699485.2	Gallus gallus	Aves	Galliformes	ITPR3	0	found_annotated	fixed10	20	10	10	19	18	1	APOBEC2;BAK1;C6ORF106;FOXP4;GRM4;HMGA1;MLN;NFYA;NUDT3;OARD1;OPN1MSW;PACSIN1;RPS10;SNRPC;SPDEF;TREM2;TREMB1;TREMB2;TSPO2
Gallus_gallus|GCF_016699485.2|RYR.0	GCF_016699485.2	Gallus gallus	Aves	Galliformes	RYR	0	found_annotated	fixed10	20	10	10	18	18	1	ACTN2;CHRM3;EDARADD;ERO1B;EXO1;FMN2;GNG4;GPR137B;GREM2;HEATR1;LGALS8;LYST;MTR;NID1;OPN3;PIGM;RGS7;WDR64
Gallus_gallus|GCF_016699485.2|RYR.1	GCF_016699485.2	Gallus gallus	Aves	Galliformes	RYR	1	found_annotated	fixed10	20	10	10	14	14	0	ACTN4;BICRA;ECH1;EIF3K;GLTSCR2;KPTN;MRPS12;NAPA;NFKBIB;PAK4;SARS2;SELENOW;SIRT2;ZNF541
Gallus_gallus|GCF_016699485.2|RYR.2	GCF_016699485.2	Gallus gallus	Aves	Galliformes	RYR	2	found_annotated	fixed10	20	10	10	17	17	0	ARHGAP11B;AVEN;BMF;CHRM5;EIF2AK4;EMC7;FAM98B;FMN1;FSIP1;GREM1;KATNBL1;MEIS2;RASGRP1;SCG5;SPRED1;SRP14;THBS1
Xiphias_gladius|GCF_016859285.1|ITPR1.0	GCF_016859285.1	Xiphias gladius	Actinopteri	Istiophoriformes	ITPR1	0	found_annotated	fixed10	20	10	10	10	10	1	ATF1;ATF7B;DIP2B;ESYT1B;FAIM2B;SCN8A;SLC4A8;SUMF1;TTLL3;ZC3H10
Xiphias_gladius|GCF_016859285.1|ITPR1.1	GCF_016859285.1	Xiphias gladius	Actinopteri	Istiophoriformes	ITPR1	1	found_annotated	fixed10	20	10	10	14	14	0	ARL6IP5A;ARL8B;BHLHE40;EEVS;FRMD4B;GRM6B;LRRN1;MDFIC2;MITF;MON1A;MST1R;SEMA3F;SETMAR;TRNT1
Xiphias_gladius|GCF_016859285.1|ITPR2.0	GCF_016859285.1	Xiphias gladius	Actinopteri	Istiophoriformes	ITPR2	0	found_annotated	fixed10	20	10	10	16	16	1	ARNTL2;BHLHE41;C1QTNF13;CES2B;EEA1;FBXO31;GDPGP1;KRAS;NR1H4;NUDT4A;PLEKHG7;PPFIBP1B;RHCG;SLC17A8;SSPN;UBE2N
Xiphias_gladius|GCF_016859285.1|ITPR3.0	GCF_016859285.1	Xiphias gladius	Actinopteri	Istiophoriformes	ITPR3	0	found_annotated	fixed10	20	10	10	12	12	1	BCAP31;CCDC135;EDEM2;GPR37L1B;GRIPAP1;HM13;KCND1;PLXNA3;PTPN18;SLC6A8;SNX21;SULF2B
Xiphias_gladius|GCF_016859285.1|RYR.0	GCF_016859285.1	Xiphias gladius	Actinopteri	Istiophoriformes	RYR	0	found_annotated	fixed10	8	0	8	3	3	0	ACBD4;ADGRA1A;ARHGAP23B
Xiphias_gladius|GCF_016859285.1|RYR.1	GCF_016859285.1	Xiphias gladius	Actinopteri	Istiophoriformes	RYR	1	found_annotated	fixed10	20	10	10	13	13	1	B3GNT2L;BCKDH;BICR;EXOSC5;GIPR;HNRNPUL1;NAPA;OPA3;PPP1R13L;PPP5C;RASGRP4;TGFB1A;TMEM91
Xiphias_gladius|GCF_016859285.1|RYR.2	GCF_016859285.1	Xiphias gladius	Actinopteri	Istiophoriformes	RYR	2	found_annotated	fixed10	20	10	10	13	13	0	BRD8A;CXXC5A;DNAJC18;GABRR3A;GNG8;NFRK;NRG2A;PCYT1B;PHLDB2A;PPP3C;PURA;SMS;TMEM45B
Xiphias_gladius|GCF_016859285.1|RYR.3	GCF_016859285.1	Xiphias gladius	Actinopteri	Istiophoriformes	RYR	3	found_annotated	fixed10	20	10	10	8	8	0	ACP7;ARHGAP11A;CHRM5A;CRIM1;EIF2AK4;FSIP1;GCHFR;GREM1B
Xiphias_gladius|GCF_016859285.1|RYR.4	GCF_016859285.1	Xiphias gladius	Actinopteri	Istiophoriformes	RYR	4	found_annotated	fixed10	20	10	10	17	17	0	ABRACL;ACOT20;ACTC1A;AVEN;CHRM5B;CLU;EMC7B;GPR176;GREM1A;HECA;KATNBL1;REPS1;SCARA3;SLC10A1;SRSF5B;SUSD6;THBS1B
Xiphias_gladius|GCF_016859285.1|RYR.5	GCF_016859285.1	Xiphias gladius	Actinopteri	Istiophoriformes	RYR	5	found_annotated	fixed10	20	10	10	10	10	0	ACTN2B;CCSER2A;CHRM3A;ECD;FAM149B1;GREM2A;NDNFL;P4HA1B;PHYHIPL;RGS7A
Carcharodon_carcharias|GCF_017639515.1|ITPR1.0	GCF_017639515.1	Carcharodon carcharias	Chondrichthyes	Lamniformes	ITPR1	0	found_annotated	fixed10	20	10	10	14	14	1	APEH;ARL8B;BHLHE40;BORCS6;CAV3;EDEM1;LMCD1;OXTR;RAD18;RASSF1;SEMA3H;SETMAR;SUMF1;ZMYND10
Carcharodon_carcharias|GCF_017639515.1|ITPR2.0	GCF_017639515.1	Carcharodon carcharias	Chondrichthyes	Lamniformes	ITPR2	0	found_annotated	fixed10	20	10	10	11	11	1	BHLHE41;CEP83;CRADD;DNAI7;EEA1;INTS13;MRPL42;PLEKHG7;RASSF8B;SOCS2;SSPN
Carcharodon_carcharias|GCF_017639515.1|ITPR3.0	GCF_017639515.1	Carcharodon carcharias	Chondrichthyes	Lamniformes	ITPR3	0	found_annotated	fixed10	20	10	10	3	3	1	C9H6ORF89;SMIM29;UBE2T
Carcharodon_carcharias|GCF_017639515.1|RYR.0	GCF_017639515.1	Carcharodon carcharias	Chondrichthyes	Lamniformes	RYR	0	found_annotated	fixed10	20	10	10	3	3	0	MED29;PAF1;PSMD8
Carcharodon_carcharias|GCF_017639515.1|RYR.1	GCF_017639515.1	Carcharodon carcharias	Chondrichthyes	Lamniformes	RYR	1	found_annotated	fixed10	20	10	10	10	10	1	ADPGK2;FH;FMN2B;GREM2B;HEATR1;MOCS3;MTR;NDUFAF7;OPN3;PRKD3
Carcharodon_carcharias|GCF_017639515.1|RYR.2	GCF_017639515.1	Carcharodon carcharias	Chondrichthyes	Lamniformes	RYR	2	found_annotated	fixed10	20	10	10	13	13	0	AVEN;CDIN1;CHRM5B;EMC7B;FAM98B;FMN1;FSIP1;GPR176;GREM1A;KATNBL1;MEIS2A;SPRED1;THBS1B
Polyodon_spathula|GCF_017654505.1|ITPR1.0	GCF_017654505.1	Polyodon spathula	Actinopteri	Acipenseriformes	ITPR1	0	found_annotated	fixed10	20	10	10	1	1	0	VHL
Polyodon_spathula|GCF_017654505.1|ITPR1.1	GCF_017654505.1	Polyodon spathula	Actinopteri	Acipenseriformes	ITPR1	1	found_annotated	fixed10	20	10	10	1	1	1	SETMAR
Polyodon_spathula|GCF_017654505.1|ITPR2.0	GCF_017654505.1	Polyodon spathula	Actinopteri	Acipenseriformes	ITPR2	0	found_annotated	fixed10	20	10	10	3	3	1	BHLHE41;DNAI7;SSPN
Polyodon_spathula|GCF_017654505.1|ITPR2.1	GCF_017654505.1	Polyodon spathula	Actinopteri	Acipenseriformes	ITPR2	1	found_annotated	fixed10	20	10	10	0	0	0	
Polyodon_spathula|GCF_017654505.1|ITPR3.0	GCF_017654505.1	Polyodon spathula	Actinopteri	Acipenseriformes	ITPR3	0	found_annotated	fixed10	20	10	10	4	4	1	C39H6ORF89;ELF3;PTH4;SRSF3B
Polyodon_spathula|GCF_017654505.1|ITPR3.1	GCF_017654505.1	Polyodon spathula	Actinopteri	Acipenseriformes	ITPR3	1	found_annotated	fixed10	20	10	10	0	0	0	
Polyodon_spathula|GCF_017654505.1|RYR.0	GCF_017654505.1	Polyodon spathula	Actinopteri	Acipenseriformes	RYR	0	found_annotated	fixed10	20	10	10	3	3	1	FMN2B;HEATR1;MTR
Polyodon_spathula|GCF_017654505.1|RYR.1	GCF_017654505.1	Polyodon spathula	Actinopteri	Acipenseriformes	RYR	1	found_annotated	fixed10	20	10	10	7	7	0	ARG1;CDC42EP3;EDARADD;LTBP1;OPN3;POLR1B;TTC27
Polyodon_spathula|GCF_017654505.1|RYR.2	GCF_017654505.1	Polyodon spathula	Actinopteri	Acipenseriformes	RYR	2	found_annotated	fixed10	20	10	10	2	2	0	B9D2;SAE1
Polyodon_spathula|GCF_017654505.1|RYR.3	GCF_017654505.1	Polyodon spathula	Actinopteri	Acipenseriformes	RYR	3	found_annotated	fixed10	20	10	10	2	2	0	CCDC97;NCCRP1
Polyodon_spathula|GCF_017654505.1|RYR.4	GCF_017654505.1	Polyodon spathula	Actinopteri	Acipenseriformes	RYR	4	found_annotated	fixed10	20	10	10	4	4	0	ACTC1A;ARHGAP11A;AVEN;FSIP1
Polyodon_spathula|GCF_017654505.1|RYR.5	GCF_017654505.1	Polyodon spathula	Actinopteri	Acipenseriformes	RYR	5	found_annotated	fixed10	20	10	10	1	1	0	EIF2AK4
Cuculus_canorus|GCF_017976375.1|ITPR1.0	GCF_017976375.1	Cuculus canorus	Aves	Cuculiformes	ITPR1	0	found_annotated	fixed10	20	10	10	16	16	1	ARL8B;CAV3;CHL1;CRBN;EDEM1;GRM7;IL5RA;LMCD1;LRRN1;OXTR;RAD18;SRGAP3;SSUH2;SUMF1;THUMPD3;TRNT1
Cuculus_canorus|GCF_017976375.1|ITPR2.0	GCF_017976375.1	Cuculus canorus	Aves	Cuculiformes	ITPR2	0	found_annotated	fixed10	20	10	10	17	17	1	BHLHE41;BMAL2;DNAI7;ETFRF1;FGFR1OP2;GYS2;INTS13;IRAG2;KRAS;MED21;PPFIBP1;RASSF8;REP15;SPX;SSPN;STK38L;TM7SF3
Cuculus_canorus|GCF_017976375.1|ITPR3.0	GCF_017976375.1	Cuculus canorus	Aves	Cuculiformes	ITPR3	0	found_annotated	fixed10	20	10	10	13	13	1	APOBEC2;BAK1;FOXP4;GRM4;HMGA1;IP6K3;LEMD2;MDFI;MLN;NUDT3;OARD1;RPS10;SMIM29
Cuculus_canorus|GCF_017976375.1|RYR.0	GCF_017976375.1	Cuculus canorus	Aves	Cuculiformes	RYR	0	found_annotated	fixed10	20	10	10	19	19	1	ACTN2;CHRM3;EDARADD;ERO1B;EXO1;FMN2;GNG4;GPR137B;GREM2;HEATR1;LGALS8;LYST;MAP1LC3C;MTR;NID1;OPN3;PIGM;RGS7;WDR64
Cuculus_canorus|GCF_017976375.1|RYR.1	GCF_017976375.1	Cuculus canorus	Aves	Cuculiformes	RYR	1	found_annotated	fixed10	20	10	10	17	17	0	ACTN4;B9D2;BCKDHA;CCDC97;COQ8B;ECH1;EIF3K;EXOSC5;HNRNPL;HNRNPUL1;MRPS12;NFKBIB;PAK4;SARS2;SIRT2;SNRPA;TGFB1
Cuculus_canorus|GCF_017976375.1|RYR.2	GCF_017976375.1	Cuculus canorus	Aves	Cuculiformes	RYR	2	found_annotated	fixed10	20	10	10	19	19	0	ARHGAP11A;AVEN;CDIN1;CHRM5;DPH6;EIF2AK4;EMC7;FAM98B;FMN1;FSIP1;GPR176;GREM1;KATNBL1;MEIS2;RASGRP1;SCG5;SPRED1;SRP14;THBS1
Gymnogyps_californianus|GCF_018139145.2|ITPR1.0	GCF_018139145.2	Gymnogyps californianus	Aves	Accipitriformes	ITPR1	0	found_annotated	fixed10	20	10	10	17	17	1	ARL8B;BHLHE40;CAV3;CHL1;CNTN3;CRBN;EDEM1;GRM7;IL5RA;LMCD1;LRRN1;OXTR;RAD18;SRGAP3;SSUH2;SUMF1;TRNT1
Gymnogyps_californianus|GCF_018139145.2|ITPR2.0	GCF_018139145.2	Gymnogyps californianus	Aves	Accipitriformes	ITPR2	0	found_annotated	fixed10	20	10	10	18	18	1	BHLHE41;BMAL2;DNAI7;ETFRF1;FGFR1OP2;GYS2;INTS13;IRAG2;KRAS;LDHB;MED21;PPFIBP1;RASSF8;REP15;SPX;SSPN;STK38L;TM7SF3
Gymnogyps_californianus|GCF_018139145.2|ITPR3.0	GCF_018139145.2	Gymnogyps californianus	Aves	Accipitriformes	ITPR3	0	found_annotated	fixed10	20	10	10	16	16	1	APOBEC2;BAK1;FOXP4;GRM4;HMGA1;IP6K3;LEMD2;MDFI;MLN;NFYA;NUDT3;OARD1;RPS10;SMIM29;TFEB;TSPO2
Gymnogyps_californianus|GCF_018139145.2|RYR.0	GCF_018139145.2	Gymnogyps californianus	Aves	Accipitriformes	RYR	0	found_annotated	fixed10	20	10	10	20	20	1	ACTN2;CEP170;CHRM3;EDARADD;ERO1B;EXO1;FMN2;GNG4;GPR137B;GREM2;HEATR1;LGALS8;LYST;MAP1LC3C;MTR;NID1;OPN3;PIGM;PLD5;RGS7
Gymnogyps_californianus|GCF_018139145.2|RYR.1	GCF_018139145.2	Gymnogyps californianus	Aves	Accipitriformes	RYR	1	found_annotated	fixed10	20	10	10	18	18	0	ARHGAP11A;AVEN;CDIN1;CHRM5;EIF2AK4;EMC7;FAM98B;FMN1;FSIP1;GPR176;GREM1;KATNBL1;MEIS2;RASGRP1;SCG5;SPRED1;SRP14;THBS1
Cheilinus_undulatus|GCF_018320785.1|ITPR1.0	GCF_018320785.1	Cheilinus undulatus	Actinopteri	Labriformes	ITPR1	0	found_annotated	fixed10	20	10	10	9	9	1	ATF1;DIP2B;ESYT1B;RBMS2A;SCN8A;SLC4A8;SUMF1;TTLL3;ZC3H10
Cheilinus_undulatus|GCF_018320785.1|ITPR1.1	GCF_018320785.1	Cheilinus undulatus	Actinopteri	Labriformes	ITPR1	1	found_annotated	fixed10	20	10	10	16	16	0	ARL6IP5A;ARL8B;BHLHE40;CAMKV;COMT;EEVS;FRMD4B;GRM6B;LRRN1;MDFIC2;MITF;MON1A;MST1R;SEMA3F;SETMAR;TRNT1
Cheilinus_undulatus|GCF_018320785.1|ITPR2.0	GCF_018320785.1	Cheilinus undulatus	Actinopteri	Labriformes	ITPR2	0	found_annotated	fixed10	20	10	10	15	15	1	ARNTL2;BHLHE41;C1QTNF13;CES2B;EEA1;FANCI;FBXO31;KRAS;NR1H4;NUDT4A;PLEKHG7;PPFIBP1B;SLC17A8;SSPN;UBE2N
Cheilinus_undulatus|GCF_018320785.1|ITPR3.0	GCF_018320785.1	Cheilinus undulatus	Actinopteri	Labriformes	ITPR3	0	found_annotated	fixed10	20	10	10	9	9	1	EDEM2;GPR37L1B;GRIPAP1;HM13;KCND1;PLXNA3;PTPN18;SNX21;SULF2B
Cheilinus_undulatus|GCF_018320785.1|RYR.0	GCF_018320785.1	Cheilinus undulatus	Actinopteri	Labriformes	RYR	0	found_annotated	fixed10	20	10	10	12	12	1	BMS1;BSK146;DHRS7C;EGR2B;FDXR;FMN2B;HEXDC;HS3ST3L;MTR;NARF;SULT2ST2;UTS2R2
Cheilinus_undulatus|GCF_018320785.1|RYR.1	GCF_018320785.1	Cheilinus undulatus	Actinopteri	Labriformes	RYR	1	found_annotated	fixed10	20	10	10	11	11	0	B3GNT2L;BCKDH;EXOSC5;HNRNPUL1;NAPA;OPA3;PPP1R13L;PPP5C;RASGRP4;TGFB1A;TMEM91
Cheilinus_undulatus|GCF_018320785.1|RYR.2	GCF_018320785.1	Cheilinus undulatus	Actinopteri	Labriformes	RYR	2	found_annotated	fixed10	20	10	10	13	13	0	BRD8A;CXXC5A;DNAJC18;GABRR3A;GNG8;NFRK;NRG2A;PCYT1B;PHLDB2A;PPP3C;PURA;SMS;TMEM45B
Cheilinus_undulatus|GCF_018320785.1|RYR.3	GCF_018320785.1	Cheilinus undulatus	Actinopteri	Labriformes	RYR	3	found_annotated	fixed10	20	10	10	8	8	0	ACP7;ARHGAP11A;CHRM5A;EML5;FSIP1;GREM1B;ISCA2;TTC8
Cheilinus_undulatus|GCF_018320785.1|RYR.4	GCF_018320785.1	Cheilinus undulatus	Actinopteri	Labriformes	RYR	4	found_annotated	fixed10	20	10	10	16	16	0	ABRACL;ACOT20;ACTC1A;AVEN;CLU;EMC7B;FMN1;GPR176;GREM1A;KATNBL1;REPS1;SCARA3;SLC10A1;SRSF5B;SUSD6;THBS1B
Cheilinus_undulatus|GCF_018320785.1|RYR.5	GCF_018320785.1	Cheilinus undulatus	Actinopteri	Labriformes	RYR	5	found_annotated	fixed10	20	10	10	9	9	0	ACTN2B;CHRM3A;DNAJC9;ECD;FAM149B1;GREM2A;NDNFL;P4HA1B;RGS7A
Tyto_alba|GCF_018691265.1|ITPR1.0	GCF_018691265.1	Tyto alba	Aves	Strigiformes	ITPR1	0	found_annotated	fixed10	20	10	10	15	14	1	ARL8B;BHLHE40;CHL1;CNTN4;CNTN6;CRBN;EDEM1;GRM7;IL5RA;LMCD1;LRRN1;OXTR;SSUH2;SUMF1;TRNT1
Tyto_alba|GCF_018691265.1|ITPR2.0	GCF_018691265.1	Tyto alba	Aves	Strigiformes	ITPR2	0	found_annotated	fixed10	20	10	10	18	18	1	ARNTL2;BHLHE41;DNAI7;ETFRF1;FGFR1OP2;GYS2;INTS13;IRAG2;KRAS;LMNTD1;MED21;PPFIBP1;RASSF8;REP15;SPX;SSPN;STK38L;TM7SF3
Tyto_alba|GCF_018691265.1|ITPR3.0	GCF_018691265.1	Tyto alba	Aves	Strigiformes	ITPR3	0	found_annotated	fixed10	20	10	10	17	17	1	APOBEC2;BAK1;FOXP4;GRM4;HMGA1;ILRUN;MDFI;NFYA;NUDT3;OARD1;PACSIN1;RPS10;SMIM29;SNRPC;SPDEF;TFEB;UHRF1BP1
Tyto_alba|GCF_018691265.1|RYR.0	GCF_018691265.1	Tyto alba	Aves	Strigiformes	RYR	0	found_annotated	fixed10	20	10	10	20	20	1	ACTN2;CHRM3;EDARADD;ERO1B;EXO1;FMN2;GNG4;GPR137B;GREM2;HEATR1;LGALS8;LYST;MAP1LC3C;MTR;NID1;OPN3;PIGM;PLD5;RGS7;WDR64
Tyto_alba|GCF_018691265.1|RYR.1	GCF_018691265.1	Tyto alba	Aves	Strigiformes	RYR	1	found_annotated	fixed10	20	10	10	16	16	0	BMF;CDIN1;CHRM5;DPH6;EIF2AK4;EMC7;FAM98B;FSIP1;GPR176;GREM1;KATNBL1;MEIS2;RASGRP1;SPRED1;SRP14;THBS1
Callorhinchus_milii|GCF_018977255.1|ITPR1.0	GCF_018977255.1	Callorhinchus milii	Chondrichthyes	Chimaeriformes	ITPR1	0	found_annotated	fixed10	20	10	10	11	11	1	ARL8B;BHLHE40;CHDH;CHL1B;CNTN4;CRBN;DCP1A;EDEM1;LRRN1;SETMAR;SUMF1
Callorhinchus_milii|GCF_018977255.1|ITPR2.0	GCF_018977255.1	Callorhinchus milii	Chondrichthyes	Chimaeriformes	ITPR2	0	found_annotated	fixed10	20	10	10	9	9	1	BHLHE41;CEP83;EEA1;INTS13;MRPL42;NUDT4;PLEKHG7;RASSF8B;SSPN
Callorhinchus_milii|GCF_018977255.1|ITPR3.0	GCF_018977255.1	Callorhinchus milii	Chondrichthyes	Chimaeriformes	ITPR3	0	found_annotated	fixed10	20	10	10	2	2	1	SMIM29;UBE2T
Callorhinchus_milii|GCF_018977255.1|RYR.0	GCF_018977255.1	Callorhinchus milii	Chondrichthyes	Chimaeriformes	RYR	0	found_annotated	fixed10	12	2	10	2	2	1	B3GNT2L;PSMD8
Callorhinchus_milii|GCF_018977255.1|RYR.1	GCF_018977255.1	Callorhinchus milii	Chondrichthyes	Chimaeriformes	RYR	1	found_annotated	fixed10	20	10	10	10	10	0	ACAT2;CDC42EP3;FH;FMN2B;FNDC1;GREM2B;HEATR1;OPN3;SOD2;WTAP
Callorhinchus_milii|GCF_018977255.1|RYR.2	GCF_018977255.1	Callorhinchus milii	Chondrichthyes	Chimaeriformes	RYR	2	found_annotated	fixed10	20	10	10	19	19	0	AQR;ARG2;ARHGAP11A;CDIN1;CHRM5B;DPH6;EMC7B;FAM98B;FMN1;FSIP1;GPR176;GREM1A;KATNBL1;MEIS2A;RDH12;SPRED1;THBS1B;VTI1B;ZFYVE26
Protopterus_annectens|GCF_019279795.1|ITPR1.0	GCF_019279795.1	Protopterus annectens	Dipnoi	Ceratodontiformes	ITPR1	0	found_annotated	fixed10	20	10	10	12	12	1	ARL8B;BHLHE40;CCDC51;CHL1;CNTN4;EDEM1;IL5RA;LRRN1;MAPKAPK3;PLXNB1;SUMF1;TRNT1
Protopterus_annectens|GCF_019279795.1|ITPR2.0	GCF_019279795.1	Protopterus annectens	Dipnoi	Ceratodontiformes	ITPR2	0	found_annotated	fixed10	20	10	10	17	17	1	BCAT1;BHLHE41;DNAI7;EEA1;ETFRF1;INTS13;IRAG2;KRAS;LMNTD1;MRPL42;NUDT4;PLEKHG7;PLXNC1;SOCS2;SOX5;SSPN;UBE2N
Protopterus_annectens|GCF_019279795.1|ITPR3.0	GCF_019279795.1	Protopterus annectens	Dipnoi	Ceratodontiformes	ITPR3	0	found_annotated	fixed10	20	10	10	14	14	1	APOBEC2;ARL8A;ELF3;GPR37L1;GRM4;IP6K3;LEMD2;LGR6;MLN;OARD1;PPP1R12B;PTPN7;TMEM167B;UBE2T
Protopterus_annectens|GCF_019279795.1|RYR.0	GCF_019279795.1	Protopterus annectens	Dipnoi	Ceratodontiformes	RYR	0	found_annotated	fixed10	20	10	10	12	12	1	ACTN2;CHRM3;CRIM1;EHD3;FEZ2;GREM2;HEATR1;LGALS8;LTBP1;MTR;RASGRP3;RIOX1
Protopterus_annectens|GCF_019279795.1|RYR.1	GCF_019279795.1	Protopterus annectens	Dipnoi	Ceratodontiformes	RYR	1	found_annotated	fixed10	20	10	10	6	6	0	CCDC113;MED29;NGB;PAF1;PLEKHG2;SYTL3
Protopterus_annectens|GCF_019279795.1|RYR.2	GCF_019279795.1	Protopterus annectens	Dipnoi	Ceratodontiformes	RYR	2	found_annotated	fixed10	20	10	10	12	12	0	AVEN;BUB1B;CHRM5;EMC7;FMN1;GPX2;GREM1;MTA1;PACS2;PIGH;RAB15;SCG5
Dromiciops_gliroides|GCF_019393635.1|ITPR1.0	GCF_019393635.1	Dromiciops gliroides	Mammalia	Microbiotheria	ITPR1	0	found_annotated	fixed10	20	10	10	14	14	1	ARL8B;BHLHE40;CAV3;CNTN4;CRBN;EDEM1;GRM7;IL5RA;LMCD1;LRRN1;OXTR;SSUH2;SUMF1;TRNT1
Dromiciops_gliroides|GCF_019393635.1|ITPR2.0	GCF_019393635.1	Dromiciops gliroides	Mammalia	Microbiotheria	ITPR2	0	found_annotated	fixed10	20	10	10	16	16	1	ARNTL2;BHLHE41;DNAI7;ETFRF1;FGFR1OP2;INTS13;IRAG2;KRAS;LMNTD1;MED21;PFKFB3;RASSF8;RBM17;SSPN;STK38L;TM7SF3
Dromiciops_gliroides|GCF_019393635.1|ITPR3.0	GCF_019393635.1	Dromiciops gliroides	Mammalia	Microbiotheria	ITPR3	0	found_annotated	fixed10	20	10	10	16	15	1	BAK1;CUTA;DAXX;GRM4;HMGA1;IP6K3;KIFC1;LEMD2;MLN;NUDT3;PHF1;RPS10;SMIM29;SMIM40;SYNGAP1;ZBTB9
Dromiciops_gliroides|GCF_019393635.1|RYR.0	GCF_019393635.1	Dromiciops gliroides	Mammalia	Microbiotheria	RYR	0	found_annotated	fixed10	20	10	10	15	15	1	ACTN2;CHRM3;EDARADD;ERO1B;FH;FMN2;GPR137B;GREM2;HEATR1;KMO;LGALS8;MTR;NID1;RGS7;ZP4
Dromiciops_gliroides|GCF_019393635.1|RYR.1	GCF_019393635.1	Dromiciops gliroides	Mammalia	Microbiotheria	RYR	1	found_annotated	fixed10	20	10	10	18	17	0	ACTN4;CAPN12;ECH1;EIF3K;FAM98C;GGN;HNRNPL;KCNK6;LGALS4;LGALS7;MAP4K1;PSMD8;RASGRP4;RINL;SIRT2;SPINT2;SPRED3;YIF1B
Dromiciops_gliroides|GCF_019393635.1|RYR.2	GCF_019393635.1	Dromiciops gliroides	Mammalia	Microbiotheria	RYR	2	found_annotated	fixed10	20	10	10	16	15	0	ACTC1;AQR;ARHGAP11A;AVEN;CHRM5;EMC4;EMC7;FMN1;GJD2;GREM1;KATNBL1;LPCAT4;NOP10;NUTM1;SLC12A6;ZNF770
Gambusia_affinis|GCF_019740435.1|ITPR1.0	GCF_019740435.1	Gambusia affinis	Actinopteri	Cyprinodontiformes	ITPR1	0	found_annotated	fixed10	20	10	10	9	9	1	ATF1;ATF7B;DIP2B;ESYT1B;LARP4A;SCN8A;SLC4A8;SUMF1;ZC3H10
Gambusia_affinis|GCF_019740435.1|ITPR1.1	GCF_019740435.1	Gambusia affinis	Actinopteri	Cyprinodontiformes	ITPR1	1	found_annotated	fixed10	20	10	10	7	7	0	FRMD4B;LRRN1;MITF;PLXNB1B;SETMAR;TP53RK;TRNT1
Gambusia_affinis|GCF_019740435.1|ITPR2.0	GCF_019740435.1	Gambusia affinis	Actinopteri	Cyprinodontiformes	ITPR2	0	found_annotated	fixed10	20	10	10	17	17	1	ARNTL2;BHLHE41;C1QTNF13;CES2B;EEA1;ENDOUC;FANCI;FBXO31;KRAS;NR1H4;NUDT4A;PLEKHG7;POLG;PPFIBP1B;SLC17A8;SSPN;UBE2N
Gambusia_affinis|GCF_019740435.1|ITPR3.0	GCF_019740435.1	Gambusia affinis	Actinopteri	Cyprinodontiformes	ITPR3	0	found_annotated	fixed10	20	10	10	3	3	1	EDEM2;HM13;SNX21
Gambusia_affinis|GCF_019740435.1|RYR.0	GCF_019740435.1	Gambusia affinis	Actinopteri	Cyprinodontiformes	RYR	0	found_annotated	fixed10	20	10	10	16	16	1	ACBD4;ACTA2;ADGRA1A;ADOA;ARHGAP23B;BMS1;CABCOCO1;CH25H;EGR2B;EXOC6;JMJD1C;MTR;NRBF2B;PLCD3B;REEP3B;STAMBPL1
Gambusia_affinis|GCF_019740435.1|RYR.1	GCF_019740435.1	Gambusia affinis	Actinopteri	Cyprinodontiformes	RYR	1	found_annotated	fixed10	20	10	10	14	14	0	BRD8A;CXXC5A;DNAJC18;GABRR3A;GNG8;HHLA2A;NFRK;NRG2A;PHLDB2A;PPP3C;PURA;SMS;TMEM45B;ZDHHC20A
Gambusia_affinis|GCF_019740435.1|RYR.2	GCF_019740435.1	Gambusia affinis	Actinopteri	Cyprinodontiformes	RYR	2	found_annotated	fixed10	20	10	10	11	11	0	EXOSC5;HNRNPUL1;INTS4;KCTD14;OPA3;PPP1R13L;PPP5C;RASGRP4;RPS3;TGFB1A;TMEM91
Gambusia_affinis|GCF_019740435.1|RYR.3	GCF_019740435.1	Gambusia affinis	Actinopteri	Cyprinodontiformes	RYR	3	found_annotated	fixed10	20	10	10	7	7	0	ACP7;ARHGAP11A;CHRM5A;CRIM1;EIF2AK4;FSIP1;GREM1B
Gambusia_affinis|GCF_019740435.1|RYR.4	GCF_019740435.1	Gambusia affinis	Actinopteri	Cyprinodontiformes	RYR	4	found_annotated	fixed10	20	10	10	16	16	0	ABRACL;ACTC1A;CHRM5B;CLU;EMC7B;FMN1;GPR176;GREM1A;KATNBL1;MAX;REPS1;SCARA3;SLC10A1;SRSF5B;SUSD6;THBS1B
Gambusia_affinis|GCF_019740435.1|RYR.5	GCF_019740435.1	Gambusia affinis	Actinopteri	Cyprinodontiformes	RYR	5	found_annotated	fixed10	20	10	10	13	13	0	ACTN2B;CCSER2A;CHRM3A;DNAJC9;ECD;FAM149B1;FMN2A;GREM2A;NDNFL;P4HA1B;PHYHIPL;RGS7A;SPARCL2
Neogale_vison|GCF_020171115.1|ITPR1.0	GCF_020171115.1	Neogale vison	Mammalia	Carnivora	ITPR1	0	found_annotated	fixed10	20	10	10	16	16	1	ARL8B;CAV3;CNTN4;CRBN;EDEM1;GRM7;IL5RA;LMCD1;LRRN1;OXTR;RAD18;SRGAP3;SSUH2;SUMF1;THUMPD3;TRNT1
Neogale_vison|GCF_020171115.1|ITPR2.0	GCF_020171115.1	Neogale vison	Mammalia	Carnivora	ITPR2	0	found_annotated	fixed10	20	10	10	20	20	1	ARNTL2;BCAT1;BHLHE41;C12H12ORF71;DNAI7;ETFRF1;FGFR1OP2;INTS13;IRAG2;KRAS;LMNTD1;MED21;PPFIBP1;RASSF8;REP15;SMCO2;SOX5;SSPN;STK38L;TM7SF3
Neogale_vison|GCF_020171115.1|ITPR3.0	GCF_020171115.1	Neogale vison	Mammalia	Carnivora	ITPR3	0	found_annotated	fixed10	20	10	10	17	16	1	BAK1;CUTA;DAXX;GRM4;HMGA1;KIFC1;LEMD2;MLN;NUDT3;PACSIN1;PHF1;RPS10;SMIM29;SMIM40;SPDEF;SYNGAP1;ZBTB9
Neogale_vison|GCF_020171115.1|RYR.0	GCF_020171115.1	Neogale vison	Mammalia	Carnivora	RYR	0	found_annotated	fixed10	20	10	10	11	10	1	ACTN2;CHRM3;EDARADD;HEATR1;IFIT1B;IFIT3;LGALS8;MTR;ZNF248;ZNF25;ZP4
Neogale_vison|GCF_020171115.1|RYR.1	GCF_020171115.1	Neogale vison	Mammalia	Carnivora	RYR	1	found_annotated	fixed10	20	10	10	18	17	0	ACTN4;C7H19ORF33;CAPN12;CATSPERG;ECH1;EIF3K;FAM98C;GGN;HNRNPL;KCNK6;LGALS4;LGALS7;MAP4K1;PSMD8;RASGRP4;SPINT2;SPRED3;YIF1B
Neogale_vison|GCF_020171115.1|RYR.2	GCF_020171115.1	Neogale vison	Mammalia	Carnivora	RYR	2	found_annotated	fixed10	20	10	10	17	16	0	ACTC1;AQR;AVEN;CHRM5;DPH6;EMC4;EMC7;FMN1;GJD2;GREM1;KATNBL1;LPCAT4;NOP10;NUTM1;SCG5;SLC12A6;ZNF770
Apus_apus|GCF_020740795.1|ITPR1.0	GCF_020740795.1	Apus apus	Aves	Apodiformes	ITPR1	0	found_annotated	fixed10	20	10	10	17	17	1	ARL8B;BHLHE40;CAV3;CHL1;CNTN6;CRBN;EDEM1;GRM7;IL5RA;LMCD1;LRRN1;OXTR;RAD18;SRGAP3;SUMF1;THUMPD3;TRNT1
Apus_apus|GCF_020740795.1|ITPR2.0	GCF_020740795.1	Apus apus	Aves	Apodiformes	ITPR2	0	found_annotated	fixed10	20	10	10	19	19	1	BHLHE41;BMAL2;DNAI7;ENDOU;ETFRF1;FGFR1OP2;GYS2;INTS13;IRAG2;KRAS;LDHB;MED21;PPFIBP1;RASSF8;REP15;SPX;SSPN;STK38L;TM7SF3
Apus_apus|GCF_020740795.1|ITPR3.0	GCF_020740795.1	Apus apus	Aves	Apodiformes	ITPR3	0	found_annotated	fixed10	20	10	10	17	17	1	APOBEC2;BAK1;BLTP3A;FOXP4;GRM4;HMGA1;ILRUN;MDFI;NFYA;NUDT3;OARD1;PACSIN1;RPS10;SMIM29;SNRPC;SPDEF;TFEB
Apus_apus|GCF_020740795.1|RYR.0	GCF_020740795.1	Apus apus	Aves	Apodiformes	RYR	0	found_annotated	fixed10	20	10	10	19	19	1	ACTN2;CHRM3;EDARADD;ERO1B;EXO1;FMN2;GNG4;GPR137B;GREM2;HEATR1;LGALS8;LYST;MAP1LC3C;MTR;NID1;OPN3;PIGM;PLD5;RGS7
Apus_apus|GCF_020740795.1|RYR.1	GCF_020740795.1	Apus apus	Aves	Apodiformes	RYR	1	found_annotated	fixed10	20	10	10	18	18	0	AVEN;CDIN1;CHRM5;DPH6;EIF2AK4;EMC7;FAM98B;FMN1;FSIP1;GPR176;GREM1;KATNBL1;MEIS2;RASGRP1;SPRED1;SRP14;THBS1;ZNF770
Diceros_bicornis_minor|GCF_020826845.1|ITPR1.0	GCF_020826845.1	Diceros bicornis minor	Mammalia	Perissodactyla	ITPR1	0	found_annotated	fixed10	20	10	10	15	14	1	ARL8B;BHLHE40;CAV3;CNTN4;CNTN6;CRBN;EDEM1;GRM7;IL5RA;LMCD1;LRRN1;OXTR;RAD18;SUMF1;TRNT1
Diceros_bicornis_minor|GCF_020826845.1|ITPR2.0	GCF_020826845.1	Diceros bicornis minor	Mammalia	Perissodactyla	ITPR2	0	found_annotated	fixed10	20	10	10	20	20	1	BCAT1;BHLHE41;BMAL2;C17H12ORF71;DNAI7;ETFRF1;FGFR1OP2;INTS13;IRAG2;KRAS;LMNTD1;MED21;PPFIBP1;RASSF8;REP15;SMCO2;SOX5;SSPN;STK38L;TM7SF3
Diceros_bicornis_minor|GCF_020826845.1|ITPR3.0	GCF_020826845.1	Diceros bicornis minor	Mammalia	Perissodactyla	ITPR3	0	found_annotated	fixed10	20	10	10	18	17	1	BAK1;BLTP3A;CUTA;DAXX;GRM4;HMGA1;ILRUN;KIFC1;NUDT3;PACSIN1;PHF1;RPS10;SMIM29;SMIM40;SNRPC;SPDEF;SYNGAP1;ZBTB9
Diceros_bicornis_minor|GCF_020826845.1|RYR.0	GCF_020826845.1	Diceros bicornis minor	Mammalia	Perissodactyla	RYR	0	found_annotated	fixed10	20	10	10	15	15	1	ACTN2;CHRM3;DEPP1;EDARADD;ERO1B;GNG4;GPR137B;HEATR1;LGALS8;LYST;MTR;NID1;RASSF4;TMEM72;ZP4
Diceros_bicornis_minor|GCF_020826845.1|RYR.1	GCF_020826845.1	Diceros bicornis minor	Mammalia	Perissodactyla	RYR	1	found_annotated	fixed10	20	10	10	18	18	0	ACTN4;C34H19ORF33;CAPN12;CATSPERG;ECH1;EIF3K;FAM98C;GGN;HNRNPL;KCNK6;LGALS4;MAP4K1;PSMD8;RASGRP4;RINL;SPINT2;SPRED3;YIF1B
Diceros_bicornis_minor|GCF_020826845.1|RYR.2	GCF_020826845.1	Diceros bicornis minor	Mammalia	Perissodactyla	RYR	2	found_annotated	fixed10	20	10	10	18	17	0	ACTC1;AQR;ARHGAP11A;AVEN;CHRM5;DPH6;EMC4;EMC7;FMN1;GJD2;GREM1;KATNBL1;LPCAT4;NOP10;NUTM1;SCG5;SLC12A6;ZNF770
Sphaerodactylus_townsendi|GCF_021028975.2|ITPR1.0	GCF_021028975.2	Sphaerodactylus townsendi	Lepidosauria	Squamata	ITPR1	0	found_annotated	fixed10	20	10	10	13	13	1	ARL8B;BHLHE40;CHL1;CRBN;EDEM1;GRM7;LMCD1;LRRN1;OXTR;RAD18;SSUH2;SUMF1;TRNT1
Sphaerodactylus_townsendi|GCF_021028975.2|ITPR2.0	GCF_021028975.2	Sphaerodactylus townsendi	Lepidosauria	Squamata	ITPR2	0	found_annotated	fixed10	20	10	10	17	17	1	ARNTL2;BHLHE41;CDC123;DHTKD1;FGFR1OP2;INTS13;LMNTD1;MED21;NUDT5;PPFIBP1;RASSF8;REP15;SEC61A2;SSPN;STK38L;TM7SF3;UPF2
Sphaerodactylus_townsendi|GCF_021028975.2|ITPR3.0	GCF_021028975.2	Sphaerodactylus townsendi	Lepidosauria	Squamata	ITPR3	0	found_annotated	fixed10	20	10	10	18	18	1	APOBEC2;BAK1;ETV7;GRM4;HMGA1;IP6K3;KCTD20;LEMD2;MLN;NFYA;NUDT3;OARD1;RHO;RPS10;SMIM29;SRSF3;STK38;TSPO2
Sphaerodactylus_townsendi|GCF_021028975.2|RYR.0	GCF_021028975.2	Sphaerodactylus townsendi	Lepidosauria	Squamata	RYR	0	found_annotated	fixed10	20	10	10	19	19	0	ACTN2;CHRM3;EDARADD;ERO1B;EXO1;FMN2;GNG4;GPR137B;GREM2;HEATR1;LGALS8;LYST;MAP1LC3C;MTR;NID1;OPN3;PIGM;RGS7;WDR64
Sphaerodactylus_townsendi|GCF_021028975.2|RYR.1	GCF_021028975.2	Sphaerodactylus townsendi	Lepidosauria	Squamata	RYR	1	found_annotated	fixed10	20	10	10	19	19	1	ARHGAP11A;AVEN;CDIN1;CHRM5;DPH6;EIF2AK4;EMC7;FAM98B;FMN1;FSIP1;GPR176;GREM1;KATNBL1;MEIS2;RASGRP1;SCG5;SPRED1;SRP14;THBS1
Sphaerodactylus_townsendi|GCF_021028975.2|RYR.2	GCF_021028975.2	Sphaerodactylus townsendi	Lepidosauria	Squamata	RYR	2	found_annotated	fixed10	20	10	10	16	16	0	ACTN4;CATSPERG;ECH1;EIF3K;FAM98C;GGN;HNRNPL;LGALS4;MAP4K1;MEIS3;NFKBIB;PSMD8;RASGRP4;SIRT2;SLC8A2;SPRED3
Micropterus_dolomieu|GCF_021292245.1|ITPR1.0	GCF_021292245.1	Micropterus dolomieu	Actinopteri	Centrarchiformes	ITPR1	0	found_annotated	fixed10	20	10	10	7	7	1	ESYT1B;RHBDD2;SCN8A;SLC4A8;SUMF1;TTLL3;ZC3H10
Micropterus_dolomieu|GCF_021292245.1|ITPR1.1	GCF_021292245.1	Micropterus dolomieu	Actinopteri	Centrarchiformes	ITPR1	1	found_annotated	fixed10	20	10	10	15	15	0	ARL6IP5A;AVPR2B;BHLHE40;COMT;EEVS;FRMD4B;GRM6B;LRRN1;MDFIC2;MITF;MON1A;MST1R;OPN1LW1;SETMAR;TRNT1
Micropterus_dolomieu|GCF_021292245.1|ITPR2.0	GCF_021292245.1	Micropterus dolomieu	Actinopteri	Centrarchiformes	ITPR2	0	found_annotated	fixed10	20	10	10	15	15	1	BHLHE41;C1QTNF13;CES2B;DNAI7;EEA1;FANCI;FBXO31;KRAS;LYRM5A;NR1H4;NUDT4A;PLEKHG7;SLC5A8;SSPN;UBE2N
Micropterus_dolomieu|GCF_021292245.1|ITPR3.0	GCF_021292245.1	Micropterus dolomieu	Actinopteri	Centrarchiformes	ITPR3	0	found_annotated	fixed10	20	10	10	4	4	1	EDEM2;HM13;SNX21;SULF2B
Micropterus_dolomieu|GCF_021292245.1|RYR.0	GCF_021292245.1	Micropterus dolomieu	Actinopteri	Centrarchiformes	RYR	0	found_annotated	fixed10	20	10	10	13	13	1	ACBD4;ADGRA1A;ADOA;BMS1;CABCOCO1;EGR2B;EXOC6;FMN2B;GALK1;JMJD1C;MTR;NRBF2B;TMEM94
Micropterus_dolomieu|GCF_021292245.1|RYR.1	GCF_021292245.1	Micropterus dolomieu	Actinopteri	Centrarchiformes	RYR	1	found_annotated	fixed10	20	10	10	10	10	0	BCKDH;EXOSC5;GIPR;HNRNPUL1;OPA3;PPP1R13L;PPP5C;RASGRP4;TGFB1A;TMEM91
Micropterus_dolomieu|GCF_021292245.1|RYR.2	GCF_021292245.1	Micropterus dolomieu	Actinopteri	Centrarchiformes	RYR	2	found_annotated	fixed10	20	10	10	14	14	0	BRD8A;CXXC5A;DNAJC18;GABRR3A;GNG8;LIPI;NRG2A;PCYT1B;PHLDB2A;PURA;SLC22A6L;SMS;TMEM45B;ZDHHC20A
Micropterus_dolomieu|GCF_021292245.1|RYR.3	GCF_021292245.1	Micropterus dolomieu	Actinopteri	Centrarchiformes	RYR	3	found_annotated	fixed10	20	10	10	8	8	0	ACP7;ARHGAP11A;CHRM5A;CRIM1;EIF2AK4;FSIP1;GREM1B;TOR4A
Micropterus_dolomieu|GCF_021292245.1|RYR.4	GCF_021292245.1	Micropterus dolomieu	Actinopteri	Centrarchiformes	RYR	4	found_annotated	fixed10	20	10	10	13	13	0	ACTC1A;AVEN;CLU;EMC7B;FMN1;GPR176;GREM1A;KATNBL1;REPS1;SCARA3;SRSF5B;SUSD6;THBS1B
Micropterus_dolomieu|GCF_021292245.1|RYR.5	GCF_021292245.1	Micropterus dolomieu	Actinopteri	Centrarchiformes	RYR	5	found_annotated	fixed10	20	10	10	12	12	0	ACTN2B;CCSER2A;CHRM3A;DNAJC9;ECD;FAM149B1;FMN2A;GREM2A;NDNFL;P4HA1B;RGS7A;SPARCL2
Equus_quagga|GCF_021613505.1|ITPR1.0	GCF_021613505.1	Equus quagga	Mammalia	Perissodactyla	ITPR1	0	found_annotated	fixed10	20	10	10	18	17	1	ARL8B;BHLHE40;CAV3;CHL1;CNTN4;CNTN6;CRBN;EDEM1;GRM7;IL5RA;LMCD1;LRRN1;OXTR;RAD18;SRGAP3;SSUH2;SUMF1;TRNT1
Equus_quagga|GCF_021613505.1|ITPR2.0	GCF_021613505.1	Equus quagga	Mammalia	Perissodactyla	ITPR2	0	found_annotated	fixed10	20	10	10	20	20	1	BCAT1;BHLHE41;BMAL2;C1H12ORF71;DNAI7;ETNK1;FGFR1OP2;INTS13;IRAG2;KRAS;LMNTD1;MED21;PPFIBP1;RASSF8;REP15;SMCO2;SOX5;SSPN;STK38L;TM7SF3
Equus_quagga|GCF_021613505.1|ITPR3.0	GCF_021613505.1	Equus quagga	Mammalia	Perissodactyla	ITPR3	0	found_annotated	fixed10	20	10	10	18	17	1	BAK1;CUTA;DAXX;GRM4;HMGA1;IP6K3;KIFC1;LEMD2;MLN;NUDT3;PACSIN1;PHF1;RPS10;SMIM29;SYNGAP1;TAPBP;ZBTB22;ZBTB9
Equus_quagga|GCF_021613505.1|RYR.0	GCF_021613505.1	Equus quagga	Mammalia	Perissodactyla	RYR	0	found_annotated	fixed10	20	10	10	13	12	1	ACTN2;CHRM3;EDARADD;ERO1B;GPR137B;HEATR1;LGALS8;LYST;MTR;NID1;ZNF248;ZNF25;ZP4
Equus_quagga|GCF_021613505.1|RYR.1	GCF_021613505.1	Equus quagga	Mammalia	Perissodactyla	RYR	1	found_annotated	fixed10	20	10	10	20	20	0	ACTN4;C13H19ORF33;CAPN12;CATSPERG;ECH1;EIF3K;FAM98C;GGN;HNRNPL;KCNK6;LGALS4;MAP4K1;NFKBIB;PSMD8;RASGRP4;RINL;SIRT2;SPINT2;SPRED3;YIF1B
Equus_quagga|GCF_021613505.1|RYR.2	GCF_021613505.1	Equus quagga	Mammalia	Perissodactyla	RYR	2	found_annotated	fixed10	20	10	10	16	15	0	ACTC1;AQR;AVEN;CDIN1;CHRM5;DPH6;EMC4;EMC7;FMN1;GJD2;GREM1;KATNBL1;LPCAT4;NUTM1;SLC12A6;ZNF770
Falco_peregrinus|GCF_023634155.1|ITPR1.0	GCF_023634155.1	Falco peregrinus	Aves	Falconiformes	ITPR1	0	found_annotated	fixed10	20	10	10	17	16	1	ARL8B;BHLHE40;CAV3;CHL1;CNTN3;CNTN6;CRBN;EDEM1;GRM7;IL5RA;LMCD1;LRRN1;OXTR;RAD18;SSUH2;SUMF1;TRNT1
Falco_peregrinus|GCF_023634155.1|ITPR2.0	GCF_023634155.1	Falco peregrinus	Aves	Falconiformes	ITPR2	0	found_annotated	fixed10	20	10	10	17	17	1	BHLHE41;BMAL2;DNAI7;ETFRF1;FGFR1OP2;GYS2;INTS13;IRAG2;KRAS;MED21;PPFIBP1;RASSF8;REP15;SPX;SSPN;STK38L;TM7SF3
Falco_peregrinus|GCF_023634155.1|ITPR3.0	GCF_023634155.1	Falco peregrinus	Aves	Falconiformes	ITPR3	0	found_annotated	fixed10	20	10	10	17	17	1	APOBEC2;BAK1;BLTP3A;FOXP4;GRM4;HMGA1;ILRUN;MDFI;NFYA;NUDT3;OARD1;PACSIN1;RPS10;SMIM29;SNRPC;SPDEF;TFEB
Falco_peregrinus|GCF_023634155.1|RYR.0	GCF_023634155.1	Falco peregrinus	Aves	Falconiformes	RYR	0	found_annotated	fixed10	20	10	10	19	19	1	ACTN2;CHRM3;EDARADD;ERO1B;EXO1;FMN2;GNG4;GPR137B;GREM2;HEATR1;LGALS8;LYST;MAP1LC3C;MTR;NID1;OPN3;PIGM;RGS7;WDR64
Falco_peregrinus|GCF_023634155.1|RYR.1	GCF_023634155.1	Falco peregrinus	Aves	Falconiformes	RYR	1	found_annotated	fixed10	20	10	10	17	17	0	ARHGAP11A;AVEN;CHRM5;EIF2AK4;EMC7;FAM98B;FMN1;FSIP1;GPR176;GREM1;KATNBL1;MEIS2;RASGRP1;SCG5;SPRED1;SRP14;THBS1
Tamandua_tetradactyla|GCF_023851605.1|ITPR1.0	GCF_023851605.1	Tamandua tetradactyla	Mammalia	Pilosa	ITPR1	0	found_annotated	fixed10	20	10	10	11	11	1	ARL8B;BHLHE40;CAV3;EDEM1;GRM7;LMCD1;OXTR;RAD18;SRGAP3;SSUH2;SUMF1
Tamandua_tetradactyla|GCF_023851605.1|ITPR2.0	GCF_023851605.1	Tamandua tetradactyla	Mammalia	Pilosa	ITPR2	0	found_annotated	fixed10	20	10	10	17	17	1	BHLHE41;BMAL2;C7H12ORF71;DNAI7;ETFRF1;FGFR1OP2;INTS13;IRAG2;KRAS;LMNTD1;MED21;PPFIBP1;RASSF8;REP15;SMCO2;STK38L;TM7SF3
Tamandua_tetradactyla|GCF_023851605.1|ITPR3.0	GCF_023851605.1	Tamandua tetradactyla	Mammalia	Pilosa	ITPR3	0	found_annotated	fixed10	20	10	10	19	17	1	BAK1;CUTA;DAXX;GRM4;HMGA1;IP6K3;KIFC1;LEMD2;MLN;NUDT3;PACSIN1;PHF1;RPS10;SMIM29;SMIM40;SYNGAP1;UQCC2;ZBTB22;ZBTB9
Tamandua_tetradactyla|GCF_023851605.1|RYR.0	GCF_023851605.1	Tamandua tetradactyla	Mammalia	Pilosa	RYR	0	found_annotated	fixed10	20	10	10	20	20	1	ACTN2;CHML;CHRM3;EDARADD;ERO1B;FH;FMN2;GNG4;GPR137B;GREM2;HEATR1;KMO;LGALS8;LYST;MTR;NID1;OPN3;RGS7;WDR64;ZP4
Tamandua_tetradactyla|GCF_023851605.1|RYR.1	GCF_023851605.1	Tamandua tetradactyla	Mammalia	Pilosa	RYR	1	found_annotated	fixed10	20	10	10	20	19	0	ACTN4;C16H19ORF33;CAPN12;CATSPERG;ECH1;EIF3K;FAM98C;GGN;HNRNPL;KCNK6;LGALS4;LGALS7;MAP4K1;PSMD8;RASGRP4;RINL;SIRT2;SPINT2;SPRED3;YIF1B
Tamandua_tetradactyla|GCF_023851605.1|RYR.2	GCF_023851605.1	Tamandua tetradactyla	Mammalia	Pilosa	RYR	2	found_annotated	fixed10	20	10	10	18	17	0	ACTC1;AQR;ARHGAP11A;AVEN;CHRM5;DPH6;EMC4;EMC7;FMN1;GJD2;GREM1;KATNBL1;LPCAT4;NOP10;NUTM1;SCG5;SLC12A6;ZNF770
Elephas_maximus_indicus|GCF_024166365.1|ITPR1.0	GCF_024166365.1	Elephas maximus indicus	Mammalia	Proboscidea	ITPR1	0	found_annotated	fixed10	20	10	10	18	17	1	ARL8B;BHLHE40;CAV3;CHL1;CNTN4;CNTN6;CRBN;EDEM1;GRM7;IL5RA;LMCD1;LRRN1;OXTR;RAD18;SRGAP3;SSUH2;SUMF1;TRNT1
Elephas_maximus_indicus|GCF_024166365.1|ITPR2.0	GCF_024166365.1	Elephas maximus indicus	Mammalia	Proboscidea	ITPR2	0	found_annotated	fixed10	20	10	10	20	20	1	BCAT1;BHLHE41;BMAL2;C4H12ORF71;DNAI7;ETFRF1;FGFR1OP2;INTS13;IRAG2;KRAS;LMNTD1;MED21;PPFIBP1;RASSF8;REP15;SMCO2;SOX5;SSPN;STK38L;TM7SF3
Elephas_maximus_indicus|GCF_024166365.1|ITPR3.0	GCF_024166365.1	Elephas maximus indicus	Mammalia	Proboscidea	ITPR3	0	found_annotated	fixed10	20	10	10	19	17	1	BAK1;BLTP3A;CUTA;DAXX;GRM4;HMGA1;ILRUN;KIFC1;NUDT3;PACSIN1;PHF1;RPS10;SMIM29;SMIM40;SNRPC;SPDEF;SYNGAP1;ZBTB22;ZBTB9
Elephas_maximus_indicus|GCF_024166365.1|RYR.0	GCF_024166365.1	Elephas maximus indicus	Mammalia	Proboscidea	RYR	0	found_annotated	fixed10	20	10	10	20	20	1	ACTN2;CHML;CHRM3;EDARADD;ERO1B;FH;FMN2;GNG4;GPR137B;GREM2;HEATR1;KMO;LGALS8;LYST;MTR;NID1;OPN3;RGS7;WDR64;ZP4
Elephas_maximus_indicus|GCF_024166365.1|RYR.1	GCF_024166365.1	Elephas maximus indicus	Mammalia	Proboscidea	RYR	1	found_annotated	fixed10	20	10	10	16	15	0	ACTN4;C11H19ORF33;CAPN12;CATSPERG;EIF3K;FAM98C;GGN;KCNK6;LGALS4;LGALS7;MAP4K1;PSMD8;RASGRP4;SPINT2;SPRED3;YIF1B
Elephas_maximus_indicus|GCF_024166365.1|RYR.2	GCF_024166365.1	Elephas maximus indicus	Mammalia	Proboscidea	RYR	2	found_annotated	fixed10	20	10	10	17	16	0	ACTC1;AQR;ARHGAP11A;AVEN;CHRM5;EMC4;EMC7;FMN1;GJD2;GREM1;KATNBL1;LPCAT4;NOP10;NUTM1;SCG5;SLC12A6;ZNF770
Gopherus_flavomarginatus|GCF_025201925.1|ITPR1.0	GCF_025201925.1	Gopherus flavomarginatus	Testudines	Testudines	ITPR1	0	found_annotated	fixed10	20	10	10	13	13	1	ARL8B;BHLHE40;CAV3;CNTN6;CRBN;EDEM1;GRM7;IL5RA;LRRN1;OXTR;RAD18;SUMF1;TRNT1
Gopherus_flavomarginatus|GCF_025201925.1|ITPR2.0	GCF_025201925.1	Gopherus flavomarginatus	Testudines	Testudines	ITPR2	0	found_annotated	fixed10	20	10	10	18	18	1	BMAL2;DNAI7;ETFRF1;FGFR1OP2;GYS2;INTS13;IRAG2;KCNJ8;KRAS;LDHB;LMNTD1;MED21;PPFIBP1;RASSF8;REP15;SPX;STK38L;TM7SF3
Gopherus_flavomarginatus|GCF_025201925.1|ITPR3.0	GCF_025201925.1	Gopherus flavomarginatus	Testudines	Testudines	ITPR3	0	found_annotated	fixed10	20	10	10	14	14	1	APOBEC2;BAK1;GRM4;HMGA1;IP6K3;LEMD2;MLN;NFYA;NUDT3;OARD1;RPS10;SMIM29;TREML1;TSPO2
Gopherus_flavomarginatus|GCF_025201925.1|RYR.0	GCF_025201925.1	Gopherus flavomarginatus	Testudines	Testudines	RYR	0	found_annotated	fixed10	20	10	10	18	18	0	ACTN2;CHRM3;EDARADD;ERO1B;EXO1;FMN2;GPR137B;GREM2;HEATR1;LGALS8;LYST;MAP1LC3C;MTR;NID1;OPN3;PIGM;RGS7;WDR64
Gopherus_flavomarginatus|GCF_025201925.1|RYR.1	GCF_025201925.1	Gopherus flavomarginatus	Testudines	Testudines	RYR	1	found_annotated	fixed10	20	10	10	18	17	1	ACTN4;CATSPERG;ECH1;EIF3K;FAM98C;HNRNPL;KPTN;LGALS4;LGALS7;MAP4K1;MEIS3;NAPA;PSMD8;RASGRP4;RINL;SIRT2;SLC8A2;SPRED3
Gopherus_flavomarginatus|GCF_025201925.1|RYR.2	GCF_025201925.1	Gopherus flavomarginatus	Testudines	Testudines	RYR	2	found_annotated	fixed10	20	10	10	16	16	0	AVEN;CDIN1;CHRM5;DPH6;EIF2AK4;EMC7;FAM98B;FMN1;FSIP1;GPR176;GREM1;KATNBL1;MEIS2;RASGRP1;SPRED1;THBS1
Hemicordylus_capensis|GCF_027244095.1|ITPR1.0	GCF_027244095.1	Hemicordylus capensis	Lepidosauria	Squamata	ITPR1	0	found_annotated	fixed10	20	10	10	12	12	1	ARL8B;BHLHE40;CHL1;CNTN6;CRBN;EDEM1;GRM7;LMCD1;LRRN1;SSUH2;SUMF1;TRNT1
Hemicordylus_capensis|GCF_027244095.1|ITPR2.0	GCF_027244095.1	Hemicordylus capensis	Lepidosauria	Squamata	ITPR2	0	found_annotated	fixed10	20	10	10	17	17	1	BHLHE41;BMAL2;CDC123;DHTKD1;FGFR1OP2;INTS13;LMNTD1;MED21;NUDT5;PPFIBP1;RASSF8;REP15;SEC61A2;SSPN;STK38L;TM7SF3;UPF2
Hemicordylus_capensis|GCF_027244095.1|ITPR3.0	GCF_027244095.1	Hemicordylus capensis	Lepidosauria	Squamata	ITPR3	0	found_annotated	fixed10	20	10	10	16	16	1	APOBEC2;BAK1;ETV7;GRM4;HMGA1;IP6K3;KCTD20;LEMD2;MLN;NFYA;NUDT3;OARD1;RPS10;SMIM29;STK38;TSPO2
Hemicordylus_capensis|GCF_027244095.1|RYR.0	GCF_027244095.1	Hemicordylus capensis	Lepidosauria	Squamata	RYR	0	found_annotated	fixed10	20	10	10	19	19	0	ACTN2;CHRM3;EDARADD;ERO1B;EXO1;FMN2;GNG4;GPR137B;GREM2;HEATR1;LGALS8;LYST;MAP1LC3C;MTR;NID1;OPN3;PLD5;RGS7;WDR64
Hemicordylus_capensis|GCF_027244095.1|RYR.1	GCF_027244095.1	Hemicordylus capensis	Lepidosauria	Squamata	RYR	1	found_annotated	fixed10	20	10	10	17	17	1	ACTN4;CATSPERG;ECH1;EIF3K;FAM98C;GGN;HNRNPL;KPTN;LGALS4;MAP4K1;MEIS3;PSMD8;RASGRP4;RINL;SIRT2;SLC8A2;SPRED3
Hemicordylus_capensis|GCF_027244095.1|RYR.2	GCF_027244095.1	Hemicordylus capensis	Lepidosauria	Squamata	RYR	2	found_annotated	fixed10	20	10	10	17	17	0	ARHGAP11A;AVEN;CHRM5;EIF2AK4;EMC7;FAM98B;FMN1;FSIP1;GPR176;GREM1;KATNBL1;MEIS2;RASGRP1;SCG5;SPRED1;SRP14;THBS1
Cynocephalus_volans|GCF_027409185.1|ITPR1.0	GCF_027409185.1	Cynocephalus volans	Mammalia	Dermoptera	ITPR1	0	found_annotated	fixed10	20	10	10	15	15	1	ARL8B;BHLHE40;CAV3;CHL1;CNTN6;CRBN;EDEM1;GRM7;IL5RA;LMCD1;LRRN1;OXTR;SSUH2;SUMF1;TRNT1
Cynocephalus_volans|GCF_027409185.1|ITPR2.0	GCF_027409185.1	Cynocephalus volans	Mammalia	Dermoptera	ITPR2	0	found_annotated	fixed10	20	10	10	20	20	1	BCAT1;BHLHE41;BMAL2;C12H12ORF71;DNAI7;ETFRF1;FGFR1OP2;INTS13;IRAG2;KRAS;LMNTD1;MED21;PPFIBP1;RASSF8;REP15;SMCO2;SOX5;SSPN;STK38L;TM7SF3
Cynocephalus_volans|GCF_027409185.1|ITPR3.0	GCF_027409185.1	Cynocephalus volans	Mammalia	Dermoptera	ITPR3	0	found_annotated	fixed10	20	10	10	20	18	1	BAK1;CUTA;DAXX;GRM4;HMGA1;IP6K3;KIFC1;LEMD2;MLN;NUDT3;PACSIN1;PHF1;RPS10;SMIM29;SMIM40;SPDEF;SYNGAP1;TAPBP;ZBTB22;ZBTB9
Cynocephalus_volans|GCF_027409185.1|RYR.0	GCF_027409185.1	Cynocephalus volans	Mammalia	Dermoptera	RYR	0	found_annotated	fixed10	20	10	10	18	18	1	ACTN2;CHRM3;DNAH14;EDARADD;ENAH;EPHX1;ERO1B;GNG4;GPR137B;HEATR1;LBR;LGALS8;LYST;MTR;NID1;PYCR2;SRP9;TMEM63A
Cynocephalus_volans|GCF_027409185.1|RYR.1	GCF_027409185.1	Cynocephalus volans	Mammalia	Dermoptera	RYR	1	found_annotated	fixed10	20	10	10	19	19	0	ACTN4;C10H19ORF33;CAPN12;CATSPERG;ECH1;EIF3K;FAM98C;GGN;HNRNPL;KCNK6;LGALS4;MAP4K1;PSMD8;RASGRP4;RINL;SIRT2;SPINT2;SPRED3;YIF1B
Cynocephalus_volans|GCF_027409185.1|RYR.2	GCF_027409185.1	Cynocephalus volans	Mammalia	Dermoptera	RYR	2	found_annotated	fixed10	20	10	10	17	16	0	ACTC1;AQR;ARHGAP11A;CHRM5;DPH6;EMC4;EMC7;FMN1;GJD2;GREM1;KATNBL1;LPCAT4;NOP10;NUTM1;SCG5;SLC12A6;ZNF770
Scomber_japonicus|GCF_027409825.1|ITPR1.0	GCF_027409825.1	Scomber japonicus	Actinopteri	Scombriformes	ITPR1	0	found_annotated	fixed10	20	10	10	9	9	1	ATF1;ATF7B;DIP2B;ESYT1B;SCN8A;SLC4A8;SUMF1;TTLL3;ZC3H10
Scomber_japonicus|GCF_027409825.1|ITPR1.1	GCF_027409825.1	Scomber japonicus	Actinopteri	Scombriformes	ITPR1	1	found_annotated	fixed10	20	10	10	18	18	0	ARL8B;BHLHE40;COMT;DRD5A;GRM6B;IDH3B;LYAR;MON1A;MST1R;OTOP1;PTPR;SEMA3F;SETMAR;SLC2A9L2;TMEM128;TRAIP;WDR1;ZBTB49
Scomber_japonicus|GCF_027409825.1|ITPR2.0	GCF_027409825.1	Scomber japonicus	Actinopteri	Scombriformes	ITPR2	0	found_annotated	fixed10	20	10	10	14	14	1	BANP;BHLHE41;BMAL2;C1QTNF13;EEA1;FANCI;FBXO31;KRAS;NR1H4;NUDT4A;PLEKHG7;SLC17A8;SSPN;UBE2N
Scomber_japonicus|GCF_027409825.1|ITPR3.0	GCF_027409825.1	Scomber japonicus	Actinopteri	Scombriformes	ITPR3	0	found_annotated	fixed10	20	10	10	6	6	1	HM13;KCND1;MRGBP;PTPN18;SNX21;SULF2B
Scomber_japonicus|GCF_027409825.1|ITPR3.1	GCF_027409825.1	Scomber japonicus	Actinopteri	Scombriformes	ITPR3	1	found_annotated	fixed10	1	1	0	0	0	0	
Scomber_japonicus|GCF_027409825.1|RYR.0	GCF_027409825.1	Scomber japonicus	Actinopteri	Scombriformes	RYR	0	found_annotated	fixed10	20	10	10	14	14	1	ACBD4;ADGRA1A;ADOA;BMS1;CABCOCO1;CHRM3B;EGR2B;EXOC6;FMN2B;JMJD1C;MTR;NRBF2B;REEP3B;TMEM26B
Scomber_japonicus|GCF_027409825.1|RYR.1	GCF_027409825.1	Scomber japonicus	Actinopteri	Scombriformes	RYR	1	found_annotated	fixed10	20	10	10	11	11	0	B3GNT2L;BCKDH;EXOSC5;HNRNPUL1;NAPA;OPA3;PPP1R13L;PPP5C;RASGRP4;TGFB1A;TMEM91
Scomber_japonicus|GCF_027409825.1|RYR.2	GCF_027409825.1	Scomber japonicus	Actinopteri	Scombriformes	RYR	2	found_annotated	fixed10	20	10	10	11	11	0	BRD8A;CXXC5A;DNAJC18;GNG8;MAP7D2A;NFRK;PHLDB2A;PPP3C;PURA;SMS;TMEM45B
Scomber_japonicus|GCF_027409825.1|RYR.3	GCF_027409825.1	Scomber japonicus	Actinopteri	Scombriformes	RYR	3	found_annotated	fixed10	20	10	10	10	10	0	ACP7;CRIM1;EIF2AK4;FSIP1;GCHFR;GREM1B;MAX;RAB15;SLC10A1;SUSD6
Scomber_japonicus|GCF_027409825.1|RYR.4	GCF_027409825.1	Scomber japonicus	Actinopteri	Scombriformes	RYR	4	found_annotated	fixed10	20	10	10	12	12	0	ABRACL;ACTC1A;AVEN;CLU;EMC7B;GPR176;GREM1A;HECA;KATNBL1;LAMA2;REPS1;THBS1B
Scomber_japonicus|GCF_027409825.1|RYR.5	GCF_027409825.1	Scomber japonicus	Actinopteri	Scombriformes	RYR	5	found_annotated	fixed10	20	10	10	13	13	0	ACTN2B;CCSER2A;CHRM3A;DNAJC9;ECD;FAM149B1;FMN2A;GREM2A;GRID1A;NDNFL;P4HA1B;RGS7A;SPARCL2
Neoarius_graeffei|GCF_027579695.1|ITPR1.0	GCF_027579695.1	Neoarius graeffei	Actinopteri	Siluriformes	ITPR1	0	found_annotated	fixed10	14	10	4	9	9	1	C1QL4B;ENDOU;ITGB7;MYL6;PFKFB4B;PFKM;SMARCC2;SUMF1;TSFM
Neoarius_graeffei|GCF_027579695.1|ITPR1.1	GCF_027579695.1	Neoarius graeffei	Actinopteri	Siluriformes	ITPR1	1	found_annotated	fixed10	20	10	10	16	16	0	BRK1;CAMKV;CAV4A;GNAI2A;GPX1A;GRM2B;INKA1A;MON1A;MST1R;NFYA;RRP9;SEMA3F;SETMAR;SLC38A3A;SORT1A;TRAIP
Neoarius_graeffei|GCF_027579695.1|ITPR2.0	GCF_027579695.1	Neoarius graeffei	Actinopteri	Siluriformes	ITPR2	0	found_annotated	fixed10	20	10	10	18	18	1	ALX1;BHLHE41;BMAL2;C1QTNF13;CTSD;EEA1;EIF4G2B;LRRIQ1;MGAT4C;NR1H4;NTS;NUDT4A;PLEKHG7;RASSF9;SLC17A8;SLC6A15;SSPN;UBE2N
Neoarius_graeffei|GCF_027579695.1|ITPR3.0	GCF_027579695.1	Neoarius graeffei	Actinopteri	Siluriformes	ITPR3	0	found_annotated	fixed10	20	10	10	17	17	1	ALAS2;CACNA1S;COL2A1A;CPT2;CRY3A;EFHD2;FHAD1;GLS2A;GPR37L1B;MAGOH;PORCN;SPRYD4;SUV39H1B;TAF10;TMCO1;TMEM9;UCK2A
Neoarius_graeffei|GCF_027579695.1|RYR.0	GCF_027579695.1	Neoarius graeffei	Actinopteri	Siluriformes	RYR	0	found_annotated	fixed10	20	10	10	13	13	1	CHRM3B;FBXL15;FDXR;FH;FMN2B;GPX9;GREM2B;HHEX;LZTS2B;MRPL38;MTR;PAX2B;RGS7B
Neoarius_graeffei|GCF_027579695.1|RYR.1	GCF_027579695.1	Neoarius graeffei	Actinopteri	Siluriformes	RYR	1	found_annotated	fixed10	20	10	10	10	10	0	CELF6;DDX11;FKBP4;GUCA1G;IQSEC3B;PARP6A;PKMA;PTPRQ;RPP25B;WASH1
Neoarius_graeffei|GCF_027579695.1|RYR.2	GCF_027579695.1	Neoarius graeffei	Actinopteri	Siluriformes	RYR	2	found_annotated	fixed10	20	10	10	13	13	0	ACAT1;ACER3;ARR3A;DSCAM;F9B;FGF13B;FHL1B;HTATSF1;IGSF5A;IL2RG;MDH2;SKA2;TMPRSS2
Neoarius_graeffei|GCF_027579695.1|RYR.3	GCF_027579695.1	Neoarius graeffei	Actinopteri	Siluriformes	RYR	3	found_annotated	fixed10	20	10	10	10	10	0	ACP7;ANKRD9;ARHGAP11A;BMF1;DNAJC17;EIF2AK4;FSIP1;GCHFR;GREM1B;TECPR2
Neoarius_graeffei|GCF_027579695.1|RYR.4	GCF_027579695.1	Neoarius graeffei	Actinopteri	Siluriformes	RYR	4	found_annotated	fixed10	20	10	10	13	13	0	ACTC1A;ADAM17B;AVEN;CHRM5B;CPSF3;EMC7B;FMN1;GREM1A;KATNBL1;KLF11A;TAF1B;THBS1B;YWHAQ
Neoarius_graeffei|GCF_027579695.1|RYR.5	GCF_027579695.1	Neoarius graeffei	Actinopteri	Siluriformes	RYR	5	found_annotated	fixed10	20	10	10	15	15	0	ACTN2B;ARHGEF33;CHRM3A;ECD;FMN2A;GREM2A;MAP4K3B;P4HA1B;REEP3A;RGS7A;SELENON;SLC22A15;STYXL1;THUMPD2;ZNF593
Bombina_bombina|GCF_027579735.1|ITPR1.0	GCF_027579735.1	Bombina bombina	Amphibia	Anura	ITPR1	0	found_annotated	fixed10	20	10	10	13	13	1	ARIH2;BHLHE40;DALRD3;EDEM1;GRM7;LMCD1;LRRN1;P4HTM;SLC25A20;SRGAP3;SUMF1;THUMPD3;WDR6
Bombina_bombina|GCF_027579735.1|ITPR2.0	GCF_027579735.1	Bombina bombina	Amphibia	Anura	ITPR2	0	found_annotated	fixed10	20	10	10	17	17	1	ARFGAP3;BCAT1;BHLHE41;BMAL2;DNAI7;ETFRF1;FGFR1OP2;INTS13;IRAG2;KRAS;LMNTD1;MED21;RASSF8;SSPN;STK38L;TM7SF3;TTLL1
Bombina_bombina|GCF_027579735.1|ITPR3.0	GCF_027579735.1	Bombina bombina	Amphibia	Anura	ITPR3	0	found_annotated	fixed10	20	10	10	14	14	1	APOBEC2;BAK1;DRAM2;GPR25;GRM4;HMGA1;INAVA;IP6K3;LEMD2;NUDT3;OARD1;PARL;SMIM29;TBC1D22B
Bombina_bombina|GCF_027579735.1|RYR.0	GCF_027579735.1	Bombina bombina	Amphibia	Anura	RYR	0	found_annotated	fixed10	20	10	10	13	13	1	ALKBH6;BICRA;CLIP3;EIF3K;FAM98C;KPTN;MAP4K1;MEIS3;NAPA;PSMD8;RASGRP4;SLC8A2;TSPAN15
Bombina_bombina|GCF_027579735.1|RYR.1	GCF_027579735.1	Bombina bombina	Amphibia	Anura	RYR	1	found_annotated	fixed10	20	10	10	19	19	0	ARHGAP11A;AVEN;CCDC177;CDIN1;CHRM5;DCAF5;ERH;EXD2;FAM98B;FMN1;GALNT16;GPR176;GREM1;MEIS2;RASGRP1;SCG5;SLC39A9;SPRED1;SUSD6
Sorex_araneus|GCF_027595985.1|ITPR1.0	GCF_027595985.1	Sorex araneus	Mammalia	Eulipotyphla	ITPR1	0	found_annotated	fixed10	20	10	10	15	15	1	ARL8B;BHLHE40;CHL1;CRBN;EDEM1;GRM7;LMCD1;LRRN1;OXTR;PDZRN3;RAD18;SRGAP3;SUMF1;THUMPD3;TRNT1
Sorex_araneus|GCF_027595985.1|ITPR2.0	GCF_027595985.1	Sorex araneus	Mammalia	Eulipotyphla	ITPR2	0	found_annotated	fixed10	20	10	10	18	18	1	BHLHE41;C10H12ORF71;DNAI7;ETFRF1;FGFR1OP2;INTS13;IRAG2;KRAS;LMNTD1;MANSC4;MED21;MRPS35;PPFIBP1;RASSF8;REP15;SSPN;STK38L;TM7SF3
Sorex_araneus|GCF_027595985.1|ITPR3.0	GCF_027595985.1	Sorex araneus	Mammalia	Eulipotyphla	ITPR3	0	found_annotated	fixed10	20	10	10	18	16	1	BAK1;CUTA;DAXX;GRM4;HMGA1;ILRUN;KIFC1;NUDT3;PACSIN1;PHF1;RPS10;SMIM29;SMIM40;SNRPC;SPDEF;SYNGAP1;ZBTB22;ZBTB9
Sorex_araneus|GCF_027595985.1|RYR.0	GCF_027595985.1	Sorex araneus	Mammalia	Eulipotyphla	RYR	0	found_annotated	fixed10	20	10	10	13	12	1	ACTN2;BCR;CHRM3;EDARADD;ERO1B;GNAZ;HEATR1;LGALS8;MTR;RAB36;RSPH14;ZNF248;ZNF25
Sorex_araneus|GCF_027595985.1|RYR.1	GCF_027595985.1	Sorex araneus	Mammalia	Eulipotyphla	RYR	1	found_annotated	fixed10	20	10	10	15	15	0	ACTN4;C8H19ORF33;CAPN12;CATSPERG;EIF3K;FAM98C;GGN;KCNK6;LGALS7;MAP4K1;PSMD8;RASGRP4;SPINT2;SPRED3;YIF1B
Sorex_araneus|GCF_027595985.1|RYR.2	GCF_027595985.1	Sorex araneus	Mammalia	Eulipotyphla	RYR	2	found_annotated	fixed10	20	10	10	17	16	0	ACTC1;AQR;ARHGAP11A;AVEN;CHRM5;EMC4;EMC7;FMN1;GJD2;GREM1;KATNBL1;LPCAT4;NOP10;NUTM1;SCG5;SLC12A6;ZNF770
Notamacropus_eugenii|GCF_028372415.1|ITPR1.0	GCF_028372415.1	Notamacropus eugenii	Mammalia	Diprotodontia	ITPR1	0	found_annotated	fixed10	20	10	10	16	16	1	ARL8B;BHLHE40;CAV3;CHL1;CNTN3;CRBN;EDEM1;GRM7;IL5RA;LMCD1;LRRN1;RAD18;SRGAP3;SUMF1;THUMPD3;TRNT1
Notamacropus_eugenii|GCF_028372415.1|ITPR2.0	GCF_028372415.1	Notamacropus eugenii	Mammalia	Diprotodontia	ITPR2	0	found_annotated	fixed10	20	10	10	19	19	1	BCAT1;BHLHE41;BMAL2;DNAI7;ETFRF1;FGFR1OP2;INTS13;IRAG2;KRAS;LMNTD1;MED21;PFKFB3;PRKCQ;RASSF8;RBM17;SFMBT2;SSPN;STK38L;TM7SF3
Notamacropus_eugenii|GCF_028372415.1|ITPR3.0	GCF_028372415.1	Notamacropus eugenii	Mammalia	Diprotodontia	ITPR3	0	found_annotated	fixed10	20	10	10	19	17	1	BAK1;CUTA;DAXX;GRM4;HMGA1;IP6K3;KIFC1;LEMD2;MLN;NUDT3;PACSIN1;PHF1;RPS10;SMIM29;SMIM40;SYNGAP1;UQCC2;ZBTB22;ZBTB9
Notamacropus_eugenii|GCF_028372415.1|RYR.0	GCF_028372415.1	Notamacropus eugenii	Mammalia	Diprotodontia	RYR	0	found_annotated	fixed10	20	10	10	18	18	1	ACTN2;CHRM3;EDARADD;ERO1B;FH;FMN2;GNG4;GPR137B;GREM2;HEATR1;KMO;LGALS8;LYST;MTR;NID1;OPN3;RGS7;ZP4
Notamacropus_eugenii|GCF_028372415.1|RYR.1	GCF_028372415.1	Notamacropus eugenii	Mammalia	Diprotodontia	RYR	1	found_annotated	fixed10	20	10	10	20	19	0	ACTN4;AKT2;C5H19ORF47;CAPN12;CCNP;DPF1;ECH1;EIF3K;HNRNPL;LGALS4;LGALS7;MAP3K10;MAP4K1;PLD3;PPP1R14A;RINL;SIPA1L3;SIRT2;TTC9B;WDR87
Notamacropus_eugenii|GCF_028372415.1|RYR.2	GCF_028372415.1	Notamacropus eugenii	Mammalia	Diprotodontia	RYR	2	found_annotated	fixed10	20	10	10	17	16	0	AQR;ARHGAP11A;AVEN;CHRM5;DPH6;EMC4;EMC7;FMN1;GJD2;GREM1;KATNBL1;LPCAT4;NOP10;NUTM1;SCG5;SLC12A6;ZNF770
Rhea_pennata|GCF_028389875.1|ITPR1.0	GCF_028389875.1	Rhea pennata	Aves	Rheiformes	ITPR1	0	found_annotated	fixed10	20	10	10	16	16	1	ARL8B;BHLHE40;CAV3;CHL1;CRBN;EDEM1;GRM7;IL5RA;LMCD1;LRRN1;OXTR;RAD18;SRGAP3;SUMF1;THUMPD3;TRNT1
Rhea_pennata|GCF_028389875.1|ITPR2.0	GCF_028389875.1	Rhea pennata	Aves	Rheiformes	ITPR2	0	found_annotated	fixed10	20	10	10	18	18	1	BHLHE41;BMAL2;DNAI7;ETFRF1;FGFR1OP2;GYS2;INTS13;IRAG2;KRAS;LMNTD1;MED21;PPFIBP1;RASSF8;REP15;SPX;SSPN;STK38L;TM7SF3
Rhea_pennata|GCF_028389875.1|ITPR3.0	GCF_028389875.1	Rhea pennata	Aves	Rheiformes	ITPR3	0	found_annotated	fixed10	20	10	10	15	15	1	APOBEC2;BAK1;FOXP4;GRM4;HMGA1;IP6K3;LEMD2;MDFI;NFYA;NUDT3;OARD1;PACSIN1;RPS10;SMIM29;TSPO2
Rhea_pennata|GCF_028389875.1|RYR.0	GCF_028389875.1	Rhea pennata	Aves	Rheiformes	RYR	0	found_annotated	fixed10	20	10	10	19	19	1	ACTN2;CHRM3;EDARADD;ERO1B;EXO1;FMN2;GPR137B;GREM2;HEATR1;LGALS8;MAP1LC3C;MTR;NID1;OPN3;PIGM;RGS7;TTLL2;UNC93A;WDR64
Rhea_pennata|GCF_028389875.1|RYR.1	GCF_028389875.1	Rhea pennata	Aves	Rheiformes	RYR	1	found_annotated	fixed10	20	10	10	19	19	0	ARHGAP11A;AVEN;CDIN1;CHRM5;DPH6;EIF2AK4;EMC7;FAM98B;FMN1;FSIP1;GPR176;GREM1;KATNBL1;MEIS2;RASGRP1;SCG5;SPRED1;SRP14;THBS1
Rhea_pennata|GCF_028389875.1|RYR.2	GCF_028389875.1	Rhea pennata	Aves	Rheiformes	RYR	2	found_annotated	fixed10	1	1	0	0	0	0	
Colius_striatus|GCF_028858725.1|ITPR1.0	GCF_028858725.1	Colius striatus	Aves	Coliiformes	ITPR1	0	found_annotated	fixed10	20	10	10	18	17	1	ARL8B;BHLHE40;CAV3;CHL1;CNTN3;CNTN6;CRBN;EDEM1;GRM7;IL5RA;LMCD1;LRRN1;OXTR;RAD18;SRGAP3;SSUH2;SUMF1;TRNT1
Colius_striatus|GCF_028858725.1|ITPR2.0	GCF_028858725.1	Colius striatus	Aves	Coliiformes	ITPR2	0	found_annotated	fixed10	20	10	10	16	16	1	BHLHE41;BMAL2;DNAI7;ETFRF1;FGFR1OP2;INTS13;IRAG2;KRAS;MED21;PPFIBP1;RASSF8;REP15;SPX;SSPN;STK38L;TM7SF3
Colius_striatus|GCF_028858725.1|ITPR3.0	GCF_028858725.1	Colius striatus	Aves	Coliiformes	ITPR3	0	found_annotated	fixed10	20	10	10	18	18	1	APOBEC2;BAK1;BLTP3A;FOXP4;GRM4;HMGA1;ILRUN;MDFI;NFYA;NUDT3;OARD1;PACSIN1;RPS10;SMIM29;SNRPC;SPDEF;TFEB;TSPO2
Colius_striatus|GCF_028858725.1|RYR.0	GCF_028858725.1	Colius striatus	Aves	Coliiformes	RYR	0	found_annotated	fixed10	20	10	10	17	17	0	ACTN2;ARID4B;B3GALNT2;CHRM3;EDARADD;ERO1B;FMN2;GGPS1;GNG4;GPR137B;GREM2;HEATR1;LGALS8;LTB4R;LYST;MTR;NID1
Colius_striatus|GCF_028858725.1|RYR.1	GCF_028858725.1	Colius striatus	Aves	Coliiformes	RYR	1	found_annotated	fixed10	20	10	10	18	18	1	ARHGAP11A;AVEN;CDIN1;CHRM5;DPH6;EIF2AK4;EMC7;FAM98B;FMN1;FSIP1;GPR176;GREM1;KATNBL1;MEIS2;RASGRP1;SCG5;SPRED1;THBS1
Hoplias_malabaricus|GCF_029633855.1|ITPR1.0	GCF_029633855.1	Hoplias malabaricus	Actinopteri	Characiformes	ITPR1	0	found_annotated	fixed10	20	10	10	17	17	1	C1QL4B;COL7A1;ENDOU;ESPL1;IP6K2B;ITGB7;MYL6;PFDN5;PFKFB4B;PFKM;SEC61A1A;SLC4A8;SMARCC2;SUMF1;TSFM;TTLL3;UROC1
Hoplias_malabaricus|GCF_029633855.1|ITPR1.1	GCF_029633855.1	Hoplias malabaricus	Actinopteri	Characiformes	ITPR1	1	found_annotated	fixed10	20	10	10	17	17	0	ARL8B;BHLHE40;BRK1;CAMKV;CAV4A;GNAI2A;GPX1A;GRM2B;INKA1A;MON1A;MST1R;RRP9;SEMA3F;SETMAR;SLC38A3A;SORT1A;TRAIP
Hoplias_malabaricus|GCF_029633855.1|ITPR2.0	GCF_029633855.1	Hoplias malabaricus	Actinopteri	Characiformes	ITPR2	0	found_annotated	fixed10	20	10	10	18	18	1	ALX1;BHLHE41;BMAL2;C1QTNF13;CTSD;EEA1;EIF4G2B;LRRIQ1;MGAT4C;NR1H4;NTS;NUDT4A;PLEKHG7;RASSF9;SLC17A8;SLC6A15;SSPN;UBE2N
Hoplias_malabaricus|GCF_029633855.1|ITPR3.0	GCF_029633855.1	Hoplias malabaricus	Actinopteri	Characiformes	ITPR3	0	found_annotated	fixed10	20	10	10	15	15	1	CACNA1S;COL2A1A;CRY3A;EFHD2;ELA2;FHAD1;FOXP3A;GLS2A;GPR37L1B;PORCN;SPRYD4;SUV39H1B;TAF10;TMEM9;TSPY
Hoplias_malabaricus|GCF_029633855.1|RYR.0	GCF_029633855.1	Hoplias malabaricus	Actinopteri	Characiformes	RYR	0	found_annotated	fixed10	20	10	10	10	10	1	ARSA;CELF6;CIMAP1B;DHDH;HCN4;MAPK8IP2;PKMA;RABL2;SHANK3A;TRIM35-30
Hoplias_malabaricus|GCF_029633855.1|RYR.1	GCF_029633855.1	Hoplias malabaricus	Actinopteri	Characiformes	RYR	1	found_annotated	fixed10	20	10	10	12	12	0	CHRM3B;CYP4F3;DYDC2;FH;FMN2B;GREM2B;HHEX;LZTS2B;MTR;PDZD7B;RGS7B;SELENOU1B
Hoplias_malabaricus|GCF_029633855.1|RYR.2	GCF_029633855.1	Hoplias malabaricus	Actinopteri	Characiformes	RYR	2	found_annotated	fixed10	20	10	10	12	12	0	ACP7;ACTC1B;ANKRD9;ARHGAP11A;BMF1;CHRM5A;CYP1C2;EIF2AK4;FSIP1;GREM1B;RCOR1;TECPR2
Hoplias_malabaricus|GCF_029633855.1|RYR.3	GCF_029633855.1	Hoplias malabaricus	Actinopteri	Characiformes	RYR	3	found_annotated	fixed10	20	10	10	14	14	0	ACTC1A;ADAM17B;CHRM5B;CPSF3;EMC7B;EXOC2;FMN1;GREM1A;IRF4B;KATNBL1;KLF11A;TAF1B;THBS1B;YWHAQ
Hoplias_malabaricus|GCF_029633855.1|RYR.4	GCF_029633855.1	Hoplias malabaricus	Actinopteri	Characiformes	RYR	4	found_annotated	fixed10	20	10	10	18	18	0	ACTN2B;ADD3B;ARHGEF33;CHRM3A;CYP26C1;ECD;FMN2A;GREM2A;MAP4K3B;MORN2;P4HA1B;REEP3A;RGS7A;SELENON;SLC22A15;SORCS3B;THUMPD2;ZNF593
Lampris_incognitus|GCF_029633865.1|ITPR1.0	GCF_029633865.1	Lampris incognitus	Actinopteri	Lampriformes	ITPR1	0	found_annotated	fixed10	20	10	10	10	10	1	ATF1;ATF7B;DIP2B;ESYT1B;FAIM2B;LARP4A;SCN8A;SLC4A8;TTLL3;ZC3H10
Lampris_incognitus|GCF_029633865.1|ITPR1.1	GCF_029633865.1	Lampris incognitus	Actinopteri	Lampriformes	ITPR1	1	found_annotated	fixed10	20	10	10	14	14	0	ARL6IP5A;AVPR2B;BHLHE40;COMT;EEVS;FRMD4B;LRRN1;MDFIC2;MITF;MON1A;MST1R;SETMAR;TRAIP;TRNT1
Lampris_incognitus|GCF_029633865.1|ITPR2.0	GCF_029633865.1	Lampris incognitus	Actinopteri	Lampriformes	ITPR2	0	found_annotated	fixed10	16	10	6	14	14	1	BANP;BHLHE41;BMAL2;C1QTNF13;EEA1;FBXO31;KRAS;NR1H4;NUDT4A;PLEKHG7;PPFIBP1B;SLC17A8;SSPN;UBE2N
Lampris_incognitus|GCF_029633865.1|ITPR3.0	GCF_029633865.1	Lampris incognitus	Actinopteri	Lampriformes	ITPR3	0	found_annotated	fixed10	20	10	10	6	6	1	CD34;EDEM2;MFN2;MRGBP;RFC2;USP11
Lampris_incognitus|GCF_029633865.1|RYR.0	GCF_029633865.1	Lampris incognitus	Actinopteri	Lampriformes	RYR	0	found_annotated	fixed10	10	10	0	5	5	1	BMS1;EXOC6;FH;FMN2B;HHEX
Lampris_incognitus|GCF_029633865.1|RYR.1	GCF_029633865.1	Lampris incognitus	Actinopteri	Lampriformes	RYR	1	found_annotated	fixed10	20	10	10	14	14	0	ACAD8;B3GNT2L;BCKDH;BICR;ESAM;EXOSC5;HNRNPUL1;NAPA;OPA3;PPP1R13L;RASGRP4;TGFB1A;THYN1;TMEM91
Lampris_incognitus|GCF_029633865.1|RYR.2	GCF_029633865.1	Lampris incognitus	Actinopteri	Lampriformes	RYR	2	found_annotated	fixed10	20	10	10	11	11	0	BRD8A;CXXC5A;DNAJC18;GABRR3A;GNG8;MAP7D2A;NFRK;PHLDB2A;PURA;SMS;TMEM45B
Lampris_incognitus|GCF_029633865.1|RYR.3	GCF_029633865.1	Lampris incognitus	Actinopteri	Lampriformes	RYR	3	found_annotated	fixed10	20	10	10	7	7	0	ACP7;ARHGAP11A;BMF1;CHRM5A;EIF2AK4;FSIP1;GREM1B
Lampris_incognitus|GCF_029633865.1|RYR.4	GCF_029633865.1	Lampris incognitus	Actinopteri	Lampriformes	RYR	4	found_annotated	fixed10	20	10	10	16	16	0	ACTC1A;AVEN;CHRM5B;EMC7B;GPR176;GREM1A;KATNBL1;KNL1;KNSTRN;MTIF3;RFX6;SLC10A1;SRSF5B;SUSD6;TDRD15;THBS1B
Lampris_incognitus|GCF_029633865.1|RYR.5	GCF_029633865.1	Lampris incognitus	Actinopteri	Lampriformes	RYR	5	found_annotated	fixed10	20	10	10	14	14	0	ACTN2B;CCSER2A;CHRM3A;ECD;FAM149B1;FMN2A;GPR155B;GREM2A;GRID1A;NDNFL;P4HA1B;RGS7A;SPARCL2;STYXL1
Manis_pentadactyla|GCF_030020395.1|ITPR1.0	GCF_030020395.1	Manis pentadactyla	Mammalia	Pholidota	ITPR1	0	found_annotated	fixed10	20	10	10	18	17	1	ARL8B;BHLHE40;CAV3;CHL1;CNTN4;CNTN6;CRBN;EDEM1;GRM7;IL5RA;LMCD1;LRRN1;OXTR;RAD18;SRGAP3;SSUH2;SUMF1;TRNT1
Manis_pentadactyla|GCF_030020395.1|ITPR2.0	GCF_030020395.1	Manis pentadactyla	Mammalia	Pholidota	ITPR2	0	found_annotated	fixed10	20	10	10	19	19	1	BCAT1;BHLHE41;C14H12ORF71;DNAI7;ETFRF1;FGFR1OP2;INTS13;IRAG2;KRAS;LMNTD1;MED21;MRPS35;PPFIBP1;RASSF8;REP15;SMCO2;SSPN;STK38L;TM7SF3
Manis_pentadactyla|GCF_030020395.1|ITPR3.0	GCF_030020395.1	Manis pentadactyla	Mammalia	Pholidota	ITPR3	0	found_annotated	fixed10	20	10	10	18	17	1	BAK1;CUTA;DAXX;GRM4;HMGA1;IP6K3;KIFC1;LEMD2;MLN;NUDT3;PACSIN1;PHF1;RPS10;SMIM29;SMIM40;SPDEF;SYNGAP1;ZBTB9
Manis_pentadactyla|GCF_030020395.1|RYR.0	GCF_030020395.1	Manis pentadactyla	Mammalia	Pholidota	RYR	0	found_annotated	fixed10	20	10	10	18	18	1	ACTN2;ARHGAP22;CHRM3;EDARADD;ERO1B;FAM170B;FRMPD2;GPR137B;HEATR1;LGALS8;LRRC18;MAPK8;MTR;NID1;TMEM273;VSTM4;WDFY4;ZP4
Manis_pentadactyla|GCF_030020395.1|RYR.1	GCF_030020395.1	Manis pentadactyla	Mammalia	Pholidota	RYR	1	found_annotated	fixed10	20	10	10	18	18	0	ACTN4;CAPN12;CATSPERG;ECH1;EIF3K;FAM98C;GGN;HNRNPL;KCNK6;LGALS4;MAP4K1;PPP1R14A;PSMD8;RASGRP4;RINL;SPINT2;SPRED3;YIF1B
Manis_pentadactyla|GCF_030020395.1|RYR.2	GCF_030020395.1	Manis pentadactyla	Mammalia	Pholidota	RYR	2	found_annotated	fixed10	20	10	10	17	16	0	ACTC1;AQR;ARHGAP11A;CHRM5;DPH6;EMC4;EMC7;FMN1;GJD2;GREM1;KATNBL1;LPCAT4;NOP10;NUTM1;SCG5;SLC12A6;ZNF770
Dasypus_novemcinctus|GCF_030445035.2|ITPR1.0	GCF_030445035.2	Dasypus novemcinctus	Mammalia	Cingulata	ITPR1	0	found_annotated	fixed10	20	10	10	17	16	1	ARL8B;BHLHE40;CAV3;CNTN4;CNTN6;CRBN;EDEM1;GRM7;IL5RA;LMCD1;LRRN1;RAD18;SRGAP3;SSUH2;SUMF1;THUMPD3;TRNT1
Dasypus_novemcinctus|GCF_030445035.2|ITPR2.0	GCF_030445035.2	Dasypus novemcinctus	Mammalia	Cingulata	ITPR2	0	found_annotated	fixed10	20	10	10	19	19	1	BCAT1;BHLHE41;BMAL2;C20H12ORF71;DNAI7;FGFR1OP2;INTS13;IRAG2;KRAS;LMNTD1;MED21;PPFIBP1;RASSF8;REP15;SMCO2;SOX5;SSPN;STK38L;TM7SF3
Dasypus_novemcinctus|GCF_030445035.2|ITPR3.0	GCF_030445035.2	Dasypus novemcinctus	Mammalia	Cingulata	ITPR3	0	found_annotated	fixed10	20	10	10	19	18	1	BAK1;CUTA;DAXX;GRM4;HMGA1;KIFC1;LEMD2;MLN;NUDT3;PACSIN1;PHF1;RGL2;RPS10;SMIM29;SPDEF;SYNGAP1;TAPBP;ZBTB22;ZBTB9
Dasypus_novemcinctus|GCF_030445035.2|RYR.0	GCF_030445035.2	Dasypus novemcinctus	Mammalia	Cingulata	RYR	0	found_annotated	fixed10	20	10	10	17	17	1	ACTN2;CHML;CHRM3;EDARADD;ERO1B;FMN2;GPR137B;GREM2;HEATR1;KMO;LGALS8;LYST;MTR;NID1;OPN3;WDR64;ZP4
Dasypus_novemcinctus|GCF_030445035.2|RYR.1	GCF_030445035.2	Dasypus novemcinctus	Mammalia	Cingulata	RYR	1	found_annotated	fixed10	20	10	10	20	19	0	ACTN4;C18H19ORF33;CAPN12;CATSPERG;ECH1;EIF3K;FAM98C;GGN;HNRNPL;KCNK6;LGALS4;LGALS7;MAP4K1;PSMD8;RASGRP4;RINL;SIRT2;SPINT2;SPRED3;YIF1B
Dasypus_novemcinctus|GCF_030445035.2|RYR.2	GCF_030445035.2	Dasypus novemcinctus	Mammalia	Cingulata	RYR	2	found_annotated	fixed10	20	10	10	16	15	0	ACTC1;AQR;ARHGAP11A;AVEN;CHRM5;DPH6;EMC4;EMC7;FMN1;GJD2;GREM1;KATNBL1;LPCAT4;NUTM1;SLC12A6;ZNF770
Pelecanus_crispus|GCF_030463565.1|ITPR1.0	GCF_030463565.1	Pelecanus crispus	Aves	Pelecaniformes	ITPR1	0	found_annotated	fixed10	20	10	10	19	17	1	ARL8B;BHLHE40;CAV3;CHL1;CNTN3;CNTN4;CNTN6;CRBN;EDEM1;GRM7;IL5RA;LMCD1;LRRN1;OXTR;RAD18;SRGAP3;SSUH2;SUMF1;TRNT1
Pelecanus_crispus|GCF_030463565.1|ITPR2.0	GCF_030463565.1	Pelecanus crispus	Aves	Pelecaniformes	ITPR2	0	found_annotated	fixed10	20	10	10	19	19	1	BHLHE41;BMAL2;CYB5R3;DNAI7;ETFRF1;FGFR1OP2;GYS2;INTS13;IRAG2;KRAS;LMNTD1;MED21;PPFIBP1;RASSF8;REP15;SPX;SSPN;STK38L;TM7SF3
Pelecanus_crispus|GCF_030463565.1|ITPR3.0	GCF_030463565.1	Pelecanus crispus	Aves	Pelecaniformes	ITPR3	0	found_annotated	fixed10	20	10	10	16	16	1	APOBEC2;BAK1;FOXP4;GRM4;HMGA1;IP6K3;LEMD2;MDFI;MLN;NFYA;NUDT3;OARD1;PACSIN1;RPS10;SMIM29;TFEB
Pelecanus_crispus|GCF_030463565.1|RYR.0	GCF_030463565.1	Pelecanus crispus	Aves	Pelecaniformes	RYR	0	found_annotated	fixed10	20	10	10	20	20	1	ACTN2;CHRM3;EDARADD;ERO1B;EXO1;FMN2;GNG4;GPR137B;GREM2;HEATR1;LGALS8;LYST;MAP1LC3C;MTR;NID1;OPN3;PIGM;PLD5;RGS7;WDR64
Pelecanus_crispus|GCF_030463565.1|RYR.1	GCF_030463565.1	Pelecanus crispus	Aves	Pelecaniformes	RYR	1	found_annotated	fixed10	20	10	10	16	16	0	ARHGAP11A;AVEN;CDIN1;CHRM5;EIF2AK4;EMC7;FAM98B;FSIP1;GPR176;GREM1;KATNBL1;RASGRP1;SCG5;SPRED1;SRP14;THBS1
Poecile_atricapillus|GCF_030490865.1|ITPR1.0	GCF_030490865.1	Poecile atricapillus	Aves	Passeriformes	ITPR1	0	found_annotated	fixed10	20	10	10	17	17	1	ARL8B;BHLHE40;CAV3;CHL1;CNTN6;CRBN;EDEM1;GRM7;IL5RA;LMCD1;LRRN1;OXTR;RAD18;SRGAP3;SUMF1;THUMPD3;TRNT1
Poecile_atricapillus|GCF_030490865.1|ITPR2.0	GCF_030490865.1	Poecile atricapillus	Aves	Passeriformes	ITPR2	0	found_annotated	fixed10	20	10	10	0	0	1	
Poecile_atricapillus|GCF_030490865.1|ITPR2.1	GCF_030490865.1	Poecile atricapillus	Aves	Passeriformes	ITPR2	1	found_annotated	fixed10	20	10	10	0	0	0	
Poecile_atricapillus|GCF_030490865.1|ITPR3.0	GCF_030490865.1	Poecile atricapillus	Aves	Passeriformes	ITPR3	0	found_annotated	fixed10	20	10	10	18	18	1	APOBEC2;BAK1;FOXP4;GRM4;HMGA1;ILRUN;MDFI;NFYA;NUDT3;OARD1;PACSIN1;RPS10;SMIM29;SNRPC;SPDEF;TFEB;TREM2;TSPO2
Poecile_atricapillus|GCF_030490865.1|RYR.0	GCF_030490865.1	Poecile atricapillus	Aves	Passeriformes	RYR	0	found_annotated	fixed10	20	10	10	19	19	1	ACTN2;CHRM3;EDARADD;ERO1B;EXO1;FMN2;GNG4;GPR137B;GREM2;HEATR1;LGALS8;LYST;MAP1LC3C;MTR;NID1;OPN3;PIGM;RGS7;WDR64
Poecile_atricapillus|GCF_030490865.1|RYR.1	GCF_030490865.1	Poecile atricapillus	Aves	Passeriformes	RYR	1	found_annotated	fixed10	20	10	10	13	13	0	ACTN4;AKT2;C31H19ORF47;CKM;ECH1;EIF3K;ERCC2;HNRNPL;PLD3;PPP1R14A;PSMD8;SAE1;ZC3H4
Poecile_atricapillus|GCF_030490865.1|RYR.2	GCF_030490865.1	Poecile atricapillus	Aves	Passeriformes	RYR	2	found_annotated	fixed10	20	10	10	18	18	0	ARHGAP11A;AVEN;CDIN1;CHRM5;EIF2AK4;EMC7;FAM98B;FMN1;FSIP1;GPR176;GREM1;KATNBL1;MEIS2;RASGRP1;SCG5;SPRED1;SRP14;THBS1
Alligator_mississippiensis|GCF_030867095.1|ITPR1.0	GCF_030867095.1	Alligator mississippiensis	Crocodylia	Crocodylia	ITPR1	0	found_annotated	fixed10	20	10	10	16	15	1	ARL8B;BHLHE40;CAV3;CHL1;CNTN3;CNTN4;CRBN;EDEM1;GRM7;IL5RA;LMCD1;LRRN1;OXTR;SSUH2;SUMF1;TRNT1
Alligator_mississippiensis|GCF_030867095.1|ITPR2.0	GCF_030867095.1	Alligator mississippiensis	Crocodylia	Crocodylia	ITPR2	0	found_annotated	fixed10	20	10	10	17	17	1	BHLHE41;BMAL2;DNAI7;ETFRF1;FGFR1OP2;GYS2;INTS13;IRAG2;KRAS;LMNTD1;MED21;PPFIBP1;RASSF8;REP15;SSPN;STK38L;TM7SF3
Alligator_mississippiensis|GCF_030867095.1|ITPR3.0	GCF_030867095.1	Alligator mississippiensis	Crocodylia	Crocodylia	ITPR3	0	found_annotated	fixed10	20	10	10	16	16	1	APOBEC2;BAK1;GRM4;HMGA1;IP6K3;LEMD2;MLN;NFYA;NUDT3;OARD1;PACSIN1;RPS10;SMIM29;SPDEF;TSPO2;UNC5CL
Alligator_mississippiensis|GCF_030867095.1|RYR.0	GCF_030867095.1	Alligator mississippiensis	Crocodylia	Crocodylia	RYR	0	found_annotated	fixed10	20	10	10	18	18	1	ACTN2;CHRM3;EDARADD;ERO1B;EXO1;FMN2;GNG4;GPR137B;GREM2;HEATR1;LGALS8;LYST;MTR;NID1;OPN3;PIGM;RGS7;WDR64
Alligator_mississippiensis|GCF_030867095.1|RYR.1	GCF_030867095.1	Alligator mississippiensis	Crocodylia	Crocodylia	RYR	1	found_annotated	fixed10	20	10	10	12	12	0	ACTN4;CATSPERG;EIF3K;FAM98C;GGN;KPTN;MAP4K1;MEIS3;PSMD8;RASGRP4;SLC8A2;SPRED3
Alligator_mississippiensis|GCF_030867095.1|RYR.2	GCF_030867095.1	Alligator mississippiensis	Crocodylia	Crocodylia	RYR	2	found_annotated	fixed10	20	10	10	17	17	0	AVEN;CDIN1;CHRM5;DPH6;EIF2AK4;EMC7;FAM98B;FMN1;FSIP1;GPR176;GREM1;KATNBL1;MEIS2;RASGRP1;SPRED1;SRP14;THBS1
Opisthocomus_hoazin|GCF_030867145.1|ITPR1.0	GCF_030867145.1	Opisthocomus hoazin	Aves	Opisthocomiformes	ITPR1	0	found_annotated	fixed10	20	10	10	16	16	1	ARL8B;BHLHE40;CAV3;CHL1;CRBN;EDEM1;GRM7;IL5RA;LMCD1;LRRN1;OXTR;RAD18;SRGAP3;SUMF1;THUMPD3;TRNT1
Opisthocomus_hoazin|GCF_030867145.1|ITPR2.0	GCF_030867145.1	Opisthocomus hoazin	Aves	Opisthocomiformes	ITPR2	0	found_annotated	fixed10	20	10	10	19	19	1	A4GALT;BHLHE41;BMAL2;CYB5R3;DNAI7;ETFRF1;FGFR1OP2;GYS2;INTS13;IRAG2;KRAS;LMNTD1;MED21;PPFIBP1;RASSF8;SPX;SSPN;STK38L;TM7SF3
Opisthocomus_hoazin|GCF_030867145.1|ITPR3.0	GCF_030867145.1	Opisthocomus hoazin	Aves	Opisthocomiformes	ITPR3	0	found_annotated	fixed10	20	10	10	19	19	1	APOBEC2;BAK1;BLTP3A;FOXP4;GRM4;HMGA1;ILRUN;MDFI;NFYA;NUDT3;OARD1;PACSIN1;RPS10;SMIM29;SNRPC;SPDEF;TFEB;TREM1;TSPO2
Opisthocomus_hoazin|GCF_030867145.1|RYR.0	GCF_030867145.1	Opisthocomus hoazin	Aves	Opisthocomiformes	RYR	0	found_annotated	fixed10	20	10	10	20	20	1	ACTN2;CHRM3;EDARADD;ERO1B;EXO1;FMN2;GNG4;GPR137B;GREM2;HEATR1;LGALS8;LYST;MAP1LC3C;MTR;NID1;OPN3;PIGM;PLD5;RGS7;WDR64
Opisthocomus_hoazin|GCF_030867145.1|RYR.1	GCF_030867145.1	Opisthocomus hoazin	Aves	Opisthocomiformes	RYR	1	found_annotated	fixed10	20	10	10	17	17	0	ARHGAP11A;AVEN;CDIN1;CHRM5;EIF2AK4;EMC7;FAM98B;FSIP1;GPR176;GREM1;KATNBL1;MEIS2;RASGRP1;SCG5;SPRED1;SRP14;THBS1
Gavia_stellata|GCF_030936135.1|ITPR1.0	GCF_030936135.1	Gavia stellata	Aves	Gaviiformes	ITPR1	0	found_annotated	fixed10	20	10	10	16	16	1	ARL8B;CAV3;CHL1;CNTN6;CRBN;EDEM1;GRM7;IL5RA;LMCD1;LRRN1;OXTR;RAD18;SRGAP3;SSUH2;SUMF1;TRNT1
Gavia_stellata|GCF_030936135.1|ITPR2.0	GCF_030936135.1	Gavia stellata	Aves	Gaviiformes	ITPR2	0	found_annotated	fixed10	20	10	10	18	18	1	BHLHE41;BMAL2;DNAI7;FGFR1OP2;GYS2;INTS13;IRAG2;KCNJ8;KRAS;LDHB;MED21;PPFIBP1;RASSF8;REP15;SPX;SSPN;STK38L;TM7SF3
Gavia_stellata|GCF_030936135.1|ITPR3.0	GCF_030936135.1	Gavia stellata	Aves	Gaviiformes	ITPR3	0	found_annotated	fixed10	20	10	10	19	19	1	APOBEC2;BAK1;BLTP3A;FOXP4;GRM4;HMGA1;ILRUN;MDFI;NFYA;NUDT3;OARD1;PACSIN1;RPS10;SMIM29;SNRPC;SPDEF;TFEB;TREM1;TSPO2
Gavia_stellata|GCF_030936135.1|RYR.0	GCF_030936135.1	Gavia stellata	Aves	Gaviiformes	RYR	0	found_annotated	fixed10	20	10	10	19	19	1	ACTN2;CHRM3;EDARADD;ERO1B;EXO1;FMN2;GPR137B;GREM2;HEATR1;LGALS8;LYST;MAP1LC3C;MTR;NID1;OPN3;PIGM;PLD5;RGS7;WDR64
Gavia_stellata|GCF_030936135.1|RYR.1	GCF_030936135.1	Gavia stellata	Aves	Gaviiformes	RYR	1	found_annotated	fixed10	20	10	10	18	18	0	ARHGAP11A;AVEN;CDIN1;CHRM5;DPH6;EIF2AK4;EMC7;FAM98B;FMN1;FSIP1;GPR176;GREM1;KATNBL1;MEIS2;RASGRP1;SCG5;SPRED1;THBS1
Gavia_stellata|GCF_030936135.1|RYR.2	GCF_030936135.1	Gavia stellata	Aves	Gaviiformes	RYR	2	found_annotated	fixed10	19	10	9	18	18	0	ACTN4;BICRA;ECH1;EHD2;EIF3K;HNRNPL;KPTN;LGALS4;MAP4K1;MRPS12;NAPA;NFKBIB;PSMD8;SARS2;SIRT2;SLC8A2;SPRED3;ZNF541
Channa_argus|GCF_033026475.1|ITPR1.0	GCF_033026475.1	Channa argus	Actinopteri	Anabantiformes	ITPR1	0	found_annotated	fixed10	20	10	10	8	8	1	ATF1;ATF7B;DIP2B;ESYT1B;SCN8A;SLC4A8;SUMF1;ZC3H10
Channa_argus|GCF_033026475.1|ITPR1.1	GCF_033026475.1	Channa argus	Actinopteri	Anabantiformes	ITPR1	1	found_annotated	fixed10	20	10	10	18	18	0	ARL6IP5A;ARL8B;AVPR2B;BHLHE40;CAMKV;COMT;EEVS;FRMD4B;GRM6B;LRRN1;MDFIC2;MITF;MON1A;MST1R;SEMA3F;SETMAR;TRAIP;TRNT1
Channa_argus|GCF_033026475.1|ITPR2.0	GCF_033026475.1	Channa argus	Actinopteri	Anabantiformes	ITPR2	0	found_annotated	fixed10	20	10	10	17	17	1	BANP;BHLHE41;BMAL2;C1QTNF13;CES2B;EEA1;FANCI;FBXO31;KRAS;NR1H4;NUDT4A;PLEKHG7;POLG;PPFIBP1B;SLC17A8;SSPN;UBE2N
Channa_argus|GCF_033026475.1|ITPR3.0	GCF_033026475.1	Channa argus	Actinopteri	Anabantiformes	ITPR3	0	found_annotated	fixed10	20	10	10	4	4	1	EDEM2;HM13;MRGBP;SNX21
Channa_argus|GCF_033026475.1|RYR.0	GCF_033026475.1	Channa argus	Actinopteri	Anabantiformes	RYR	0	found_annotated	fixed10	18	10	8	15	15	1	ACBD4;ADGRA1A;ADOA;BMS1;CABCOCO1;CHRM3B;CYP26A1;EGR2B;FMN2B;JMJD1C;MTR;NRBF2B;PLCD3B;REEP3B;TUBGCP2
Channa_argus|GCF_033026475.1|RYR.1	GCF_033026475.1	Channa argus	Actinopteri	Anabantiformes	RYR	1	found_annotated	fixed10	20	10	10	11	11	0	B3GNT2L;BCKDH;EXOSC5;HNRNPUL1;NAPA;OPA3;PPP1R13L;PPP5C;RASGRP4;TGFB1A;TMEM91
Channa_argus|GCF_033026475.1|RYR.2	GCF_033026475.1	Channa argus	Actinopteri	Anabantiformes	RYR	2	found_annotated	fixed10	20	10	10	13	13	0	BRD8A;CXXC5A;DNAJC18;GABRR3A;GNG8;LIPI;NFRK;NRG2A;PHLDB2A;PPP3C;PURA;SMS;TMEM45B
Channa_argus|GCF_033026475.1|RYR.3	GCF_033026475.1	Channa argus	Actinopteri	Anabantiformes	RYR	3	found_annotated	fixed10	20	10	10	8	8	0	ACP7;ARHGAP11A;CRIM1;DNAJC17;EIF2AK4;FSIP1;GCHFR;GREM1B
Channa_argus|GCF_033026475.1|RYR.4	GCF_033026475.1	Channa argus	Actinopteri	Anabantiformes	RYR	4	found_annotated	fixed10	20	10	10	16	16	0	ABRACL;ACTC1A;AFDN;CLU;EMC7B;GREM1A;KATNBL1;PLG;REPS1;RFX6;SCARA3;SCG5;TDRD15;THBS1B;UNC93A;VGLL2A
Channa_argus|GCF_033026475.1|RYR.5	GCF_033026475.1	Channa argus	Actinopteri	Anabantiformes	RYR	5	found_annotated	fixed10	20	10	10	14	14	0	ACTN2B;CCSER2A;CHRM3A;DNAJC9;ECD;FAM149B1;FMN2A;GREM2A;GRID1A;NDNFL;P4HA1B;PHYHIPL;RGS7A;SPARCL2
Cololabis_saira|GCF_033807715.1|ITPR1.0	GCF_033807715.1	Cololabis saira	Actinopteri	Beloniformes	ITPR1	0	found_annotated	fixed10	20	10	10	9	9	1	ATF1;ATF7B;DIP2B;ESYT1B;SCN8A;SLC4A8;SUMF1;TTLL3;ZC3H10
Cololabis_saira|GCF_033807715.1|ITPR1.1	GCF_033807715.1	Cololabis saira	Actinopteri	Beloniformes	ITPR1	1	found_annotated	fixed10	20	10	10	12	12	0	ACAD9;ARL6IP5A;EEVS;FRMD4B;GATA2A;LRRN1;MITF;RPN1;SETMAR;SFMBT1;STIMATE;TRNT1
Cololabis_saira|GCF_033807715.1|ITPR2.0	GCF_033807715.1	Cololabis saira	Actinopteri	Beloniformes	ITPR2	0	found_annotated	fixed10	20	10	10	16	16	1	BANP;BHLHE41;BMAL2;C1QTNF13;CES2B;ENDOUC;FBXO31;KRAS;NR1H4;NUDT4A;PLEKHG7;PPFIBP1B;SLC17A8;SSPN;SYCP3;UBE2N
Cololabis_saira|GCF_033807715.1|ITPR3.0	GCF_033807715.1	Cololabis saira	Actinopteri	Beloniformes	ITPR3	0	found_annotated	fixed10	20	10	10	14	14	1	BCAP31;GPR37L1B;GRIPAP1;HM13;ITIH3A;KCND1;MRGBP;MUSTN1B;PLXNA3;PTPN18;SLC6A8;SNX21;ST14B;SULF2B
Cololabis_saira|GCF_033807715.1|RYR.0	GCF_033807715.1	Cololabis saira	Actinopteri	Beloniformes	RYR	0	found_annotated	fixed10	20	10	10	11	11	0	AAMDC;EXOSC5;HNRNPUL1;INTS4;KCTD14;OPA3;PPP1R13L;PPP5C;RASGRP4;TGFB1A;TMEM91
Cololabis_saira|GCF_033807715.1|RYR.1	GCF_033807715.1	Cololabis saira	Actinopteri	Beloniformes	RYR	1	found_annotated	fixed10	20	10	10	12	12	0	CXXC5A;DNAJC18;GNG8;NFRK;NRG2A;PPP3C;PURA;RB1;RNF121;SLC6A7;TAF1;TMEM45B
Cololabis_saira|GCF_033807715.1|RYR.2	GCF_033807715.1	Cololabis saira	Actinopteri	Beloniformes	RYR	2	found_annotated	fixed10	20	10	10	1	1	1	ATP6V0A1B
Cololabis_saira|GCF_033807715.1|RYR.3	GCF_033807715.1	Cololabis saira	Actinopteri	Beloniformes	RYR	3	found_annotated	fixed10	20	10	10	8	8	0	ACP7;ARHGAP11A;CHRM5A;CRIM1;EIF2AK4;FSIP1;GCHFR;GREM1B
Cololabis_saira|GCF_033807715.1|RYR.4	GCF_033807715.1	Cololabis saira	Actinopteri	Beloniformes	RYR	4	found_annotated	fixed10	20	10	10	18	18	0	ABRACL;ACOT20;ACTC1A;AVEN;CHRM5B;CLU;EMC7B;FMN1;GPR176;GREM1A;HECA;KATNBL1;REPS1;SCARA3;SLC10A1;SRSF5B;SUSD6;THBS1B
Cololabis_saira|GCF_033807715.1|RYR.5	GCF_033807715.1	Cololabis saira	Actinopteri	Beloniformes	RYR	5	found_annotated	fixed10	20	10	10	14	14	0	ACTN2B;CCDC6A;CCSER2A;CHRM3A;DNAJC9;ECD;FAM149B1;FMN2A;GREM2A;NDNFL;P4HA1B;PHYHIPL;RGS7A;SPARCL2
Entelurus_aequoreus|GCF_033978785.1|ITPR1.0	GCF_033978785.1	Entelurus aequoreus	Actinopteri	Syngnathiformes	ITPR1	0	found_annotated	fixed10	20	10	10	7	7	1	ESYT1B;FAIM2B;NR1D4B;SLC4A8;SUMF1;TMT1A;ZC3H10
Entelurus_aequoreus|GCF_033978785.1|ITPR1.1	GCF_033978785.1	Entelurus aequoreus	Actinopteri	Syngnathiformes	ITPR1	1	found_annotated	fixed10	20	10	10	16	16	0	ARL6IP5A;ARL8B;AVPR2B;BHLHE40;FOXP1B;FRMD4B;GRM6B;LRRN1;MITF;MON1A;MST1R;PROK2;SEMA3F;SETMAR;TRAIP;TRNT1
Entelurus_aequoreus|GCF_033978785.1|ITPR2.0	GCF_033978785.1	Entelurus aequoreus	Actinopteri	Syngnathiformes	ITPR2	0	found_annotated	fixed10	20	10	10	13	13	1	BANP;BHLHE41;BMAL2;C1QTNF13;EEA1;KRAS;NR1H4;NUDT4A;PLEKHG7;PPFIBP1B;SLC17A8;SSPN;UBE2N
Entelurus_aequoreus|GCF_033978785.1|ITPR3.0	GCF_033978785.1	Entelurus aequoreus	Actinopteri	Syngnathiformes	ITPR3	0	found_annotated	fixed10	20	10	10	10	10	1	ABCD1;CCDC120A;HCFC1B;HM13;IRAK1;MECP2;MRGBP;PLXNB3;RFC2;SRPK3
Entelurus_aequoreus|GCF_033978785.1|RYR.0	GCF_033978785.1	Entelurus aequoreus	Actinopteri	Syngnathiformes	RYR	0	found_annotated	fixed10	20	10	10	12	12	1	ADOA;BMS1;DCXR;EGR2B;IPMK;JMJD1C;MTR;NAGLU;NRBF2B;REEP3B;RFNG;TFAM
Entelurus_aequoreus|GCF_033978785.1|RYR.1	GCF_033978785.1	Entelurus aequoreus	Actinopteri	Syngnathiformes	RYR	1	found_annotated	fixed10	20	10	10	10	10	0	B3GNT2L;BCKDH;EXOSC5;FNDC3A;HNRNPUL1;OPA3;PPP1R13L;RASGRP4;RCBTB2;TMEM91
Entelurus_aequoreus|GCF_033978785.1|RYR.2	GCF_033978785.1	Entelurus aequoreus	Actinopteri	Syngnathiformes	RYR	2	found_annotated	fixed10	20	10	10	2	2	0	NRG2A;PURA
Entelurus_aequoreus|GCF_033978785.1|RYR.3	GCF_033978785.1	Entelurus aequoreus	Actinopteri	Syngnathiformes	RYR	3	found_annotated	fixed10	20	10	10	3	3	0	GABRR3A;PCYT1B;PHLDB2A
Entelurus_aequoreus|GCF_033978785.1|RYR.4	GCF_033978785.1	Entelurus aequoreus	Actinopteri	Syngnathiformes	RYR	4	found_annotated	fixed10	20	10	10	13	13	0	ARF6B;ASPG;HIF1A;KIF26A;KTN1;LG03H14ORF180;MNAT1;MSH4;PRKCH;SIX4A;SLC38A6;TRMT5;VCPKMT
Entelurus_aequoreus|GCF_033978785.1|RYR.5	GCF_033978785.1	Entelurus aequoreus	Actinopteri	Syngnathiformes	RYR	5	found_annotated	fixed10	20	10	10	12	12	0	ABRACL;ACTC1A;CHRM5B;CLU;EMC7B;GPR176;KATNBL1;REPS1;SCARA3;SRSF5B;SUSD6;THBS1B
Entelurus_aequoreus|GCF_033978785.1|RYR.6	GCF_033978785.1	Entelurus aequoreus	Actinopteri	Syngnathiformes	RYR	6	found_annotated	fixed10	20	10	10	9	9	0	ACTN2B;CFAP36;CHRM3A;FAM13C;FMN2A;PHYHIPL;PPP4R3B;RGS7A;SLC16A9B
Leptosomus_discolor|GCF_034619465.1|ITPR1.0	GCF_034619465.1	Leptosomus discolor	Aves	Leptosomiformes	ITPR1	0	found_annotated	fixed10	20	10	10	17	17	1	ARL8B;BHLHE40;CAV3;CHL1;CNTN6;CRBN;EDEM1;GRM7;IL5RA;LMCD1;LRRN1;OXTR;RAD18;SRGAP3;SSUH2;SUMF1;TRNT1
Leptosomus_discolor|GCF_034619465.1|ITPR2.0	GCF_034619465.1	Leptosomus discolor	Aves	Leptosomiformes	ITPR2	0	found_annotated	fixed10	20	10	10	19	19	1	BHLHE41;BMAL2;CYB5R3;DNAI7;ETFRF1;FGFR1OP2;GYS2;INTS13;IRAG2;KRAS;LMNTD1;MED21;PPFIBP1;RASSF8;REP15;SPX;SSPN;STK38L;TM7SF3
Leptosomus_discolor|GCF_034619465.1|ITPR3.0	GCF_034619465.1	Leptosomus discolor	Aves	Leptosomiformes	ITPR3	0	found_annotated	fixed10	20	10	10	17	17	1	APOBEC2;BAK1;FOXP4;GRM4;HMGA1;IP6K3;LEMD2;MDFI;MLN;NFYA;NUDT3;OARD1;PACSIN1;RPS10;SMIM29;TREML1;TSPO2
Leptosomus_discolor|GCF_034619465.1|RYR.0	GCF_034619465.1	Leptosomus discolor	Aves	Leptosomiformes	RYR	0	found_annotated	fixed10	20	10	10	18	18	1	ACTN2;CHRM3;EDARADD;ERO1B;EXO1;FMN2;GPR137B;GREM2;HEATR1;LGALS8;LYST;MAP1LC3C;MTR;NID1;OPN3;PIGM;RGS7;WDR64
Leptosomus_discolor|GCF_034619465.1|RYR.1	GCF_034619465.1	Leptosomus discolor	Aves	Leptosomiformes	RYR	1	found_annotated	fixed10	20	10	10	19	19	0	ARHGAP11A;AVEN;CDIN1;CHRM5;DPH6;EIF2AK4;EMC7;FMN1;FSIP1;GPR176;GREM1;KATNBL1;MEIS2;RASGRP1;SCG5;SPRED1;SRP14;THBS1;TSLIG3B
Ciconia_boyciana|GCF_034638445.1|ITPR1.0	GCF_034638445.1	Ciconia boyciana	Aves	Ciconiiformes	ITPR1	0	found_annotated	fixed10	20	10	10	17	17	1	ARL8B;BHLHE40;CAV3;CHL1;CNTN3;CRBN;EDEM1;GRM7;IL5RA;LMCD1;LRRN1;OXTR;RAD18;SRGAP3;SSUH2;SUMF1;TRNT1
Ciconia_boyciana|GCF_034638445.1|ITPR2.0	GCF_034638445.1	Ciconia boyciana	Aves	Ciconiiformes	ITPR2	0	found_annotated	fixed10	20	10	10	19	19	1	BHLHE41;BMAL2;CYB5R3;DNAI7;ETFRF1;FGFR1OP2;GYS2;INTS13;IRAG2;KRAS;LMNTD1;MED21;PPFIBP1;RASSF8;REP15;SPX;SSPN;STK38L;TM7SF3
Ciconia_boyciana|GCF_034638445.1|ITPR3.0	GCF_034638445.1	Ciconia boyciana	Aves	Ciconiiformes	ITPR3	0	found_annotated	fixed10	20	10	10	14	14	1	APOBEC2;BAK1;FOXP4;GRM4;HMGA1;IP6K3;LEMD2;MLN;NFYA;NUDT3;OARD1;RPS10;SMIM29;UQCC2
Ciconia_boyciana|GCF_034638445.1|RYR.0	GCF_034638445.1	Ciconia boyciana	Aves	Ciconiiformes	RYR	0	found_annotated	fixed10	20	10	10	20	20	1	ACTN2;CEP170;CHRM3;EDARADD;ERO1B;EXO1;FMN2;GNG4;GPR137B;GREM2;HEATR1;LGALS8;LYST;MAP1LC3C;MTR;NID1;OPN3;PIGM;PLD5;RGS7
Ciconia_boyciana|GCF_034638445.1|RYR.1	GCF_034638445.1	Ciconia boyciana	Aves	Ciconiiformes	RYR	1	found_annotated	fixed10	20	10	10	19	19	0	ACTN4;BICRA;ECH1;EHD2;EIF3K;HNRNPL;KPTN;MAP4K1;MRPS12;NAPA;NFKBIB;NOP53;PAK4;PSMD8;SARS2;SIRT2;SLC8A2;SPRED3;ZNF541
Ciconia_boyciana|GCF_034638445.1|RYR.2	GCF_034638445.1	Ciconia boyciana	Aves	Ciconiiformes	RYR	2	found_annotated	fixed10	20	10	10	17	17	0	ARHGAP11A;AVEN;CDIN1;CHRM5;EIF2AK4;EMC7;FAM98B;FSIP1;GPR176;GREM1;KATNBL1;MEIS2;RASGRP1;SCG5;SPRED1;SRP14;THBS1
Engraulis_encrasicolus|GCF_034702125.1|ITPR1.0	GCF_034702125.1	Engraulis encrasicolus	Actinopteri	Clupeiformes	ITPR1	0	found_annotated	fixed10	20	10	10	11	11	1	AGTRAP;ARFGAP1;DRAXIN;ELMO2;ITGA7;NCKAP1L;NPFFL;PANK4;PFKFB4B;RNF207A;SUMF1
Engraulis_encrasicolus|GCF_034702125.1|ITPR1.1	GCF_034702125.1	Engraulis encrasicolus	Actinopteri	Clupeiformes	ITPR1	1	found_annotated	fixed10	20	10	10	16	16	0	ARL6IP5A;AVPR2B;BHLHE40;EEVS;ERBB3A;FOXP1B;FRMD4B;HP1BP3;KIF17;LRRN1;MITF;PFKFB2B;SETMAR;SH2D5;TRNT1;YOD1
Engraulis_encrasicolus|GCF_034702125.1|ITPR2.0	GCF_034702125.1	Engraulis encrasicolus	Actinopteri	Clupeiformes	ITPR2	0	found_annotated	fixed10	19	9	10	13	13	1	BHLHE41;BMAL2;C1QTNF13;EEA1;EIF4G2B;LYVE1B;NR1H4;NUDT4A;PLEKHG7;SLC17A8;SMPD3;SSPN;UBE2N
Engraulis_encrasicolus|GCF_034702125.1|ITPR3.0	GCF_034702125.1	Engraulis encrasicolus	Actinopteri	Clupeiformes	ITPR3	0	found_annotated	fixed10	20	10	10	14	14	1	BRPF1;CTNNBL1;E2F1;GPR37L1B;KANSL2;KDM5C;MIB2;OLFML3A;RENBP;RPRD1B;SDF4;TAMALIN;TTI1;ZNF341
Engraulis_encrasicolus|GCF_034702125.1|RYR.0	GCF_034702125.1	Engraulis encrasicolus	Actinopteri	Clupeiformes	RYR	0	found_annotated	fixed10	20	10	10	12	12	1	CCDC57;CHRM3B;FASN;FH;FMN2B;GALK1;HHEX;LLGL2;MTR;MYCBP;MYO15B;TMEM94
Engraulis_encrasicolus|GCF_034702125.1|RYR.1	GCF_034702125.1	Engraulis encrasicolus	Actinopteri	Clupeiformes	RYR	1	found_annotated	fixed10	20	10	10	8	8	0	ALOX5AP;DDIAS;HMGB1A;KATNAL1;PITX1;SMYD4;TRPC5A;UBL3A
Engraulis_encrasicolus|GCF_034702125.1|RYR.2	GCF_034702125.1	Engraulis encrasicolus	Actinopteri	Clupeiformes	RYR	2	found_annotated	fixed10	20	10	10	11	11	0	BCKDH;CLTC;DHX40;EXOSC5;OPA3;PPP1R13L;RASGRP4;TMEM91;TUBD1;USP2A;VMP1
Engraulis_encrasicolus|GCF_034702125.1|RYR.3	GCF_034702125.1	Engraulis encrasicolus	Actinopteri	Clupeiformes	RYR	3	found_annotated	fixed10	20	10	10	8	8	0	ACP7;ARHGAP11A;CHRM5A;EIF2AK4;FSIP1;GREM1B;KDM1A;TMEM30B
Engraulis_encrasicolus|GCF_034702125.1|RYR.4	GCF_034702125.1	Engraulis encrasicolus	Actinopteri	Clupeiformes	RYR	4	found_annotated	fixed10	20	10	10	10	10	0	ACTC1A;AVEN;CHRM5B;EMC7B;GALC;GREM1A;KATNBL1;NT5E;RAD51;RMDN3
Engraulis_encrasicolus|GCF_034702125.1|RYR.5	GCF_034702125.1	Engraulis encrasicolus	Actinopteri	Clupeiformes	RYR	5	found_annotated	fixed10	20	10	10	15	15	0	ACTN2B;BAG3;CHRM3A;CSGALNACT2;ECD;FMN2A;GREM2A;INPP5F;KIF11;MCMBP;P4HA1B;REEP3A;RGS7A;SEC23IP;SLC22A15
Heptranchias_perlo|GCF_035084215.1|ITPR1.0	GCF_035084215.1	Heptranchias perlo	Chondrichthyes	Hexanchiformes	ITPR1	0	found_annotated	fixed10	20	10	10	11	11	1	ARL8B;BHLHE40;CAV3;EDEM1;LMCD1;OXTR;RAD18;SEMA3H;SETMAR;SUMF1;ZMYND10
Heptranchias_perlo|GCF_035084215.1|ITPR2.0	GCF_035084215.1	Heptranchias perlo	Chondrichthyes	Hexanchiformes	ITPR2	0	found_annotated	fixed10	20	10	10	12	12	1	BCAT1;BHLHE41;CRADD;DNAI7;EEA1;INTS13;LRMP;MRPL42;PLEKHG7;RASSF8B;SOCS2;SSPN
Heptranchias_perlo|GCF_035084215.1|ITPR3.0	GCF_035084215.1	Heptranchias perlo	Chondrichthyes	Hexanchiformes	ITPR3	0	found_annotated	fixed10	20	10	10	7	7	1	ARL8A;C27H6ORF89;HMGA1A;IGFN1;SMIM29;UBE2T;UQCC2
Heptranchias_perlo|GCF_035084215.1|RYR.0	GCF_035084215.1	Heptranchias perlo	Chondrichthyes	Hexanchiformes	RYR	0	found_annotated	fixed10	20	10	10	3	3	0	BLOC1S3;NKPD1;PSMD8
Heptranchias_perlo|GCF_035084215.1|RYR.1	GCF_035084215.1	Heptranchias perlo	Chondrichthyes	Hexanchiformes	RYR	1	found_annotated	fixed10	20	10	10	10	10	0	ADPGK2;FH;GREM2B;HEATR1;LGALS8A;MOCS3;MTR;NDUFAF7;OPN3;QPCT
Heptranchias_perlo|GCF_035084215.1|RYR.2	GCF_035084215.1	Heptranchias perlo	Chondrichthyes	Hexanchiformes	RYR	2	found_annotated	fixed10	20	10	10	17	17	1	AQR;ARG2;AVEN;CDIN1;CHRM5B;DPH6;EMC7B;FAM98B;FMN1;FSIP1;GPR176;GREM1A;KATNBL1;MEIS2A;SPRED1;THBS1B;VTI1B
Mycteria_americana|GCF_035582795.1|ITPR1.0	GCF_035582795.1	Mycteria americana	Aves	Ciconiiformes	ITPR1	0	found_annotated	fixed10	20	10	10	17	17	1	ARL8B;BHLHE40;CAV3;CHL1;CNTN3;CRBN;EDEM1;GRM7;IL5RA;LMCD1;LRRN1;OXTR;RAD18;SRGAP3;SSUH2;SUMF1;TRNT1
Mycteria_americana|GCF_035582795.1|ITPR2.0	GCF_035582795.1	Mycteria americana	Aves	Ciconiiformes	ITPR2	0	found_annotated	fixed10	20	10	10	19	19	1	BHLHE41;BMAL2;CYB5R3;DNAI7;ETFRF1;FGFR1OP2;GYS2;INTS13;IRAG2;KRAS;LMNTD1;MED21;PPFIBP1;RASSF8;REP15;SPX;SSPN;STK38L;TM7SF3
Mycteria_americana|GCF_035582795.1|ITPR3.0	GCF_035582795.1	Mycteria americana	Aves	Ciconiiformes	ITPR3	0	found_annotated	fixed10	20	10	10	17	17	1	APOBEC2;BAK1;FOXP4;GRM4;HMGA1;IP6K3;LEMD2;MDFI;NFYA;NUDT3;OARD1;PACSIN1;RPS10;SMIM29;SPDEF;TFEB;TREM1
Mycteria_americana|GCF_035582795.1|RYR.0	GCF_035582795.1	Mycteria americana	Aves	Ciconiiformes	RYR	0	found_annotated	fixed10	20	10	10	20	20	1	ACTN2;CHRM3;EDARADD;ERO1B;EXO1;FMN2;GNG4;GPR137B;GREM2;HEATR1;LGALS8;LYST;MAP1LC3C;MTR;NID1;OPN3;PIGM;PLD5;RGS7;WDR64
Mycteria_americana|GCF_035582795.1|RYR.1	GCF_035582795.1	Mycteria americana	Aves	Ciconiiformes	RYR	1	found_annotated	fixed10	20	10	10	17	17	0	ARHGAP11A;AVEN;CDIN1;CHRM5;EIF2AK4;EMC7;FAM98B;FSIP1;GPR176;GREM1;KATNBL1;MEIS2;RASGRP1;SCG5;SPRED1;SRP14;THBS1
Eleutherodactylus_coqui|GCF_035609145.1|ITPR1.0	GCF_035609145.1	Eleutherodactylus coqui	Amphibia	Anura	ITPR1	0	found_annotated	fixed10	20	10	10	10	10	1	ARL8B;BHLHE40;CRBN;EDEM1;GRM7;IL5RA;LMCD1;LRRN1;SUMF1;TRNT1
Eleutherodactylus_coqui|GCF_035609145.1|ITPR2.0	GCF_035609145.1	Eleutherodactylus coqui	Amphibia	Anura	ITPR2	0	found_annotated	fixed10	16	6	10	9	9	1	AKR1D1;BHLHE41;BMAL2;LMNTD1;MED21;PKP2;RASSF8;SSPN;STK38L
Eleutherodactylus_coqui|GCF_035609145.1|ITPR3.0	GCF_035609145.1	Eleutherodactylus coqui	Amphibia	Anura	ITPR3	0	found_annotated	fixed10	20	10	10	15	15	1	AATF;ACACA;ANKS1A;BAK1;BLTP3A;C1H3ORF52;DEF6;GRM4;HNF1B;LEMD2;LHX1;SYNRG;TADA2A;TAF11;UQCC2
Eleutherodactylus_coqui|GCF_035609145.1|RYR.0	GCF_035609145.1	Eleutherodactylus coqui	Amphibia	Anura	RYR	0	found_annotated	fixed10	20	10	10	11	11	1	ALKBH6;CLIP3;EIF3K;HNRNPL;KPTN;MAP4K1;MEIS3;NAPA;PSMD8;SLC8A2;TSPAN15
Eleutherodactylus_coqui|GCF_035609145.1|RYR.1	GCF_035609145.1	Eleutherodactylus coqui	Amphibia	Anura	RYR	1	found_annotated	fixed10	20	10	10	19	19	0	ANKRD63;ARHGAP11A;AVEN;BUB1B;CCDC177;CHRM5;ERH;FAM98B;FMN1;GALNT16;GPR176;GREM1;PAK6;PLCB2;PLEKHD1;RASGRP1;SCG5;SLC39A9;SUSD6
Caloenas_nicobarica|GCF_036013445.1|ITPR1.0	GCF_036013445.1	Caloenas nicobarica	Aves	Columbiformes	ITPR1	0	found_annotated	fixed10	20	10	10	16	16	1	ACTR8;ARL8B;BHLHE40;CACNA2D3;CHDH;CHL1;CRBN;EDEM1;ERC2;IL5RA;LRRN1;LRTM1;SELENOK;SUMF1;TRNT1;WNT5A
Caloenas_nicobarica|GCF_036013445.1|ITPR2.0	GCF_036013445.1	Caloenas nicobarica	Aves	Columbiformes	ITPR2	0	found_annotated	fixed10	20	10	10	17	17	1	BHLHE41;BMAL2;DNAI7;ETFRF1;FGFR1OP2;GYS2;INTS13;IRAG2;KRAS;MED21;PPFIBP1;RASSF8;REP15;SPX;SSPN;STK38L;TM7SF3
Caloenas_nicobarica|GCF_036013445.1|ITPR3.0	GCF_036013445.1	Caloenas nicobarica	Aves	Columbiformes	ITPR3	0	found_annotated	fixed10	20	10	10	17	17	1	APOBEC2;BAK1;BLTP3A;FOXP4;GRM4;HMGA1;ILRUN;MDFI;NFYA;NUDT3;OARD1;PACSIN1;RPS10;SMIM29;SNRPC;SPDEF;TSPO2
Caloenas_nicobarica|GCF_036013445.1|RYR.0	GCF_036013445.1	Caloenas nicobarica	Aves	Columbiformes	RYR	0	found_annotated	fixed10	20	10	10	20	20	1	ACTN2;CHRM3;EDARADD;ERO1B;EXO1;FMN2;GNG4;GPR137B;GREM2;HEATR1;LGALS8;LYST;MAP1LC3C;MTR;NID1;OPN3;PIGM;PLD5;RGS7;WDR64
Caloenas_nicobarica|GCF_036013445.1|RYR.1	GCF_036013445.1	Caloenas nicobarica	Aves	Columbiformes	RYR	1	found_annotated	fixed10	1	1	0	0	0	0	
Caloenas_nicobarica|GCF_036013445.1|RYR.2	GCF_036013445.1	Caloenas nicobarica	Aves	Columbiformes	RYR	2	found_annotated	fixed10	20	10	10	19	19	0	ARHGAP11A;AVEN;CDIN1;CHRM5;DPH6;EIF2AK4;EMC7;FAM98B;FMN1;FSIP1;GPR176;GREM1;KATNBL1;MEIS2;RASGRP1;SCG5;SPRED1;SRP14;THBS1
Heterodontus_francisci|GCF_036365525.1|ITPR1.0	GCF_036365525.1	Heterodontus francisci	Chondrichthyes	Heterodontiformes	ITPR1	0	found_annotated	fixed10	20	10	10	13	13	1	ARL8B;BHLHE40;CAV3;EDEM1;LMCD1;OXTR;RAD18;RASSF1;SEMA3H;SETMAR;SUMF1;TUSC2B;ZMYND10
Heterodontus_francisci|GCF_036365525.1|ITPR2.0	GCF_036365525.1	Heterodontus francisci	Chondrichthyes	Heterodontiformes	ITPR2	0	found_annotated	fixed10	20	10	10	12	12	1	BCAT1;BHLHE41;CRADD;DNAI7;EEA1;INTS13;LRMP;MRPL42;PLEKHG7;RASSF8B;SOCS2;SSPN
Heterodontus_francisci|GCF_036365525.1|ITPR3.0	GCF_036365525.1	Heterodontus francisci	Chondrichthyes	Heterodontiformes	ITPR3	0	found_annotated	fixed10	20	10	10	7	7	1	C25H6ORF89;HMGA1A;MLNL;NUDT3B;SMIM29;UBE2T;UQCC2
Heterodontus_francisci|GCF_036365525.1|RYR.0	GCF_036365525.1	Heterodontus francisci	Chondrichthyes	Heterodontiformes	RYR	0	found_annotated	fixed10	20	10	10	2	2	0	PAF1;PSMD8
Heterodontus_francisci|GCF_036365525.1|RYR.1	GCF_036365525.1	Heterodontus francisci	Chondrichthyes	Heterodontiformes	RYR	1	found_annotated	fixed10	20	10	10	10	10	0	ADPGK2;CEBPZ;FH;GREM2B;MOCS3;MTR;NDUFAF7;OPN3;PRKD3;SLC30A6
Heterodontus_francisci|GCF_036365525.1|RYR.2	GCF_036365525.1	Heterodontus francisci	Chondrichthyes	Heterodontiformes	RYR	2	found_annotated	fixed10	20	10	10	15	15	1	AQR;ARG2;AVEN;CDIN1;CHRM5B;DPH6;EMC7B;FSIP1;GPR176;GREM1A;KATNBL1;MEIS2A;SPRED1;THBS1B;VTI1B
Dromaius_novaehollandiae|GCF_036370855.1|ITPR1.0	GCF_036370855.1	Dromaius novaehollandiae	Aves	Casuariiformes	ITPR1	0	found_annotated	fixed10	20	10	10	14	14	1	ARL8B;BHLHE40;CAV3;CHL1;CNTN6;CRBN;EDEM1;GRM7;IL5RA;LMCD1;LRRN1;OXTR;SUMF1;TRNT1
Dromaius_novaehollandiae|GCF_036370855.1|ITPR2.0	GCF_036370855.1	Dromaius novaehollandiae	Aves	Casuariiformes	ITPR2	0	found_annotated	fixed10	20	10	10	18	18	1	BHLHE41;BMAL2;DNAI7;FGFR1OP2;GYS2;INTS13;IRAG2;KRAS;LDHB;LMNTD1;MED21;PPFIBP1;RASSF8;REP15;SPX;SSPN;STK38L;TM7SF3
Dromaius_novaehollandiae|GCF_036370855.1|ITPR3.0	GCF_036370855.1	Dromaius novaehollandiae	Aves	Casuariiformes	ITPR3	0	found_annotated	fixed10	20	10	10	14	14	1	APOBEC2;BAK1;FOXP4;GRM4;HMGA1;IP6K3;LEMD2;MLN;NFYA;OARD1;PACSIN1;RPS10;SMIM29;TSPO2
Dromaius_novaehollandiae|GCF_036370855.1|RYR.0	GCF_036370855.1	Dromaius novaehollandiae	Aves	Casuariiformes	RYR	0	found_annotated	fixed10	20	10	10	18	18	1	ACTN2;CHRM3;ERO1B;EXO1;FMN2;GPR137B;GREM2;HEATR1;LGALS8;MAP1LC3C;MTR;NID1;OPN3;PIGM;RGS7;TTLL2;UNC93A;WDR64
Dromaius_novaehollandiae|GCF_036370855.1|RYR.1	GCF_036370855.1	Dromaius novaehollandiae	Aves	Casuariiformes	RYR	1	found_annotated	fixed10	20	10	10	16	16	0	ACTN4;BLOC1S3;CATSPERG;CCDC61;ECH1;EIF3K;FAM98C;HNRNPL;KPTN;MAP4K1;NAPA;PSMD8;RASGRP4;SLC8A2;SPRED3;ZNF541
Dromaius_novaehollandiae|GCF_036370855.1|RYR.2	GCF_036370855.1	Dromaius novaehollandiae	Aves	Casuariiformes	RYR	2	found_annotated	fixed10	20	10	10	18	18	0	ARHGAP11A;AVEN;CDIN1;CHRM5;EIF2AK4;EMC7;FAM98B;FMN1;FSIP1;GPR176;GREM1;KATNBL1;MEIS2;RASGRP1;SCG5;SPRED1;SRP14;THBS1
Amia_ocellicauda|GCF_036373705.1|ITPR1.0	GCF_036373705.1	Amia ocellicauda	Actinopteri	Amiiformes	ITPR1	0	found_annotated	fixed10	20	10	10	15	15	1	ARL8B;AVPR2B;BHLHE40;CAMKV;CRBN;EDEM1;GNAT1;LRRN1;MON1A;MST1R;RBM6;SETMAR;SUMF1;TRAIP;TRNT1
Amia_ocellicauda|GCF_036373705.1|ITPR2.0	GCF_036373705.1	Amia ocellicauda	Actinopteri	Amiiformes	ITPR2	0	found_annotated	fixed10	20	10	10	14	14	1	BCAT1;BHLHE41;BTBD11B;C1QTNF13;EEA1;ETNK1;INTS13;MRPL42;PLEKHG7;PWP1;RASSF8B;SOX5;SSPN;STRAP
Amia_ocellicauda|GCF_036373705.1|ITPR3.0	GCF_036373705.1	Amia ocellicauda	Actinopteri	Amiiformes	ITPR3	0	found_annotated	fixed10	20	10	10	9	9	1	APOBEC2A;ARL8A;C5H6ORF89;CDKN1A;ELF3;FKBP5;OARD1;PTH4;SRSF3B
Amia_ocellicauda|GCF_036373705.1|RYR.0	GCF_036373705.1	Amia ocellicauda	Actinopteri	Amiiformes	RYR	0	found_annotated	fixed10	20	10	10	15	15	1	ARG1;CDC42EP3;CHRM3B;EDARADD;EXO1;FH;FMN2B;GREM2B;HEATR1;HYLS1;KMO;MRPL4;MTR;OPN3;YIPF4
Amia_ocellicauda|GCF_036373705.1|RYR.1	GCF_036373705.1	Amia ocellicauda	Actinopteri	Amiiformes	RYR	1	found_annotated	fixed10	20	10	10	13	13	0	BICR;DMAC2;EHD2B;HNRNPUL1;KPTN;MEIS3;OPA3;PPP1R13L;RASGRP4;RINL;SIRT2;ZBED4L2;ZNF541
Amia_ocellicauda|GCF_036373705.1|RYR.2	GCF_036373705.1	Amia ocellicauda	Actinopteri	Amiiformes	RYR	2	found_annotated	fixed10	20	10	10	9	9	0	ACOT20;ACP7;AVEN;EIF2AK4;EMC7B;FSIP1;GPR176;KATNBL1;THBS1B
Chlamydotis_macqueenii|GCF_036417535.1|ITPR1.0	GCF_036417535.1	Chlamydotis macqueenii	Aves	Otidiformes	ITPR1	0	found_annotated	fixed10	20	10	10	16	16	1	ARL8B;CAV3;CHL1;CRBN;EDEM1;GRM7;IL5RA;LMCD1;LRRN1;OXTR;RAD18;SRGAP3;SSUH2;SUMF1;THUMPD3;TRNT1
Chlamydotis_macqueenii|GCF_036417535.1|ITPR2.0	GCF_036417535.1	Chlamydotis macqueenii	Aves	Otidiformes	ITPR2	0	found_annotated	fixed10	20	10	10	18	18	1	BHLHE41;BMAL2;CYB5R3;DNAI7;ETFRF1;FGFR1OP2;INTS13;IRAG2;KRAS;LMNTD1;MED21;PPFIBP1;RASSF8;REP15;SPX;SSPN;STK38L;TM7SF3
Chlamydotis_macqueenii|GCF_036417535.1|ITPR3.0	GCF_036417535.1	Chlamydotis macqueenii	Aves	Otidiformes	ITPR3	0	found_annotated	fixed10	20	10	10	16	16	1	APOBEC2;BAK1;BLTP3A;FOXP4;GRM4;HMGA1;ILRUN;NFYA;NUDT3;OARD1;PACSIN1;RPS10;SMIM29;SNRPC;SPDEF;TSPO2
Chlamydotis_macqueenii|GCF_036417535.1|RYR.0	GCF_036417535.1	Chlamydotis macqueenii	Aves	Otidiformes	RYR	0	found_annotated	fixed10	20	10	10	16	16	1	ACTN2;CHRM3;EDARADD;ERO1B;EXO1;FMN2;GPR137B;GREM2;HEATR1;LGALS8;MAP1LC3C;MTR;NID1;OPN3;PIGM;RGS7
Chlamydotis_macqueenii|GCF_036417535.1|RYR.1	GCF_036417535.1	Chlamydotis macqueenii	Aves	Otidiformes	RYR	1	found_annotated	fixed10	20	10	10	18	18	0	ARHGAP11A;AVEN;CDIN1;CHRM5;EIF2AK4;EMC7;FMN1;FSIP1;GPR176;GREM1;KATNBL1;MEIS2;RASGRP1;SCG5;SPRED1;SRP14;THBS1;TSLIG3B
Apteryx_mantelli|GCF_036417845.1|ITPR1.0	GCF_036417845.1	Apteryx mantelli	Aves	Apterygiformes	ITPR1	0	found_annotated	fixed10	20	10	10	17	17	1	ARL8B;BHLHE40;CAV3;CHL1;CNTN6;CRBN;EDEM1;GRM7;IL5RA;LMCD1;LRRN1;OXTR;RAD18;SRGAP3;SSUH2;SUMF1;TRNT1
Apteryx_mantelli|GCF_036417845.1|ITPR2.0	GCF_036417845.1	Apteryx mantelli	Aves	Apterygiformes	ITPR2	0	found_annotated	fixed10	20	10	10	19	19	1	BHLHE41;BMAL2;CYB5R3;DNAI7;FGFR1OP2;GYS2;INTS13;IRAG2;KRAS;LDHB;LMNTD1;MED21;PPFIBP1;RASSF8;REP15;SPX;SSPN;STK38L;TM7SF3
Apteryx_mantelli|GCF_036417845.1|ITPR3.0	GCF_036417845.1	Apteryx mantelli	Aves	Apterygiformes	ITPR3	0	found_annotated	fixed10	20	10	10	17	17	1	APOBEC2;BAK1;FOXP4;GRM4;HMGA1;IP6K3;LEMD2;MDFI;MLN;NFYA;OARD1;PACSIN1;RPS10;SMIM29;SPDEF;TREM1;TSPO2
Apteryx_mantelli|GCF_036417845.1|RYR.0	GCF_036417845.1	Apteryx mantelli	Aves	Apterygiformes	RYR	0	found_annotated	fixed10	20	10	10	19	19	0	ACTN2;CHRM3;EDARADD;ERO1B;EXO1;FMN2;GPR137B;GREM2;HEATR1;LGALS8;MAP1LC3C;MTR;NID1;OPN3;PIGM;PLD5;RGS7;TTLL2;WDR64
Apteryx_mantelli|GCF_036417845.1|RYR.1	GCF_036417845.1	Apteryx mantelli	Aves	Apterygiformes	RYR	1	found_annotated	fixed10	20	10	10	18	18	1	ARHGAP11A;AVEN;CDIN1;CHRM5;DPH6;EIF2AK4;EMC7;FAM98B;FMN1;FSIP1;GPR176;GREM1;KATNBL1;MEIS2;RASGRP1;SCG5;SPRED1;THBS1
Apteryx_mantelli|GCF_036417845.1|RYR.2	GCF_036417845.1	Apteryx mantelli	Aves	Apterygiformes	RYR	2	found_annotated	fixed10	20	10	10	18	18	0	ACTN4;BICRA;BLOC1S3;CATSPERG;CCDC61;ECH1;EIF3K;HNRNPL;KPTN;LGALS4;MAP4K1;NAPA;NOVA2;PSMD8;RASGRP4;SLC8A2;SPRED3;ZNF541
Saccopteryx_bilineata|GCF_036850765.1|ITPR1.0	GCF_036850765.1	Saccopteryx bilineata	Mammalia	Chiroptera	ITPR1	0	found_annotated	fixed10	20	10	10	17	16	1	ABHD14A;ACY1;ALAS1;ARL8B;BHLHE40;CHL1;CNTN4;CNTN6;CRBN;DUSP7;EDEM1;IL5RA;LRRN1;POC1A;RPL29;SUMF1;TRNT1
Saccopteryx_bilineata|GCF_036850765.1|ITPR2.0	GCF_036850765.1	Saccopteryx bilineata	Mammalia	Chiroptera	ITPR2	0	found_annotated	fixed10	20	10	10	19	19	1	BCAT1;BHLHE41;BIN2;CELA1;CSRNP2;DAZAP2;DNAI7;ETFRF1;GALNT6;IRAG2;KRAS;LETMD1;POU6F1;RASSF8;SLC11A2;SMAGP;SOX5;SSPN;TFCP2
Saccopteryx_bilineata|GCF_036850765.1|ITPR3.0	GCF_036850765.1	Saccopteryx bilineata	Mammalia	Chiroptera	ITPR3	0	found_annotated	fixed10	20	10	10	16	14	1	BAK1;CUTA;DAXX;GRM4;HMGA1;IP6K3;KIFC1;LEMD2;MLN;PHF1;SMIM29;SMIM40;SYNGAP1;TAPBP;ZBTB22;ZBTB9
Saccopteryx_bilineata|GCF_036850765.1|RYR.0	GCF_036850765.1	Saccopteryx bilineata	Mammalia	Chiroptera	RYR	0	found_annotated	fixed10	20	10	10	18	18	1	ACTN4;CAPN12;CATSPERG;ECH1;EIF3K;FAM98C;GGN;HNRNPL;KCNK6;LGALS4;MAP4K1;PPP1R14A;PSMD8;RASGRP4;RINL;SPINT2;SPRED3;YIF1B
Saccopteryx_bilineata|GCF_036850765.1|RYR.1	GCF_036850765.1	Saccopteryx bilineata	Mammalia	Chiroptera	RYR	1	found_annotated	fixed10	20	10	10	19	18	0	ACTC1;AQR;ARHGAP11A;AVEN;CDIN1;CHRM5;DPH6;EMC4;EMC7;FMN1;GJD2;GREM1;KATNBL1;LPCAT4;NOP10;NUTM1;SCG5;SLC12A6;ZNF770
Saccopteryx_bilineata|GCF_036850765.1|RYR.2	GCF_036850765.1	Saccopteryx bilineata	Mammalia	Chiroptera	RYR	2	found_annotated	fixed10	20	10	10	15	15	0	ACTN2;ALPK1;ANK2;AP1AR;CAMK2D;EDARADD;ERO1B;GALNT2;HEATR1;LARP7;LGALS8;MTR;NEUROG2;PGBD5;TIFA
Narcine_bancroftii|GCF_036971445.1|ITPR1.0	GCF_036971445.1	Narcine bancroftii	Chondrichthyes	Torpediniformes	ITPR1	0	found_annotated	fixed10	20	10	10	11	11	1	APEH;BHLHE40;BORCS6;BSNB;EDEM1;LMCD1;NCKIPSD;PLXND1;RPL32;SETMAR;SUMF1
Narcine_bancroftii|GCF_036971445.1|ITPR2.0	GCF_036971445.1	Narcine bancroftii	Chondrichthyes	Torpediniformes	ITPR2	0	found_annotated	fixed10	20	10	10	12	12	1	CEP83;CRADD;DNAI7;EEA1;INTS13;NUDT4A;PLEKHG7;PLXNC1;RASSF8B;SSPN;TMCC3;UBE2N
Narcine_bancroftii|GCF_036971445.1|ITPR3.0	GCF_036971445.1	Narcine bancroftii	Chondrichthyes	Torpediniformes	ITPR3	0	found_annotated	fixed10	20	10	10	3	3	1	C5H6ORF89;SMIM29;UBE2T
Narcine_bancroftii|GCF_036971445.1|RYR.0	GCF_036971445.1	Narcine bancroftii	Chondrichthyes	Torpediniformes	RYR	0	found_annotated	fixed10	20	10	10	4	4	0	PSMD8;RASGRP4;RNF25;STK36
Narcine_bancroftii|GCF_036971445.1|RYR.1	GCF_036971445.1	Narcine bancroftii	Chondrichthyes	Torpediniformes	RYR	1	found_annotated	fixed10	20	10	10	11	11	0	ADPGK2;CEBPZ;FH;HEATR1;KMO;MOCS3;MTR;NDUFAF7;OPN3;PRKD3;QPCT
Narcine_bancroftii|GCF_036971445.1|RYR.2	GCF_036971445.1	Narcine bancroftii	Chondrichthyes	Torpediniformes	RYR	2	found_annotated	fixed10	20	10	10	14	14	1	AQR;ATL1;CDIN1;CDKL1;DMAC2L;DPH6;FAM98B;L2HGDH;MAP4K5;MEIS2A;SAV1;SOS2;SPRED1;VCPKMT
Lathamus_discolor|GCF_037157495.1|ITPR1.0	GCF_037157495.1	Lathamus discolor	Aves	Psittaciformes	ITPR1	0	found_annotated	fixed10	20	10	10	17	17	1	ARL8B;BHLHE40;CAV3;CHL1;CRBN;EDEM1;GRM7;IL5RA;LMCD1;LRRN1;OXTR;PDZRN3;RAD18;SRGAP3;SSUH2;SUMF1;TRNT1
Lathamus_discolor|GCF_037157495.1|ITPR2.0	GCF_037157495.1	Lathamus discolor	Aves	Psittaciformes	ITPR2	0	found_annotated	fixed10	20	10	10	18	18	1	BHLHE41;BMAL2;DNAI7;ETFRF1;FGFR1OP2;GYS2;INTS13;IRAG2;KRAS;LMNTD1;MED21;PPFIBP1;RASSF8;REP15;SPX;SSPN;STK38L;TM7SF3
Lathamus_discolor|GCF_037157495.1|ITPR3.0	GCF_037157495.1	Lathamus discolor	Aves	Psittaciformes	ITPR3	0	found_annotated	fixed10	20	10	10	16	16	1	APOBEC2;BAK1;FOXP4;GRM4;HMGA1;IP6K3;LEMD2;MDFI;NFYA;NUDT3;OARD1;PACSIN1;RPS10;SMIM29;TFEB;TSPO2
Lathamus_discolor|GCF_037157495.1|RYR.0	GCF_037157495.1	Lathamus discolor	Aves	Psittaciformes	RYR	0	found_annotated	fixed10	20	10	10	19	19	1	ACTN2;CHRM3;EDARADD;ERO1B;EXO1;FMN2;GNG4;GPR137B;GREM2;HEATR1;LGALS8;LYST;MAP1LC3C;MTR;NID1;OPN3;PIGM;RGS7;WDR64
Lathamus_discolor|GCF_037157495.1|RYR.1	GCF_037157495.1	Lathamus discolor	Aves	Psittaciformes	RYR	1	found_annotated	fixed10	20	10	10	18	18	0	ARHGAP11A;AVEN;CDIN1;CHRM5;EIF2AK4;EMC7;FAM98B;FMN1;FSIP1;GPR176;GREM1;KATNBL1;MEIS2;RASGRP1;SCG5;SPRED1;SRP14;THBS1
Latimeria_chalumnae|GCF_037176945.1|ITPR1.0	GCF_037176945.1	Latimeria chalumnae	Coelacanthimorpha	Coelacanthiformes	ITPR1	0	found_annotated	fixed10	20	10	10	12	12	1	ARL8BB;AVPR2B.1;BHLHE40;CAV3;CAV4A;CRBN;EDEM1;LMCD1;LRRN1;SETMAR;SUMF1;TRNT1
Latimeria_chalumnae|GCF_037176945.1|ITPR2.0	GCF_037176945.1	Latimeria chalumnae	Coelacanthimorpha	Coelacanthiformes	ITPR2	0	found_annotated	fixed10	20	10	10	14	14	1	BCAT1;BHLHE41;CRADD;DNAI7;EEA1;INTS13;MRPL42;NUDT4A;PLEKHG7;RASSF8B;SLC5A8;SOCS2;SSPN;UBE2NA
Latimeria_chalumnae|GCF_037176945.1|ITPR3.0	GCF_037176945.1	Latimeria chalumnae	Coelacanthimorpha	Coelacanthiformes	ITPR3	0	found_annotated	fixed10	20	10	10	5	5	1	CFAP276;OARD1;SMIM29;TSPO;UBE2T
Latimeria_chalumnae|GCF_037176945.1|RYR.0	GCF_037176945.1	Latimeria chalumnae	Coelacanthimorpha	Coelacanthiformes	RYR	0	found_annotated	fixed10	20	10	10	7	7	1	CBR1L;ECH1;EIF3K;MRPS12;NCCRP1;PAK4;SPRED3
Latimeria_chalumnae|GCF_037176945.1|RYR.1	GCF_037176945.1	Latimeria chalumnae	Coelacanthimorpha	Coelacanthiformes	RYR	1	found_annotated	fixed10	20	10	10	10	10	0	ADPGK2;CDC42EP3;CRIM1;FH;FMN2B;GREM2B;HEATR1;MTR;OPN3;RIOX1
Latimeria_chalumnae|GCF_037176945.1|RYR.2	GCF_037176945.1	Latimeria chalumnae	Coelacanthimorpha	Coelacanthiformes	RYR	2	found_annotated	fixed10	20	10	10	11	11	0	AVEN;CDIN1;CHRM5A;DPH6;EMC7B;FAM98B;LTK;MEIS2A;PIGH;PLEKHH1;SPRED1
Macrotis_lagotis|GCF_037893015.1|ITPR1.0	GCF_037893015.1	Macrotis lagotis	Mammalia	Peramelemorphia	ITPR1	0	found_annotated	fixed10	20	10	10	14	14	1	ARL8B;BHLHE40;CAV3;CHL1;CNTN3;CRBN;EDEM1;GRM7;IL5RA;LMCD1;LRRN1;SSUH2;SUMF1;TRNT1
Macrotis_lagotis|GCF_037893015.1|ITPR2.0	GCF_037893015.1	Macrotis lagotis	Mammalia	Peramelemorphia	ITPR2	0	found_annotated	fixed10	20	10	10	19	19	1	BCAT1;BMAL2;DNAI7;ETFRF1;FGFR1OP2;INTS13;IRAG2;KRAS;LMNTD1;MED21;PFKFB3;PRKCQ;RASSF8;RBM17;SFMBT2;SOX5;SSPN;STK38L;TM7SF3
Macrotis_lagotis|GCF_037893015.1|ITPR3.0	GCF_037893015.1	Macrotis lagotis	Mammalia	Peramelemorphia	ITPR3	0	found_annotated	fixed10	20	10	10	18	17	1	BAK1;CUTA;DAXX;GRM4;HMGA1;KIFC1;LEMD2;MLN;NUDT3;PACSIN1;PHF1;RPS10;SMIM29;SMIM40;SPDEF;SYNGAP1;TAPBP;ZBTB9
Macrotis_lagotis|GCF_037893015.1|RYR.0	GCF_037893015.1	Macrotis lagotis	Mammalia	Peramelemorphia	RYR	0	found_annotated	fixed10	20	10	10	16	16	1	ACTN2;CHRM3;EDARADD;ERO1B;FH;FMN2;GPR137B;GREM2;HEATR1;KMO;LGALS8;LYST;MTR;NID1;RGS7;ZP4
Macrotis_lagotis|GCF_037893015.1|RYR.1	GCF_037893015.1	Macrotis lagotis	Mammalia	Peramelemorphia	RYR	1	found_annotated	fixed10	20	10	10	18	17	0	ACTN4;CAPN12;ECH1;EIF3K;FAM98C;GGN;HNRNPL;KCNK6;LGALS4;LGALS7;MAP4K1;PSMD8;RASGRP4;RINL;SIRT2;SPINT2;SPRED3;YIF1B
Macrotis_lagotis|GCF_037893015.1|RYR.2	GCF_037893015.1	Macrotis lagotis	Mammalia	Peramelemorphia	RYR	2	found_annotated	fixed10	20	10	10	15	14	0	ACTC1;AQR;ARHGAP11A;AVEN;CHRM5;EMC4;EMC7;GJD2;GREM1;KATNBL1;LPCAT4;NOP10;NUTM1;SCG5;SLC12A6
Chaetodon_trifascialis|GCF_039877785.1|ITPR1.0	GCF_039877785.1	Chaetodon trifascialis	Actinopteri	Chaetodontiformes	ITPR1	0	found_annotated	fixed10	20	10	10	10	10	1	ATF1;ATF7B;DIP2B;DTX3L;ESYT1B;SCN8A;SLC4A8;SUMF1;TTLL3;ZC3H10
Chaetodon_trifascialis|GCF_039877785.1|ITPR1.1	GCF_039877785.1	Chaetodon trifascialis	Actinopteri	Chaetodontiformes	ITPR1	1	found_annotated	fixed10	20	10	10	17	17	0	ARL6IP5A;ARL8B;AVPR2B;BHLHE40;COMT;EEVS;FRMD4B;GRM6B;LRRN1;MDFIC2;MITF;MON1A;MST1R;SEMA3F;SETMAR;TRAIP;TRNT1
Chaetodon_trifascialis|GCF_039877785.1|ITPR2.0	GCF_039877785.1	Chaetodon trifascialis	Actinopteri	Chaetodontiformes	ITPR2	0	found_annotated	fixed10	20	10	10	13	13	1	BANP;BHLHE41;BMAL2;C1QTNF13;EEA1;KRAS;NR1H4;NUDT4A;PLEKHG7;SLC17A8;SSPN;UBE2N;ZNF469
Chaetodon_trifascialis|GCF_039877785.1|ITPR3.0	GCF_039877785.1	Chaetodon trifascialis	Actinopteri	Chaetodontiformes	ITPR3	0	found_annotated	fixed10	20	10	10	12	12	1	BCAP31;CCDC135;EDEM2;GPR37L1B;GRIPAP1;HM13;KCND1;MRGBP;PLXNA3;PTPN18;SNX21;SULF2B
Chaetodon_trifascialis|GCF_039877785.1|RYR.0	GCF_039877785.1	Chaetodon trifascialis	Actinopteri	Chaetodontiformes	RYR	0	found_annotated	fixed10	20	10	10	13	13	1	ACBD4;ADOA;BMS1;CABCOCO1;CHRM3B;CYP26A1;EGR2B;EXOC6;FMN2B;JMJD1C;MTR;NRBF2B;REEP3B
Chaetodon_trifascialis|GCF_039877785.1|RYR.1	GCF_039877785.1	Chaetodon trifascialis	Actinopteri	Chaetodontiformes	RYR	1	found_annotated	fixed10	20	10	10	11	11	0	B3GNT2L;BCKDH;EXOSC5;HNRNPUL1;NAPA;OPA3;PPP1R13L;PPP5C;RASGRP4;TGFB1A;TMEM91
Chaetodon_trifascialis|GCF_039877785.1|RYR.2	GCF_039877785.1	Chaetodon trifascialis	Actinopteri	Chaetodontiformes	RYR	2	found_annotated	fixed10	20	10	10	12	12	0	BRD8A;CXXC5A;DNAJC18;GABRR3A;GNG8;LIPI;NFRK;PHLDB2A;PPP3C;PURA;SMS;TMEM45B
Chaetodon_trifascialis|GCF_039877785.1|RYR.3	GCF_039877785.1	Chaetodon trifascialis	Actinopteri	Chaetodontiformes	RYR	3	found_annotated	fixed10	20	10	10	10	10	0	ACP7;ARHGAP11A;BMF1;CHRM5A;CRIM1;DNAJC17;EIF2AK4;FSIP1;GCHFR;GREM1B
Chaetodon_trifascialis|GCF_039877785.1|RYR.4	GCF_039877785.1	Chaetodon trifascialis	Actinopteri	Chaetodontiformes	RYR	4	found_annotated	fixed10	20	10	10	16	16	0	ABRACL;ACTC1A;CHRM5B;CLU;EMC7B;FMN1;GPR176;GREM1A;KATNBL1;REPS1;SCARA3;SCG5;SLC10A1;SRSF5B;SUSD6;THBS1B
Chaetodon_trifascialis|GCF_039877785.1|RYR.5	GCF_039877785.1	Chaetodon trifascialis	Actinopteri	Chaetodontiformes	RYR	5	found_annotated	fixed10	20	10	10	11	11	0	ACTN2B;CCSER2A;CHRM3A;DNAJC9;ECD;FAM149B1;FMN2A;GRID1A;NDNFL;P4HA1B;RGS7A
Antennarius_striatus|GCF_040054535.1|ITPR1.0	GCF_040054535.1	Antennarius striatus	Actinopteri	Lophiiformes	ITPR1	0	found_annotated	fixed10	20	10	10	9	9	1	DLGAP4B;ESYT1B;FAIM2B;MYL9B;SLC4A8;SUMF1;TRIM107;TTLL3;ZC3H10
Antennarius_striatus|GCF_040054535.1|ITPR1.1	GCF_040054535.1	Antennarius striatus	Actinopteri	Lophiiformes	ITPR1	1	found_annotated	fixed10	20	10	10	16	16	0	ARL6IP5A;ARL8B;AVPR2B;BHLHE40;EEVS;FRMD4B;GRM6B;LRRN1;MDFIC2;MITF;MON1A;MST1R;SEMA3F;SETMAR;TRAIP;TRNT1
Antennarius_striatus|GCF_040054535.1|ITPR2.0	GCF_040054535.1	Antennarius striatus	Actinopteri	Lophiiformes	ITPR2	0	found_annotated	fixed10	20	10	10	17	17	1	BANP;BHLHE41;BMAL2;C1QTNF13;CES2B;EEA1;ENDOUC;FANCI;FBXO31;KRAS;NR1H4;NUDT4A;PLEKHG7;POLG;PPFIBP1B;SLC17A8;SSPN
Antennarius_striatus|GCF_040054535.1|ITPR3.0	GCF_040054535.1	Antennarius striatus	Actinopteri	Lophiiformes	ITPR3	0	found_annotated	fixed10	20	10	10	9	9	1	BCAP31;EDEM2;GPR37L1B;GRIPAP1;HM13;KCND1;PLXNA3;PTPN18;SNX21
Antennarius_striatus|GCF_040054535.1|RYR.0	GCF_040054535.1	Antennarius striatus	Actinopteri	Lophiiformes	RYR	0	found_annotated	fixed10	20	10	10	14	14	1	ADGRA1A;BMS1;CHRM3B;CYP26A1;EGR2B;EXOC6;FMN2B;IPMK;JMJD1C;MTR;NAGLU;NRBF2B;REEP3B;TFAM
Antennarius_striatus|GCF_040054535.1|RYR.1	GCF_040054535.1	Antennarius striatus	Actinopteri	Lophiiformes	RYR	1	found_annotated	fixed10	20	10	10	11	11	0	B3GNT2L;BCKDH;EXOSC5;HNRNPUL1;NAPA;OPA3;PPP1R13L;PPP5C;RASGRP4;TGFB1A;TMEM91
Antennarius_striatus|GCF_040054535.1|RYR.2	GCF_040054535.1	Antennarius striatus	Actinopteri	Lophiiformes	RYR	2	found_annotated	fixed10	20	10	10	12	12	0	CXXC5A;DNAJC18;GABRR3A;GNG8;LIPI;NFRK;NRG2A;PHLDB2A;PPP3C;PURA;SMS;TMEM45B
Antennarius_striatus|GCF_040054535.1|RYR.3	GCF_040054535.1	Antennarius striatus	Actinopteri	Lophiiformes	RYR	3	found_annotated	fixed10	20	10	10	9	9	0	ACP7;ARHGAP11A;CHRM5A;CRIM1;DNAJC17;EIF2AK4;FSIP1;GCHFR;GREM1B
Antennarius_striatus|GCF_040054535.1|RYR.4	GCF_040054535.1	Antennarius striatus	Actinopteri	Lophiiformes	RYR	4	found_annotated	fixed10	20	10	10	15	15	0	ACOT20;ACTC1A;CHRM5B;CLU;EMC7B;FMN1;GPR176;GREM1A;KATNBL1;REPS1;SCARA3;SCG5;SRSF5B;SUSD6;THBS1B
Antennarius_striatus|GCF_040054535.1|RYR.5	GCF_040054535.1	Antennarius striatus	Actinopteri	Lophiiformes	RYR	5	found_annotated	fixed10	20	10	10	13	13	0	ACTN2B;CCSER2A;CHRM3A;DNAJC9;ECD;FAM149B1;FMN2A;GREM2A;GRID1A;NDNFL;P4HA1B;RGS7A;SPARCL2
Struthio_camelus|GCF_040807025.1|ITPR1.0	GCF_040807025.1	Struthio camelus	Aves	Struthioniformes	ITPR1	0	found_annotated	fixed10	20	10	10	15	15	1	ARL8B;BHLHE40;CAV3;CHL1;CNTN6;CRBN;EDEM1;GRM7;IL5RA;LMCD1;LRRN1;OXTR;RAD18;SUMF1;TRNT1
Struthio_camelus|GCF_040807025.1|ITPR2.0	GCF_040807025.1	Struthio camelus	Aves	Struthioniformes	ITPR2	0	found_annotated	fixed10	20	10	10	20	20	1	BHLHE41;BMAL2;CYB5R3;DAG1;DNAI7;FGFR1OP2;GYS2;INTS13;IRAG2;KRAS;LDHB;LMNTD1;MED21;PPFIBP1;RASSF8;REP15;SPX;SSPN;STK38L;TM7SF3
Struthio_camelus|GCF_040807025.1|ITPR3.0	GCF_040807025.1	Struthio camelus	Aves	Struthioniformes	ITPR3	0	found_annotated	fixed10	20	10	10	16	16	1	APOBEC2;BAK1;BLTP3A;FOXP4;GRM4;HMGA1;ILRUN;MDFI;MLN;NFYA;OARD1;PACSIN1;RPS10;SNRPC;SPDEF;TSPO2
Struthio_camelus|GCF_040807025.1|RYR.0	GCF_040807025.1	Struthio camelus	Aves	Struthioniformes	RYR	0	found_annotated	fixed10	20	10	10	14	14	1	ACTN2;CHRM3;EDARADD;ERO1B;FMN2;GPR137B;GREM2;HEATR1;LGALS8;MTR;NID1;OPN3;PIGM;RGS7
Struthio_camelus|GCF_040807025.1|RYR.1	GCF_040807025.1	Struthio camelus	Aves	Struthioniformes	RYR	1	found_annotated	fixed10	20	10	10	16	16	0	ACTN4;BLOC1S3;CATSPERG;CCDC61;ECH1;EIF3K;HNRNPL;KPTN;MAP4K1;NAPA;NOVA2;PSMD8;RASGRP4;SLC8A2;SPRED3;ZNF541
Struthio_camelus|GCF_040807025.1|RYR.2	GCF_040807025.1	Struthio camelus	Aves	Struthioniformes	RYR	2	found_annotated	fixed10	20	10	10	19	19	0	ARHGAP11A;AVEN;CDIN1;CHRM5;DPH6;EIF2AK4;EMC7;FAM98B;FMN1;FSIP1;GPR176;GREM1;KATNBL1;MEIS2;RASGRP1;SCG5;SPRED1;SRP14;THBS1
Lepisosteus_oculatus|GCF_040954835.1|ITPR1.0	GCF_040954835.1	Lepisosteus oculatus	Actinopteri	Semionotiformes	ITPR1	0	found_annotated	fixed10	20	10	10	15	15	1	ARL8B;AVPR2B;BHLHE40;CRBN;EDEM1;GNAT1;LRRN1;MON1A;MST1R;RBM6;SETMAR;SUMF1;TATDN2;TRNT1;VHL
Lepisosteus_oculatus|GCF_040954835.1|ITPR2.0	GCF_040954835.1	Lepisosteus oculatus	Actinopteri	Semionotiformes	ITPR2	0	found_annotated	fixed10	20	10	10	16	16	1	BCAT1;BHLHE41;BTBD11B;C1QTNF13;DNAI7;EEA1;INTS13;KRAS;LRMP;LYRM5B;MRPL42;NUDT4A;PLEKHG7;PWP1;RASSF8B;SSPN
Lepisosteus_oculatus|GCF_040954835.1|ITPR3.0	GCF_040954835.1	Lepisosteus oculatus	Actinopteri	Semionotiformes	ITPR3	0	found_annotated	fixed10	20	10	10	8	8	1	APOBEC2A;ARL8A;C5H6ORF89;CDKN1A;ELF3;FKBP5;OARD1;PTH4
Lepisosteus_oculatus|GCF_040954835.1|RYR.0	GCF_040954835.1	Lepisosteus oculatus	Actinopteri	Semionotiformes	RYR	0	found_annotated	fixed10	20	10	10	15	15	1	ARG1;BIRC6;CDC42EP3;EDARADD;EXO1;FH;FMN2B;GREM2B;HEATR1;HYLS1;KMO;MRPL4;MTR;OPN3;YIPF4
Lepisosteus_oculatus|GCF_040954835.1|RYR.1	GCF_040954835.1	Lepisosteus oculatus	Actinopteri	Semionotiformes	RYR	1	found_annotated	fixed10	20	10	10	13	13	0	DMAC2;ECH1;KPTN;MEIS3;OPA3;PPP1R13L;PRSS16;RASGRP4;RINL;RSPH4A;SIRT2;SYMPK;TMEM91
Lepisosteus_oculatus|GCF_040954835.1|RYR.2	GCF_040954835.1	Lepisosteus oculatus	Actinopteri	Semionotiformes	RYR	2	found_annotated	fixed10	20	10	10	15	15	0	ACOT20;ACP7;ACTC1A;AVEN;BMF2;CHRM5B;EIF2AK4;EMC7B;FMN1;FSIP1;GPR176;GREM1A;KATNBL1;SCG5;THBS1B
Aphelocoma_coerulescens|GCF_041296385.2|ITPR1.0	GCF_041296385.2	Aphelocoma coerulescens	Aves	Passeriformes	ITPR1	0	found_annotated	fixed10	20	10	10	16	16	1	ARL8B;CAV3;CHL1;CNTN6;CRBN;EDEM1;GRM7;IL5RA;LMCD1;LRRN1;OXTR;RAD18;SRGAP3;SUMF1;THUMPD3;TRNT1
Aphelocoma_coerulescens|GCF_041296385.2|ITPR2.0	GCF_041296385.2	Aphelocoma coerulescens	Aves	Passeriformes	ITPR2	0	found_annotated	fixed10	20	10	10	15	15	1	ARFGAP3;BHLHE41;BMAL2;CYB5R3;ETFRF1;FGFR1OP2;INTS13;KRAS;MED21;PPFIBP1;RASSF8;REP15;SSPN;STK38L;TM7SF3
Aphelocoma_coerulescens|GCF_041296385.2|ITPR3.0	GCF_041296385.2	Aphelocoma coerulescens	Aves	Passeriformes	ITPR3	0	found_annotated	fixed10	20	10	10	16	16	1	APOBEC2;BAK1;FOXP4;GRM4;HMGA1;IP6K3;LEMD2;MDFI;MLN;NFYA;NUDT3;OARD1;RPS10;SMIM29;TFEB;UQCC2
Aphelocoma_coerulescens|GCF_041296385.2|RYR.0	GCF_041296385.2	Aphelocoma coerulescens	Aves	Passeriformes	RYR	0	found_annotated	fixed10	20	10	10	19	19	1	ACTN2;CHRM3;EDARADD;ERO1B;EXO1;FMN2;GPR137B;GREM2;HEATR1;LGALS8;LYST;MAP1LC3C;MTR;NID1;OPN3;PIGM;PPIL4;RGS7;WDR64
Aphelocoma_coerulescens|GCF_041296385.2|RYR.1	GCF_041296385.2	Aphelocoma coerulescens	Aves	Passeriformes	RYR	1	found_annotated	fixed10	20	10	10	14	14	0	ACTN4;BICRA;ECH1;EIF3K;ERCC2;HNRNPL;KPTN;LGALS4;NAPA;PLD3;PPP1R14A;PSMD8;SLC8A2;SPINT2
Aphelocoma_coerulescens|GCF_041296385.2|RYR.2	GCF_041296385.2	Aphelocoma coerulescens	Aves	Passeriformes	RYR	2	found_annotated	fixed10	20	10	10	16	16	0	ARHGAP11A;AVEN;CHRM5;EIF2AK4;EMC7;FAM98B;FSIP1;GPR176;GREM1;KATNBL1;MEIS2;RASGRP1;SCG5;SPRED1;SRP14;THBS1
Electrophorus_electricus|GCF_041902795.1|ITPR1.0	GCF_041902795.1	Electrophorus electricus	Actinopteri	Gymnotiformes	ITPR1	0	found_annotated	fixed10	20	10	10	18	18	1	C1QL4B;COL7A1;EFCAB12;ENDOU;ESPL1;IP6K2B;ITGB7;MYL6;PFDN5;PFKFB4B;PFKM;SEC61A1A;SLC4A8;SMARCC2;SUMF1;TSFM;TTLL3;UROC1
Electrophorus_electricus|GCF_041902795.1|ITPR1.1	GCF_041902795.1	Electrophorus electricus	Actinopteri	Gymnotiformes	ITPR1	1	found_annotated	fixed10	20	10	10	17	17	0	ARL8B;BHLHE40;BRK1;CAMKV;CAV4A;CPNE5B;GPX1A;GRM2B;MON1A;MST1R;NFYA;RRP9;SEMA3F;SETMAR;SORT1A;TEX264B;TRAIP
Electrophorus_electricus|GCF_041902795.1|ITPR2.0	GCF_041902795.1	Electrophorus electricus	Actinopteri	Gymnotiformes	ITPR2	0	found_annotated	fixed10	20	10	10	20	20	1	ALX1;BHLHE41;BMAL2;C1QTNF13;CHS2;CTSD;EEA1;EIF4G2B;ENDOUC;LRRIQ1;MGAT4C;NR1H4;NTS;PLEKHG7;PPFIBP1B;RASSF9;SLC17A8;SLC6A15;SSPN;UBE2N
Electrophorus_electricus|GCF_041902795.1|ITPR3.0	GCF_041902795.1	Electrophorus electricus	Actinopteri	Gymnotiformes	ITPR3	0	found_annotated	fixed10	20	10	10	19	19	1	ALAS2;CACNA1S;COL2A1A;CPT2;CRY3A;EFHD2;ELA2;ELA2L;FHAD1;GLS2A;GPR37L1B;MAGOH;PORCN;PPP1R3F;SPRYD4;SUV39H1B;TAF10;TMEM9;UCK2A
Electrophorus_electricus|GCF_041902795.1|RYR.0	GCF_041902795.1	Electrophorus electricus	Actinopteri	Gymnotiformes	RYR	0	found_annotated	fixed10	19	10	9	14	14	1	CHRM3B;CYP4F3;DYDC2;FH;FMN2B;GREM2B;HHEX;LZTS2B;MTR;PDZD7B;POLR3A;RGS7B;SELENOU1B;SYDE1
Electrophorus_electricus|GCF_041902795.1|RYR.1	GCF_041902795.1	Electrophorus electricus	Actinopteri	Gymnotiformes	RYR	1	found_annotated	fixed10	20	10	10	18	18	0	CELF6;CH25HL1;COX5A;DHDH;HCN4;KTI12;NPTN;PARP6A;PIK3C2A;PKMA;PSTPIP1A;RCN2;REC114;RPP25B;SEC11A;TSPAN3A;UGT5F1;ZNF592
Electrophorus_electricus|GCF_041902795.1|RYR.2	GCF_041902795.1	Electrophorus electricus	Actinopteri	Gymnotiformes	RYR	2	found_annotated	fixed10	20	10	10	16	16	0	ADGRG4B;ARR3A;C2CD2;F9B;FGF13B;FHL1B;HTATSF1;IL2RG;LAGE3;MCF2B;MDH2;PRDM15;SKA2;SLC9A6B;STC1L;WDR45
Electrophorus_electricus|GCF_041902795.1|RYR.3	GCF_041902795.1	Electrophorus electricus	Actinopteri	Gymnotiformes	RYR	3	found_annotated	fixed10	20	10	10	15	15	0	ACP7;ACTC1B;ANKRD9;ARHGAP11A;BMF1;CHRM5A;DNAJC17;EIF2AK4;EMC7A;FSIP1;GCHFR;GREM1B;RCOR1;TECPR2;THBS1A
Electrophorus_electricus|GCF_041902795.1|RYR.4	GCF_041902795.1	Electrophorus electricus	Actinopteri	Gymnotiformes	RYR	4	found_annotated	fixed10	20	10	10	18	18	0	ACTC1A;ADAM17B;AVEN;CHRM5B;CPSF3;EMC7B;EXOC2;FMN1;FOXQ1B;GREM1A;IRF4B;KATNBL1;KLF11A;RRM2;SCG5;TAF1B;THBS1B;YWHAQ
Aquarana_catesbeiana|GCF_042186555.1|ITPR1.0	GCF_042186555.1	Aquarana catesbeiana	Amphibia	Anura	ITPR1	0	assembly_gap	fixed10	17	7	10	7	7	1	CRBN;GRM7;IL5RA;LMCD1;LRRN1;SUMF1;TRNT1
Aquarana_catesbeiana|GCF_042186555.1|ITPR1.1	GCF_042186555.1	Aquarana catesbeiana	Amphibia	Anura	ITPR1	1	assembly_gap	fixed10	16	6	10	8	8	0	ARL8B;BHLHE40;GRM7;IL5RA;LMCD1;LRRN1;SUMF1;TRNT1
Aquarana_catesbeiana|GCF_042186555.1|ITPR2.0	GCF_042186555.1	Aquarana catesbeiana	Amphibia	Anura	ITPR2	0	found_annotated	fixed10	20	10	10	12	12	1	BHLHE41;BMAL2;FGFR1OP2;INTS13;LMNTD1;MED21;PKP2;RASSF8;SSPN;STK38L;SYT10;TM7SF3
Aquarana_catesbeiana|GCF_042186555.1|ITPR3.0	GCF_042186555.1	Aquarana catesbeiana	Amphibia	Anura	ITPR3	0	found_annotated	fixed10	20	10	10	17	17	1	AATF;ACACA;APOBEC2;BAK1;FANCE;GRM4;HMGA1;HNF1B;LEMD2;LG02H3ORF52;LHX1;MLN;NUDT3;RPS10;SMIM29;SYNRG;TADA2A
Aquarana_catesbeiana|GCF_042186555.1|RYR.0	GCF_042186555.1	Aquarana catesbeiana	Amphibia	Anura	RYR	0	found_annotated	fixed10	20	10	10	13	13	1	ALKBH6;CLIP3;ECH1;EIF3K;FAM98C;HNRNPL;KPTN;MEIS3;NAPA;PSMD8;RASGRP4;SLC8A2;TSPAN15
Aquarana_catesbeiana|GCF_042186555.1|RYR.1	GCF_042186555.1	Aquarana catesbeiana	Amphibia	Anura	RYR	1	found_annotated	fixed10	20	10	10	19	19	0	ARHGAP11A;CCDC177;CDIN1;CHRM5;DPH6;ERH;EXD2;FAM98B;FMN1;GALNT16;GPR176;GREM1;MEIS2;PLEKHD1;RASGRP1;SCG5;SLC39A9;SPRED1;SUSD6
Pempheris_klunzingeri|GCF_042242105.1|ITPR1.0	GCF_042242105.1	Pempheris klunzingeri	Actinopteri	Acropomatiformes	ITPR1	0	found_annotated	fixed10	20	10	10	9	9	1	ATF1;ATF7B;DIP2B;ESYT1B;SCN8A;SLC4A8;SUMF1;TTLL3;ZC3H10
Pempheris_klunzingeri|GCF_042242105.1|ITPR1.1	GCF_042242105.1	Pempheris klunzingeri	Actinopteri	Acropomatiformes	ITPR1	1	found_annotated	fixed10	12	10	2	9	9	0	ARL6IP5A;AVPR2B;EEVS;FOXP1B;FRMD4B;LRRN1;MITF;SETMAR;TRNT1
Pempheris_klunzingeri|GCF_042242105.1|ITPR2.0	GCF_042242105.1	Pempheris klunzingeri	Actinopteri	Acropomatiformes	ITPR2	0	found_annotated	fixed10	20	10	10	17	17	1	BANP;BHLHE41;BMAL2;C1QTNF13;CES2B;EEA1;FANCI;FBXO31;KRAS;NR1H4;NUDT4A;PLEKHG7;POLG;SLC17A8;SSPN;UBE2N;ZNF469
Pempheris_klunzingeri|GCF_042242105.1|ITPR3.0	GCF_042242105.1	Pempheris klunzingeri	Actinopteri	Acropomatiformes	ITPR3	0	found_annotated	fixed10	20	10	10	11	11	1	ARL8A;BCAP31;CCDC135;EDEM2;GPR37L1B;GRIPAP1;HM13;KCND1;MRGBP;PTPN18;SNX21
Pempheris_klunzingeri|GCF_042242105.1|RYR.0	GCF_042242105.1	Pempheris klunzingeri	Actinopteri	Acropomatiformes	RYR	0	found_annotated	fixed10	20	10	10	14	14	1	ADGRA1A;ADOA;BMS1;CABCOCO1;CHRM3B;CYP26A1;EGR2B;EXOC6;FMN2B;JMJD1C;MTR;NRBF2B;REEP3B;TMEM26B
Pempheris_klunzingeri|GCF_042242105.1|RYR.1	GCF_042242105.1	Pempheris klunzingeri	Actinopteri	Acropomatiformes	RYR	1	found_annotated	fixed10	20	10	10	12	12	0	B3GNT2L;BCKDH;BICR;EXOSC5;HNRNPUL1;NAPA;OPA3;PPP1R13L;PPP5C;RASGRP4;TGFB1A;TMEM91
Pempheris_klunzingeri|GCF_042242105.1|RYR.2	GCF_042242105.1	Pempheris klunzingeri	Actinopteri	Acropomatiformes	RYR	2	found_annotated	fixed10	20	10	10	13	13	0	BRD8A;CXXC5A;DNAJC18;GABRR3A;GNG8;LIPI;NFRK;NRG2A;PHLDB2A;PPP3C;PURA;SMS;TMEM45B
Pempheris_klunzingeri|GCF_042242105.1|RYR.3	GCF_042242105.1	Pempheris klunzingeri	Actinopteri	Acropomatiformes	RYR	3	found_annotated	fixed10	20	10	10	9	9	0	ACP7;ARHGAP11A;CHRM5A;CRIM1;DNAJC17;EIF2AK4;FSIP1;GCHFR;GREM1B
Pempheris_klunzingeri|GCF_042242105.1|RYR.4	GCF_042242105.1	Pempheris klunzingeri	Actinopteri	Acropomatiformes	RYR	4	found_annotated	fixed10	20	10	10	18	18	0	ABRACL;ACOT20;ACTC1A;AVEN;CHRM5B;CLU;EMC7B;GPR176;GREM1A;HECA;KATNBL1;REPS1;SCARA3;SCG5;SLC10A1;SRSF5B;SUSD6;THBS1B
Pempheris_klunzingeri|GCF_042242105.1|RYR.5	GCF_042242105.1	Pempheris klunzingeri	Actinopteri	Acropomatiformes	RYR	5	found_annotated	fixed10	20	10	10	12	12	0	ACTN2B;CCSER2A;CHRM3A;ECD;FAM149B1;FMN2A;GREM2A;GRID1A;NDNFL;P4HA1B;RGS7A;SPARCL2
Nothobranchius_furzeri|GCF_043380555.1|ITPR1.0	GCF_043380555.1	Nothobranchius furzeri	Actinopteri	Cyprinodontiformes	ITPR1	0	found_annotated	fixed10	20	10	10	10	10	1	ATF1;ATF7B;DIP2B;DTX3L;ESYT1B;FAIM2B;SCN8A;SLC4A8;SUMF1;ZC3H10
Nothobranchius_furzeri|GCF_043380555.1|ITPR1.1	GCF_043380555.1	Nothobranchius furzeri	Actinopteri	Cyprinodontiformes	ITPR1	1	found_annotated	fixed10	20	10	10	12	12	0	ARL6IP5A;AVPR2B;BHLHE40;EEVS;FBLIM1;FRMD4B;LRRN1;MITF;PRKAR2A;SETMAR;SLC25A20;TRNT1
Nothobranchius_furzeri|GCF_043380555.1|ITPR2.0	GCF_043380555.1	Nothobranchius furzeri	Actinopteri	Cyprinodontiformes	ITPR2	0	found_annotated	fixed10	20	10	10	19	19	1	BANP;BHLHE41;BMAL2;C1QTNF13;CES2B;EEA1;ENDOUC;FANCI;FBXO31;KRAS;NR1H4;NUDT4A;PLEKHG7;POLG;PPFIBP1B;SLC17A8;SSPN;UBE2N;ZNF469
Nothobranchius_furzeri|GCF_043380555.1|ITPR3.0	GCF_043380555.1	Nothobranchius furzeri	Actinopteri	Cyprinodontiformes	ITPR3	0	found_annotated	fixed10	20	10	10	8	8	1	ARL8A;CCDC135;CLCN6;GPR37L1B;MRGBP;RFC2;SULF2B;USP11
Nothobranchius_furzeri|GCF_043380555.1|RYR.0	GCF_043380555.1	Nothobranchius furzeri	Actinopteri	Cyprinodontiformes	RYR	0	found_annotated	fixed10	20	10	10	10	10	1	ADPRM;CA10A;EME1;IPMK;KDELR2B;MRPL27;MT2;MYOCD;RAB3GAP1;TFAM
Nothobranchius_furzeri|GCF_043380555.1|RYR.1	GCF_043380555.1	Nothobranchius furzeri	Actinopteri	Cyprinodontiformes	RYR	1	found_annotated	fixed10	20	10	10	10	10	0	AAMDC;EXOSC5;HNRNPUL1;INTS4;OPA3;PPP1R13L;PPP5C;RASGRP4;TGFB1A;TMEM91
Nothobranchius_furzeri|GCF_043380555.1|RYR.2	GCF_043380555.1	Nothobranchius furzeri	Actinopteri	Cyprinodontiformes	RYR	2	found_annotated	fixed10	20	10	10	13	13	0	BRD8A;CXXC5A;DNAJC18;GABRR3A;GNG8;LIPI;NFRK;NRG2A;PHLDB2A;PPP3C;PURA;SMS;TMEM45B
Nothobranchius_furzeri|GCF_043380555.1|RYR.3	GCF_043380555.1	Nothobranchius furzeri	Actinopteri	Cyprinodontiformes	RYR	3	found_annotated	fixed10	20	10	10	8	8	0	ACP7;ARHGAP11A;CEP170B;CHRM5A;CRIM1;EIF2AK4;FSIP1;GREM1B
Nothobranchius_furzeri|GCF_043380555.1|RYR.4	GCF_043380555.1	Nothobranchius furzeri	Actinopteri	Cyprinodontiformes	RYR	4	found_annotated	fixed10	20	10	10	10	10	0	ACTC1A;AK7A;AVEN;CHRM5B;EMC7B;FMN1;GREM1A;KATNBL1;SCARA3;SCG5
Nothobranchius_furzeri|GCF_043380555.1|RYR.5	GCF_043380555.1	Nothobranchius furzeri	Actinopteri	Cyprinodontiformes	RYR	5	found_annotated	fixed10	20	10	10	12	12	0	ACTN2B;CCSER2A;CHRM3A;DNAJC9;ECD;FAM149B1;FMN2A;GREM2A;NDNFL;P4HA1B;RGS7A;SPARCL2
Trachurus_japonicus|GCF_045865225.1|ITPR1.0	GCF_045865225.1	Trachurus japonicus	Actinopteri	Carangiformes	ITPR1	0	found_annotated	fixed10	20	10	10	8	8	1	ATF1;DIP2B;ESYT1B;SCN8A;SLC4A8;SUMF1;TTLL3;ZC3H10
Trachurus_japonicus|GCF_045865225.1|ITPR1.1	GCF_045865225.1	Trachurus japonicus	Actinopteri	Carangiformes	ITPR1	1	found_annotated	fixed10	20	10	10	17	17	0	ARL6IP5A;ARL8B;AVPR2B;BHLHE40;CAMKV;COMT;EEVS;FRMD4B;GRM6B;LRRN1;MDFIC2;MITF;MON1A;MST1R;SETMAR;TRAIP;TRNT1
Trachurus_japonicus|GCF_045865225.1|ITPR2.0	GCF_045865225.1	Trachurus japonicus	Actinopteri	Carangiformes	ITPR2	0	found_annotated	fixed10	20	10	10	13	13	1	BANP;BHLHE41;C1QTNF13;EEA1;KRAS;NR1H4;NUDT4A;PLEKHG7;RASSF8A;SLC17A8;SSPN;UBE2N;ZNF469
Trachurus_japonicus|GCF_045865225.1|ITPR3.0	GCF_045865225.1	Trachurus japonicus	Actinopteri	Carangiformes	ITPR3	0	found_annotated	fixed10	20	10	10	10	10	1	BCAP31;DRC7;EDEM2;GRIPAP1;HM13;KCND1;MRGBP;PLXNA3;PTPN18;SNX21
Trachurus_japonicus|GCF_045865225.1|RYR.0	GCF_045865225.1	Trachurus japonicus	Actinopteri	Carangiformes	RYR	0	found_annotated	fixed10	20	10	10	15	15	1	ACBD4;ADGRA1A;ADOA;BMS1;CACNA1G;CHRM3B;CYP26A1;EGR2B;EXOC6;FMN2B;JMJD1C;MTR;NRBF2B;PLCD3B;REEP3B
Trachurus_japonicus|GCF_045865225.1|RYR.1	GCF_045865225.1	Trachurus japonicus	Actinopteri	Carangiformes	RYR	1	found_annotated	fixed10	20	10	10	13	13	0	AXL;B3GNT2L;BCKDH;EXOSC5;HNRNPUL1;NAPA;NUP88;OPA3;PPP1R13L;PPP5C;RASGRP4;TGFB1A;TMEM91
Trachurus_japonicus|GCF_045865225.1|RYR.2	GCF_045865225.1	Trachurus japonicus	Actinopteri	Carangiformes	RYR	2	found_annotated	fixed10	20	10	10	12	12	0	BRD8A;CXXC5A;DNAJC18;GABRR3A;GNG8;NFRK;NRG2A;PHLDB2A;PPP3C;PURA;SMS;TMEM45B
Trachurus_japonicus|GCF_045865225.1|RYR.3	GCF_045865225.1	Trachurus japonicus	Actinopteri	Carangiformes	RYR	3	found_annotated	fixed10	20	10	10	10	10	0	ACP7;CCDC88C;CHRM5A;EML5;FSIP1;GPR68;ISCA2;OSR1;RDH14A;THBS1A
Trachurus_japonicus|GCF_045865225.1|RYR.4	GCF_045865225.1	Trachurus japonicus	Actinopteri	Carangiformes	RYR	4	found_annotated	fixed10	20	10	10	17	17	0	ABRACL;ACTC1A;AVEN;CHRM5B;CLU;EMC7B;FMN1;GPR176;GREM1A;KATNBL1;REPS1;SCARA3;SCG5;SLC10A1;SRSF5B;SUSD6;THBS1B
Trachurus_japonicus|GCF_045865225.1|RYR.5	GCF_045865225.1	Trachurus japonicus	Actinopteri	Carangiformes	RYR	5	found_annotated	fixed10	20	10	10	12	12	0	ACTN2B;BICC1A;CHRM3A;DNAJC9;ECD;FAM149B1;FMN2A;GREM2A;NDNFL;P4HA1B;RGS7A;SPARCL2
Genypterus_blacodes|GCF_046128005.1|ITPR1.0	GCF_046128005.1	Genypterus blacodes	Actinopteri	Ophidiiformes	ITPR1	0	found_annotated	fixed10	20	10	10	10	10	1	ATF1;ATF7B;DIP2B;LARP4A;PFDN5;SCN8A;SLC4A8;SUMF1;TTLL3;ZC3H10
Genypterus_blacodes|GCF_046128005.1|ITPR1.1	GCF_046128005.1	Genypterus blacodes	Actinopteri	Ophidiiformes	ITPR1	1	found_annotated	fixed10	15	10	5	11	11	0	BHLHE40;CDC42;ETNK2;FBXO2;KLHDC8A;SETMAR;SLC41A1;SNRPE;SOX13;SVBP;WNT4
Genypterus_blacodes|GCF_046128005.1|ITPR2.0	GCF_046128005.1	Genypterus blacodes	Actinopteri	Ophidiiformes	ITPR2	0	found_annotated	fixed10	20	10	10	19	19	1	AARS1;BANP;BHLHE41;BMAL2;C1QTNF13;EEA1;EXOSC6;KRAS;NR1H4;NUDT4A;PLEKHG7;PPFIBP1B;RASSF8A;SLC17A8;SSPN;ST3GAL2;TGM2L;UBE2N;ZNF469
Genypterus_blacodes|GCF_046128005.1|ITPR3.0	GCF_046128005.1	Genypterus blacodes	Actinopteri	Ophidiiformes	ITPR3	0	found_annotated	fixed10	0	0	0	0	0	1	
Genypterus_blacodes|GCF_046128005.1|RYR.0	GCF_046128005.1	Genypterus blacodes	Actinopteri	Ophidiiformes	RYR	0	found_annotated	fixed10	20	10	10	15	15	1	ADOA;ATP6V0A1B;BMS1;CHRM3B;CYP26A1;DDB2;EGR2B;EXOC6;IPMK;JMJD1C;MTR;NAGLU;NRBF2B;REEP3B;SULT2ST2
Genypterus_blacodes|GCF_046128005.1|RYR.1	GCF_046128005.1	Genypterus blacodes	Actinopteri	Ophidiiformes	RYR	1	found_annotated	fixed10	20	10	10	14	14	0	AXL;B3GNT2L;BCKDH;BICR;CYP2Y3;EXOSC5;HNRNPUL1;NAPA;OPA3;PPP1R13L;PPP5C;RASGRP4;TGFB1A;TMEM91
Genypterus_blacodes|GCF_046128005.1|RYR.2	GCF_046128005.1	Genypterus blacodes	Actinopteri	Ophidiiformes	RYR	2	found_annotated	fixed10	20	10	10	12	12	0	GABRR3A;GNG8;KLF5L;KLF8;LIPI;NFRK;PHLDB2A;POF1B;POU4F4;SLC25A14;SMS;TMEM45B
Genypterus_blacodes|GCF_046128005.1|RYR.3	GCF_046128005.1	Genypterus blacodes	Actinopteri	Ophidiiformes	RYR	3	found_annotated	fixed10	20	10	10	11	11	0	ACP7;ACTC1B;ARHGAP11A;BMF1;CHRM5A;CYP1C1;EIF2AK4;FSIP1;GCHFR;GREM1B;THBS1A
Genypterus_blacodes|GCF_046128005.1|RYR.4	GCF_046128005.1	Genypterus blacodes	Actinopteri	Ophidiiformes	RYR	4	found_annotated	fixed10	20	10	10	18	18	0	ABRACL;ACTC1A;AK7A;AVEN;CAD;CHRM5B;CLU;DNAJC5G;EMC7B;FMN1;GPR176;GREM1A;HECA;KATNBL1;REPS1;SCARA3;SCG5;THBS1B
Genypterus_blacodes|GCF_046128005.1|RYR.5	GCF_046128005.1	Genypterus blacodes	Actinopteri	Ophidiiformes	RYR	5	found_annotated	fixed10	18	10	8	14	14	0	ACTN2B;BICC1A;CHRM3A;DNAJC9;ECD;FAM149B1;FMN2A;GREM2A;NDNFL;P4HA1B;PHYHIPL;RGS7A;STYXL1;SUPT3H
Nipponia_nippon|GCF_047370975.1|ITPR1.0	GCF_047370975.1	Nipponia nippon	Aves	Pelecaniformes	ITPR1	0	found_annotated	fixed10	20	10	10	16	16	1	ARL8B;BHLHE40;CAV3;CHL1;CNTN6;CRBN;EDEM1;GRM7;IL5RA;LMCD1;LRRN1;OXTR;RAD18;SSUH2;SUMF1;TRNT1
Nipponia_nippon|GCF_047370975.1|ITPR2.0	GCF_047370975.1	Nipponia nippon	Aves	Pelecaniformes	ITPR2	0	found_annotated	fixed10	20	10	10	19	19	1	BHLHE41;BMAL2;CYB5R3;DNAI7;ETFRF1;FGFR1OP2;GYS2;INTS13;IRAG2;KRAS;LMNTD1;MED21;PPFIBP1;RASSF8;REP15;SPX;SSPN;STK38L;TM7SF3
Nipponia_nippon|GCF_047370975.1|ITPR3.0	GCF_047370975.1	Nipponia nippon	Aves	Pelecaniformes	ITPR3	0	found_annotated	fixed10	20	10	10	14	14	1	APOBEC2;BAK1;GRM4;HMGA1;LEMD2;MLN;NFYA;NUDT3;OARD1;PACSIN1;RPS10;SMIM29;SPDEF;TSPO2
Nipponia_nippon|GCF_047370975.1|RYR.0	GCF_047370975.1	Nipponia nippon	Aves	Pelecaniformes	RYR	0	found_annotated	fixed10	20	10	10	18	18	1	ACTN2;CHRM3;EDARADD;ERO1B;EXO1;FMN2;GPR137B;GREM2;HEATR1;LGALS8;LYST;MAP1LC3C;MTR;NID1;OPN3;PIGM;RGS7;WDR64
Nipponia_nippon|GCF_047370975.1|RYR.1	GCF_047370975.1	Nipponia nippon	Aves	Pelecaniformes	RYR	1	found_annotated	fixed10	20	10	10	19	19	0	ACTN4;BICRA;ECH1;EHD2;EIF3K;HNRNPL;KPTN;MAP4K1;MRPS12;NAPA;NFKBIB;PAK4;PSMD8;RASGRP4;SARS2;SIRT2;SLC8A2;SPRED3;ZNF541
Nipponia_nippon|GCF_047370975.1|RYR.2	GCF_047370975.1	Nipponia nippon	Aves	Pelecaniformes	RYR	2	found_annotated	fixed10	20	10	10	19	19	0	ARHGAP11A;AVEN;CDIN1;CHRM5;DPH6;EIF2AK4;EMC7;FMN1;FSIP1;GPR176;GREM1;KATNBL1;MEIS2;RASGRP1;SCG5;SPRED1;SRP14;THBS1;TSLIG3B
Chiloscyllium_punctatum|GCF_047496795.1|ITPR1.0	GCF_047496795.1	Chiloscyllium punctatum	Chondrichthyes	Orectolobiformes	ITPR1	0	found_annotated	fixed10	20	10	10	13	13	1	APEH;ARL8B;BHLHE40;BORCS6;EDEM1;LMCD1;OXTR;RAD18;RASSF1;SEMA3H;SETMAR;SUMF1;ZMYND10
Chiloscyllium_punctatum|GCF_047496795.1|ITPR2.0	GCF_047496795.1	Chiloscyllium punctatum	Chondrichthyes	Orectolobiformes	ITPR2	0	found_annotated	fixed10	20	10	10	14	14	1	BHLHE41;CEP83;CRADD;DNAI7;EEA1;INTS13;LRMP;MRPL42;PLEKHG7;PLXNC1;RASSF8B;SOCS2;SSPN;UBE2N
Chiloscyllium_punctatum|GCF_047496795.1|ITPR3.0	GCF_047496795.1	Chiloscyllium punctatum	Chondrichthyes	Orectolobiformes	ITPR3	0	found_annotated	fixed10	20	10	10	5	5	1	C45H6ORF89;GPR37L1B;HMGA1A;SMIM29;UQCC2
Chiloscyllium_punctatum|GCF_047496795.1|RYR.0	GCF_047496795.1	Chiloscyllium punctatum	Chondrichthyes	Orectolobiformes	RYR	0	found_annotated	fixed10	20	10	10	5	5	0	ECH1;MED29;PAF1;PSMD8;RASGRP4
Chiloscyllium_punctatum|GCF_047496795.1|RYR.1	GCF_047496795.1	Chiloscyllium punctatum	Chondrichthyes	Orectolobiformes	RYR	1	found_annotated	fixed10	20	10	10	12	12	0	ADPGK2;FH;FMN2B;GREM2B;HEATR1;KMO;MOCS3;MTR;NDUFAF7;OPN3;PRKD3;QPCT
Chiloscyllium_punctatum|GCF_047496795.1|RYR.2	GCF_047496795.1	Chiloscyllium punctatum	Chondrichthyes	Orectolobiformes	RYR	2	found_annotated	fixed10	20	10	10	17	17	1	AQR;ARG2;AVEN;CDIN1;CHRM5B;DPH6;EMC7B;FAM98B;FMN1;FSIP1;GPR176;GREM1A;KATNBL1;MEIS2A;SPRED1;THBS1B;VTI1B
Scyliorhinus_torazame|GCF_047496885.1|ITPR1.0	GCF_047496885.1	Scyliorhinus torazame	Chondrichthyes	Carcharhiniformes	ITPR1	0	found_annotated	fixed10	20	10	10	11	11	1	APEH;ARL8B;BHLHE40;BSNB;EDEM1;LMCD1;RAD18;SEMA3H;SETMAR;SUMF1;ZMYND10
Scyliorhinus_torazame|GCF_047496885.1|ITPR2.0	GCF_047496885.1	Scyliorhinus torazame	Chondrichthyes	Carcharhiniformes	ITPR2	0	found_annotated	fixed10	20	10	10	14	14	1	BCAT1;CEP83;CRADD;DNAI7;EEA1;INTS13;LRMP;MRPL42;PLEKHG7;PLXNC1;RASSF8B;SOCS2;SSPN;UBE2N
Scyliorhinus_torazame|GCF_047496885.1|ITPR3.0	GCF_047496885.1	Scyliorhinus torazame	Chondrichthyes	Carcharhiniformes	ITPR3	0	found_annotated	fixed10	20	10	10	6	6	1	C17H6ORF89;HMGA1A;LGR6;MLNL;SMIM29;UBE2T
Scyliorhinus_torazame|GCF_047496885.1|RYR.0	GCF_047496885.1	Scyliorhinus torazame	Chondrichthyes	Carcharhiniformes	RYR	0	found_annotated	fixed10	20	10	10	4	4	0	PAF1;PSMD8;RASGRP4;SPTBN4B
Scyliorhinus_torazame|GCF_047496885.1|RYR.1	GCF_047496885.1	Scyliorhinus torazame	Chondrichthyes	Carcharhiniformes	RYR	1	found_annotated	fixed10	20	10	10	9	9	0	ADPGK2;FH;GREM2B;HEATR1;KMO;MOCS3;MTR;OPN3;QPCT
Scyliorhinus_torazame|GCF_047496885.1|RYR.2	GCF_047496885.1	Scyliorhinus torazame	Chondrichthyes	Carcharhiniformes	RYR	2	found_annotated	fixed10	20	10	10	16	16	1	ARG2;AVEN;CDIN1;CHRM5B;DPH6;EMC7B;FAM98B;FMN1;FSIP1;GPR176;GREM1A;KATNBL1;MEIS2A;SPRED1;THBS1B;VTI1B
Anas_platyrhynchos|GCF_047663525.1|ITPR1.0	GCF_047663525.1	Anas platyrhynchos	Aves	Anseriformes	ITPR1	0	found_annotated	fixed10	20	10	10	16	16	1	ARL8B;BHLHE40;CAV3;CHL1;CRBN;EDEM1;GRM7;IL5RA;LMCD1;LRRN1;OXTR;RAD18;SRGAP3;SSUH2;SUMF1;TRNT1
Anas_platyrhynchos|GCF_047663525.1|ITPR2.0	GCF_047663525.1	Anas platyrhynchos	Aves	Anseriformes	ITPR2	0	found_annotated	fixed10	20	10	10	19	19	1	BHLHE41;BMAL2;CYB5R3;DNAI7;ETFRF1;FGFR1OP2;GYS2;INTS13;IRAG2;KRAS;LMNTD1;MED21;PPFIBP1;RASSF8;REP15;SPX;SSPN;STK38L;TM7SF3
Anas_platyrhynchos|GCF_047663525.1|ITPR3.0	GCF_047663525.1	Anas platyrhynchos	Aves	Anseriformes	ITPR3	0	found_annotated	fixed10	20	10	10	17	17	1	APOBEC2;BAK1;CEPT1;DRAM2;GRM4;HMGA1;LEMD2;LRIF1;MLN;NFYA;NUDT3;OARD1;PACSIN1;RPS10;SMIM29;SPDEF;TSPO2
Anas_platyrhynchos|GCF_047663525.1|RYR.0	GCF_047663525.1	Anas platyrhynchos	Aves	Anseriformes	RYR	0	found_annotated	fixed10	20	10	10	19	19	1	ACTN2;CHRM3;EDARADD;ERO1B;EXO1;FMN2;GNG4;GPR137B;GREM2;HEATR1;LGALS8;LYST;MAP1LC3C;MTR;NID1;OPN3;PIGM;RGS7;WDR64
Anas_platyrhynchos|GCF_047663525.1|RYR.1	GCF_047663525.1	Anas platyrhynchos	Aves	Anseriformes	RYR	1	found_annotated	fixed10	20	10	10	15	15	0	ACTN4;BICRA;ECH1;EHD2;EIF3K;HNRNPL;MAP4K1;MRPS12;NFKBIB;NOP53;PAK4;SARS2;SELENOW;SIRT2;ZNF541
Anas_platyrhynchos|GCF_047663525.1|RYR.2	GCF_047663525.1	Anas platyrhynchos	Aves	Anseriformes	RYR	2	found_annotated	fixed10	20	10	10	15	15	0	AVEN;CDIN1;CHRM5;EIF2AK4;EMC7;FAM98B;FSIP1;GPR176;GREM1;KATNBL1;MEIS2;RASGRP1;SPRED1;SRP14;THBS1
Strix_uralensis|GCF_047716275.1|ITPR1.0	GCF_047716275.1	Strix uralensis	Aves	Strigiformes	ITPR1	0	found_annotated	fixed10	20	10	10	17	17	1	ARL8B;BHLHE40;CAV3;CHL1;CNTN6;CRBN;EDEM1;GRM7;IL5RA;LMCD1;LRRN1;OXTR;RAD18;SRGAP3;SSUH2;SUMF1;TRNT1
Strix_uralensis|GCF_047716275.1|ITPR2.0	GCF_047716275.1	Strix uralensis	Aves	Strigiformes	ITPR2	0	found_annotated	fixed10	20	10	10	19	19	1	ASCL4;BHLHE41;BMAL2;DNAI7;ETFRF1;FGFR1OP2;GYS2;INTS13;IRAG2;KRAS;LDHB;MED21;PRDM4;PWP1;RASSF8;SPX;SSPN;STK38L;TM7SF3
Strix_uralensis|GCF_047716275.1|ITPR3.0	GCF_047716275.1	Strix uralensis	Aves	Strigiformes	ITPR3	0	found_annotated	fixed10	20	10	10	17	17	1	APOBEC2;BAK1;FOXP4;GRM4;HMGA1;IP6K3;LEMD2;MDFI;MLN;NFYA;NUDT3;OARD1;RPS10;SMIM29;TFEB;TREM1;UQCC2
Strix_uralensis|GCF_047716275.1|RYR.0	GCF_047716275.1	Strix uralensis	Aves	Strigiformes	RYR	0	found_annotated	fixed10	20	10	10	20	20	1	ACTN2;CHRM3;EDARADD;ERO1B;EXO1;FMN2;GNG4;GPR137B;GREM2;HEATR1;LGALS8;LYST;MAP1LC3C;MTR;NID1;OPN3;PIGM;PLD5;RGS7;WDR64
Strix_uralensis|GCF_047716275.1|RYR.1	GCF_047716275.1	Strix uralensis	Aves	Strigiformes	RYR	1	found_annotated	fixed10	1	1	0	0	0	0	
Strix_uralensis|GCF_047716275.1|RYR.2	GCF_047716275.1	Strix uralensis	Aves	Strigiformes	RYR	2	found_annotated	fixed10	20	10	10	19	19	0	ARHGAP11A;AVEN;CDIN1;CHRM5;DPH6;EIF2AK4;EMC7;FAM98B;FMN1;FSIP1;GPR176;GREM1;KATNBL1;MEIS2;RASGRP1;SCG5;SPRED1;SRP14;THBS1
Hemitrygon_akajei|GCF_048418815.1|ITPR1.0	GCF_048418815.1	Hemitrygon akajei	Chondrichthyes	Myliobatiformes	ITPR1	0	found_annotated	fixed10	20	10	10	14	14	1	APEH;ARL8B;BHLHE40;BORCS6;CAV3;EDEM1;LMCD1;OXTR;RAD18;RASSF1;SEMA3H;SETMAR;SUMF1;ZMYND10
Hemitrygon_akajei|GCF_048418815.1|ITPR2.0	GCF_048418815.1	Hemitrygon akajei	Chondrichthyes	Myliobatiformes	ITPR2	0	found_annotated	fixed10	20	10	10	12	12	1	BHLHE41;CRADD;DNAI7;EEA1;INTS13;LRMP;MRPL42;PLEKHG7;PLXNC1;RASSF8B;SOCS2;SSPN
Hemitrygon_akajei|GCF_048418815.1|ITPR3.0	GCF_048418815.1	Hemitrygon akajei	Chondrichthyes	Myliobatiformes	ITPR3	0	found_annotated	fixed10	20	10	10	5	5	1	C27H6ORF89;LGR6;PKP1B;UBE2T;UQCC2
Hemitrygon_akajei|GCF_048418815.1|RYR.0	GCF_048418815.1	Hemitrygon akajei	Chondrichthyes	Myliobatiformes	RYR	0	found_annotated	fixed10	20	10	10	6	6	0	APEX1;METTL3;OSGEP;PSMD8;RASGRP4;SPRED3
Hemitrygon_akajei|GCF_048418815.1|RYR.1	GCF_048418815.1	Hemitrygon akajei	Chondrichthyes	Myliobatiformes	RYR	1	found_annotated	fixed10	20	10	10	14	14	1	ADPGK2;CEBPZ;FH;FMN2B;GREM2B;HEATR1;KMO;LGALS8A;MOCS3;MTR;NDUFAF7;OPN3;PRKD3;QPCT
Hemitrygon_akajei|GCF_048418815.1|RYR.2	GCF_048418815.1	Hemitrygon akajei	Chondrichthyes	Myliobatiformes	RYR	2	found_annotated	fixed10	20	10	10	16	16	0	AQR;ARG2;AVEN;CDIN1;CHRM5B;DPH6;EMC7B;FAM98B;FMN1;FSIP1;GPR176;GREM1A;KATNBL1;MEIS2A;SPRED1;THBS1B
Sminthopsis_crassicaudata|GCF_048593235.1|ITPR1.0	GCF_048593235.1	Sminthopsis crassicaudata	Mammalia	Dasyuromorphia	ITPR1	0	found_annotated	fixed10	20	10	10	16	15	1	ARL8B;BHLHE40;CAV3;CNTN4;CNTN6;CRBN;EDEM1;GRM7;IL5RA;LMCD1;LRRN1;OXTR;RAD18;SSUH2;SUMF1;TRNT1
Sminthopsis_crassicaudata|GCF_048593235.1|ITPR2.0	GCF_048593235.1	Sminthopsis crassicaudata	Mammalia	Dasyuromorphia	ITPR2	0	found_annotated	fixed10	20	10	10	20	20	1	BCAT1;BHLHE41;BMAL2;DNAI7;ETFRF1;FGFR1OP2;INTS13;IRAG2;KRAS;LMNTD1;MED21;PFKFB3;PRKCQ;RASSF8;RBM17;SFMBT2;SOX5;SSPN;STK38L;TM7SF3
Sminthopsis_crassicaudata|GCF_048593235.1|ITPR3.0	GCF_048593235.1	Sminthopsis crassicaudata	Mammalia	Dasyuromorphia	ITPR3	0	found_annotated	fixed10	20	10	10	19	18	1	BAK1;CUTA;DAXX;GRM4;HMGA1;IP6K3;KIFC1;LEMD2;MLN;NUDT3;PACSIN1;PHF1;RPS10;SMIM29;SYNGAP1;TAPBP;UQCC2;ZBTB22;ZBTB9
Sminthopsis_crassicaudata|GCF_048593235.1|RYR.0	GCF_048593235.1	Sminthopsis crassicaudata	Mammalia	Dasyuromorphia	RYR	0	found_annotated	fixed10	20	10	10	18	18	1	ACTN2;CHRM3;EDARADD;ERO1B;EXO1;FH;FMN2;GPR137B;GREM2;HEATR1;KMO;LYST;MTR;NID1;OPN3;RGS7;WDR64;ZP4
Sminthopsis_crassicaudata|GCF_048593235.1|RYR.1	GCF_048593235.1	Sminthopsis crassicaudata	Mammalia	Dasyuromorphia	RYR	1	found_annotated	fixed10	20	10	10	18	17	0	ACTN4;CAPN12;CXH19ORF33;ECH1;EIF3K;FAM98C;GGN;HNRNPL;KCNK6;LGALS4;LGALS7;MAP4K1;PSMD8;RASGRP4;RINL;SIRT2;SPRED3;YIF1B
Sminthopsis_crassicaudata|GCF_048593235.1|RYR.2	GCF_048593235.1	Sminthopsis crassicaudata	Mammalia	Dasyuromorphia	RYR	2	found_annotated	fixed10	20	10	10	18	17	0	ACTC1;AQR;ARHGAP11A;AVEN;CHRM5;DPH6;EMC4;EMC7;FMN1;GJD2;GREM1;KATNBL1;LPCAT4;NOP10;NUTM1;SCG5;SLC12A6;ZNF770
Paramormyrops_kingsleyae|GCF_048594095.1|ITPR1.0	GCF_048594095.1	Paramormyrops kingsleyae	Actinopteri	Osteoglossiformes	ITPR1	0	found_annotated	fixed10	20	10	10	11	11	1	ARL8B;CRBN;EDEM1;GHRL;GNAT1;LRRN1;RBM6;SFMBT1;SUMF1;TATDN2;UBA7
Paramormyrops_kingsleyae|GCF_048594095.1|ITPR1.1	GCF_048594095.1	Paramormyrops kingsleyae	Actinopteri	Osteoglossiformes	ITPR1	1	found_annotated	fixed10	20	10	10	11	11	0	AVPR2B;BHLHE40;CCDC174;GNAI2A;INKA1A;MON1A;MST1R;RFT1;SETMAR;TRAIP;TRNT1
Paramormyrops_kingsleyae|GCF_048594095.1|ITPR2.0	GCF_048594095.1	Paramormyrops kingsleyae	Actinopteri	Osteoglossiformes	ITPR2	0	found_annotated	fixed10	20	10	10	8	8	1	BHLHE41;CELF2;GATA3;INTS13;NUP50;RASSF8B;SSPN;USP6NL
Paramormyrops_kingsleyae|GCF_048594095.1|ITPR3.0	GCF_048594095.1	Paramormyrops kingsleyae	Actinopteri	Osteoglossiformes	ITPR3	0	found_annotated	fixed10	20	10	10	4	4	1	FRS3;GUCA1B;PPIL1;SARS1
Paramormyrops_kingsleyae|GCF_048594095.1|RYR.0	GCF_048594095.1	Paramormyrops kingsleyae	Actinopteri	Osteoglossiformes	RYR	0	found_annotated	fixed10	20	10	10	12	12	1	ARG1;CYP26A1;DNAJC9;EXOC6;FH;FMN2B;HEATR1;HHEX;KIF11;MTR;NUDT13;P4HA1A
Paramormyrops_kingsleyae|GCF_048594095.1|RYR.1	GCF_048594095.1	Paramormyrops kingsleyae	Actinopteri	Osteoglossiformes	RYR	1	found_annotated	fixed10	20	10	10	5	5	0	B9D2;CBR1L;PPP5C;RSPH4A;SYMPK
Paramormyrops_kingsleyae|GCF_048594095.1|RYR.2	GCF_048594095.1	Paramormyrops kingsleyae	Actinopteri	Osteoglossiformes	RYR	2	found_annotated	fixed10	20	10	10	13	13	0	ARRB1;B3GNT2L;BCKDH;BICR;CDKL1;EHD2B;EXOSC5;HNRNPUL1;OPA3;PPP1R13L;RASGRP4;TMEM91;WDR62
Paramormyrops_kingsleyae|GCF_048594095.1|RYR.3	GCF_048594095.1	Paramormyrops kingsleyae	Actinopteri	Osteoglossiformes	RYR	3	found_annotated	fixed10	20	10	10	13	13	0	ACP7;ADGRG11;ARHGAP11A;BMF2;EIF2AK4;EMC7B;FSIP1;GPR176;KATNBL1;SCG5;SLC10A1;SUSD6;THBS1B
Petromyzon_marinus|GCF_048934315.1|ITPR1.0	GCF_048934315.1	Petromyzon marinus	Hyperoartia	Petromyzontiformes	ITPR1	0	found_annotated	fixed10	20	10	10	4	4	1	ADIPOR1;DSTYK;FBXO7;WASHC1
Petromyzon_marinus|GCF_048934315.1|ITPR1.1	GCF_048934315.1	Petromyzon marinus	Hyperoartia	Petromyzontiformes	ITPR1	1	found_annotated	fixed10	20	10	10	5	5	0	CCDC77;DLD;PPARD;SUMF1;UQCC2
Petromyzon_marinus|GCF_048934315.1|ITPR1.2	GCF_048934315.1	Petromyzon marinus	Hyperoartia	Petromyzontiformes	ITPR1	2	found_annotated	fixed10	20	10	10	14	14	0	ATP6AP1;CERK;FAM3C;G6PD;IQUB;ITIH5;LSM3;MUSTN1;NDUFA5;PRPF18;SLC2A13;TOMM6;XPC;XPOT
Petromyzon_marinus|GCF_048934315.1|RYR.0	GCF_048934315.1	Petromyzon marinus	Hyperoartia	Petromyzontiformes	RYR	0	found_annotated	fixed10	20	10	10	4	4	1	CTSF;FNTB;MAX;RTF1
Petromyzon_marinus|GCF_048934315.1|RYR.1	GCF_048934315.1	Petromyzon marinus	Hyperoartia	Petromyzontiformes	RYR	1	found_annotated	fixed10	20	10	10	5	5	0	ABHD12;AVEN;GCH1;PEX6;SLC29A1
Macaca_mulatta|GCF_049350105.2|ITPR1.0	GCF_049350105.2	Macaca mulatta	Mammalia	Primates	ITPR1	0	found_annotated	fixed10	20	10	10	19	18	1	ARL8B;BHLHE40;CAV3;CHL1;CNTN4;CNTN6;CRBN;EDEM1;GRM7;IL5RA;LMCD1;LRRN1;OXTR;RAD18;SETMAR;SRGAP3;SSUH2;SUMF1;TRNT1
Macaca_mulatta|GCF_049350105.2|ITPR2.0	GCF_049350105.2	Macaca mulatta	Mammalia	Primates	ITPR2	0	found_annotated	fixed10	20	10	10	19	19	1	ARNTL2;BCAT1;BHLHE41;C11H12ORF71;DNAI7;ETFRF1;FGFR1OP2;INTS13;IRAG2;KRAS;LMNTD1;MED21;PPFIBP1;RASSF8;REP15;SMCO2;SSPN;STK38L;TM7SF3
Macaca_mulatta|GCF_049350105.2|ITPR3.0	GCF_049350105.2	Macaca mulatta	Mammalia	Primates	ITPR3	0	found_annotated	fixed10	20	10	10	17	16	1	BAK1;CUTA;DAXX;GRM4;HMGA1;IP6K3;KIFC1;LEMD2;MLN;NUDT3;PACSIN1;PHF1;RPS10;SMIM29;SMIM40;SYNGAP1;ZBTB9
Macaca_mulatta|GCF_049350105.2|RYR.0	GCF_049350105.2	Macaca mulatta	Mammalia	Primates	RYR	0	found_annotated	fixed10	20	10	10	17	17	1	ACTN2;CHRM3;EDARADD;ERO1B;FH;FMN2;GPR137B;GREM2;HEATR1;KMO;LGALS8;LYST;MTR;NID1;OPN3;RGS7;ZP4
Macaca_mulatta|GCF_049350105.2|RYR.1	GCF_049350105.2	Macaca mulatta	Mammalia	Primates	RYR	1	found_annotated	fixed10	20	10	10	18	18	0	ACTN4;C19H19ORF33;CAPN12;CATSPERG;ECH1;EIF3K;FAM98C;GGN;HNRNPL;KCNK6;LGALS4;LGALS7B;MAP4K1;PSMD8;RASGRP4;SPINT2;SPRED3;YIF1B
Macaca_mulatta|GCF_049350105.2|RYR.2	GCF_049350105.2	Macaca mulatta	Mammalia	Primates	RYR	2	found_annotated	fixed10	20	10	10	15	14	0	ARHGAP11A;AVEN;CHRM5;EMC4;EMC7;FMN1;GREM1;KATNBL1;LPCAT4;NOP10;NUTM1;PGBD4;SCG5;SLC12A6;TMCO5B
Tenrec_ecaudatus|GCF_050624435.1|ITPR1.0	GCF_050624435.1	Tenrec ecaudatus	Mammalia	Afrosoricida	ITPR1	0	found_annotated	fixed10	20	10	10	9	9	1	ARL8B;BHLHE40;EDEM1;FAM171A1;GRM7;LMCD1;NMT2;SSUH2;SUMF1
Tenrec_ecaudatus|GCF_050624435.1|ITPR2.0	GCF_050624435.1	Tenrec ecaudatus	Mammalia	Afrosoricida	ITPR2	0	found_annotated	fixed10	20	10	10	16	16	1	BHLHE41;BMAL2;C6H12ORF71;DNAI7;ETFRF1;FGFR1OP2;INTS13;IRAG2;KRAS;LMNTD1;MED21;PPFIBP1;RASSF8;SSPN;STK38L;TM7SF3
Tenrec_ecaudatus|GCF_050624435.1|ITPR3.0	GCF_050624435.1	Tenrec ecaudatus	Mammalia	Afrosoricida	ITPR3	0	found_annotated	fixed10	20	10	10	19	17	1	BAK1;BLTP3A;CUTA;DAXX;GRM4;HMGA1;ILRUN;KIFC1;NUDT3;PACSIN1;PHF1;RPS10;SMIM29;SMIM40;SNRPC;SPDEF;SYNGAP1;ZBTB22;ZBTB9
Tenrec_ecaudatus|GCF_050624435.1|RYR.0	GCF_050624435.1	Tenrec ecaudatus	Mammalia	Afrosoricida	RYR	0	found_annotated	fixed10	20	10	10	14	14	1	ALKAL2;ALLC;CHRM3;COLEC11;DCDC2C;FAM110C;FBXO25;FMN2;GREM2;MTR;RGS7;RPS7;SH3YL1;SOX11
Tenrec_ecaudatus|GCF_050624435.1|RYR.1	GCF_050624435.1	Tenrec ecaudatus	Mammalia	Afrosoricida	RYR	1	found_annotated	fixed10	20	10	10	20	19	0	ACTN4;C18H19ORF33;CAPN12;CATSPERG;ECH1;EIF3K;FAM98C;GGN;HNRNPL;KCNK6;LGALS4;LGALS7;MAP4K1;PSMD8;RASGRP4;RINL;SIRT2;SPINT2;SPRED3;YIF1B
Tenrec_ecaudatus|GCF_050624435.1|RYR.2	GCF_050624435.1	Tenrec ecaudatus	Mammalia	Afrosoricida	RYR	2	found_annotated	fixed10	20	10	10	18	17	0	ACTC1;AQR;ARHGAP11A;AVEN;CHRM5;DPH6;EMC4;EMC7;FMN1;GJD2;GREM1;KATNBL1;LPCAT4;NOP10;NUTM1;SCG5;SLC12A6;ZNF770
Danio_rerio|GCF_052040795.1|ITPR1.0	GCF_052040795.1	Danio rerio	Actinopteri	Cypriniformes	ITPR1	0	found_annotated	fixed10	20	10	10	18	18	1	C1QL4B;CHCHD4B;COL7A1;EFCAB12;ENDOU;ESPL1;IP6K2B;ITGB7;MYL6;PFDN5;PFKFB4B;PFKM;SEC61A1A;SMARCC2;SUMF1;TSFM;TTLL3;UROC1
Danio_rerio|GCF_052040795.1|ITPR1.1	GCF_052040795.1	Danio rerio	Actinopteri	Cypriniformes	ITPR1	1	found_annotated	fixed10	20	10	10	16	16	0	ARL8B;BHLHE40;BRK1;CAMKV;CAV4A;GPX1A;GRM2B;MON1A;MST1R;NFYA;RRP9;SEMA3F;SETMAR;SORT1A;TEX264B;TRAIP
Danio_rerio|GCF_052040795.1|ITPR2.0	GCF_052040795.1	Danio rerio	Actinopteri	Cypriniformes	ITPR2	0	found_annotated	fixed10	20	10	10	20	18	1	ALX1;BHLHE41;C1QTNF13;CHS2;CHS3;CHS4;CTSD;EEA1;EPS8B;LRRIQ1;MGAT4C;NR1H4;NTS;NUDT4A;PLEKHG7;RASSF9;SLC17A8;SLC6A15;SSPN;UBE2N
Danio_rerio|GCF_052040795.1|ITPR3.0	GCF_052040795.1	Danio rerio	Actinopteri	Cypriniformes	ITPR3	0	found_annotated	fixed10	20	10	10	17	17	1	AJAP1;ALAS2;COL2A1A;CPT2;CRY3A;DFFB;ELA2;ELA2L;FHAD1;GLS2A;GPR37L1B;MAGOH;NPHP4;PORCN;SPRYD4;TMCO1;UCK2A
Danio_rerio|GCF_052040795.1|RYR.0	GCF_052040795.1	Danio rerio	Actinopteri	Cypriniformes	RYR	0	found_annotated	fixed10	20	10	10	18	18	1	ADKB;CHRM3B;FAM53B;FH;FMN2B;GREM2B;HHEX;HPDL;LHPP;LZTS2B;MTR;OAT;PDZD7B;PLAU;RGS7B;SELENOU1B;VCLB;ZRANB1A
Danio_rerio|GCF_052040795.1|RYR.1	GCF_052040795.1	Danio rerio	Actinopteri	Cypriniformes	RYR	1	found_annotated	fixed10	20	10	10	16	16	0	B3GLCT;BCL7B;C2CD2;CFAP298;COL26A1;EVA1C;HUNK;IL2RG;MDH2;MIS18A;MYL10;PRDM15;RXFP2A;SKA2;TBL2;TEX14
Danio_rerio|GCF_052040795.1|RYR.2	GCF_052040795.1	Danio rerio	Actinopteri	Cypriniformes	RYR	2	found_annotated	fixed10	20	10	10	16	16	0	ACTMAP;B3GAT1A;BCKDH;CFAP45;CLASRP;EXOSC5;HNRNPUL1;ITPKC;LEKR1;OPA3;PPP1R13L;RASGRP4;SIAE;SNRP;TBRG1;TMEM91
Danio_rerio|GCF_052040795.1|RYR.3	GCF_052040795.1	Danio rerio	Actinopteri	Cypriniformes	RYR	3	found_annotated	fixed10	20	10	10	13	13	0	ACP7;ACTC1B;ARHGAP11A;BMF1;CHRM5A;DORIP1;EIF2AK4;EMC7A;FSIP1;GREM1B;KLHL28;THBS1A;TOGARAM1
Danio_rerio|GCF_052040795.1|RYR.4	GCF_052040795.1	Danio rerio	Actinopteri	Cypriniformes	RYR	4	found_annotated	fixed10	20	10	10	18	17	0	ACOT20;ACOT21;ACTC1A;ADAM17B;AVEN;CHRM5B;EMC7B;FMN1;GPR176;GREM1A;KATNBL1;KLF11A;RRM2;SCG5;SUSD6;TAF1B;THBS1B;YWHAQ
Danio_rerio|GCF_052040795.1|RYR.5	GCF_052040795.1	Danio rerio	Actinopteri	Cypriniformes	RYR	5	found_annotated	fixed10	20	10	10	18	18	0	ACTN2B;BNIP4;CHRM3A;CYP26C1;DICER1;EBF3B;ECD;FMN2A;GNRH3;GREM2A;GSC;KIF11;MGMT;P4HA1B;REEP3A;RGS7A;SLC22A15;SMNDC1
Somniosus_microcephalus|GCF_052327205.1|ITPR1.0	GCF_052327205.1	Somniosus microcephalus	Chondrichthyes	Squaliformes	ITPR1	0	found_annotated	fixed10	20	10	10	10	10	1	ARL8B;BHLHE40;CAV3;EDEM1;LMCD1;RAD18;RASSF1;SEMA3H;SETMAR;ZMYND10
Somniosus_microcephalus|GCF_052327205.1|ITPR2.0	GCF_052327205.1	Somniosus microcephalus	Chondrichthyes	Squaliformes	ITPR2	0	found_annotated	fixed10	20	10	10	5	5	1	BHLHE41;INTS13;PLEKHG7;RASSF8B;SSPN
Somniosus_microcephalus|GCF_052327205.1|ITPR3.0	GCF_052327205.1	Somniosus microcephalus	Chondrichthyes	Squaliformes	ITPR3	0	found_annotated	fixed10	20	10	10	6	6	1	C18H6ORF89;LGR6;MLNL;SMIM29;TNNT2A;UBE2T
Somniosus_microcephalus|GCF_052327205.1|RYR.0	GCF_052327205.1	Somniosus microcephalus	Chondrichthyes	Squaliformes	RYR	0	found_annotated	fixed10	20	10	10	5	5	0	BLOC1S3;NKPD1;PSMD8;RASGRP4;SPRED3
Somniosus_microcephalus|GCF_052327205.1|RYR.1	GCF_052327205.1	Somniosus microcephalus	Chondrichthyes	Squaliformes	RYR	1	found_annotated	fixed10	20	10	10	15	15	0	ADPGK2;CEBPZ;CHRM3B;FH;FMN2B;GREM2B;HEATR1;KMO;LGALS8A;MOCS3;MTR;NDUFAF7;OPN3;PRKD3;QPCT
Somniosus_microcephalus|GCF_052327205.1|RYR.2	GCF_052327205.1	Somniosus microcephalus	Chondrichthyes	Squaliformes	RYR	2	found_annotated	fixed10	20	10	10	15	15	1	AQR;ARG2;ARHGAP11A;AVEN;CDIN1;DPH6;EMC7B;FSIP1;GPR176;KATNBL1;MEIS2A;SPRED1;THBS1B;TSLIG3B;VTI1B
Giraffa_tippelskirchi|GCF_054371585.1|ITPR1.0	GCF_054371585.1	Giraffa tippelskirchi	Mammalia	Artiodactyla	ITPR1	0	found_annotated	fixed10	20	10	10	14	14	1	ARL8B;BHLHE40;CAV3;CNTN4;CRBN;EDEM1;GRM7;IL5RA;LMCD1;LRRN1;OXTR;SSUH2;SUMF1;TRNT1
Giraffa_tippelskirchi|GCF_054371585.1|ITPR2.0	GCF_054371585.1	Giraffa tippelskirchi	Mammalia	Artiodactyla	ITPR2	0	found_annotated	fixed10	20	10	10	18	18	1	BHLHE41;BMAL2;C4H12ORF71;DNAI7;ETFRF1;FGFR1OP2;INTS13;IRAG2;KRAS;LMNTD1;MED21;PPFIBP1;RASSF8;REP15;SMCO2;SSPN;STK38L;TM7SF3
Giraffa_tippelskirchi|GCF_054371585.1|ITPR3.0	GCF_054371585.1	Giraffa tippelskirchi	Mammalia	Artiodactyla	ITPR3	0	found_annotated	fixed10	20	10	10	18	16	1	BAK1;CUTA;DAXX;GRM4;HMGA1;KIFC1;LEMD2;MLN;NUDT3;PACSIN1;PHF1;RPS10;SMIM29;SMIM40;SPDEF;SYNGAP1;ZBTB22;ZBTB9
Giraffa_tippelskirchi|GCF_054371585.1|RYR.0	GCF_054371585.1	Giraffa tippelskirchi	Mammalia	Artiodactyla	RYR	0	found_annotated	fixed10	20	10	10	11	11	1	ACTN2;CHRM3;EDARADD;ERO1B;GPR137B;HEATR1;LGALS8;LYST;MTR;NID1;ZP4
Giraffa_tippelskirchi|GCF_054371585.1|RYR.1	GCF_054371585.1	Giraffa tippelskirchi	Mammalia	Artiodactyla	RYR	1	found_annotated	fixed10	20	10	10	13	13	0	ACTN4;CAPN12;DPF1;ECH1;EIF3K;HNRNPL;LGALS4;MAP4K1;RINL;SIPA1L3;WDR87;ZFP30;ZNF571
Giraffa_tippelskirchi|GCF_054371585.1|RYR.2	GCF_054371585.1	Giraffa tippelskirchi	Mammalia	Artiodactyla	RYR	2	found_annotated	fixed10	20	10	10	17	16	0	ACTC1;AQR;ARHGAP11A;AVEN;CHRM5;EMC4;EMC7;FMN1;GJD2;GREM1;KATNBL1;LPCAT4;NOP10;NUTM1;SCG5;SLC12A6;ZNF770
Hypomesus_nipponensis|GCF_054491055.1|ITPR1.0	GCF_054491055.1	Hypomesus nipponensis	Actinopteri	Osmeriformes	ITPR1	0	found_annotated	fixed10	20	10	10	10	10	1	ATF1;ATF7B;DIP2B;DTX3L;SCN8A;SLC4A8;SUMF1;TMT1A;TTLL3;ZC3H10
Hypomesus_nipponensis|GCF_054491055.1|ITPR1.1	GCF_054491055.1	Hypomesus nipponensis	Actinopteri	Osmeriformes	ITPR1	1	found_annotated	fixed10	20	10	10	16	16	0	ARL6IP5A;ARL8B;AVPR2B;BHLHE40;CAMKV;EEVS;FRMD4B;GRM6B;LRRN1;MDFIC2;MITF;MON1A;MST1R;SETMAR;TRAIP;TRNT1
Hypomesus_nipponensis|GCF_054491055.1|ITPR2.0	GCF_054491055.1	Hypomesus nipponensis	Actinopteri	Osmeriformes	ITPR2	0	found_annotated	fixed10	20	10	10	18	18	1	BANP;BHLHE41;BMAL2;C1QTNF13;CES2B;EEA1;FANCI;FBXO31;KRAS;NR1H4;NUDT4A;PLEKHG7;PPFIBP1B;RASSF8A;SLC17A8;SSPN;UBE2N;ZNF469
Hypomesus_nipponensis|GCF_054491055.1|ITPR3.0	GCF_054491055.1	Hypomesus nipponensis	Actinopteri	Osmeriformes	ITPR3	0	found_annotated	fixed10	20	10	10	7	7	1	CTNNBL1;EDEM2;MBD6;QUOA;RPRD1B;TGM2A;TTI1
Hypomesus_nipponensis|GCF_054491055.1|RYR.0	GCF_054491055.1	Hypomesus nipponensis	Actinopteri	Osmeriformes	RYR	0	found_annotated	fixed10	20	10	10	17	17	1	ARG1;BTBD16;C13H10ORF88;CHRM3B;CYP26A1;EXOC6;FH;FMN2B;GREM2B;HEATR1;HHEX;HTRA1B;JMJD1C;MTR;P4HA1A;PLEKHA1B;RGS7B
Hypomesus_nipponensis|GCF_054491055.1|RYR.1	GCF_054491055.1	Hypomesus nipponensis	Actinopteri	Osmeriformes	RYR	1	found_annotated	fixed10	20	10	10	8	8	0	GUCY2D;HNRNPUL1L;HSD20B2;RSPH4A;SERPINF1;SLC12A9;SLCO2B1;SYMPK
Hypomesus_nipponensis|GCF_054491055.1|RYR.2	GCF_054491055.1	Hypomesus nipponensis	Actinopteri	Osmeriformes	RYR	2	found_annotated	fixed10	20	10	10	16	16	0	ATG16L2;AXL;B3GNT2L;BCKDH;BICR;CYP2Y3;EXOSC5;HNRNPUL1;NAPA;OPA3;PPP1R13L;PPP5C;RASGRP4;TGFB1A;TMEM91;WDR62
Hypomesus_nipponensis|GCF_054491055.1|RYR.3	GCF_054491055.1	Hypomesus nipponensis	Actinopteri	Osmeriformes	RYR	3	found_annotated	fixed10	20	10	10	15	15	0	ACP7;ACTC1B;ARHGAP11A;BMF1;CCDC28B;CHRM5A;DNAJC17;DORIP1;EIF2AK4;FSIP1;GCHFR;GREM1B;KLHL28;THBS1A;TOGARAM1
Hypomesus_nipponensis|GCF_054491055.1|RYR.4	GCF_054491055.1	Hypomesus nipponensis	Actinopteri	Osmeriformes	RYR	4	found_annotated	fixed10	20	10	10	11	11	0	ACTN2B;CHRM3A;ECD;FAM149B1;FMN2A;GREM2A;NDNFL;P4HA1B;RGS7A;SLC16A9A;SPARCL2
Hypomesus_nipponensis|GCF_054491055.1|RYR.5	GCF_054491055.1	Hypomesus nipponensis	Actinopteri	Osmeriformes	RYR	5	found_annotated	fixed10	20	10	10	13	13	0	ACTC1A;AVEN;BCL11B;CCDC85C;CHRM5B;ELP3;EMC7B;FMN1;GREM1A;HMBOX1B;KATNBL1;PAPOL;SCG5
Lutjanus_erythropterus|GCF_056507025.1|ITPR1.0	GCF_056507025.1	Lutjanus erythropterus	Actinopteri	Lutjaniformes	ITPR1	0	found_annotated	fixed10	20	10	10	9	9	1	ATF1;ATF7B;DIP2B;LARP4A;SCN8A;SLC4A8;SUMF1;TMT1A;ZC3H10
Lutjanus_erythropterus|GCF_056507025.1|ITPR1.1	GCF_056507025.1	Lutjanus erythropterus	Actinopteri	Lutjaniformes	ITPR1	1	found_annotated	fixed10	20	10	10	15	15	0	ARL6IP5A;AVPR2B;BHLHE40;COMT;EEVS;FRMD4B;GRM6B;LRRN1;MDFIC2;MITF;MON1A;MST1R;SETMAR;TRAIP;TRNT1
Lutjanus_erythropterus|GCF_056507025.1|ITPR2.0	GCF_056507025.1	Lutjanus erythropterus	Actinopteri	Lutjaniformes	ITPR2	0	found_annotated	fixed10	20	10	10	18	18	1	BANP;BHLHE41;BMAL2;C1QTNF13;CES2B;EEA1;FANCI;FBXO31;KRAS;NR1H4;NUDT4A;PLEKHG7;PPFIBP1B;RASSF8A;SLC17A8;SSPN;UBE2N;ZNF469
Lutjanus_erythropterus|GCF_056507025.1|ITPR3.0	GCF_056507025.1	Lutjanus erythropterus	Actinopteri	Lutjaniformes	ITPR3	0	found_annotated	fixed10	20	10	10	10	10	1	COMMD7;GRIPAP1;KCND1;MRGBP;PPDPF;PTK6B;PTPN18;SRMS;TPD52L2B;TRIM101
Lutjanus_erythropterus|GCF_056507025.1|RYR.0	GCF_056507025.1	Lutjanus erythropterus	Actinopteri	Lutjaniformes	RYR	0	found_annotated	fixed10	20	10	10	14	14	1	ADGRA1A;ADOA;BMS1;CABCOCO1;CHRM3B;CYP26A1;EGR2B;EXOC6;FMN2B;JMJD1C;MTR;NRBF2B;REEP3B;TMEM26B
Lutjanus_erythropterus|GCF_056507025.1|RYR.1	GCF_056507025.1	Lutjanus erythropterus	Actinopteri	Lutjaniformes	RYR	1	found_annotated	fixed10	20	10	10	11	11	0	AXL;BCKDH;EXOSC5;GPR171;HNRNPUL1;OPA3;PPP1R13L;PPP5C;RASGRP4;TGFB1A;TMEM91
Lutjanus_erythropterus|GCF_056507025.1|RYR.2	GCF_056507025.1	Lutjanus erythropterus	Actinopteri	Lutjaniformes	RYR	2	found_annotated	fixed10	20	10	10	13	13	0	BRD8A;CXXC5A;DNAJC18;GABRR3A;GNG8;LIPI;NFRK;NRG2A;PHLDB2A;PPP3C;PURA;SMS;TMEM45B
Lutjanus_erythropterus|GCF_056507025.1|RYR.3	GCF_056507025.1	Lutjanus erythropterus	Actinopteri	Lutjaniformes	RYR	3	found_annotated	fixed10	20	10	10	11	10	0	ACP7;ACTC1B;ARHGAP11A;BMF1;CHRM5A;CYP1C1;CYP1C2;EIF2AK4;FSIP1;GREM1B;THBS1A
Lutjanus_erythropterus|GCF_056507025.1|RYR.4	GCF_056507025.1	Lutjanus erythropterus	Actinopteri	Lutjaniformes	RYR	4	found_annotated	fixed10	20	10	10	17	17	0	ABRACL;ACOT20;ACTC1A;AVEN;CHRM5B;CLU;EMC7B;FMN1;GPR176;GREM1A;KATNBL1;REPS1;SCARA3;SCG5;SRSF5B;SUSD6;THBS1B
Lutjanus_erythropterus|GCF_056507025.1|RYR.5	GCF_056507025.1	Lutjanus erythropterus	Actinopteri	Lutjaniformes	RYR	5	found_annotated	fixed10	20	10	10	12	12	0	ACTN2B;BICC1A;CHRM3A;DNAJC9;ECD;FAM149B1;FMN2A;GREM2A;NDNFL;P4HA1B;RGS7A;SPARCL2
Rhamphochromis_longiceps|GCF_057381845.1|ITPR1.0	GCF_057381845.1	Rhamphochromis longiceps	Actinopteri	Cichliformes	ITPR1	0	found_annotated	fixed10	20	10	10	6	6	1	ATF1;DIP2B;SCN8A;SLC4A8;TTLL3;ZC3H10
Rhamphochromis_longiceps|GCF_057381845.1|ITPR1.1	GCF_057381845.1	Rhamphochromis longiceps	Actinopteri	Cichliformes	ITPR1	1	found_annotated	fixed10	20	10	10	7	7	0	ARL6IP5A;AVPR2B;BHLHE40;FRMD4B;LRRN1;SETMAR;TRNT1
Rhamphochromis_longiceps|GCF_057381845.1|ITPR2.0	GCF_057381845.1	Rhamphochromis longiceps	Actinopteri	Cichliformes	ITPR2	0	found_annotated	fixed10	20	10	10	16	16	1	BANP;BHLHE41;BMAL2;C1QTNF13;EEA1;FBXO31;KRAS;NR1H4;NUDT4A;PLEKHG7;PPFIBP1B;RASSF8A;SLC17A8;SSPN;UBE2N;ZNF469
Rhamphochromis_longiceps|GCF_057381845.1|ITPR3.0	GCF_057381845.1	Rhamphochromis longiceps	Actinopteri	Cichliformes	ITPR3	0	found_annotated	fixed10	20	10	10	4	4	1	HM13;MRGBP;SNX21;SULF2B
Rhamphochromis_longiceps|GCF_057381845.1|RYR.0	GCF_057381845.1	Rhamphochromis longiceps	Actinopteri	Cichliformes	RYR	0	found_annotated	fixed10	20	10	10	0	0	1	
Rhamphochromis_longiceps|GCF_057381845.1|RYR.1	GCF_057381845.1	Rhamphochromis longiceps	Actinopteri	Cichliformes	RYR	1	found_annotated	fixed10	20	10	10	0	0	0	
Rhamphochromis_longiceps|GCF_057381845.1|RYR.2	GCF_057381845.1	Rhamphochromis longiceps	Actinopteri	Cichliformes	RYR	2	found_annotated	fixed10	20	10	10	13	13	0	AXL;B3GNT2L;BCKDH;BICR;EXOSC5;HNRNPUL1;NAPA;OPA3;PPP1R13L;PPP5C;RASGRP4;TGFB1A;TMEM91
Rhamphochromis_longiceps|GCF_057381845.1|RYR.3	GCF_057381845.1	Rhamphochromis longiceps	Actinopteri	Cichliformes	RYR	3	found_annotated	fixed10	20	10	10	13	13	0	BRD8A;CXXC5A;DNAJC18;GABRR3A;GNG8;LIPI;NFRK;NRG2A;PHLDB2A;PPP3C;PURA;SMS;TMEM45B
Rhamphochromis_longiceps|GCF_057381845.1|RYR.4	GCF_057381845.1	Rhamphochromis longiceps	Actinopteri	Cichliformes	RYR	4	found_annotated	fixed10	20	10	10	10	10	0	ACP7;ACTC1B;ARHGAP11A;BMF1;CHRM5A;CYP1C1;EIF2AK4;FSIP1;GREM1B;THBS1A
Rhamphochromis_longiceps|GCF_057381845.1|RYR.5	GCF_057381845.1	Rhamphochromis longiceps	Actinopteri	Cichliformes	RYR	5	found_annotated	fixed10	20	10	10	14	14	0	ABRACL;ACTC1A;AK7A;AVEN;CHRM5B;CLU;EMC7B;GPR176;KATNBL1;REPS1;SCARA3;SCG5;SUSD6;THBS1B
Rhamphochromis_longiceps|GCF_057381845.1|RYR.6	GCF_057381845.1	Rhamphochromis longiceps	Actinopteri	Cichliformes	RYR	6	found_annotated	fixed10	20	10	10	14	14	0	ACTN2B;BICC1A;CCSER2A;CHRM3A;DNAJC9;ECD;FAM149B1;FMN2A;GREM2A;NDNFL;P4HA1B;PHYHIPL;RGS7A;SPARCL2
Mastacembelus_armatus|GCF_900324485.3|ITPR1.0	GCF_900324485.3	Mastacembelus armatus	Actinopteri	Synbranchiformes	ITPR1	0	found_annotated	fixed10	20	10	10	7	7	1	ATF1;ATF7B;DIP2B;SCN8A;SLC4A8;SUMF1;ZC3H10
Mastacembelus_armatus|GCF_900324485.3|ITPR1.1	GCF_900324485.3	Mastacembelus armatus	Actinopteri	Synbranchiformes	ITPR1	1	found_annotated	fixed10	20	10	10	17	17	0	ARL6IP5A;ARL8B;AVPR2B;BHLHE40;CAMKV;COMT;EEVS;FRMD4B;GRM6B;LRRN1;MDFIC2;MITF;MON1A;MST1R;SETMAR;TRAIP;TRNT1
Mastacembelus_armatus|GCF_900324485.3|ITPR2.0	GCF_900324485.3	Mastacembelus armatus	Actinopteri	Synbranchiformes	ITPR2	0	found_annotated	fixed10	20	10	10	18	18	1	BANP;BHLHE41;BMAL2;C1QTNF13;EEA1;FANCI;FBXO31;KRAS;NR1H4;NUDT4A;PLEKHG7;POLG;PPFIBP1B;RASSF8A;SLC17A8;SSPN;UBE2N;ZNF469
Mastacembelus_armatus|GCF_900324485.3|ITPR3.0	GCF_900324485.3	Mastacembelus armatus	Actinopteri	Synbranchiformes	ITPR3	0	found_annotated	fixed10	20	10	10	8	8	1	CCDC135;EDEM2;GPR37L1B;HM13;MRGBP;SNX21;SULF2B;USP11
Mastacembelus_armatus|GCF_900324485.3|RYR.0	GCF_900324485.3	Mastacembelus armatus	Actinopteri	Synbranchiformes	RYR	0	found_annotated	fixed10	20	10	10	13	13	1	ACBD4;ADOA;BMS1;CHRM3B;COX19;EGR2B;FMN2B;HHEX;LRRC45;MTR;NRBF2B;RAC3B;TRUB1
Mastacembelus_armatus|GCF_900324485.3|RYR.1	GCF_900324485.3	Mastacembelus armatus	Actinopteri	Synbranchiformes	RYR	1	found_annotated	fixed10	20	10	10	12	12	0	AXL;B3GNT2L;BCKDH;EXOSC5;HNRNPUL1;NAPA;OPA3;PPP1R13L;PPP5C;RASGRP4;TGFB1A;TMEM91
Mastacembelus_armatus|GCF_900324485.3|RYR.2	GCF_900324485.3	Mastacembelus armatus	Actinopteri	Synbranchiformes	RYR	2	found_annotated	fixed10	20	10	10	11	11	0	BRD8A;CXXC5A;DNAJC18;GNG8;LIPI;NFRK;NRG2A;PPP3C;PURA;SMS;TMEM45B
Mastacembelus_armatus|GCF_900324485.3|RYR.3	GCF_900324485.3	Mastacembelus armatus	Actinopteri	Synbranchiformes	RYR	3	found_annotated	fixed10	20	10	10	10	10	0	ACP7;ARHGAP11A;BMF1;CHRM5A;CYP1C1;EIF2AK4;FSIP1;GCHFR;GREM1B;THBS1A
Mastacembelus_armatus|GCF_900324485.3|RYR.4	GCF_900324485.3	Mastacembelus armatus	Actinopteri	Synbranchiformes	RYR	4	found_annotated	fixed10	20	10	10	17	17	0	ABRACL;ACTC1A;CHRM5B;CLU;EMC7B;GPR176;GREM1A;HECA;KATNBL1;MAX;REPS1;SCARA3;SCG5;SLC10A1;SRSF5B;SUSD6;THBS1B
Mastacembelus_armatus|GCF_900324485.3|RYR.5	GCF_900324485.3	Mastacembelus armatus	Actinopteri	Synbranchiformes	RYR	5	found_annotated	fixed10	20	10	10	14	14	0	ACTN2B;BICC1A;CCSER2A;CHRM3A;DNAJC9;ECD;FAM149B1;FMN2A;GREM2A;GRID1A;NDNFL;P4HA1B;PHYHIPL;RGS7A
Gouania_willdenowi|GCF_900634775.2|ITPR1.0	GCF_900634775.2	Gouania willdenowi	Actinopteri	Blenniiformes	ITPR1	0	found_annotated	fixed10	20	10	10	8	8	1	ATF1;DIP2B;ESYT1B;SCN8A;SLC4A8;SUMF1;TTLL3;ZC3H10
Gouania_willdenowi|GCF_900634775.2|ITPR1.1	GCF_900634775.2	Gouania willdenowi	Actinopteri	Blenniiformes	ITPR1	1	found_annotated	fixed10	20	10	10	17	17	0	ADAMTS9;ARL6IP5A;ATXN7;EEVS;FOXP1B;FRMD4B;LRRN1;MAGI1B;MDFIC2;MITF;PRICKLE2B;PSMD6;SETMAR;SLC25A26;SLC2A9L1;THOC7;TRNT1
Gouania_willdenowi|GCF_900634775.2|ITPR2.0	GCF_900634775.2	Gouania willdenowi	Actinopteri	Blenniiformes	ITPR2	0	found_annotated	fixed10	20	10	10	14	14	1	BANP;BHLHE41;C1QTNF13;EEA1;FBXO31;KRAS;NR1H4;NUDT4A;RASSF8A;SASS6;SLC17A8;SSPN;UBE2N;ZNF469
Gouania_willdenowi|GCF_900634775.2|ITPR3.0	GCF_900634775.2	Gouania willdenowi	Actinopteri	Blenniiformes	ITPR3	0	found_annotated	fixed10	17	10	7	10	10	1	AMT;HM13;HYAL3;IFRD2;MGLL;MRGBP;NAA80;PRKAR2A;SLC26A6;WDR6
Gouania_willdenowi|GCF_900634775.2|RYR.0	GCF_900634775.2	Gouania willdenowi	Actinopteri	Blenniiformes	RYR	0	found_annotated	fixed10	20	10	10	15	15	1	ADOA;ATP6V0A1B;BMS1;CHRM3B;CYP26A1;EGR2B;EXOC6;FMN2B;IPMK;JMJD1C;MTR;NAGLU;NRBF2B;REEP3B;TFAM
Gouania_willdenowi|GCF_900634775.2|RYR.1	GCF_900634775.2	Gouania willdenowi	Actinopteri	Blenniiformes	RYR	1	found_annotated	fixed10	12	2	10	6	6	0	AXL;CKMB;ERCC2;KLC3;MARK4B;RASGRP4
Gouania_willdenowi|GCF_900634775.2|RYR.2	GCF_900634775.2	Gouania willdenowi	Actinopteri	Blenniiformes	RYR	2	found_annotated	fixed10	20	10	10	12	12	0	CXXC5A;DNAJC18;GABRR3A;GNG8;LIPI;NFRK;NRG2A;PHLDB2A;PPP3C;PURA;SMS;TMEM45B
Gouania_willdenowi|GCF_900634775.2|RYR.3	GCF_900634775.2	Gouania willdenowi	Actinopteri	Blenniiformes	RYR	3	found_annotated	fixed10	20	10	10	11	11	0	ACP7;ACTC1B;ARHGAP11A;BMF1;CHRM5A;CYP1C1;EIF2AK4;FSIP1;GCHFR;GREM1B;THBS1A
Gouania_willdenowi|GCF_900634775.2|RYR.4	GCF_900634775.2	Gouania willdenowi	Actinopteri	Blenniiformes	RYR	4	found_annotated	fixed10	20	10	10	18	18	0	ACTC1A;CHRM5B;DYNLT1B;EMC7B;FMN1;GPR176;GREM1A;GTF2H5;KATNBL1;MAX;SCG5;SERAC1;SLC10A1;SRSF5B;SUSD6;THBS1B;TMEM181;TULP4A
Gouania_willdenowi|GCF_900634775.2|RYR.5	GCF_900634775.2	Gouania willdenowi	Actinopteri	Blenniiformes	RYR	5	found_annotated	fixed10	20	10	10	10	10	0	ACTN2B;BICC1A;CHRM3A;DNAJC9;ECD;FAM149B1;FMN2A;NDNFL;P4HA1B;PHYHIPL
Erpetoichthys_calabaricus|GCF_900747795.2|ITPR1.0	GCF_900747795.2	Erpetoichthys calabaricus	Cladistia	Polypteriformes	ITPR1	0	found_annotated	fixed10	20	10	10	15	15	1	ABHD6A;ARL8B;AVPR2B;BHLHE40;CRBN;EDEM1;GHRL;LMCD1;LRRN1;SETMAR;SLMAP;SUMF1;TATDN2;TRNT1;VHL
Erpetoichthys_calabaricus|GCF_900747795.2|ITPR2.0	GCF_900747795.2	Erpetoichthys calabaricus	Cladistia	Polypteriformes	ITPR2	0	found_annotated	fixed10	20	10	10	13	13	1	BCAT1;BHLHE41;DENND6B;DNAI7;EEA1;INTS13;LRMP;MRPL42;NUDT4A;PLEKHG7;PPP6R2A;RASSF8B;SSPN
Erpetoichthys_calabaricus|GCF_900747795.2|ITPR3.0	GCF_900747795.2	Erpetoichthys calabaricus	Cladistia	Polypteriformes	ITPR3	0	found_annotated	fixed10	20	10	10	5	5	1	APOBEC2A;ARL8A;C3H6ORF89;ELF3;OARD1
Erpetoichthys_calabaricus|GCF_900747795.2|RYR.0	GCF_900747795.2	Erpetoichthys calabaricus	Cladistia	Polypteriformes	RYR	0	found_annotated	fixed10	20	10	10	15	15	1	ASRGL1;B3GAT2;CDC42EP3;CENPK;COL9A1B;FAM135A;FH;FMN2B;GREM2B;MTR;OGFRL1;OPN3;RIMS1B;SDHAF4;SMAP1
Erpetoichthys_calabaricus|GCF_900747795.2|RYR.1	GCF_900747795.2	Erpetoichthys calabaricus	Cladistia	Polypteriformes	RYR	1	found_annotated	fixed10	20	10	10	6	6	0	ACSL2;ENKD1;ESRRD;KCNK6;POLB;SHKBP1
Erpetoichthys_calabaricus|GCF_900747795.2|RYR.2	GCF_900747795.2	Erpetoichthys calabaricus	Cladistia	Polypteriformes	RYR	2	found_annotated	fixed10	20	10	10	10	10	0	ARHGAP11A;ATP6V1D;AVEN;CHRM5B;CHURC1;EMC7B;GANC;GPR176;SPTB;ZFYVE26
Sparus_aurata|GCF_900880675.2|ITPR1.0	GCF_900880675.2	Sparus aurata	Actinopteri	Spariformes	ITPR1	0	found_annotated	fixed10	20	10	10	9	9	1	ATF1;ATF7B;DIP2B;SCN8A;SLC4A8;SUMF1;TMT1A;TTLL3;ZC3H10
Sparus_aurata|GCF_900880675.2|ITPR1.1	GCF_900880675.2	Sparus aurata	Actinopteri	Spariformes	ITPR1	1	found_annotated	fixed10	20	10	10	15	15	0	ARL6IP5A;ARL8B;AVPR2B;BHLHE40;COMT;FRMD4B;GRM6B;LRRN1;MDFIC2;MITF;MON1A;MST1R;SETMAR;TRAIP;TRNT1
Sparus_aurata|GCF_900880675.2|ITPR2.0	GCF_900880675.2	Sparus aurata	Actinopteri	Spariformes	ITPR2	0	found_annotated	fixed10	20	10	10	16	16	1	BANP;BHLHE41;BMAL2;C1QTNF13;CES2B;EEA1;KRAS;NR1H4;NUDT4A;PLEKHG7;PPFIBP1B;RASSF8A;SLC17A8;SSPN;UBE2N;ZNF469
Sparus_aurata|GCF_900880675.2|ITPR3.0	GCF_900880675.2	Sparus aurata	Actinopteri	Spariformes	ITPR3	0	found_annotated	fixed10	20	10	10	5	5	1	CCDC135;EDEM2;GPR37L1B;HM13;SNX21
Sparus_aurata|GCF_900880675.2|RYR.0	GCF_900880675.2	Sparus aurata	Actinopteri	Spariformes	RYR	0	found_annotated	fixed10	20	10	10	10	10	1	ABCC3;ACBD4;ADGRA1A;CABCOCO1;CCDC57;CSNK1D;FASN;RAB3GAP1;SLC16A3B;TMEM26B
Sparus_aurata|GCF_900880675.2|RYR.1	GCF_900880675.2	Sparus aurata	Actinopteri	Spariformes	RYR	1	found_annotated	fixed10	20	10	10	10	10	0	AXL;B3GNT2L;BCKDH;EXOSC5;HNRNPUL1;NAPA;OPA3;PPP1R13L;RASGRP4;TMEM91
Sparus_aurata|GCF_900880675.2|RYR.2	GCF_900880675.2	Sparus aurata	Actinopteri	Spariformes	RYR	2	found_annotated	fixed10	20	10	10	12	12	0	BRD8A;CXXC5A;DNAJC18;GABRR3A;GNG8;NFRK;NRG2A;PHLDB2A;PPP3C;PURA;SMS;TMEM45B
Sparus_aurata|GCF_900880675.2|RYR.3	GCF_900880675.2	Sparus aurata	Actinopteri	Spariformes	RYR	3	found_annotated	fixed10	20	10	10	11	11	0	ACP7;ACTC1B;ARHGAP11A;BMF1;CHRM5A;CYP1C1;EIF2AK4;FSIP1;GCHFR;GREM1B;THBS1A
Sparus_aurata|GCF_900880675.2|RYR.4	GCF_900880675.2	Sparus aurata	Actinopteri	Spariformes	RYR	4	found_annotated	fixed10	20	10	10	18	18	0	ABRACL;ACOT20;ACTC1A;AVEN;CHRM5B;CLU;EMC7B;FMN1;GPR176;GREM1A;KATNBL1;REPS1;SCARA3;SCG5;SLC10A1;SRSF5B;SUSD6;THBS1B
Sparus_aurata|GCF_900880675.2|RYR.5	GCF_900880675.2	Sparus aurata	Actinopteri	Spariformes	RYR	5	found_annotated	fixed10	20	10	10	14	14	0	ACTN2B;BICC1A;CHRM3A;DNAJC9;ECD;FAM149B1;FMN2A;GREM2A;NDNFL;P4HA1B;PHYHIPL;RGS7A;SLC16A9A;SPARCL2
Takifugu_rubripes|GCF_901000725.3|ITPR1.0	GCF_901000725.3	Takifugu rubripes	Actinopteri	Tetraodontiformes	ITPR1	0	found_annotated	fixed10	20	10	10	7	7	1	ESYT1B;FAIM2B;SLC4A8;SUMF1;TTLL3;ZC3H10;ZNF740A
Takifugu_rubripes|GCF_901000725.3|ITPR1.1	GCF_901000725.3	Takifugu rubripes	Actinopteri	Tetraodontiformes	ITPR1	1	found_annotated	fixed10	20	10	10	16	16	0	ARL8B;CAMKV;CDK5RAP1;CNTN4;COMT;GHRH;GRM6B;IFT52;LRRN1;MON1A;MST1R;MYBL2B;RPN2;SEMA3F;SETMAR;TRAIP
Takifugu_rubripes|GCF_901000725.3|ITPR2.0	GCF_901000725.3	Takifugu rubripes	Actinopteri	Tetraodontiformes	ITPR2	0	found_annotated	fixed10	20	10	10	16	16	1	BANP;BHLHE41;BMAL2;C1QTNF13;CES2B;EEA1;KRAS;NR1H4;NUDT4A;PLEKHG7;PPFIBP1B;RASSF8A;SLC17A8;SSPN;UBE2N;ZNF469
Takifugu_rubripes|GCF_901000725.3|ITPR3.0	GCF_901000725.3	Takifugu rubripes	Actinopteri	Tetraodontiformes	ITPR3	0	found_annotated	fixed10	20	10	10	8	8	1	BCAP31;CHCHD6A;GPR37L1B;GRIPAP1;KCND1;PLXNA3;PTPN18;SLC6A8
Takifugu_rubripes|GCF_901000725.3|RYR.0	GCF_901000725.3	Takifugu rubripes	Actinopteri	Tetraodontiformes	RYR	0	found_annotated	fixed10	20	10	10	8	8	1	AXL;CLDN3A;CLDN8;GRIK1B;OPA3;PPP5C;RASGRP4;TGFB1A
Takifugu_rubripes|GCF_901000725.3|RYR.1	GCF_901000725.3	Takifugu rubripes	Actinopteri	Tetraodontiformes	RYR	1	found_annotated	fixed10	20	10	10	13	13	0	CXXC5A;DNAJC18;GABRR3A;GNG8;LIPI;NFRK;NRG2A;PHLDB2A;PPP3C;PURA;SLC22A6L;SMS;TMEM45B
Takifugu_rubripes|GCF_901000725.3|RYR.2	GCF_901000725.3	Takifugu rubripes	Actinopteri	Tetraodontiformes	RYR	2	found_annotated	fixed10	20	10	10	10	10	0	ADGRA1A;BMS1;CHRM3B;GALK1;LLGL2;MBTD1;MTR;MYO15B;TDRKH;TMEM94
Takifugu_rubripes|GCF_901000725.3|RYR.3	GCF_901000725.3	Takifugu rubripes	Actinopteri	Tetraodontiformes	RYR	3	found_annotated	fixed10	20	10	10	11	11	0	ACP7;ACTC1B;ARHGAP11A;BMF1;CHRM5A;DNAJC17;EIF2AK4;FSIP1;GCHFR;GREM1B;SLC10A1
Takifugu_rubripes|GCF_901000725.3|RYR.4	GCF_901000725.3	Takifugu rubripes	Actinopteri	Tetraodontiformes	RYR	4	found_annotated	fixed10	20	10	10	17	17	0	ACTC1A;ATP6V1D;AVEN;CHRM5B;EIF2S1B;EMC7B;FMN1;GPR176;GREM1A;GTF2H5;HSP90AB1;KATNBL1;PALS1B;RBM25B;SCG5;SERAC1;THBS1B
Takifugu_rubripes|GCF_901000725.3|RYR.5	GCF_901000725.3	Takifugu rubripes	Actinopteri	Tetraodontiformes	RYR	5	found_annotated	fixed10	20	10	10	14	14	0	ACTN2B;CHRM3A;DNAJC9;ECD;FAM13C;FAM149B1;FMN2A;GREM2A;NDNFL;P4HA1B;PHYHIPL;RGS7A;SLC16A9A;STYXL1
Rhinatrema_bivittatum|GCF_901001135.2|ITPR1.0	GCF_901001135.2	Rhinatrema bivittatum	Amphibia	Gymnophiona	ITPR1	0	found_annotated	fixed10	20	10	10	18	18	1	ARL8B;BHLHE40;CRBN;EDEM1;GRM7;HSP90B1;IL5RA;LMCD1;LRRN1;NT5DC3;OXTR;RAD18;SRGAP3;SSUH2;SUMF1;TDG;TRNT1;UQCC6
Rhinatrema_bivittatum|GCF_901001135.2|ITPR2.0	GCF_901001135.2	Rhinatrema bivittatum	Amphibia	Gymnophiona	ITPR2	0	found_annotated	fixed10	20	10	10	18	18	1	ABCC9;BCAT1;BHLHE41;CMAS;DNAI7;EIF2AK4;FGFR1OP2;GOLT1B;INTS13;IRAG2;KATNBL1;KCNJ8;LMNTD1;MED21;RASSF8;RECQL;SOX5;TM7SF3
Rhinatrema_bivittatum|GCF_901001135.2|ITPR3.0	GCF_901001135.2	Rhinatrema bivittatum	Amphibia	Gymnophiona	ITPR3	0	found_annotated	fixed10	20	10	10	18	18	1	ABCG4;C2CD2L;CFAP276;GRM4;HINFP;HMGA1;IP6K3;LEMD2;MLN;NHERF4;NLRX1;NUDT3;PACSIN1;RPS10;SARS1;SMIM29;SPDEF;TMEM167B
Rhinatrema_bivittatum|GCF_901001135.2|RYR.0	GCF_901001135.2	Rhinatrema bivittatum	Amphibia	Gymnophiona	RYR	0	found_annotated	fixed10	20	10	10	13	13	0	BIRC6;CHRM3;DPY30;FAM98A;LTBP1;MTR;RASGRP3;SLC35F3;SPAST;STRN;TTC27;VIT;YIPF4
Rhinatrema_bivittatum|GCF_901001135.2|RYR.1	GCF_901001135.2	Rhinatrema bivittatum	Amphibia	Gymnophiona	RYR	1	found_annotated	fixed10	20	10	10	11	11	1	ALKBH6;CAPNS1;CLIP3;EIF3K;FAM98C;GGN;MAP4K1;PSMD8;RASGRP4;SPRED3;SYNE4
Rhinatrema_bivittatum|GCF_901001135.2|RYR.2	GCF_901001135.2	Rhinatrema bivittatum	Amphibia	Gymnophiona	RYR	2	found_annotated	fixed10	20	10	10	19	19	0	ABCC9;ARHGAP11A;AVEN;CDIN1;DPH6;EIF2AK4;FAM98B;FGFR1OP2;GOLT1B;GPR176;KATNBL1;KCNJ8;MED21;MEIS2;RECQL;SCG5;THBS1;TM7SF3;ZNF770
Sphaeramia_orbicularis|GCF_902148855.1|ITPR1.0	GCF_902148855.1	Sphaeramia orbicularis	Actinopteri	Kurtiformes	ITPR1	0	found_annotated	fixed10	20	10	10	9	9	1	ATF1;ATF7B;DIP2B;DTX3L;SCN8A;SLC4A8;SUMF1;TTLL3;ZC3H10
Sphaeramia_orbicularis|GCF_902148855.1|ITPR1.1	GCF_902148855.1	Sphaeramia orbicularis	Actinopteri	Kurtiformes	ITPR1	1	found_annotated	fixed10	20	10	10	11	11	0	ARL6IP5A;AVPR2B;BHLHE40;EEVS;FOXP1B;FRMD4B;LRRN1;MITF;NCOA3;SETMAR;TRNT1
Sphaeramia_orbicularis|GCF_902148855.1|ITPR2.0	GCF_902148855.1	Sphaeramia orbicularis	Actinopteri	Kurtiformes	ITPR2	0	found_annotated	fixed10	20	10	10	18	18	1	BANP;BHLHE41;BMAL2;C1QTNF13;CES2B;EEA1;FANCI;FBXO31;KRAS;NR1H4;NUDT4A;PLEKHG7;PPFIBP1B;RASSF8A;SLC17A8;SSPN;UBE2N;ZNF469
Sphaeramia_orbicularis|GCF_902148855.1|ITPR3.0	GCF_902148855.1	Sphaeramia orbicularis	Actinopteri	Kurtiformes	ITPR3	0	found_annotated	fixed10	20	10	10	7	7	1	ADRM1;CRY3A;HM13;MRGBP;RPS21;SNX21;SULF2B
Sphaeramia_orbicularis|GCF_902148855.1|RYR.0	GCF_902148855.1	Sphaeramia orbicularis	Actinopteri	Kurtiformes	RYR	0	found_annotated	fixed10	20	10	10	1	1	1	CHRM3B
Sphaeramia_orbicularis|GCF_902148855.1|RYR.1	GCF_902148855.1	Sphaeramia orbicularis	Actinopteri	Kurtiformes	RYR	1	found_annotated	fixed10	20	10	10	12	12	0	AXL;B3GNT2L;BCKDH;EXOSC5;HNRNPUL1;NAPA;OPA3;PPP1R13L;PPP5C;RASGRP4;TGFB1A;TMEM91
Sphaeramia_orbicularis|GCF_902148855.1|RYR.2	GCF_902148855.1	Sphaeramia orbicularis	Actinopteri	Kurtiformes	RYR	2	found_annotated	fixed10	20	10	10	13	13	0	BRD8A;CXXC5A;DNAJC18;GABRR3A;GNG8;LIPI;NFRK;NRG2A;PHLDB2A;PPP3C;PURA;SMS;TMEM45B
Sphaeramia_orbicularis|GCF_902148855.1|RYR.3	GCF_902148855.1	Sphaeramia orbicularis	Actinopteri	Kurtiformes	RYR	3	found_annotated	fixed10	20	10	10	9	9	0	ACP7;ACTC1B;ARHGAP11A;BMF1;CHRM5A;EIF2AK4;FSIP1;GREM1B;THBS1A
Sphaeramia_orbicularis|GCF_902148855.1|RYR.4	GCF_902148855.1	Sphaeramia orbicularis	Actinopteri	Kurtiformes	RYR	4	found_annotated	fixed10	20	10	10	17	17	0	ABRACL;ACOT20;ACTC1A;CHRM5B;EMC7B;FMN1;GPR176;GREM1A;HECA;KATNBL1;MTIF3;REPS1;SCARA3;SCG5;SRSF5B;SUSD6;THBS1B
Sphaeramia_orbicularis|GCF_902148855.1|RYR.5	GCF_902148855.1	Sphaeramia orbicularis	Actinopteri	Kurtiformes	RYR	5	found_annotated	fixed10	20	10	10	14	14	0	ACTN2B;BICC1A;CCSER2A;CHRM3A;DNAJC9;ECD;FAM149B1;FMN2A;GREM2A;NDNFL;P4HA1B;RGS7A;SPARCL2;STYXL1
Myripristis_murdjan|GCF_902150065.1|ITPR1.0	GCF_902150065.1	Myripristis murdjan	Actinopteri	Holocentriformes	ITPR1	0	found_annotated	fixed10	20	10	10	8	8	1	ATF1;ATF7B;DIP2B;ESYT1B;SCN8A;SLC4A8;SUMF1;ZC3H10
Myripristis_murdjan|GCF_902150065.1|ITPR1.1	GCF_902150065.1	Myripristis murdjan	Actinopteri	Holocentriformes	ITPR1	1	found_annotated	fixed10	20	10	10	17	17	0	ARL6IP5A;ARL8B;AVPR2B;BHLHE40;CAMKV;COMT;EEVS;FRMD4B;GRM6B;LRRN1;MDFIC2;MITF;MON1A;MST1R;SETMAR;TRAIP;TRNT1
Myripristis_murdjan|GCF_902150065.1|ITPR2.0	GCF_902150065.1	Myripristis murdjan	Actinopteri	Holocentriformes	ITPR2	0	found_annotated	fixed10	20	10	10	19	19	1	BANP;BHLHE41;BMAL2;C1QTNF13;CES2B;EEA1;FANCI;FBXO31;KRAS;NR1H4;NUDT4A;PLEKHG7;POLG;PPFIBP1B;RASSF8A;SLC17A8;SSPN;UBE2N;ZNF469
Myripristis_murdjan|GCF_902150065.1|ITPR3.0	GCF_902150065.1	Myripristis murdjan	Actinopteri	Holocentriformes	ITPR3	0	found_annotated	fixed10	20	10	10	2	2	1	RFC2;USP11
Myripristis_murdjan|GCF_902150065.1|RYR.0	GCF_902150065.1	Myripristis murdjan	Actinopteri	Holocentriformes	RYR	0	found_annotated	fixed10	14	4	10	11	11	1	BMS1;CHRM3B;CSNK1E;DMC1;FMN2B;GSPT1;MAFF;MTR;RSL1D1;TMEM184B;TOMM22
Myripristis_murdjan|GCF_902150065.1|RYR.1	GCF_902150065.1	Myripristis murdjan	Actinopteri	Holocentriformes	RYR	1	found_annotated	fixed10	20	10	10	13	13	0	AXL;B3GNT2L;BCKDH;BICR;EXOSC5;HNRNPUL1;NAPA;OPA3;PPP1R13L;PPP5C;RASGRP4;TGFB1A;TMEM91
Myripristis_murdjan|GCF_902150065.1|RYR.2	GCF_902150065.1	Myripristis murdjan	Actinopteri	Holocentriformes	RYR	2	found_annotated	fixed10	20	10	10	14	14	0	BHLHA9;BRD8A;CXXC5A;DNAJC18;GABRR3A;GNG8;MICU2;NFRK;NRG2A;PURA;SMS;SPTBN4A;TMEM45B;WSCD1B
Myripristis_murdjan|GCF_902150065.1|RYR.3	GCF_902150065.1	Myripristis murdjan	Actinopteri	Holocentriformes	RYR	3	found_annotated	fixed10	20	10	10	11	11	0	ACP7;ACTC1B;ARHGAP11A;BMF1;CHRM5A;CYP1C1;EIF2AK4;FSIP1;GCHFR;GREM1B;THBS1A
Myripristis_murdjan|GCF_902150065.1|RYR.4	GCF_902150065.1	Myripristis murdjan	Actinopteri	Holocentriformes	RYR	4	found_annotated	fixed10	20	10	10	14	14	0	ACOT20;ACTC1A;AVEN;CHRM5B;CLU;EMC7B;GPR176;GREM1A;KATNBL1;REPS1;SCARA3;SCG5;SUSD6;THBS1B
Myripristis_murdjan|GCF_902150065.1|RYR.5	GCF_902150065.1	Myripristis murdjan	Actinopteri	Holocentriformes	RYR	5	found_annotated	fixed10	20	10	10	13	13	0	ACTN2B;BICC1A;CCSER2A;CHRM3A;ECD;FAM149B1;FMN2A;NDNFL;P4HA1B;PHYHIPL;RGS7A;SPARCL2;STYXL1
Gadus_morhua|GCF_902167405.1|ITPR1.0	GCF_902167405.1	Gadus morhua	Actinopteri	Gadiformes	ITPR1	0	found_annotated	fixed10	20	10	10	13	13	1	ATF1;ATF7B;DIP2B;DTEX3L;DTX3L;ESYT1B;LRP1A;SCN8A;SLC4A8;SUMF1;TMT1A;TTLL3;ZC3H10
Gadus_morhua|GCF_902167405.1|ITPR1.1	GCF_902167405.1	Gadus morhua	Actinopteri	Gadiformes	ITPR1	1	found_annotated	fixed10	20	10	10	16	16	0	ARL8B;ATG7;BHLHE40;CAMKV;COMT;GRM6B;HRH1;LRRN1;MON1A;MST1R;SEMA3F;SETMAR;SYN2B;TAMM41;TRAIP;VGLL4B
Gadus_morhua|GCF_902167405.1|ITPR2.0	GCF_902167405.1	Gadus morhua	Actinopteri	Gadiformes	ITPR2	0	found_annotated	fixed10	20	10	10	18	18	1	ADMB;AMPD3B;BHLHE41;BMAL2;C1QTNF13;EEA1;ENDOUC;NR1H4;NUDT4A;PLEKHG7;PPFIBP1B;RASSF8A;SLC17A8;SSPN;SWAP70B;UBE2N;WEE1;ZNF143B
Gadus_morhua|GCF_902167405.1|ITPR3.0	GCF_902167405.1	Gadus morhua	Actinopteri	Gadiformes	ITPR3	0	found_annotated	fixed10	20	10	10	12	12	1	BCAP31;EDEM2;GPR37L1B;GRIPAP1;HM13;KCND1;MRGBP;PLXNA3;PTPN18;RFC2;SLC6A8;SNX21
Gadus_morhua|GCF_902167405.1|RYR.0	GCF_902167405.1	Gadus morhua	Actinopteri	Gadiformes	RYR	0	found_annotated	fixed10	20	10	10	10	10	1	ADOA;BMS1;CABCOCO1;CHRM3B;EGR2B;EXOC6;FH;HHEX;MTR;NRBF2B
Gadus_morhua|GCF_902167405.1|RYR.1	GCF_902167405.1	Gadus morhua	Actinopteri	Gadiformes	RYR	1	found_annotated	fixed10	20	10	10	12	12	0	CHRDL2;CXXC5A;DEFBL2;DNAJC18;GNG8;MEPCE;NFRK;NRG2A;PURA;SPAG7;TMEM45B;XRRA1
Gadus_morhua|GCF_902167405.1|RYR.2	GCF_902167405.1	Gadus morhua	Actinopteri	Gadiformes	RYR	2	found_annotated	fixed10	20	10	10	10	10	0	AQP11;BRCA2;CLNS1A;HDAC12;N4BP2L2;OPA3;RASGRP4;RSF1A;STARD13B;TRMT9B
Gadus_morhua|GCF_902167405.1|RYR.3	GCF_902167405.1	Gadus morhua	Actinopteri	Gadiformes	RYR	3	found_annotated	fixed10	20	10	10	9	9	0	ACP7;ANGEL1;CHRM5A;FSIP1;GREM1B;LIN52;POMT2;THBS1A;VSX2
Gadus_morhua|GCF_902167405.1|RYR.4	GCF_902167405.1	Gadus morhua	Actinopteri	Gadiformes	RYR	4	found_annotated	fixed10	20	10	10	13	13	0	CHRM5B;DPYSL5B;EMC7B;FMN1;GPR176;GREM1A;KATNBL1;SCG5;SLC10A1;SRSF5B;SUSD6;THBS1B;TMEM214
Gadus_morhua|GCF_902167405.1|RYR.5	GCF_902167405.1	Gadus morhua	Actinopteri	Gadiformes	RYR	5	found_annotated	fixed10	20	10	10	15	15	0	ACTN2B;BICC1A;CCSER2A;CHRM3A;DNAJC9;ECD;FAM149B1;FMN2A;GREM2A;GRID1A;NDNFL;P4HA1B;RGS7A;SLC16A9A;SPARCL2
Chanos_chanos|GCF_902362185.1|ITPR1.0	GCF_902362185.1	Chanos chanos	Actinopteri	Gonorynchiformes	ITPR1	0	found_annotated	fixed10	20	10	10	15	15	1	C1QL4B;CHCHD4B;EFCAB12;ENDOU;ESPL1;IP6K2B;ITGB7;MYL6;PFKFB4B;PFKM;SMARCC2;SUMF1;TSFM;TTLL3;UROC1
Chanos_chanos|GCF_902362185.1|ITPR1.1	GCF_902362185.1	Chanos chanos	Actinopteri	Gonorynchiformes	ITPR1	1	found_annotated	fixed10	20	10	10	16	16	0	ARL6IP5A;AVPR2B;BHLHE40;CAMKV;EEVS;FRMD4B;INKA1A;LRRN1;MDFIC2;MITF;MON1A;MST1R;SEMA3F;SETMAR;TRAIP;TRNT1
Chanos_chanos|GCF_902362185.1|ITPR2.0	GCF_902362185.1	Chanos chanos	Actinopteri	Gonorynchiformes	ITPR2	0	found_annotated	fixed10	20	10	10	16	16	1	ALX1;BHLHE41;C1QTNF13;CTSD;EEA1;EIF4G2B;LRRIQ1;MGAT4C;NR1H4;NTS;NUDT4A;PLEKHG7;RASSF9;SLC6A15;SSPN;UBE2N
Chanos_chanos|GCF_902362185.1|ITPR3.0	GCF_902362185.1	Chanos chanos	Actinopteri	Gonorynchiformes	ITPR3	0	found_annotated	fixed10	20	10	10	20	20	1	ADGRL2A;ADGRL4;ALAS2;COL2A1A;CPT2;CRY3A;DNASE2B;GLS2A;GPR37L1B;MAGOH;PORCN;PRKACB;RPF1;SAMD13;SPRYD4;TMCO1;TTLL7;UCK2A;UOX;VTG3
Chanos_chanos|GCF_902362185.1|RYR.0	GCF_902362185.1	Chanos chanos	Actinopteri	Gonorynchiformes	RYR	0	found_annotated	fixed10	20	10	10	15	15	1	BNIP3;CHRM3B;CYP4F3;DPYSL4;FH;FMN2B;GREM2B;HHEX;JAKMIP3;LZTS2B;MTR;PPP2R2D;RGS7B;SELENOU1B;SYDE1
Chanos_chanos|GCF_902362185.1|RYR.1	GCF_902362185.1	Chanos chanos	Actinopteri	Gonorynchiformes	RYR	1	found_annotated	fixed10	20	10	10	18	18	0	ARR3A;CUX1A;DNAJC30A;F9B;FGF13B;FHL1B;HTATSF1;IL2RG;KCTD7;MCF2B;MDH2;PPM1E;RABGEF1;RAD51C;SKA2;SLC9A6B;TMTOPS3B;TRIM37
Chanos_chanos|GCF_902362185.1|RYR.2	GCF_902362185.1	Chanos chanos	Actinopteri	Gonorynchiformes	RYR	2	found_annotated	fixed10	20	10	10	15	15	0	B3GNT2L;BCKDH;BICR;DRC9;EXOSC5;GMEB2;HNRNPUL1;LRCH3;NAPA;OPA3;P2RY1;PPP1R13L;RASGRP4;RPL35A;TMEM91
Chanos_chanos|GCF_902362185.1|RYR.3	GCF_902362185.1	Chanos chanos	Actinopteri	Gonorynchiformes	RYR	3	found_annotated	fixed10	20	10	10	12	12	0	ACP7;ACTC1B;ARHGAP11A;CHRM5A;EIF2AK4;EMC7A;FBP1B;FSIP1;GAS1B;GREM1B;THBS1A;TTC33
Chanos_chanos|GCF_902362185.1|RYR.4	GCF_902362185.1	Chanos chanos	Actinopteri	Gonorynchiformes	RYR	4	found_annotated	fixed10	20	10	10	14	14	0	ACBD3;ACTC1A;AVEN;CHRM5B;EMC7B;FMN1;GPR176;GREM1A;KATNBL1;KLF11A;MFSD6A;RRM2;SCG5;THBS1B
Chanos_chanos|GCF_902362185.1|RYR.5	GCF_902362185.1	Chanos chanos	Actinopteri	Gonorynchiformes	RYR	5	found_annotated	fixed10	20	10	10	18	18	0	ACTN2B;ARHGEF33;CHRM3A;CYP26C1;ECD;FAM149B1;FMN2A;GREM2A;KIF11;LARP1B;MAP4K3B;MORN2;P4HA1B;PGRMC2;REEP3A;RGS7A;SLC22A15;THUMPD2
Thalassophryne_amazonica|GCF_902500255.1|ITPR1.0	GCF_902500255.1	Thalassophryne amazonica	Actinopteri	Batrachoidiformes	ITPR1	0	found_annotated	fixed10	20	10	10	8	8	1	ATF1;BHLHE40;DIP2B;ESYT1B;SLC4A8;SUMF1;TTLL3;ZC3H10
Thalassophryne_amazonica|GCF_902500255.1|ITPR1.1	GCF_902500255.1	Thalassophryne amazonica	Actinopteri	Batrachoidiformes	ITPR1	1	found_annotated	fixed10	20	10	10	12	12	0	FOXP1B;FRMD4B;GXYLT2;LRRN1;MITF;PDZRN3B;PPP4R2B;PROK2;RYBP;SETMAR;SHQ1;TRNT1
Thalassophryne_amazonica|GCF_902500255.1|ITPR2.0	GCF_902500255.1	Thalassophryne amazonica	Actinopteri	Batrachoidiformes	ITPR2	0	found_annotated	fixed10	20	10	10	17	17	1	ARNTL2;BANP;BHLHE41;CES2B;EEA1;ENDOUC;FANCI;FBXO31;KRAS;NR1H4;PLEKHG7;POLG;POLR3B;PPFIBP1B;SLC17A8;SSPN;UBE2N
Thalassophryne_amazonica|GCF_902500255.1|ITPR3.0	GCF_902500255.1	Thalassophryne amazonica	Actinopteri	Batrachoidiformes	ITPR3	0	found_annotated	fixed10	20	10	10	10	10	1	BCAP31;GRIPAP1;HM13;KCND1;MRGBP;PLXNA3;PTPN18;RFC2;SLC6A8;SNX21
Thalassophryne_amazonica|GCF_902500255.1|RYR.0	GCF_902500255.1	Thalassophryne amazonica	Actinopteri	Batrachoidiformes	RYR	0	found_annotated	fixed10	20	10	10	7	7	0	ACBD4;BMS1;CCDC57;FASN;IPMK;MTR;PLCD3B
Thalassophryne_amazonica|GCF_902500255.1|RYR.1	GCF_902500255.1	Thalassophryne amazonica	Actinopteri	Batrachoidiformes	RYR	1	found_annotated	fixed10	20	10	10	8	8	1	AKAP1B;EXOSC5;HNRNPUL1;OPA3;PPP1R13L;PPP5C;RASGRP4;TGFB1A
Thalassophryne_amazonica|GCF_902500255.1|RYR.2	GCF_902500255.1	Thalassophryne amazonica	Actinopteri	Batrachoidiformes	RYR	2	found_annotated	fixed10	20	10	10	10	10	0	CXXC5A;DNAJC18;GNG8;NFRK;PCYT1B;PHLDB2A;PPP3C;PURA;SMS;TMEM45B
Thalassophryne_amazonica|GCF_902500255.1|RYR.3	GCF_902500255.1	Thalassophryne amazonica	Actinopteri	Batrachoidiformes	RYR	3	found_annotated	fixed10	20	10	10	2	2	0	ACP7;FSIP1
Thalassophryne_amazonica|GCF_902500255.1|RYR.4	GCF_902500255.1	Thalassophryne amazonica	Actinopteri	Batrachoidiformes	RYR	4	found_annotated	fixed10	20	10	10	14	14	0	ACTC1A;AFDN;C21H1ORF198;CLEC11A;EMC7;ENAH;KATNBL1;NCOA1;RFX6;RNF17;SELENOL;TDRD15;TTC13;UNC93A
Thalassophryne_amazonica|GCF_902500255.1|RYR.5	GCF_902500255.1	Thalassophryne amazonica	Actinopteri	Batrachoidiformes	RYR	5	found_annotated	fixed10	20	10	10	9	9	0	ACTN2B;ANK3A;CHRM3A;GREM2B;IFNGR1L;IL22RA2;OLIG3;PHYHIPL;SLC16A9A
Caprimulgus_europaeus|GCF_907165065.1|ITPR1.0	GCF_907165065.1	Caprimulgus europaeus	Aves	Caprimulgiformes	ITPR1	0	found_annotated	fixed10	20	10	10	17	17	1	ARL8B;BHLHE40;CAV3;CHL1;CNTN3;CRBN;EDEM1;GRM7;IL5RA;LMCD1;LRRN1;OXTR;RAD18;SRGAP3;SUMF1;THUMPD3;TRNT1
Caprimulgus_europaeus|GCF_907165065.1|ITPR2.0	GCF_907165065.1	Caprimulgus europaeus	Aves	Caprimulgiformes	ITPR2	0	found_annotated	fixed10	20	10	10	16	16	1	BHLHE41;BMAL2;CYB5R3;ETFRF1;FGFR1OP2;GYS2;INTS13;LDHB;MED21;PPFIBP1;RASSF8;REP15;SPX;SSPN;STK38L;TM7SF3
Caprimulgus_europaeus|GCF_907165065.1|ITPR3.0	GCF_907165065.1	Caprimulgus europaeus	Aves	Caprimulgiformes	ITPR3	0	found_annotated	fixed10	20	10	10	17	17	1	APOBEC2;BAK1;FOXP4;GRM4;HMGA1;IP6K3;LEMD2;MDFI;MLN;NCR2;NFYA;NUDT3;OARD1;SMIM29;TREM1;TSPO2;UQCC2
Caprimulgus_europaeus|GCF_907165065.1|RYR.0	GCF_907165065.1	Caprimulgus europaeus	Aves	Caprimulgiformes	RYR	0	found_annotated	fixed10	20	10	10	20	20	1	ACTN2;CHRM3;EDARADD;ERO1B;EXO1;FMN2;GNG4;GPR137B;GREM2;HEATR1;LGALS8;LYST;MAP1LC3C;MTR;NID1;OPN3;PIGM;PLD5;RGS7;WDR64
Caprimulgus_europaeus|GCF_907165065.1|RYR.1	GCF_907165065.1	Caprimulgus europaeus	Aves	Caprimulgiformes	RYR	1	found_annotated	fixed10	20	10	10	19	19	0	ARHGAP11A;AVEN;CDIN1;CHRM5;DPH6;EIF2AK4;EMC7;FAM98B;FMN1;FSIP1;GPR176;GREM1;KATNBL1;MEIS2;RASGRP1;SCG5;SPRED1;SRP14;THBS1
Telmatherina_bonti|GCF_933228915.1|ITPR1.0	GCF_933228915.1	Telmatherina bonti	Actinopteri	Atheriniformes	ITPR1	0	found_annotated	fixed10	20	10	10	8	8	1	ATF1;ATF7B;DIP2B;SCN8A;SLC4A8;SUMF1;TTLL3;ZC3H10
Telmatherina_bonti|GCF_933228915.1|ITPR1.1	GCF_933228915.1	Telmatherina bonti	Actinopteri	Atheriniformes	ITPR1	1	found_annotated	fixed10	20	10	10	11	11	0	ARL6IP5A;ARL8B;AVPR2B;BHLHE40;FRMD4B;LRRN1;MON1A;MST1R;SETMAR;TRAIP;TRNT1
Telmatherina_bonti|GCF_933228915.1|ITPR2.0	GCF_933228915.1	Telmatherina bonti	Actinopteri	Atheriniformes	ITPR2	0	found_annotated	fixed10	20	10	10	19	19	1	BANP;BHLHE41;BMAL2;C1QTNF13;CES2B;EEA1;FANCI;FBXO31;KRAS;NR1H4;NUDT4A;PLEKHG7;POLG;PPFIBP1B;RASSF8A;SLC17A8;SSPN;UBE2N;ZNF469
Telmatherina_bonti|GCF_933228915.1|ITPR3.0	GCF_933228915.1	Telmatherina bonti	Actinopteri	Atheriniformes	ITPR3	0	found_annotated	fixed10	20	10	10	10	10	1	EDEM2;GPR37L1B;HM13;ITIH6;MRGBP;NDNL2;SNX21;SULF2B;TAFAZZIN;USP11
Telmatherina_bonti|GCF_933228915.1|RYR.0	GCF_933228915.1	Telmatherina bonti	Actinopteri	Atheriniformes	RYR	0	found_annotated	fixed10	20	10	10	13	13	0	A1CF;ANKRD22;ASAH2;ATAD1B;BBS1;FMN2B;LIPF;MINPP1B;MTR;PTEN;RNLS;STAMBPL1;TMEM94
Telmatherina_bonti|GCF_933228915.1|RYR.1	GCF_933228915.1	Telmatherina bonti	Actinopteri	Atheriniformes	RYR	1	found_annotated	fixed10	20	10	10	13	13	1	AAMDC;AXL;CYP2Y3;EXOSC5;HNRNPUL1;INTS4;KCTD14;OPA3;PPP1R13L;PPP5C;RASGRP4;TGFB1A;TMEM91
Telmatherina_bonti|GCF_933228915.1|RYR.2	GCF_933228915.1	Telmatherina bonti	Actinopteri	Atheriniformes	RYR	2	found_annotated	fixed10	20	10	10	11	11	0	CXXC5A;DNAJC18;GNG8;LIPI;NFRK;NRG2A;PHLDB2A;PPP3C;PURA;SMS;TMEM45B
Telmatherina_bonti|GCF_933228915.1|RYR.3	GCF_933228915.1	Telmatherina bonti	Actinopteri	Atheriniformes	RYR	3	found_annotated	fixed10	20	10	10	11	11	0	ACP7;ACTC1B;ARHGAP11A;BMF1;CHRM5A;CYP1C1;EIF2AK4;FSIP1;GCHFR;GREM1B;THBS1A
Telmatherina_bonti|GCF_933228915.1|RYR.4	GCF_933228915.1	Telmatherina bonti	Actinopteri	Atheriniformes	RYR	4	found_annotated	fixed10	20	10	10	19	19	0	ABRACL;ACOT20;ACTC1A;AVEN;CHRM5B;CLU;EMC7B;FMN1;GPR176;GREM1A;HECA;KATNBL1;REPS1;SCARA3;SCG5;SLC10A1;SRSF5B;SUSD6;THBS1B
Telmatherina_bonti|GCF_933228915.1|RYR.5	GCF_933228915.1	Telmatherina bonti	Actinopteri	Atheriniformes	RYR	5	found_annotated	fixed10	20	10	10	13	13	0	ACTN2B;BICC1A;CCSER2A;CHRM3A;DNAJC9;ECD;FAM149B1;FMN2A;GRID1A;NDNFL;RGS7A;SPARCL2;WAPL
Haliaeetus_albicilla|GCF_947461875.1|ITPR1.0	GCF_947461875.1	Haliaeetus albicilla	Aves	Accipitriformes	ITPR1	0	found_annotated	fixed10	20	10	10	17	17	1	ARL8B;BHLHE40;CAV3;CHL1;CNTN6;CRBN;EDEM1;GRM7;IL5RA;LMCD1;LRRN1;OXTR;RAD18;SRGAP3;SSUH2;SUMF1;TRNT1
Haliaeetus_albicilla|GCF_947461875.1|ITPR2.0	GCF_947461875.1	Haliaeetus albicilla	Aves	Accipitriformes	ITPR2	0	found_annotated	fixed10	20	10	10	20	20	1	BHLHE41;CRACR2A;DNAI7;ETFRF1;FGFR1OP2;FOXM1;GYS2;INTS13;IRAG2;KRAS;LMNTD1;NRIP2;PARP11;PRMT8;RASSF8;SPX;SSPN;TEAD4;TSPAN9;TULP3
Haliaeetus_albicilla|GCF_947461875.1|ITPR3.0	GCF_947461875.1	Haliaeetus albicilla	Aves	Accipitriformes	ITPR3	0	found_annotated	fixed10	20	10	10	17	17	1	APOBEC2;BAK1;FOXP4;GRM4;HMGA1;IP6K3;LEMD2;MDFI;MLN;NFYA;NUDT3;OARD1;RPS10;SMIM29;TFEB;TSPO2;UQCC2
Haliaeetus_albicilla|GCF_947461875.1|RYR.0	GCF_947461875.1	Haliaeetus albicilla	Aves	Accipitriformes	RYR	0	found_annotated	fixed10	20	10	10	20	20	1	ACTN2;CHRM3;EDARADD;ERO1B;EXO1;FMN2;GNG4;GPR137B;GREM2;HEATR1;LGALS8;LYST;MAP1LC3C;MTR;NID1;OPN3;PIGM;PLD5;RGS7;WDR64
Haliaeetus_albicilla|GCF_947461875.1|RYR.1	GCF_947461875.1	Haliaeetus albicilla	Aves	Accipitriformes	RYR	1	found_annotated	fixed10	20	10	10	9	9	0	ECH1;EIF3K;ERCC1;LGALS4;MAP4K1;POLR1G;PPP1R13L;SARS2;SPRED3
Haliaeetus_albicilla|GCF_947461875.1|RYR.2	GCF_947461875.1	Haliaeetus albicilla	Aves	Accipitriformes	RYR	2	found_annotated	fixed10	20	10	10	17	17	0	AVEN;CDIN1;CHRM5;DPH6;EIF2AK4;EMC7;FAM98B;FMN1;FSIP1;GPR176;GREM1;KATNBL1;MEIS2;RASGRP1;SPRED1;THBS1;ZNF770
Phoxinus_phoxinus|GCF_949152265.1|ITPR1.0	GCF_949152265.1	Phoxinus phoxinus	Actinopteri	Cypriniformes	ITPR1	0	found_annotated	fixed10	20	10	10	18	18	1	C1QL4B;CHCHD4B;COL7A1;EFCAB12;ENDOU;ESPL1;IP6K2B;ITGB7;MYL6;PFDN5;PFKFB4B;PFKM;SEC61A1A;SMARCC2;SUMF1;TSFM;TTLL3;UROC1
Phoxinus_phoxinus|GCF_949152265.1|ITPR1.1	GCF_949152265.1	Phoxinus phoxinus	Actinopteri	Cypriniformes	ITPR1	1	found_annotated	fixed10	20	10	10	16	16	0	ARL8B;BHLHE40;BRK1;CAMKV;CAV4A;GNAI2A;GPX1A;GRM2B;INKA1A;MON1A;MST1R;RRP9;SEMA3F;SETMAR;TEX264B;TRAIP
Phoxinus_phoxinus|GCF_949152265.1|ITPR2.0	GCF_949152265.1	Phoxinus phoxinus	Actinopteri	Cypriniformes	ITPR2	0	found_annotated	fixed10	20	10	10	18	18	1	ALX1;BHLHE41;BMAL2;C1QTNF13;CTSD;EEA1;EPS8B;LRRIQ1;MGAT4C;NR1H4;NTS;NUDT4A;PLEKHG7;RASSF9;SLC17A8;SLC6A15;SSPN;UBE2N
Phoxinus_phoxinus|GCF_949152265.1|ITPR3.0	GCF_949152265.1	Phoxinus phoxinus	Actinopteri	Cypriniformes	ITPR3	0	found_annotated	fixed10	20	10	10	18	18	1	AJAP1;B3GNT7L;COL2A1A;CPT2;CRY3A;CUNH1ORF174;DFFB;ELA2;ELA2L;FHAD1;GLS2A;GPR37L1B;MAGOH;NPHP4;PORCN;SPRYD4;TMCO1;UCK2A
Phoxinus_phoxinus|GCF_949152265.1|RYR.0	GCF_949152265.1	Phoxinus phoxinus	Actinopteri	Cypriniformes	RYR	0	found_annotated	fixed10	20	10	10	16	16	1	BUB3;CHRM3B;FAM53B;FH;FMN2B;GREM2B;HHEX;HMX3B;HPDL;LHPP;LZTS2B;MTR;OAT;PDZD7B;RGS7B;ZRANB1A
Phoxinus_phoxinus|GCF_949152265.1|RYR.1	GCF_949152265.1	Phoxinus phoxinus	Actinopteri	Cypriniformes	RYR	1	found_annotated	fixed10	20	10	10	17	17	0	B3GLCT;BCL7B;C2CD2;CFAP298;COL26A1;EVA1C;FRYB;HUNK;IL2RG;MDH2;MIS18A;MYL10;PRDM15;RXFP2A;SKA2;TBL2;TEX14
Phoxinus_phoxinus|GCF_949152265.1|RYR.2	GCF_949152265.1	Phoxinus phoxinus	Actinopteri	Cypriniformes	RYR	2	found_annotated	fixed10	20	10	10	17	17	0	ACTMAP;B3GAT1A;BCKDH;CFAP45;CLASRP;EXOSC5;HNRNPUL1;ITPKC;LEKR1;OPA3;PPP1R13L;RASGRP4;SIAE;SNRP;TBRG1;TIPARP;TMEM91
Phoxinus_phoxinus|GCF_949152265.1|RYR.3	GCF_949152265.1	Phoxinus phoxinus	Actinopteri	Cypriniformes	RYR	3	found_annotated	fixed10	20	10	10	13	13	0	ACP7;ACTC1B;ARHGAP11A;BMF1;CHRM5A;DORIP1;EIF2AK4;EMC7A;FSIP1;GREM1B;KLHL28;THBS1A;TOGARAM1
Phoxinus_phoxinus|GCF_949152265.1|RYR.4	GCF_949152265.1	Phoxinus phoxinus	Actinopteri	Cypriniformes	RYR	4	found_annotated	fixed10	20	10	10	20	20	0	ACOT20;ACTC1A;ADAM17B;CHRM5B;CPSF3;EMC7B;FMN1;GPR176;GREM1A;KATNBL1;KLF11A;MAX;RRM2;SCG5;SLC10A1;SRSF5B;SUSD6;TAF1B;THBS1B;YWHAQ
Phoxinus_phoxinus|GCF_949152265.1|RYR.5	GCF_949152265.1	Phoxinus phoxinus	Actinopteri	Cypriniformes	RYR	5	found_annotated	fixed10	20	10	10	15	15	0	ACTN2B;BNIP4;CHRM3A;CYP26C1;DICER1;ECD;FMN2A;GNRH3;GREM2A;KIF11;P4HA1B;REEP3A;RGS7A;SLC22A15;SMNDC1
Notothenia_rossii|GCF_949606895.1|ITPR1.0	GCF_949606895.1	Notothenia rossii	Actinopteri	Perciformes	ITPR1	0	found_annotated	fixed10	20	10	10	6	6	1	SCN8A;SLC4A8;SUMF1;TMT1A;TTLL3;ZC3H10
Notothenia_rossii|GCF_949606895.1|ITPR2.0	GCF_949606895.1	Notothenia rossii	Actinopteri	Perciformes	ITPR2	0	found_annotated	fixed10	20	10	10	17	17	1	BANP;BHLHE41;BMAL2;C1QTNF13;EEA1;FANCI;FBXO31;KRAS;NR1H4;NUDT4A;PLEKHG7;PPFIBP1B;RASSF8A;SLC17A8;SSPN;UBE2N;ZNF469
Notothenia_rossii|GCF_949606895.1|ITPR3.0	GCF_949606895.1	Notothenia rossii	Actinopteri	Perciformes	ITPR3	0	found_annotated	fixed10	20	10	10	3	3	1	HDAC6;SNX21;SULF2B
Notothenia_rossii|GCF_949606895.1|RYR.0	GCF_949606895.1	Notothenia rossii	Actinopteri	Perciformes	RYR	0	found_annotated	fixed10	20	10	10	10	10	1	ADGRA1A;ADOA;BMS1;CHRM3B;CUNH18ORF54;EGR2B;FMN2B;MTR;NRBF2B;REEP3B
Notothenia_rossii|GCF_949606895.1|RYR.1	GCF_949606895.1	Notothenia rossii	Actinopteri	Perciformes	RYR	1	found_annotated	fixed10	20	10	10	12	12	0	ARFIP2B;DCHS1B;FHDC3;GABRR3A;MAP7D2A;NFRK;PDHA1A;PRDX4;SMS;TRIM3B;TRIM47;UFM1
Notothenia_rossii|GCF_949606895.1|RYR.2	GCF_949606895.1	Notothenia rossii	Actinopteri	Perciformes	RYR	2	found_annotated	fixed10	20	10	10	9	9	0	AXL;EXOSC5;HNRNPUL1;OPA3;PPP1R13L;PPP5C;RASGRP4;TGFB1A;TMEM91
Notothenia_rossii|GCF_949606895.1|RYR.3	GCF_949606895.1	Notothenia rossii	Actinopteri	Perciformes	RYR	3	found_annotated	fixed10	20	10	10	10	10	0	ACP7;ACTC1B;ARHGAP11A;BMF1;CHRM5A;CYP1C1;EIF2AK4;FSIP1;GREM1B;SLC10A1
Notothenia_rossii|GCF_949606895.1|RYR.4	GCF_949606895.1	Notothenia rossii	Actinopteri	Perciformes	RYR	4	found_annotated	fixed10	20	10	10	15	15	0	ABRACL;ACTC1A;AVEN;CHRM5B;CLU;EMC7B;GPR176;GREM1A;MAX;REPS1;SCARA3;SCG5;SRSF5B;SUSD6;THBS1B
Notothenia_rossii|GCF_949606895.1|RYR.5	GCF_949606895.1	Notothenia rossii	Actinopteri	Perciformes	RYR	5	found_annotated	fixed10	20	10	10	14	14	0	ACTN2B;BICC1A;CCSER2A;CHRM3A;DNAJC9;ECD;FAM149B1;FMN2A;GREM2A;NDNFL;P4HA1B;PHYHIPL;RGS7A;SPARCL2
Borostomias_antarcticus|GCF_949987555.1|ITPR1.0	GCF_949987555.1	Borostomias antarcticus	Actinopteri	Stomiiformes	ITPR1	0	found_annotated	fixed10	20	10	10	13	13	1	ATF1;ATF7B;DIP2B;DTX3L;ESYT1B;FAIM2B;LARP4A;PFDN5;SCN8A;SLC4A8;SUMF1;TTLL3;ZC3H10
Borostomias_antarcticus|GCF_949987555.1|ITPR1.1	GCF_949987555.1	Borostomias antarcticus	Actinopteri	Stomiiformes	ITPR1	1	found_annotated	fixed10	20	10	10	18	18	0	ARL6IP5A;ARL8B;AVPR2B;BHLHE40;CAMKV;COMT;FOXP1B;FRMD4B;GRM6B;LRRN1;MDFIC2;MITF;MON1A;MST1R;SEMA3F;SETMAR;TRAIP;TRNT1
Borostomias_antarcticus|GCF_949987555.1|ITPR2.0	GCF_949987555.1	Borostomias antarcticus	Actinopteri	Stomiiformes	ITPR2	0	found_annotated	fixed10	20	10	10	19	19	1	BANP;BHLHE41;BMAL2;C1QTNF13;CES2B;EEA1;FANCI;FBXO31;KRAS;NR1H4;NUDT4A;PLEKHG7;POLG;PPFIBP1B;RASSF8A;SLC17A8;SSPN;UBE2N;ZNF469
Borostomias_antarcticus|GCF_949987555.1|ITPR3.0	GCF_949987555.1	Borostomias antarcticus	Actinopteri	Stomiiformes	ITPR3	0	found_annotated	fixed10	20	10	10	13	13	1	AAR2;CTNNBL1;HM13;KLHDC8B;LAMB2;MRGBP;MYT1B;PARL;RPRD1B;SNX21;TBC1D22B;TTI1;USP19
Borostomias_antarcticus|GCF_949987555.1|RYR.0	GCF_949987555.1	Borostomias antarcticus	Actinopteri	Stomiiformes	RYR	0	found_annotated	fixed10	20	10	10	15	15	1	CHRM3B;CYP26A1;DNAH3;EXOC6;FH;FMN2B;GREM2B;HHEX;LRRC3C;MED24;MKI67;MTR;REEP3B;RGS7B;TOP2A
Borostomias_antarcticus|GCF_949987555.1|RYR.1	GCF_949987555.1	Borostomias antarcticus	Actinopteri	Stomiiformes	RYR	1	found_annotated	fixed10	20	10	10	11	11	0	EHD2A;GNG8;HNRNPUL1L;NAPA;NFRK;RSPH4A;SELENOW1;SERPINF1;SLCO2B1;SYMPK;TMEM45B
Borostomias_antarcticus|GCF_949987555.1|RYR.2	GCF_949987555.1	Borostomias antarcticus	Actinopteri	Stomiiformes	RYR	2	found_annotated	fixed10	20	10	10	17	17	0	ARRB1;ATG16L2;AXL;B3GNT2L;BCKDH;BICR;CYP2Y3;EXOSC5;HNRNPUL1;NAPA;OPA3;PPP1R13L;PPP5C;RASGRP4;TGFB1A;TMEM91;WDR62
Borostomias_antarcticus|GCF_949987555.1|RYR.3	GCF_949987555.1	Borostomias antarcticus	Actinopteri	Stomiiformes	RYR	3	found_annotated	fixed10	20	10	10	16	16	0	ACTC1A;AK7A;AVEN;BCL11B;CCDC85C;CCNK;CHRM5B;EMC7B;GPR176;GREM1A;KATNBL1;PAPOL;SCG5;SRSF5B;SUSD6;THBS1B
Borostomias_antarcticus|GCF_949987555.1|RYR.4	GCF_949987555.1	Borostomias antarcticus	Actinopteri	Stomiiformes	RYR	4	found_annotated	fixed10	20	10	10	14	14	0	ACTN2B;BICC1A;CCSER2A;CHRM3A;ECD;FAM149B1;FMN2A;GREM2A;GRID1A;NDNFL;P4HA1B;RGS7A;SLC16A9A;SPARCL2
Borostomias_antarcticus|GCF_949987555.1|RYR.5	GCF_949987555.1	Borostomias antarcticus	Actinopteri	Stomiiformes	RYR	5	found_annotated	fixed10	20	10	10	11	11	0	ACP7;ACTC1B;ARHGAP11A;BMF1;CHRM5A;CYP1C2;DNAJC17;EIF2AK4;GCHFR;GPX2;GREM1B
Ammodytes_marinus|GCF_949987685.1|ITPR1.0	GCF_949987685.1	Ammodytes marinus	Actinopteri	Uranoscopiformes	ITPR1	0	found_annotated	fixed10	20	10	10	8	8	1	ATF1;DIP2B;DTX3L;SCN8A;SLC4A8;SUMF1;TTLL3;ZC3H10
Ammodytes_marinus|GCF_949987685.1|ITPR1.1	GCF_949987685.1	Ammodytes marinus	Actinopteri	Uranoscopiformes	ITPR1	1	found_annotated	fixed10	20	10	10	14	14	0	APOBEC2A;BHLHE40;CAMKV;COMT;ELF3;GOLT1A;GRM6B;LRRN2;MON1A;MST1R;PLEKHA6;SERINC3;SETMAR;TRAIP
Ammodytes_marinus|GCF_949987685.1|ITPR2.0	GCF_949987685.1	Ammodytes marinus	Actinopteri	Uranoscopiformes	ITPR2	0	found_annotated	fixed10	20	10	10	19	19	1	BANP;BHLHE41;BMAL2;C1QTNF13;CES2B;EEA1;FANCI;FBXO31;KRAS;NR1H4;NUDT4A;PLEKHG7;POLG;PPFIBP1B;RASSF8A;SLC17A8;SSPN;UBE2N;ZNF469
Ammodytes_marinus|GCF_949987685.1|ITPR3.0	GCF_949987685.1	Ammodytes marinus	Actinopteri	Uranoscopiformes	ITPR3	0	found_annotated	fixed10	20	10	10	6	6	1	CCDC135;EDEM2;GPR37L1B;HM13;MRGBP;SNX21
Ammodytes_marinus|GCF_949987685.1|RYR.0	GCF_949987685.1	Ammodytes marinus	Actinopteri	Uranoscopiformes	RYR	0	found_annotated	fixed10	14	10	4	12	12	1	ADGRA1A;ADOA;BMS1;CHRM3B;CYP26A1;EGR2B;EXOC6;FMN2B;JMJD1C;MTR;NRBF2B;REEP3B
Ammodytes_marinus|GCF_949987685.1|RYR.1	GCF_949987685.1	Ammodytes marinus	Actinopteri	Uranoscopiformes	RYR	1	found_annotated	fixed10	20	10	10	11	11	0	AXL;B3GNT2L;BCKDH;BICR;EXOSC5;HNRNPUL1;NAPA;OPA3;PPP1R13L;RASGRP4;TMEM91
Ammodytes_marinus|GCF_949987685.1|RYR.2	GCF_949987685.1	Ammodytes marinus	Actinopteri	Uranoscopiformes	RYR	2	found_annotated	fixed10	20	10	10	12	12	0	BRD8A;CXXC5A;DNAJC18;GABRR3A;GNG8;LIPI;NFRK;NRG2A;PHLDB2A;PURA;SMS;TMEM45B
Ammodytes_marinus|GCF_949987685.1|RYR.3	GCF_949987685.1	Ammodytes marinus	Actinopteri	Uranoscopiformes	RYR	3	found_annotated	fixed10	20	10	10	10	10	0	ACP7;ACTC1B;ARHGAP11A;BMF1;CHRM5A;CYP1C1;EIF2AK4;FSIP1;GREM1B;THBS1A
Ammodytes_marinus|GCF_949987685.1|RYR.4	GCF_949987685.1	Ammodytes marinus	Actinopteri	Uranoscopiformes	RYR	4	found_annotated	fixed10	20	10	10	18	18	0	ABRACL;ACTC1A;AVEN;CHRM5B;CLU;EMC7B;FMN1;GPR176;GREM1A;HECA;KATNBL1;REPS1;SCARA3;SCG5;SLC10A1;SRSF5B;SUSD6;THBS1B
Ammodytes_marinus|GCF_949987685.1|RYR.5	GCF_949987685.1	Ammodytes marinus	Actinopteri	Uranoscopiformes	RYR	5	found_annotated	fixed10	20	10	10	13	13	0	ACTN2B;BICC1A;CCSER2A;CHRM3A;DNAJC9;ECD;FAM149B1;FMN2A;GRID1A;NDNFL;P4HA1B;RGS7A;SPARCL2
Cnephaeus_nilssonii|GCF_951640355.1|ITPR1.0	GCF_951640355.1	Cnephaeus nilssonii	Mammalia	Chiroptera	ITPR1	0	found_annotated	fixed10	20	10	10	18	16	1	ALAS1;ARL8B;BHLHE40;CHL1;CNTN3;CNTN4;CNTN6;CRBN;DUSP7;EDEM1;IL5RA;LRRN1;PDZRN3;POC1A;RPL29;TLR9;TRNT1;TWF2
Cnephaeus_nilssonii|GCF_951640355.1|ITPR2.0	GCF_951640355.1	Cnephaeus nilssonii	Mammalia	Chiroptera	ITPR2	0	found_annotated	fixed10	20	10	10	19	19	1	BCAT1;BHLHE41;BMAL2;DNAI7;ETFRF1;FGFR1OP2;INTS13;IRAG2;KRAS;LMNTD1;MED21;PPFIBP1;RASSF8;REP15;SMCO2;SOX5;SSPN;STK38L;TM7SF3
Cnephaeus_nilssonii|GCF_951640355.1|ITPR3.0	GCF_951640355.1	Cnephaeus nilssonii	Mammalia	Chiroptera	ITPR3	0	found_annotated	fixed10	20	10	10	14	14	1	BAK1;CUTA;DAXX;GRM4;HMGA1;IP6K3;KIFC1;LEMD2;MLN;PHF1;SMIM40;SYNGAP1;UQCC2;ZBTB9
Cnephaeus_nilssonii|GCF_951640355.1|RYR.0	GCF_951640355.1	Cnephaeus nilssonii	Mammalia	Chiroptera	RYR	0	found_annotated	fixed10	20	10	10	18	18	1	ACBD3;ACTN2;CHRM3;EDARADD;EPHX1;ERO1B;GNG4;GPR137B;H3-3A;HEATR1;LGALS8;LYST;MTR;NID1;PYCR2;SDE2;TMEM63A;ZP4
Cnephaeus_nilssonii|GCF_951640355.1|RYR.1	GCF_951640355.1	Cnephaeus nilssonii	Mammalia	Chiroptera	RYR	1	found_annotated	fixed10	20	10	10	18	18	0	ACTN4;CAPN12;CATSPERG;DPF1;ECH1;EIF3K;FAM98C;HNRNPL;KCNK6;LGALS4;MAP4K1;PPP1R14A;PSMD8;RASGRP4;RINL;SPINT2;SPRED3;YIF1B
Cnephaeus_nilssonii|GCF_951640355.1|RYR.2	GCF_951640355.1	Cnephaeus nilssonii	Mammalia	Chiroptera	RYR	2	found_annotated	fixed10	20	10	10	17	16	0	ACTC1;AQR;AVEN;CHRM5;DPH6;EMC4;EMC7;FMN1;GJD2;GREM1;KATNBL1;LPCAT4;NOP10;NUTM1;SCG5;SLC12A6;ZNF770
Gobius_niger|GCF_951799975.1|ITPR1.0	GCF_951799975.1	Gobius niger	Actinopteri	Gobiiformes	ITPR1	0	found_annotated	fixed10	20	10	10	7	7	1	ATF1;DIP2B;SCN8A;SLC4A8;SUMF1;TTLL3;ZC3H10
Gobius_niger|GCF_951799975.1|ITPR1.1	GCF_951799975.1	Gobius niger	Actinopteri	Gobiiformes	ITPR1	1	found_annotated	fixed10	20	10	10	17	17	0	ARL6IP5A;ARL8B;AVPR2B;BHLHE40;CAMKV;COMT;EEVS;FRMD4B;GRM6B;LRRN1;MDFIC2;MITF;MON1A;MST1R;SETMAR;TRAIP;TRNT1
Gobius_niger|GCF_951799975.1|ITPR2.0	GCF_951799975.1	Gobius niger	Actinopteri	Gobiiformes	ITPR2	0	found_annotated	fixed10	20	10	10	19	18	1	BANP;BHLHE41;BMAL2;C1QTNF13;CHMP1A;EEA1;FANC;KRAS;NR1H4;NUDT4A;PLEKHG7;PPFIBP1B;RASSF8A;SLC10A3;SLC17A8;SSPN;UBE2N;ZNF276;ZNF469
Gobius_niger|GCF_951799975.1|ITPR3.0	GCF_951799975.1	Gobius niger	Actinopteri	Gobiiformes	ITPR3	0	found_annotated	fixed10	20	10	10	9	9	1	EDEM2;GPR37L1B;GRIPAP1;HM13;KCND1;MAD2L2;MRGBP;PTPN18;SPEN
Gobius_niger|GCF_951799975.1|RYR.0	GCF_951799975.1	Gobius niger	Actinopteri	Gobiiformes	RYR	0	found_annotated	fixed10	20	10	10	17	17	1	ACBD4;ADGRA1A;ADOA;ARHGAP23B;BMS1;CABCOCO1;CHRM3B;CYP26A1;EGR2B;EXOC6;FMN2B;GHDC;JMJD1C;MTR;NRBF2B;PLCD3B;REEP3B
Gobius_niger|GCF_951799975.1|RYR.1	GCF_951799975.1	Gobius niger	Actinopteri	Gobiiformes	RYR	1	found_annotated	fixed10	20	10	10	13	13	0	AXL;B3GNT2L;BCKDH;BICR;EXOSC5;HNRNPUL1;NAPA;OPA3;PPP1R13L;PPP5C;RASGRP4;TGFB1A;TMEM91
Gobius_niger|GCF_951799975.1|RYR.2	GCF_951799975.1	Gobius niger	Actinopteri	Gobiiformes	RYR	2	found_annotated	fixed10	20	10	10	10	10	0	CXXC5A;DNAJC18;GNG8;LIPI;NFRK;NRG2A;PPP3C;PURA;SMS;TMEM45B
Gobius_niger|GCF_951799975.1|RYR.3	GCF_951799975.1	Gobius niger	Actinopteri	Gobiiformes	RYR	3	found_annotated	fixed10	20	10	10	9	9	0	ACP7;ACTC1B;ARHGAP11A;BMF1;CHRM5A;EIF2AK4;FSIP1;GREM1B;THBS1A
Gobius_niger|GCF_951799975.1|RYR.4	GCF_951799975.1	Gobius niger	Actinopteri	Gobiiformes	RYR	4	found_annotated	fixed10	20	10	10	16	16	0	ACTC1A;BUB1;CHRM5B;DUSP10;EMC7B;FMN1;GPR176;GREM1A;HEY2;HLX1;KATNBL1;NUDT15;SCG5;SRSF5B;SUSD6;THBS1B
Zeus_faber|GCF_960531495.1|ITPR1.0	GCF_960531495.1	Zeus faber	Actinopteri	Zeiformes	ITPR1	0	found_annotated	fixed10	20	10	10	8	8	1	ATF1;DIP2B;SCN8A;SLC4A8;SUMF1;TMT1A;TTLL3;ZC3H10
Zeus_faber|GCF_960531495.1|ITPR1.1	GCF_960531495.1	Zeus faber	Actinopteri	Zeiformes	ITPR1	1	found_annotated	fixed10	20	10	10	18	18	0	ARL6IP5A;BHLHE40;CDK18;EEVS;EIF4E3;ELK4;ETNK2;FOXP1B;FRMD4B;KLHDC8A;LRRN1;MFSD4A;MITF;SETMAR;SLC41A1;SNRPE;SOX13;TRNT1
Zeus_faber|GCF_960531495.1|ITPR2.0	GCF_960531495.1	Zeus faber	Actinopteri	Zeiformes	ITPR2	0	found_annotated	fixed10	20	10	10	18	18	1	BANP;BHLHE41;BMAL2;C1QTNF13;CES2B;EEA1;FANCI;FBXO31;KRAS;NR1H4;NUDT4A;PLEKHG7;PPFIBP1B;RASSF8A;SLC17A8;SSPN;UBE2N;ZNF469
Zeus_faber|GCF_960531495.1|ITPR3.0	GCF_960531495.1	Zeus faber	Actinopteri	Zeiformes	ITPR3	0	found_annotated	fixed10	20	10	10	11	11	1	BCAP31;EDEM2;GPR37L1B;GRIPAP1;HM13;KCND1;MRGBP;PLXNA3;PTPN18;SLC6A8;SNX21
Zeus_faber|GCF_960531495.1|RYR.0	GCF_960531495.1	Zeus faber	Actinopteri	Zeiformes	RYR	0	found_annotated	fixed10	20	10	10	14	14	1	ACTA2;ANKRD22;CHRM3B;CYP26A1;EXOC6;FH;FMN2B;GREM2B;HHEX;JMJD1C;MTR;REEP3B;RGS7B;STAMBPL1
Zeus_faber|GCF_960531495.1|RYR.1	GCF_960531495.1	Zeus faber	Actinopteri	Zeiformes	RYR	1	found_annotated	fixed10	20	10	10	13	13	0	CXXC5A;DNAJC18;GABRR3A;GNG8;LIPI;MAP7D2A;NFRK;NRG2A;PHLDB2A;PURA;SLC22A6L;SMS;TMEM45B
Zeus_faber|GCF_960531495.1|RYR.2	GCF_960531495.1	Zeus faber	Actinopteri	Zeiformes	RYR	2	found_annotated	fixed10	20	10	10	18	18	0	ARAP1;AXL;B3GNT2L;BCKDH;CEP295;CUL3B;EXOSC5;FAM124B;HNRNPUL1;MMP28;NAPA;OPA3;PDE2A;PPP1R13L;RASGRP4;STARD10;TAF15;TMEM91
Zeus_faber|GCF_960531495.1|RYR.3	GCF_960531495.1	Zeus faber	Actinopteri	Zeiformes	RYR	3	found_annotated	fixed10	20	10	10	12	12	0	ACP7;ACTC1B;ARHGAP11A;BMF1;CHRM5A;CYP1C1;DNAJC17;EIF2AK4;FSIP1;GCHFR;GREM1B;THBS1A
Zeus_faber|GCF_960531495.1|RYR.4	GCF_960531495.1	Zeus faber	Actinopteri	Zeiformes	RYR	4	found_annotated	fixed10	20	10	10	18	18	0	ACTC1A;AVEN;CHRM5B;DNMT3A;DTNB;EMC7B;FMN1;GPR176;GREM1A;KATNBL1;MAPRE3B;MAX;SCG5;SLC10A1;SRSF5B;SUSD6;THBS1B;TMEM214
Zeus_faber|GCF_960531495.1|RYR.5	GCF_960531495.1	Zeus faber	Actinopteri	Zeiformes	RYR	5	found_annotated	fixed10	20	10	10	13	13	0	ACTN2B;BICC1A;CCSER2A;CHRM3A;ECD;FAM149B1;FMN2A;GRID1A;NDNFL;P4HA1B;RGS7A;SPARCL2;WAPL
Microchirus_variegatus|GCF_963457635.1|ITPR1.0	GCF_963457635.1	Microchirus variegatus	Actinopteri	Pleuronectiformes	ITPR1	0	found_annotated	fixed10	20	10	10	9	9	1	DYRK3;IKBKE;IL10;MAPKAPK2A;RASSF5;SLC4A8;SUMF1;TTLL3;ZC3H10
Microchirus_variegatus|GCF_963457635.1|ITPR1.1	GCF_963457635.1	Microchirus variegatus	Actinopteri	Pleuronectiformes	ITPR1	1	found_annotated	fixed10	20	10	10	17	17	0	ARL6IP5A;ATXN7L2A;AVPR2B;BHLHE40;CAMK1G;CYB561D1;EEVS;FRMD4B;LAMB3;LRRN1;MITF;SETMAR;SYPL2A;TRNT1;USP48;ZBTB40;ZC3H11A
Microchirus_variegatus|GCF_963457635.1|ITPR2.0	GCF_963457635.1	Microchirus variegatus	Actinopteri	Pleuronectiformes	ITPR2	0	found_annotated	fixed10	20	10	10	16	15	1	BANP;BHLHE41;CBLN1;CES2B;CNOT1;EEA1;FBXO31;KRAS;N4BP1;PLEKHG7;RASSF8A;SLC41A2A;SSPN;WASHC4;ZNF423;ZNF469
Microchirus_variegatus|GCF_963457635.1|ITPR3.0	GCF_963457635.1	Microchirus variegatus	Actinopteri	Pleuronectiformes	ITPR3	0	found_annotated	fixed10	20	10	10	9	9	1	ABT1;BIRC7;GPR37L1B;HM13;MRGBP;RAD51C;SLC2A4RG;SULF2B;ZBTB46
Microchirus_variegatus|GCF_963457635.1|RYR.0	GCF_963457635.1	Microchirus variegatus	Actinopteri	Pleuronectiformes	RYR	0	found_annotated	fixed10	20	10	10	11	11	1	ACBD4;ADGRA1A;BMS1;CCR10;CHRM3B;FMN2B;HID1B;MTR;PLAU;TDRKH;TMEM94
Microchirus_variegatus|GCF_963457635.1|RYR.1	GCF_963457635.1	Microchirus variegatus	Actinopteri	Pleuronectiformes	RYR	1	found_annotated	fixed10	20	10	10	14	14	0	AXL;DUSP14;FAM181B;IGSF9B;JAM3A;OPA3;PPP5C;PRCP;RASGRP4;SYNRG;TADA2A;TENM4;TGFB1A;THYN1
Microchirus_variegatus|GCF_963457635.1|RYR.2	GCF_963457635.1	Microchirus variegatus	Actinopteri	Pleuronectiformes	RYR	2	found_annotated	fixed10	20	10	10	10	10	0	COL28A1B;ICA1;MIOS;MRPS12;NFRK;RPP25L;SEPTIN7B;SMS;TMEM116;TMEM45B
Microchirus_variegatus|GCF_963457635.1|RYR.3	GCF_963457635.1	Microchirus variegatus	Actinopteri	Pleuronectiformes	RYR	3	found_annotated	fixed10	20	10	10	11	11	0	ACP7;ACTC1B;ARHGAP11A;BMF1;CHRM5A;CYP1C2;EIF2AK4;FSIP1;GCHFR;GREM1B;SLC10A1
Microchirus_variegatus|GCF_963457635.1|RYR.4	GCF_963457635.1	Microchirus variegatus	Actinopteri	Pleuronectiformes	RYR	4	found_annotated	fixed10	20	10	10	19	19	0	ABRACL;ACOT20;ACTC1A;AVEN;CHRM5B;CLU;EMC7B;FMN1;GPR176;GREM1A;HECA;KATNBL1;MAX;MTIF3;REPS1;SCARA3;SRSF5B;SUSD6;THBS1B
Microchirus_variegatus|GCF_963457635.1|RYR.5	GCF_963457635.1	Microchirus variegatus	Actinopteri	Pleuronectiformes	RYR	5	found_annotated	fixed10	20	10	10	10	10	0	ACTN2B;BICC1A;EIF4EBP2;GREM2B;HIF1AN;P4HA1B;PPA1B;RPS24;SAR1A;ZMIZ1A
Raja_brachyura|GCF_963514005.1|ITPR1.0	GCF_963514005.1	Raja brachyura	Chondrichthyes	Rajiformes	ITPR1	0	found_annotated	fixed10	20	10	10	11	11	1	BHLHE40;BORCS6;CAV3;EDEM1;LMCD1;RAD18;RASSF1;SEMA3H;SETMAR;SUMF1;ZMYND10
Raja_brachyura|GCF_963514005.1|ITPR2.0	GCF_963514005.1	Raja brachyura	Chondrichthyes	Rajiformes	ITPR2	0	found_annotated	fixed10	20	10	10	11	11	1	CRADD;DNAI7;EEA1;INTS13;MRPL42;PLEKHG7;PLXNC1;RASSF8B;SOCS2;SSPN;UBE2N
Raja_brachyura|GCF_963514005.1|ITPR3.0	GCF_963514005.1	Raja brachyura	Chondrichthyes	Rajiformes	ITPR3	0	found_annotated	fixed10	20	10	10	4	4	1	LGR6;TIMM17A;UBE2T;UQCC2
Raja_brachyura|GCF_963514005.1|RYR.0	GCF_963514005.1	Raja brachyura	Chondrichthyes	Rajiformes	RYR	0	found_annotated	fixed10	20	10	10	3	3	0	ECH1;PSMD8;RASGRP4
Raja_brachyura|GCF_963514005.1|RYR.1	GCF_963514005.1	Raja brachyura	Chondrichthyes	Rajiformes	RYR	1	found_annotated	fixed10	20	10	10	13	13	1	ADPGK2;CHRM3B;FH;FMN2B;GREM2B;HEATR1;KMO;MOCS3;MTR;NDUFAF7;OPN3;PRKD3;RGS7B
Raja_brachyura|GCF_963514005.1|RYR.2	GCF_963514005.1	Raja brachyura	Chondrichthyes	Rajiformes	RYR	2	found_annotated	fixed10	20	10	10	13	13	0	ARG2;CDIN1;DPH6;EMC7B;FAM98B;FSIP1;GPR176;KATNBL1;MEIS2A;MRPL24;SPRED1;THBS1B;VTI1B
Conger_conger|GCF_963514075.1|ITPR1.0	GCF_963514075.1	Conger conger	Actinopteri	Anguilliformes	ITPR1	0	found_annotated	fixed10	20	10	10	3	3	1	GHRL;SUMF1;TATDN2
Conger_conger|GCF_963514075.1|ITPR1.1	GCF_963514075.1	Conger conger	Actinopteri	Anguilliformes	ITPR1	1	found_annotated	fixed10	20	10	10	11	11	0	ARL8B;BHLHE40;CAMKV;CCDC174;INKA1A;MON1A;MST1R;SEMA3F;SETMAR;TRAIP;TRNT1
Conger_conger|GCF_963514075.1|ITPR2.0	GCF_963514075.1	Conger conger	Actinopteri	Anguilliformes	ITPR2	0	found_annotated	fixed10	20	10	10	8	8	1	BHLHE41;INTS13;LRIG3;NR1H4;PARV;PPFIBP1B;RASSF8B;SSPN
Conger_conger|GCF_963514075.1|ITPR3.0	GCF_963514075.1	Conger conger	Actinopteri	Anguilliformes	ITPR3	0	found_annotated	fixed10	20	10	10	5	5	1	CRY3A;FBXW12;GPR37L1B;OARD1;PRKAR2A
Conger_conger|GCF_963514075.1|RYR.0	GCF_963514075.1	Conger conger	Actinopteri	Anguilliformes	RYR	0	found_annotated	fixed10	20	10	10	11	11	1	ARG1;DNAJC9;EXOC6;FH;FMN2B;HEATR1;HHEX;KIF11;MTR;NUDT13;P4HA1A
Conger_conger|GCF_963514075.1|RYR.1	GCF_963514075.1	Conger conger	Actinopteri	Anguilliformes	RYR	1	found_annotated	fixed10	20	10	10	11	11	0	B3GNT2L;BCKDH;BICR;EHD2B;EXOSC5;MED31;OPA3;PPP1R13L;PSMD8;TMEM91;WDR81
Conger_conger|GCF_963514075.1|RYR.2	GCF_963514075.1	Conger conger	Actinopteri	Anguilliformes	RYR	2	found_annotated	fixed10	20	10	10	6	6	0	B9D2;CBR1L;HNRNPUL1L;PPP5C;RSPH4A;SYMPK
Conger_conger|GCF_963514075.1|RYR.3	GCF_963514075.1	Conger conger	Actinopteri	Anguilliformes	RYR	3	found_annotated	fixed10	20	10	10	6	6	0	ACP7;ARHGAP11A;CHRM5A;EIF2AK4;FSIP1;GREM1B
Conger_conger|GCF_963514075.1|RYR.4	GCF_963514075.1	Conger conger	Actinopteri	Anguilliformes	RYR	4	found_annotated	fixed10	20	10	10	4	4	0	ACOT20;ACTC1A;AVEN;THBS1B
Chelon_labrosus|GCF_963514085.1|ITPR1.0	GCF_963514085.1	Chelon labrosus	Actinopteri	Mugiliformes	ITPR1	0	found_annotated	fixed10	20	10	10	10	10	1	ATF1;ATF7B;DIP2B;DTX3L;ESYT1B;SCN8A;SLC4A8;SUMF1;TTLL3;ZC3H10
Chelon_labrosus|GCF_963514085.1|ITPR1.1	GCF_963514085.1	Chelon labrosus	Actinopteri	Mugiliformes	ITPR1	1	found_annotated	fixed10	20	10	10	10	10	0	ARL6IP5A;AVPR2B;BHLHE40;EEVS;FOXP1B;FRMD4B;LRRN1;MITF;SETMAR;TRNT1
Chelon_labrosus|GCF_963514085.1|ITPR2.0	GCF_963514085.1	Chelon labrosus	Actinopteri	Mugiliformes	ITPR2	0	found_annotated	fixed10	20	10	10	17	17	1	BANP;BHLHE41;BMAL2;C1QTNF13;CES2B;EEA1;FBXO31;KRAS;NR1H4;NUDT4A;PLEKHG7;PPFIBP1B;RASSF8A;SLC17A8;SSPN;UBE2N;ZNF469
Chelon_labrosus|GCF_963514085.1|ITPR3.0	GCF_963514085.1	Chelon labrosus	Actinopteri	Mugiliformes	ITPR3	0	found_annotated	fixed10	20	10	10	6	6	1	ABT1;CDK16;GPR37L1B;GRM6A;RAD51C;TSR2
Chelon_labrosus|GCF_963514085.1|RYR.0	GCF_963514085.1	Chelon labrosus	Actinopteri	Mugiliformes	RYR	0	found_annotated	fixed10	18	10	8	15	15	1	ADOA;BMS1;CHRM3B;CYP26A1;EGR2B;EXOC6;FMN2B;HHEX;JMJD1C;LRRC45;MTR;NRBF2B;REEP3B;TMEM67;TRUB1
Chelon_labrosus|GCF_963514085.1|RYR.1	GCF_963514085.1	Chelon labrosus	Actinopteri	Mugiliformes	RYR	1	found_annotated	fixed10	20	10	10	11	11	0	AXL;B3GNT2L;BCKDH;BICR;EXOSC5;HNRNPUL1;NAPA;OPA3;PPP1R13L;RASGRP4;TMEM91
Chelon_labrosus|GCF_963514085.1|RYR.2	GCF_963514085.1	Chelon labrosus	Actinopteri	Mugiliformes	RYR	2	found_annotated	fixed10	20	10	10	12	12	0	BRD8A;CXXC5A;DNAJC18;GABRR3A;GNG8;MAP7D2A;NFRK;NRG2A;PHLDB2A;PURA;SMS;TMEM45B
Chelon_labrosus|GCF_963514085.1|RYR.3	GCF_963514085.1	Chelon labrosus	Actinopteri	Mugiliformes	RYR	3	found_annotated	fixed10	20	10	10	11	11	0	ACP7;ACTC1B;ARHGAP11A;BMF1;CHRM5A;CYP1C1;DNAJC17;EIF2AK4;FSIP1;GREM1B;THBS1A
Chelon_labrosus|GCF_963514085.1|RYR.4	GCF_963514085.1	Chelon labrosus	Actinopteri	Mugiliformes	RYR	4	found_annotated	fixed10	20	10	10	17	17	0	ABRACL;ACTC1A;AVEN;CHRM5B;EMC7B;FMN1;GPR176;GREM1A;HECA;KATNBL1;REPS1;SCARA3;SCG5;SLC10A1;SRSF5B;SUSD6;THBS1B
Chelon_labrosus|GCF_963514085.1|RYR.5	GCF_963514085.1	Chelon labrosus	Actinopteri	Mugiliformes	RYR	5	found_annotated	fixed10	20	10	10	12	12	0	ACTN2B;BICC1A;CCSER2A;CHRM3A;DNAJC9;ECD;FAM149B1;FMN2A;NDNFL;P4HA1B;RGS7A;SPARCL2
Nannobrachium_achirus|GCF_963921795.1|ITPR1.0	GCF_963921795.1	Nannobrachium achirus	Actinopteri	Myctophiformes	ITPR1	0	found_annotated	fixed10	20	10	10	10	10	1	CAMK1G;CCDC174;CHD6;CRBN;FGD5B;MKRN2;MKRN2OS;TATDN2;TSEN2;VHL
Nannobrachium_achirus|GCF_963921795.1|ITPR1.1	GCF_963921795.1	Nannobrachium achirus	Actinopteri	Myctophiformes	ITPR1	1	found_annotated	fixed10	20	10	10	16	16	0	ARL6IP5A;ARL8B;AVPR2B;BHLHE40;CAMKV;EIF4E3;FOXP1B;FRMD4B;LRRN1;MITF;MON1A;MST1R;SEMA3F;SETMAR;TRAIP;TRNT1
Nannobrachium_achirus|GCF_963921795.1|ITPR2.0	GCF_963921795.1	Nannobrachium achirus	Actinopteri	Myctophiformes	ITPR2	0	found_annotated	fixed10	20	10	10	10	10	1	ASCL1B;EEA1;IRF7;LDLRAD3;LRRC56;NUDT4A;PHRF1;PLEKHG7;RASSF7A;TRIM44
Nannobrachium_achirus|GCF_963921795.1|ITPR2.1	GCF_963921795.1	Nannobrachium achirus	Actinopteri	Myctophiformes	ITPR2	1	found_annotated	fixed10	20	10	10	13	13	0	BANP;BHLHE41;C1QTNF13;EEA1;KRAS;NR1H4;NUDT4A;PLEKHG7;RASSF8A;SLC17A8;SSPN;UBE2N;ZNF469
Nannobrachium_achirus|GCF_963921795.1|ITPR3.0	GCF_963921795.1	Nannobrachium achirus	Actinopteri	Myctophiformes	ITPR3	0	found_annotated	fixed10	20	10	10	7	7	1	EDEM2;ELK1;GRIPAP1;PLXNA3;PTPN18;RFC2;USP11
Nannobrachium_achirus|GCF_963921795.1|RYR.0	GCF_963921795.1	Nannobrachium achirus	Actinopteri	Myctophiformes	RYR	0	found_annotated	fixed10	20	10	10	10	10	1	CHRM3B;CPPED1;ERCC4;EXOC6;FMN2B;GREM2B;HHEX;MRTFB;SHISA9A;SNX29
Nannobrachium_achirus|GCF_963921795.1|RYR.1	GCF_963921795.1	Nannobrachium achirus	Actinopteri	Myctophiformes	RYR	1	found_annotated	fixed10	20	10	10	9	9	0	AP2B1;BCKDK;GNG8;NFRK;ORAI2;PHLDB2A;RPS14;SMS;TMEM45B
Nannobrachium_achirus|GCF_963921795.1|RYR.2	GCF_963921795.1	Nannobrachium achirus	Actinopteri	Myctophiformes	RYR	2	found_annotated	fixed10	20	10	10	12	12	0	ARAP1;CUL3B;EXOSC5;FAM124B;HNRNPUL1;MMP28;OPA3;PDE2A;PPP1R13L;RASGRP4;STARD10;TMEM91
Nannobrachium_achirus|GCF_963921795.1|RYR.3	GCF_963921795.1	Nannobrachium achirus	Actinopteri	Myctophiformes	RYR	3	found_annotated	fixed10	20	10	10	11	11	0	ACP7;CHRM5A;DLST;ESRR;GPX2;IFT43;PROX2;RPS6KL1;TGFB3;THBS1A;TTLL5
Nannobrachium_achirus|GCF_963921795.1|RYR.4	GCF_963921795.1	Nannobrachium achirus	Actinopteri	Myctophiformes	RYR	4	found_annotated	fixed10	20	10	10	10	10	0	AVEN;CHRM5B;EMC7B;GPR176;KATNBL1;MGAT2;RPS29;SIPA1L1;SUSD6;THBS1B
Nannobrachium_achirus|GCF_963921795.1|RYR.5	GCF_963921795.1	Nannobrachium achirus	Actinopteri	Myctophiformes	RYR	5	found_annotated	fixed10	20	10	10	13	13	0	ACTN2B;BICC1A;CCSER2A;CHRM3A;ECD;FAM149B1;FMN2A;GRID1A;NDNFL;P4HA1B;PHYHIPL;SLC16A9A;SPARCL2
Phalacrocorax_carbo|GCF_963921805.1|ITPR1.0	GCF_963921805.1	Phalacrocorax carbo	Aves	Suliformes	ITPR1	0	found_annotated	fixed10	20	10	10	16	16	1	ARL8B;BHLHE40;CAV3;CHL1;CRBN;EDEM1;GRM7;IL5RA;LMCD1;LRRN1;OXTR;RAD18;SRGAP3;SSUH2;SUMF1;TRNT1
Phalacrocorax_carbo|GCF_963921805.1|ITPR2.0	GCF_963921805.1	Phalacrocorax carbo	Aves	Suliformes	ITPR2	0	found_annotated	fixed10	20	10	10	18	18	1	BHLHE41;BMAL2;DNAI7;ETFRF1;FGFR1OP2;GYS2;INTS13;IRAG2;KRAS;LDHB;LMNTD1;MED21;PPFIBP1;RASSF8;REP15;SSPN;STK38L;TM7SF3
Phalacrocorax_carbo|GCF_963921805.1|ITPR3.0	GCF_963921805.1	Phalacrocorax carbo	Aves	Suliformes	ITPR3	0	found_annotated	fixed10	20	10	10	13	13	1	APOBEC2;BAK1;GRM4;HMGA1;IP6K3;LEMD2;MLN;NFYA;NUDT3;OARD1;PACSIN1;RPS10;SMIM29
Phalacrocorax_carbo|GCF_963921805.1|RYR.0	GCF_963921805.1	Phalacrocorax carbo	Aves	Suliformes	RYR	0	found_annotated	fixed10	20	10	10	20	20	1	ACTN2;CHRM3;EDARADD;ERO1B;EXO1;FMN2;GNG4;GPR137B;GREM2;HEATR1;LGALS8;LYST;MAP1LC3C;MTR;NID1;OPN3;PIGM;PLD5;RGS7;WDR64
Phalacrocorax_carbo|GCF_963921805.1|RYR.1	GCF_963921805.1	Phalacrocorax carbo	Aves	Suliformes	RYR	1	found_annotated	fixed10	20	10	10	19	19	0	ARHGAP11A;AVEN;CDIN1;CHRM5;DPH6;EIF2AK4;EMC7;FAM98B;FMN1;FSIP1;GPR176;GREM1;KATNBL1;MEIS2;RASGRP1;SCG5;SPRED1;SRP14;THBS1
Nansenia_antarctica|GCF_963989245.1|ITPR1.0	GCF_963989245.1	Nansenia antarctica	Actinopteri	Argentiniformes	ITPR1	0	found_annotated	fixed10	20	10	10	8	8	1	ATF1;DIP2B;DTX3L;ESYT1B;FAIM2B;SLC4A8;SUMF1;ZC3H10
Nansenia_antarctica|GCF_963989245.1|ITPR1.1	GCF_963989245.1	Nansenia antarctica	Actinopteri	Argentiniformes	ITPR1	1	found_annotated	fixed10	20	10	10	10	10	0	ARL8B;BCDIN3D;BHLHE40;CAMKV;CERS5;MON1A;MST1R;SEMA3F;SETMAR;TRAIP
Nansenia_antarctica|GCF_963989245.1|ITPR2.0	GCF_963989245.1	Nansenia antarctica	Actinopteri	Argentiniformes	ITPR2	0	found_annotated	fixed10	20	10	10	17	17	1	BANP;BHLHE41;C1QTNF13;EEA1;FANCI;FBXO31;KRAS;NR1H4;NUDT4A;PDCD2L;PLEKHG7;POLG;RASSF8A;SLC17A8;SSPN;UBE2N;ZNF469
Nansenia_antarctica|GCF_963989245.1|ITPR3.0	GCF_963989245.1	Nansenia antarctica	Actinopteri	Argentiniformes	ITPR3	0	found_annotated	fixed10	20	10	10	8	8	1	GPR37L1B;HM13;KLHDC8B;LAMB2;LAMB2L;SNX21;TNNC2;USP19
Nansenia_antarctica|GCF_963989245.1|RYR.0	GCF_963989245.1	Nansenia antarctica	Actinopteri	Argentiniformes	RYR	0	found_annotated	fixed10	20	10	10	8	8	1	B9D2;CBR1L;CCDC90B;HNRNPUL1L;NCBP3;PCF11;RAP1GAP2B;SMS
Nansenia_antarctica|GCF_963989245.1|RYR.1	GCF_963989245.1	Nansenia antarctica	Actinopteri	Argentiniformes	RYR	1	found_annotated	fixed10	20	10	10	15	15	0	ATG16L2;AXL;BCKDH;BICR;EHD2B;EXOSC5;NAPA;OPA3;PPP1R13L;PPP5C;PSMD8;RASGRP4;TGFB1A;TMEM91;WDR62
Nansenia_antarctica|GCF_963989245.1|RYR.2	GCF_963989245.1	Nansenia antarctica	Actinopteri	Argentiniformes	RYR	2	found_annotated	fixed10	20	10	10	11	11	0	ABHD15A;ACTN2B;AIPL1;BICC1A;CHRM3A;CPDA;CRYBA1A;CRYBB1L3;EXO5;GOSR1;TRARG1A
Nansenia_antarctica|GCF_963989245.1|RYR.3	GCF_963989245.1	Nansenia antarctica	Actinopteri	Argentiniformes	RYR	3	found_annotated	fixed10	20	10	10	10	10	0	ACP7;ACTC1B;ARHGAP11A;BMF1;CHRM5A;EIF2AK4;FSIP1;GCHFR;GREM1B;THBS1A
Nansenia_antarctica|GCF_963989245.1|RYR.4	GCF_963989245.1	Nansenia antarctica	Actinopteri	Argentiniformes	RYR	4	found_annotated	fixed10	20	10	10	17	17	0	ACOT20;ACTC1A;AVEN;BCL11B;CCDC85C;CCNK;CHRM5B;EMC7B;FMN1;GPR176;GREM1A;ISM2B;KATNBL1;SCG5;SPTLC2B;SUSD6;THBS1B
Nansenia_antarctica|GCF_963989245.1|RYR.5	GCF_963989245.1	Nansenia antarctica	Actinopteri	Argentiniformes	RYR	5	found_annotated	fixed10	20	10	10	12	12	0	CHRM3B;CYP26A1;DNTTIP2;EXOC6;FH;FMN2B;GREM2B;HHEX;MTR;REEP3B;RGS7B;SYDE1
Myxine_glutinosa|GCF_964187855.1|ITPR1.0	GCF_964187855.1	Myxine glutinosa	Myxini	Myxiniformes	ITPR1	0	found_annotated	fixed10	20	10	10	5	5	1	NUDT3;PSMA5;TBC1D30;TMEM115;UQCC2
Myxine_glutinosa|GCF_964187855.1|ITPR1.1	GCF_964187855.1	Myxine glutinosa	Myxini	Myxiniformes	ITPR1	1	found_annotated	fixed10	20	10	10	7	7	0	BICD2;CACNA2D3;CCDC22;CHDH;FBXO7;IPO9;WASHC1
Myxine_glutinosa|GCF_964187855.1|ITPR1.2	GCF_964187855.1	Myxine glutinosa	Myxini	Myxiniformes	ITPR1	2	found_annotated	fixed10	20	10	10	7	7	0	BHLHE40;EDEM1;EFCAB10;KICS2;RTCB;SSPN;THUMPD3
Myxine_glutinosa|GCF_964187855.1|RYR.0	GCF_964187855.1	Myxine glutinosa	Myxini	Myxiniformes	RYR	0	found_annotated	fixed10	20	10	10	4	4	1	DCAF5;GALM;RAD52;UGP2
Myxine_glutinosa|GCF_964187855.1|RYR.1	GCF_964187855.1	Myxine glutinosa	Myxini	Myxiniformes	RYR	1	found_annotated	fixed10	20	10	10	8	8	0	AVEN;DPP3;DYNC2LI1;FSAF1;GREM1;HAO1;MDH1;WDPCP
Calonectris_borealis|GCF_964195595.1|ITPR1.0	GCF_964195595.1	Calonectris borealis	Aves	Procellariiformes	ITPR1	0	found_annotated	fixed10	20	10	10	15	15	1	CAV3;CHL1;CNTN6;CRBN;EDEM1;GRM7;IL5RA;LMCD1;LRRN1;OXTR;RAD18;SRGAP3;SUMF1;THUMPD3;TRNT1
Calonectris_borealis|GCF_964195595.1|ITPR2.0	GCF_964195595.1	Calonectris borealis	Aves	Procellariiformes	ITPR2	0	found_annotated	fixed10	20	10	10	19	19	1	BHLHE41;BMAL2;CYB5R3;DNAI7;ETFRF1;FGFR1OP2;GYS2;INTS13;IRAG2;KRAS;LMNTD1;MED21;PPFIBP1;RASSF8;REP15;SPX;SSPN;STK38L;TM7SF3
Calonectris_borealis|GCF_964195595.1|ITPR3.0	GCF_964195595.1	Calonectris borealis	Aves	Procellariiformes	ITPR3	0	found_annotated	fixed10	20	10	10	16	16	1	APOBEC2;BAK1;FOXP4;GRM4;HMGA1;IP6K3;LEMD2;MDFI;NFYA;NUDT3;OARD1;PACSIN1;RPS10;SMIM29;TFEB;UQCC2
Calonectris_borealis|GCF_964195595.1|RYR.0	GCF_964195595.1	Calonectris borealis	Aves	Procellariiformes	RYR	0	found_annotated	fixed10	20	10	10	20	20	1	ACTN2;CHRM3;EDARADD;ERO1B;EXO1;FMN2;GNG4;GPR137B;GREM2;HEATR1;LGALS8;LYST;MAP1LC3C;MTR;NID1;OPN3;PIGM;PLD5;RGS7;WDR64
Calonectris_borealis|GCF_964195595.1|RYR.1	GCF_964195595.1	Calonectris borealis	Aves	Procellariiformes	RYR	1	found_annotated	fixed10	20	10	10	18	18	0	ACTN4;BICRA;ECH1;EHD2;EIF3K;HNRNPL;KPTN;MAP4K1;MRPS12;NAPA;NFKBIB;NOP53;PAK4;SARS2;SELENOW;SIRT2;SLC8A2;ZNF541
Calonectris_borealis|GCF_964195595.1|RYR.2	GCF_964195595.1	Calonectris borealis	Aves	Procellariiformes	RYR	2	found_annotated	fixed10	20	10	10	19	19	0	ARHGAP11A;BMF;CDIN1;CHRM5;DPH6;EIF2AK4;EMC7;FAM98B;FMN1;FSIP1;GPR176;GREM1;KATNBL1;MEIS2;RASGRP1;SCG5;SPRED1;SRP14;THBS1
Oryctolagus_cuniculus|GCF_964237555.1|ITPR1.0	GCF_964237555.1	Oryctolagus cuniculus	Mammalia	Lagomorpha	ITPR1	0	found_annotated	fixed10	20	10	10	17	16	1	ARL8B;BHLHE40;CAV3;CHL1;CNTN4;CNTN6;CRBN;EDEM1;GRM7;IL5RA;LMCD1;LRRN1;OXTR;RAD18;SSUH2;SUMF1;TRNT1
Oryctolagus_cuniculus|GCF_964237555.1|ITPR2.0	GCF_964237555.1	Oryctolagus cuniculus	Mammalia	Lagomorpha	ITPR2	0	found_annotated	fixed10	20	10	10	18	18	1	BHLHE41;BMAL2;C9H12ORF71;DNAI7;ETFRF1;FGFR1OP2;INTS13;IRAG2;KRAS;LMNTD1;MED21;MRPS35;PPFIBP1;RASSF8;SMCO2;SSPN;STK38L;TM7SF3
Oryctolagus_cuniculus|GCF_964237555.1|ITPR3.0	GCF_964237555.1	Oryctolagus cuniculus	Mammalia	Lagomorpha	ITPR3	0	found_annotated	fixed10	20	10	10	19	17	1	BAK1;BLTP3A;CUTA;DAXX;GRM4;HMGA1;ILRUN;KIFC1;NUDT3;PACSIN1;PHF1;RPS10;SMIM29;SMIM40;SNRPC;SPDEF;SYNGAP1;ZBTB22;ZBTB9
Oryctolagus_cuniculus|GCF_964237555.1|RYR.0	GCF_964237555.1	Oryctolagus cuniculus	Mammalia	Lagomorpha	RYR	0	found_annotated	fixed10	20	10	10	10	10	0	ACTN2;CHRM3;EDARADD;ERO1B;GPR137B;GREM2;HEATR1;LGALS8;MTR;ZP4
Oryctolagus_cuniculus|GCF_964237555.1|RYR.1	GCF_964237555.1	Oryctolagus cuniculus	Mammalia	Lagomorpha	RYR	1	found_annotated	fixed10	20	10	10	17	17	1	ACTN4;C18H19ORF33;CAPN12;CATSPERG;ECH1;EIF3K;FAM98C;GGN;HNRNPL;KCNK6;LGALS4;MAP4K1;PSMD8;RASGRP4;RINL;SPRED3;YIF1B
Oryctolagus_cuniculus|GCF_964237555.1|RYR.2	GCF_964237555.1	Oryctolagus cuniculus	Mammalia	Lagomorpha	RYR	2	found_annotated	fixed10	20	10	10	17	16	0	ACTC1;AQR;ARHGAP11A;AVEN;CHRM5;DPH6;EMC4;EMC7;FMN1;GJD2;GREM1;KATNBL1;LPCAT4;NUTM1;SCG5;SLC12A6;ZNF770
Gallinula_chloropus|GCF_964237585.1|ITPR1.0	GCF_964237585.1	Gallinula chloropus	Aves	Gruiformes	ITPR1	0	found_annotated	fixed10	20	10	10	16	16	1	ARL8B;BHLHE40;CAV3;CHL1;CRBN;EDEM1;GRM7;IL5RA;LMCD1;LRRN1;OXTR;RAD18;SRGAP3;SUMF1;THUMPD3;TRNT1
Gallinula_chloropus|GCF_964237585.1|ITPR2.0	GCF_964237585.1	Gallinula chloropus	Aves	Gruiformes	ITPR2	0	found_annotated	fixed10	20	10	10	19	19	1	BHLHE41;BMAL2;CYB5R3;DNAI7;ETFRF1;FGFR1OP2;GYS2;INTS13;IRAG2;KRAS;LDHB;MED21;PPFIBP1;RASSF8;REP15;SPX;SSPN;STK38L;TM7SF3
Gallinula_chloropus|GCF_964237585.1|ITPR3.0	GCF_964237585.1	Gallinula chloropus	Aves	Gruiformes	ITPR3	0	found_annotated	fixed10	20	10	10	17	17	1	APOBEC2;BAK1;BLTP3A;FOXP4;GRM4;HMGA1;ILRUN;MDFI;NFYA;NUDT3;OARD1;PACSIN1;SMIM29;SNRPC;SPDEF;TFEB;TSPO2
Gallinula_chloropus|GCF_964237585.1|RYR.0	GCF_964237585.1	Gallinula chloropus	Aves	Gruiformes	RYR	0	found_annotated	fixed10	20	10	10	15	15	1	ACTN2;CHRM3;EDARADD;ERO1B;FMN2;GNG4;GPR137B;GREM2;HEATR1;LGALS8;LYST;MTR;NID1;PIGM;RGS7
Gallinula_chloropus|GCF_964237585.1|RYR.1	GCF_964237585.1	Gallinula chloropus	Aves	Gruiformes	RYR	1	found_annotated	fixed10	20	10	10	18	18	0	ARHGAP11A;AVEN;CDIN1;CHRM5;DPH6;EIF2AK4;EMC7;FAM98B;FMN1;FSIP1;GPR176;GREM1;KATNBL1;MEIS2;RASGRP1;SPRED1;SRP14;THBS1
Lissotriton_helveticus|GCF_964261635.1|ITPR1.0	GCF_964261635.1	Lissotriton helveticus	Amphibia	Caudata	ITPR1	0	found_annotated	fixed10	20	10	10	9	9	1	ARL8B;BHLHE40;CRBN;EDEM1;GRM7;IL5RA;LMCD1;LRRN1;SUMF1
Lissotriton_helveticus|GCF_964261635.1|ITPR2.0	GCF_964261635.1	Lissotriton helveticus	Amphibia	Caudata	ITPR2	0	found_annotated	fixed10	20	10	10	17	17	1	BCAT1;BHLHE41;BMAL2;DNAI7;ETFRF1;FGFR1OP2;INTS13;IRAG2;KRAS;LMNTD1;MED21;PKP2;RASSF8;SSPN;STK38L;SYT10;TM7SF3
Lissotriton_helveticus|GCF_964261635.1|ITPR3.0	GCF_964261635.1	Lissotriton helveticus	Amphibia	Caudata	ITPR3	0	found_annotated	fixed10	20	10	10	14	14	1	APOBEC2;BAK1;GPR25;GRM4;HMGA1;INAVA;LEMD2;MLN;NUDT3;OARD1;PACSIN1;RPS10;SMIM29;TMEM167B
Lissotriton_helveticus|GCF_964261635.1|RYR.0	GCF_964261635.1	Lissotriton helveticus	Amphibia	Caudata	RYR	0	found_annotated	fixed10	20	10	10	11	11	0	CHRM3;FAM98A;FEZ2;GREM2;MEMO1;PEX13;SANBR;SRD5A2;USP34;XPO1;ZC3H6
Lissotriton_helveticus|GCF_964261635.1|RYR.1	GCF_964261635.1	Lissotriton helveticus	Amphibia	Caudata	RYR	1	found_annotated	fixed10	20	10	10	5	5	1	ALKBH6;BICRA;CLIP3;EIF3K;ZNF541
Lissotriton_helveticus|GCF_964261635.1|RYR.2	GCF_964261635.1	Lissotriton helveticus	Amphibia	Caudata	RYR	2	found_annotated	fixed10	20	10	10	16	16	0	ARHGAP11A;AVEN;CCDC177;CHRM5;FAM98B;FMN1;GPR176;GREM1;MEIS2;PLEKHD1;RASGRP1;SCG5;SFT2D3;SLC39A9;SPRED1;SUSD6
Phaethon_aethereus|GCF_964289735.1|ITPR1.0	GCF_964289735.1	Phaethon aethereus	Aves	Phaethontiformes	ITPR1	0	found_annotated	fixed10	20	10	10	16	16	1	ARL8B;CAV3;CHL1;CRBN;EDEM1;GRM7;IL5RA;LMCD1;LRRN1;OXTR;RAD18;SRGAP3;SSUH2;SUMF1;THUMPD3;TRNT1
Phaethon_aethereus|GCF_964289735.1|ITPR2.0	GCF_964289735.1	Phaethon aethereus	Aves	Phaethontiformes	ITPR2	0	found_annotated	fixed10	20	10	10	18	18	1	BHLHE41;BMAL2;CYB5R3;ETFRF1;FGFR1OP2;GYS2;INTS13;IRAG2;KCNJ8;LDHB;MED21;PPFIBP1;RASSF8;REP15;SPX;SSPN;STK38L;TM7SF3
Phaethon_aethereus|GCF_964289735.1|ITPR3.0	GCF_964289735.1	Phaethon aethereus	Aves	Phaethontiformes	ITPR3	0	found_annotated	fixed10	20	10	10	16	16	1	APOBEC2;BAK1;FOXP4;GRM4;HMGA1;IP6K3;LEMD2;MDFI;NFYA;NUDT3;OARD1;PACSIN1;SMIM29;TFEB;TSPO2;UQCC2
Phaethon_aethereus|GCF_964289735.1|RYR.0	GCF_964289735.1	Phaethon aethereus	Aves	Phaethontiformes	RYR	0	found_annotated	fixed10	20	10	10	20	20	0	ACTN2;CHRM3;EDARADD;ERO1B;EXO1;FMN2;GNG4;GPR137B;GREM2;HEATR1;LGALS8;LYST;MAP1LC3C;MTR;NID1;OPN3;PIGM;PLD5;RGS7;WDR64
Phaethon_aethereus|GCF_964289735.1|RYR.1	GCF_964289735.1	Phaethon aethereus	Aves	Phaethontiformes	RYR	1	found_annotated	fixed10	20	10	10	18	18	1	ARHGAP11A;AVEN;CDIN1;CHRM5;DPH6;EIF2AK4;EMC7;FAM98B;FMN1;FSIP1;GPR176;GREM1;KATNBL1;MEIS2;RASGRP1;SPRED1;SRP14;THBS1
Larus_argentatus|GCF_964417175.1|ITPR1.0	GCF_964417175.1	Larus argentatus	Aves	Charadriiformes	ITPR1	0	found_annotated	fixed10	20	10	10	15	15	1	ARL8B;BHLHE40;CAV3;CNTN6;CRBN;EDEM1;GRM7;IL5RA;LMCD1;LRRN1;OXTR;RAD18;SRGAP3;SUMF1;TRNT1
Larus_argentatus|GCF_964417175.1|ITPR2.0	GCF_964417175.1	Larus argentatus	Aves	Charadriiformes	ITPR2	0	found_annotated	fixed10	20	10	10	18	18	1	BHLHE41;BMAL2;DNAI7;ETFRF1;FGFR1OP2;GYS2;INTS13;IRAG2;LDHB;LMNTD1;MED21;PPFIBP1;RASSF8;REP15;SPX;SSPN;STK38L;TM7SF3
Larus_argentatus|GCF_964417175.1|ITPR3.0	GCF_964417175.1	Larus argentatus	Aves	Charadriiformes	ITPR3	0	found_annotated	fixed10	20	10	10	16	16	1	APOBEC2;BAK1;BLTP3A;FOXP4;GRM4;HMGA1;ILRUN;NFYA;NUDT3;OARD1;PACSIN1;RPS10;SMIM29;SNRPC;SPDEF;TSPO2
Larus_argentatus|GCF_964417175.1|RYR.0	GCF_964417175.1	Larus argentatus	Aves	Charadriiformes	RYR	0	found_annotated	fixed10	20	10	10	20	20	1	ACTN2;CHRM3;EDARADD;ERO1B;EXO1;FMN2;GNG4;GPR137B;GREM2;HEATR1;LGALS8;LYST;MAP1LC3C;MTR;NID1;OPN3;PIGM;PLD5;RGS7;WDR64
Larus_argentatus|GCF_964417175.1|RYR.1	GCF_964417175.1	Larus argentatus	Aves	Charadriiformes	RYR	1	found_annotated	fixed10	20	10	10	18	18	0	ARHGAP11A;AVEN;CDIN1;CHRM5;DPH6;EIF2AK4;EMC7;FAM98B;FMN1;FSIP1;GPR176;GREM1;KATNBL1;MEIS2;RASGRP1;SCG5;SPRED1;THBS1
Poromitra_crassiceps|GCF_964638095.1|ITPR1.0	GCF_964638095.1	Poromitra crassiceps	Actinopteri	Beryciformes	ITPR1	0	found_annotated	fixed10	20	10	10	10	10	1	ATF1;DIP2B;DTX3L;ESYT1B;LARP4A;PFDN5;SLC4A8;SUMF1;TTLL3;ZC3H10
Poromitra_crassiceps|GCF_964638095.1|ITPR1.1	GCF_964638095.1	Poromitra crassiceps	Actinopteri	Beryciformes	ITPR1	1	found_annotated	fixed10	20	10	10	16	16	0	ARL8B;AVPR2B;BHLHE40;CAMKV;CBFA2T2;GRM6B;LRRN1;MON1A;MST1R;NECAB3;RBCK1;SEMA3F;SETMAR;SNTA1;TBC1D20;TRAIP
Poromitra_crassiceps|GCF_964638095.1|ITPR2.0	GCF_964638095.1	Poromitra crassiceps	Actinopteri	Beryciformes	ITPR2	0	found_annotated	fixed10	20	10	10	18	18	1	BANP;BHLHE41;BMAL2;C1QTNF13;CES2B;EEA1;FANCI;FBXO31;KRAS;NR1H4;NUDT4A;PLEKHG7;PPFIBP1B;RASSF8A;SLC17A8;SSPN;UBE2N;ZNF469
Poromitra_crassiceps|GCF_964638095.1|ITPR3.0	GCF_964638095.1	Poromitra crassiceps	Actinopteri	Beryciformes	ITPR3	0	found_annotated	fixed10	20	10	10	6	6	1	GPR37L1B;GRIPAP1;KCND1;MRGBP;PTPN18;USP11
Poromitra_crassiceps|GCF_964638095.1|RYR.0	GCF_964638095.1	Poromitra crassiceps	Actinopteri	Beryciformes	RYR	0	found_annotated	fixed10	20	10	10	15	15	1	CHRM3B;COL1A1B;COX19;DCXR;FASN;FH;FMN2B;GNGT2B;LRRC45;MTR;PRDM9;RAC3B;RFNG;SGCA;TMEM101
Poromitra_crassiceps|GCF_964638095.1|RYR.1	GCF_964638095.1	Poromitra crassiceps	Actinopteri	Beryciformes	RYR	1	found_annotated	fixed10	20	10	10	12	12	0	CXXC5A;DNAJC18;GABRR3A;GNG8;LIPI;NFRK;NRG2A;PHLDB2A;PURA;SLC22A6L;SMS;TMEM45B
Poromitra_crassiceps|GCF_964638095.1|RYR.2	GCF_964638095.1	Poromitra crassiceps	Actinopteri	Beryciformes	RYR	2	found_annotated	fixed10	20	10	10	9	9	0	B3GNT2L;BCKDH;EXOSC5;HNRNPUL1;NAPA;OPA3;PPP1R13L;RASGRP4;TMEM91
Poromitra_crassiceps|GCF_964638095.1|RYR.3	GCF_964638095.1	Poromitra crassiceps	Actinopteri	Beryciformes	RYR	3	found_annotated	fixed10	20	10	10	11	10	0	ACP7;ACTC1B;ARHGAP11A;BMF1;CHRM5A;CYP1C1;CYP1C2;EIF2AK4;FSIP1;GREM1B;THBS1A
Poromitra_crassiceps|GCF_964638095.1|RYR.4	GCF_964638095.1	Poromitra crassiceps	Actinopteri	Beryciformes	RYR	4	found_annotated	fixed10	20	10	10	15	15	0	ACTN2B;BICC1A;CCSER2A;CHRM3A;DNAJC9;ECD;FAM149B1;FMN2A;GRID1A;METTL22;NDNFL;P4HA1B;PHYHIPL;RGS7A;SPARCL2
Poromitra_crassiceps|GCF_964638095.1|RYR.5	GCF_964638095.1	Poromitra crassiceps	Actinopteri	Beryciformes	RYR	5	found_annotated	fixed10	20	10	10	17	16	0	AVEN;CHRM5B;EMC7B;FMN1;GPR176;GPR31;GREM1A;GTF3C2;IFT172;KATNBL1;MAX;SLC10A1;SLC30A2;SRSF5B;SUSD6;THBS1B;TTLL2
Platalea_leucorodia|GCF_965183815.1|ITPR1.0	GCF_965183815.1	Platalea leucorodia	Aves	Pelecaniformes	ITPR1	0	found_annotated	fixed10	20	10	10	16	15	1	ARL8B;BHLHE40;CAV3;CHL1;CNTN3;CNTN6;CRBN;EDEM1;GRM7;IL5RA;LMCD1;LRRN1;OXTR;RAD18;SUMF1;TRNT1
Platalea_leucorodia|GCF_965183815.1|ITPR2.0	GCF_965183815.1	Platalea leucorodia	Aves	Pelecaniformes	ITPR2	0	found_annotated	fixed10	20	10	10	18	18	1	BHLHE41;BMAL2;CYB5R3;ETFRF1;FGFR1OP2;GYS2;INTS13;IRAG2;KCNJ8;LDHB;MED21;PPFIBP1;RASSF8;REP15;SPX;SSPN;STK38L;TM7SF3
Platalea_leucorodia|GCF_965183815.1|ITPR3.0	GCF_965183815.1	Platalea leucorodia	Aves	Pelecaniformes	ITPR3	0	found_annotated	fixed10	20	10	10	14	14	1	APOBEC2;BAK1;FOXP4;GRM4;HMGA1;IP6K3;LEMD2;MLN;NFYA;NUDT3;OARD1;PACSIN1;SMIM29;TSPO2
Platalea_leucorodia|GCF_965183815.1|RYR.0	GCF_965183815.1	Platalea leucorodia	Aves	Pelecaniformes	RYR	0	found_annotated	fixed10	20	10	10	20	20	1	ACTN2;CHRM3;EDARADD;ERO1B;EXO1;FMN2;GNG4;GPR137B;GREM2;HEATR1;LGALS8;LYST;MAP1LC3C;MTR;NID1;OPN3;PIGM;PLD5;RGS7;WDR64
Platalea_leucorodia|GCF_965183815.1|RYR.1	GCF_965183815.1	Platalea leucorodia	Aves	Pelecaniformes	RYR	1	found_annotated	fixed10	20	10	10	19	19	0	ACTN4;BICRA;ECH1;EHD2;EIF3K;HNRNPL;KPTN;MAP4K1;MRPS12;NAPA;NFKBIB;PAK4;PSMD8;RASGRP4;SARS2;SIRT2;SLC8A2;SPRED3;ZNF541
Platalea_leucorodia|GCF_965183815.1|RYR.2	GCF_965183815.1	Platalea leucorodia	Aves	Pelecaniformes	RYR	2	found_annotated	fixed10	20	10	10	18	18	0	ARHGAP11A;AVEN;CDIN1;CHRM5;DPH6;EIF2AK4;EMC7;FAM98B;FMN1;FSIP1;GPR176;GREM1;KATNBL1;MEIS2;RASGRP1;SPRED1;SRP14;THBS1
Salmo_salar|GCF_965601325.1|ITPR1.0	GCF_965601325.1	Salmo salar	Actinopteri	Salmoniformes	ITPR1	0	found_annotated	fixed10	20	10	10	5	5	1	ATF1;ESYT1B;SUMF1;TMT1A;TTLL3
Salmo_salar|GCF_965601325.1|ITPR1.1	GCF_965601325.1	Salmo salar	Actinopteri	Salmoniformes	ITPR1	1	found_annotated	fixed10	20	10	10	2	2	0	DTX3L;SLC4A8
Salmo_salar|GCF_965601325.1|ITPR1.2	GCF_965601325.1	Salmo salar	Actinopteri	Salmoniformes	ITPR1	2	found_annotated	fixed10	20	10	10	4	4	0	COMT;PROK2;RYBP;TRAIP
Salmo_salar|GCF_965601325.1|ITPR1.3	GCF_965601325.1	Salmo salar	Actinopteri	Salmoniformes	ITPR1	3	found_annotated	fixed10	20	10	10	4	4	0	ARL6IP5A;GRM6B;SETMAR;TRNT1
Salmo_salar|GCF_965601325.1|ITPR2.0	GCF_965601325.1	Salmo salar	Actinopteri	Salmoniformes	ITPR2	0	found_annotated	fixed10	20	10	10	9	9	1	BHLH3;BMAL2;CES2B;ENDOUC;FANCI;KRAS;PPFIBP1B;SLC17A8;UBE2N
Salmo_salar|GCF_965601325.1|ITPR2.1	GCF_965601325.1	Salmo salar	Actinopteri	Salmoniformes	ITPR2	1	found_annotated	fixed10	20	10	10	8	8	0	BHLHE41;EEA1;FBXO31;NUDT4A;POLG;RASK;SSPN;UBE2N
Salmo_salar|GCF_965601325.1|ITPR3.0	GCF_965601325.1	Salmo salar	Actinopteri	Salmoniformes	ITPR3	0	found_annotated	fixed10	20	10	10	10	10	1	ARHGAP46B;ARL8A;ETBR2;LAMB2;LAMB2L;MRGBP;NDRG3B;PHF20B;SLA2B;USP19
Salmo_salar|GCF_965601325.1|ITPR3.1	GCF_965601325.1	Salmo salar	Actinopteri	Salmoniformes	ITPR3	1	found_annotated	fixed10	20	10	10	2	2	0	KLHDC8B;PTN7
Salmo_salar|GCF_965601325.1|RYR.0	GCF_965601325.1	Salmo salar	Actinopteri	Salmoniformes	RYR	0	found_annotated	fixed10	20	10	10	1	1	1	GREM2
Salmo_salar|GCF_965601325.1|RYR.1	GCF_965601325.1	Salmo salar	Actinopteri	Salmoniformes	RYR	1	found_annotated	fixed10	20	10	10	3	3	0	CYP26A1;EXOC6;PSTK
Salmo_salar|GCF_965601325.1|RYR.2	GCF_965601325.1	Salmo salar	Actinopteri	Salmoniformes	RYR	2	found_annotated	fixed10	20	10	10	4	4	0	DEFBL2;GBG8;SNAA;TM45B
Salmo_salar|GCF_965601325.1|RYR.3	GCF_965601325.1	Salmo salar	Actinopteri	Salmoniformes	RYR	3	found_annotated	fixed10	20	10	10	7	7	0	EHD2A;HNRNPUL1L;NAPA;NFRK;SELENOW1;SPSY;SYMPK
Salmo_salar|GCF_965601325.1|RYR.4	GCF_965601325.1	Salmo salar	Actinopteri	Salmoniformes	RYR	4	found_annotated	fixed10	20	10	10	16	16	0	ATG16L2;AXL;B3GNT2L;BCKDH;BICR;EXOSC5;HNRNPUL1;LEG4;NAPA;OPA3;PPP1R13L;PPP5C;RASGRP4;TGFB1A;TMEM91;WDR62
Salmo_salar|GCF_965601325.1|RYR.5	GCF_965601325.1	Salmo salar	Actinopteri	Salmoniformes	RYR	5	found_annotated	fixed10	20	10	10	3	3	0	BICC1A;CCSER2A;FMN2A
Salmo_salar|GCF_965601325.1|RYR.6	GCF_965601325.1	Salmo salar	Actinopteri	Salmoniformes	RYR	6	found_annotated	fixed10	20	10	10	4	4	0	ACP7;EIF2AK4;GCHFR;GPX2
Salmo_salar|GCF_965601325.1|RYR.7	GCF_965601325.1	Salmo salar	Actinopteri	Salmoniformes	RYR	7	found_annotated	fixed10	20	10	10	2	2	0	ARHGAP11A;FSIP1
Salmo_salar|GCF_965601325.1|RYR.8	GCF_965601325.1	Salmo salar	Actinopteri	Salmoniformes	RYR	8	found_annotated	fixed10	20	10	10	5	5	0	ACTC1A;AVEN;EMC7B;KATNBL1;SUSD6
Salmo_salar|GCF_965601325.1|RYR.9	GCF_965601325.1	Salmo salar	Actinopteri	Salmoniformes	RYR	9	found_annotated	fixed10	20	10	10	2	2	0	7B2;PAPOL
Aptenodytes_patagonicus|GCF_965638725.1|ITPR1.0	GCF_965638725.1	Aptenodytes patagonicus	Aves	Sphenisciformes	ITPR1	0	found_annotated	fixed10	20	10	10	17	16	1	ARL8B;BHLHE40;CAV3;CHL1;CNTN3;CNTN6;CRBN;EDEM1;GRM7;IL5RA;LMCD1;LRRN1;OXTR;RAD18;SSUH2;SUMF1;TRNT1
Aptenodytes_patagonicus|GCF_965638725.1|ITPR2.0	GCF_965638725.1	Aptenodytes patagonicus	Aves	Sphenisciformes	ITPR2	0	found_annotated	fixed10	20	10	10	19	19	1	BHLHE41;BMAL2;CYB5R3;DNAI7;ETFRF1;FGFR1OP2;GYS2;INTS13;IRAG2;KRAS;LMNTD1;MED21;PPFIBP1;RASSF8;REP15;SPX;SSPN;STK38L;TM7SF3
Aptenodytes_patagonicus|GCF_965638725.1|ITPR3.0	GCF_965638725.1	Aptenodytes patagonicus	Aves	Sphenisciformes	ITPR3	0	found_annotated	fixed10	20	10	10	17	17	1	APOBEC2;BAK1;BLTP3A;FOXP4;GRM4;HMGA1;ILRUN;MDFI;NFYA;NUDT3;OARD1;PACSIN1;RPS10;SMIM29;SNRPC;SPDEF;TFEB
Aptenodytes_patagonicus|GCF_965638725.1|RYR.0	GCF_965638725.1	Aptenodytes patagonicus	Aves	Sphenisciformes	RYR	0	found_annotated	fixed10	20	10	10	20	20	1	ACTN2;CHRM3;EDARADD;ERO1B;EXO1;FMN2;GNG4;GPR137B;GREM2;HEATR1;LGALS8;LYST;MAP1LC3C;MTR;NID1;OPN3;PIGM;PLD5;RGS7;WDR64
Aptenodytes_patagonicus|GCF_965638725.1|RYR.1	GCF_965638725.1	Aptenodytes patagonicus	Aves	Sphenisciformes	RYR	1	found_annotated	fixed10	20	10	10	19	19	0	ARHGAP11A;AVEN;CDIN1;CHRM5;DPH6;EIF2AK4;EMC7;FAM98B;FMN1;FSIP1;GPR176;GREM1;KATNBL1;MEIS2;RASGRP1;SCG5;SPRED1;SRP14;THBS1
Cathartes_aura|GCA_000699945.1|ITPR2.0	GCA_000699945.1	Cathartes aura	Aves	Accipitriformes	ITPR2	0	fragment	informative10	0	0	0	0	0	1	
Cathartes_aura|GCA_000699945.1|ITPR3.0	GCA_000699945.1	Cathartes aura	Aves	Accipitriformes	ITPR3	0	found_annotated	informative10	0	0	0	0	0	1	
Cathartes_aura|GCA_000699945.1|RYR.0	GCA_000699945.1	Cathartes aura	Aves	Accipitriformes	RYR	0	assembly_gap	informative10	0	0	0	0	0	1	
Cathartes_aura|GCA_000699945.1|RYR.1	GCA_000699945.1	Cathartes aura	Aves	Accipitriformes	RYR	1	assembly_gap	informative10	0	0	0	0	0	0	
Cathartes_aura|GCA_000699945.1|RYR.2	GCA_000699945.1	Cathartes aura	Aves	Accipitriformes	RYR	2	assembly_gap	informative10	0	0	0	0	0	0	
Cathartes_aura|GCA_000699945.1|RYR.3	GCA_000699945.1	Cathartes aura	Aves	Accipitriformes	RYR	3	assembly_gap	informative10	0	0	0	0	0	0	
Cervus_elaphus_hippelaphus|GCA_002197005.1|ITPR1.0	GCA_002197005.1	Cervus elaphus hippelaphus	Mammalia	Artiodactyla	ITPR1	0	found_unannotated	informative10	0	60	60	0	0	1	
Cervus_elaphus_hippelaphus|GCA_002197005.1|ITPR2.0	GCA_002197005.1	Cervus elaphus hippelaphus	Mammalia	Artiodactyla	ITPR2	0	found_unannotated	informative10	0	60	60	0	0	1	
Cervus_elaphus_hippelaphus|GCA_002197005.1|RYR.0	GCA_002197005.1	Cervus elaphus hippelaphus	Mammalia	Artiodactyla	RYR	0	found_unannotated	informative10	0	60	60	0	0	0	
Cervus_elaphus_hippelaphus|GCA_002197005.1|RYR.1	GCA_002197005.1	Cervus elaphus hippelaphus	Mammalia	Artiodactyla	RYR	1	found_unannotated	informative10	0	60	60	0	0	1	
Cervus_elaphus_hippelaphus|GCA_002197005.1|RYR.2	GCA_002197005.1	Cervus elaphus hippelaphus	Mammalia	Artiodactyla	RYR	2	found_unannotated	informative10	0	60	60	0	0	0	
Limosa_lapponica_baueri|GCA_002844005.1|ITPR3.0	GCA_002844005.1	Limosa lapponica baueri	Aves	Charadriiformes	ITPR3	0	found_annotated	informative10	0	1	0	0	0	1	
Limosa_lapponica_baueri|GCA_002844005.1|RYR.0	GCA_002844005.1	Limosa lapponica baueri	Aves	Charadriiformes	RYR	0	found_unannotated	informative10	0	22	20	0	0	1	
Limosa_lapponica_baueri|GCA_002844005.1|RYR.1	GCA_002844005.1	Limosa lapponica baueri	Aves	Charadriiformes	RYR	1	found_unannotated	informative10	0	14	12	0	0	0	
Bambusicola_thoracicus|GCA_002909625.1|ITPR1.0	GCA_002909625.1	Bambusicola thoracicus	Aves	Galliformes	ITPR1	0	assembly_gap	informative10	0	0	0	0	0	1	
Bambusicola_thoracicus|GCA_002909625.1|ITPR1.1	GCA_002909625.1	Bambusicola thoracicus	Aves	Galliformes	ITPR1	1	assembly_gap	informative10	0	0	0	0	0	0	
Bambusicola_thoracicus|GCA_002909625.1|ITPR2.0	GCA_002909625.1	Bambusicola thoracicus	Aves	Galliformes	ITPR2	0	assembly_gap	informative10	0	0	0	0	0	1	
Bambusicola_thoracicus|GCA_002909625.1|ITPR2.1	GCA_002909625.1	Bambusicola thoracicus	Aves	Galliformes	ITPR2	1	assembly_gap	informative10	0	0	0	0	0	0	
Bambusicola_thoracicus|GCA_002909625.1|ITPR3.0	GCA_002909625.1	Bambusicola thoracicus	Aves	Galliformes	ITPR3	0	assembly_gap	informative10	0	0	0	0	0	1	
Bambusicola_thoracicus|GCA_002909625.1|ITPR3.1	GCA_002909625.1	Bambusicola thoracicus	Aves	Galliformes	ITPR3	1	assembly_gap	informative10	0	0	1	0	0	0	
Bambusicola_thoracicus|GCA_002909625.1|RYR.0	GCA_002909625.1	Bambusicola thoracicus	Aves	Galliformes	RYR	0	assembly_gap	informative10	0	0	0	0	0	0	
Bambusicola_thoracicus|GCA_002909625.1|RYR.1	GCA_002909625.1	Bambusicola thoracicus	Aves	Galliformes	RYR	1	assembly_gap	informative10	0	0	0	0	0	0	
Bambusicola_thoracicus|GCA_002909625.1|RYR.2	GCA_002909625.1	Bambusicola thoracicus	Aves	Galliformes	RYR	2	assembly_gap	informative10	0	0	0	0	0	1	
Bambusicola_thoracicus|GCA_002909625.1|RYR.3	GCA_002909625.1	Bambusicola thoracicus	Aves	Galliformes	RYR	3	assembly_gap	informative10	0	0	0	0	0	0	
Alca_torda|GCA_008658365.1|ITPR1.0	GCA_008658365.1	Alca torda	Aves	Charadriiformes	ITPR1	0	found_annotated	informative10	20	13	10	20	20	1	ARL8B;BHLHE40;CAV3;CHL1;CNTN6;CRBN;EDEM1;GRM7;GXYLT2;IL5RA;LMCD1;LRRN1;OXTR;PDZRN3;PPP4R2;RAD18;SRGAP3;SSUH2;SUMF1;TRNT1
Alca_torda|GCA_008658365.1|ITPR2.0	GCA_008658365.1	Alca torda	Aves	Charadriiformes	ITPR2	0	found_annotated	informative10	20	12	13	20	20	1	ABCC9;ARFGAP3;BHLHE41;BMAL2;CYB5R3;DNAI7;ETFRF1;FGFR1OP2;GYS2;INTS13;KCNJ8;LDHB;MED21;PPFIBP1;RASSF8;REP15;SPX;SSPN;STK38L;TM7SF3
Alca_torda|GCA_008658365.1|ITPR3.0	GCA_008658365.1	Alca torda	Aves	Charadriiformes	ITPR3	0	found_annotated	informative10	20	12	19	20	20	1	APOBEC2;BAK1;FOXP4;FRS3;GRM4;HMGA1;ILRUN;IP6K3;LEMD2;MDFI;MLN;NFYA;NUDT3;OARD1;PACSIN1;PGC;SMIM29;SPDEF;TFEB;TOMM6
Alca_torda|GCA_008658365.1|RYR.0	GCA_008658365.1	Alca torda	Aves	Charadriiformes	RYR	0	found_annotated	informative10	20	10	10	20	20	1	ACTN2;CHRM3;EDARADD;ERO1B;EXO1;FMN2;GNG4;GPR137B;GREM2;HEATR1;LGALS8;LYST;MAP1LC3C;MTR;NID1;OPN3;PIGM;PLD5;RGS7;WDR64
Alca_torda|GCA_008658365.1|RYR.1	GCA_008658365.1	Alca torda	Aves	Charadriiformes	RYR	1	found_annotated	informative10	20	11	10	20	20	0	ARHGAP11A;AVEN;BMF;CDIN1;CHRM5;DPH6;EIF2AK4;EMC7;FAM98B;FMN1;FSIP1;GPR176;GREM1;KATNBL1;MEIS2;RASGRP1;SCG5;SPRED1;SRP14;THBS1
Bucorvus_abyssinicus|GCA_009769605.1|ITPR1.0	GCA_009769605.1	Bucorvus abyssinicus	Aves	Bucerotiformes	ITPR1	0	found_annotated	informative10	20	12	10	20	18	1	ARL8B;BHLHE40;CAV3;CHL1;CNTN3;CNTN4;CNTN6;CRBN;EDEM1;GRM7;IL5RA;LMCD1;LRRN1;OXTR;PDZRN3;RAD18;SRGAP3;SSUH2;SUMF1;TRNT1
Bucorvus_abyssinicus|GCA_009769605.1|ITPR2.0	GCA_009769605.1	Bucorvus abyssinicus	Aves	Bucerotiformes	ITPR2	0	found_annotated	informative10	16	10	9	16	16	1	BHLHE41;CCDC22;FGFR1OP2;GABARAPL1;INTS13;KRAS;LMNTD1;MRPL51;RASSF8;SCNN1A;SSPN;STYK1;SYCE3;TMEM52B;VAMP1;YBX3
Bucorvus_abyssinicus|GCA_009769605.1|ITPR3.0	GCA_009769605.1	Bucorvus abyssinicus	Aves	Bucerotiformes	ITPR3	0	found_annotated	informative10	20	14	11	20	20	1	APOBEC2;BAK1;FOXP4;FRS3;GRM4;HMGA1;ILRUN;LEMD2;MDFI;MLN;NFYA;NUDT3;OARD1;PACSIN1;PGC;RPS10;SMIM29;SPDEF;TFEB;TSPO2
Bucorvus_abyssinicus|GCA_009769605.1|RYR.0	GCA_009769605.1	Bucorvus abyssinicus	Aves	Bucerotiformes	RYR	0	found_annotated	informative10	20	10	11	20	20	0	ACTN2;B3GALNT2;CEP170;CHRM3;EDARADD;ERO1B;EXO1;GPR137B;GREM2;HEATR1;LGALS8;LYST;MAP1LC3C;MTR;NID1;OPN3;PIGM;PLD5;RGS7;WDR64
Bucorvus_abyssinicus|GCA_009769605.1|RYR.1	GCA_009769605.1	Bucorvus abyssinicus	Aves	Bucerotiformes	RYR	1	found_annotated	informative10	20	11	11	20	20	1	AQR;AVEN;BMF;CDIN1;CHRM5;DPH6;EIF2AK4;EMC7;FAM98B;FMN1;FSIP1;GPR176;GREM1;KATNBL1;MEIS2;RASGRP1;SPRED1;SRP14;THBS1;ZNF770
Phoenicopterus_ruber_ruber|GCA_009819775.1|ITPR1.0	GCA_009819775.1	Phoenicopterus ruber ruber	Aves	Phoenicopteriformes	ITPR1	0	found_annotated	informative10	20	10	14	20	20	1	ARL8B;BHLHE40;CAV3;CHL1;CRBN;EDEM1;GRM7;GXYLT2;IL5RA;LMCD1;LRRN1;OXTR;PDZRN3;PPP4R2;RAD18;SHQ1;SRGAP3;SSUH2;SUMF1;TRNT1
Phoenicopterus_ruber_ruber|GCA_009819775.1|ITPR2.0	GCA_009819775.1	Phoenicopterus ruber ruber	Aves	Phoenicopteriformes	ITPR2	0	found_annotated	informative10	20	10	12	20	20	1	ARFGAP3;BHLHE41;BMAL2;CYB5R3;DNAI7;ETFRF1;FGFR1OP2;GYS2;INTS13;IRAG2;KCNJ8;LDHB;MED21;PPFIBP1;RASSF8;REP15;SPX;SSPN;STK38L;TM7SF3
Phoenicopterus_ruber_ruber|GCA_009819775.1|ITPR3.0	GCA_009819775.1	Phoenicopterus ruber ruber	Aves	Phoenicopteriformes	ITPR3	0	found_annotated	informative10	20	11	12	20	20	1	APOBEC2;BAK1;FOXP4;GRM4;HMGA1;ILRUN;IP6K3;LEMD2;MDFI;MLN;NCR2;NFYA;OARD1;PACSIN1;PGC;RPS10;SMIM29;SPDEF;TFEB;TSPO2
Phoenicopterus_ruber_ruber|GCA_009819775.1|RYR.0	GCA_009819775.1	Phoenicopterus ruber ruber	Aves	Phoenicopteriformes	RYR	0	found_annotated	informative10	20	10	10	20	20	1	ACTN2;CHRM3;EDARADD;ERO1B;EXO1;FMN2;GNG4;GPR137B;GREM2;HEATR1;LGALS8;LYST;MAP1LC3C;MTR;NID1;OPN3;PIGM;PLD5;RGS7;WDR64
Phoenicopterus_ruber_ruber|GCA_009819775.1|RYR.1	GCA_009819775.1	Phoenicopterus ruber ruber	Aves	Phoenicopteriformes	RYR	1	found_annotated	informative10	20	11	11	20	20	0	ARHGAP11A;AVEN;BMF;CDIN1;CHRM5;DPH6;EIF2AK4;EMC7;FAM98B;FMN1;FSIP1;GPR176;GREM1;KATNBL1;MEIS2;RASGRP1;SPRED1;SRP14;THBS1;ZNF770
Cervus_hanglu_yarkandensis|GCA_010411085.1|ITPR1.0	GCA_010411085.1	Cervus hanglu yarkandensis	Mammalia	Artiodactyla	ITPR1	0	found_annotated	informative10	0	60	60	0	0	1	
Cervus_hanglu_yarkandensis|GCA_010411085.1|ITPR2.0	GCA_010411085.1	Cervus hanglu yarkandensis	Mammalia	Artiodactyla	ITPR2	0	found_annotated	informative10	0	60	60	0	0	1	
Cervus_hanglu_yarkandensis|GCA_010411085.1|ITPR3.0	GCA_010411085.1	Cervus hanglu yarkandensis	Mammalia	Artiodactyla	ITPR3	0	found_annotated	informative10	0	52	60	0	0	1	
Cervus_hanglu_yarkandensis|GCA_010411085.1|RYR.0	GCA_010411085.1	Cervus hanglu yarkandensis	Mammalia	Artiodactyla	RYR	0	found_annotated	informative10	0	8	60	0	0	1	
Cervus_hanglu_yarkandensis|GCA_010411085.1|RYR.1	GCA_010411085.1	Cervus hanglu yarkandensis	Mammalia	Artiodactyla	RYR	1	found_annotated	informative10	0	60	60	0	0	0	
Cervus_hanglu_yarkandensis|GCA_010411085.1|RYR.2	GCA_010411085.1	Cervus hanglu yarkandensis	Mammalia	Artiodactyla	RYR	2	found_annotated	informative10	0	60	60	0	0	0	
Dissostichus_mawsoni|GCA_011823955.1|ITPR1.0	GCA_011823955.1	Dissostichus mawsoni	Actinopteri	Perciformes	ITPR1	0	found_unannotated	informative10	0	60	60	0	0	1	
Dissostichus_mawsoni|GCA_011823955.1|ITPR1.1	GCA_011823955.1	Dissostichus mawsoni	Actinopteri	Perciformes	ITPR1	1	found_unannotated	informative10	0	60	60	0	0	0	
Dissostichus_mawsoni|GCA_011823955.1|ITPR2.0	GCA_011823955.1	Dissostichus mawsoni	Actinopteri	Perciformes	ITPR2	0	found_unannotated	informative10	0	60	60	0	0	1	
Dissostichus_mawsoni|GCA_011823955.1|ITPR3.0	GCA_011823955.1	Dissostichus mawsoni	Actinopteri	Perciformes	ITPR3	0	found_unannotated	informative10	0	60	60	0	0	1	
Dissostichus_mawsoni|GCA_011823955.1|RYR.0	GCA_011823955.1	Dissostichus mawsoni	Actinopteri	Perciformes	RYR	0	found_annotated	informative10	0	60	3	0	0	1	
Dissostichus_mawsoni|GCA_011823955.1|RYR.1	GCA_011823955.1	Dissostichus mawsoni	Actinopteri	Perciformes	RYR	1	found_annotated	informative10	0	60	60	0	0	0	
Dissostichus_mawsoni|GCA_011823955.1|RYR.2	GCA_011823955.1	Dissostichus mawsoni	Actinopteri	Perciformes	RYR	2	found_annotated	informative10	0	60	60	0	0	0	
Dissostichus_mawsoni|GCA_011823955.1|RYR.3	GCA_011823955.1	Dissostichus mawsoni	Actinopteri	Perciformes	RYR	3	found_annotated	informative10	0	60	60	0	0	0	
Dissostichus_mawsoni|GCA_011823955.1|RYR.4	GCA_011823955.1	Dissostichus mawsoni	Actinopteri	Perciformes	RYR	4	found_annotated	informative10	0	60	60	0	0	0	
Dissostichus_mawsoni|GCA_011823955.1|RYR.5	GCA_011823955.1	Dissostichus mawsoni	Actinopteri	Perciformes	RYR	5	found_annotated	informative10	0	60	60	0	0	0	
Crypturellus_undulatus|GCA_013389825.1|ITPR1.0	GCA_013389825.1	Crypturellus undulatus	Aves	Tinamiformes	ITPR1	0	found_unannotated	informative10	3	2	1	3	3	1	BHLHE40;SETMAR;SUMF1
Crypturellus_undulatus|GCA_013389825.1|ITPR2.0	GCA_013389825.1	Crypturellus undulatus	Aves	Tinamiformes	ITPR2	0	found_unannotated	informative10	7	3	5	7	7	1	BHLHE41;FGFR1OP2;INTS13;MED21;SSPN;STK38L;TM7SF3
Crypturellus_undulatus|GCA_013389825.1|RYR.0	GCA_013389825.1	Crypturellus undulatus	Aves	Tinamiformes	RYR	0	found_annotated	informative10	0	0	0	0	0	0	
Crypturellus_undulatus|GCA_013389825.1|RYR.1	GCA_013389825.1	Crypturellus undulatus	Aves	Tinamiformes	RYR	1	found_annotated	informative10	11	1	12	11	11	1	AQR;ARHGAP11A;AVEN;DPH6;FAM98B;GREM1;LD;RASGRP1;SCG5;SPRED1;ZNF79
Geococcyx_californianus|GCA_013389885.1|ITPR1.0	GCA_013389885.1	Geococcyx californianus	Aves	Cuculiformes	ITPR1	0	found_unannotated	informative10	0	0	0	0	0	1	
Geococcyx_californianus|GCA_013389885.1|RYR.0	GCA_013389885.1	Geococcyx californianus	Aves	Cuculiformes	RYR	0	assembly_gap	informative10	0	0	0	0	0	1	
Geococcyx_californianus|GCA_013389885.1|RYR.1	GCA_013389885.1	Geococcyx californianus	Aves	Cuculiformes	RYR	1	assembly_gap	informative10	0	0	0	0	0	0	
Geococcyx_californianus|GCA_013389885.1|RYR.2	GCA_013389885.1	Geococcyx californianus	Aves	Cuculiformes	RYR	2	assembly_gap	informative10	0	0	0	0	0	0	
Todus_mexicanus|GCA_013389965.1|ITPR3.0	GCA_013389965.1	Todus mexicanus	Aves	Coraciiformes	ITPR3	0	found_annotated	informative10	0	0	0	0	0	1	
Todus_mexicanus|GCA_013389965.1|RYR.0	GCA_013389965.1	Todus mexicanus	Aves	Coraciiformes	RYR	0	found_unannotated	informative10	0	0	0	0	0	1	
Dryoscopus_gambensis|GCA_013389985.1|ITPR1.0	GCA_013389985.1	Dryoscopus gambensis	Aves	Passeriformes	ITPR1	0	found_unannotated	informative10	3	0	3	3	3	1	ARL8BA;BHLHE40;EDEM1
Dryoscopus_gambensis|GCA_013389985.1|ITPR2.0	GCA_013389985.1	Dryoscopus gambensis	Aves	Passeriformes	ITPR2	0	found_unannotated	informative10	2	0	2	2	2	1	RASSF8;SSPN
Dryoscopus_gambensis|GCA_013389985.1|ITPR3.0	GCA_013389985.1	Dryoscopus gambensis	Aves	Passeriformes	ITPR3	0	found_annotated	informative10	10	0	11	10	10	1	GRM4;HMGA1;IP6K3;LEMD2;MLN;NUDT3;PACSIN1;RPS10;SPDEF;UQCC2
Dryoscopus_gambensis|GCA_013389985.1|RYR.0	GCA_013389985.1	Dryoscopus gambensis	Aves	Passeriformes	RYR	0	assembly_gap	informative10	0	0	0	0	0	1	
Dryoscopus_gambensis|GCA_013389985.1|RYR.1	GCA_013389985.1	Dryoscopus gambensis	Aves	Passeriformes	RYR	1	assembly_gap	informative10	0	0	0	0	0	0	
Chloropsis_hardwickii|GCA_013390065.1|ITPR1.0	GCA_013390065.1	Chloropsis hardwickii	Aves	Passeriformes	ITPR1	0	found_unannotated	informative10	7	9	1	7	7	1	BHLHE40;CRBN;IL5RA;LRRN1;SETMAR;SUMF1;TRNT1
Chloropsis_hardwickii|GCA_013390065.1|ITPR2.0	GCA_013390065.1	Chloropsis hardwickii	Aves	Passeriformes	ITPR2	0	found_unannotated	informative10	5	2	4	5	5	1	FGFR1OP2;INTS13;MED21;SSPN;TM7SF3
Chloropsis_hardwickii|GCA_013390065.1|ITPR3.0	GCA_013390065.1	Chloropsis hardwickii	Aves	Passeriformes	ITPR3	0	found_annotated	informative10	2	2	0	2	2	1	IP6K3;UQCC2
Chloropsis_hardwickii|GCA_013390065.1|RYR.0	GCA_013390065.1	Chloropsis hardwickii	Aves	Passeriformes	RYR	0	found_annotated	informative10	10	0	11	10	10	1	ACTN2;B3GALNT2;EDARADD;ERO1B;GNG4;GPR137B;HEATR1;LGALS8;LYST;NID1
Chloropsis_hardwickii|GCA_013390065.1|RYR.1	GCA_013390065.1	Chloropsis hardwickii	Aves	Passeriformes	RYR	1	found_annotated	informative10	7	0	8	7	7	0	AVEN;CHRM5;EMC7;FSIP1;GPR176;KATNBL1;THBS1
Tichodroma_muraria|GCA_013390105.1|ITPR3.0	GCA_013390105.1	Tichodroma muraria	Aves	Passeriformes	ITPR3	0	found_annotated	informative10	10	1	11	10	10	1	BAK1;GRM4;HMGA1;IP6K3;LEMD2;MLN;NUDT3;PRA1;RPS10;SNRPC
Menura_novaehollandiae|GCA_013396355.1|ITPR1.0	GCA_013396355.1	Menura novaehollandiae	Aves	Passeriformes	ITPR1	0	found_unannotated	informative10	20	13	13	20	19	1	BHLHE40;CAV3;CHL1;CNTN3;CNTN4;CRBN;EDEM1;IL5RA;IRAK2;LMCD1;LRRN1;PDZRN3;RAD18;SEC13;SETMAR;SRGAP3;SUMF1;THUMPD3;TRNT1;VHL
Menura_novaehollandiae|GCA_013396355.1|ITPR2.0	GCA_013396355.1	Menura novaehollandiae	Aves	Passeriformes	ITPR2	0	found_unannotated	informative10	18	13	15	18	18	1	ARFGAP3;BHLHE41;CMAS;CYB5R3;ENDOUA;ETFRF1;FGFR1OP2;GYS2;INTS13;KCNJ8;KRAS;LDHB;PPFIBP1;REP15;SPX;SSPN;TM7SF3;TMEM52B
Menura_novaehollandiae|GCA_013396355.1|ITPR3.0	GCA_013396355.1	Menura novaehollandiae	Aves	Passeriformes	ITPR3	0	found_annotated	informative10	20	10	14	20	20	1	APOBEC2;BAK1;CD300A;FRS3;GRM4;HMGA1;IP6K3;LEMD2;MDFI;MLN;NFYA;NUDT3;OARD1;PRA1;RPS10;SNRPC;TFEB;TOMM6;TREM2;UHRF1BP1
Menura_novaehollandiae|GCA_013396355.1|RYR.0	GCA_013396355.1	Menura novaehollandiae	Aves	Passeriformes	RYR	0	found_annotated	informative10	20	11	12	20	20	0	ACTN2;B3GALNT2;CHRM3;EDARADD;ERO1B;EXO1;FMN2;GNG4;GPR137B;GREM2;HEATR1;LYST;MAP1LC3C;NID1;OPN3;PIGM;PPIL4;RGS7;TBCE;ZC3H12D
Menura_novaehollandiae|GCA_013396355.1|RYR.1	GCA_013396355.1	Menura novaehollandiae	Aves	Passeriformes	RYR	1	found_annotated	informative10	18	11	9	18	18	1	ARHGAP11A;AVEN;BMF;CHRM5;EIF2AK4;EMC7;FAM98B;FSIP1;GPR176;GREM1;KATNBL1;LD;MEIS2;RASGRP1;SCG5;SPRED1;SRP14;THBS1
Smithornis_capensis|GCA_013396465.1|ITPR1.0	GCA_013396465.1	Smithornis capensis	Aves	Passeriformes	ITPR1	0	found_unannotated	informative10	0	0	0	0	0	1	
Smithornis_capensis|GCA_013396465.1|ITPR2.0	GCA_013396465.1	Smithornis capensis	Aves	Passeriformes	ITPR2	0	found_unannotated	informative10	17	12	9	17	17	1	A4GALT;ARFGAP3;BHLHE41;CYB5R3;ENDOUA;ETFRF1;FGFR1OP2;GYS2;INTS13;KRAS;MED21;PPFIBP1;RASSF8;REP15;SPX;SSPN;TM7SF3
Smithornis_capensis|GCA_013396465.1|ITPR3.0	GCA_013396465.1	Smithornis capensis	Aves	Passeriformes	ITPR3	0	found_annotated	informative10	4	0	4	4	4	1	IP6K3;LEMD2;MLN;UQCC2
Smithornis_capensis|GCA_013396465.1|RYR.0	GCA_013396465.1	Smithornis capensis	Aves	Passeriformes	RYR	0	found_annotated	informative10	10	10	0	10	10	1	ACTN2;B3GALNT2;EDARADD;ERO1B;GNG4;GPR137B;HEATR1;LYST;MTR;NID1
Smithornis_capensis|GCA_013396465.1|RYR.1	GCA_013396465.1	Smithornis capensis	Aves	Passeriformes	RYR	1	found_annotated	informative10	19	11	11	19	19	0	ARHGAP11A;AVEN;BMF;CHRM5;DPH6;EIF2AK4;EMC7;FAM98B;FSIP1;GPR176;GREM1;KATNBL1;LD;ODF3;RASGRP1;SCG5;SPRED1;SRP14;THBS1
Ptilorrhoa_leucosticta|GCA_013396485.1|ITPR1.0	GCA_013396485.1	Ptilorrhoa leucosticta	Aves	Passeriformes	ITPR1	0	found_unannotated	informative10	0	0	0	0	0	1	
Ptilorrhoa_leucosticta|GCA_013396485.1|ITPR2.0	GCA_013396485.1	Ptilorrhoa leucosticta	Aves	Passeriformes	ITPR2	0	found_unannotated	informative10	2	0	2	2	2	1	BHLHE41;SSPN
Ptilorrhoa_leucosticta|GCA_013396485.1|ITPR3.0	GCA_013396485.1	Ptilorrhoa leucosticta	Aves	Passeriformes	ITPR3	0	assembly_gap	informative10	0	0	0	0	0	1	
Ptilorrhoa_leucosticta|GCA_013396485.1|RYR.0	GCA_013396485.1	Ptilorrhoa leucosticta	Aves	Passeriformes	RYR	0	found_annotated	informative10	9	8	3	9	9	1	ACTN2;CHRM3;EDARADD;ERO1B;FMN2;GPR137B;GREM2;HEATR1;NID1
Ptilorrhoa_leucosticta|GCA_013396485.1|RYR.1	GCA_013396485.1	Ptilorrhoa leucosticta	Aves	Passeriformes	RYR	1	found_annotated	informative10	17	11	7	17	17	0	ARHGAP11A;AVEN;BMF;CHRM5;EIF2AK4;EMC7;FAM98B;FSIP1;GPR176;GREM1;KATNBL1;LD;RASGRP1;SCG5;SPRED1;SRP14;THBS1
Eubucco_bourcierii|GCA_013396675.1|ITPR1.0	GCA_013396675.1	Eubucco bourcierii	Aves	Piciformes	ITPR1	0	found_annotated	informative10	4	2	3	4	4	1	BHLHE40;EDEM1;SETMAR;SUMF1
Eubucco_bourcierii|GCA_013396675.1|ITPR2.0	GCA_013396675.1	Eubucco bourcierii	Aves	Piciformes	ITPR2	0	assembly_gap	informative10	4	0	6	4	4	1	BHLHE41;ETFRF1;KRAS;SSPN
Eubucco_bourcierii|GCA_013396675.1|ITPR3.0	GCA_013396675.1	Eubucco bourcierii	Aves	Piciformes	ITPR3	0	found_annotated	informative10	5	1	6	5	5	1	APOBEC2;BAK1;LRIF1;NFYA;OARD1
Eubucco_bourcierii|GCA_013396675.1|RYR.0	GCA_013396675.1	Eubucco bourcierii	Aves	Piciformes	RYR	0	found_annotated	informative10	0	0	0	0	0	0	
Eubucco_bourcierii|GCA_013396675.1|RYR.1	GCA_013396675.1	Eubucco bourcierii	Aves	Piciformes	RYR	1	found_annotated	informative10	3	2	1	3	3	1	AVEN;GREM1;LD
Eubucco_bourcierii|GCA_013396675.1|RYR.2	GCA_013396675.1	Eubucco bourcierii	Aves	Piciformes	RYR	2	found_annotated	informative10	0	0	0	0	0	0	
Psilopogon_haemacephalus|GCA_013396835.1|ITPR1.0	GCA_013396835.1	Psilopogon haemacephalus	Aves	Piciformes	ITPR1	0	found_annotated	informative10	0	0	0	0	0	1	
Psilopogon_haemacephalus|GCA_013396835.1|ITPR2.0	GCA_013396835.1	Psilopogon haemacephalus	Aves	Piciformes	ITPR2	0	assembly_gap	informative10	2	2	0	2	2	1	FGFR1OP2;INTS13
Psilopogon_haemacephalus|GCA_013396835.1|ITPR3.0	GCA_013396835.1	Psilopogon haemacephalus	Aves	Piciformes	ITPR3	0	found_annotated	informative10	20	10	11	20	20	1	ADIPOR1;ANKS1A;APOBEC2;BAK1;GRM4;HMGA1;LMOD1;LRIF1;NFYA;NUDT3;OARD1;PACSIN1;RPS10;SCUBE3;SHISA4;SNRPC;TAF11;TIMM17A;UBE2T;UHRF1BP1
Psilopogon_haemacephalus|GCA_013396835.1|RYR.0	GCA_013396835.1	Psilopogon haemacephalus	Aves	Piciformes	RYR	0	found_unannotated	informative10	7	3	5	7	7	1	AVEN;CHRM5;EMC7;GREM1;KATNBL1;LD;SCG5
Psilopogon_haemacephalus|GCA_013396835.1|RYR.1	GCA_013396835.1	Psilopogon haemacephalus	Aves	Piciformes	RYR	1	found_unannotated	informative10	0	0	0	0	0	0	
Vireo_altiloquus|GCA_013396875.1|ITPR1.0	GCA_013396875.1	Vireo altiloquus	Aves	Passeriformes	ITPR1	0	found_unannotated	informative10	4	4	3	4	4	1	BHLHE40;EDEM1;SETMAR;SUMF1
Vireo_altiloquus|GCA_013396875.1|ITPR2.0	GCA_013396875.1	Vireo altiloquus	Aves	Passeriformes	ITPR2	0	found_unannotated	informative10	4	0	5	4	4	1	BHLHE41;ETFRF1;KRAS;SSPN
Vireo_altiloquus|GCA_013396875.1|ITPR3.0	GCA_013396875.1	Vireo altiloquus	Aves	Passeriformes	ITPR3	0	found_annotated	informative10	12	6	7	12	12	1	APOBEC2;BAK1;CD300LB;GRM4;HMGA1;MLN;NFYA;NUDT3;OARD1;PRA1;RPS10;TREM2
Vireo_altiloquus|GCA_013396875.1|RYR.0	GCA_013396875.1	Vireo altiloquus	Aves	Passeriformes	RYR	0	found_annotated	informative10	1	0	3	1	1	0	ACTN2
Vireo_altiloquus|GCA_013396875.1|RYR.1	GCA_013396875.1	Vireo altiloquus	Aves	Passeriformes	RYR	1	found_annotated	informative10	11	6	6	11	11	1	AVEN;CHRM5;EMC7;FAM98B;GREM1;KATNBL1;LD;RASGRP1;SCG5;SPRED1;THBS1
Baryphthengus_martii|GCA_013396935.1|ITPR1.0	GCA_013396935.1	Baryphthengus martii	Aves	Coraciiformes	ITPR1	0	assembly_gap	informative10	0	0	0	0	0	1	
Baryphthengus_martii|GCA_013396935.1|ITPR2.0	GCA_013396935.1	Baryphthengus martii	Aves	Coraciiformes	ITPR2	0	found_unannotated	informative10	2	0	2	2	2	1	BHLHE41;SSPN
Baryphthengus_martii|GCA_013396935.1|ITPR3.0	GCA_013396935.1	Baryphthengus martii	Aves	Coraciiformes	ITPR3	0	found_annotated	informative10	9	7	3	9	9	1	APOBEC2;BAK1;CD300LD;IP6K3;LEMD2;NFYA;OARD1;PRA1;TREM2
Baryphthengus_martii|GCA_013396935.1|RYR.0	GCA_013396935.1	Baryphthengus martii	Aves	Coraciiformes	RYR	0	assembly_gap	informative10	0	0	0	0	0	1	
Baryphthengus_martii|GCA_013396935.1|RYR.1	GCA_013396935.1	Baryphthengus martii	Aves	Coraciiformes	RYR	1	assembly_gap	informative10	0	0	0	0	0	0	
Baryphthengus_martii|GCA_013396935.1|RYR.2	GCA_013396935.1	Baryphthengus martii	Aves	Coraciiformes	RYR	2	assembly_gap	informative10	0	0	0	0	0	0	
Baryphthengus_martii|GCA_013396935.1|RYR.3	GCA_013396935.1	Baryphthengus martii	Aves	Coraciiformes	RYR	3	assembly_gap	informative10	1	1	0	1	1	0	AVEN
Baryphthengus_martii|GCA_013396935.1|RYR.4	GCA_013396935.1	Baryphthengus martii	Aves	Coraciiformes	RYR	4	assembly_gap	informative10	0	0	0	0	0	0	
Baryphthengus_martii|GCA_013396935.1|RYR.5	GCA_013396935.1	Baryphthengus martii	Aves	Coraciiformes	RYR	5	assembly_gap	informative10	0	0	0	0	0	0	
Baryphthengus_martii|GCA_013396935.1|RYR.6	GCA_013396935.1	Baryphthengus martii	Aves	Coraciiformes	RYR	6	assembly_gap	informative10	0	0	0	0	0	0	
Bucco_capensis|GCA_013396975.1|ITPR1.0	GCA_013396975.1	Bucco capensis	Aves	Piciformes	ITPR1	0	found_unannotated	informative10	5	4	2	5	5	1	ARL8B;BHLHE40;EDEM1;SETMAR;SUMF1
Bucco_capensis|GCA_013396975.1|ITPR3.0	GCA_013396975.1	Bucco capensis	Aves	Piciformes	ITPR3	0	assembly_gap	informative10	1	0	2	1	1	1	BAK1
Bucco_capensis|GCA_013396975.1|ITPR3.1	GCA_013396975.1	Bucco capensis	Aves	Piciformes	ITPR3	1	assembly_gap	informative10	2	2	0	2	2	0	IP6K3;UQCC2
Bucco_capensis|GCA_013396975.1|RYR.0	GCA_013396975.1	Bucco capensis	Aves	Piciformes	RYR	0	assembly_gap	informative10	1	0	2	1	1	1	ACTN2
Bucco_capensis|GCA_013396975.1|RYR.1	GCA_013396975.1	Bucco capensis	Aves	Piciformes	RYR	1	assembly_gap	informative10	0	0	0	0	0	0	
Bucco_capensis|GCA_013396975.1|RYR.2	GCA_013396975.1	Bucco capensis	Aves	Piciformes	RYR	2	assembly_gap	informative10	0	0	0	0	0	0	
Bucco_capensis|GCA_013396975.1|RYR.3	GCA_013396975.1	Bucco capensis	Aves	Piciformes	RYR	3	assembly_gap	informative10	0	0	0	0	0	0	
Myiagra_hebetior|GCA_013397015.1|ITPR1.0	GCA_013397015.1	Myiagra hebetior	Aves	Passeriformes	ITPR1	0	found_annotated	informative10	10	7	3	10	10	1	ARL8BA;BHLHE40;CNTN4;CRBN;EDEM1;IL5RA;LRRN1;SETMAR;SUMF1;TRNT1
Myiagra_hebetior|GCA_013397015.1|ITPR2.0	GCA_013397015.1	Myiagra hebetior	Aves	Passeriformes	ITPR2	0	found_unannotated	informative10	8	3	8	8	8	1	BHLHE41;FGFR1OP2;INTS13;MED21;PPFIBP1;REP15;SSPN;TM7SF3
Myiagra_hebetior|GCA_013397015.1|ITPR3.0	GCA_013397015.1	Myiagra hebetior	Aves	Passeriformes	ITPR3	0	found_annotated	informative10	12	8	5	12	12	1	APOBEC2;BAK1;CD300LB;GRM4;IP6K3;LEMD2;MDFI;MLN;NFYA;OARD1;PRA1;TREM2
Myiagra_hebetior|GCA_013397015.1|RYR.0	GCA_013397015.1	Myiagra hebetior	Aves	Passeriformes	RYR	0	found_annotated	informative10	9	10	0	9	9	0	ACTN2;B3GALNT2;EDARADD;ERO1B;GNG4;LGALS8;LYST;NID1;TBCE
Myiagra_hebetior|GCA_013397015.1|RYR.1	GCA_013397015.1	Myiagra hebetior	Aves	Passeriformes	RYR	1	found_annotated	informative10	6	5	1	6	6	1	AVEN;GREM1;LD;RASGRP1;SCG5;SPRED1
Thryothorus_ludovicianus|GCA_013397245.1|ITPR1.0	GCA_013397245.1	Thryothorus ludovicianus	Aves	Passeriformes	ITPR1	0	assembly_gap	informative10	0	0	0	0	0	1	
Thryothorus_ludovicianus|GCA_013397245.1|ITPR1.1	GCA_013397245.1	Thryothorus ludovicianus	Aves	Passeriformes	ITPR1	1	assembly_gap	informative10	5	5	0	5	5	0	CRBN;IL5RA;LRRN1;SUMF1;TRNT1
Thryothorus_ludovicianus|GCA_013397245.1|ITPR2.0	GCA_013397245.1	Thryothorus ludovicianus	Aves	Passeriformes	ITPR2	0	found_unannotated	informative10	5	0	5	5	5	1	BHLHB3;ETFRF1;KRAS;RASSF8;SSPN
Thryothorus_ludovicianus|GCA_013397245.1|ITPR3.0	GCA_013397245.1	Thryothorus ludovicianus	Aves	Passeriformes	ITPR3	0	assembly_gap	informative10	1	0	1	1	1	1	BAK1
Thryothorus_ludovicianus|GCA_013397245.1|ITPR3.1	GCA_013397245.1	Thryothorus ludovicianus	Aves	Passeriformes	ITPR3	1	assembly_gap	informative10	6	6	0	6	6	0	GRM4;IP6K3;LEMD2;MLN;PRA1;UQCC2
Thryothorus_ludovicianus|GCA_013397245.1|RYR.0	GCA_013397245.1	Thryothorus ludovicianus	Aves	Passeriformes	RYR	0	assembly_gap	informative10	10	0	11	10	10	1	ACTN2;B3GALNT2;EDARADD;ERO1B;GNG4;GPR137B;HEATR1;LGALS8;LYST;NID1
Thryothorus_ludovicianus|GCA_013397245.1|RYR.1	GCA_013397245.1	Thryothorus ludovicianus	Aves	Passeriformes	RYR	1	assembly_gap	informative10	0	0	0	0	0	0	
Thryothorus_ludovicianus|GCA_013397245.1|RYR.2	GCA_013397245.1	Thryothorus ludovicianus	Aves	Passeriformes	RYR	2	assembly_gap	informative10	0	0	0	0	0	0	
Thryothorus_ludovicianus|GCA_013397245.1|RYR.3	GCA_013397245.1	Thryothorus ludovicianus	Aves	Passeriformes	RYR	3	assembly_gap	informative10	4	5	0	4	4	0	AVEN;CHRM5;EMC7;KATNBL1
Polioptila_caerulea|GCA_013397295.1|ITPR2.0	GCA_013397295.1	Polioptila caerulea	Aves	Passeriformes	ITPR2	0	found_unannotated	informative10	6	6	2	6	6	1	BHLHE41;FGFR1OP2;INTS13;MED21;SSPN;TM7SF3
Polioptila_caerulea|GCA_013397295.1|ITPR3.0	GCA_013397295.1	Polioptila caerulea	Aves	Passeriformes	ITPR3	0	found_annotated	informative10	1	0	1	1	1	1	BAK1
Polioptila_caerulea|GCA_013397295.1|RYR.0	GCA_013397295.1	Polioptila caerulea	Aves	Passeriformes	RYR	0	found_annotated	informative10	3	0	3	3	3	0	ACTN2;HEATR1;LGALS8
Polioptila_caerulea|GCA_013397295.1|RYR.1	GCA_013397295.1	Polioptila caerulea	Aves	Passeriformes	RYR	1	found_annotated	informative10	8	1	7	8	8	1	ARHGAP11A;AVEN;FAM98B;GREM1;LD;RASGRP1;SCG5;SPRED1
Sinosuthora_webbiana|GCA_013397395.1|ITPR1.0	GCA_013397395.1	Sinosuthora webbiana	Aves	Passeriformes	ITPR1	0	found_unannotated	informative10	10	10	3	10	10	1	ARL8B;BHLHE40;CHL1;CNTN4;CRBN;EDEM1;IL5RA;LRRN1;SETMAR;SUMF1
Sinosuthora_webbiana|GCA_013397395.1|ITPR2.0	GCA_013397395.1	Sinosuthora webbiana	Aves	Passeriformes	ITPR2	0	found_unannotated	informative10	6	3	6	6	6	1	BHLHE41;FGFR1OP2;INTS13;MED21;SSPN;TM7SF3
Sinosuthora_webbiana|GCA_013397395.1|ITPR3.0	GCA_013397395.1	Sinosuthora webbiana	Aves	Passeriformes	ITPR3	0	found_annotated	informative10	3	0	3	3	3	1	LEMD2;MLN;PRA1
Sinosuthora_webbiana|GCA_013397395.1|RYR.0	GCA_013397395.1	Sinosuthora webbiana	Aves	Passeriformes	RYR	0	found_annotated	informative10	10	0	11	10	10	1	ACTN2;B3GALNT2;EDARADD;ERO1B;GNG4;GPR137B;HEATR1;LGALS8;LYST;NID1
Sinosuthora_webbiana|GCA_013397395.1|RYR.1	GCA_013397395.1	Sinosuthora webbiana	Aves	Passeriformes	RYR	1	found_annotated	informative10	16	6	10	16	16	0	ARHGAP11A;AVEN;CHRM5;EIF2AK4;EMC7;FGL1L;FSIP1;GPR176;GREM1;KATNBL1;LD;RASGRP1;SCG5;SPRED1;SRP14;THBS1
Furnarius_figulus|GCA_013397465.1|ITPR1.0	GCA_013397465.1	Furnarius figulus	Aves	Passeriformes	ITPR1	0	found_annotated	informative10	15	13	8	15	14	1	BHLHE40;CAV3;CHL1;CNTN3;CNTN4;CRBN;EDEM1;IL5RA;LMCD1;LRRN1;MTR;PDZRN3;SETMAR;SUMF1;TRNT1
Furnarius_figulus|GCA_013397465.1|ITPR2.0	GCA_013397465.1	Furnarius figulus	Aves	Passeriformes	ITPR2	0	found_unannotated	informative10	8	7	3	8	8	1	BHLHE41;FGFR1OP2;INTS13;MED21;PPFIBP1;RASSF8;SSPN;TM7SF3
Furnarius_figulus|GCA_013397465.1|ITPR3.0	GCA_013397465.1	Furnarius figulus	Aves	Passeriformes	ITPR3	0	found_annotated	informative10	20	10	13	20	20	1	APOBEC2;BAK1;CD300LD;FOXP4;FRS3;GRM4;HMGA1;IP6K3;LEMD2;MDFI;MLN;NFYA;NUDT3;OARD1;PRA1;RPS10;SMIM29;TFEB;TREM2;UQCC2
Furnarius_figulus|GCA_013397465.1|RYR.0	GCA_013397465.1	Furnarius figulus	Aves	Passeriformes	RYR	0	assembly_gap	informative10	0	0	0	0	0	1	
Furnarius_figulus|GCA_013397465.1|RYR.1	GCA_013397465.1	Furnarius figulus	Aves	Passeriformes	RYR	1	assembly_gap	informative10	1	1	0	1	1	0	ACTN2
Furnarius_figulus|GCA_013397465.1|RYR.2	GCA_013397465.1	Furnarius figulus	Aves	Passeriformes	RYR	2	assembly_gap	informative10	0	0	0	0	0	0	
Mionectes_macconnelli|GCA_013397495.1|ITPR1.0	GCA_013397495.1	Mionectes macconnelli	Aves	Passeriformes	ITPR1	0	assembly_gap	informative10	3	3	0	3	3	1	LRRN1;SETMAR;SUMF1
Mionectes_macconnelli|GCA_013397495.1|ITPR2.0	GCA_013397495.1	Mionectes macconnelli	Aves	Passeriformes	ITPR2	0	found_unannotated	informative10	20	13	12	20	19	1	A4GALT;ABCC8;ABCC9;ARFGAP3;BHLHE41;CYB5R3;ENDOUA;ETFRF1;FGFR1OP2;GYS2;INTS13;KCNJ8;KRAS;LDHB;MED21;PPFIBP1;SPX;SSPN;STK38L;TM7SF3
Mionectes_macconnelli|GCA_013397495.1|RYR.0	GCA_013397495.1	Mionectes macconnelli	Aves	Passeriformes	RYR	0	found_annotated	informative10	10	0	11	10	10	1	ACTN2;B3GALNT2;EDARADD;ERO1B;GNG4;GPR137B;HEATR1;LYST;NID1;TBCE
Mionectes_macconnelli|GCA_013397495.1|RYR.1	GCA_013397495.1	Mionectes macconnelli	Aves	Passeriformes	RYR	1	found_annotated	informative10	20	10	13	20	20	0	AQR;ARHGAP11A;AVEN;CHRM5;DPH6;EIF2AK4;EMC7;FAM98B;FGL1L;FSIP1;GPR176;GREM1;KATNBL1;LD;RASGRP1;SCG5;SPRED1;SRP14;THBS1;ZNF79
Pterocles_burchelli|GCA_013397535.1|ITPR1.0	GCA_013397535.1	Pterocles burchelli	Aves	Pterocliformes	ITPR1	0	found_unannotated	informative10	8	5	3	8	8	1	ARL8B;BHLHE40;EDEM1;GRM7;LRRN1;SETMAR;SLMAP;SUMF1
Pterocles_burchelli|GCA_013397535.1|ITPR2.0	GCA_013397535.1	Pterocles burchelli	Aves	Pterocliformes	ITPR2	0	found_unannotated	informative10	16	6	13	16	16	1	ABCC9;ARNTL2;BHLHE41;CASC1;ETFRF1;FGFR1OP2;GYS2;INTS13;KCNJ8;KRAS;LDHB;MED21;SPX;SSPN;STK38L;TM7SF3
Pterocles_burchelli|GCA_013397535.1|ITPR3.0	GCA_013397535.1	Pterocles burchelli	Aves	Pterocliformes	ITPR3	0	found_annotated	informative10	10	0	12	10	10	1	GRM4;HMGA1;IP6K3;LEMD2;NUDT3;PACSIN1;RPS10;SNRPC;TAF11;UQCC2
Pterocles_burchelli|GCA_013397535.1|RYR.0	GCA_013397535.1	Pterocles burchelli	Aves	Pterocliformes	RYR	0	found_annotated	informative10	10	0	13	10	10	1	AKT3;CEP170;CHRM3;EXO1;FMN2;GREM2;OPN3;PLD5;RGS7;SDCCAG8
Columbina_picui|GCA_013397635.1|ITPR1.0	GCA_013397635.1	Columbina picui	Aves	Columbiformes	ITPR1	0	found_annotated	informative10	1	0	1	1	1	1	BHLHE40
Columbina_picui|GCA_013397635.1|ITPR2.0	GCA_013397635.1	Columbina picui	Aves	Columbiformes	ITPR2	0	found_unannotated	informative10	5	3	3	5	5	1	BHLHE41;FGFR1OP2;INTS13;SSPN;TM7SF3
Columbina_picui|GCA_013397635.1|RYR.0	GCA_013397635.1	Columbina picui	Aves	Columbiformes	RYR	0	found_annotated	informative10	7	2	5	7	7	1	ACTN2;CHRM3;EDARADD;FMN2;GPR137B;HEATR1;NID1
Columbina_picui|GCA_013397635.1|RYR.1	GCA_013397635.1	Columbina picui	Aves	Columbiformes	RYR	1	found_annotated	informative10	8	1	9	8	8	0	ARHGAP11A;AVEN;FAM98B;GREM1;LD;RASGRP1;SCG5;SPRED1
Aleadryas_rufinucha|GCA_013397815.1|ITPR1.0	GCA_013397815.1	Aleadryas rufinucha	Aves	Passeriformes	ITPR1	0	found_unannotated	informative10	3	3	0	3	3	1	LRRN1;SETMAR;SUMF1
Aleadryas_rufinucha|GCA_013397815.1|ITPR2.0	GCA_013397815.1	Aleadryas rufinucha	Aves	Passeriformes	ITPR2	0	found_unannotated	informative10	7	7	2	7	7	1	BHLHE41;FGFR1OP2;INTS13;MED21;SSPN;STK38L;TM7SF3
Aleadryas_rufinucha|GCA_013397815.1|ITPR3.0	GCA_013397815.1	Aleadryas rufinucha	Aves	Passeriformes	ITPR3	0	found_annotated	informative10	1	0	1	1	1	1	UQCC2
Aleadryas_rufinucha|GCA_013397815.1|RYR.0	GCA_013397815.1	Aleadryas rufinucha	Aves	Passeriformes	RYR	0	found_unannotated	informative10	0	0	0	0	0	0	
Aleadryas_rufinucha|GCA_013397815.1|RYR.1	GCA_013397815.1	Aleadryas rufinucha	Aves	Passeriformes	RYR	1	found_unannotated	informative10	6	1	5	6	6	1	AVEN;CHRM5;EMC7;FGL1L;KATNBL1;LD
Origma_solitaria|GCA_013397895.1|ITPR1.0	GCA_013397895.1	Origma solitaria	Aves	Passeriformes	ITPR1	0	found_unannotated	informative10	9	2	10	9	9	1	ARL8BA;CNTN4;CRBN;EDEM1;IL5RA;LRRN1;SETMAR;SUMF1;TRNT1
Origma_solitaria|GCA_013397895.1|ITPR2.0	GCA_013397895.1	Origma solitaria	Aves	Passeriformes	ITPR2	0	found_unannotated	informative10	9	2	12	9	9	1	CYB5R3;ENDOUA;FGFR1OP2;INTS13;PPFIBP1;REP15;SSPN;STK38L;TM7SF3
Origma_solitaria|GCA_013397895.1|ITPR3.0	GCA_013397895.1	Origma solitaria	Aves	Passeriformes	ITPR3	0	found_annotated	informative10	6	7	0	6	6	1	APOBEC2;BAK1;CD300LD;NFYA;OARD1;TREM2
Origma_solitaria|GCA_013397895.1|ITPR3.1	GCA_013397895.1	Origma solitaria	Aves	Passeriformes	ITPR3	1	found_annotated	informative10	10	0	10	10	10	0	GRM4;HMGA1;IP6K3;LEMD2;MLN;NUDT3;PACSIN1;PRA1;RPS10;UQCC2
Origma_solitaria|GCA_013397895.1|RYR.0	GCA_013397895.1	Origma solitaria	Aves	Passeriformes	RYR	0	found_annotated	informative10	7	0	7	7	7	0	ACTN2;EDARADD;ERO1B;GPR137B;HEATR1;LYST;NID1
Origma_solitaria|GCA_013397895.1|RYR.1	GCA_013397895.1	Origma solitaria	Aves	Passeriformes	RYR	1	found_annotated	informative10	11	6	5	11	11	1	ARHGAP11A;AVEN;CHRM5;EMC7;FGL1L;GREM1;KATNBL1;LD;RASGRP1;SCG5;SPRED1
Grantiella_picta|GCA_013397955.1|ITPR1.0	GCA_013397955.1	Grantiella picta	Aves	Passeriformes	ITPR1	0	found_unannotated	informative10	13	4	13	13	12	1	ARL8BA;BHLHE40;CHL1;CNTN3;CNTN4;CRBN;EDEM1;IL5RA;LRRN1;PDZRN3;SETMAR;SUMF1;TRNT1
Grantiella_picta|GCA_013397955.1|ITPR2.0	GCA_013397955.1	Grantiella picta	Aves	Passeriformes	ITPR2	0	found_unannotated	informative10	15	7	14	15	15	1	ABCC9;BHLHE41;CMAS;ETFRF1;FGFR1OP2;GYS2;INTS13;KCNJ8;KRAS;LDHB;MED21;SPX;SSPN;STK38L;TM7SF3
Grantiella_picta|GCA_013397955.1|ITPR3.0	GCA_013397955.1	Grantiella picta	Aves	Passeriformes	ITPR3	0	found_annotated	informative10	3	0	3	3	3	1	IP6K3;LEMD2;MLN
Grantiella_picta|GCA_013397955.1|RYR.0	GCA_013397955.1	Grantiella picta	Aves	Passeriformes	RYR	0	found_annotated	informative10	6	7	1	6	6	0	CHRM3;FMN2;GREM2;OPN3;PIGM;RGS7
Grantiella_picta|GCA_013397955.1|RYR.1	GCA_013397955.1	Grantiella picta	Aves	Passeriformes	RYR	1	found_annotated	informative10	6	1	5	6	6	1	AVEN;CHRM5;EMC7;FGL1L;FMN1;KATNBL1
Aegotheles_bennettii|GCA_013398125.1|ITPR1.0	GCA_013398125.1	Aegotheles bennettii	Aves	Caprimulgiformes	ITPR1	0	found_unannotated	informative10	7	7	0	7	7	1	CNTN4;CRBN;IL5RA;LRRN1;SETMAR;SUMF1;TRNT1
Aegotheles_bennettii|GCA_013398125.1|ITPR2.0	GCA_013398125.1	Aegotheles bennettii	Aves	Caprimulgiformes	ITPR2	0	assembly_gap	informative10	4	5	0	4	4	1	CASC1;ETFRF1;KRAS;SSPN
Aegotheles_bennettii|GCA_013398125.1|ITPR3.0	GCA_013398125.1	Aegotheles bennettii	Aves	Caprimulgiformes	ITPR3	0	found_annotated	informative10	10	0	13	10	10	1	APOBEC2;BAK1;CD300LD;FOXP4;FRS3;MDFI;NFYA;OARD1;TFEB;TREM2
Aegotheles_bennettii|GCA_013398125.1|ITPR3.1	GCA_013398125.1	Aegotheles bennettii	Aves	Caprimulgiformes	ITPR3	1	found_annotated	informative10	1	1	0	1	1	0	UQCC2
Aegotheles_bennettii|GCA_013398125.1|RYR.0	GCA_013398125.1	Aegotheles bennettii	Aves	Caprimulgiformes	RYR	0	found_annotated	informative10	0	0	0	0	0	1	
Aegotheles_bennettii|GCA_013398125.1|RYR.1	GCA_013398125.1	Aegotheles bennettii	Aves	Caprimulgiformes	RYR	1	found_annotated	informative10	4	5	0	4	4	0	AVEN;CHRM5;EMC7;KATNBL1
Pedionomus_torquatus|GCA_013398155.1|ITPR1.0	GCA_013398155.1	Pedionomus torquatus	Aves	Charadriiformes	ITPR1	0	found_annotated	informative10	0	0	0	0	0	1	
Pedionomus_torquatus|GCA_013398155.1|ITPR2.0	GCA_013398155.1	Pedionomus torquatus	Aves	Charadriiformes	ITPR2	0	found_unannotated	informative10	1	1	0	1	1	1	SSPN
Pedionomus_torquatus|GCA_013398155.1|ITPR3.0	GCA_013398155.1	Pedionomus torquatus	Aves	Charadriiformes	ITPR3	0	found_annotated	informative10	2	1	1	2	2	1	BAK1;UQCC2
Pedionomus_torquatus|GCA_013398155.1|RYR.0	GCA_013398155.1	Pedionomus torquatus	Aves	Charadriiformes	RYR	0	found_annotated	informative10	1	0	2	1	1	1	ACTN2
Climacteris_rufus|GCA_013398175.1|ITPR1.0	GCA_013398175.1	Climacteris rufus	Aves	Passeriformes	ITPR1	0	found_annotated	informative10	9	7	2	9	9	1	ARL8BA;BHLHE40;CNTN4;CRBN;IL5RA;LRRN1;SETMAR;SUMF1;TRNT1
Climacteris_rufus|GCA_013398175.1|ITPR2.0	GCA_013398175.1	Climacteris rufus	Aves	Passeriformes	ITPR2	0	found_unannotated	informative10	9	10	1	9	9	1	CYB5R3;ENDOUA;FGFR1OP2;INTS13;MED21;PPFIBP1;SSPN;STK38L;TM7SF3
Climacteris_rufus|GCA_013398175.1|ITPR3.0	GCA_013398175.1	Climacteris rufus	Aves	Passeriformes	ITPR3	0	found_annotated	informative10	7	1	6	7	7	1	BAK1;GRM4;HMGA1;IP6K3;LEMD2;MLN;PRA1
Climacteris_rufus|GCA_013398175.1|RYR.0	GCA_013398175.1	Climacteris rufus	Aves	Passeriformes	RYR	0	found_annotated	informative10	1	0	2	1	1	0	ACTN2
Climacteris_rufus|GCA_013398175.1|RYR.1	GCA_013398175.1	Climacteris rufus	Aves	Passeriformes	RYR	1	found_annotated	informative10	15	9	6	15	15	1	ARHGAP11A;AVEN;CHRM5;EIF2AK4;EMC7;FAM98B;FGL1L;FSIP1;GPR176;GREM1;KATNBL1;LD;RASGRP1;SCG5;THBS1
Loxia_curvirostra|GCA_013398455.1|ITPR1.0	GCA_013398455.1	Loxia curvirostra	Aves	Passeriformes	ITPR1	0	found_unannotated	informative10	20	13	15	20	20	1	ARL8BA;BHLHE40;CAV3;CHL1;CNTN3;CRBN;EDEM1;IL5RA;IRAK2;LMCD1;LRRN1;PDZRN3;PPP4R2;RAD18;SETMAR;SRGAP3;SUMF1;THUMPD3;TRNT1;VHL
Loxia_curvirostra|GCA_013398455.1|ITPR2.0	GCA_013398455.1	Loxia curvirostra	Aves	Passeriformes	ITPR2	0	found_unannotated	informative10	10	6	7	10	10	1	ARFGAP3;BHLHE41;ETFRF1;FGFR1OP2;INTS13;KRAS;MED21;SSPN;STK38L;TM7SF3
Loxia_curvirostra|GCA_013398455.1|ITPR3.0	GCA_013398455.1	Loxia curvirostra	Aves	Passeriformes	ITPR3	0	found_annotated	informative10	20	10	11	20	20	1	APOBEC2;BAK1;FOXP4;GRM4;HMGA1;IP6K3;LEMD2;MDFI;MLN;NFYA;NUDT3;OARD1;PACSIN1;PGC;PRA1;RPS10;SPDEF;TFEB;TREM2;TREML4
Loxia_curvirostra|GCA_013398455.1|RYR.0	GCA_013398455.1	Loxia curvirostra	Aves	Passeriformes	RYR	0	found_annotated	informative10	20	13	11	20	20	0	ACTN2;B3GALNT2;CHRM3;EDARADD;ERO1B;EXO1;FMN2;GNG4;GPR137B;GREM2;HEATR1;LGALS8;LYST;MAP1LC3C;NID1;OPN3;PIGM;RGS7;TAB2;ZC3H12D
Loxia_curvirostra|GCA_013398455.1|RYR.1	GCA_013398455.1	Loxia curvirostra	Aves	Passeriformes	RYR	1	found_annotated	informative10	20	10	14	20	20	1	ACTC1;AQR;ARHGAP11A;AVEN;CHRM5;DPH6;EIF2AK4;EMC7;FGL1L;FSIP1;GPR176;GREM1;KATNBL1;LD;RASGRP1;SCG5;SPRED1;SRP14;THBS1;ZNF99
Certhia_familiaris|GCA_013398575.1|ITPR1.0	GCA_013398575.1	Certhia familiaris	Aves	Passeriformes	ITPR1	0	found_annotated	informative10	0	0	0	0	0	1	
Certhia_familiaris|GCA_013398575.1|ITPR2.0	GCA_013398575.1	Certhia familiaris	Aves	Passeriformes	ITPR2	0	found_unannotated	informative10	3	3	0	3	3	1	FGFR1OP2;INTS13;TM7SF3
Certhia_familiaris|GCA_013398575.1|ITPR3.0	GCA_013398575.1	Certhia familiaris	Aves	Passeriformes	ITPR3	0	found_annotated	informative10	1	0	1	1	1	1	UQCC2
Certhia_familiaris|GCA_013398575.1|RYR.0	GCA_013398575.1	Certhia familiaris	Aves	Passeriformes	RYR	0	found_annotated	informative10	20	10	12	20	20	0	ACTN2;CHRM3;EDARADD;ERO1B;EXO1;FMN2;GNG4;GPR137B;GREM2;HEATR1;LGALS8;LYST;MAP1LC3C;MTR;NID1;OPN3;PIGM;PPIL4;RGS7;ZC3H12D
Certhia_familiaris|GCA_013398575.1|RYR.1	GCA_013398575.1	Certhia familiaris	Aves	Passeriformes	RYR	1	found_annotated	informative10	11	5	6	11	11	1	ARHGAP11B;AVEN;CHRM5;EMC7;FAM98B;FGL1L;GREM1;KATNBL1;RASGRP1;SCG5;SPRED1
Brachypodius_melanocephalos|GCA_013398615.1|ITPR1.0	GCA_013398615.1	Brachypodius melanocephalos	Aves	Passeriformes	ITPR1	0	found_unannotated	informative10	20	13	13	20	19	1	ARL8BA;BHLHE40;CAV3;CHL1;CNTN3;CNTN4;CRBN;EDEM1;IL5RA;IRAK2;LRRN1;PDZRN3;RAD18;SEC13;SETMAR;SRGAP3;SUMF1;THUMPD3;TRNT1;VHL
Brachypodius_melanocephalos|GCA_013398615.1|ITPR2.0	GCA_013398615.1	Brachypodius melanocephalos	Aves	Passeriformes	ITPR2	0	found_unannotated	informative10	20	15	11	20	19	1	A4GALT;ARFGAP3;BHLHE41;CL004;CYB5R3;DYRK4;ETFRF1;FGF23;FGF6;FGFR1OP2;GYS2;INTS13;KRAS;MED21;PPFIBP1;RAD51AP1;REP15;SPX;SSPN;TM7SF3
Brachypodius_melanocephalos|GCA_013398615.1|ITPR3.0	GCA_013398615.1	Brachypodius melanocephalos	Aves	Passeriformes	ITPR3	0	found_annotated	informative10	20	11	12	20	20	1	APOBEC2;BAK1;FRS3;IP6K3;LEMD2;MLN;NFYA;NUDT3;OARD1;PACSIN1;PGA18;PGC;PRA1;RPS10;SNRPC;SPDEF;TFEB;TREM2;TREML4;UQCC2
Brachypodius_melanocephalos|GCA_013398615.1|RYR.0	GCA_013398615.1	Brachypodius melanocephalos	Aves	Passeriformes	RYR	0	found_annotated	informative10	20	11	13	20	20	1	ACTN2;B3GALNT2;CHRM3;EDARADD;ERO1B;EXO1;FMN2;GNG4;GPR137B;GREM2;HEATR1;LGALS8;LYST;NID1;OPN3;PIGM;RGS7;TAB2;UST;ZC3H12D
Brachypodius_melanocephalos|GCA_013398615.1|RYR.1	GCA_013398615.1	Brachypodius melanocephalos	Aves	Passeriformes	RYR	1	found_annotated	informative10	20	10	12	20	20	0	AQR;ARHGAP11A;AVEN;CHRM5;DPH6;EIF2AK4;EMC7;FAM98B;FGL1L;FSIP1;GPR176;GREM1;KATNBL1;LD;RASGRP1;SCG5;SPRED1;SRP14;THBS1;ZNF770
Elachura_formosa|GCA_013398795.1|ITPR1.0	GCA_013398795.1	Elachura formosa	Aves	Passeriformes	ITPR1	0	found_unannotated	informative10	12	13	5	12	11	1	ARL8B;CHL1;CNTN3;CNTN4;CRBN;EDEM1;IL5RA;LRRN1;PDZRN3;SETMAR;SUMF1;TRNT1
Elachura_formosa|GCA_013398795.1|ITPR2.0	GCA_013398795.1	Elachura formosa	Aves	Passeriformes	ITPR2	0	found_unannotated	informative10	14	4	11	14	13	1	ARFGAP3;BHLHE41;CL004;DYRK4;ETFRF1;FGF23;FGF6;FGFR1OP2;INTS13;KRAS;MED21;RAD51AP1;TIGAR;TM7SF3
Elachura_formosa|GCA_013398795.1|RYR.0	GCA_013398795.1	Elachura formosa	Aves	Passeriformes	RYR	0	found_annotated	informative10	15	12	5	15	15	1	ACTN2;CHRM3;EDARADD;EXO1;FMN2;GREM2;HEATR1;LGALS8;MAP1LC3C;MTR;OPN3;PIGM;PPIL4;RGS7;ZC3H12D
Elachura_formosa|GCA_013398795.1|RYR.1	GCA_013398795.1	Elachura formosa	Aves	Passeriformes	RYR	1	found_annotated	informative10	14	13	5	14	14	0	AQR;ARHGAP11A;AVEN;CHRM5;DPH6;FAM98B;GREM1;KATNBL1;LD;ODF3;RASGRP1;SCG5;SPRED1;THBS1
Emberiza_fucata|GCA_013398835.1|ITPR1.0	GCA_013398835.1	Emberiza fucata	Aves	Passeriformes	ITPR1	0	assembly_gap	informative10	3	3	0	3	3	1	LRRN1;SETMAR;SUMF1
Emberiza_fucata|GCA_013398835.1|ITPR2.0	GCA_013398835.1	Emberiza fucata	Aves	Passeriformes	ITPR2	0	found_unannotated	informative10	5	6	1	5	5	1	FGFR1OP2;INTS13;MED21;SSPN;TM7SF3
Emberiza_fucata|GCA_013398835.1|ITPR3.0	GCA_013398835.1	Emberiza fucata	Aves	Passeriformes	ITPR3	0	found_annotated	informative10	1	1	1	1	1	1	BAK1
Emberiza_fucata|GCA_013398835.1|RYR.0	GCA_013398835.1	Emberiza fucata	Aves	Passeriformes	RYR	0	found_annotated	informative10	10	10	0	10	10	1	ACTN2;EDARADD;ERO1B;GNG4;GPR137B;HEATR1;LGALS8;LYST;MTR;NID1
Emberiza_fucata|GCA_013398835.1|RYR.1	GCA_013398835.1	Emberiza fucata	Aves	Passeriformes	RYR	1	found_annotated	informative10	6	6	0	6	6	0	CHRM5;FGL1L;FSIP1;GPR176;KATNBL1;THBS1
Ceuthmochares_aereus|GCA_013398935.1|ITPR1.0	GCA_013398935.1	Ceuthmochares aereus	Aves	Cuculiformes	ITPR1	0	found_unannotated	informative10	0	0	0	0	0	1	
Ceuthmochares_aereus|GCA_013398935.1|ITPR2.0	GCA_013398935.1	Ceuthmochares aereus	Aves	Cuculiformes	ITPR2	0	found_unannotated	informative10	2	1	1	2	2	1	INTS13;SSPN
Ceuthmochares_aereus|GCA_013398935.1|ITPR3.0	GCA_013398935.1	Ceuthmochares aereus	Aves	Cuculiformes	ITPR3	0	assembly_gap	informative10	0	0	0	0	0	1	
Ceuthmochares_aereus|GCA_013398935.1|RYR.0	GCA_013398935.1	Ceuthmochares aereus	Aves	Cuculiformes	RYR	0	found_annotated	informative10	2	0	3	2	2	1	ACTN2;MTR
Ceuthmochares_aereus|GCA_013398935.1|RYR.1	GCA_013398935.1	Ceuthmochares aereus	Aves	Cuculiformes	RYR	1	found_annotated	informative10	1	0	1	1	1	0	AVEN
Callaeas_wilsoni|GCA_013398955.1|ITPR1.0	GCA_013398955.1	Callaeas wilsoni	Aves	Passeriformes	ITPR1	0	assembly_gap	informative10	0	0	0	0	0	1	
Callaeas_wilsoni|GCA_013398955.1|ITPR2.0	GCA_013398955.1	Callaeas wilsoni	Aves	Passeriformes	ITPR2	0	found_unannotated	informative10	1	0	1	1	1	1	SSPN
Callaeas_wilsoni|GCA_013398955.1|ITPR3.0	GCA_013398955.1	Callaeas wilsoni	Aves	Passeriformes	ITPR3	0	found_annotated	informative10	0	0	0	0	0	1	
Callaeas_wilsoni|GCA_013398955.1|ITPR3.1	GCA_013398955.1	Callaeas wilsoni	Aves	Passeriformes	ITPR3	1	found_annotated	informative10	1	0	1	1	1	0	UQCC2
Callaeas_wilsoni|GCA_013398955.1|RYR.0	GCA_013398955.1	Callaeas wilsoni	Aves	Passeriformes	RYR	0	found_annotated	informative10	0	0	0	0	0	0	
Callaeas_wilsoni|GCA_013398955.1|RYR.1	GCA_013398955.1	Callaeas wilsoni	Aves	Passeriformes	RYR	1	found_annotated	informative10	1	1	0	1	1	1	AVEN
Catharus_fuscescens|GCA_013398975.1|ITPR1.0	GCA_013398975.1	Catharus fuscescens	Aves	Passeriformes	ITPR1	0	assembly_gap	informative10	0	0	0	0	0	1	
Catharus_fuscescens|GCA_013398975.1|ITPR1.1	GCA_013398975.1	Catharus fuscescens	Aves	Passeriformes	ITPR1	1	assembly_gap	informative10	0	0	0	0	0	0	
Catharus_fuscescens|GCA_013398975.1|ITPR2.0	GCA_013398975.1	Catharus fuscescens	Aves	Passeriformes	ITPR2	0	found_unannotated	informative10	3	3	0	3	3	1	BHLHE41;RASSF8;SSPN
Catharus_fuscescens|GCA_013398975.1|ITPR3.0	GCA_013398975.1	Catharus fuscescens	Aves	Passeriformes	ITPR3	0	found_annotated	informative10	0	0	0	0	0	1	
Catharus_fuscescens|GCA_013398975.1|RYR.0	GCA_013398975.1	Catharus fuscescens	Aves	Passeriformes	RYR	0	found_annotated	informative10	1	1	0	1	1	0	ACTN2
Catharus_fuscescens|GCA_013398975.1|RYR.1	GCA_013398975.1	Catharus fuscescens	Aves	Passeriformes	RYR	1	found_annotated	informative10	11	7	5	11	11	1	AVEN;CHRM5;EMC7;FAM98B;FGL1L;GREM1;KATNBL1;LD;RASGRP1;SCG5;THBS1
Quiscalus_mexicanus|GCA_013399035.1|ITPR1.0	GCA_013399035.1	Quiscalus mexicanus	Aves	Passeriformes	ITPR1	0	assembly_gap	informative10	0	0	0	0	0	1	
Quiscalus_mexicanus|GCA_013399035.1|ITPR1.1	GCA_013399035.1	Quiscalus mexicanus	Aves	Passeriformes	ITPR1	1	assembly_gap	informative10	0	0	0	0	0	0	
Quiscalus_mexicanus|GCA_013399035.1|ITPR2.0	GCA_013399035.1	Quiscalus mexicanus	Aves	Passeriformes	ITPR2	0	assembly_gap	informative10	1	0	1	1	1	1	INTS13
Quiscalus_mexicanus|GCA_013399035.1|ITPR3.0	GCA_013399035.1	Quiscalus mexicanus	Aves	Passeriformes	ITPR3	0	found_annotated	informative10	4	0	4	4	4	1	IP6K3;LEMD2;MLN;PRA1
Quiscalus_mexicanus|GCA_013399035.1|RYR.0	GCA_013399035.1	Quiscalus mexicanus	Aves	Passeriformes	RYR	0	found_unannotated	informative10	0	0	0	0	0	0	
Quiscalus_mexicanus|GCA_013399035.1|RYR.1	GCA_013399035.1	Quiscalus mexicanus	Aves	Passeriformes	RYR	1	found_unannotated	informative10	2	2	0	2	2	1	GREM1;LD
Chloroceryle_aenea|GCA_013399075.1|ITPR1.0	GCA_013399075.1	Chloroceryle aenea	Aves	Coraciiformes	ITPR1	0	found_annotated	informative10	0	0	0	0	0	1	
Chloroceryle_aenea|GCA_013399075.1|ITPR2.0	GCA_013399075.1	Chloroceryle aenea	Aves	Coraciiformes	ITPR2	0	found_unannotated	informative10	0	0	0	0	0	1	
Chloroceryle_aenea|GCA_013399075.1|ITPR3.0	GCA_013399075.1	Chloroceryle aenea	Aves	Coraciiformes	ITPR3	0	found_annotated	informative10	7	6	2	7	7	1	APOBEC2;BAK1;GRM4;NFYA;OARD1;PRA1;TREM2
Chloroceryle_aenea|GCA_013399075.1|RYR.0	GCA_013399075.1	Chloroceryle aenea	Aves	Coraciiformes	RYR	0	found_annotated	informative10	0	0	0	0	0	1	
Rostratula_benghalensis|GCA_013399305.1|ITPR1.0	GCA_013399305.1	Rostratula benghalensis	Aves	Charadriiformes	ITPR1	0	found_annotated	informative10	12	13	2	12	11	1	ARL8B;BHLHE40;CHL1;CNTN3;CNTN4;CRBN;IL5RA;LRRN1;PDZRN3;SETMAR;SUMF1;TRNT1
Rostratula_benghalensis|GCA_013399305.1|ITPR2.0	GCA_013399305.1	Rostratula benghalensis	Aves	Charadriiformes	ITPR2	0	found_unannotated	informative10	17	13	9	17	17	1	BHLHE41;CASC1;CMAS;CYB5R3;ETFRF1;FGFR1OP2;GYS2;INTS13;KCNJ8;KRAS;LDHB;MED21;PPFIBP1;SPX;SSPN;STK38L;TM7SF3
Rostratula_benghalensis|GCA_013399305.1|ITPR3.0	GCA_013399305.1	Rostratula benghalensis	Aves	Charadriiformes	ITPR3	0	found_annotated	informative10	4	7	0	4	4	1	APOBEC2;BAK1;NFYA;OARD1
Rostratula_benghalensis|GCA_013399305.1|RYR.0	GCA_013399305.1	Rostratula benghalensis	Aves	Charadriiformes	RYR	0	found_annotated	informative10	10	0	11	10	10	1	ACTN2;B3GALNT2;EDARADD;ERO1B;GNG4;GPR137B;HEATR1;LYST;NID1;TBCE
Rostratula_benghalensis|GCA_013399305.1|RYR.1	GCA_013399305.1	Rostratula benghalensis	Aves	Charadriiformes	RYR	1	found_annotated	informative10	20	12	11	20	20	0	AQR;ARHGAP11A;AVEN;BMF;CHRM5;DPH6;EIF2AK4;EMC7;FAM98B;FSIP1;GPR176;GREM1;KATNBL1;LD;RASGRP1;SCG5;SPRED1;SRP14;THBS1;ZNF770
Nyctiprogne_leucopyga|GCA_013399395.1|ITPR1.0	GCA_013399395.1	Nyctiprogne leucopyga	Aves	Caprimulgiformes	ITPR1	0	found_annotated	informative10	5	4	3	5	5	1	BHLHE40;EDEM1;LRRN1;SETMAR;SUMF1
Nyctiprogne_leucopyga|GCA_013399395.1|ITPR2.0	GCA_013399395.1	Nyctiprogne leucopyga	Aves	Caprimulgiformes	ITPR2	0	found_unannotated	informative10	3	0	4	3	3	1	BHLHE41;KRAS;SSPN
Nyctiprogne_leucopyga|GCA_013399395.1|ITPR2.1	GCA_013399395.1	Nyctiprogne leucopyga	Aves	Caprimulgiformes	ITPR2	1	found_unannotated	informative10	0	0	0	0	0	0	
Nyctiprogne_leucopyga|GCA_013399395.1|ITPR3.0	GCA_013399395.1	Nyctiprogne leucopyga	Aves	Caprimulgiformes	ITPR3	0	found_annotated	informative10	7	7	1	7	7	1	APOBEC2;BAK1;NFYA;OARD1;TREM2;TREML1;UQCC2
Nyctiprogne_leucopyga|GCA_013399395.1|RYR.0	GCA_013399395.1	Nyctiprogne leucopyga	Aves	Caprimulgiformes	RYR	0	assembly_gap	informative10	0	0	0	0	0	1	
Nyctiprogne_leucopyga|GCA_013399395.1|RYR.1	GCA_013399395.1	Nyctiprogne leucopyga	Aves	Caprimulgiformes	RYR	1	assembly_gap	informative10	0	0	0	0	0	0	
Nyctiprogne_leucopyga|GCA_013399395.1|RYR.2	GCA_013399395.1	Nyctiprogne leucopyga	Aves	Caprimulgiformes	RYR	2	assembly_gap	informative10	0	0	0	0	0	0	
Nyctiprogne_leucopyga|GCA_013399395.1|RYR.3	GCA_013399395.1	Nyctiprogne leucopyga	Aves	Caprimulgiformes	RYR	3	assembly_gap	informative10	0	0	0	0	0	0	
Anthoscopus_minutus|GCA_013399455.1|ITPR1.0	GCA_013399455.1	Anthoscopus minutus	Aves	Passeriformes	ITPR1	0	found_unannotated	informative10	13	3	14	13	13	1	BHLHE40;CAV3;EDEM1;IRAK2;LMCD1;LRRN1;RAD18;SEC13;SETMAR;SRGAP3;SUMF1;THUMPD3;VHL
Anthoscopus_minutus|GCA_013399455.1|ITPR2.0	GCA_013399455.1	Anthoscopus minutus	Aves	Passeriformes	ITPR2	0	assembly_gap	informative10	0	0	0	0	0	1	
Anthoscopus_minutus|GCA_013399455.1|ITPR3.0	GCA_013399455.1	Anthoscopus minutus	Aves	Passeriformes	ITPR3	0	assembly_gap	informative10	4	4	0	4	4	1	IP6K3;MLN;PRA1;UQCC2
Anthoscopus_minutus|GCA_013399455.1|ITPR3.1	GCA_013399455.1	Anthoscopus minutus	Aves	Passeriformes	ITPR3	1	assembly_gap	informative10	1	1	0	1	1	0	BAK1
Anthoscopus_minutus|GCA_013399455.1|RYR.0	GCA_013399455.1	Anthoscopus minutus	Aves	Passeriformes	RYR	0	assembly_gap	informative10	0	0	0	0	0	1	
Anthoscopus_minutus|GCA_013399455.1|RYR.1	GCA_013399455.1	Anthoscopus minutus	Aves	Passeriformes	RYR	1	assembly_gap	informative10	0	0	0	0	0	0	
Corythaixoides_concolor|GCA_013399495.1|ITPR1.0	GCA_013399495.1	Corythaixoides concolor	Aves	Musophagiformes	ITPR1	0	found_unannotated	informative10	3	3	0	3	3	1	ARL8BA;BHLHE40;EDEM1
Corythaixoides_concolor|GCA_013399495.1|ITPR2.0	GCA_013399495.1	Corythaixoides concolor	Aves	Musophagiformes	ITPR2	0	found_unannotated	informative10	15	7	16	15	15	1	ARNTL2;BHLHE41;CMAS;CYB5R3;ETFRF1;FGFR1OP2;GYS2;INTS13;KCNJ8;KRAS;LDHB;PPFIBP1;SPX;SSPN;TM7SF3
Corythaixoides_concolor|GCA_013399495.1|ITPR3.0	GCA_013399495.1	Corythaixoides concolor	Aves	Musophagiformes	ITPR3	0	found_annotated	informative10	16	6	15	16	16	1	APOBEC2;BAK1;FOXP4;FRS3;GRM4;HMGA1;IP6K3;LEMD2;MDFI;MED20;MLN;NFYA;OARD1;RPS10;TFEB;TREM2
Corythaixoides_concolor|GCA_013399495.1|RYR.0	GCA_013399495.1	Corythaixoides concolor	Aves	Musophagiformes	RYR	0	found_annotated	informative10	3	3	0	3	3	1	ACTN2;EDARADD;HEATR1
Podilymbus_podiceps|GCA_013399565.1|ITPR1.0	GCA_013399565.1	Podilymbus podiceps	Aves	Podicipediformes	ITPR1	0	found_unannotated	informative10	7	7	0	7	7	1	CNTN4;CRBN;IL5RA;LRRN1;SETMAR;SUMF1;TRNT1
Podilymbus_podiceps|GCA_013399565.1|ITPR2.0	GCA_013399565.1	Podilymbus podiceps	Aves	Podicipediformes	ITPR2	0	assembly_gap	informative10	2	2	0	2	2	1	BHLHE41;SSPN
Podilymbus_podiceps|GCA_013399565.1|ITPR3.0	GCA_013399565.1	Podilymbus podiceps	Aves	Podicipediformes	ITPR3	0	found_annotated	informative10	19	13	14	19	19	1	ANKS1A;BAK1;CD300LD;FOXP4;FRS3;GRM4;HMGA1;MDFI;NFYA;NUDT3;OARD1;PACSIN1;RPL10A;SCUBE3;SNRPC;SPDEF;TAF11;TFEB;TREM2
Podilymbus_podiceps|GCA_013399565.1|RYR.0	GCA_013399565.1	Podilymbus podiceps	Aves	Podicipediformes	RYR	0	found_annotated	informative10	10	11	0	10	10	1	ACTN2;B3GALNT2;EDARADD;ERO1B;GNG4;GPR137B;HEATR1;LGALS8;LYST;TBCE
Podilymbus_podiceps|GCA_013399565.1|RYR.1	GCA_013399565.1	Podilymbus podiceps	Aves	Podicipediformes	RYR	1	found_annotated	informative10	11	2	10	11	11	0	AVEN;CHRM5;EIF2AK4;EMC7;FSIP1;GPR176;GREM1;KATNBL1;LD;SRP14;THBS1
Tyrannus_savana|GCA_013399735.1|ITPR1.0	GCA_013399735.1	Tyrannus savana	Aves	Passeriformes	ITPR1	0	found_unannotated	informative10	12	7	8	12	12	1	ARL8BA;BHLHE40;CAV3;CNTN4;CRBN;EDEM1;IL5RA;LMCD1;LRRN1;SETMAR;SUMF1;TRNT1
Tyrannus_savana|GCA_013399735.1|ITPR2.0	GCA_013399735.1	Tyrannus savana	Aves	Passeriformes	ITPR2	0	assembly_gap	informative10	1	2	0	1	1	1	SSPN
Tyrannus_savana|GCA_013399735.1|ITPR3.0	GCA_013399735.1	Tyrannus savana	Aves	Passeriformes	ITPR3	0	found_annotated	informative10	11	8	4	11	11	1	APOBEC2;BAK1;FOXP4;GRM4;HMGA1;NFYA;NUDT3;OARD1;RPS10;TREM2;TREML2
Tyrannus_savana|GCA_013399735.1|RYR.0	GCA_013399735.1	Tyrannus savana	Aves	Passeriformes	RYR	0	found_unannotated	informative10	0	0	0	0	0	0	
Tyrannus_savana|GCA_013399735.1|RYR.1	GCA_013399735.1	Tyrannus savana	Aves	Passeriformes	RYR	1	found_unannotated	informative10	12	5	7	12	12	1	ARHGAP11A;AVEN;CHRM5;EMC7;FAM98B;FGL1L;GREM1;KATNBL1;LD;RASGRP1;SCG5;SPRED1
Semnornis_frantzii|GCA_013399775.1|ITPR3.0	GCA_013399775.1	Semnornis frantzii	Aves	Piciformes	ITPR3	0	found_annotated	informative10	1	1	0	1	1	1	IP6K3
Semnornis_frantzii|GCA_013399775.1|RYR.0	GCA_013399775.1	Semnornis frantzii	Aves	Piciformes	RYR	0	assembly_gap	informative10	0	0	0	0	0	1	
Semnornis_frantzii|GCA_013399775.1|RYR.1	GCA_013399775.1	Semnornis frantzii	Aves	Piciformes	RYR	1	assembly_gap	informative10	1	1	0	1	1	0	AVEN
Semnornis_frantzii|GCA_013399775.1|RYR.2	GCA_013399775.1	Semnornis frantzii	Aves	Piciformes	RYR	2	assembly_gap	informative10	0	0	0	0	0	0	
Semnornis_frantzii|GCA_013399775.1|RYR.3	GCA_013399775.1	Semnornis frantzii	Aves	Piciformes	RYR	3	assembly_gap	informative10	0	0	0	0	0	0	
Zosterops_hypoxanthus|GCA_013399795.1|ITPR1.0	GCA_013399795.1	Zosterops hypoxanthus	Aves	Passeriformes	ITPR1	0	assembly_gap	informative10	3	0	3	3	3	1	ARL8BA;BHLHE40;EDEM1
Zosterops_hypoxanthus|GCA_013399795.1|ITPR1.1	GCA_013399795.1	Zosterops hypoxanthus	Aves	Passeriformes	ITPR1	1	assembly_gap	informative10	3	3	0	3	3	0	LRRN1;SETMAR;SUMF1
Zosterops_hypoxanthus|GCA_013399795.1|ITPR2.0	GCA_013399795.1	Zosterops hypoxanthus	Aves	Passeriformes	ITPR2	0	found_unannotated	informative10	6	3	6	6	6	1	BHLHE41;FGFR1OP2;INTS13;MED21;SSPN;STK38L
Zosterops_hypoxanthus|GCA_013399795.1|ITPR3.0	GCA_013399795.1	Zosterops hypoxanthus	Aves	Passeriformes	ITPR3	0	found_annotated	informative10	3	3	0	3	3	1	LEMD2;MLN;PRA1
Zosterops_hypoxanthus|GCA_013399795.1|RYR.0	GCA_013399795.1	Zosterops hypoxanthus	Aves	Passeriformes	RYR	0	found_unannotated	informative10	0	0	0	0	0	1	
Zosterops_hypoxanthus|GCA_013399795.1|RYR.1	GCA_013399795.1	Zosterops hypoxanthus	Aves	Passeriformes	RYR	1	found_unannotated	informative10	0	0	0	0	0	0	
Zosterops_hypoxanthus|GCA_013399795.1|RYR.2	GCA_013399795.1	Zosterops hypoxanthus	Aves	Passeriformes	RYR	2	found_unannotated	informative10	2	2	0	2	2	0	GREM1;LD
Oxyruncus_cristatus|GCA_013399855.1|ITPR1.0	GCA_013399855.1	Oxyruncus cristatus	Aves	Passeriformes	ITPR1	0	found_unannotated	informative10	20	13	13	20	19	1	BHLHE40;CAV3;CHL1;CNTN3;CNTN4;EDEM1;IL5RA;LMCD1;LRRN1;MTR;PDZRN3;PPP4R2;RAD18;SEC13;SETMAR;SRGAP3;SUMF1;THUMPD3;TRNT1;VHL
Oxyruncus_cristatus|GCA_013399855.1|ITPR2.0	GCA_013399855.1	Oxyruncus cristatus	Aves	Passeriformes	ITPR2	0	found_unannotated	informative10	13	3	15	13	13	1	BHLHE41;ETFRF1;FGFR1OP2;GABARAPL1;GYS2;INTS13;KCNJ8;KRAS;LDHB;RASSF8;SSPN;TM7SF3;TMEM52B
Oxyruncus_cristatus|GCA_013399855.1|ITPR3.0	GCA_013399855.1	Oxyruncus cristatus	Aves	Passeriformes	ITPR3	0	found_annotated	informative10	20	10	13	20	20	1	APOBEC2;BAK1;FOXP4;FRS3;GRM4;HMGA1;IP6K3;LEMD2;MDFI;MLN;NFYA;NUDT3;OARD1;PRA1;RPS10;SMIM29;TFEB;TREM2;TREML2;UQCC2
Oxyruncus_cristatus|GCA_013399855.1|RYR.0	GCA_013399855.1	Oxyruncus cristatus	Aves	Passeriformes	RYR	0	found_unannotated	informative10	0	0	0	0	0	0	
Oxyruncus_cristatus|GCA_013399855.1|RYR.1	GCA_013399855.1	Oxyruncus cristatus	Aves	Passeriformes	RYR	1	found_unannotated	informative10	7	3	5	7	7	1	AVEN;CHRM5;EMC7;GREM1;KATNBL1;LD;SCG5
Serilophus_lunatus|GCA_013399895.1|ITPR1.0	GCA_013399895.1	Serilophus lunatus	Aves	Passeriformes	ITPR1	0	found_unannotated	informative10	3	4	0	3	3	1	ARL8B;BHLHE40;EDEM1
Serilophus_lunatus|GCA_013399895.1|ITPR2.0	GCA_013399895.1	Serilophus lunatus	Aves	Passeriformes	ITPR2	0	found_unannotated	informative10	15	6	12	15	15	1	A4GALT;ARFGAP3;BHLHE41;CYB5R3;ENDOUA;ETFRF1;FGFR1OP2;INTS13;KRAS;MED21;PPFIBP1;RASSF8;REP15;SSPN;TM7SF3
Serilophus_lunatus|GCA_013399895.1|ITPR3.0	GCA_013399895.1	Serilophus lunatus	Aves	Passeriformes	ITPR3	0	found_annotated	informative10	14	6	14	14	14	1	ANKS1A;APOBEC2;BAK1;GRM4;HMGA1;NFYA;NUDT3;OARD1;PACSIN1;RPL10A;RPS10;SMIM29;SNRPC;SPDEF
Serilophus_lunatus|GCA_013399895.1|RYR.0	GCA_013399895.1	Serilophus lunatus	Aves	Passeriformes	RYR	0	found_annotated	informative10	10	0	11	10	10	1	ACTN2;B3GALNT2;EDARADD;ERO1B;GNG4;GPR137B;HEATR1;LGALS8;LYST;NID1
Serilophus_lunatus|GCA_013399895.1|RYR.1	GCA_013399895.1	Serilophus lunatus	Aves	Passeriformes	RYR	1	found_annotated	informative10	12	5	7	12	12	0	ARHGAP11A;AVEN;CHRM5;EMC7;FAM98B;FGL1L;GREM1;KATNBL1;LD;RASGRP1;SCG5;SPRED1
Hippolais_icterina|GCA_013400075.1|ITPR1.0	GCA_013400075.1	Hippolais icterina	Aves	Passeriformes	ITPR1	0	assembly_gap	informative10	0	0	0	0	0	1	
Hippolais_icterina|GCA_013400075.1|ITPR2.0	GCA_013400075.1	Hippolais icterina	Aves	Passeriformes	ITPR2	0	found_unannotated	informative10	6	3	3	6	6	1	BHLHE41;FGFR1OP2;INTS13;RASSF8;SSPN;TM7SF3
Hippolais_icterina|GCA_013400075.1|ITPR3.0	GCA_013400075.1	Hippolais icterina	Aves	Passeriformes	ITPR3	0	found_annotated	informative10	0	0	0	0	0	1	
Hippolais_icterina|GCA_013400075.1|RYR.0	GCA_013400075.1	Hippolais icterina	Aves	Passeriformes	RYR	0	found_unannotated	informative10	0	0	0	0	0	1	
Hippolais_icterina|GCA_013400075.1|RYR.1	GCA_013400075.1	Hippolais icterina	Aves	Passeriformes	RYR	1	found_unannotated	informative10	1	1	0	1	1	0	LD
Aramus_guarauna|GCA_013400195.1|ITPR1.0	GCA_013400195.1	Aramus guarauna	Aves	Gruiformes	ITPR1	0	found_annotated	informative10	17	11	11	17	17	1	ARL8BA;BHLHE40;CAV3;CHL1;CNTN4;CRBN;IL5RA;LMCD1;LRRN1;OXTR;RAD18;SETMAR;SRGAP3;SSUH2;SUMF1;THUMPD3;TRNT1
Aramus_guarauna|GCA_013400195.1|ITPR2.0	GCA_013400195.1	Aramus guarauna	Aves	Gruiformes	ITPR2	0	found_unannotated	informative10	10	4	6	10	10	1	BHLHE41;CASC1;ETFRF1;FGFR1OP2;INTS13;KRAS;MED21;RASSF8;SSPN;TM7SF3
Aramus_guarauna|GCA_013400195.1|ITPR3.0	GCA_013400195.1	Aramus guarauna	Aves	Gruiformes	ITPR3	0	found_annotated	informative10	17	8	12	17	16	1	APOBEC2;BAK1;FOXP4;GRM4;IP6K3;LEMD2;MLN;NFYA;NUDT3;OARD1;PACSIN1;PRA1;RPS10;SNRPC;TAF11;TREM1;TREM2
Aramus_guarauna|GCA_013400195.1|RYR.0	GCA_013400195.1	Aramus guarauna	Aves	Gruiformes	RYR	0	found_annotated	informative10	1	0	2	1	1	0	MTR
Aramus_guarauna|GCA_013400195.1|RYR.1	GCA_013400195.1	Aramus guarauna	Aves	Gruiformes	RYR	1	found_annotated	informative10	11	5	7	11	11	1	ARHGAP11A;AVEN;CHRM5;EMC7;FAM98B;GREM1;KATNBL1;LD;RASGRP1;SCG5;SPRED1
Cisticola_juncidis|GCA_013400215.1|ITPR1.0	GCA_013400215.1	Cisticola juncidis	Aves	Passeriformes	ITPR1	0	found_unannotated	informative10	8	8	3	8	8	1	ARL8B;BHLHE40;CNTN4;CRBN;EDEM1;LRRN1;SUMF1;TRNT1
Cisticola_juncidis|GCA_013400215.1|ITPR2.0	GCA_013400215.1	Cisticola juncidis	Aves	Passeriformes	ITPR2	0	found_unannotated	informative10	9	5	6	9	9	1	BHLHE41;ETFRF1;FGFR1OP2;INTS13;KRAS;MED21;RASSF8;SSPN;TM7SF3
Cisticola_juncidis|GCA_013400215.1|ITPR3.0	GCA_013400215.1	Cisticola juncidis	Aves	Passeriformes	ITPR3	0	found_annotated	informative10	5	1	5	5	5	1	BAK1;IP6K3;LEMD2;MLN;PRA1
Cisticola_juncidis|GCA_013400215.1|RYR.0	GCA_013400215.1	Cisticola juncidis	Aves	Passeriformes	RYR	0	found_annotated	informative10	9	0	10	9	9	0	ACTN2;EDARADD;ERO1B;GNG4;GPR137B;HEATR1;LGALS8;LYST;NID1
Cisticola_juncidis|GCA_013400215.1|RYR.1	GCA_013400215.1	Cisticola juncidis	Aves	Passeriformes	RYR	1	found_annotated	informative10	16	10	8	16	16	1	ARHGAP11A;AVEN;CHRM5;EIF2AK4;EMC7;FAM98B;FGL1L;FSIP1;GPR176;GREM1;KATNBL1;RASGRP1;SCG5;SPRED1;SRP14;THBS1
Scytalopus_superciliaris|GCA_013400415.1|ITPR1.0	GCA_013400415.1	Scytalopus superciliaris	Aves	Passeriformes	ITPR1	0	found_annotated	informative10	10	0	13	10	9	1	CHL1;CNTN3;CNTN4;CRBN;IL5RA;LRRN1;PDZRN3;SETMAR;SUMF1;TRNT1
Scytalopus_superciliaris|GCA_013400415.1|ITPR2.0	GCA_013400415.1	Scytalopus superciliaris	Aves	Passeriformes	ITPR2	0	found_unannotated	informative10	0	0	0	0	0	1	
Scytalopus_superciliaris|GCA_013400415.1|ITPR3.0	GCA_013400415.1	Scytalopus superciliaris	Aves	Passeriformes	ITPR3	0	found_annotated	informative10	11	7	6	11	11	1	APOBEC2;BAK1;CD300LG;IP6K3;LEMD2;MLN;NFYA;OARD1;PRA1;TREM2;UQCC2
Scytalopus_superciliaris|GCA_013400415.1|RYR.0	GCA_013400415.1	Scytalopus superciliaris	Aves	Passeriformes	RYR	0	found_unannotated	informative10	10	0	10	10	10	0	CAPN3;CDAN1;HAUS2;LRRC57;RDS2;SNAP23;STARD9;TTBK2;UBR1;ZNF106
Scytalopus_superciliaris|GCA_013400415.1|RYR.1	GCA_013400415.1	Scytalopus superciliaris	Aves	Passeriformes	RYR	1	found_unannotated	informative10	11	11	1	11	11	1	AVEN;BMF;CHRM5;EIF2AK4;EMC7;FSIP1;GPR176;KATNBL1;LD;SRP14;THBS1
Leiothrix_lutea|GCA_013400445.1|ITPR2.0	GCA_013400445.1	Leiothrix lutea	Aves	Passeriformes	ITPR2	0	found_unannotated	informative10	8	5	3	8	8	1	ARNTL2;BHLHE41;FGFR1OP2;INTS13;MED21;RASSF8;SSPN;TM7SF3
Leiothrix_lutea|GCA_013400445.1|ITPR3.0	GCA_013400445.1	Leiothrix lutea	Aves	Passeriformes	ITPR3	0	found_annotated	informative10	6	1	5	6	6	1	BAK1;GRM4;HMGA1;NUDT3;RPS10;SMIM29
Leiothrix_lutea|GCA_013400445.1|RYR.0	GCA_013400445.1	Leiothrix lutea	Aves	Passeriformes	RYR	0	found_unannotated	informative10	1	2	0	1	1	1	MTR
Leiothrix_lutea|GCA_013400445.1|RYR.1	GCA_013400445.1	Leiothrix lutea	Aves	Passeriformes	RYR	1	found_unannotated	informative10	0	0	0	0	0	0	
Leiothrix_lutea|GCA_013400445.1|RYR.2	GCA_013400445.1	Leiothrix lutea	Aves	Passeriformes	RYR	2	found_unannotated	informative10	0	0	0	0	0	0	
Leiothrix_lutea|GCA_013400445.1|RYR.3	GCA_013400445.1	Leiothrix lutea	Aves	Passeriformes	RYR	3	found_unannotated	informative10	9	9	0	9	9	0	AVEN;CHRM5;EIF2AK4;EMC7;FGL1L;GPR176;KATNBL1;SRP14;THBS1
Erpornis_zantholeuca|GCA_013400515.1|ITPR1.0	GCA_013400515.1	Erpornis zantholeuca	Aves	Passeriformes	ITPR1	0	found_annotated	informative10	2	0	2	2	2	1	ARL8BA;EDEM1
Erpornis_zantholeuca|GCA_013400515.1|ITPR2.0	GCA_013400515.1	Erpornis zantholeuca	Aves	Passeriformes	ITPR2	0	found_unannotated	informative10	3	1	3	3	3	1	BHLHE41;INTS13;SSPN
Erpornis_zantholeuca|GCA_013400515.1|ITPR3.0	GCA_013400515.1	Erpornis zantholeuca	Aves	Passeriformes	ITPR3	0	found_annotated	informative10	16	10	7	16	16	1	APOBEC2;BAK1;GRM4;HMGA1;IP6K3;LEMD2;MLN;NFYA;NUDT3;OARD1;PACSIN1;PRA1;RPS10;SNRPC;TREM2;TREML2
Erpornis_zantholeuca|GCA_013400515.1|RYR.0	GCA_013400515.1	Erpornis zantholeuca	Aves	Passeriformes	RYR	0	assembly_gap	informative10	0	0	0	0	0	1	
Erpornis_zantholeuca|GCA_013400515.1|RYR.1	GCA_013400515.1	Erpornis zantholeuca	Aves	Passeriformes	RYR	1	assembly_gap	informative10	0	0	0	0	0	0	
Erpornis_zantholeuca|GCA_013400515.1|RYR.2	GCA_013400515.1	Erpornis zantholeuca	Aves	Passeriformes	RYR	2	assembly_gap	informative10	1	0	1	1	1	0	ACTN4
Erpornis_zantholeuca|GCA_013400515.1|RYR.3	GCA_013400515.1	Erpornis zantholeuca	Aves	Passeriformes	RYR	3	assembly_gap	informative10	0	0	0	0	0	0	
Erpornis_zantholeuca|GCA_013400515.1|RYR.4	GCA_013400515.1	Erpornis zantholeuca	Aves	Passeriformes	RYR	4	assembly_gap	informative10	0	0	0	0	0	0	
Chloropsis_cyanopogon|GCA_013400585.1|ITPR1.0	GCA_013400585.1	Chloropsis cyanopogon	Aves	Passeriformes	ITPR1	0	found_unannotated	informative10	9	9	3	9	9	1	ARL8BA;BHLHE40;CRBN;EDEM1;IL5RA;LRRN1;SETMAR;SUMF1;TRNT1
Chloropsis_cyanopogon|GCA_013400585.1|ITPR2.0	GCA_013400585.1	Chloropsis cyanopogon	Aves	Passeriformes	ITPR2	0	found_unannotated	informative10	6	6	3	6	6	1	BHLHE41;FGFR1OP2;INTS13;MED21;SSPN;TM7SF3
Chloropsis_cyanopogon|GCA_013400585.1|ITPR3.0	GCA_013400585.1	Chloropsis cyanopogon	Aves	Passeriformes	ITPR3	0	found_annotated	informative10	1	1	0	1	1	1	BAK1
Chloropsis_cyanopogon|GCA_013400585.1|RYR.0	GCA_013400585.1	Chloropsis cyanopogon	Aves	Passeriformes	RYR	0	assembly_gap	informative10	0	0	0	0	0	0	
Chloropsis_cyanopogon|GCA_013400585.1|RYR.1	GCA_013400585.1	Chloropsis cyanopogon	Aves	Passeriformes	RYR	1	assembly_gap	informative10	0	0	0	0	0	0	
Chloropsis_cyanopogon|GCA_013400585.1|RYR.2	GCA_013400585.1	Chloropsis cyanopogon	Aves	Passeriformes	RYR	2	assembly_gap	informative10	0	0	0	0	0	1	
Chloropsis_cyanopogon|GCA_013400585.1|RYR.3	GCA_013400585.1	Chloropsis cyanopogon	Aves	Passeriformes	RYR	3	assembly_gap	informative10	0	0	0	0	0	0	
Chloropsis_cyanopogon|GCA_013400585.1|RYR.4	GCA_013400585.1	Chloropsis cyanopogon	Aves	Passeriformes	RYR	4	assembly_gap	informative10	0	0	0	0	0	0	
Hypocryptadius_cinnamomeus|GCA_013400635.1|ITPR3.0	GCA_013400635.1	Hypocryptadius cinnamomeus	Aves	Passeriformes	ITPR3	0	found_annotated	informative10	0	0	0	0	0	1	
Hypocryptadius_cinnamomeus|GCA_013400635.1|RYR.0	GCA_013400635.1	Hypocryptadius cinnamomeus	Aves	Passeriformes	RYR	0	assembly_gap	informative10	0	0	0	0	0	1	
Mystacornis_crossleyi|GCA_013400655.1|ITPR2.0	GCA_013400655.1	Mystacornis crossleyi	Aves	Passeriformes	ITPR2	0	found_annotated	informative10	0	0	0	0	0	1	
Mystacornis_crossleyi|GCA_013400655.1|ITPR2.1	GCA_013400655.1	Mystacornis crossleyi	Aves	Passeriformes	ITPR2	1	found_annotated	informative10	0	0	0	0	0	0	
Mystacornis_crossleyi|GCA_013400655.1|RYR.0	GCA_013400655.1	Mystacornis crossleyi	Aves	Passeriformes	RYR	0	assembly_gap	informative10	0	0	0	0	0	0	
Mystacornis_crossleyi|GCA_013400655.1|RYR.1	GCA_013400655.1	Mystacornis crossleyi	Aves	Passeriformes	RYR	1	assembly_gap	informative10	0	0	0	0	0	1	
Oxylabes_madagascariensis|GCA_013400675.1|ITPR2.0	GCA_013400675.1	Oxylabes madagascariensis	Aves	Passeriformes	ITPR2	0	assembly_gap	informative10	0	0	0	0	0	1	
Oxylabes_madagascariensis|GCA_013400675.1|ITPR2.1	GCA_013400675.1	Oxylabes madagascariensis	Aves	Passeriformes	ITPR2	1	assembly_gap	informative10	0	0	0	0	0	0	
Oxylabes_madagascariensis|GCA_013400675.1|ITPR2.2	GCA_013400675.1	Oxylabes madagascariensis	Aves	Passeriformes	ITPR2	2	assembly_gap	informative10	0	0	0	0	0	0	
Oxylabes_madagascariensis|GCA_013400675.1|ITPR3.0	GCA_013400675.1	Oxylabes madagascariensis	Aves	Passeriformes	ITPR3	0	assembly_gap	informative10	0	0	0	0	0	1	
Oxylabes_madagascariensis|GCA_013400675.1|ITPR3.1	GCA_013400675.1	Oxylabes madagascariensis	Aves	Passeriformes	ITPR3	1	assembly_gap	informative10	0	0	0	0	0	0	
Oxylabes_madagascariensis|GCA_013400675.1|ITPR3.2	GCA_013400675.1	Oxylabes madagascariensis	Aves	Passeriformes	ITPR3	2	assembly_gap	informative10	0	0	0	0	0	0	
Oxylabes_madagascariensis|GCA_013400675.1|RYR.0	GCA_013400675.1	Oxylabes madagascariensis	Aves	Passeriformes	RYR	0	assembly_gap	informative10	0	0	0	0	0	1	
Oxylabes_madagascariensis|GCA_013400675.1|RYR.1	GCA_013400675.1	Oxylabes madagascariensis	Aves	Passeriformes	RYR	1	assembly_gap	informative10	0	0	0	0	0	0	
Oxylabes_madagascariensis|GCA_013400675.1|RYR.2	GCA_013400675.1	Oxylabes madagascariensis	Aves	Passeriformes	RYR	2	assembly_gap	informative10	0	0	0	0	0	0	
Oxylabes_madagascariensis|GCA_013400675.1|RYR.3	GCA_013400675.1	Oxylabes madagascariensis	Aves	Passeriformes	RYR	3	assembly_gap	informative10	0	0	0	0	0	0	
Neodrepanis_coruscans|GCA_013400695.1|ITPR2.0	GCA_013400695.1	Neodrepanis coruscans	Aves	Passeriformes	ITPR2	0	fragment	informative10	0	0	0	0	0	1	
Neodrepanis_coruscans|GCA_013400695.1|ITPR2.1	GCA_013400695.1	Neodrepanis coruscans	Aves	Passeriformes	ITPR2	1	fragment	informative10	0	0	0	0	0	0	
Neodrepanis_coruscans|GCA_013400695.1|ITPR3.0	GCA_013400695.1	Neodrepanis coruscans	Aves	Passeriformes	ITPR3	0	assembly_gap	informative10	0	0	0	0	0	0	
Neodrepanis_coruscans|GCA_013400695.1|ITPR3.1	GCA_013400695.1	Neodrepanis coruscans	Aves	Passeriformes	ITPR3	1	assembly_gap	informative10	0	0	0	0	0	1	
Neodrepanis_coruscans|GCA_013400695.1|ITPR3.2	GCA_013400695.1	Neodrepanis coruscans	Aves	Passeriformes	ITPR3	2	assembly_gap	informative10	0	0	0	0	0	0	
Neodrepanis_coruscans|GCA_013400695.1|ITPR3.3	GCA_013400695.1	Neodrepanis coruscans	Aves	Passeriformes	ITPR3	3	assembly_gap	informative10	0	0	0	0	0	0	
Neodrepanis_coruscans|GCA_013400695.1|RYR.0	GCA_013400695.1	Neodrepanis coruscans	Aves	Passeriformes	RYR	0	assembly_gap	informative10	0	0	0	0	0	1	
Neodrepanis_coruscans|GCA_013400695.1|RYR.1	GCA_013400695.1	Neodrepanis coruscans	Aves	Passeriformes	RYR	1	assembly_gap	informative10	0	0	0	0	0	0	
Pomatostomus_ruficeps|GCA_013400735.1|ITPR2.0	GCA_013400735.1	Pomatostomus ruficeps	Aves	Passeriformes	ITPR2	0	assembly_gap	informative10	4	0	6	4	4	1	FGFR1OP2;INTS13;MED21;TM7SF3
Pomatostomus_ruficeps|GCA_013400735.1|ITPR3.0	GCA_013400735.1	Pomatostomus ruficeps	Aves	Passeriformes	ITPR3	0	found_annotated	informative10	0	0	0	0	0	1	
Pomatostomus_ruficeps|GCA_013400735.1|RYR.0	GCA_013400735.1	Pomatostomus ruficeps	Aves	Passeriformes	RYR	0	assembly_gap	informative10	0	0	0	0	0	1	
Pomatostomus_ruficeps|GCA_013400735.1|RYR.1	GCA_013400735.1	Pomatostomus ruficeps	Aves	Passeriformes	RYR	1	assembly_gap	informative10	0	0	0	0	0	0	
Pomatostomus_ruficeps|GCA_013400735.1|RYR.2	GCA_013400735.1	Pomatostomus ruficeps	Aves	Passeriformes	RYR	2	assembly_gap	informative10	1	0	1	1	1	0	AVEN
Pomatostomus_ruficeps|GCA_013400735.1|RYR.3	GCA_013400735.1	Pomatostomus ruficeps	Aves	Passeriformes	RYR	3	assembly_gap	informative10	0	0	0	0	0	0	
Centropus_bengalensis|GCA_013400815.1|ITPR1.0	GCA_013400815.1	Centropus bengalensis	Aves	Cuculiformes	ITPR1	0	assembly_gap	informative10	8	0	8	8	8	1	CHL1;CNTN4;CRBN;IL5RA;LRRN1;SETMAR;SUMF1;TRNT1
Centropus_bengalensis|GCA_013400815.1|ITPR2.0	GCA_013400815.1	Centropus bengalensis	Aves	Cuculiformes	ITPR2	0	found_unannotated	informative10	4	3	2	4	4	1	BHLHE41;FGFR1OP2;INTS13;SSPN
Centropus_bengalensis|GCA_013400815.1|ITPR3.0	GCA_013400815.1	Centropus bengalensis	Aves	Cuculiformes	ITPR3	0	found_annotated	informative10	6	6	0	6	6	1	GRM4;HMGA1;IP6K3;LEMD2;MLN;PRA1
Centropus_bengalensis|GCA_013400815.1|RYR.0	GCA_013400815.1	Centropus bengalensis	Aves	Cuculiformes	RYR	0	found_annotated	informative10	0	0	0	0	0	1	
Centropus_bengalensis|GCA_013400815.1|RYR.1	GCA_013400815.1	Centropus bengalensis	Aves	Cuculiformes	RYR	1	found_annotated	informative10	11	1	11	11	11	0	AVEN;BMF;CHRM5;EIF2AK4;EMC7;FSIP1;GPR176;KATNBL1;LD;SRP14;THBS1
Buphagus_erythrorhynchus|GCA_013400855.1|ITPR2.0	GCA_013400855.1	Buphagus erythrorhynchus	Aves	Passeriformes	ITPR2	0	assembly_gap	informative10	0	0	0	0	0	1	
Buphagus_erythrorhynchus|GCA_013400855.1|ITPR2.1	GCA_013400855.1	Buphagus erythrorhynchus	Aves	Passeriformes	ITPR2	1	assembly_gap	informative10	0	0	0	0	0	0	
Buphagus_erythrorhynchus|GCA_013400855.1|RYR.0	GCA_013400855.1	Buphagus erythrorhynchus	Aves	Passeriformes	RYR	0	assembly_gap	informative10	0	0	0	0	0	1	
Buphagus_erythrorhynchus|GCA_013400855.1|RYR.1	GCA_013400855.1	Buphagus erythrorhynchus	Aves	Passeriformes	RYR	1	assembly_gap	informative10	0	0	0	0	0	0	
Thalassarche_chlororhynchos|GCA_013400895.1|ITPR1.0	GCA_013400895.1	Thalassarche chlororhynchos	Aves	Procellariiformes	ITPR1	0	found_annotated	informative10	0	0	0	0	0	1	
Thalassarche_chlororhynchos|GCA_013400895.1|ITPR3.0	GCA_013400895.1	Thalassarche chlororhynchos	Aves	Procellariiformes	ITPR3	0	found_annotated	informative10	2	1	2	2	2	1	BAK1;GRM4
Thalassarche_chlororhynchos|GCA_013400895.1|RYR.0	GCA_013400895.1	Thalassarche chlororhynchos	Aves	Procellariiformes	RYR	0	assembly_gap	informative10	0	0	0	0	0	1	
Thalassarche_chlororhynchos|GCA_013400895.1|RYR.1	GCA_013400895.1	Thalassarche chlororhynchos	Aves	Procellariiformes	RYR	1	assembly_gap	informative10	0	0	0	0	0	0	
Pardalotus_punctatus|GCA_013400915.1|ITPR1.0	GCA_013400915.1	Pardalotus punctatus	Aves	Passeriformes	ITPR1	0	assembly_gap	informative10	0	0	0	0	0	1	
Pardalotus_punctatus|GCA_013400915.1|ITPR2.0	GCA_013400915.1	Pardalotus punctatus	Aves	Passeriformes	ITPR2	0	assembly_gap	informative10	0	0	0	0	0	1	
Pardalotus_punctatus|GCA_013400915.1|ITPR2.1	GCA_013400915.1	Pardalotus punctatus	Aves	Passeriformes	ITPR2	1	assembly_gap	informative10	0	0	0	0	0	0	
Pardalotus_punctatus|GCA_013400915.1|ITPR3.0	GCA_013400915.1	Pardalotus punctatus	Aves	Passeriformes	ITPR3	0	assembly_gap	informative10	0	0	0	0	0	1	
Pardalotus_punctatus|GCA_013400915.1|ITPR3.1	GCA_013400915.1	Pardalotus punctatus	Aves	Passeriformes	ITPR3	1	assembly_gap	informative10	1	1	0	1	1	0	UQCC2
Pardalotus_punctatus|GCA_013400915.1|RYR.0	GCA_013400915.1	Pardalotus punctatus	Aves	Passeriformes	RYR	0	found_annotated	informative10	10	0	11	10	10	0	ACTN2;B3GALNT2;EDARADD;ERO1B;GNG4;GPR137B;HEATR1;LYST;NID1;TBCE
Pardalotus_punctatus|GCA_013400915.1|RYR.1	GCA_013400915.1	Pardalotus punctatus	Aves	Passeriformes	RYR	1	found_annotated	informative10	10	10	0	10	10	1	AVEN;CHRM5;EIF2AK4;EMC7;FGL1L;FSIP1;GPR176;KATNBL1;SRP14;THBS1
Drymodes_brunneopygia|GCA_013400955.1|ITPR1.0	GCA_013400955.1	Drymodes brunneopygia	Aves	Passeriformes	ITPR1	0	found_unannotated	informative10	1	0	1	1	1	1	BHLHE40
Drymodes_brunneopygia|GCA_013400955.1|ITPR2.0	GCA_013400955.1	Drymodes brunneopygia	Aves	Passeriformes	ITPR2	0	assembly_gap	informative10	1	0	1	1	1	1	INTS13
Drymodes_brunneopygia|GCA_013400955.1|ITPR3.0	GCA_013400955.1	Drymodes brunneopygia	Aves	Passeriformes	ITPR3	0	found_annotated	informative10	0	0	0	0	0	1	
Drymodes_brunneopygia|GCA_013400955.1|RYR.0	GCA_013400955.1	Drymodes brunneopygia	Aves	Passeriformes	RYR	0	found_annotated	informative10	0	0	0	0	0	1	
Oreotrochilus_melanogaster|GCA_013400995.1|ITPR1.0	GCA_013400995.1	Oreotrochilus melanogaster	Aves	Apodiformes	ITPR1	0	assembly_gap	informative10	0	0	0	0	0	1	
Oreotrochilus_melanogaster|GCA_013400995.1|ITPR1.1	GCA_013400995.1	Oreotrochilus melanogaster	Aves	Apodiformes	ITPR1	1	assembly_gap	informative10	0	0	0	0	0	0	
Oreotrochilus_melanogaster|GCA_013400995.1|ITPR2.0	GCA_013400995.1	Oreotrochilus melanogaster	Aves	Apodiformes	ITPR2	0	found_unannotated	informative10	0	0	0	0	0	1	
Oreotrochilus_melanogaster|GCA_013400995.1|ITPR2.1	GCA_013400995.1	Oreotrochilus melanogaster	Aves	Apodiformes	ITPR2	1	found_unannotated	informative10	0	0	0	0	0	0	
Oreotrochilus_melanogaster|GCA_013400995.1|ITPR3.0	GCA_013400995.1	Oreotrochilus melanogaster	Aves	Apodiformes	ITPR3	0	found_annotated	informative10	1	0	1	1	1	1	UQCC2
Oreotrochilus_melanogaster|GCA_013400995.1|RYR.0	GCA_013400995.1	Oreotrochilus melanogaster	Aves	Apodiformes	RYR	0	assembly_gap	informative10	0	0	0	0	0	0	
Oreotrochilus_melanogaster|GCA_013400995.1|RYR.1	GCA_013400995.1	Oreotrochilus melanogaster	Aves	Apodiformes	RYR	1	assembly_gap	informative10	0	0	0	0	0	0	
Oreotrochilus_melanogaster|GCA_013400995.1|RYR.2	GCA_013400995.1	Oreotrochilus melanogaster	Aves	Apodiformes	RYR	2	assembly_gap	informative10	1	0	1	1	1	1	AVEN
Horornis_vulcanius|GCA_013401035.1|ITPR2.0	GCA_013401035.1	Horornis vulcanius	Aves	Passeriformes	ITPR2	0	assembly_gap	informative10	0	0	0	0	0	1	
Horornis_vulcanius|GCA_013401035.1|ITPR2.1	GCA_013401035.1	Horornis vulcanius	Aves	Passeriformes	ITPR2	1	assembly_gap	informative10	0	0	0	0	0	0	
Horornis_vulcanius|GCA_013401035.1|ITPR2.2	GCA_013401035.1	Horornis vulcanius	Aves	Passeriformes	ITPR2	2	assembly_gap	informative10	0	0	0	0	0	0	
Horornis_vulcanius|GCA_013401035.1|ITPR2.3	GCA_013401035.1	Horornis vulcanius	Aves	Passeriformes	ITPR2	3	assembly_gap	informative10	0	0	0	0	0	0	
Horornis_vulcanius|GCA_013401035.1|ITPR3.0	GCA_013401035.1	Horornis vulcanius	Aves	Passeriformes	ITPR3	0	assembly_gap	informative10	0	0	0	0	0	1	
Horornis_vulcanius|GCA_013401035.1|ITPR3.1	GCA_013401035.1	Horornis vulcanius	Aves	Passeriformes	ITPR3	1	assembly_gap	informative10	0	0	0	0	0	0	
Horornis_vulcanius|GCA_013401035.1|RYR.0	GCA_013401035.1	Horornis vulcanius	Aves	Passeriformes	RYR	0	assembly_gap	informative10	0	0	0	0	0	1	
Horornis_vulcanius|GCA_013401035.1|RYR.1	GCA_013401035.1	Horornis vulcanius	Aves	Passeriformes	RYR	1	assembly_gap	informative10	0	0	0	0	0	0	
Pomatorhinus_ruficollis|GCA_013401195.1|ITPR2.0	GCA_013401195.1	Pomatorhinus ruficollis	Aves	Passeriformes	ITPR2	0	found_unannotated	informative10	6	3	4	6	6	1	BHLHE41;FGFR1OP2;INTS13;MED21;SSPN;TM7SF3
Pomatorhinus_ruficollis|GCA_013401195.1|RYR.0	GCA_013401195.1	Pomatorhinus ruficollis	Aves	Passeriformes	RYR	0	found_annotated	informative10	10	11	0	10	10	1	ACTN2;EDARADD;GGPS1;GNG4;GPR137B;HEATR1;LGALS8;LYST;NID1;TBCE
Pomatorhinus_ruficollis|GCA_013401195.1|RYR.1	GCA_013401195.1	Pomatorhinus ruficollis	Aves	Passeriformes	RYR	1	found_annotated	informative10	18	10	10	18	18	0	ARHGAP11A;AVEN;CHRM5;EIF2AK4;EMC7;FAM98B;FGL1L;FSIP1;GPR176;GREM1;KATNBL1;LD;ODF3;RASGRP1;SCG5;SPRED1;SRP14;THBS1
Atlantisia_rogersi|GCA_013401215.1|ITPR1.0	GCA_013401215.1	Atlantisia rogersi	Aves	Gruiformes	ITPR1	0	assembly_gap	informative10	0	0	0	0	0	1	
Atlantisia_rogersi|GCA_013401215.1|ITPR1.1	GCA_013401215.1	Atlantisia rogersi	Aves	Gruiformes	ITPR1	1	assembly_gap	informative10	0	0	0	0	0	0	
Atlantisia_rogersi|GCA_013401215.1|ITPR2.0	GCA_013401215.1	Atlantisia rogersi	Aves	Gruiformes	ITPR2	0	assembly_gap	informative10	0	0	0	0	0	1	
Atlantisia_rogersi|GCA_013401215.1|ITPR3.0	GCA_013401215.1	Atlantisia rogersi	Aves	Gruiformes	ITPR3	0	assembly_gap	informative10	0	0	0	0	0	1	
Atlantisia_rogersi|GCA_013401215.1|ITPR3.1	GCA_013401215.1	Atlantisia rogersi	Aves	Gruiformes	ITPR3	1	assembly_gap	informative10	0	0	0	0	0	0	
Atlantisia_rogersi|GCA_013401215.1|ITPR3.2	GCA_013401215.1	Atlantisia rogersi	Aves	Gruiformes	ITPR3	2	assembly_gap	informative10	1	1	0	1	1	0	UQCC2
Atlantisia_rogersi|GCA_013401215.1|RYR.0	GCA_013401215.1	Atlantisia rogersi	Aves	Gruiformes	RYR	0	assembly_gap	informative10	0	0	0	0	0	1	
Atlantisia_rogersi|GCA_013401215.1|RYR.1	GCA_013401215.1	Atlantisia rogersi	Aves	Gruiformes	RYR	1	assembly_gap	informative10	1	1	0	1	1	0	AVEN
Atlantisia_rogersi|GCA_013401215.1|RYR.2	GCA_013401215.1	Atlantisia rogersi	Aves	Gruiformes	RYR	2	assembly_gap	informative10	0	0	0	0	0	0	
Atlantisia_rogersi|GCA_013401215.1|RYR.3	GCA_013401215.1	Atlantisia rogersi	Aves	Gruiformes	RYR	3	assembly_gap	informative10	0	0	0	0	0	0	
Urocolius_indicus|GCA_013401255.1|ITPR1.0	GCA_013401255.1	Urocolius indicus	Aves	Coliiformes	ITPR1	0	found_unannotated	informative10	5	2	4	5	5	1	ARL8B;BHLHE40;EDEM1;SETMAR;SUMF1
Urocolius_indicus|GCA_013401255.1|ITPR2.0	GCA_013401255.1	Urocolius indicus	Aves	Coliiformes	ITPR2	0	assembly_gap	informative10	3	3	0	3	3	1	BHLHE41;RASSF8;SSPN
Urocolius_indicus|GCA_013401255.1|ITPR3.0	GCA_013401255.1	Urocolius indicus	Aves	Coliiformes	ITPR3	0	assembly_gap	informative10	1	2	0	1	1	1	BAK1
Urocolius_indicus|GCA_013401255.1|RYR.0	GCA_013401255.1	Urocolius indicus	Aves	Coliiformes	RYR	0	found_annotated	informative10	0	1	0	0	0	0	
Urocolius_indicus|GCA_013401255.1|RYR.1	GCA_013401255.1	Urocolius indicus	Aves	Coliiformes	RYR	1	found_annotated	informative10	4	1	3	4	4	1	AVEN;GREM1;LD;SCG5
Glareola_pratincola|GCA_013401295.1|ITPR1.0	GCA_013401295.1	Glareola pratincola	Aves	Charadriiformes	ITPR1	0	found_unannotated	informative10	2	0	2	2	2	1	SETMAR;SUMF1
Glareola_pratincola|GCA_013401295.1|ITPR2.0	GCA_013401295.1	Glareola pratincola	Aves	Charadriiformes	ITPR2	0	found_unannotated	informative10	0	0	0	0	0	1	
Glareola_pratincola|GCA_013401295.1|ITPR2.1	GCA_013401295.1	Glareola pratincola	Aves	Charadriiformes	ITPR2	1	found_unannotated	informative10	1	0	1	1	1	0	SSPN
Glareola_pratincola|GCA_013401295.1|ITPR3.0	GCA_013401295.1	Glareola pratincola	Aves	Charadriiformes	ITPR3	0	assembly_gap	informative10	4	4	0	4	4	1	IP6K3;LEMD2;MLN;UQCC2
Glareola_pratincola|GCA_013401295.1|ITPR3.1	GCA_013401295.1	Glareola pratincola	Aves	Charadriiformes	ITPR3	1	assembly_gap	informative10	3	0	4	3	3	0	APOBEC2;BAK1;OARD1
Glareola_pratincola|GCA_013401295.1|RYR.0	GCA_013401295.1	Glareola pratincola	Aves	Charadriiformes	RYR	0	found_annotated	informative10	10	11	0	10	10	0	ACTN2;B3GALNT2;EDARADD;ERO1B;GNG4;GPR137B;HEATR1;LGALS8;LYST;NID1
Glareola_pratincola|GCA_013401295.1|RYR.1	GCA_013401295.1	Glareola pratincola	Aves	Charadriiformes	RYR	1	found_annotated	informative10	7	4	4	7	7	1	ARHGAP11A;AVEN;CHRM5;EMC7;GREM1;LD;SCG5
Balaeniceps_rex|GCA_013401315.1|ITPR1.0	GCA_013401315.1	Balaeniceps rex	Aves	Pelecaniformes	ITPR1	0	found_unannotated	informative10	0	0	0	0	0	1	
Balaeniceps_rex|GCA_013401315.1|ITPR2.0	GCA_013401315.1	Balaeniceps rex	Aves	Pelecaniformes	ITPR2	0	assembly_gap	informative10	0	0	0	0	0	1	
Balaeniceps_rex|GCA_013401315.1|ITPR3.0	GCA_013401315.1	Balaeniceps rex	Aves	Pelecaniformes	ITPR3	0	found_annotated	informative10	1	1	0	1	1	1	GRM4
Balaeniceps_rex|GCA_013401315.1|RYR.0	GCA_013401315.1	Balaeniceps rex	Aves	Pelecaniformes	RYR	0	assembly_gap	informative10	0	0	0	0	0	0	
Balaeniceps_rex|GCA_013401315.1|RYR.1	GCA_013401315.1	Balaeniceps rex	Aves	Pelecaniformes	RYR	1	assembly_gap	informative10	0	0	0	0	0	1	
Ceyx_cyanopectus|GCA_013401355.1|ITPR1.0	GCA_013401355.1	Ceyx cyanopectus	Aves	Coraciiformes	ITPR1	0	assembly_gap	informative10	0	0	0	0	0	1	
Ceyx_cyanopectus|GCA_013401355.1|ITPR2.0	GCA_013401355.1	Ceyx cyanopectus	Aves	Coraciiformes	ITPR2	0	found_unannotated	informative10	0	0	0	0	0	1	
Ceyx_cyanopectus|GCA_013401355.1|RYR.0	GCA_013401355.1	Ceyx cyanopectus	Aves	Coraciiformes	RYR	0	assembly_gap	informative10	0	0	0	0	0	1	
Ceyx_cyanopectus|GCA_013401355.1|RYR.1	GCA_013401355.1	Ceyx cyanopectus	Aves	Coraciiformes	RYR	1	assembly_gap	informative10	0	0	0	0	0	0	
Nibea_albiflora|GCA_014281875.1|ITPR1.0	GCA_014281875.1	Nibea albiflora	Actinopteri		ITPR1	0	found_annotated	informative10	20	11	10	20	20	1	CREB1.3;DNAJB9.2;ENDOU;ESPL1;ESPL1.2;ESYT1;FAIM2.2;GPR84.2;LRRN1.2;METTL7A;NR1D2.2;PFKM;RARB;RBMS2;SNX6.2;SUMF1;TSFM;TSFM.2;TTLL3.2;ZC3H10
Nibea_albiflora|GCA_014281875.1|ITPR1.1	GCA_014281875.1	Nibea albiflora	Actinopteri		ITPR1	1	found_annotated	informative10	20	13	10	20	20	0	ACAD9;ACAD9.2;ARL6IP5.2;ARO1;COMT;FBLN2;GRM7.10;HDAC11.2;IQSEC2;LRRN1;LXR1;MBD1;MITF;MST1R;SAND;SAND.2;SETMAR;TRAIP;TRNT1.3;WNT7A
Nibea_albiflora|GCA_014281875.1|ITPR2.0	GCA_014281875.1	Nibea albiflora	Actinopteri		ITPR2	0	found_unannotated	informative10	20	13	13	20	20	1	ARNTL2;BANP;BHLHE41;CIB1;EEA1;ENDOUC;GCIP;GDPGP1;MUC1.2;NR1H4;POLR3B;PPFIBP1.2;RAG1;RASSF8;RCCD1;RIC8B;SIRT3;SLC17A8;TTN.14;TVP23A
Nibea_albiflora|GCA_014281875.1|ITPR3.0	GCA_014281875.1	Nibea albiflora	Actinopteri		ITPR3	0	found_annotated	informative10	20	11	19	20	19	1	ABHD11;ABT1;ARHGEF2.3;ARL8A;CRAM.4;EMC3.2;GON4L.2;GRM6;HCFC1.2;HCFC1.3;IQSEC2.2;MAP4;MECP2;NSMCE3;PLXNA3;PMVK;RAD51C;SLC6A8.2;SRPK3.3;ST14.3
Nibea_albiflora|GCA_014281875.1|ITPR3.1	GCA_014281875.1	Nibea albiflora	Actinopteri		ITPR3	1	found_annotated	informative10	0	0	1	0	0	0	
Nibea_albiflora|GCA_014281875.1|RYR.0	GCA_014281875.1	Nibea albiflora	Actinopteri		RYR	0	found_unannotated	informative10	20	11	18	20	20	1	ACBD5;ADO.2;ARID5B.5;CASKIN2.2;CYP26A1;EGR2B.2;EME1;EXOC6;HHEX;JMJD1C;LRRC45;METTL9;NHLRC3;REEP3;SLC1A1.4;TDRKH;TMEM94;TRUB1;WDR45B.3;ZFP2.3
Nibea_albiflora|GCA_014281875.1|RYR.1	GCA_014281875.1	Nibea albiflora	Actinopteri		RYR	1	found_unannotated	informative10	20	10	10	20	18	0	CLDN3.4;CLDN4.20;CLDN4.21;CLDN4.23;CYP2A13;CYP2F3;CYP2G1;EXOSC5;GAB2.2;GCGR.2;OPA3;PGR;PPP1R13L;PPP5C;PRCP;RASGRP1.2;SYNDIG1.2;TENM1;THAP5.2;TRPC6
Nibea_albiflora|GCA_014281875.1|RYR.2	GCA_014281875.1	Nibea albiflora	Actinopteri		RYR	2	found_unannotated	informative10	20	11	11	20	20	0	ADGRG2;AMER2;BRD8;CXXC5;DLAT;DNAJB14;GABRR3;IGSF11;LIPH;NFRKB;NRG2;NRXN2;PCYT1B;PDHA1;PHLDB2;PPP3CA;SKA2;SMS;TMEM45B.2;ZDHHC2
Nibea_albiflora|GCA_014281875.1|RYR.3	GCA_014281875.1	Nibea albiflora	Actinopteri		RYR	3	found_unannotated	informative10	20	11	12	20	20	0	ACP7;ADGRG2.2;BMF;CHRM5;CYP1B1;CYP1B1.2;DNAJC17;DPF3;EIF2AK4;EIF2AK4.2;FMN1;GCHFR;GPX2;GREM1;KATNBL1;MAX;RAB15;RASGRP1;RGS6;RHOU
Nibea_albiflora|GCA_014281875.1|RYR.4	GCA_014281875.1	Nibea albiflora	Actinopteri		RYR	4	found_unannotated	informative10	20	14	15	20	20	0	ADGRG4.2;AK7.2;ARHGAP11B;AVEN;CHRM5.2;DLGAP2.6;EMC7;FNTB;HECA;KATNBL1.2;LAMA2;MTIF3;NMBR;RGS6.2;RNGTT.5;SAYSD1;SCG5;SOX11-A.2;SPECC1L.2;TXLNB.4
Nibea_albiflora|GCA_014281875.1|RYR.5	GCA_014281875.1	Nibea albiflora	Actinopteri		RYR	5	found_unannotated	informative10	20	18	10	20	20	0	ACTN2;AKT3;ANK3.2;BICC1-B;BORA.2;CCDC6;CCSER2;CHRM3;DACH1.2;ECD;FAM13C;FMN2;GRID1;HTRA1A;IL22RA2;MZT1;PCNX2;PLEKHA1;SLC16A9;ZBTB18
Sylvia_borin|GCA_014839755.1|ITPR1.0	GCA_014839755.1	Sylvia borin	Aves	Passeriformes	ITPR1	0	found_annotated	informative10	20	10	13	20	20	1	ARL8B;BHLHE40;CAV3;CHL1;CNTN3;CRBN;EDEM1;GRM7;GXYLT2;IL5RA;LMCD1;LRRN1;OXTR;PDZRN3;PPP4R2;RAD18;SRGAP3;SUMF1;THUMPD3;TRNT1
Sylvia_borin|GCA_014839755.1|ITPR2.0	GCA_014839755.1	Sylvia borin	Aves	Passeriformes	ITPR2	0	found_annotated	informative10	20	13	11	20	20	1	ARFGAP3;BHLHE41;BMAL2;DNAI7;DYRK4;ETFRF1;FERRY3;FGFR1OP2;INTS13;KRAS;MED21;NINJ2;PPFIBP1;RAD51AP1;RASSF8;REP15;SSPN;STK38L;TM7SF3;WNK1
Sylvia_borin|GCA_014839755.1|ITPR3.0	GCA_014839755.1	Sylvia borin	Aves	Passeriformes	ITPR3	0	found_annotated	informative10	20	12	12	20	20	1	APOBEC2;BAK1;FOXP4;FRS3;GRM4;HMGA1;ILRUN;LEMD2;MDFI;MLN;NFYA;NUDT3;OARD1;PACSIN1;PGC;SMIM29;SNRPC;SPDEF;TFEB;TSPO2
Sylvia_borin|GCA_014839755.1|RYR.0	GCA_014839755.1	Sylvia borin	Aves	Passeriformes	RYR	0	found_annotated	informative10	20	10	11	20	20	1	ACTN2;CHRM3;EDARADD;ERO1B;EXO1;FMN2;GNG4;GPR137B;GREM2;HEATR1;LGALS8;LYST;MAP1LC3C;MTR;NID1;OPN3;PIGM;PPIL4;RGS7;WDR64
Sylvia_borin|GCA_014839755.1|RYR.1	GCA_014839755.1	Sylvia borin	Aves	Passeriformes	RYR	1	found_annotated	informative10	7	2	6	7	7	0	ACTN4;CKM;EIF3K;ERCC2;PLD3;PPP1R14A;SPINT2
Sylvia_borin|GCA_014839755.1|RYR.2	GCA_014839755.1	Sylvia borin	Aves	Passeriformes	RYR	2	found_annotated	informative10	20	13	11	20	20	0	ARHGAP11A;AVEN;BMF;CDIN1;CHRM5;DPH6;EIF2AK4;EMC7;FAM98B;FMN1;FSIP1;GPR176;GREM1;KATNBL1;MEIS2;RASGRP1;SCG5;SPRED1;SRP14;THBS1
Lamprotornis_superbus|GCA_015883425.2|ITPR1.0	GCA_015883425.2	Lamprotornis superbus	Aves	Passeriformes	ITPR1	0	found_annotated	informative10	0	60	23	0	0	1	
Lamprotornis_superbus|GCA_015883425.2|ITPR2.0	GCA_015883425.2	Lamprotornis superbus	Aves	Passeriformes	ITPR2	0	found_annotated	informative10	0	60	60	0	0	1	
Lamprotornis_superbus|GCA_015883425.2|ITPR3.0	GCA_015883425.2	Lamprotornis superbus	Aves	Passeriformes	ITPR3	0	found_annotated	informative10	0	60	60	0	0	1	
Lamprotornis_superbus|GCA_015883425.2|RYR.0	GCA_015883425.2	Lamprotornis superbus	Aves	Passeriformes	RYR	0	found_annotated	informative10	0	60	60	0	0	1	
Lamprotornis_superbus|GCA_015883425.2|RYR.1	GCA_015883425.2	Lamprotornis superbus	Aves	Passeriformes	RYR	1	found_annotated	informative10	0	60	60	0	0	0	
Aplochiton_taeniatus|GCA_017639675.1|ITPR1.0	GCA_017639675.1	Aplochiton taeniatus	Actinopteri	Galaxiiformes	ITPR1	0	found_annotated	informative10	20	14	20	20	20	1	ATF1;ATF7B;CTSZ;DIP2B;ESPL1;ESYT1B;GPR25;ITGB7;LARP4A;LRRN1;NELFCD;NPEPL1;PFDN5;SCN8A;SLC4A8;STX16;SUMF1;TTLL3;ZC3H10;ZNF740A
Aplochiton_taeniatus|GCA_017639675.1|ITPR2.0	GCA_017639675.1	Aplochiton taeniatus	Actinopteri	Galaxiiformes	ITPR2	0	found_annotated	informative10	20	11	11	20	20	1	BANP;BHLHE41;BMAL2;C1QTNF13;CES2B;EEA1;FANCI;FBXO31;GANC;KRAS;NR1H4;NUDT4A;PLEKHG7;POLG;PPFIBP1B;RASSF8A;RHCG;SLC17A8;UBE2N;ZNF469
Aplochiton_taeniatus|GCA_017639675.1|ITPR3.0	GCA_017639675.1	Aplochiton taeniatus	Actinopteri	Galaxiiformes	ITPR3	0	found_annotated	informative10	20	17	14	20	20	1	BAMBI;CXXC1A;EDEM2;FGD1;GRM6A;HM13;JCAD;LAMA5;MAP3K8;MBD1A;MPP7A;MRGBP;MTPAP;PLXNB3;SNX21;SRMS;SRPK3;TFE3A;TSR2;WACA
Aplochiton_taeniatus|GCA_017639675.1|RYR.0	GCA_017639675.1	Aplochiton taeniatus	Actinopteri	Galaxiiformes	RYR	0	found_annotated	informative10	15	12	6	15	15	1	ADOA;ANK3B;ARID5B;CHRM3B;DPYSL4;EBF3A;EGR2B;FH;FMN2B;GLRX3;JAKMIP3;MTR;RGS7B;RHOBTB1;TCERG1L
Aplochiton_taeniatus|GCA_017639675.1|RYR.1	GCA_017639675.1	Aplochiton taeniatus	Actinopteri	Galaxiiformes	RYR	1	found_annotated	informative10	20	28	10	20	19	0	AXL;B3GNT2L;BCKDH;BICR;CARMIL1;COL14A1B;ENPP2L;EXOSC5;HNRNPUL1;NAPA;NDUFB9;OPA3;PPP1R13L;PPP5C;RASGRP4;RNF139;TATDN1;TGFB1A;TMEM65;TMEM91
Aplochiton_taeniatus|GCA_017639675.1|RYR.2	GCA_017639675.1	Aplochiton taeniatus	Actinopteri	Galaxiiformes	RYR	2	found_annotated	informative10	18	15	9	18	18	0	ARRB1;ATG16L2;BCAS3;CTSC;DNER;DYNC2H1;FZD4;GRIA4A;GRM5B;IL10R;MRE11A;PDGFD;PID1;RAB38A;RASA2;TMPRSS4A;TRIP12;WDR62
Aplochiton_taeniatus|GCA_017639675.1|RYR.3	GCA_017639675.1	Aplochiton taeniatus	Actinopteri	Galaxiiformes	RYR	3	found_annotated	informative10	20	18	14	20	20	0	ACP7;ADSS1;AREL1;BUB1B;CEP170B;GPX2;LIN52;PAK6;PCGF6;PLD4;POMT2;PPP1R14D;SIVA1;SPINT1A;SRP14;THBS1A;VSX2;XGB;ZBTB42;ZFYVE19
Aplochiton_taeniatus|GCA_017639675.1|RYR.4	GCA_017639675.1	Aplochiton taeniatus	Actinopteri	Galaxiiformes	RYR	4	found_annotated	informative10	20	14	12	20	20	0	ACTC1A;AKR1A1A;AVEN;BCL11B;CCDC85C;CCNK;CHRM5B;DNAJB5;EPG5;ERAP2;FMN1;GREM1A;ISM2B;LNPEP;RGMB;RIOK2;SCG5;SLC14A2;SNW1;SPTLC2B
Aplochiton_taeniatus|GCA_017639675.1|RYR.5	GCA_017639675.1	Aplochiton taeniatus	Actinopteri	Galaxiiformes	RYR	5	found_annotated	informative10	20	21	15	20	20	0	ACTN2B;BORA;CALHM3;CHRNA1;DACHC;FGFBP3;FMN2A;FTR14L;GREM2B;HECTD2;HELLS;MARCHF4A;MZT1;PCCA;STOX1;TM9SF2;TMEM41A;UBAC2;VPS8;WAPL
Hymenochirus_boettgeri|GCA_019447015.1|ITPR1.0	GCA_019447015.1	Hymenochirus boettgeri	Amphibia	Anura	ITPR1	0	found_annotated	informative10	0	60	60	0	0	1	
Hymenochirus_boettgeri|GCA_019447015.1|ITPR2.0	GCA_019447015.1	Hymenochirus boettgeri	Amphibia	Anura	ITPR2	0	found_annotated	informative10	0	60	60	0	0	1	
Hymenochirus_boettgeri|GCA_019447015.1|ITPR3.0	GCA_019447015.1	Hymenochirus boettgeri	Amphibia	Anura	ITPR3	0	found_unannotated	informative10	0	60	60	0	0	1	
Hymenochirus_boettgeri|GCA_019447015.1|RYR.0	GCA_019447015.1	Hymenochirus boettgeri	Amphibia	Anura	RYR	0	found_annotated	informative10	0	60	60	0	0	1	
Hymenochirus_boettgeri|GCA_019447015.1|RYR.1	GCA_019447015.1	Hymenochirus boettgeri	Amphibia	Anura	RYR	1	found_annotated	informative10	0	60	60	0	0	0	
Albula_goreensis|GCA_022829145.1|ITPR1.0	GCA_022829145.1	Albula goreensis	Actinopteri	Albuliformes	ITPR1	0	found_annotated	informative10	0	60	60	0	0	1	
Albula_goreensis|GCA_022829145.1|ITPR1.1	GCA_022829145.1	Albula goreensis	Actinopteri	Albuliformes	ITPR1	1	found_annotated	informative10	0	60	60	0	0	0	
Albula_goreensis|GCA_022829145.1|ITPR2.0	GCA_022829145.1	Albula goreensis	Actinopteri	Albuliformes	ITPR2	0	found_annotated	informative10	0	60	60	0	0	1	
Albula_goreensis|GCA_022829145.1|ITPR3.0	GCA_022829145.1	Albula goreensis	Actinopteri	Albuliformes	ITPR3	0	found_annotated	informative10	0	60	56	0	0	1	
Albula_goreensis|GCA_022829145.1|RYR.0	GCA_022829145.1	Albula goreensis	Actinopteri	Albuliformes	RYR	0	found_annotated	informative10	0	60	60	0	0	1	
Albula_goreensis|GCA_022829145.1|RYR.1	GCA_022829145.1	Albula goreensis	Actinopteri	Albuliformes	RYR	1	found_annotated	informative10	0	60	60	0	0	0	
Albula_goreensis|GCA_022829145.1|RYR.2	GCA_022829145.1	Albula goreensis	Actinopteri	Albuliformes	RYR	2	found_annotated	informative10	0	60	60	0	0	0	
Albula_goreensis|GCA_022829145.1|RYR.3	GCA_022829145.1	Albula goreensis	Actinopteri	Albuliformes	RYR	3	found_annotated	informative10	0	60	60	0	0	0	
Albula_goreensis|GCA_022829145.1|RYR.4	GCA_022829145.1	Albula goreensis	Actinopteri	Albuliformes	RYR	4	found_annotated	informative10	0	60	60	0	0	0	
Chaenocephalus_aceratus|GCA_023974075.1|ITPR1.0	GCA_023974075.1	Chaenocephalus aceratus	Actinopteri	Perciformes	ITPR1	0	found_annotated	informative10	0	60	60	0	0	1	
Chaenocephalus_aceratus|GCA_023974075.1|ITPR1.1	GCA_023974075.1	Chaenocephalus aceratus	Actinopteri	Perciformes	ITPR1	1	found_annotated	informative10	0	60	60	0	0	0	
Chaenocephalus_aceratus|GCA_023974075.1|ITPR2.0	GCA_023974075.1	Chaenocephalus aceratus	Actinopteri	Perciformes	ITPR2	0	found_annotated	informative10	0	60	60	0	0	1	
Chaenocephalus_aceratus|GCA_023974075.1|ITPR3.0	GCA_023974075.1	Chaenocephalus aceratus	Actinopteri	Perciformes	ITPR3	0	fragment	informative10	0	0	4	0	0	1	
Chaenocephalus_aceratus|GCA_023974075.1|RYR.0	GCA_023974075.1	Chaenocephalus aceratus	Actinopteri	Perciformes	RYR	0	found_unannotated	informative10	0	60	22	0	0	1	
Chaenocephalus_aceratus|GCA_023974075.1|RYR.1	GCA_023974075.1	Chaenocephalus aceratus	Actinopteri	Perciformes	RYR	1	found_unannotated	informative10	0	60	60	0	0	0	
Chaenocephalus_aceratus|GCA_023974075.1|RYR.2	GCA_023974075.1	Chaenocephalus aceratus	Actinopteri	Perciformes	RYR	2	found_unannotated	informative10	0	60	60	0	0	0	
Chaenocephalus_aceratus|GCA_023974075.1|RYR.3	GCA_023974075.1	Chaenocephalus aceratus	Actinopteri	Perciformes	RYR	3	found_unannotated	informative10	0	60	60	0	0	0	
Chaenocephalus_aceratus|GCA_023974075.1|RYR.4	GCA_023974075.1	Chaenocephalus aceratus	Actinopteri	Perciformes	RYR	4	found_unannotated	informative10	0	60	60	0	0	0	
Chaenocephalus_aceratus|GCA_023974075.1|RYR.5	GCA_023974075.1	Chaenocephalus aceratus	Actinopteri	Perciformes	RYR	5	found_unannotated	informative10	0	60	60	0	0	0	
Muraenolepis_orangiensis|GCA_027704905.1|ITPR1.0	GCA_027704905.1	Muraenolepis orangiensis	Actinopteri	Gadiformes	ITPR1	0	found_annotated	informative10	0	60	60	0	0	1	
Muraenolepis_orangiensis|GCA_027704905.1|ITPR1.1	GCA_027704905.1	Muraenolepis orangiensis	Actinopteri	Gadiformes	ITPR1	1	found_annotated	informative10	0	60	60	0	0	0	
Muraenolepis_orangiensis|GCA_027704905.1|ITPR2.0	GCA_027704905.1	Muraenolepis orangiensis	Actinopteri	Gadiformes	ITPR2	0	found_annotated	informative10	0	60	60	0	0	1	
Muraenolepis_orangiensis|GCA_027704905.1|ITPR3.0	GCA_027704905.1	Muraenolepis orangiensis	Actinopteri	Gadiformes	ITPR3	0	found_annotated	informative10	0	60	60	0	0	1	
Muraenolepis_orangiensis|GCA_027704905.1|RYR.0	GCA_027704905.1	Muraenolepis orangiensis	Actinopteri	Gadiformes	RYR	0	found_annotated	informative10	0	60	60	0	0	1	
Muraenolepis_orangiensis|GCA_027704905.1|RYR.1	GCA_027704905.1	Muraenolepis orangiensis	Actinopteri	Gadiformes	RYR	1	found_annotated	informative10	0	60	15	0	0	0	
Muraenolepis_orangiensis|GCA_027704905.1|RYR.2	GCA_027704905.1	Muraenolepis orangiensis	Actinopteri	Gadiformes	RYR	2	found_annotated	informative10	0	60	60	0	0	0	
Muraenolepis_orangiensis|GCA_027704905.1|RYR.3	GCA_027704905.1	Muraenolepis orangiensis	Actinopteri	Gadiformes	RYR	3	found_annotated	informative10	0	60	60	0	0	0	
Muraenolepis_orangiensis|GCA_027704905.1|RYR.4	GCA_027704905.1	Muraenolepis orangiensis	Actinopteri	Gadiformes	RYR	4	found_annotated	informative10	0	54	60	0	0	0	
Muraenolepis_orangiensis|GCA_027704905.1|RYR.5	GCA_027704905.1	Muraenolepis orangiensis	Actinopteri	Gadiformes	RYR	5	found_annotated	informative10	0	35	60	0	0	0	
Heterohyrax_brucei|GCA_028571685.1|ITPR1.0	GCA_028571685.1	Heterohyrax brucei	Mammalia	Hyracoidea	ITPR1	0	found_annotated	informative10	20	10	11	20	18	1	ARL8B;BHLHE40;CAV3;CHL1;CNTN3;CNTN4;CNTN6;CRBN;EDEM1;GRM7;IL5RA;LMCD1;LRRN1;OXTR;PDZRN3;RAD18;SRGAP3;SSUH2;SUMF1;TRNT1
Heterohyrax_brucei|GCA_028571685.1|ITPR2.0	GCA_028571685.1	Heterohyrax brucei	Mammalia	Hyracoidea	ITPR2	0	found_annotated	informative10	20	10	11	20	20	1	BCAT1;BHLHE41;BMAL2;DNAI7;ETFRF1;ETNK1;FGFR1OP2;INTS13;IRAG2;KRAS;MANSC4;MED21;MRPS35;PPFIBP1;RASSF8;REP15;SOX5;SSPN;STK38L;TM7SF3
Heterohyrax_brucei|GCA_028571685.1|ITPR3.0	GCA_028571685.1	Heterohyrax brucei	Mammalia	Hyracoidea	ITPR3	0	found_annotated	informative10	20	11	11	20	18	1	BAK1;BLTP3A;CUTA;DAXX;GRM4;HMGA1;ILRUN;KIFC1;PACSIN1;PHF1;RPS10;SMIM29;SMIM40;SNRPC;SPDEF;SYNGAP1;TAF11;TAPBP;ZBTB22;ZBTB9
Heterohyrax_brucei|GCA_028571685.1|RYR.0	GCA_028571685.1	Heterohyrax brucei	Mammalia	Hyracoidea	RYR	0	found_annotated	informative10	20	10	10	20	20	1	ACTN2;CHML;CHRM3;EDARADD;ERO1B;EXO1;FH;GNG4;GPR137B;GREM2;HEATR1;KMO;LGALS8;LYST;MTR;NID1;OPN3;RGS7;WDR64;ZP4
Heterohyrax_brucei|GCA_028571685.1|RYR.1	GCA_028571685.1	Heterohyrax brucei	Mammalia	Hyracoidea	RYR	1	found_annotated	informative10	20	13	11	20	19	0	ACTN4;CAPN12;CATSPERG;EIF3K;FAM98C;GGN;HNRNPL;KCNK6;LGALS4;LGALS7;MAP4K1;NFKBIB;PPP1R14A;PSMD8;RASGRP4;RINL;SIRT2;SPINT2;SPRED3;YIF1B
Heterohyrax_brucei|GCA_028571685.1|RYR.2	GCA_028571685.1	Heterohyrax brucei	Mammalia	Hyracoidea	RYR	2	found_annotated	informative10	20	13	40	20	19	0	ACTC1;AQR;AVEN;CDIN1;CHRM5;DPH6;EMC4;EMC7;FMN1;GJD2;GREM1;KATNBL1;LPCAT4;MEIS2;NOP10;NUTM1;OR4K14;SLC12A6;TMCO5A;ZNF770
Aldrovandia_affinis|GCA_029706075.1|ITPR1.0	GCA_029706075.1	Aldrovandia affinis	Actinopteri	Notacanthiformes	ITPR1	0	found_annotated	informative10	0	60	10	0	0	0	
Aldrovandia_affinis|GCA_029706075.1|ITPR1.1	GCA_029706075.1	Aldrovandia affinis	Actinopteri	Notacanthiformes	ITPR1	1	found_annotated	informative10	0	60	60	0	0	1	
Aldrovandia_affinis|GCA_029706075.1|ITPR2.0	GCA_029706075.1	Aldrovandia affinis	Actinopteri	Notacanthiformes	ITPR2	0	found_annotated	informative10	0	60	60	0	0	1	
Aldrovandia_affinis|GCA_029706075.1|ITPR3.0	GCA_029706075.1	Aldrovandia affinis	Actinopteri	Notacanthiformes	ITPR3	0	found_annotated	informative10	0	11	55	0	0	1	
Aldrovandia_affinis|GCA_029706075.1|RYR.0	GCA_029706075.1	Aldrovandia affinis	Actinopteri	Notacanthiformes	RYR	0	found_unannotated	informative10	0	1	60	0	0	1	
Aldrovandia_affinis|GCA_029706075.1|RYR.1	GCA_029706075.1	Aldrovandia affinis	Actinopteri	Notacanthiformes	RYR	1	found_unannotated	informative10	0	44	60	0	0	0	
Aldrovandia_affinis|GCA_029706075.1|RYR.2	GCA_029706075.1	Aldrovandia affinis	Actinopteri	Notacanthiformes	RYR	2	found_unannotated	informative10	0	0	1	0	0	0	
Aldrovandia_affinis|GCA_029706075.1|RYR.3	GCA_029706075.1	Aldrovandia affinis	Actinopteri	Notacanthiformes	RYR	3	found_unannotated	informative10	0	45	60	0	0	0	
Aldrovandia_affinis|GCA_029706075.1|RYR.4	GCA_029706075.1	Aldrovandia affinis	Actinopteri	Notacanthiformes	RYR	4	found_unannotated	informative10	0	60	60	0	0	0	
Dissostichus_eleginoides|GCA_031216635.1|ITPR1.0	GCA_031216635.1	Dissostichus eleginoides	Actinopteri	Perciformes	ITPR1	0	found_unannotated	informative10	0	60	60	0	0	1	
Dissostichus_eleginoides|GCA_031216635.1|ITPR1.1	GCA_031216635.1	Dissostichus eleginoides	Actinopteri	Perciformes	ITPR1	1	found_unannotated	informative10	0	60	60	0	0	0	
Dissostichus_eleginoides|GCA_031216635.1|ITPR2.0	GCA_031216635.1	Dissostichus eleginoides	Actinopteri	Perciformes	ITPR2	0	found_unannotated	informative10	0	60	60	0	0	1	
Dissostichus_eleginoides|GCA_031216635.1|ITPR3.0	GCA_031216635.1	Dissostichus eleginoides	Actinopteri	Perciformes	ITPR3	0	found_unannotated	informative10	0	60	60	0	0	1	
Dissostichus_eleginoides|GCA_031216635.1|RYR.0	GCA_031216635.1	Dissostichus eleginoides	Actinopteri	Perciformes	RYR	0	found_annotated	informative10	0	60	8	0	0	1	
Dissostichus_eleginoides|GCA_031216635.1|RYR.1	GCA_031216635.1	Dissostichus eleginoides	Actinopteri	Perciformes	RYR	1	found_annotated	informative10	0	60	60	0	0	0	
Dissostichus_eleginoides|GCA_031216635.1|RYR.2	GCA_031216635.1	Dissostichus eleginoides	Actinopteri	Perciformes	RYR	2	found_annotated	informative10	0	60	60	0	0	0	
Dissostichus_eleginoides|GCA_031216635.1|RYR.3	GCA_031216635.1	Dissostichus eleginoides	Actinopteri	Perciformes	RYR	3	found_annotated	informative10	0	60	60	0	0	0	
Dissostichus_eleginoides|GCA_031216635.1|RYR.4	GCA_031216635.1	Dissostichus eleginoides	Actinopteri	Perciformes	RYR	4	found_annotated	informative10	0	60	60	0	0	0	
Dissostichus_eleginoides|GCA_031216635.1|RYR.5	GCA_031216635.1	Dissostichus eleginoides	Actinopteri	Perciformes	RYR	5	found_annotated	informative10	0	60	60	0	0	0	
Saguinus_oedipus|GCA_031835075.1|ITPR1.0	GCA_031835075.1	Saguinus oedipus	Mammalia	Primates	ITPR1	0	found_unannotated	informative10	18	46	60	18	18	1	ARL6IP5;ARPC4;BHLHE40;CHL1;GPR27;GXYLT2;IL17RC;IL17RE;JAGN1;LHFPL4;LMOD3;LRIG1;LRRN1;MTMR14;OGG1;RPUSD3;SUCLG2;TTLL3
Saguinus_oedipus|GCA_031835075.1|ITPR2.0	GCA_031835075.1	Saguinus oedipus	Mammalia	Primates	ITPR2	0	found_unannotated	informative10	17	49	60	17	17	1	BHLHE41;BICD1;CAPRIN2;ETFRF1;IL22;IPO8;KLHL42;MANSC4;MED21;PYROXD1;RAP1B;REP15;SMCO2;ST8SIA1;TM7SF3;YARS2;ZPR1
Saguinus_oedipus|GCA_031835075.1|ITPR3.0	GCA_031835075.1	Saguinus oedipus	Mammalia	Primates	ITPR3	0	found_unannotated	informative10	20	19	48	20	18	1	ARMC12;BAK1;GGNBP1;KIFC1;LHFPL5;PACSIN1;PFDN6;PHF1;RGL2;RPS27;SCUBE3;SMIM29;SMIM40;SRPK1;TEAD3;TULP1;WDR46;ZBTB22;ZBTB9;ZNF76
Saguinus_oedipus|GCA_031835075.1|RYR.0	GCA_031835075.1	Saguinus oedipus	Mammalia	Primates	RYR	0	found_unannotated	informative10	18	60	39	18	18	1	ACTN2;BECN2;CHRM3;ERO1B;GGPS1;GREM2;HEATR1;IRF2BP2;KCNK1;MAP1LC3C;NID1;PLD5;RAB22A;RBM34;RGS7;RPLP2;ZBTB18;ZP4
Saguinus_oedipus|GCA_031835075.1|RYR.1	GCA_031835075.1	Saguinus oedipus	Mammalia	Primates	RYR	1	found_unannotated	informative10	16	60	57	16	16	0	ACP7;FAM98C;FBXO27;IFNL1;ME1;MED29;MRPS12;NCCRP1;PAF1;PAK4;SIRT2;SPINT2;SPRED3;WDR87;YIF1B;ZFP36
Saguinus_oedipus|GCA_031835075.1|RYR.2	GCA_031835075.1	Saguinus oedipus	Mammalia	Primates	RYR	2	found_unannotated	informative10	20	47	27	20	19	0	ACTC1;AIMP1;CHRM5;EMC4;GJD2;GREM1;LPCAT4;MEIS2;NUTM1;OR4F6;OR4K3;PARP2;PIP4P1;RASGRP1;RNASE10;RNASE9;SRP14;THBS1;TIMM17A;TMCO5A
Lates_japonicus|GCA_033238685.1|ITPR1.0	GCA_033238685.1	Lates japonicus	Actinopteri		ITPR1	0	found_annotated	informative10	0	33	60	0	0	1	
Lates_japonicus|GCA_033238685.1|ITPR1.1	GCA_033238685.1	Lates japonicus	Actinopteri		ITPR1	1	found_annotated	informative10	0	60	60	0	0	0	
Lates_japonicus|GCA_033238685.1|ITPR2.0	GCA_033238685.1	Lates japonicus	Actinopteri		ITPR2	0	found_annotated	informative10	0	57	60	0	0	1	
Lates_japonicus|GCA_033238685.1|ITPR3.0	GCA_033238685.1	Lates japonicus	Actinopteri		ITPR3	0	found_unannotated	informative10	0	60	7	0	0	1	
Lates_japonicus|GCA_033238685.1|ITPR3.1	GCA_033238685.1	Lates japonicus	Actinopteri		ITPR3	1	found_unannotated	informative10	0	0	0	0	0	0	
Lates_japonicus|GCA_033238685.1|ITPR3.2	GCA_033238685.1	Lates japonicus	Actinopteri		ITPR3	2	found_unannotated	informative10	0	0	0	0	0	0	
Lates_japonicus|GCA_033238685.1|RYR.0	GCA_033238685.1	Lates japonicus	Actinopteri		RYR	0	found_unannotated	informative10	0	39	9	0	0	1	
Lates_japonicus|GCA_033238685.1|RYR.1	GCA_033238685.1	Lates japonicus	Actinopteri		RYR	1	found_unannotated	informative10	0	23	60	0	0	0	
Lates_japonicus|GCA_033238685.1|RYR.2	GCA_033238685.1	Lates japonicus	Actinopteri		RYR	2	found_unannotated	informative10	0	60	60	0	0	0	
Lates_japonicus|GCA_033238685.1|RYR.3	GCA_033238685.1	Lates japonicus	Actinopteri		RYR	3	found_unannotated	informative10	0	48	45	0	0	0	
Lates_japonicus|GCA_033238685.1|RYR.4	GCA_033238685.1	Lates japonicus	Actinopteri		RYR	4	found_unannotated	informative10	0	60	60	0	0	0	
Lates_japonicus|GCA_033238685.1|RYR.5	GCA_033238685.1	Lates japonicus	Actinopteri		RYR	5	found_unannotated	informative10	0	60	40	0	0	0	
Cirrhinus_mrigala|GCA_036247105.2|ITPR1.0	GCA_036247105.2	Cirrhinus mrigala	Actinopteri	Cypriniformes	ITPR1	0	found_unannotated	informative10	0	60	60	0	0	1	
Cirrhinus_mrigala|GCA_036247105.2|ITPR1.1	GCA_036247105.2	Cirrhinus mrigala	Actinopteri	Cypriniformes	ITPR1	1	found_unannotated	informative10	0	60	60	0	0	0	
Cirrhinus_mrigala|GCA_036247105.2|ITPR2.0	GCA_036247105.2	Cirrhinus mrigala	Actinopteri	Cypriniformes	ITPR2	0	found_unannotated	informative10	0	60	60	0	0	1	
Cirrhinus_mrigala|GCA_036247105.2|ITPR3.0	GCA_036247105.2	Cirrhinus mrigala	Actinopteri	Cypriniformes	ITPR3	0	found_unannotated	informative10	0	60	60	0	0	1	
Cirrhinus_mrigala|GCA_036247105.2|RYR.0	GCA_036247105.2	Cirrhinus mrigala	Actinopteri	Cypriniformes	RYR	0	found_unannotated	informative10	0	28	60	0	0	1	
Cirrhinus_mrigala|GCA_036247105.2|RYR.1	GCA_036247105.2	Cirrhinus mrigala	Actinopteri	Cypriniformes	RYR	1	found_unannotated	informative10	0	60	60	0	0	0	
Cirrhinus_mrigala|GCA_036247105.2|RYR.2	GCA_036247105.2	Cirrhinus mrigala	Actinopteri	Cypriniformes	RYR	2	found_unannotated	informative10	0	60	60	0	0	0	
Cirrhinus_mrigala|GCA_036247105.2|RYR.3	GCA_036247105.2	Cirrhinus mrigala	Actinopteri	Cypriniformes	RYR	3	found_unannotated	informative10	0	60	60	0	0	0	
Cirrhinus_mrigala|GCA_036247105.2|RYR.4	GCA_036247105.2	Cirrhinus mrigala	Actinopteri	Cypriniformes	RYR	4	found_unannotated	informative10	0	60	60	0	0	0	
Cirrhinus_mrigala|GCA_036247105.2|RYR.5	GCA_036247105.2	Cirrhinus mrigala	Actinopteri	Cypriniformes	RYR	5	found_unannotated	informative10	0	60	60	0	0	0	
Ataeniobius_toweri|GCA_036250305.1|ITPR1.0	GCA_036250305.1	Ataeniobius toweri	Actinopteri	Cyprinodontiformes	ITPR1	0	assembly_gap	informative10	0	0	0	0	0	1	
Ataeniobius_toweri|GCA_036250305.1|ITPR1.1	GCA_036250305.1	Ataeniobius toweri	Actinopteri	Cyprinodontiformes	ITPR1	1	assembly_gap	informative10	0	0	0	0	0	0	
Ataeniobius_toweri|GCA_036250305.1|ITPR2.0	GCA_036250305.1	Ataeniobius toweri	Actinopteri	Cyprinodontiformes	ITPR2	0	assembly_gap	informative10	0	0	0	0	0	1	
Ataeniobius_toweri|GCA_036250305.1|ITPR3.0	GCA_036250305.1	Ataeniobius toweri	Actinopteri	Cyprinodontiformes	ITPR3	0	assembly_gap	informative10	0	0	2	0	0	1	
Ataeniobius_toweri|GCA_036250305.1|ITPR3.1	GCA_036250305.1	Ataeniobius toweri	Actinopteri	Cyprinodontiformes	ITPR3	1	assembly_gap	informative10	0	0	0	0	0	0	
Ataeniobius_toweri|GCA_036250305.1|ITPR3.2	GCA_036250305.1	Ataeniobius toweri	Actinopteri	Cyprinodontiformes	ITPR3	2	assembly_gap	informative10	0	0	0	0	0	0	
Ataeniobius_toweri|GCA_036250305.1|RYR.0	GCA_036250305.1	Ataeniobius toweri	Actinopteri	Cyprinodontiformes	RYR	0	found_annotated	informative10	0	0	0	0	0	1	
Ataeniobius_toweri|GCA_036250305.1|RYR.1	GCA_036250305.1	Ataeniobius toweri	Actinopteri	Cyprinodontiformes	RYR	1	found_annotated	informative10	0	0	0	0	0	0	
Ataeniobius_toweri|GCA_036250305.1|RYR.2	GCA_036250305.1	Ataeniobius toweri	Actinopteri	Cyprinodontiformes	RYR	2	found_annotated	informative10	0	0	1	0	0	0	
Ataeniobius_toweri|GCA_036250305.1|RYR.3	GCA_036250305.1	Ataeniobius toweri	Actinopteri	Cyprinodontiformes	RYR	3	found_annotated	informative10	0	0	0	0	0	0	
Ataeniobius_toweri|GCA_036250305.1|RYR.4	GCA_036250305.1	Ataeniobius toweri	Actinopteri	Cyprinodontiformes	RYR	4	found_annotated	informative10	0	0	0	0	0	0	
Characodon_lateralis|GCA_036250325.1|ITPR1.0	GCA_036250325.1	Characodon lateralis	Actinopteri	Cyprinodontiformes	ITPR1	0	assembly_gap	informative10	0	0	0	0	0	1	
Characodon_lateralis|GCA_036250325.1|ITPR1.1	GCA_036250325.1	Characodon lateralis	Actinopteri	Cyprinodontiformes	ITPR1	1	assembly_gap	informative10	0	0	0	0	0	0	
Characodon_lateralis|GCA_036250325.1|ITPR2.0	GCA_036250325.1	Characodon lateralis	Actinopteri	Cyprinodontiformes	ITPR2	0	assembly_gap	informative10	0	0	2	0	0	1	
Characodon_lateralis|GCA_036250325.1|ITPR3.0	GCA_036250325.1	Characodon lateralis	Actinopteri	Cyprinodontiformes	ITPR3	0	assembly_gap	informative10	0	0	0	0	0	1	
Characodon_lateralis|GCA_036250325.1|RYR.0	GCA_036250325.1	Characodon lateralis	Actinopteri	Cyprinodontiformes	RYR	0	assembly_gap	informative10	0	0	0	0	0	1	
Characodon_lateralis|GCA_036250325.1|RYR.1	GCA_036250325.1	Characodon lateralis	Actinopteri	Cyprinodontiformes	RYR	1	assembly_gap	informative10	0	0	0	0	0	0	
Characodon_lateralis|GCA_036250325.1|RYR.2	GCA_036250325.1	Characodon lateralis	Actinopteri	Cyprinodontiformes	RYR	2	assembly_gap	informative10	0	0	0	0	0	0	
Characodon_lateralis|GCA_036250325.1|RYR.3	GCA_036250325.1	Characodon lateralis	Actinopteri	Cyprinodontiformes	RYR	3	assembly_gap	informative10	0	0	0	0	0	0	
Characodon_lateralis|GCA_036250325.1|RYR.4	GCA_036250325.1	Characodon lateralis	Actinopteri	Cyprinodontiformes	RYR	4	assembly_gap	informative10	0	0	0	0	0	0	
Characodon_lateralis|GCA_036250325.1|RYR.5	GCA_036250325.1	Characodon lateralis	Actinopteri	Cyprinodontiformes	RYR	5	assembly_gap	informative10	0	0	0	0	0	0	
Characodon_lateralis|GCA_036250325.1|RYR.6	GCA_036250325.1	Characodon lateralis	Actinopteri	Cyprinodontiformes	RYR	6	assembly_gap	informative10	0	0	0	0	0	0	
Characodon_lateralis|GCA_036250325.1|RYR.7	GCA_036250325.1	Characodon lateralis	Actinopteri	Cyprinodontiformes	RYR	7	assembly_gap	informative10	0	0	0	0	0	0	
Characodon_lateralis|GCA_036250325.1|RYR.8	GCA_036250325.1	Characodon lateralis	Actinopteri	Cyprinodontiformes	RYR	8	assembly_gap	informative10	0	0	0	0	0	0	
Ameca_splendens|GCA_040091285.1|ITPR1.0	GCA_040091285.1	Ameca splendens	Actinopteri	Cyprinodontiformes	ITPR1	0	assembly_gap	informative10	0	0	0	0	0	1	
Ameca_splendens|GCA_040091285.1|ITPR1.1	GCA_040091285.1	Ameca splendens	Actinopteri	Cyprinodontiformes	ITPR1	1	assembly_gap	informative10	0	0	0	0	0	0	
Ameca_splendens|GCA_040091285.1|ITPR1.2	GCA_040091285.1	Ameca splendens	Actinopteri	Cyprinodontiformes	ITPR1	2	assembly_gap	informative10	0	0	0	0	0	0	
Ameca_splendens|GCA_040091285.1|ITPR2.0	GCA_040091285.1	Ameca splendens	Actinopteri	Cyprinodontiformes	ITPR2	0	assembly_gap	informative10	0	0	0	0	0	1	
Ameca_splendens|GCA_040091285.1|ITPR2.1	GCA_040091285.1	Ameca splendens	Actinopteri	Cyprinodontiformes	ITPR2	1	assembly_gap	informative10	0	0	0	0	0	0	
Ameca_splendens|GCA_040091285.1|ITPR2.2	GCA_040091285.1	Ameca splendens	Actinopteri	Cyprinodontiformes	ITPR2	2	assembly_gap	informative10	0	0	1	0	0	0	
Ameca_splendens|GCA_040091285.1|ITPR3.0	GCA_040091285.1	Ameca splendens	Actinopteri	Cyprinodontiformes	ITPR3	0	assembly_gap	informative10	0	0	0	0	0	1	
Ameca_splendens|GCA_040091285.1|ITPR3.1	GCA_040091285.1	Ameca splendens	Actinopteri	Cyprinodontiformes	ITPR3	1	assembly_gap	informative10	0	0	0	0	0	0	
Ameca_splendens|GCA_040091285.1|RYR.0	GCA_040091285.1	Ameca splendens	Actinopteri	Cyprinodontiformes	RYR	0	assembly_gap	informative10	0	0	0	0	0	1	
Ameca_splendens|GCA_040091285.1|RYR.1	GCA_040091285.1	Ameca splendens	Actinopteri	Cyprinodontiformes	RYR	1	assembly_gap	informative10	0	0	0	0	0	0	
Ameca_splendens|GCA_040091285.1|RYR.2	GCA_040091285.1	Ameca splendens	Actinopteri	Cyprinodontiformes	RYR	2	assembly_gap	informative10	0	0	1	0	0	0	
Ameca_splendens|GCA_040091285.1|RYR.3	GCA_040091285.1	Ameca splendens	Actinopteri	Cyprinodontiformes	RYR	3	assembly_gap	informative10	0	0	0	0	0	0	
Ilyodon_furcidens|GCA_040091305.1|ITPR1.0	GCA_040091305.1	Ilyodon furcidens	Actinopteri	Cyprinodontiformes	ITPR1	0	assembly_gap	informative10	0	1	0	0	0	1	
Ilyodon_furcidens|GCA_040091305.1|ITPR1.1	GCA_040091305.1	Ilyodon furcidens	Actinopteri	Cyprinodontiformes	ITPR1	1	assembly_gap	informative10	0	0	0	0	0	0	
Ilyodon_furcidens|GCA_040091305.1|ITPR2.0	GCA_040091305.1	Ilyodon furcidens	Actinopteri	Cyprinodontiformes	ITPR2	0	assembly_gap	informative10	0	0	0	0	0	0	
Ilyodon_furcidens|GCA_040091305.1|ITPR2.1	GCA_040091305.1	Ilyodon furcidens	Actinopteri	Cyprinodontiformes	ITPR2	1	assembly_gap	informative10	0	0	0	0	0	1	
Ilyodon_furcidens|GCA_040091305.1|ITPR2.2	GCA_040091305.1	Ilyodon furcidens	Actinopteri	Cyprinodontiformes	ITPR2	2	assembly_gap	informative10	0	0	0	0	0	0	
Ilyodon_furcidens|GCA_040091305.1|ITPR3.0	GCA_040091305.1	Ilyodon furcidens	Actinopteri	Cyprinodontiformes	ITPR3	0	assembly_gap	informative10	0	0	0	0	0	1	
Ilyodon_furcidens|GCA_040091305.1|ITPR3.1	GCA_040091305.1	Ilyodon furcidens	Actinopteri	Cyprinodontiformes	ITPR3	1	assembly_gap	informative10	0	0	1	0	0	0	
Ilyodon_furcidens|GCA_040091305.1|ITPR3.2	GCA_040091305.1	Ilyodon furcidens	Actinopteri	Cyprinodontiformes	ITPR3	2	assembly_gap	informative10	0	0	0	0	0	0	
Ilyodon_furcidens|GCA_040091305.1|RYR.0	GCA_040091305.1	Ilyodon furcidens	Actinopteri	Cyprinodontiformes	RYR	0	assembly_gap	informative10	0	0	0	0	0	0	
Ilyodon_furcidens|GCA_040091305.1|RYR.1	GCA_040091305.1	Ilyodon furcidens	Actinopteri	Cyprinodontiformes	RYR	1	assembly_gap	informative10	0	0	0	0	0	0	
Ilyodon_furcidens|GCA_040091305.1|RYR.2	GCA_040091305.1	Ilyodon furcidens	Actinopteri	Cyprinodontiformes	RYR	2	assembly_gap	informative10	0	0	0	0	0	1	
Ilyodon_furcidens|GCA_040091305.1|RYR.3	GCA_040091305.1	Ilyodon furcidens	Actinopteri	Cyprinodontiformes	RYR	3	assembly_gap	informative10	0	0	0	0	0	0	
Ilyodon_furcidens|GCA_040091305.1|RYR.4	GCA_040091305.1	Ilyodon furcidens	Actinopteri	Cyprinodontiformes	RYR	4	assembly_gap	informative10	0	0	0	0	0	0	
Ilyodon_furcidens|GCA_040091305.1|RYR.5	GCA_040091305.1	Ilyodon furcidens	Actinopteri	Cyprinodontiformes	RYR	5	assembly_gap	informative10	0	0	0	0	0	0	
Ilyodon_furcidens|GCA_040091305.1|RYR.6	GCA_040091305.1	Ilyodon furcidens	Actinopteri	Cyprinodontiformes	RYR	6	assembly_gap	informative10	0	0	0	0	0	0	
Ilyodon_furcidens|GCA_040091305.1|RYR.7	GCA_040091305.1	Ilyodon furcidens	Actinopteri	Cyprinodontiformes	RYR	7	assembly_gap	informative10	0	0	0	0	0	0	
Ilyodon_furcidens|GCA_040091305.1|RYR.8	GCA_040091305.1	Ilyodon furcidens	Actinopteri	Cyprinodontiformes	RYR	8	assembly_gap	informative10	0	0	0	0	0	0	
Ilyodon_furcidens|GCA_040091305.1|RYR.9	GCA_040091305.1	Ilyodon furcidens	Actinopteri	Cyprinodontiformes	RYR	9	assembly_gap	informative10	0	0	0	0	0	0	
Ilyodon_furcidens|GCA_040091305.1|RYR.10	GCA_040091305.1	Ilyodon furcidens	Actinopteri	Cyprinodontiformes	RYR	10	assembly_gap	informative10	0	0	0	0	0	0	
Goodea_atripinnis|GCA_040091325.1|ITPR1.0	GCA_040091325.1	Goodea atripinnis	Actinopteri	Cyprinodontiformes	ITPR1	0	assembly_gap	informative10	0	0	0	0	0	1	
Goodea_atripinnis|GCA_040091325.1|ITPR1.1	GCA_040091325.1	Goodea atripinnis	Actinopteri	Cyprinodontiformes	ITPR1	1	assembly_gap	informative10	0	0	0	0	0	0	
Goodea_atripinnis|GCA_040091325.1|ITPR1.2	GCA_040091325.1	Goodea atripinnis	Actinopteri	Cyprinodontiformes	ITPR1	2	assembly_gap	informative10	0	0	0	0	0	0	
Goodea_atripinnis|GCA_040091325.1|ITPR2.0	GCA_040091325.1	Goodea atripinnis	Actinopteri	Cyprinodontiformes	ITPR2	0	assembly_gap	informative10	0	0	0	0	0	1	
Goodea_atripinnis|GCA_040091325.1|ITPR2.1	GCA_040091325.1	Goodea atripinnis	Actinopteri	Cyprinodontiformes	ITPR2	1	assembly_gap	informative10	0	0	0	0	0	0	
Goodea_atripinnis|GCA_040091325.1|ITPR2.2	GCA_040091325.1	Goodea atripinnis	Actinopteri	Cyprinodontiformes	ITPR2	2	assembly_gap	informative10	0	0	0	0	0	0	
Goodea_atripinnis|GCA_040091325.1|ITPR3.0	GCA_040091325.1	Goodea atripinnis	Actinopteri	Cyprinodontiformes	ITPR3	0	assembly_gap	informative10	0	0	0	0	0	1	
Goodea_atripinnis|GCA_040091325.1|ITPR3.1	GCA_040091325.1	Goodea atripinnis	Actinopteri	Cyprinodontiformes	ITPR3	1	assembly_gap	informative10	0	0	0	0	0	0	
Goodea_atripinnis|GCA_040091325.1|ITPR3.2	GCA_040091325.1	Goodea atripinnis	Actinopteri	Cyprinodontiformes	ITPR3	2	assembly_gap	informative10	0	0	0	0	0	0	
Goodea_atripinnis|GCA_040091325.1|ITPR3.3	GCA_040091325.1	Goodea atripinnis	Actinopteri	Cyprinodontiformes	ITPR3	3	assembly_gap	informative10	0	0	0	0	0	0	
Goodea_atripinnis|GCA_040091325.1|RYR.0	GCA_040091325.1	Goodea atripinnis	Actinopteri	Cyprinodontiformes	RYR	0	assembly_gap	informative10	0	0	0	0	0	1	
Goodea_atripinnis|GCA_040091325.1|RYR.1	GCA_040091325.1	Goodea atripinnis	Actinopteri	Cyprinodontiformes	RYR	1	assembly_gap	informative10	0	0	0	0	0	0	
Goodea_atripinnis|GCA_040091325.1|RYR.2	GCA_040091325.1	Goodea atripinnis	Actinopteri	Cyprinodontiformes	RYR	2	assembly_gap	informative10	0	0	0	0	0	0	
Goodea_atripinnis|GCA_040091325.1|RYR.3	GCA_040091325.1	Goodea atripinnis	Actinopteri	Cyprinodontiformes	RYR	3	assembly_gap	informative10	0	0	0	0	0	0	
Goodea_atripinnis|GCA_040091325.1|RYR.4	GCA_040091325.1	Goodea atripinnis	Actinopteri	Cyprinodontiformes	RYR	4	assembly_gap	informative10	0	0	0	0	0	0	
Goodea_atripinnis|GCA_040091325.1|RYR.5	GCA_040091325.1	Goodea atripinnis	Actinopteri	Cyprinodontiformes	RYR	5	assembly_gap	informative10	0	0	0	0	0	0	
Goodea_atripinnis|GCA_040091325.1|RYR.6	GCA_040091325.1	Goodea atripinnis	Actinopteri	Cyprinodontiformes	RYR	6	assembly_gap	informative10	0	1	0	0	0	0	
Goodea_atripinnis|GCA_040091325.1|RYR.7	GCA_040091325.1	Goodea atripinnis	Actinopteri	Cyprinodontiformes	RYR	7	assembly_gap	informative10	0	0	0	0	0	0	
Goodea_atripinnis|GCA_040091325.1|RYR.8	GCA_040091325.1	Goodea atripinnis	Actinopteri	Cyprinodontiformes	RYR	8	assembly_gap	informative10	0	0	0	0	0	0	
Xenoophorus_captivus|GCA_040091335.1|ITPR1.0	GCA_040091335.1	Xenoophorus captivus	Actinopteri	Cyprinodontiformes	ITPR1	0	assembly_gap	informative10	0	0	0	0	0	1	
Xenoophorus_captivus|GCA_040091335.1|ITPR1.1	GCA_040091335.1	Xenoophorus captivus	Actinopteri	Cyprinodontiformes	ITPR1	1	assembly_gap	informative10	0	0	0	0	0	0	
Xenoophorus_captivus|GCA_040091335.1|ITPR1.2	GCA_040091335.1	Xenoophorus captivus	Actinopteri	Cyprinodontiformes	ITPR1	2	assembly_gap	informative10	0	0	0	0	0	0	
Xenoophorus_captivus|GCA_040091335.1|ITPR1.3	GCA_040091335.1	Xenoophorus captivus	Actinopteri	Cyprinodontiformes	ITPR1	3	assembly_gap	informative10	0	0	0	0	0	0	
Xenoophorus_captivus|GCA_040091335.1|ITPR2.0	GCA_040091335.1	Xenoophorus captivus	Actinopteri	Cyprinodontiformes	ITPR2	0	assembly_gap	informative10	0	0	0	0	0	1	
Xenoophorus_captivus|GCA_040091335.1|ITPR2.1	GCA_040091335.1	Xenoophorus captivus	Actinopteri	Cyprinodontiformes	ITPR2	1	assembly_gap	informative10	0	0	0	0	0	0	
Xenoophorus_captivus|GCA_040091335.1|ITPR3.0	GCA_040091335.1	Xenoophorus captivus	Actinopteri	Cyprinodontiformes	ITPR3	0	assembly_gap	informative10	0	0	0	0	0	1	
Xenoophorus_captivus|GCA_040091335.1|ITPR3.1	GCA_040091335.1	Xenoophorus captivus	Actinopteri	Cyprinodontiformes	ITPR3	1	assembly_gap	informative10	0	0	0	0	0	0	
Xenoophorus_captivus|GCA_040091335.1|ITPR3.2	GCA_040091335.1	Xenoophorus captivus	Actinopteri	Cyprinodontiformes	ITPR3	2	assembly_gap	informative10	0	0	0	0	0	0	
Xenoophorus_captivus|GCA_040091335.1|ITPR3.3	GCA_040091335.1	Xenoophorus captivus	Actinopteri	Cyprinodontiformes	ITPR3	3	assembly_gap	informative10	0	1	0	0	0	0	
Xenoophorus_captivus|GCA_040091335.1|RYR.0	GCA_040091335.1	Xenoophorus captivus	Actinopteri	Cyprinodontiformes	RYR	0	found_unannotated	informative10	0	0	0	0	0	1	
Xenoophorus_captivus|GCA_040091335.1|RYR.1	GCA_040091335.1	Xenoophorus captivus	Actinopteri	Cyprinodontiformes	RYR	1	found_unannotated	informative10	0	0	0	0	0	0	
Xenoophorus_captivus|GCA_040091335.1|RYR.2	GCA_040091335.1	Xenoophorus captivus	Actinopteri	Cyprinodontiformes	RYR	2	found_unannotated	informative10	0	0	0	0	0	0	
Xenotaenia_resolanae|GCA_040091345.1|ITPR1.0	GCA_040091345.1	Xenotaenia resolanae	Actinopteri	Cyprinodontiformes	ITPR1	0	assembly_gap	informative10	0	0	0	0	0	1	
Xenotaenia_resolanae|GCA_040091345.1|ITPR1.1	GCA_040091345.1	Xenotaenia resolanae	Actinopteri	Cyprinodontiformes	ITPR1	1	assembly_gap	informative10	0	0	0	0	0	0	
Xenotaenia_resolanae|GCA_040091345.1|ITPR2.0	GCA_040091345.1	Xenotaenia resolanae	Actinopteri	Cyprinodontiformes	ITPR2	0	assembly_gap	informative10	0	0	0	0	0	1	
Xenotaenia_resolanae|GCA_040091345.1|ITPR2.1	GCA_040091345.1	Xenotaenia resolanae	Actinopteri	Cyprinodontiformes	ITPR2	1	assembly_gap	informative10	0	0	0	0	0	0	
Xenotaenia_resolanae|GCA_040091345.1|ITPR2.2	GCA_040091345.1	Xenotaenia resolanae	Actinopteri	Cyprinodontiformes	ITPR2	2	assembly_gap	informative10	0	1	0	0	0	0	
Xenotaenia_resolanae|GCA_040091345.1|ITPR3.0	GCA_040091345.1	Xenotaenia resolanae	Actinopteri	Cyprinodontiformes	ITPR3	0	assembly_gap	informative10	0	0	0	0	0	1	
Xenotaenia_resolanae|GCA_040091345.1|RYR.0	GCA_040091345.1	Xenotaenia resolanae	Actinopteri	Cyprinodontiformes	RYR	0	assembly_gap	informative10	0	0	0	0	0	1	
Xenotaenia_resolanae|GCA_040091345.1|RYR.1	GCA_040091345.1	Xenotaenia resolanae	Actinopteri	Cyprinodontiformes	RYR	1	assembly_gap	informative10	0	0	0	0	0	0	
Xenotaenia_resolanae|GCA_040091345.1|RYR.2	GCA_040091345.1	Xenotaenia resolanae	Actinopteri	Cyprinodontiformes	RYR	2	assembly_gap	informative10	0	0	0	0	0	0	
Xenotaenia_resolanae|GCA_040091345.1|RYR.3	GCA_040091345.1	Xenotaenia resolanae	Actinopteri	Cyprinodontiformes	RYR	3	assembly_gap	informative10	0	0	0	0	0	0	
Xenotaenia_resolanae|GCA_040091345.1|RYR.4	GCA_040091345.1	Xenotaenia resolanae	Actinopteri	Cyprinodontiformes	RYR	4	assembly_gap	informative10	0	0	0	0	0	0	
Xenotaenia_resolanae|GCA_040091345.1|RYR.5	GCA_040091345.1	Xenotaenia resolanae	Actinopteri	Cyprinodontiformes	RYR	5	assembly_gap	informative10	0	0	0	0	0	0	
Xenotaenia_resolanae|GCA_040091345.1|RYR.6	GCA_040091345.1	Xenotaenia resolanae	Actinopteri	Cyprinodontiformes	RYR	6	assembly_gap	informative10	0	0	0	0	0	0	
Xenotaenia_resolanae|GCA_040091345.1|RYR.7	GCA_040091345.1	Xenotaenia resolanae	Actinopteri	Cyprinodontiformes	RYR	7	assembly_gap	informative10	0	0	0	0	0	0	
Xenotaenia_resolanae|GCA_040091345.1|RYR.8	GCA_040091345.1	Xenotaenia resolanae	Actinopteri	Cyprinodontiformes	RYR	8	assembly_gap	informative10	0	0	0	0	0	0	
Diretmus_argenteus|GCA_048569125.1|ITPR1.0	GCA_048569125.1	Diretmus argenteus	Actinopteri	Trachichthyiformes	ITPR1	0	found_annotated	informative10	20	13	31	20	20	1	ATF1;ATF7B;CDK4;CYP27B1;DIP2B;ESPL1;LARP4A;MCRS1;METTL1;MMP19;PFDN5;PFKM;SCN8A;SLC4A8;SUMF1;SUOX;TIMELESS;TTLL3;ZC3H10;ZNF740A
Diretmus_argenteus|GCA_048569125.1|ITPR1.1	GCA_048569125.1	Diretmus argenteus	Actinopteri	Trachichthyiformes	ITPR1	1	found_annotated	informative10	20	16	12	20	20	0	ARHGAP46A;ARL6IP5A;AVPR2B;BHLHE40;CDH4;DIDO1;FOXP1B;FRMD4B;GPR27;ID1;LRRN1;MITF;RAE1;RYBP;SETMAR;SULF2A;TADA3L;TAF4A;TRNT1;ZMYND8
Diretmus_argenteus|GCA_048569125.1|ITPR2.0	GCA_048569125.1	Diretmus argenteus	Actinopteri	Trachichthyiformes	ITPR2	0	found_annotated	informative10	20	12	11	20	20	1	BANP;BHLHE41;BMAL2;C1QTNF13;EEA1;ENDOUC;FANCI;FBXO31;KRAS;NR1H4;NUDT4A;PLEKHG7;POLG;PPFIBP1B;RASSF8A;RHCG;SLC17A8;SSPN;UBE2N;ZNF469
Diretmus_argenteus|GCA_048569125.1|ITPR2.1	GCA_048569125.1	Diretmus argenteus	Actinopteri	Trachichthyiformes	ITPR2	1	found_annotated	informative10	20	11	12	20	20	0	BANP;BHLHE41;BMAL2;C1QTNF13;EEA1;ENDOUC;FANCI;FBXO31;KRAS;NR1H4;NUDT4A;PLEKHG7;POLG;PPFIBP1B;RASSF8A;RHCG;SLC17A8;SSPN;UBE2N;ZNF469
Diretmus_argenteus|GCA_048569125.1|ITPR3.0	GCA_048569125.1	Diretmus argenteus	Actinopteri	Trachichthyiformes	ITPR3	0	found_annotated	informative10	20	22	15	20	20	1	BCAP31;CABLES2B;CCM2L;EDEM2;ELK1;GPR37L1B;GRIPAP1;HM13;KCND1;MRGBP;OTUD5A;PIM2;PLXNA3;RFC2;SLC35A2;SLC6A8;SNX21;SOX18;TCEA2;USP11
Diretmus_argenteus|GCA_048569125.1|RYR.0	GCA_048569125.1	Diretmus argenteus	Actinopteri	Trachichthyiformes	RYR	0	found_annotated	informative10	20	15	20	20	20	1	ADAM12A;BCCIP;BRSK1A;CHRM3B;CTBP2L;DHX32A;DNAAF3L;DOCK1;FANK1;FMN2B;INSYN2A;IRF3;KCNC3B;MMP21;MTR;PIGP;PRR12A;REXO4;SYT5B;UROS
Diretmus_argenteus|GCA_048569125.1|RYR.1	GCA_048569125.1	Diretmus argenteus	Actinopteri	Trachichthyiformes	RYR	1	found_annotated	informative10	20	22	10	20	20	0	AXL;B3GNT2L;BCKDH;BICR;CALN1;CLDNF;CYP2Y3;EXOSC5;FLOT2B;GALNT17;HNRNPUL1;NAPA;OPA3;PPP1R13L;PPP5C;RASGRP4;SBDS;TGFB1A;TMEM91;TYW1
Diretmus_argenteus|GCA_048569125.1|RYR.2	GCA_048569125.1	Diretmus argenteus	Actinopteri	Trachichthyiformes	RYR	2	found_annotated	informative10	20	13	27	20	20	0	ARHGAP31;CASR;CXXC5A;DNAJC18;GABRR3A;GNG8;GSX1;KIF20A;MAP7D2A;NFRK;NRG2A;NRXN2A;PHLDB2A;PRDX4;PURA;PYGM;SLC22A6L;SMS;TMEM45B;ZDHHC23A
Diretmus_argenteus|GCA_048569125.1|RYR.3	GCA_048569125.1	Diretmus argenteus	Actinopteri	Trachichthyiformes	RYR	3	found_annotated	informative10	20	27	16	20	20	0	ACP7;ACTC1B;ADSS1;ARHGAP11A;BMF1;CHRM5A;DAAM2;DNAJC17;EIF2AK4;EXD1;FSIP1;GCHFR;GPX2;GREM1B;KIF6;LIN52;SIVA1;THBS1A;VSX2;ZBTB42
Diretmus_argenteus|GCA_048569125.1|RYR.4	GCA_048569125.1	Diretmus argenteus	Actinopteri	Trachichthyiformes	RYR	4	found_annotated	informative10	20	17	13	20	20	0	ABRACL;ACTC1A;ADAM17B;AVEN;CHRM5B;CLEC11A;CLU;DRC2;EMC7B;FAM184A;FMN1;GREM1A;HECA;HSDL1;KATNBL1;MAN1A1;REPS1;SCARA3;SCG5;TBC1D32
Diretmus_argenteus|GCA_048569125.1|RYR.5	GCA_048569125.1	Diretmus argenteus	Actinopteri	Trachichthyiformes	RYR	5	found_annotated	informative10	20	16	17	20	20	0	ACTN2B;BICC1A;BORA;CCSER2A;CHRM3A;DACHC;DNAJC9;ECD;FAM149B1;FMN2A;GRID1A;MZT1;NDNFL;P4HA1B;PHYHIPL;RGS7A;SLC16A9A;SPARCL2;UBAC2;WAPL
Steatornis_caripensis|GCA_054099775.1|ITPR1.0	GCA_054099775.1	Steatornis caripensis	Aves	Caprimulgiformes	ITPR1	0	found_annotated	informative10	20	10	13	20	20	1	ARL8B;BHLHE40;CAV3;CHL1;CNTN3;CRBN;EDEM1;GRM7;GXYLT2;IL5RA;LMCD1;LRRN1;OXTR;PDZRN3;PPP4R2;RAD18;SRGAP3;SSUH2;SUMF1;TRNT1
Steatornis_caripensis|GCA_054099775.1|ITPR2.0	GCA_054099775.1	Steatornis caripensis	Aves	Caprimulgiformes	ITPR2	0	found_annotated	informative10	20	13	10	20	20	1	ARFGAP3;BHLHE41;BMAL2;CYB5R3;DNAI7;ETFRF1;FGFR1OP2;GYS2;INTS13;IRAG2;KRAS;LMNTD1;MED21;PPFIBP1;RASSF8;REP15;SPX;SSPN;STK38L;TM7SF3
Steatornis_caripensis|GCA_054099775.1|ITPR3.0	GCA_054099775.1	Steatornis caripensis	Aves	Caprimulgiformes	ITPR3	0	found_annotated	informative10	20	11	13	20	20	1	APOBEC2;BAK1;BLTP3A;FOXP4;FRS3;GRM4;HMGA1;ILRUN;MDFI;NFYA;NUDT3;OARD1;PACSIN1;SMIM29;SNRPC;SPDEF;TAF11;TFEB;TREM1;TSPO2
Steatornis_caripensis|GCA_054099775.1|RYR.0	GCA_054099775.1	Steatornis caripensis	Aves	Caprimulgiformes	RYR	0	found_annotated	informative10	20	10	11	20	20	0	ACTN2;B3GALNT2;CEP170;CHRM3;EDARADD;ERO1B;EXO1;GPR137B;GREM2;HEATR1;LGALS8;LYST;MAP1LC3C;MTR;NID1;OPN3;PIGM;PLD5;RGS7;WDR64
Steatornis_caripensis|GCA_054099775.1|RYR.1	GCA_054099775.1	Steatornis caripensis	Aves	Caprimulgiformes	RYR	1	found_annotated	informative10	20	11	10	20	20	1	ARHGAP11A;AVEN;BMF;CDIN1;CHRM5;DPH6;EIF2AK4;EMC7;FAM98B;FMN1;FSIP1;GPR176;GREM1;KATNBL1;MEIS2;RASGRP1;SCG5;SPRED1;SRP14;THBS1
Hiodon_alosoides|GCA_056783565.1|ITPR1.0	GCA_056783565.1	Hiodon alosoides	Actinopteri	Hiodontiformes	ITPR1	0	found_annotated	informative10	20	21	13	20	19	1	ARHGAP46B;ARL8B;AVPR2B;CRBN;EDEM1;EDEM2;GNAT1;GSS;H1-10;LRRN1;NDRG3B;RBM6;RUVBL1;SEMA3F;SFMBT1;SLA2B;STIMATE;SUMF1;TATDN2;UBA7
Hiodon_alosoides|GCA_056783565.1|ITPR1.1	GCA_056783565.1	Hiodon alosoides	Actinopteri	Hiodontiformes	ITPR1	1	found_annotated	informative10	19	16	19	19	19	0	ARL8B;BHLHE40;CAMKV;CCDC174;EEFSEC;EMC3;GATA2A;GHRL;GPX1B;MON1A;MST1R;RFT1;RPN1;SEMA3F;SETMAR;TRAIP;TRNT1;USP4;VHL
Hiodon_alosoides|GCA_056783565.1|ITPR2.0	GCA_056783565.1	Hiodon alosoides	Actinopteri	Hiodontiformes	ITPR2	0	found_annotated	informative10	20	30	26	20	20	1	BORCS5;BPGM;DNM1L;DOCK4A;FGD6;INTS13;LRP6;MANSC1;METAP2A;NDUFA12;NR2C1;NRF1;RASSF8B;SAMTOR;STRIP2;TMCC3;TMEM168B;UBE2H;VEZT;ZNF277
Hiodon_alosoides|GCA_056783565.1|ITPR2.1	GCA_056783565.1	Hiodon alosoides	Actinopteri	Hiodontiformes	ITPR2	1	found_annotated	informative10	20	41	13	20	20	0	ANO6;BNCR;DYRK4;EEA1;GAS2L3;GLT8D2;HCLS1;MRPL42;NDUFA9A;NDUFB2;NR1H4;ORC5;PLEKHG7;PWP1;RELN;SLC17A8;SMKR1;SSPN;TERF;TMEM209
Hiodon_alosoides|GCA_056783565.1|ITPR3.0	GCA_056783565.1	Hiodon alosoides	Actinopteri	Hiodontiformes	ITPR3	0	found_annotated	informative10	20	17	20	20	20	1	C1QTNF12;CASP9;DDX20;DNAJC16;FKBP5;FRS3;HIPK1A;HSPG2;KLHL21;LRIG2;MAGI3A;NOL9;OLFML3A;PLEKHG5B;RAP1A;RSBN1;SDF4;SYT6A;TMEM269;ZBTB48
Hiodon_alosoides|GCA_056783565.1|RYR.0	GCA_056783565.1	Hiodon alosoides	Actinopteri	Hiodontiformes	RYR	0	found_annotated	informative10	20	11	19	20	20	1	ADAM9B;ARG1;CYP26A1;DNAJC9;EXOC6;FH;FMN2B;GRID1B;HEATR1;HHEX;JMJD1C;KIF11;MTR;NRBF2B;NUDT13;PLEKHA1B;PSTK;REEP3B;RGS7B;WAPL
Hiodon_alosoides|GCA_056783565.1|RYR.1	GCA_056783565.1	Hiodon alosoides	Actinopteri	Hiodontiformes	RYR	1	found_annotated	informative10	20	22	17	20	20	0	APOA1A;B9D2;BCKDH;CBR1L;EHD2A;FTR84;GNG8;LIPT2;MPZL2B;NAPA;POLD3;PPP5C;RASGRP4;RNF214;RSPH4A;SELENOW1;SYMPK;XRRA1;ZBED4L2;ZNF541
Hiodon_alosoides|GCA_056783565.1|RYR.2	GCA_056783565.1	Hiodon alosoides	Actinopteri	Hiodontiformes	RYR	2	found_annotated	informative10	19	10	60	19	19	0	ARRB1;ATG16L2;B3GNT2L;BICR;BRCA2;C2CD3;CYP2Y3;DHX40;EHD2B;EXOSC5;HNRNPUL1;OPA3;OR55E1;P4HA3;PPP1R13L;PSMD8;SPRED3;TMEM91;WDR62
Hiodon_alosoides|GCA_056783565.1|RYR.3	GCA_056783565.1	Hiodon alosoides	Actinopteri	Hiodontiformes	RYR	3	found_annotated	informative10	20	16	20	20	20	0	ACP7;ARHGAP11A;AVEN;CHRM5A;DEGS2;EIF2AK4;FNTB;FSIP1;GPR176;GPX2;LRR1;MDGA2A;MGAT2;MIS18BP1;RAB15;RGS6;SCG5;SRSF5B;TPP1;YY1A
Staurois_parvus|GCA_951230385.1|ITPR1.0	GCA_951230385.1	Staurois parvus	Amphibia	Anura	ITPR1	0	found_unannotated	informative10	10	0	10	10	1	1	SPARVUS_LOCUS8217507;SPARVUS_LOCUS8217508;SPARVUS_LOCUS8217509;SPARVUS_LOCUS8217515;SPARVUS_LOCUS8217516;SPARVUS_LOCUS8217517;SPARVUS_LOCUS8217518;SPARVUS_LOCUS8217519;SPARVUS_LOCUS8217520;SPARVUS_LOCUS8217521
Staurois_parvus|GCA_951230385.1|ITPR2.0	GCA_951230385.1	Staurois parvus	Amphibia	Anura	ITPR2	0	assembly_gap	informative10	10	10	0	10	1	0	SPARVUS_LOCUS4629526;SPARVUS_LOCUS4629528;SPARVUS_LOCUS4629529;SPARVUS_LOCUS4629530;SPARVUS_LOCUS4629531;SPARVUS_LOCUS4629532;SPARVUS_LOCUS4629533;SPARVUS_LOCUS4629539;SPARVUS_LOCUS4629540;SPARVUS_LOCUS4629541
Staurois_parvus|GCA_951230385.1|ITPR2.1	GCA_951230385.1	Staurois parvus	Amphibia	Anura	ITPR2	1	assembly_gap	informative10	1	1	0	1	1	1	SPARVUS_LOCUS8767001
Staurois_parvus|GCA_951230385.1|ITPR3.0	GCA_951230385.1	Staurois parvus	Amphibia	Anura	ITPR3	0	assembly_gap	informative10	6	0	6	6	1	1	SPARVUS_LOCUS7433256;SPARVUS_LOCUS7433257;SPARVUS_LOCUS7433258;SPARVUS_LOCUS7433265;SPARVUS_LOCUS7433266;SPARVUS_LOCUS7433267
Staurois_parvus|GCA_951230385.1|ITPR3.1	GCA_951230385.1	Staurois parvus	Amphibia	Anura	ITPR3	1	assembly_gap	informative10	8	0	8	8	1	0	SPARVUS_LOCUS7504142;SPARVUS_LOCUS7504143;SPARVUS_LOCUS7504144;SPARVUS_LOCUS7504145;SPARVUS_LOCUS7504146;SPARVUS_LOCUS7504147;SPARVUS_LOCUS7504148;SPARVUS_LOCUS7504149
Staurois_parvus|GCA_951230385.1|RYR.0	GCA_951230385.1	Staurois parvus	Amphibia	Anura	RYR	0	found_unannotated	informative10	12	8	4	12	1	1	SPARVUS_LOCUS4166513;SPARVUS_LOCUS4166514;SPARVUS_LOCUS4166515;SPARVUS_LOCUS4166516;SPARVUS_LOCUS4166517;SPARVUS_LOCUS4166518;SPARVUS_LOCUS4166519;SPARVUS_LOCUS4166522;SPARVUS_LOCUS4166523;SPARVUS_LOCUS4166524;SPARVUS_LOCUS4166525;SPARVUS_LOCUS4166529
Homo_sapiens|GCF_000001405.40|ITPR1.0	GCF_000001405.40	Homo sapiens	Mammalia	Primates	ITPR1	0	found_annotated	informative10	19	9	10	19	18	1	ARL8B;BHLHE40;CAV3;CHL1;CNTN4;CNTN6;CRBN;EDEM1;GRM7;IL5RA;LMCD1;LRRN1;OXTR;RAD18;SETMAR;SRGAP3;SSUH2;SUMF1;TRNT1
Homo_sapiens|GCF_000001405.40|ITPR2.0	GCF_000001405.40	Homo sapiens	Mammalia	Primates	ITPR2	0	found_annotated	informative10	20	12	10	20	20	1	BCAT1;BHLHE41;BMAL2;C12ORF71;DNAI7;ETFRF1;FGFR1OP2;INTS13;IRAG2;KRAS;LMNTD1;MED21;PPFIBP1;RASSF8;REP15;SMCO2;SOX5;SSPN;STK38L;TM7SF3
Homo_sapiens|GCF_000001405.40|ITPR3.0	GCF_000001405.40	Homo sapiens	Mammalia	Primates	ITPR3	0	found_annotated	informative10	20	10	11	20	18	1	BAK1;CUTA;DAXX;GRM4;HMGA1;IP6K3;KIFC1;LEMD2;MLN;NUDT3;PHF1;RPS10;RPS10-NUDT3;SMIM29;SMIM40;SYNGAP1;TAPBP;UQCC2;ZBTB22;ZBTB9
Homo_sapiens|GCF_000001405.40|RYR.0	GCF_000001405.40	Homo sapiens	Mammalia	Primates	RYR	0	found_annotated	informative10	20	10	10	20	20	1	ACTN2;CHML;CHRM3;EDARADD;ERO1B;FH;FMN2;GPR137B;GREM2;HEATR1;KMO;LGALS8;LYST;MT1HL1;MTR;NID1;OPN3;RGS7;WDR64;ZP4
Homo_sapiens|GCF_000001405.40|RYR.1	GCF_000001405.40	Homo sapiens	Mammalia	Primates	RYR	1	found_annotated	informative10	20	10	10	20	19	0	ACTN4;C19ORF33;CAPN12;CATSPERG;ECH1;EIF3K;FAM98C;GGN;HNRNPL;KCNK6;LGALS4;LGALS7;LGALS7B;MAP4K1;PSMD8;RASGRP4;RINL;SPINT2;SPRED3;YIF1B
Homo_sapiens|GCF_000001405.40|RYR.2	GCF_000001405.40	Homo sapiens	Mammalia	Primates	RYR	2	found_annotated	informative10	20	12	10	20	19	0	ARHGAP11A;ARHGAP11A-SCG5;CHRM5;CHRNA7;EMC4;EMC7;FMN1;GOLGA8A;GOLGA8K;GOLGA8N;GOLGA8O;GREM1;KATNBL1;LPCAT4;NOP10;NUTM1;OTUD7A;PGBD4;SCG5;SLC12A6
Mus_musculus|GCF_000001635.27|ITPR1.0	GCF_000001635.27	Mus musculus	Mammalia	Rodentia	ITPR1	0	found_annotated	informative10	20	10	10	20	18	1	ARL8B;BHLHE40;CAV3;CHL1;CNTN3;CNTN4;CNTN6;CRBN;EDEM1;GM6749;GRM7;IL5RA;LMCD1;LRRN1;OXTR;RAD18;SETMAR;SSU2;SUMF1;TRNT1
Mus_musculus|GCF_000001635.27|ITPR2.0	GCF_000001635.27	Mus musculus	Mammalia	Rodentia	ITPR2	0	found_annotated	informative10	20	10	10	20	20	1	1700034J05RIK;BCAT1;BHLHE41;BMAL2;DNAI7;ETFRF1;FGFR1OP2;INTS13;IRAG2;KRAS;LMNTD1;MED21;PPFIBP1;RASSF8;REP15;SMCO2;SSPN;STK38L;TM7SF3;TUBA3B
Mus_musculus|GCF_000001635.27|ITPR3.0	GCF_000001635.27	Mus musculus	Mammalia	Rodentia	ITPR3	0	found_annotated	informative10	20	10	10	20	20	1	BAK1;BLTP3A;BNIP1;CREBRF;CUTA;GGNBP1;GRM4;HMGA1;ILRUN;KIFC5B;NKX2-5;NUDT3;PACSIN1;PHF1;RPS10;SMIM29;SNRPC;SPDEF;SYNGAP1;ZBTB9
Mus_musculus|GCF_000001635.27|RYR.0	GCF_000001635.27	Mus musculus	Mammalia	Rodentia	RYR	0	found_annotated	informative10	20	10	10	20	19	1	ACTN2;ADARB2;CHRM3;DIP2C;EDARADD;ERO1B;GM10029;GM53256;GM5445;GM5928;GTPBP4;HEATR1;IDI1;IDI2;LARP4B;LGALS8;MTR;PRL2C3;WDR37;ZMYND11
Mus_musculus|GCF_000001635.27|RYR.1	GCF_000001635.27	Mus musculus	Mammalia	Rodentia	RYR	1	found_annotated	informative10	20	10	10	20	19	0	2200002D01RIK;ACTN4;CAPN12;CATSPERG1;ECH1;EIF3K;FAM98C;GGN;HNRNPL;KCNK6;LGALS4;LGALS7;MAP4K1;PSMD8;RASGRP4;RINL;SIRT2;SPINT2;SPRED3;YIF1B
Mus_musculus|GCF_000001635.27|RYR.2	GCF_000001635.27	Mus musculus	Mammalia	Rodentia	RYR	2	found_annotated	informative10	20	10	10	20	19	0	ACTC1;AQR;ARHGAP11A;AVEN;CHRM5;DPH6;EMC4;EMC7;FMN1;GJD2;GM52523;GREM1;KATNBL1;LPCAT4;NOP10;NUTM1;SCG5;SLC12A6;TMCO5B;ZFP770
Xenopus_tropicalis|GCF_000004195.4|ITPR1.0	GCF_000004195.4	Xenopus tropicalis	Amphibia	Anura	ITPR1	0	found_annotated	informative10	20	16	12	20	20	1	ARL8B;BHLHE40;BRK1;CAV3;CNTN4;CRBN;EDEM1;GRM7;IL5R;LMCD1;LRRN1;OXTR;PICK1;RAD18;SETMAR;SRGAP3;SSUH2;SUMF1;TNNC1;TRNT1
Xenopus_tropicalis|GCF_000004195.4|ITPR2.0	GCF_000004195.4	Xenopus tropicalis	Amphibia	Anura	ITPR2	0	found_annotated	informative10	20	11	13	20	20	1	ARNTL2;BHLHE41;CASC1;CECR5;CYB5R3;ENDOUL;ETFRF1;FGFR1OP2;INTS13;KRASL;LMNTD1;NRIP3;PKP2;PPFIBP1;RAB43;RASSF8;REP15;SSPN;STK38L;SYT10
Xenopus_tropicalis|GCF_000004195.4|ITPR3.0	GCF_000004195.4	Xenopus tropicalis	Amphibia	Anura	ITPR3	0	found_annotated	informative10	20	10	12	20	20	1	ANKS1A;BAK1;BRPF3;CEPT1;CNTN2;DENND2D;GRM4;KISS1;MAPK13;MDM4;MYBPH;NFASC;PIK3C2B;PLEKHA6;REN;SNRPC;SOX13;TAF11;TBC1D22B;UHRF1BP1
Xenopus_tropicalis|GCF_000004195.4|RYR.0	GCF_000004195.4	Xenopus tropicalis	Amphibia	Anura	RYR	0	found_annotated	informative10	20	10	11	20	20	1	ALKBH6;ARF6;ARHGAP11A;BICR;CLIP3;ECH1;EIF3K;FAM98A;HNRNPL;KPTN;LGALS4;MAP4K1;MEIS3;NAPA;PSMD8;RASGRP4;SLC8A2;SPRED3;SYNE4;TSPAN15
Xenopus_tropicalis|GCF_000004195.4|RYR.1	GCF_000004195.4	Xenopus tropicalis	Amphibia	Anura	RYR	1	found_annotated	informative10	20	10	11	20	20	0	ARHGAP11A;AVEN;C15ORF41;CCDC177;CHRM5;DPH6;ERH;EXD2;FAM98B;FMN1;GALNT16;GPR176;GREM1;MEIS2;PLEKHD1;RASGRP1;SCG5;SLC39A9;SPRED1;SUSD6
Trichechus_manatus_latirostris|GCF_000243295.1|ITPR1.0	GCF_000243295.1	Trichechus manatus latirostris	Mammalia	Sirenia	ITPR1	0	found_annotated	informative10	15	8	10	15	15	1	ARL8B;BHLHE40;CAV3;CRBN;EDEM1;GRM7;IL5RA;LMCD1;LRRN1;OXTR;RAD18;SRGAP3;SSUH2;SUMF1;TRNT1
Trichechus_manatus_latirostris|GCF_000243295.1|ITPR2.0	GCF_000243295.1	Trichechus manatus latirostris	Mammalia	Sirenia	ITPR2	0	found_annotated	informative10	20	11	10	20	20	1	BCAT1;BHLHE41;BMAL2;CUNH12ORF71;DNAI7;ETFRF1;FGFR1OP2;INTS13;IRAG2;KRAS;LMNTD1;MED21;PPFIBP1;RASSF8;REP15;SMCO2;SOX5;SSPN;STK38L;TM7SF3
Trichechus_manatus_latirostris|GCF_000243295.1|ITPR3.0	GCF_000243295.1	Trichechus manatus latirostris	Mammalia	Sirenia	ITPR3	0	found_annotated	informative10	20	11	10	20	19	1	BAK1;BLTP3A;CUTA;DAXX;GRM4;HMGA1;ILRUN;KIFC1;NUDT3;PACSIN1;PHF1;RGL2;RPS10;SMIM29;SNRPC;SPDEF;SYNGAP1;TAPBP;ZBTB22;ZBTB9
Trichechus_manatus_latirostris|GCF_000243295.1|RYR.0	GCF_000243295.1	Trichechus manatus latirostris	Mammalia	Sirenia	RYR	0	found_annotated	informative10	11	1	10	11	11	1	ACTN2;EDARADD;ERO1B;GNG4;GPR137B;HEATR1;LGALS8;LYST;MTR;NID1;ZP4
Trichechus_manatus_latirostris|GCF_000243295.1|RYR.1	GCF_000243295.1	Trichechus manatus latirostris	Mammalia	Sirenia	RYR	1	found_annotated	informative10	20	10	15	20	19	0	ACTN4;CAPN12;CATSPERG;CUNH19ORF33;EIF3K;FAM98C;GGN;HNRNPL;KCNK6;LGALS4;LGALS7;MAP4K1;NFKBIB;PSMD8;RASGRP4;RINL;SIRT2;SPINT2;SPRED3;YIF1B
Trichechus_manatus_latirostris|GCF_000243295.1|RYR.2	GCF_000243295.1	Trichechus manatus latirostris	Mammalia	Sirenia	RYR	2	found_annotated	informative10	19	16	11	19	18	0	ACTC1;AQR;ARHGAP11A;AVEN;CDIN1;CHRM5;DPH6;EMC4;EMC7;FMN1;GJD2;GREM1;KATNBL1;LPCAT4;NOP10;NUTM1;SCG5;SLC12A6;ZNF770
Orycteropus_afer_afer|GCF_000298275.1|ITPR1.0	GCF_000298275.1	Orycteropus afer afer	Mammalia	Tubulidentata	ITPR1	0	found_annotated	informative10	4	2	3	4	4	1	ARL8B;BHLHE40;EDEM1;SUMF1
Orycteropus_afer_afer|GCF_000298275.1|ITPR2.0	GCF_000298275.1	Orycteropus afer afer	Mammalia	Tubulidentata	ITPR2	0	found_annotated	informative10	18	8	10	18	18	1	ARNTL2;BHLHE41;CUNH12ORF71;DNAI7;ETFRF1;FGFR1OP2;INTS13;IRAG2;KRAS;LMNTD1;MED21;MRPS35;PPFIBP1;RASSF8;REP15;SSPN;STK38L;TM7SF3
Orycteropus_afer_afer|GCF_000298275.1|ITPR3.0	GCF_000298275.1	Orycteropus afer afer	Mammalia	Tubulidentata	ITPR3	0	found_annotated	informative10	20	12	11	20	19	1	BAK1;CUTA;DAXX;GRM4;HMGA1;ILRUN;KIFC1;LEMD2;MLN;PACSIN1;PFDN6;PHF1;RGL2;SMIM29;SNRPC;SPDEF;SYNGAP1;UHRF1BP1;ZBTB22;ZBTB9
Orycteropus_afer_afer|GCF_000298275.1|RYR.0	GCF_000298275.1	Orycteropus afer afer	Mammalia	Tubulidentata	RYR	0	found_annotated	informative10	10	0	10	10	10	1	CHML;CHRM3;FH;FMN2;GREM2;KMO;OPN3;RGS7;WDR64;ZP4
Orycteropus_afer_afer|GCF_000298275.1|RYR.1	GCF_000298275.1	Orycteropus afer afer	Mammalia	Tubulidentata	RYR	1	found_annotated	informative10	20	10	10	20	20	0	ACTN4;CAPN12;CATSPERG;CUNH19ORF33;ECH1;EIF3K;FAM98C;GGN;HNRNPL;KCNK6;LGALS4;MAP4K1;NFKBIB;PSMD8;RASGRP4;RINL;SIRT2;SPINT2;SPRED3;YIF1B
Orycteropus_afer_afer|GCF_000298275.1|RYR.2	GCF_000298275.1	Orycteropus afer afer	Mammalia	Tubulidentata	RYR	2	found_annotated	informative10	18	12	9	18	17	0	ACTC1;AQR;AVEN;CDIN1;CHRM5;DPH6;EMC4;EMC7;FMN1;GJD2;GREM1;KATNBL1;LPCAT4;MEIS2;NUTM1;SLC12A6;TMCO5A;ZNF770
Elephantulus_edwardii|GCF_000299155.1|ITPR1.0	GCF_000299155.1	Elephantulus edwardii	Mammalia	Macroscelidea	ITPR1	0	found_annotated	informative10	12	4	8	12	11	1	ARL8B;BHLHE40;CNTN4;CNTN6;CRBN;EDEM1;GRM7;IL5RA;LRRN1;SETMAR;SUMF1;TRNT1
Elephantulus_edwardii|GCF_000299155.1|ITPR2.0	GCF_000299155.1	Elephantulus edwardii	Mammalia	Macroscelidea	ITPR2	0	found_annotated	informative10	13	3	13	13	13	1	ARNTL2;ASUN;BHLHE41;FGFR1OP2;MANSC4;MED21;MRPS35;PPFIBP1;RASSF8;REP15;SSPN;STK38L;TM7SF3
Elephantulus_edwardii|GCF_000299155.1|ITPR3.0	GCF_000299155.1	Elephantulus edwardii	Mammalia	Macroscelidea	ITPR3	0	found_annotated	informative10	20	18	11	20	19	1	ANKS1A;BAK1;CUTA;DAXX;GRM4;IP6K3;KIFC1;LEMD2;MLN;NUDT3;PACSIN1;PHF1;RGL2;SPDEF;SYNGAP1;TAF11;TAPBP;UHRF1BP1;ZBTB22;ZBTB9
Elephantulus_edwardii|GCF_000299155.1|RYR.0	GCF_000299155.1	Elephantulus edwardii	Mammalia	Macroscelidea	RYR	0	found_annotated	informative10	12	4	11	12	12	1	ACTN2;EDARADD;ERO1LB;GNG4;GPR137B;HEATR1;LGALS8;LYST;MTR;NID1;SYN2;TIMP4
Elephantulus_edwardii|GCF_000299155.1|RYR.1	GCF_000299155.1	Elephantulus edwardii	Mammalia	Macroscelidea	RYR	1	found_annotated	informative10	14	10	5	14	14	0	ACTN4;CAPN12;CATSPERG;DPF1;EIF3K;GGN;KCNK6;MAP4K1;PPP1R14A;PSMD8;RASGRP4;SPINT2;SPRED3;YIF1B
Elephantulus_edwardii|GCF_000299155.1|RYR.2	GCF_000299155.1	Elephantulus edwardii	Mammalia	Macroscelidea	RYR	2	found_annotated	informative10	19	14	60	19	18	0	ACTC1;AQR;ARHGAP11A;AVEN;CHRM5;DPH6;EMC4;EMC7;FMN1;GJD2;GREM1;KATNBL1;LPCAT4;NOP10;NUTM1;SCG5;SLC12A6;SPRED1;ZNF770
Tupaia_belangeri_chinensis|GCF_000334495.1|ITPR1.0	GCF_000334495.1	Tupaia belangeri chinensis	Mammalia	Scandentia	ITPR1	0	found_annotated	informative10	4	0	4	4	4	1	ARL8B;BHLHE40;EDEM1;GRM7
Tupaia_belangeri_chinensis|GCF_000334495.1|ITPR2.0	GCF_000334495.1	Tupaia belangeri chinensis	Mammalia	Scandentia	ITPR2	0	found_annotated	informative10	20	11	12	20	20	1	BCAT1;BHLHE41;BMAL2;CUNH12ORF71;DNAI7;ETFRF1;FGFR1OP2;INTS13;IRAG2;KRAS;LMNTD1;MED21;PPFIBP1;RASSF8;REP15;SMCO2;SOX5;SSPN;STK38L;TM7SF3
Tupaia_belangeri_chinensis|GCF_000334495.1|ITPR3.0	GCF_000334495.1	Tupaia belangeri chinensis	Mammalia	Scandentia	ITPR3	0	found_annotated	informative10	20	10	11	20	19	1	BAK1;CUTA;DAXX;GRM4;HMGA1;IP6K3;KIFC1;LEMD2;MLN;NUDT3;PACSIN1;PHF1;RGL2;RPS10;SMIM29;SPDEF;SYNGAP1;TAPBP;ZBTB22;ZBTB9
Tupaia_belangeri_chinensis|GCF_000334495.1|RYR.0	GCF_000334495.1	Tupaia belangeri chinensis	Mammalia	Scandentia	RYR	0	found_annotated	informative10	11	1	10	11	11	0	ACTN2;CHRM3;EDARADD;ERO1B;GNG4;GPR137B;HEATR1;LGALS8;LYST;MTR;NID1
Tupaia_belangeri_chinensis|GCF_000334495.1|RYR.1	GCF_000334495.1	Tupaia belangeri chinensis	Mammalia	Scandentia	RYR	1	found_annotated	informative10	20	12	13	20	20	1	ACTN4;CAPN12;CATSPERG;CUNH19ORF33;DPF1;ECH1;EIF3K;GGN;HNRNPL;KCNK6;LGALS4;MAP4K1;NFKBIB;PSMD8;RASGRP4;RINL;SIRT2;SPRED3;TSLIG3C;YIF1B
Egretta_garzetta|GCF_000687185.1|ITPR1.0	GCF_000687185.1	Egretta garzetta	Aves	Pelecaniformes	ITPR1	0	found_annotated	informative10	13	4	11	13	11	1	ARL8B;BHLHE40;CHL1;CNTN3;CNTN4;CNTN6;CRBN;EDEM1;IL5RA;LRRN1;PDZRN3;SUMF1;TRNT1
Egretta_garzetta|GCF_000687185.1|ITPR2.0	GCF_000687185.1	Egretta garzetta	Aves	Pelecaniformes	ITPR2	0	found_annotated	informative10	20	10	13	20	20	1	ARFGAP3;ARNTL2;CFAP94;ETFRF1;FGFR1OP2;GYS2;INTS13;IRAG2;KCNJ8;KRAS;LDHB;MED21;PACSIN2;PPFIBP1;RASSF8;REP15;SPX;SSPN;STK38L;TM7SF3
Egretta_garzetta|GCF_000687185.1|ITPR3.0	GCF_000687185.1	Egretta garzetta	Aves	Pelecaniformes	ITPR3	0	found_annotated	informative10	20	11	14	20	20	1	ANKS1A;APOBEC2;BAK1;FOXP4;FRS3;GRM4;ILRUN;MDFI;NFYA;NUDT3;OARD1;PACSIN1;SNRPC;SPDEF;TAF11;TCP11;TFEB;TREM2;UHRF1BP1;USP49
Egretta_garzetta|GCF_000687185.1|RYR.0	GCF_000687185.1	Egretta garzetta	Aves	Pelecaniformes	RYR	0	found_annotated	informative10	18	9	11	18	18	1	ARHGAP11A;AVEN;BMF;CDIN1;CHRM5;EIF2AK4;EMC7;FAM98B;FMN1;FSIP1;GPR176;GREM1;KATNBL1;MEIS2;RASGRP1;SPRED1;SRP14;THBS1
Egretta_garzetta|GCF_000687185.1|RYR.1	GCF_000687185.1	Egretta garzetta	Aves	Pelecaniformes	RYR	1	found_annotated	informative10	0	0	0	0	0	0	
Phaethon_lepturus|GCF_000687285.1|ITPR1.0	GCF_000687285.1	Phaethon lepturus	Aves	Phaethontiformes	ITPR1	0	assembly_gap	informative10	0	0	0	0	0	1	
Phaethon_lepturus|GCF_000687285.1|ITPR1.1	GCF_000687285.1	Phaethon lepturus	Aves	Phaethontiformes	ITPR1	1	assembly_gap	informative10	0	0	0	0	0	0	
Phaethon_lepturus|GCF_000687285.1|ITPR2.0	GCF_000687285.1	Phaethon lepturus	Aves	Phaethontiformes	ITPR2	0	assembly_gap	informative10	0	0	0	0	0	1	
Phaethon_lepturus|GCF_000687285.1|ITPR3.0	GCF_000687285.1	Phaethon lepturus	Aves	Phaethontiformes	ITPR3	0	found_annotated	informative10	0	0	0	0	0	1	
Phaethon_lepturus|GCF_000687285.1|RYR.0	GCF_000687285.1	Phaethon lepturus	Aves	Phaethontiformes	RYR	0	found_annotated	informative10	1	1	0	1	1	1	AVEN
Cariama_cristata|GCF_000690535.1|ITPR1.0	GCF_000690535.1	Cariama cristata	Aves	Cariamiformes	ITPR1	0	found_annotated	informative10	0	0	0	0	0	1	
Cariama_cristata|GCF_000690535.1|ITPR3.0	GCF_000690535.1	Cariama cristata	Aves	Cariamiformes	ITPR3	0	found_annotated	informative10	0	1	0	0	0	1	
Cariama_cristata|GCF_000690535.1|RYR.0	GCF_000690535.1	Cariama cristata	Aves	Cariamiformes	RYR	0	assembly_gap	informative10	0	0	0	0	0	1	
Cariama_cristata|GCF_000690535.1|RYR.1	GCF_000690535.1	Cariama cristata	Aves	Cariamiformes	RYR	1	assembly_gap	informative10	0	0	0	0	0	0	
Cariama_cristata|GCF_000690535.1|RYR.2	GCF_000690535.1	Cariama cristata	Aves	Cariamiformes	RYR	2	assembly_gap	informative10	1	1	0	1	1	0	AVEN
Eurypyga_helias|GCF_000690775.1|ITPR1.0	GCF_000690775.1	Eurypyga helias	Aves	Eurypygiformes	ITPR1	0	found_annotated	informative10	0	0	0	0	0	1	
Eurypyga_helias|GCF_000690775.1|ITPR3.0	GCF_000690775.1	Eurypyga helias	Aves	Eurypygiformes	ITPR3	0	found_annotated	informative10	0	0	0	0	0	1	
Eurypyga_helias|GCF_000690775.1|RYR.0	GCF_000690775.1	Eurypyga helias	Aves	Eurypygiformes	RYR	0	assembly_gap	informative10	0	0	0	0	0	0	
Eurypyga_helias|GCF_000690775.1|RYR.1	GCF_000690775.1	Eurypyga helias	Aves	Eurypygiformes	RYR	1	assembly_gap	informative10	0	0	0	0	0	1	
Eurypyga_helias|GCF_000690775.1|RYR.2	GCF_000690775.1	Eurypyga helias	Aves	Eurypygiformes	RYR	2	assembly_gap	informative10	0	0	0	0	0	0	
Eurypyga_helias|GCF_000690775.1|RYR.3	GCF_000690775.1	Eurypyga helias	Aves	Eurypygiformes	RYR	3	assembly_gap	informative10	0	0	0	0	0	0	
Eurypyga_helias|GCF_000690775.1|RYR.4	GCF_000690775.1	Eurypyga helias	Aves	Eurypygiformes	RYR	4	assembly_gap	informative10	0	0	0	0	0	0	
Fulmarus_glacialis|GCF_000690835.1|ITPR1.0	GCF_000690835.1	Fulmarus glacialis	Aves	Procellariiformes	ITPR1	0	assembly_gap	informative10	0	0	0	0	0	1	
Fulmarus_glacialis|GCF_000690835.1|ITPR1.1	GCF_000690835.1	Fulmarus glacialis	Aves	Procellariiformes	ITPR1	1	assembly_gap	informative10	0	0	0	0	0	0	
Fulmarus_glacialis|GCF_000690835.1|ITPR2.0	GCF_000690835.1	Fulmarus glacialis	Aves	Procellariiformes	ITPR2	0	assembly_gap	informative10	0	0	0	0	0	1	
Fulmarus_glacialis|GCF_000690835.1|ITPR3.0	GCF_000690835.1	Fulmarus glacialis	Aves	Procellariiformes	ITPR3	0	found_annotated	informative10	0	0	1	0	0	1	
Fulmarus_glacialis|GCF_000690835.1|RYR.0	GCF_000690835.1	Fulmarus glacialis	Aves	Procellariiformes	RYR	0	assembly_gap	informative10	0	0	0	0	0	1	
Fulmarus_glacialis|GCF_000690835.1|RYR.1	GCF_000690835.1	Fulmarus glacialis	Aves	Procellariiformes	RYR	1	assembly_gap	informative10	0	0	0	0	0	0	
Fulmarus_glacialis|GCF_000690835.1|RYR.2	GCF_000690835.1	Fulmarus glacialis	Aves	Procellariiformes	RYR	2	assembly_gap	informative10	0	0	0	0	0	0	
Merops_nubicus|GCF_000691845.1|ITPR1.0	GCF_000691845.1	Merops nubicus	Aves	Coraciiformes	ITPR1	0	assembly_gap	informative10	0	0	0	0	0	1	
Merops_nubicus|GCF_000691845.1|ITPR1.1	GCF_000691845.1	Merops nubicus	Aves	Coraciiformes	ITPR1	1	assembly_gap	informative10	0	0	0	0	0	0	
Merops_nubicus|GCF_000691845.1|ITPR1.2	GCF_000691845.1	Merops nubicus	Aves	Coraciiformes	ITPR1	2	assembly_gap	informative10	0	0	0	0	0	0	
Merops_nubicus|GCF_000691845.1|ITPR2.0	GCF_000691845.1	Merops nubicus	Aves	Coraciiformes	ITPR2	0	assembly_gap	informative10	0	0	0	0	0	1	
Merops_nubicus|GCF_000691845.1|ITPR2.1	GCF_000691845.1	Merops nubicus	Aves	Coraciiformes	ITPR2	1	assembly_gap	informative10	1	0	1	1	1	0	SSPN
Merops_nubicus|GCF_000691845.1|ITPR3.0	GCF_000691845.1	Merops nubicus	Aves	Coraciiformes	ITPR3	0	assembly_gap	informative10	0	1	0	0	0	1	
Merops_nubicus|GCF_000691845.1|ITPR3.1	GCF_000691845.1	Merops nubicus	Aves	Coraciiformes	ITPR3	1	assembly_gap	informative10	0	0	0	0	0	0	
Merops_nubicus|GCF_000691845.1|RYR.0	GCF_000691845.1	Merops nubicus	Aves	Coraciiformes	RYR	0	found_annotated	informative10	0	0	0	0	0	1	
Merops_nubicus|GCF_000691845.1|RYR.1	GCF_000691845.1	Merops nubicus	Aves	Coraciiformes	RYR	1	found_annotated	informative10	1	0	1	1	1	0	AVEN
Corvus_brachyrhynchos|GCF_000691975.1|ITPR1.0	GCF_000691975.1	Corvus brachyrhynchos	Aves	Passeriformes	ITPR1	0	found_annotated	informative10	16	7	10	16	16	1	ARL8B;BHLHE40;CAV3;CNTN4;CRBN;EDEM1;GRM7;IL5RA;LMCD1;LRRN1;OXTR;RAD18;SRGAP3;SUMF1;THUMPD3;TRNT1
Corvus_brachyrhynchos|GCF_000691975.1|ITPR2.0	GCF_000691975.1	Corvus brachyrhynchos	Aves	Passeriformes	ITPR2	0	found_annotated	informative10	20	15	16	20	20	1	ARFGAP3;ARNTL2;ASUN;CUNH12ORF4;DYRK4;FGF6;FGFR1OP2;KRAS;LRMP;LYRM5;MED21;PPFIBP1;RAD51AP1;RASSF8;REP15;SPX;SSPN;STK38L;TIGAR;TM7SF3
Corvus_brachyrhynchos|GCF_000691975.1|ITPR3.0	GCF_000691975.1	Corvus brachyrhynchos	Aves	Passeriformes	ITPR3	0	found_annotated	informative10	20	14	13	20	20	1	APOBEC2;BAK1;CUNH6ORF106;FOXP4;FRS3;GRM4;HMGA1;IP6K3;LEMD2;MDFI;NFYA;NUDT3;OARD1;PACSIN1;SNRPC;SPDEF;TFEB;TREM2;TSPO2;UHRF1BP1
Corvus_brachyrhynchos|GCF_000691975.1|RYR.0	GCF_000691975.1	Corvus brachyrhynchos	Aves	Passeriformes	RYR	0	found_annotated	informative10	20	11	11	20	20	1	ARHGAP11A;AVEN;BMF;CHRM5;CUNH15ORF41;DPH6;EIF2AK4;EMC7;FAM98B;FMN1;FSIP1;GPR176;GREM1;KATNBL1;MEIS2;RASGRP1;SCG5;SPRED1;SRP14;THBS1
Corvus_brachyrhynchos|GCF_000691975.1|RYR.1	GCF_000691975.1	Corvus brachyrhynchos	Aves	Passeriformes	RYR	1	found_annotated	informative10	10	0	10	10	10	0	ACTN2;EDARADD;ERO1B;GNG4;GPR137B;HEATR1;LGALS8;LYST;MTR;NID1
Mesitornis_unicolor|GCF_000695765.1|ITPR1.0	GCF_000695765.1	Mesitornis unicolor	Aves	Mesitornithiformes	ITPR1	0	found_annotated	informative10	0	0	0	0	0	1	
Mesitornis_unicolor|GCF_000695765.1|ITPR2.0	GCF_000695765.1	Mesitornis unicolor	Aves	Mesitornithiformes	ITPR2	0	fragment	informative10	0	0	0	0	0	1	
Mesitornis_unicolor|GCF_000695765.1|ITPR3.0	GCF_000695765.1	Mesitornis unicolor	Aves	Mesitornithiformes	ITPR3	0	found_annotated	informative10	0	0	0	0	0	1	
Mesitornis_unicolor|GCF_000695765.1|RYR.0	GCF_000695765.1	Mesitornis unicolor	Aves	Mesitornithiformes	RYR	0	assembly_gap	informative10	0	0	0	0	0	1	
Mesitornis_unicolor|GCF_000695765.1|RYR.1	GCF_000695765.1	Mesitornis unicolor	Aves	Mesitornithiformes	RYR	1	assembly_gap	informative10	0	0	0	0	0	0	
Mesitornis_unicolor|GCF_000695765.1|RYR.2	GCF_000695765.1	Mesitornis unicolor	Aves	Mesitornithiformes	RYR	2	assembly_gap	informative10	0	0	0	0	0	0	
Mesitornis_unicolor|GCF_000695765.1|RYR.3	GCF_000695765.1	Mesitornis unicolor	Aves	Mesitornithiformes	RYR	3	assembly_gap	informative10	0	0	0	0	0	0	
Mesitornis_unicolor|GCF_000695765.1|RYR.4	GCF_000695765.1	Mesitornis unicolor	Aves	Mesitornithiformes	RYR	4	assembly_gap	informative10	0	0	0	0	0	0	
Mesitornis_unicolor|GCF_000695765.1|RYR.5	GCF_000695765.1	Mesitornis unicolor	Aves	Mesitornithiformes	RYR	5	assembly_gap	informative10	0	0	0	0	0	0	
Acanthisitta_chloris|GCF_000695815.1|ITPR1.0	GCF_000695815.1	Acanthisitta chloris	Aves	Passeriformes	ITPR1	0	found_annotated	informative10	0	0	0	0	0	1	
Acanthisitta_chloris|GCF_000695815.1|ITPR2.0	GCF_000695815.1	Acanthisitta chloris	Aves	Passeriformes	ITPR2	0	fragment	informative10	0	0	0	0	0	1	
Acanthisitta_chloris|GCF_000695815.1|ITPR3.0	GCF_000695815.1	Acanthisitta chloris	Aves	Passeriformes	ITPR3	0	found_annotated	informative10	0	0	0	0	0	1	
Acanthisitta_chloris|GCF_000695815.1|RYR.0	GCF_000695815.1	Acanthisitta chloris	Aves	Passeriformes	RYR	0	found_annotated	informative10	0	0	0	0	0	1	
Nestor_notabilis|GCF_000696875.1|ITPR1.0	GCF_000696875.1	Nestor notabilis	Aves	Psittaciformes	ITPR1	0	found_annotated	informative10	0	0	0	0	0	1	
Nestor_notabilis|GCF_000696875.1|ITPR2.0	GCF_000696875.1	Nestor notabilis	Aves	Psittaciformes	ITPR2	0	assembly_gap	informative10	0	0	0	0	0	1	
Nestor_notabilis|GCF_000696875.1|ITPR3.0	GCF_000696875.1	Nestor notabilis	Aves	Psittaciformes	ITPR3	0	found_annotated	informative10	0	1	0	0	0	1	
Nestor_notabilis|GCF_000696875.1|RYR.0	GCF_000696875.1	Nestor notabilis	Aves	Psittaciformes	RYR	0	assembly_gap	informative10	1	1	0	1	1	1	AVEN
Nestor_notabilis|GCF_000696875.1|RYR.1	GCF_000696875.1	Nestor notabilis	Aves	Psittaciformes	RYR	1	assembly_gap	informative10	0	0	0	0	0	0	
Nestor_notabilis|GCF_000696875.1|RYR.2	GCF_000696875.1	Nestor notabilis	Aves	Psittaciformes	RYR	2	assembly_gap	informative10	0	0	0	0	0	0	
Nestor_notabilis|GCF_000696875.1|RYR.3	GCF_000696875.1	Nestor notabilis	Aves	Psittaciformes	RYR	3	assembly_gap	informative10	0	0	0	0	0	0	
Nestor_notabilis|GCF_000696875.1|RYR.4	GCF_000696875.1	Nestor notabilis	Aves	Psittaciformes	RYR	4	assembly_gap	informative10	0	0	0	0	0	0	
Struthio_camelus_australis|GCF_000698965.1|ITPR1.0	GCF_000698965.1	Struthio camelus australis	Aves	Struthioniformes	ITPR1	0	found_annotated	informative10	10	0	12	10	8	1	CHL1;CNTN3;CNTN4;CNTN6;CRBN;IL5RA;LRRN1;PDZRN3;SUMF1;TRNT1
Struthio_camelus_australis|GCF_000698965.1|ITPR2.0	GCF_000698965.1	Struthio camelus australis	Aves	Struthioniformes	ITPR2	0	found_annotated	informative10	10	10	0	10	10	1	CASC1;CCDC155;GYS2;KRAS;LMNTD1;LRMP;LYRM5;RASSF8;SPX;SSPN
Struthio_camelus_australis|GCF_000698965.1|ITPR3.0	GCF_000698965.1	Struthio camelus australis	Aves	Struthioniformes	ITPR3	0	found_annotated	informative10	15	9	14	15	15	1	ANKS1A;APOBEC2;BAK1;NFYA;NUDT3;OARD1;PACSIN1;RPL10A;RPS10;SCUBE3;SNRPC;TAF11;TCP11;TSPO2;UHRF1BP1
Struthio_camelus_australis|GCF_000698965.1|RYR.0	GCF_000698965.1	Struthio camelus australis	Aves	Struthioniformes	RYR	0	found_annotated	informative10	8	8	0	8	8	1	ACTN2;EDARADD;ERO1LB;GPR137B;HEATR1;LGALS8;MTR;NID1
Struthio_camelus_australis|GCF_000698965.1|RYR.1	GCF_000698965.1	Struthio camelus australis	Aves	Struthioniformes	RYR	1	found_annotated	informative10	10	0	11	10	10	0	AVEN;BMF;CHRM5;EIF2AK4;EMC7;FSIP1;GPR176;KATNBL1;SRP14;THBS1
Pygoscelis_adeliae|GCF_000699105.1|ITPR1.0	GCF_000699105.1	Pygoscelis adeliae	Aves	Sphenisciformes	ITPR1	0	found_annotated	informative10	11	3	9	11	10	1	ARL8B;BHLHE40;CHL1;CNTN4;CNTN6;CRBN;EDEM1;IL5RA;LRRN1;SUMF1;TRNT1
Pygoscelis_adeliae|GCF_000699105.1|ITPR2.0	GCF_000699105.1	Pygoscelis adeliae	Aves	Sphenisciformes	ITPR2	0	found_annotated	informative10	20	14	10	20	20	1	A4GALT;ARFGAP3;ARNTL2;ASUN;CASC1;FGFR1OP2;GYS2;KCNJ8;KRAS;LDHB;LMNTD1;LRMP;LYRM5;MED21;PACSIN2;RASSF8;REP15;SSPN;STK38L;TM7SF3
Pygoscelis_adeliae|GCF_000699105.1|ITPR3.0	GCF_000699105.1	Pygoscelis adeliae	Aves	Sphenisciformes	ITPR3	0	found_annotated	informative10	20	13	14	20	20	1	APOBEC2;BAK1;FOXP4;FRS3;GRM4;IP6K3;LEMD2;MDFI;MLN;NFYA;NUDT3;OARD1;PACSIN1;PGC;RPS10;SNRPC;TAF11;TFEB;TSPO2;UHRF1BP1
Pygoscelis_adeliae|GCF_000699105.1|RYR.0	GCF_000699105.1	Pygoscelis adeliae	Aves	Sphenisciformes	RYR	0	found_annotated	informative10	17	7	10	17	17	0	ACTN2;CHRM3;EDARADD;ERO1LB;FMN2;GNG4;GPR137B;GREM2;HEATR1;LGALS8;LYST;MTR;NID1;OPN3;PIGM;RGS7;WDR64
Pygoscelis_adeliae|GCF_000699105.1|RYR.1	GCF_000699105.1	Pygoscelis adeliae	Aves	Sphenisciformes	RYR	1	found_annotated	informative10	19	11	10	19	19	1	ARHGAP11A;AVEN;BMF;CHRM5;DPH6;EIF2AK4;EMC7;FAM98B;FMN1;FSIP1;GPR176;GREM1;KATNBL1;MEIS2;RASGRP1;SCG5;SPRED1;SRP14;THBS1
Aptenodytes_forsteri|GCF_000699145.1|ITPR1.0	GCF_000699145.1	Aptenodytes forsteri	Aves	Sphenisciformes	ITPR1	0	found_annotated	informative10	17	8	11	17	16	1	ARL8B;BHLHE40;CAV3;CNTN4;CNTN6;CRBN;EDEM1;GRM7;IL5RA;LMCD1;LRRN1;OXTR;RAD18;SRGAP3;SSUH2;SUMF1;TRNT1
Aptenodytes_forsteri|GCF_000699145.1|ITPR2.0	GCF_000699145.1	Aptenodytes forsteri	Aves	Sphenisciformes	ITPR2	0	found_annotated	informative10	20	10	16	20	20	1	ARFGAP3;ARNTL2;ASUN;BHLHE41;CASC1;ETFRF1;FGFR1OP2;GYS2;KRAS;LDHB;LRMP;MED21;PACSIN2;PPFIBP1;RASSF8;REP15;SPX;SSPN;STK38L;TM7SF3
Aptenodytes_forsteri|GCF_000699145.1|ITPR3.0	GCF_000699145.1	Aptenodytes forsteri	Aves	Sphenisciformes	ITPR3	0	found_annotated	informative10	20	16	10	20	20	1	APOBEC2;BAK1;CUNH6ORF106;FOXP4;GRM4;HMGA1;MDFI;NFYA;NUDT3;OARD1;PACSIN1;PRICKLE4;RPS10;SNRPC;SPDEF;TAF11;TFEB;TSPO2;UHRF1BP1;USP49
Aptenodytes_forsteri|GCF_000699145.1|RYR.0	GCF_000699145.1	Aptenodytes forsteri	Aves	Sphenisciformes	RYR	0	found_annotated	informative10	10	12	0	10	10	0	CHRM3;EXO1;FMN2;GREM2;MAP1LC3C;OPN3;PIGM;PLD5;RGS7;WDR64
Aptenodytes_forsteri|GCF_000699145.1|RYR.1	GCF_000699145.1	Aptenodytes forsteri	Aves	Sphenisciformes	RYR	1	found_annotated	informative10	19	11	9	19	19	1	AVEN;BMF;CHRM5;COPS4;EIF2AK4;EMC7;ENOPH1;FSIP1;GPR176;HNRNPD;HNRNPDL;KATNBL1;LIN54;SCD5;SEC31A;SRP14;THAP9;THBS1;TMEM150C
Pterocles_gutturalis|GCF_000699245.1|ITPR1.0	GCF_000699245.1	Pterocles gutturalis	Aves	Pterocliformes	ITPR1	0	found_annotated	informative10	0	0	0	0	0	1	
Pterocles_gutturalis|GCF_000699245.1|ITPR2.0	GCF_000699245.1	Pterocles gutturalis	Aves	Pterocliformes	ITPR2	0	fragment	informative10	0	0	0	0	0	1	
Pterocles_gutturalis|GCF_000699245.1|ITPR3.0	GCF_000699245.1	Pterocles gutturalis	Aves	Pterocliformes	ITPR3	0	found_annotated	informative10	0	1	0	0	0	1	
Pterocles_gutturalis|GCF_000699245.1|RYR.0	GCF_000699245.1	Pterocles gutturalis	Aves	Pterocliformes	RYR	0	found_annotated	informative10	0	0	0	0	0	1	
Pterocles_gutturalis|GCF_000699245.1|RYR.1	GCF_000699245.1	Pterocles gutturalis	Aves	Pterocliformes	RYR	1	found_annotated	informative10	0	0	0	0	0	0	
Antrostomus_carolinensis|GCF_000700745.2|ITPR1.0	GCF_000700745.2	Antrostomus carolinensis	Aves	Caprimulgiformes	ITPR1	0	found_annotated	informative10	0	0	0	0	0	1	
Antrostomus_carolinensis|GCF_000700745.2|ITPR3.0	GCF_000700745.2	Antrostomus carolinensis	Aves	Caprimulgiformes	ITPR3	0	found_annotated	informative10	1	0	1	1	1	1	UQCC2
Antrostomus_carolinensis|GCF_000700745.2|RYR.0	GCF_000700745.2	Antrostomus carolinensis	Aves	Caprimulgiformes	RYR	0	assembly_gap	informative10	0	0	0	0	0	1	
Antrostomus_carolinensis|GCF_000700745.2|RYR.1	GCF_000700745.2	Antrostomus carolinensis	Aves	Caprimulgiformes	RYR	1	assembly_gap	informative10	0	0	0	0	0	0	
Antrostomus_carolinensis|GCF_000700745.2|RYR.2	GCF_000700745.2	Antrostomus carolinensis	Aves	Caprimulgiformes	RYR	2	assembly_gap	informative10	0	0	0	0	0	0	
Antrostomus_carolinensis|GCF_000700745.2|RYR.3	GCF_000700745.2	Antrostomus carolinensis	Aves	Caprimulgiformes	RYR	3	assembly_gap	informative10	0	0	0	0	0	0	
Antrostomus_carolinensis|GCF_000700745.2|RYR.4	GCF_000700745.2	Antrostomus carolinensis	Aves	Caprimulgiformes	RYR	4	assembly_gap	informative10	0	0	0	0	0	0	
Antrostomus_carolinensis|GCF_000700745.2|RYR.5	GCF_000700745.2	Antrostomus carolinensis	Aves	Caprimulgiformes	RYR	5	assembly_gap	informative10	0	0	0	0	0	0	
Apaloderma_vittatum|GCF_000703405.1|ITPR3.0	GCF_000703405.1	Apaloderma vittatum	Aves	Trogoniformes	ITPR3	0	found_annotated	informative10	0	0	1	0	0	1	
Apaloderma_vittatum|GCF_000703405.1|RYR.0	GCF_000703405.1	Apaloderma vittatum	Aves	Trogoniformes	RYR	0	assembly_gap	informative10	0	0	0	0	0	0	
Apaloderma_vittatum|GCF_000703405.1|RYR.1	GCF_000703405.1	Apaloderma vittatum	Aves	Trogoniformes	RYR	1	assembly_gap	informative10	1	1	0	1	1	1	AVEN
Apaloderma_vittatum|GCF_000703405.1|RYR.2	GCF_000703405.1	Apaloderma vittatum	Aves	Trogoniformes	RYR	2	assembly_gap	informative10	0	0	0	0	0	0	
Apaloderma_vittatum|GCF_000703405.1|RYR.3	GCF_000703405.1	Apaloderma vittatum	Aves	Trogoniformes	RYR	3	assembly_gap	informative10	0	0	0	0	0	0	
Apaloderma_vittatum|GCF_000703405.1|RYR.4	GCF_000703405.1	Apaloderma vittatum	Aves	Trogoniformes	RYR	4	assembly_gap	informative10	0	0	0	0	0	0	
Apaloderma_vittatum|GCF_000703405.1|RYR.5	GCF_000703405.1	Apaloderma vittatum	Aves	Trogoniformes	RYR	5	assembly_gap	informative10	0	0	0	0	0	0	
Tinamus_guttatus|GCF_000705375.1|ITPR1.0	GCF_000705375.1	Tinamus guttatus	Aves	Tinamiformes	ITPR1	0	found_annotated	informative10	2	0	2	2	2	1	ARL8B;BHLHE40
Tinamus_guttatus|GCF_000705375.1|ITPR3.0	GCF_000705375.1	Tinamus guttatus	Aves	Tinamiformes	ITPR3	0	assembly_gap	informative10	8	12	0	8	8	1	GRM4;HMGA1;IP6K3;LEMD2;MLN;PACSIN1;RPS10;SNRPC
Tinamus_guttatus|GCF_000705375.1|RYR.0	GCF_000705375.1	Tinamus guttatus	Aves	Tinamiformes	RYR	0	found_annotated	informative10	0	0	0	0	0	1	
Tinamus_guttatus|GCF_000705375.1|RYR.1	GCF_000705375.1	Tinamus guttatus	Aves	Tinamiformes	RYR	1	found_annotated	informative10	0	1	0	0	0	0	
Charadrius_vociferus|GCF_000708025.1|ITPR1.0	GCF_000708025.1	Charadrius vociferus	Aves	Charadriiformes	ITPR1	0	found_annotated	informative10	18	9	10	18	17	1	ARL8B;BHLHE40;CAV3;CHL1;CNTN4;CNTN6;CRBN;EDEM1;GRM7;IL5RA;LMCD1;LRRN1;OXTR;RAD18;SRGAP3;SSUH2;SUMF1;TRNT1
Charadrius_vociferus|GCF_000708025.1|ITPR2.0	GCF_000708025.1	Charadrius vociferus	Aves	Charadriiformes	ITPR2	0	found_annotated	informative10	20	10	16	20	20	1	ABCC9;ARFGAP3;ARNTL2;ASUN;CASC1;FGFR1OP2;GYS2;KCNJ8;KRAS;LDHB;LMNTD1;LRMP;LYRM5;MED21;PACSIN2;RASSF8;REP15;STK38L;TM7SF3;TTLL1
Charadrius_vociferus|GCF_000708025.1|ITPR3.0	GCF_000708025.1	Charadrius vociferus	Aves	Charadriiformes	ITPR3	0	found_annotated	informative10	20	13	12	20	20	1	ANKS1A;APOBEC2;BAK1;FOXP4;FRS3;GRM4;HMGA1;MDFI;NFYA;OARD1;PACSIN1;PGC;SCUBE3;SNRPC;SPDEF;TAF11;TCP11;TFEB;TSPO2;UHRF1BP1
Charadrius_vociferus|GCF_000708025.1|RYR.0	GCF_000708025.1	Charadrius vociferus	Aves	Charadriiformes	RYR	0	found_annotated	informative10	11	1	10	11	11	1	CHRM3;EXO1;FMN2;GREM2;MAP1LC3C;MTR;OPN3;PIGM;PLD5;RGS7;WDR64
Charadrius_vociferus|GCF_000708025.1|RYR.1	GCF_000708025.1	Charadrius vociferus	Aves	Charadriiformes	RYR	1	found_annotated	informative10	10	0	11	10	10	0	ARHGAP11A;DPH6;FAM98B;FMN1;GREM1;MEIS2;RASGRP1;SCG5;SPRED1;ZNF770
Buceros_rhinoceros_silvestris|GCF_000710305.1|ITPR3.0	GCF_000710305.1	Buceros rhinoceros silvestris	Aves	Bucerotiformes	ITPR3	0	found_annotated	informative10	0	0	1	0	0	1	
Buceros_rhinoceros_silvestris|GCF_000710305.1|RYR.0	GCF_000710305.1	Buceros rhinoceros silvestris	Aves	Bucerotiformes	RYR	0	found_annotated	informative10	0	0	0	0	0	1	
Buceros_rhinoceros_silvestris|GCF_000710305.1|RYR.1	GCF_000710305.1	Buceros rhinoceros silvestris	Aves	Bucerotiformes	RYR	1	found_annotated	informative10	0	0	0	0	0	0	
Chaetura_pelagica|GCF_000747805.2|ITPR1.0	GCF_000747805.2	Chaetura pelagica	Aves	Apodiformes	ITPR1	0	found_annotated	informative10	17	8	10	17	16	1	ARL8B;BHLHE40;CAV3;CNTN4;CNTN6;CRBN;EDEM1;GRM7;IL5RA;LMCD1;LRRN1;OXTR;RAD18;SRGAP3;SUMF1;THUMPD3;TRNT1
Chaetura_pelagica|GCF_000747805.2|ITPR2.0	GCF_000747805.2	Chaetura pelagica	Aves	Apodiformes	ITPR2	0	found_annotated	informative10	10	10	0	10	10	1	AICDA;ARNTL2;ASUN;FGFR1OP2;MED21;MFAP5;PPFIBP1;RIMKLB;STK38L;TM7SF3
Chaetura_pelagica|GCF_000747805.2|ITPR3.0	GCF_000747805.2	Chaetura pelagica	Aves	Apodiformes	ITPR3	0	found_annotated	informative10	20	15	12	20	20	1	APOBEC2;BAK1;FOXP4;FRS3;GRM4;HMGA1;IP6K3;LEMD2;MDFI;MLN;NFYA;NUDT3;OARD1;PACSIN1;PGC;RPS10;SNRPC;SPDEF;TFEB;TSPO2
Chaetura_pelagica|GCF_000747805.2|RYR.0	GCF_000747805.2	Chaetura pelagica	Aves	Apodiformes	RYR	0	found_annotated	informative10	14	4	10	14	14	0	ACTN2;CHRM3;EDARADD;ERO1LB;FMN2;GNG4;GPR137B;GREM2;HEATR1;LGALS8;LYST;MTR;NID1;RGS7
Chaetura_pelagica|GCF_000747805.2|RYR.1	GCF_000747805.2	Chaetura pelagica	Aves	Apodiformes	RYR	1	found_annotated	informative10	20	10	11	20	20	1	ARHGAP11A;AVEN;BMF;CHRM5;DPH6;EIF2AK4;EMC7;FAM98B;FMN1;FSIP1;GPR176;GREM1;KATNBL1;MEIS2;RASGRP1;SCG5;SPRED1;SRP14;THBS1;ZNF770
Manacus_vitellinus|GCF_001715985.3|ITPR1.0	GCF_001715985.3	Manacus vitellinus	Aves	Passeriformes	ITPR1	0	found_annotated	informative10	20	12	12	20	18	1	ARL8B;BHLHE40;CAV3;CHL1;CNTN3;CNTN4;CNTN6;CRBN;EDEM1;GRM7;IL5RA;LMCD1;LRRN1;OXTR;PDZRN3;RAD18;SUMF1;THUMPD3;TRNT1;VHL
Manacus_vitellinus|GCF_001715985.3|ITPR2.0	GCF_001715985.3	Manacus vitellinus	Aves	Passeriformes	ITPR2	0	found_annotated	informative10	20	10	11	20	20	1	A4GALT;ARNTL2;CASC1;ENDOU;ETFRF1;FGFR1OP2;GYS2;INTS13;KCNJ8;KRAS;LDHB;LRMP;MED21;PPFIBP1;RASSF8;REP15;SPX;SSPN;STK38L;TM7SF3
Manacus_vitellinus|GCF_001715985.3|ITPR3.0	GCF_001715985.3	Manacus vitellinus	Aves	Passeriformes	ITPR3	0	found_annotated	informative10	20	13	14	20	20	1	APOBEC2;BAK1;FOXP4;HMGA1;ILRUN;IP6K3;LEMD2;MDFI;MLN;NFYA;OARD1;PACSIN1;PGC;SNRPC;SPDEF;TAF11;TFEB;TREML2;TSPO2;UHRF1BP1
Manacus_vitellinus|GCF_001715985.3|RYR.0	GCF_001715985.3	Manacus vitellinus	Aves	Passeriformes	RYR	0	found_annotated	informative10	18	12	9	18	18	0	ACTN2;CHRM3;EDARADD;ERO1B;EXO1;FMN2;GPR137B;GREM2;HEATR1;LGALS8;MAP1LC3C;MTR;NID1;OPN3;PIGM;PLD5;RGS7;WDR64
Manacus_vitellinus|GCF_001715985.3|RYR.1	GCF_001715985.3	Manacus vitellinus	Aves	Passeriformes	RYR	1	found_annotated	informative10	20	11	13	20	20	1	ARHGAP11A;BMF;CHRM5;CUNH15ORF41;DPH6;EIF2AK4;EMC7;FAM98B;FSIP1;GPHN;GPR176;GREM1;KATNBL1;MEIS2;RASGRP1;SCG5;SPRED1;SRP14;THBS1;ZNF770
Nothoprocta_perdicaria|GCF_003342845.1|ITPR1.0	GCF_003342845.1	Nothoprocta perdicaria	Aves	Tinamiformes	ITPR1	0	found_annotated	informative10	20	10	12	20	20	1	APPL1;ARF4;ARL8B;ASB14;BHLHE40;CNTN4;CRBN;DENND6A;DNAH12;EDEM1;GRM7;IL5RA;LRRC30;LRRN1;MTCL1;PDE12;PTPRM;RAB12;SUMF1;TRNT1
Nothoprocta_perdicaria|GCF_003342845.1|ITPR2.0	GCF_003342845.1	Nothoprocta perdicaria	Aves	Tinamiformes	ITPR2	0	found_annotated	informative10	8	8	0	8	8	1	BHLHE41;CASC1;ETFRF1;KRAS;LMNTD1;LRMP;RASSF8;SSPN
Nothoprocta_perdicaria|GCF_003342845.1|ITPR3.0	GCF_003342845.1	Nothoprocta perdicaria	Aves	Tinamiformes	ITPR3	0	found_annotated	informative10	20	14	13	20	20	1	APOBEC2;BAK1;CUNH6ORF106;FOXP4;FRS3;GRM4;HMGA1;IP6K3;LEMD2;MDFI;MLN;NFYA;OARD1;PACSIN1;PGC;RPS10;SNRPC;SPDEF;TFEB;TREM1
Nothoprocta_perdicaria|GCF_003342845.1|RYR.0	GCF_003342845.1	Nothoprocta perdicaria	Aves	Tinamiformes	RYR	0	found_annotated	informative10	14	9	10	14	14	0	ACTN2;AFDN;DACT2;EDARADD;ERO1B;FRMD1;GPR137B;HEATR1;KIF25;LGALS8;MTR;NID1;TTLL2;UNC93A
Nothoprocta_perdicaria|GCF_003342845.1|RYR.1	GCF_003342845.1	Nothoprocta perdicaria	Aves	Tinamiformes	RYR	1	found_annotated	informative10	20	10	13	20	20	1	ARHGAP11A;AVEN;BMF;CHRM5;CUNH15ORF41;DPH6;EIF2AK4;EMC7;FAM98B;FSIP1;GPR176;GREM1;KATNBL1;MEIS2;RASGRP1;SCG5;SPRED1;SRP14;THBS1;ZNF770
Cricetulus_griseus|GCF_003668045.3|ITPR1.0	GCF_003668045.3	Cricetulus griseus	Mammalia	Rodentia	ITPR1	0	found_annotated	informative10	20	11	15	20	19	1	ARL8B;BHLHE40;CAV3;CHL1;CNTN3;CNTN4;CRBN;EDEM1;GRM7;IL5RA;LMCD1;LRRN1;OXTR;PDZRN3;PPP4R2;RAD18;SRGAP3;SSUH2;SUMF1;TRNT1
Cricetulus_griseus|GCF_003668045.3|ITPR2.0	GCF_003668045.3	Cricetulus griseus	Mammalia	Rodentia	ITPR2	0	found_annotated	informative10	20	11	11	20	20	1	ARNTL2;BCAT1;BHLHE41;CFAP94;CUNH12ORF71;ETFRF1;FGFR1OP2;INTS13;IRAG2;KRAS;LMNTD1;MED21;PPFIBP1;RASSF8;REP15;SMCO2;SOX5;SSPN;STK38L;TM7SF3
Cricetulus_griseus|GCF_003668045.3|ITPR3.0	GCF_003668045.3	Cricetulus griseus	Mammalia	Rodentia	ITPR3	0	found_annotated	informative10	20	13	12	20	19	1	BAK1;CUTA;DAXX;GRM4;HMGA1;ILRUN;KIFC1;PACSIN1;PFDN6;PHF1;RGL2;RPS10;SMIM29;SMIM40;SNRPC;SPDEF;TAF11;TAPBP;UHRF1BP1;ZBTB9
Cricetulus_griseus|GCF_003668045.3|RYR.0	GCF_003668045.3	Cricetulus griseus	Mammalia	Rodentia	RYR	0	found_annotated	informative10	20	13	12	20	19	1	ACTN2;ADARB2;B3GALNT2;CHRM3;EDARADD;ERO1B;GNG4;GPR137B;GTPBP4;HEATR1;IDI1;IDI2;LARP4B;LGALS8;LYST;MTR;PFKP;WDR37;ZMYND11;ZP4
Cricetulus_griseus|GCF_003668045.3|RYR.1	GCF_003668045.3	Cricetulus griseus	Mammalia	Rodentia	RYR	1	found_annotated	informative10	20	20	13	19	19	0	ACTN4;CAPN12;CATSPERG;ECH1;EIF3K;FAM98C;HNRNPL;LGALS4;MAP4K1;PPP1R14A;PSMD8;RASGRP4;RINL;SIPA1L3;SIRT2;SPINT2;SPRED3;ZNF569;ZNF585A
Cricetulus_griseus|GCF_003668045.3|RYR.2	GCF_003668045.3	Cricetulus griseus	Mammalia	Rodentia	RYR	2	found_annotated	informative10	20	15	57	20	19	0	ACTC1;ANO3;AQR;AVEN;CDIN1;CHRM5;DPH6;EMC4;EMC7;FMN1;GJD2;GREM1;KATNBL1;LPCAT4;MEIS2;NOP10;NUTM1;SLC12A6;TMCO5A;ZNF770
Calypte_anna|GCF_003957555.1|ITPR1.0	GCF_003957555.1	Calypte anna	Aves	Apodiformes	ITPR1	0	found_annotated	informative10	20	13	10	20	20	1	ARL8B;BHLHE40;CAV3;CHL1;CNTN4;CRBN;EDEM1;GRM7;GXYLT2;IL5RA;LMCD1;LRRN1;OXTR;PDZRN3;PPP4R2;RAD18;SRGAP3;SUMF1;THUMPD3;TRNT1
Calypte_anna|GCF_003957555.1|ITPR2.0	GCF_003957555.1	Calypte anna	Aves	Apodiformes	ITPR2	0	found_annotated	informative10	20	14	10	20	20	1	ARFGAP3;ARNTL2;BHLHE41;CASC1;ETFRF1;FGFR1OP2;GYS2;INTS13;KRAS;LDHB;LRMP;MED21;PACSIN2;PPFIBP1;RASSF8;REP15;SPX;SSPN;STK38L;TM7SF3
Calypte_anna|GCF_003957555.1|ITPR3.0	GCF_003957555.1	Calypte anna	Aves	Apodiformes	ITPR3	0	found_annotated	informative10	20	12	14	20	20	1	DEF6;FANCE;FOXP4;FRS3;GRM4;HMGA1;ILRUN;IP6K3;LEMD2;NFYA;NUDT3;PACSIN1;PPARD;RPL10A;RPS10;SNRPC;SPDEF;TFEB;USP49;ZNF76
Calypte_anna|GCF_003957555.1|RYR.0	GCF_003957555.1	Calypte anna	Aves	Apodiformes	RYR	0	found_annotated	informative10	20	10	12	20	20	1	ACTN2;CHRM3;EDARADD;ERO1B;EXO1;FMN2;GNG4;GPR137B;GREM2;HEATR1;LGALS8;LYST;MAP1LC3C;MTR;NID1;OPN3;PIGM;PLD5;RGS7;WDR64
Calypte_anna|GCF_003957555.1|RYR.1	GCF_003957555.1	Calypte anna	Aves	Apodiformes	RYR	1	found_annotated	informative10	20	10	11	20	20	0	AQR;AVEN;BMF;C5AH15ORF41;CHRM5;DPH6;EIF2AK4;EMC7;FAM98B;FMN1;FSIP1;GPR176;GREM1;KATNBL1;MEIS2;RASGRP1;SPRED1;SRP14;THBS1;ZNF770
Ornithorhynchus_anatinus|GCF_004115215.2|ITPR1.0	GCF_004115215.2	Ornithorhynchus anatinus	Mammalia	Monotremata	ITPR1	0	found_annotated	informative10	20	11	13	20	19	1	ARL8B;ATG7;BHLHE40;CAV3;CHL1;CNTN4;CNTN6;CRBN;EDEM1;GRM7;IL5RA;LMCD1;LRRN1;OXTR;RAD18;SRGAP3;SSUH2;SUMF1;TRNT1;VGLL4
Ornithorhynchus_anatinus|GCF_004115215.2|ITPR2.0	GCF_004115215.2	Ornithorhynchus anatinus	Mammalia	Monotremata	ITPR2	0	found_annotated	informative10	20	11	10	20	20	1	BCAT1;BHLHE41;DNAI7;ETFRF1;FGFR1OP2;INTS13;IRAG2;KICS2;KRAS;LMNTD1;MED21;PPFIBP1;RASSF8;RPL18A;RXYLT1;SOX5;SRGAP1;SSPN;STK38L;TM7SF3
Ornithorhynchus_anatinus|GCF_004115215.2|ITPR3.0	GCF_004115215.2	Ornithorhynchus anatinus	Mammalia	Monotremata	ITPR3	0	found_annotated	informative10	20	11	10	20	19	1	APOBEC2;BAK1;GRM4;HMGA1;ILRUN;LEMD2;MLN;NFYA;NUDT3;OARD1;PACSIN1;RPS10;SCUBE3;SMIM29;SPDEF;TREM2;TREML1;TREML2;UNC5CL;ZNF76
Ornithorhynchus_anatinus|GCF_004115215.2|RYR.0	GCF_004115215.2	Ornithorhynchus anatinus	Mammalia	Monotremata	RYR	0	found_annotated	informative10	20	10	11	20	20	1	ACTN2;B3GALNT2;CEP170;CHRM3;ERO1B;FH;FMN2;GNG4;GPR137B;GREM2;HEATR1;KMO;LGALS8;LYST;MTR;NID1;PIGM;PLD5;RGS7;WDR64
Ornithorhynchus_anatinus|GCF_004115215.2|RYR.1	GCF_004115215.2	Ornithorhynchus anatinus	Mammalia	Monotremata	RYR	1	found_annotated	informative10	20	12	13	20	20	0	ACTN4;B3GNT8;BCKDHA;CAPN12;CRX;DMAC2;ECH1;EIF3K;ERICH4;HNRNPL;KPTN;LGALS4;MAP4K1;NAPA;NFKBIB;NOP53;RINL;SIRT2;SLC8A2;ZNF541
Ornithorhynchus_anatinus|GCF_004115215.2|RYR.2	GCF_004115215.2	Ornithorhynchus anatinus	Mammalia	Monotremata	RYR	2	found_annotated	informative10	20	10	18	20	19	0	ACTC1;AQR;ARHGAP11A;CDIN1;CHRM5;DPH6;EMC4;EMC7;FMN1;GJD2;GREM1;KATNBL1;LPCAT4;MEIS2;NOP10;NUTM1;SCG5;SLC12A6;TTC5;ZNF770
Pristis_pectinata|GCF_009764475.1|ITPR1.0	GCF_009764475.1	Pristis pectinata	Chondrichthyes	Rhinopristiformes	ITPR1	0	found_annotated	informative10	20	17	13	20	20	1	APEH;ARL8B;BHLHE40;BORCS6;CAV3;CCDC174;CHL1B;CRBN;EDEM1;LMCD1;LRRN1;OXTR;RAD18;RASSF1;SEMA3H;SETMAR;SUMF1;TATDN2;TRNT1;ZMYND10
Pristis_pectinata|GCF_009764475.1|ITPR2.0	GCF_009764475.1	Pristis pectinata	Chondrichthyes	Rhinopristiformes	ITPR2	0	found_annotated	informative10	20	14	11	20	20	1	BCAT1;BHLHE41;C2CD5;CEP83;CRADD;DNAI7;EEA1;ETNK1;INTS13;LRMP;MRPL42;PLEKHG7;PLXNC1;RASSF8B;SOCS2;SOX5;SSPN;ST8SIA1;TMCC3;UBE2N
Pristis_pectinata|GCF_009764475.1|ITPR3.0	GCF_009764475.1	Pristis pectinata	Chondrichthyes	Rhinopristiformes	ITPR3	0	found_annotated	informative10	20	29	36	20	20	1	BLTP3A;C20H6ORF89;FANCE;GPR25;KIF21B;MKRN4;MYOG;NAV1B;PIM1;PPFIA4;PPIL1;RNPEP;SARS1;SCUBE3;SMIM29;TAF11;TIMM17A;TMEM167B;TMEM183A;UBE2T
Pristis_pectinata|GCF_009764475.1|RYR.0	GCF_009764475.1	Pristis pectinata	Chondrichthyes	Rhinopristiformes	RYR	0	found_annotated	informative10	10	34	0	10	10	0	BCKDH;BLOC1S3;CAPNS1B;CHP2;EXOSC5;NKPD1;PSMD8;RASGRP4;RNASET2L;SPRED3
Pristis_pectinata|GCF_009764475.1|RYR.1	GCF_009764475.1	Pristis pectinata	Chondrichthyes	Rhinopristiformes	RYR	1	found_annotated	informative10	20	28	17	20	19	0	ADPGK2;CALM2B;CEBPZ;DYNC2LI1;EPCAM;FBXO11B;FH;FMN2B;HEATR1;MOCS3;MRPL4;MSH2;MSH6;MTR;NDUFAF7;OPN3;PPP1R21;PRKD3;QPCT;SLC30A6
Pristis_pectinata|GCF_009764475.1|RYR.2	GCF_009764475.1	Pristis pectinata	Chondrichthyes	Rhinopristiformes	RYR	2	found_annotated	informative10	20	12	13	20	20	1	AQR;ARG2;AVEN;CDIN1;CHRM5B;DPH6;EMC7B;FAM98B;FMN1;FSIP1;GJD2B;GPR176;GREM1A;KATNBL1;MEIS2A;RDH12;SPRED1;STXBP6;THBS1B;VTI1B
Tauraco_erythrolophus|GCF_009769465.1|ITPR1.0	GCF_009769465.1	Tauraco erythrolophus	Aves	Musophagiformes	ITPR1	0	found_annotated	informative10	20	10	12	20	18	1	ARL8B;BHLHE40;CAV3;CHL1;CNTN3;CNTN4;CNTN6;CRBN;EDEM1;GRM7;IL5RA;LMCD1;LRRN1;OXTR;PDZRN3;RAD18;SRGAP3;SUMF1;THUMPD3;TRNT1
Tauraco_erythrolophus|GCF_009769465.1|ITPR2.0	GCF_009769465.1	Tauraco erythrolophus	Aves	Musophagiformes	ITPR2	0	found_annotated	informative10	20	15	10	20	20	1	A4GALT;BHLHE41;BMAL2;CYB5R3;DNAI7;ETFRF1;FGFR1OP2;GYS2;INTS13;IRAG2;KRAS;LDHB;MED21;PPFIBP1;RASSF8;REP15;SPX;SSPN;STK38L;TM7SF3
Tauraco_erythrolophus|GCF_009769465.1|ITPR3.0	GCF_009769465.1	Tauraco erythrolophus	Aves	Musophagiformes	ITPR3	0	found_annotated	informative10	20	14	11	20	20	1	APOBEC2;BAK1;FOXP4;FRS3;GRM4;HMGA1;IP6K3;LEMD2;MDFI;MLN;NFYA;NUDT3;OARD1;PACSIN1;PGC;RPS10;SMIM29;TFEB;TSPO2;UQCC2
Tauraco_erythrolophus|GCF_009769465.1|RYR.0	GCF_009769465.1	Tauraco erythrolophus	Aves	Musophagiformes	RYR	0	found_annotated	informative10	20	10	11	20	20	1	ACTN2;CHRM3;EDARADD;ERO1B;EXO1;FMN2;GNG4;GPR137B;GREM2;HEATR1;LGALS8;LYST;MAP1LC3C;MTR;NID1;OPN3;PIGM;PLD5;RGS7;WDR64
Tauraco_erythrolophus|GCF_009769465.1|RYR.1	GCF_009769465.1	Tauraco erythrolophus	Aves	Musophagiformes	RYR	1	found_annotated	informative10	20	11	12	20	20	0	ARHGAP11A;AVEN;BMF;CDIN1;CHRM5;DPH6;EIF2AK4;EMC7;FMN1;FSIP1;GPR176;GREM1;KATNBL1;MEIS2;SCG5;SPRED1;SRP14;THBS1;TSLIG3B;ZNF770
Esox_lucius|GCF_011004845.1|ITPR1.0	GCF_011004845.1	Esox lucius	Actinopteri	Esociformes	ITPR1	0	found_annotated	informative10	20	21	30	20	20	1	ATF1;CALCOCO1B;CDK4;CSE1L;DIP2B;DTX3L2;ESYT1B;HNRNPA1A;NR1D4B;OXTR;PBRM1;RAD18;SLC4A8;SMUG1;SRGAP3;SUMF1;THUMPD3;TTLL3;ZC3H10;ZNF740A
Esox_lucius|GCF_011004845.1|ITPR1.1	GCF_011004845.1	Esox lucius	Actinopteri	Esociformes	ITPR1	1	found_annotated	informative10	20	12	11	20	20	0	ARL6IP5A;ARL8B;BHLHE40;CAMKV;CCDC120;COMT;EEVS;FOXP1B;FRMD4B;GPR27;GRM6B;LRRN1;MDFIC2;MITF;MON1A;MST1R;SEMA3F;SETMAR;TRAIP;TRNT1
Esox_lucius|GCF_011004845.1|ITPR2.0	GCF_011004845.1	Esox lucius	Actinopteri	Esociformes	ITPR2	0	found_annotated	informative10	20	18	13	20	20	1	ACTR6;ARNTL2;BANP;BHLHE41;CES2B;EEA1;ENDOUC;FANCI;FBXO31;KRAS;NR1H4;NUDT4A;PLEKHG7;POLG;PPFIBP1B;RIC8B;SLC17A8;SSPN;SYCP3;UBE2N
Esox_lucius|GCF_011004845.1|ITPR3.0	GCF_011004845.1	Esox lucius	Actinopteri	Esociformes	ITPR3	0	found_annotated	informative10	20	20	16	20	20	1	ADNP;DPM1;EDEM2;GPR37L1B;GSS;HM13;KLHDC8B;LAMB2;LAMB2L;MRGBP;NDRG3B;PHF20B;PIM1;SLA2;SLC35C2;SNX21;SULF2B;TAF13;TNNC2;USP19
Esox_lucius|GCF_011004845.1|RYR.0	GCF_011004845.1	Esox lucius	Actinopteri	Esociformes	RYR	0	found_annotated	informative10	20	21	13	20	20	1	ACADS;BUB3;CHST15;CPXM2;EGR2B;EXOC6;FAM53B;FH;FMN2B;GPR26;GREM2B;HHEX;JMJD1C;LHPP;MTR;NRBF2B;OAT;PSTK;REEP3B;RGS7B
Esox_lucius|GCF_011004845.1|RYR.1	GCF_011004845.1	Esox lucius	Actinopteri	Esociformes	RYR	1	found_annotated	informative10	20	22	15	20	20	0	B9D2;CBR1L;CCDC82;DEFBL2;EHD2A;GABRR3A;GNG8;HHLA2A;HNRNPUL1L;NAPA;NFRK;PCYT1B;POGLUT3;RBM11;RSPH4A;SMS;ST14B;SYMPK;TMEM45B;ZDHHC20A
Esox_lucius|GCF_011004845.1|RYR.2	GCF_011004845.1	Esox lucius	Actinopteri	Esociformes	RYR	2	found_annotated	informative10	20	28	10	20	19	0	ARRB1;B3GNT2L;BCKDH;BICR;CLDN8;EXOSC5;HNRNPUL1;NAPA;OPA3;PPM1D;PPP1R13L;PPP5C;RASGRP4;TGFB1A;TIAM1B;TMEM91;TMEM97;URB1;USP32;WDR62
Esox_lucius|GCF_011004845.1|RYR.3	GCF_011004845.1	Esox lucius	Actinopteri	Esociformes	RYR	3	found_annotated	informative10	20	18	27	20	20	0	ACP7;ADSS1;AREL1;ARHGAP11A;BMF1;CHRM5A;DNAJC17;EIF2AK4;EXD1;FCF1;FSIP1;GCHFR;GPX2;GREM1B;INF2;LIN52;POMT2;SIVA1;VSX2;ZBTB42
Esox_lucius|GCF_011004845.1|RYR.4	GCF_011004845.1	Esox lucius	Actinopteri	Esociformes	RYR	4	found_annotated	informative10	20	11	27	20	20	0	ACOT20;ACTC1A;AVEN;CDC42BP;CHD1;CHRM5B;EMC7;GPR176;GREM1A;KATNBL1;PAM;PAPOL;PRPH2L;SLC10A1;SRSF5B;ST8SIA4;SUSD6;THBS1B;TMEM179A;TNFAIP2A
Esox_lucius|GCF_011004845.1|RYR.5	GCF_011004845.1	Esox lucius	Actinopteri	Esociformes	RYR	5	found_annotated	informative10	20	17	12	20	20	0	ACTN2B;ADOB;ANK3A;CCSER2A;CDK1;CHRM3A;ECD;EGR2A;FAM149B1;GRID1A;HTRA1A;IKZF5;KIF11;NDNFL;PLEKHA1A;RTKN2A;SLC16A9A;TMEM26A;WAPL;ZNF365
Balearica_regulorum_gibbericeps|GCF_011004875.1|ITPR1.0	GCF_011004875.1	Balearica regulorum gibbericeps	Aves	Gruiformes	ITPR1	0	found_annotated	informative10	20	12	10	20	19	1	ARL8B;BHLHE40;CAV3;CHL1;CNTN3;CNTN6;CRBN;EDEM1;GRM7;IL5RA;LMCD1;LRRN1;OXTR;PDZRN3;PPP4R2;RAD18;SRGAP3;SSUH2;SUMF1;TRNT1
Balearica_regulorum_gibbericeps|GCF_011004875.1|ITPR2.0	GCF_011004875.1	Balearica regulorum gibbericeps	Aves	Gruiformes	ITPR2	0	found_annotated	informative10	20	10	14	20	20	1	ARFGAP3;BHLHE41;BMAL2;CYB5R3;DNAI7;ETFRF1;FGFR1OP2;GYS2;INTS13;IRAG2;KRAS;LMNTD1;MED21;PPFIBP1;RASSF8;REP15;SPX;SSPN;STK38L;TM7SF3
Balearica_regulorum_gibbericeps|GCF_011004875.1|ITPR3.0	GCF_011004875.1	Balearica regulorum gibbericeps	Aves	Gruiformes	ITPR3	0	found_annotated	informative10	20	14	11	20	20	1	APOBEC2;BAK1;FOXP4;FRS3;GRM4;HMGA1;ILRUN;LEMD2;MDFI;MLN;NFYA;NUDT3;OARD1;PACSIN1;PRICKLE4;RPS10;SMIM29;SPDEF;TFEB;TSPO2
Balearica_regulorum_gibbericeps|GCF_011004875.1|RYR.0	GCF_011004875.1	Balearica regulorum gibbericeps	Aves	Gruiformes	RYR	0	found_annotated	informative10	20	10	10	20	20	1	ACTN2;CHRM3;EDARADD;ERO1B;EXO1;FMN2;GNG4;GPR137B;GREM2;HEATR1;LGALS8;LYST;MAP1LC3C;MTR;NID1;OPN3;PIGM;PLD5;RGS7;WDR64
Balearica_regulorum_gibbericeps|GCF_011004875.1|RYR.1	GCF_011004875.1	Balearica regulorum gibbericeps	Aves	Gruiformes	RYR	1	found_annotated	informative10	20	10	11	20	20	0	ARHGAP11A;AVEN;BMF;CDIN1;CHRM5;DPH6;EIF2AK4;EMC7;FAM98B;FMN1;FSIP1;GPR176;GREM1;KATNBL1;MEIS2;RASGRP1;SCG5;SPRED1;SRP14;THBS1
Megalops_cyprinoides|GCF_013368585.1|ITPR1.0	GCF_013368585.1	Megalops cyprinoides	Actinopteri	Elopiformes	ITPR1	0	found_annotated	informative10	20	24	19	20	20	1	CAMKV;CSE1L;EDEM1;EEFSEC;GATA2B;GHRL;GNAI2B;GNAT1;GNL3;INKA1B;MUSTN1A;PRKCD;RBM5;RFT1;RUVBL1;SLC38A3B;SUMF1;TADA3L;TATDN2;UBA7
Megalops_cyprinoides|GCF_013368585.1|ITPR1.1	GCF_013368585.1	Megalops cyprinoides	Actinopteri	Elopiformes	ITPR1	1	found_annotated	informative10	20	18	13	20	20	0	ARL8B;BHLHE40;BRK1;CAMKV;CCDC174;EMC3;GATA2A;GNAI2A;HMCES;INKA1A;ITIH3A;MON1A;MST1R;MUSTN1B;RAB7A;RPN1;SETMAR;SLC38A3A;TRNT1;VHL
Megalops_cyprinoides|GCF_013368585.1|ITPR2.0	GCF_013368585.1	Megalops cyprinoides	Actinopteri	Elopiformes	ITPR2	0	found_annotated	informative10	20	21	26	20	20	1	APEX1;ATP23;BHLHE41;CHPT1;DRAM1;GNPTA;GPR19;INTS13;LRIG3;MAPK11;MAPK12B;MLC1;MYBPC1;PANX2;PTPRO;RASSF8B;RPAP3;SSPN;TERF;TRABD
Megalops_cyprinoides|GCF_013368585.1|ITPR3.0	GCF_013368585.1	Megalops cyprinoides	Actinopteri	Elopiformes	ITPR3	0	found_annotated	informative10	20	20	30	19	19	1	C7H1ORF74;FAM50A;FANCE;FKBP5;FRS3;GPR37L1B;GUCA1B;IGF3;LAMTOR5;LRIF1;MKRN4;OARD1;RPL10A;SLC16A4;SLC6A22;STK38A;TMEM9;TOMM6;TSPO
Megalops_cyprinoides|GCF_013368585.1|RYR.0	GCF_013368585.1	Megalops cyprinoides	Actinopteri	Elopiformes	RYR	0	found_annotated	informative10	20	16	14	20	20	1	ARG1;ATOH1C;DNAJC9;EGR2B;EXOC6;FH;FMN2B;GREM2B;HEATR1;HHEX;HTRA1B;JMJD1C;MTR;NRBF2B;NUDT13;P4HA1A;PLEKHA1B;REEP3B;RGS7B;WAPL
Megalops_cyprinoides|GCF_013368585.1|RYR.1	GCF_013368585.1	Megalops cyprinoides	Actinopteri	Elopiformes	RYR	1	found_annotated	informative10	20	57	25	20	20	0	B9D2;CBR1L;CHRDL2;DDX10;DEFBL1;EHD2A;GNG8;HNRNPUL1L;LIPT2;NAPA;NEU3;NFRK;POLD3;RSPH4A;SELENOW1;ST14B;SYMPK;TMEM45B;WDR73;XRRA1
Megalops_cyprinoides|GCF_013368585.1|RYR.2	GCF_013368585.1	Megalops cyprinoides	Actinopteri	Elopiformes	RYR	2	found_annotated	informative10	18	60	10	18	18	0	ARRB1;B3GNT2L;BCKDH;BICR;EHD2B;EXOSC5;GDPD1;NSUN5;OPA3;OR112-1;PGM2L1;POM121;PPP1R13L;PSMD8;RASGRP4;SPCS2;TMEM91;WDR62
Megalops_cyprinoides|GCF_013368585.1|RYR.3	GCF_013368585.1	Megalops cyprinoides	Actinopteri	Elopiformes	RYR	3	found_annotated	informative10	20	25	15	20	20	0	ACP7;AKT1;ARHGAP11A;BMF1;CEP170B;CHRM5A;DNAJC17;EIF2AK4;FSIP1;GPR176;GPX2;KATNBL1;RAB15;SIVA1;SLC10A1;SRP14;SRSF5B;SUSD6;XGB;ZBTB42
Megalops_cyprinoides|GCF_013368585.1|RYR.4	GCF_013368585.1	Megalops cyprinoides	Actinopteri	Elopiformes	RYR	4	found_annotated	informative10	9	60	2	9	9	0	ABCD4;ACTC1A;AVEN;CHAC1;INO80;PIGH;RHOJ;VPS18;WDR21
Nyctibius_grandis|GCF_013368605.1|ITPR1.0	GCF_013368605.1	Nyctibius grandis	Aves	Nyctibiiformes	ITPR1	0	found_annotated	informative10	20	12	10	20	19	1	ARL8B;CAV3;CHL1;CNTN3;CNTN6;CRBN;EDEM1;GRM7;IL5RA;LMCD1;LRRN1;OXTR;PDZRN3;PPP4R2;RAD18;SRGAP3;SUMF1;THUMPD3;TRNT1;VHL
Nyctibius_grandis|GCF_013368605.1|ITPR2.0	GCF_013368605.1	Nyctibius grandis	Aves	Nyctibiiformes	ITPR2	0	found_annotated	informative10	20	14	10	20	20	1	ARFGAP3;BHLHE41;BMAL2;CYB5R3;DNAI7;ETFRF1;FGFR1OP2;GYS2;INTS13;IRAG2;KRAS;LDHB;MED21;PPFIBP1;RASSF8;REP15;SPX;SSPN;STK38L;TM7SF3
Nyctibius_grandis|GCF_013368605.1|ITPR3.0	GCF_013368605.1	Nyctibius grandis	Aves	Nyctibiiformes	ITPR3	0	found_annotated	informative10	20	15	11	20	20	1	APOBEC2;BAK1;FOXP4;FRS3;GRM4;HMGA1;IP6K3;LEMD2;MDFI;MLN;NFYA;NUDT3;OARD1;PACSIN1;PRICKLE4;RPS10;SMIM29;TFEB;TSPO2;UQCC2
Nyctibius_grandis|GCF_013368605.1|RYR.0	GCF_013368605.1	Nyctibius grandis	Aves	Nyctibiiformes	RYR	0	found_annotated	informative10	20	10	10	20	20	1	ACTN2;CHRM3;EDARADD;ERO1B;EXO1;FMN2;GNG4;GPR137B;GREM2;HEATR1;LGALS8;LYST;MAP1LC3C;MTR;NID1;OPN3;PIGM;PLD5;RGS7;WDR64
Nyctibius_grandis|GCF_013368605.1|RYR.1	GCF_013368605.1	Nyctibius grandis	Aves	Nyctibiiformes	RYR	1	found_annotated	informative10	20	11	11	20	20	0	ARHGAP11A;AVEN;BMF;CDIN1;CHRM5;DPH6;EIF2AK4;EMC7;FAM98B;FMN1;FSIP1;GPR176;GREM1;KATNBL1;MEIS2;RASGRP1;SCG5;SPRED1;SRP14;THBS1
Dryobates_pubescens|GCF_014839835.1|ITPR1.0	GCF_014839835.1	Dryobates pubescens	Aves	Piciformes	ITPR1	0	found_annotated	informative10	20	10	15	20	19	1	ARL8B;BHLHE40;CAV3;CCDC174;CCDC51;CHL1;CRBN;EDEM1;GRM7;IL5RA;LMCD1;LRRN1;OXTR;PLXNB1;RAD18;SETD5;SRGAP3;SUMF1;THUMPD3;TRNT1
Dryobates_pubescens|GCF_014839835.1|ITPR2.0	GCF_014839835.1	Dryobates pubescens	Aves	Piciformes	ITPR2	0	found_annotated	informative10	12	2	10	12	12	1	BHLHE41;ETFRF1;FGD6;FGFR1OP2;INTS13;KRAS;MGAT4C;NR2C1;RASSF8;RLIG1;SSPN;VEZT
Dryobates_pubescens|GCF_014839835.1|ITPR3.0	GCF_014839835.1	Dryobates pubescens	Aves	Piciformes	ITPR3	0	found_annotated	informative10	20	11	14	20	20	1	APOBEC2;BAK1;FOXP4;FRS3;GRM4;HMGA1;ILRUN;IP6K3;LEMD2;MDFI;NFYA;NUDT3;OARD1;PACSIN1;PRICKLE4;RPS10;SMIM29;SPDEF;TFEB;TSPO2
Dryobates_pubescens|GCF_014839835.1|RYR.0	GCF_014839835.1	Dryobates pubescens	Aves	Piciformes	RYR	0	found_annotated	informative10	20	10	11	20	20	1	ACTN2;CEP170;CHRM3;EDARADD;ERO1B;EXO1;FMN2;GNG4;GPR137B;GREM2;HEATR1;LGALS8;LYST;MAP1LC3C;MTR;NID1;OPN3;PIGM;PLD5;RGS7
Dryobates_pubescens|GCF_014839835.1|RYR.1	GCF_014839835.1	Dryobates pubescens	Aves	Piciformes	RYR	1	found_annotated	informative10	20	11	11	20	20	0	ARHGAP11A;AVEN;BMF;CDIN1;CHRM5;DPH6;EIF2AK4;EMC7;FAM98B;FMN1;FSIP1;GPR176;GREM1;KATNBL1;MEIS2;RASGRP1;SCG5;SPRED1;SRP14;THBS1
Gracilinanus_agilis|GCF_016433145.1|ITPR1.0	GCF_016433145.1	Gracilinanus agilis	Mammalia	Didelphimorphia	ITPR1	0	found_annotated	informative10	20	14	11	20	20	1	ARL8B;CAV3;CHL1;CRBN;EDEM1;GRM7;GXYLT2;IL5RA;LMCD1;LRRN1;OXTR;PDZRN3;PPP4R2;RAD18;SHQ1;SRGAP3;SSUH2;SUMF1;THUMPD3;TRNT1
Gracilinanus_agilis|GCF_016433145.1|ITPR2.0	GCF_016433145.1	Gracilinanus agilis	Mammalia	Didelphimorphia	ITPR2	0	found_annotated	informative10	20	13	10	20	20	1	ARNTL2;BCAT1;BHLHE41;DNAI7;ETFRF1;FGFR1OP2;INTS13;IRAG2;KRAS;LMNTD1;MED21;PFKFB3;PRKCQ;RASSF8;RBM17;SFMBT2;SOX5;SSPN;STK38L;TM7SF3
Gracilinanus_agilis|GCF_016433145.1|ITPR3.0	GCF_016433145.1	Gracilinanus agilis	Mammalia	Didelphimorphia	ITPR3	0	found_annotated	informative10	20	11	13	20	19	1	B3GALT4;BAK1;CUTA;GRM4;HMGA1;ILRUN;IP6K3;KIFC1;LEMD2;NUDT3;PFDN6;PHF1;RGL2;RPS10;SMIM29;SMIM40;SNRPC;SPDEF;SYNGAP1;WDR46
Gracilinanus_agilis|GCF_016433145.1|RYR.0	GCF_016433145.1	Gracilinanus agilis	Mammalia	Didelphimorphia	RYR	0	found_annotated	informative10	20	10	11	20	20	1	ACTN2;CHRM3;EDARADD;ERO1B;EXO1;FH;FMN2;GNG4;GPR137B;GREM2;HEATR1;KMO;LGALS8;LYST;MTR;NID1;OPN3;RGS7;WDR64;ZP4
Gracilinanus_agilis|GCF_016433145.1|RYR.1	GCF_016433145.1	Gracilinanus agilis	Mammalia	Didelphimorphia	RYR	1	found_annotated	informative10	20	11	10	20	19	0	ACTN4;C3H19ORF33;CAPN12;CATSPERG;DPF1;ECH1;EIF3K;FAM98C;HNRNPL;KCNK6;LGALS4;LGALS7;MAP4K1;PPP1R14A;PSMD8;RASGRP4;RINL;SIRT2;SPINT2;YIF1B
Gracilinanus_agilis|GCF_016433145.1|RYR.2	GCF_016433145.1	Gracilinanus agilis	Mammalia	Didelphimorphia	RYR	2	found_annotated	informative10	20	16	11	20	19	0	ACTC1;AQR;ARHGAP11A;AVEN;CDIN1;CHRM5;DPH6;EMC4;EMC7;FMN1;GJD2;GREM1;KATNBL1;LPCAT4;NOP10;NUTM1;SLC12A6;TMCO5A;UNC13C;ZNF770
Gallus_gallus|GCF_016699485.2|ITPR1.0	GCF_016699485.2	Gallus gallus	Aves	Galliformes	ITPR1	0	found_annotated	informative10	20	11	10	20	18	1	ARL8B;BHLHE40;CAV3;CHL1;CNTN3;CNTN4;CNTN6;CRBN;EDEM1;GRM7;IL5RA;LMCD1;LRRN1;OXTR;RAD18;SETMAR;SRGAP3;SUMF1;THUMPD3;TRNT1
Gallus_gallus|GCF_016699485.2|ITPR2.0	GCF_016699485.2	Gallus gallus	Aves	Galliformes	ITPR2	0	found_annotated	informative10	20	15	12	20	20	1	A4GALT;ARNTL2;BHLHE41;CYB5R1;DNAI7;ENDOUL;ETFRF1;FGFR1OP2;GYS2;INTS13;IRAG2;KRAS;LDHB;MED21;PPFIBP1;RASSF8;SPX;SSPN;STK38L;TM7SF3
Gallus_gallus|GCF_016699485.2|ITPR3.0	GCF_016699485.2	Gallus gallus	Aves	Galliformes	ITPR3	0	found_annotated	informative10	20	10	11	20	19	1	APOBEC2;BAK1;C6ORF106;FOXP4;GRM4;HMGA1;MDFI;MLN;NFYA;NUDT3;OARD1;OPN1MSW;PACSIN1;RPS10;SNRPC;SPDEF;TREM2;TREMB1;TREMB2;TSPO2
Gallus_gallus|GCF_016699485.2|RYR.0	GCF_016699485.2	Gallus gallus	Aves	Galliformes	RYR	0	found_annotated	informative10	20	12	10	20	20	1	ACTN2;CHRM3;EDARADD;ERO1B;EXO1;FMN2;GNG4;GPR137B;GREM2;HEATR1;LGALS8;LYST;MAP1LC3C;MTR;NID1;OPN3;PIGM;PLD5;RGS7;WDR64
Gallus_gallus|GCF_016699485.2|RYR.1	GCF_016699485.2	Gallus gallus	Aves	Galliformes	RYR	1	found_annotated	informative10	20	12	15	20	20	0	ACTN4;ATP5SL;BCKDHA;BICRA;ECH1;EIF3K;EXOSC5;GLTSCR2;KPTN;LRFN1;MRPS12;NAPA;NFKBIB;OTX5;PAK4;SARS2;SELENOW;SIRT2;SYCN;ZNF541
Gallus_gallus|GCF_016699485.2|RYR.2	GCF_016699485.2	Gallus gallus	Aves	Galliformes	RYR	2	found_annotated	informative10	20	11	13	20	20	0	ARHGAP11B;AVEN;BMF;CDIN1;CHRM5;DPH6;EIF2AK4;EMC7;FAM98B;FMN1;FSIP1;GPHN;GREM1;KATNBL1;MEIS2;RASGRP1;SCG5;SPRED1;SRP14;THBS1
Xiphias_gladius|GCF_016859285.1|ITPR1.0	GCF_016859285.1	Xiphias gladius	Actinopteri	Istiophoriformes	ITPR1	0	found_annotated	informative10	20	14	26	20	20	1	ATF1;ATF7B;CDK4;DIP2B;ESPL1;ESYT1B;FAIM2B;LARP4A;MCRS1;METTL1;PFDN5;PFKM;SCN8A;SLC4A8;SMUG1;SUMF1;SUOX;TTLL3;ZC3H10;ZNF740A
Xiphias_gladius|GCF_016859285.1|ITPR1.1	GCF_016859285.1	Xiphias gladius	Actinopteri	Istiophoriformes	ITPR1	1	found_annotated	informative10	20	15	13	20	20	0	ARL6IP5A;ARL8B;BHLHE40;CCDC120B;COMT;CXXC1B;EEVS;FOXP1B;FRMD4B;GPR27;GRM6B;LRRN1;MBD1B;MDFIC2;MITF;MON1A;MST1R;SEMA3F;SETMAR;TRNT1
Xiphias_gladius|GCF_016859285.1|ITPR2.0	GCF_016859285.1	Xiphias gladius	Actinopteri	Istiophoriformes	ITPR2	0	found_annotated	informative10	20	16	11	20	20	1	ARNTL2;BHLHE41;C1QTNF13;CES2B;EEA1;ENDOUC;FBXO31;FURIN;GDPGP1;KRAS;MAN2A2;NR1H4;NUDT4A;PLEKHG7;PPFIBP1B;RHCG;SLC17A8;SSPN;UBE2N;UNC45A
Xiphias_gladius|GCF_016859285.1|ITPR3.0	GCF_016859285.1	Xiphias gladius	Actinopteri	Istiophoriformes	ITPR3	0	found_annotated	informative10	20	25	14	20	20	1	ATP6AP1A;BCAP31;CCDC135;EDEM2;ELK1;GPR37L1B;GRIPAP1;HM13;KCND1;NDNL2;OTUD5A;PIM2;PLXNA3;PTPN18;RFC2;SLC6A8;SNX21;SULF2B;TAZ;USP11
Xiphias_gladius|GCF_016859285.1|RYR.0	GCF_016859285.1	Xiphias gladius	Actinopteri	Istiophoriformes	RYR	0	found_annotated	informative10	3	0	8	3	3	0	ACBD4;ADGRA1A;ARHGAP23B
Xiphias_gladius|GCF_016859285.1|RYR.1	GCF_016859285.1	Xiphias gladius	Actinopteri	Istiophoriformes	RYR	1	found_annotated	informative10	20	10	24	20	20	1	B3GNT2L;BCKDH;BICR;CALN1;CLDNF;CLDNJ;EXOSC5;GALNT17;GIPR;HNRNPUL1;NAPA;OPA3;PPP1R13L;PPP5C;RASGRP4;RHBDD1;SBDS;TGFB1A;TMEM91;TYW1
Xiphias_gladius|GCF_016859285.1|RYR.2	GCF_016859285.1	Xiphias gladius	Actinopteri	Istiophoriformes	RYR	2	found_annotated	informative10	20	11	24	20	20	0	ARHGAP31;BRD8A;CXXC5A;DNAJC18;GABRR3A;GNG8;GSX1;MAP7D2A;NFRK;NRG2A;PCYT1B;PDHA1A;PHLDB2A;PPP3C;PRDX4;PURA;SLC22A6L;SMS;TMEM45B;WASF3A
Xiphias_gladius|GCF_016859285.1|RYR.3	GCF_016859285.1	Xiphias gladius	Actinopteri	Istiophoriformes	RYR	3	found_annotated	informative10	20	17	27	20	20	0	ACP7;ADSS1;AREL1;ARHGAP11A;CHRM5A;CRIM1;DNAJC17;EIF2AK4;EXD1;FCF1;FSIP1;GCHFR;GPX2;GREM1B;INF2;LIN52;POMT2;SIVA1;VSX2;ZBTB42
Xiphias_gladius|GCF_016859285.1|RYR.4	GCF_016859285.1	Xiphias gladius	Actinopteri	Istiophoriformes	RYR	4	found_annotated	informative10	20	14	10	20	20	0	ABRACL;ACOT20;ACTC1A;AVEN;CHRM5B;CLU;EMC7B;GPR176;GREM1A;HECA;KATNBL1;KNL1;KNSTRN;MTIF3;REPS1;SCARA3;SLC10A1;SRSF5B;SUSD6;THBS1B
Xiphias_gladius|GCF_016859285.1|RYR.5	GCF_016859285.1	Xiphias gladius	Actinopteri	Istiophoriformes	RYR	5	found_annotated	informative10	20	16	17	20	20	0	ACTN2B;BORA;CCSER2A;CHRM3A;DACHC;DIS3;ECD;FAM149B1;GREM2A;GRID1A;MZT1;NDNFL;P4HA1B;PHACTR2;PHYHIPL;PIBF1;RGS7A;SF3B5;UBAC2;WAPL
Carcharodon_carcharias|GCF_017639515.1|ITPR1.0	GCF_017639515.1	Carcharodon carcharias	Chondrichthyes	Lamniformes	ITPR1	0	found_annotated	informative10	20	16	15	20	20	1	APEH;ARL8B;BHLHE40;BORCS6;CAV3;CCDC174;CHL1B;CRBN;EDEM1;LMCD1;LRRN1;OXTR;RAD18;RASSF1;SEMA3H;SETMAR;SUMF1;TATDN2;TRNT1;ZMYND10
Carcharodon_carcharias|GCF_017639515.1|ITPR2.0	GCF_017639515.1	Carcharodon carcharias	Chondrichthyes	Lamniformes	ITPR2	0	found_annotated	informative10	20	14	16	20	20	1	BCAT1;BHLHE41;C2CD5;CEP83;CMAS;CRADD;DNAI7;EEA1;ETNK1;FGD6;INTS13;MRPL42;NDUFA12;PLEKHG7;RASSF8B;SOCS2;SOX5;SSPN;ST8SIA1;TMCC3
Carcharodon_carcharias|GCF_017639515.1|ITPR3.0	GCF_017639515.1	Carcharodon carcharias	Chondrichthyes	Lamniformes	ITPR3	0	found_annotated	informative10	20	26	34	20	20	1	ANKS1A;BRPF3B;C9H6ORF89;FANCE;GPR25;KIF21B;LMOD1B;MKRN4;MYOG;ORG;PIM1;PPFIA4;SCUBE3;SMIM29;TBC1D22B;TIMM17A;TMEM167B;TMEM183A;TNNI1B;UBE2T
Carcharodon_carcharias|GCF_017639515.1|RYR.0	GCF_017639515.1	Carcharodon carcharias	Chondrichthyes	Lamniformes	RYR	0	found_annotated	informative10	20	25	37	20	20	0	ADAD2;B9D2;BCKDH;BLVR;CHP2;DLC;DMAC2;ECH1;EXOSC5;GEMIN7;MED29;PAF1;PLD3;PSMD8;RNASET2L;SRSF7A;SUPT5H;TIMM50;TMEM91;ZC3H4
Carcharodon_carcharias|GCF_017639515.1|RYR.1	GCF_017639515.1	Carcharodon carcharias	Chondrichthyes	Lamniformes	RYR	1	found_annotated	informative10	20	23	18	20	19	1	ADPGK2;CEBPZ;EDARADD;EPCAM;FH;FMN2B;FOXN2A;GREM2B;HEATR1;KCNK12;MOCS3;MRPL4;MSH2;MSH6;MTR;NDUFAF7;OPN3;PPP1R21;PRKD3;SLC30A6
Carcharodon_carcharias|GCF_017639515.1|RYR.2	GCF_017639515.1	Carcharodon carcharias	Chondrichthyes	Lamniformes	RYR	2	found_annotated	informative10	20	16	13	20	20	0	AQR;ARG2;AVEN;CDIN1;CHRM5B;DPH6;EMC7B;FAM98B;FMN1;FSIP1;GJD2B;GPR176;GREM1A;KATNBL1;MEIS2A;RDH12;SPRED1;STXBP6;THBS1B;VTI1B
Polyodon_spathula|GCF_017654505.1|ITPR1.0	GCF_017654505.1	Polyodon spathula	Actinopteri	Acipenseriformes	ITPR1	0	found_annotated	informative10	14	53	60	14	13	0	CCDC115;CCDC22;DNAH12;DNASE1L4;GPR173;ITIH6;LAMB2;MRPS25;NDUFB11;RBM10;SLC38A5B;TPK2;UBA1;VHL
Polyodon_spathula|GCF_017654505.1|ITPR1.1	GCF_017654505.1	Polyodon spathula	Actinopteri	Acipenseriformes	ITPR1	1	found_annotated	informative10	20	28	38	20	20	1	AMIGO3;APPL1;CCDC66;CEBP;DDX27;GHRL;HESX1;IL17RD;MANBAL;PEDS1;PTPN1;RPS23;SCRT2;SETMAR;SLC52A3;SRXN1;TASOR;TATDN2;TCF15;ZNFX1
Polyodon_spathula|GCF_017654505.1|ITPR2.0	GCF_017654505.1	Polyodon spathula	Actinopteri	Acipenseriformes	ITPR2	0	found_annotated	informative10	19	60	47	19	19	1	ARMC10;BHLHE41;CELSR1A;CHPT1;DNAI7;DRAM1;FAM185A;FBXL13;FGFR1OP2;GNPTA;IGF1;MTERF2;MYBPC1;PMPC;POLR3B;SRR;SSPN;UTP20;WASHC3
Polyodon_spathula|GCF_017654505.1|ITPR2.1	GCF_017654505.1	Polyodon spathula	Actinopteri	Acipenseriformes	ITPR2	1	found_annotated	informative10	17	60	50	17	16	0	ALG12;BRD1A;C2CD5;CCDC146;CCDC87;CD36;DEPDC4;FGL2A;GRAMD4A;LRRC17;MAGI2A;PPFIBP1B;RFX4;RIC8B;SCYL2;SEMA3C;TH2
Polyodon_spathula|GCF_017654505.1|ITPR3.0	GCF_017654505.1	Polyodon spathula	Actinopteri	Acipenseriformes	ITPR3	0	found_annotated	informative10	5	60	36	5	5	1	C39H6ORF89;ELF3;IL10;PTH4;SRSF3B
Polyodon_spathula|GCF_017654505.1|ITPR3.1	GCF_017654505.1	Polyodon spathula	Actinopteri	Acipenseriformes	ITPR3	1	found_annotated	informative10	5	60	60	5	5	0	EIF2D;MAPK13;PLBD2;RBM19;SDSL
Polyodon_spathula|GCF_017654505.1|RYR.0	GCF_017654505.1	Polyodon spathula	Actinopteri	Acipenseriformes	RYR	0	found_annotated	informative10	17	60	29	17	17	1	ABCC10;BUB1;CAMKMT;FMN2B;GTF2A1L;HEATR1;KCNK12;LHCGR;LRRC73;MEA1;MTR;NVL;PPP1R21;PREPL;PTK7B;SRFB;TJAP1
Polyodon_spathula|GCF_017654505.1|RYR.1	GCF_017654505.1	Polyodon spathula	Actinopteri	Acipenseriformes	RYR	1	found_annotated	informative10	20	25	47	20	20	0	AK9;ARG1;CDC42EP3;DLK2;DNPH1;EDARADD;FIG4A;LTBP1;MERTK;MGME1;OPN3;POLR1B;POLR1C;PPIL6;PRR18;SFT2D1;SOUL4;TMEM63B;TMEM87B;TTC27
Polyodon_spathula|GCF_017654505.1|RYR.2	GCF_017654505.1	Polyodon spathula	Actinopteri	Acipenseriformes	RYR	2	found_annotated	informative10	20	40	26	20	20	0	ACTN4;ADAD2;B9D2;BCKDH;BICR;BLVR;CHP2;DLC;ESRRD;EXOSC5;KPTN;PLD3;POLR1G;PSMD8;RNASET2L;SAE1;SELENOW1;SHKBP1;SPRED3;TMEM91
Polyodon_spathula|GCF_017654505.1|RYR.3	GCF_017654505.1	Polyodon spathula	Actinopteri	Acipenseriformes	RYR	3	found_annotated	informative10	10	60	26	10	10	0	ALKBH6;CCDC97;DHX34;EML2;IL15L;NCCRP1;PAF1;SIRT2;SOCS9;SPTBN4A
Polyodon_spathula|GCF_017654505.1|RYR.4	GCF_017654505.1	Polyodon spathula	Actinopteri	Acipenseriformes	RYR	4	found_annotated	informative10	20	58	59	20	19	0	ACTC1A;AKT1;ARHGAP11A;AVEN;CDAN1;FSIP1;MAP3K9;NUMB;PAPLN;PLCB2;PLEKHH1;RMDN3;SPTB;SRP14;STARD9;TTBK2A;ZBTB25;ZFP36L1A;ZFYVE19;ZFYVE26
Polyodon_spathula|GCF_017654505.1|RYR.5	GCF_017654505.1	Polyodon spathula	Actinopteri	Acipenseriformes	RYR	5	found_annotated	informative10	9	60	60	9	9	0	EIF2AK4;EXD2;GANC;MTHFD1B;PLEK2;RAD51B;RDH12;TMEM62;ZNF106A
Cuculus_canorus|GCF_017976375.1|ITPR1.0	GCF_017976375.1	Cuculus canorus	Aves	Cuculiformes	ITPR1	0	found_annotated	informative10	20	10	14	20	20	1	ARL8B;CAV3;CHL1;CRBN;EDEM1;GRM7;GXYLT2;IL5RA;LMCD1;LRRN1;OXTR;PDZRN3;PPP4R2;RAD18;SHQ1;SRGAP3;SSUH2;SUMF1;THUMPD3;TRNT1
Cuculus_canorus|GCF_017976375.1|ITPR2.0	GCF_017976375.1	Cuculus canorus	Aves	Cuculiformes	ITPR2	0	found_annotated	informative10	20	14	11	20	20	1	A4GALT;ARFGAP3;BHLHE41;BMAL2;DNAI7;ETFRF1;FGFR1OP2;GYS2;INTS13;IRAG2;KRAS;LDHB;MED21;PPFIBP1;RASSF8;REP15;SPX;SSPN;STK38L;TM7SF3
Cuculus_canorus|GCF_017976375.1|ITPR3.0	GCF_017976375.1	Cuculus canorus	Aves	Cuculiformes	ITPR3	0	found_annotated	informative10	20	17	12	20	20	1	APOBEC2;BAK1;FOXP4;FRS3;GRM4;HMGA1;IP6K3;LEMD2;MDFI;MLN;NUDT3;OARD1;PACSIN1;PGC;PRICKLE4;RPS10;SMIM29;SPDEF;TFEB;TOMM6
Cuculus_canorus|GCF_017976375.1|RYR.0	GCF_017976375.1	Cuculus canorus	Aves	Cuculiformes	RYR	0	found_annotated	informative10	20	10	11	20	20	1	ACTN2;CHRM3;EDARADD;ERO1B;EXO1;FMN2;GNG4;GPR137B;GREM2;HEATR1;LGALS8;LYST;MAP1LC3C;MTR;NID1;OPN3;PIGM;PLD5;RGS7;WDR64
Cuculus_canorus|GCF_017976375.1|RYR.1	GCF_017976375.1	Cuculus canorus	Aves	Cuculiformes	RYR	1	found_annotated	informative10	20	12	11	20	20	0	ACTN4;AXL;B9D2;BCKDHA;CCDC97;COQ8B;ECH1;EIF3K;EXOSC5;HNRNPL;HNRNPUL1;MRPS12;NFKBIB;PAK4;PSMD8;SARS2;SIRT2;SNRPA;SYCN;TGFB1
Cuculus_canorus|GCF_017976375.1|RYR.2	GCF_017976375.1	Cuculus canorus	Aves	Cuculiformes	RYR	2	found_annotated	informative10	20	11	10	20	20	0	ARHGAP11A;AVEN;BMF;CDIN1;CHRM5;DPH6;EIF2AK4;EMC7;FAM98B;FMN1;FSIP1;GPR176;GREM1;KATNBL1;MEIS2;RASGRP1;SCG5;SPRED1;SRP14;THBS1
Gymnogyps_californianus|GCF_018139145.2|ITPR1.0	GCF_018139145.2	Gymnogyps californianus	Aves	Accipitriformes	ITPR1	0	found_annotated	informative10	20	10	13	20	20	1	ARL8B;BHLHE40;CAV3;CHL1;CNTN3;CRBN;EDEM1;GRM7;GXYLT2;IL5RA;LMCD1;LRRN1;OXTR;PDZRN3;PPP4R2;RAD18;SRGAP3;SSUH2;SUMF1;TRNT1
Gymnogyps_californianus|GCF_018139145.2|ITPR2.0	GCF_018139145.2	Gymnogyps californianus	Aves	Accipitriformes	ITPR2	0	found_annotated	informative10	20	14	10	20	20	1	ARFGAP3;BHLHE41;BMAL2;DNAI7;ETFRF1;FGFR1OP2;GYS2;INTS13;IRAG2;KRAS;LDHB;MED21;PACSIN2;PPFIBP1;RASSF8;REP15;SPX;SSPN;STK38L;TM7SF3
Gymnogyps_californianus|GCF_018139145.2|ITPR3.0	GCF_018139145.2	Gymnogyps californianus	Aves	Accipitriformes	ITPR3	0	found_annotated	informative10	20	13	12	20	20	1	APOBEC2;BAK1;FOXP4;FRS3;GRM4;HMGA1;IP6K3;LEMD2;MDFI;MLN;NFYA;NUDT3;OARD1;PACSIN1;PGC;RPS10;SMIM29;SPDEF;TFEB;TSPO2
Gymnogyps_californianus|GCF_018139145.2|RYR.0	GCF_018139145.2	Gymnogyps californianus	Aves	Accipitriformes	RYR	0	found_annotated	informative10	20	10	10	20	20	1	ACTN2;CEP170;CHRM3;EDARADD;ERO1B;EXO1;FMN2;GNG4;GPR137B;GREM2;HEATR1;LGALS8;LYST;MAP1LC3C;MTR;NID1;OPN3;PIGM;PLD5;RGS7
Gymnogyps_californianus|GCF_018139145.2|RYR.1	GCF_018139145.2	Gymnogyps californianus	Aves	Accipitriformes	RYR	1	found_annotated	informative10	20	11	11	20	20	0	ARHGAP11A;AVEN;BMF;CDIN1;CHRM5;DPH6;EIF2AK4;EMC7;FAM98B;FMN1;FSIP1;GPR176;GREM1;KATNBL1;MEIS2;RASGRP1;SCG5;SPRED1;SRP14;THBS1
Cheilinus_undulatus|GCF_018320785.1|ITPR1.0	GCF_018320785.1	Cheilinus undulatus	Actinopteri	Labriformes	ITPR1	0	found_annotated	informative10	20	24	15	20	20	1	ATF1;ATF7B;CALCOCO1B;CDK4;DIP2B;ESPL1;ESYT1B;FAIM2B;LARP4A;METTL1;PFDN5;PFKM;RBMS2A;SCN8A;SLC4A8;SMUG1;SUMF1;TTLL3;ZC3H10;ZNF740A
Cheilinus_undulatus|GCF_018320785.1|ITPR1.1	GCF_018320785.1	Cheilinus undulatus	Actinopteri	Labriformes	ITPR1	1	found_annotated	informative10	20	13	13	20	20	0	ARL6IP5A;ARL8B;BHLHE40;CAMKV;CCDC120B;COMT;EEVS;EFCC1;FOXP1B;FRMD4B;GRM6B;LRRN1;MBD1B;MDFIC2;MITF;MON1A;MST1R;SEMA3F;SETMAR;TRNT1
Cheilinus_undulatus|GCF_018320785.1|ITPR2.0	GCF_018320785.1	Cheilinus undulatus	Actinopteri	Labriformes	ITPR2	0	found_annotated	informative10	20	11	17	20	20	1	ARNTL2;BHLHE41;C1QTNF13;CES2B;EEA1;ENDOUC;FANCI;FBXO31;GDPGP1;KRAS;NR1H4;NUDT4A;PLEKHG7;POLG;PPFIBP1B;RHCG;SLC17A8;SSPN;UBE2N;UNC45A
Cheilinus_undulatus|GCF_018320785.1|ITPR3.0	GCF_018320785.1	Cheilinus undulatus	Actinopteri	Labriformes	ITPR3	0	found_annotated	informative10	20	37	15	20	20	1	BCAP31;CCDC135;EDEM2;GPR37L1B;GRIPAP1;HM13;KCND1;NDNL2;OTUD5A;PIM2;PLXNA3;PTPN18;RFC2;RPS21;SLC35A2;SLC6A8;SNX21;SULF2B;TMEM81;USP11
Cheilinus_undulatus|GCF_018320785.1|RYR.0	GCF_018320785.1	Cheilinus undulatus	Actinopteri	Labriformes	RYR	0	found_annotated	informative10	20	20	19	20	20	1	ADPRM;BMS1;BSK146;CACNA1G;COPS3;DHRS7C;EGR2B;FDXR;FMN2B;HEXDC;HS3ST3L;MAP2K4B;MTR;NARF;PKD1B;PTS;RSPH1;SPATA20;SULT2ST2;UTS2R2
Cheilinus_undulatus|GCF_018320785.1|RYR.1	GCF_018320785.1	Cheilinus undulatus	Actinopteri	Labriformes	RYR	1	found_annotated	informative10	20	11	24	20	20	0	B3GNT2L;BCKDH;BICR;CALN1;CLDNF;EML2;EXOSC5;GALNT17;GPR4;HNRNPUL1;NAPA;OPA3;PPP1R13L;PPP5C;RASGRP4;RHBDD1;SBDS;TGFB1A;TMEM91;TYW1
Cheilinus_undulatus|GCF_018320785.1|RYR.2	GCF_018320785.1	Cheilinus undulatus	Actinopteri	Labriformes	RYR	2	found_annotated	informative10	20	11	23	20	20	0	ARHGAP31;B4GALT4;BRD8A;CXXC5A;DNAJC18;GABRR3A;GNG8;GSX1;MAP7D2A;NFRK;NRG2A;PCYT1B;PDHA1A;PHLDB2A;PPP3C;PRDX4;PURA;SLC22A6L;SMS;TMEM45B
Cheilinus_undulatus|GCF_018320785.1|RYR.3	GCF_018320785.1	Cheilinus undulatus	Actinopteri	Labriformes	RYR	3	found_annotated	informative10	20	18	27	20	20	0	ACP7;AK7B;ALDH6A1;AREL1;ARHGAP11A;CHRM5A;EML5;ENTPD5A;EXD1;FSIP1;GPX2;GREM1B;GSTZ1;ISCA2;LIN52;NOXRED1;POMT2;TMED8;TTC8;VSX2
Cheilinus_undulatus|GCF_018320785.1|RYR.4	GCF_018320785.1	Cheilinus undulatus	Actinopteri	Labriformes	RYR	4	found_annotated	informative10	20	11	14	20	20	0	ABRACL;ACOT20;ACTC1A;AVEN;CLU;EMC7B;FMN1;GPR176;GREM1A;HECA;KATNBL1;KNSTRN;MAX;MTIF3;REPS1;SCARA3;SLC10A1;SRSF5B;SUSD6;THBS1B
Cheilinus_undulatus|GCF_018320785.1|RYR.5	GCF_018320785.1	Cheilinus undulatus	Actinopteri	Labriformes	RYR	5	found_annotated	informative10	20	16	17	20	20	0	ACTN2B;BORA;CCSER2A;CHRM3A;DACHC;DIS3;DNAJC9;ECD;FAM149B1;GREM2A;GRID1A;KLF5A;MZT1;NDNFL;P4HA1B;PHACTR2;PIBF1;RGS7A;UBAC2;WAPL
Tyto_alba|GCF_018691265.1|ITPR1.0	GCF_018691265.1	Tyto alba	Aves	Strigiformes	ITPR1	0	found_annotated	informative10	20	12	18	20	19	1	ARL8B;BHLHE40;CHL1;CNTN4;CNTN6;CRBN;EDEM1;GRM7;IL5RA;IRAK2;LMCD1;LRRN1;OXTR;PDZRN3;PPP4R2;SSUH2;SUMF1;THUMPD3;TRNT1;VHL
Tyto_alba|GCF_018691265.1|ITPR2.0	GCF_018691265.1	Tyto alba	Aves	Strigiformes	ITPR2	0	found_annotated	informative10	20	12	10	20	20	1	A4GALT;ARFGAP3;ARNTL2;BHLHE41;DNAI7;ETFRF1;FGFR1OP2;GYS2;INTS13;IRAG2;KRAS;LMNTD1;MED21;PPFIBP1;RASSF8;REP15;SPX;SSPN;STK38L;TM7SF3
Tyto_alba|GCF_018691265.1|ITPR3.0	GCF_018691265.1	Tyto alba	Aves	Strigiformes	ITPR3	0	found_annotated	informative10	20	10	15	20	20	1	APOBEC2;BAK1;FOXP4;FRS3;GRM4;HMGA1;ILRUN;MDFI;NFYA;NUDT3;OARD1;PACSIN1;PRICKLE4;RPS10;SMIM29;SNRPC;SPDEF;TFEB;TOMM6;UHRF1BP1
Tyto_alba|GCF_018691265.1|RYR.0	GCF_018691265.1	Tyto alba	Aves	Strigiformes	RYR	0	found_annotated	informative10	20	10	10	20	20	1	ACTN2;CHRM3;EDARADD;ERO1B;EXO1;FMN2;GNG4;GPR137B;GREM2;HEATR1;LGALS8;LYST;MAP1LC3C;MTR;NID1;OPN3;PIGM;PLD5;RGS7;WDR64
Tyto_alba|GCF_018691265.1|RYR.1	GCF_018691265.1	Tyto alba	Aves	Strigiformes	RYR	1	found_annotated	informative10	20	11	13	20	20	0	ACTC1;AQR;BMF;CDIN1;CHRM5;DPH6;EIF2AK4;EMC7;FAM98B;FSIP1;GPHN;GPR176;GREM1;KATNBL1;MEIS2;RASGRP1;SPRED1;SRP14;THBS1;ZNF770
Callorhinchus_milii|GCF_018977255.1|ITPR1.0	GCF_018977255.1	Callorhinchus milii	Chondrichthyes	Chimaeriformes	ITPR1	0	found_annotated	informative10	20	21	15	20	20	1	ARL8B;BARX1;BHLHE40;CHDH;CHL1B;CNTN4;CRBN;DCP1A;EDEM1;GPR27;GXYLT2;LRRN1;NINJ1;PHF2;PTPDC1A;RYBP;SETMAR;SHQ1;SUMF1;WNT7A
Callorhinchus_milii|GCF_018977255.1|ITPR2.0	GCF_018977255.1	Callorhinchus milii	Chondrichthyes	Chimaeriformes	ITPR2	0	found_annotated	informative10	20	15	22	20	20	1	BCAT1;BHLHE41;C2CD5;CEP83;DNAI7;EEA1;FGD6;INTS13;LRMP;MRPL42;NDUFA12;NUDT4;PLEKHG7;RASSF8B;RECQL;SOX5;SSPN;ST8SIA1;TMCC3;VEZT
Callorhinchus_milii|GCF_018977255.1|ITPR3.0	GCF_018977255.1	Callorhinchus milii	Chondrichthyes	Chimaeriformes	ITPR3	0	found_annotated	informative10	20	28	48	20	20	1	APOBEC2A;BRPF3B;CSRP1A;CUNH6ORF89;ETV7;GPR25;INAV;KIF21B;NAXE;OARD1;PIM1;PTH4;RNPEP;SMIM29;SRSF3B;TIMM17A;TMEM167B;TMEM183A;TTLL1;UBE2T
Callorhinchus_milii|GCF_018977255.1|RYR.0	GCF_018977255.1	Callorhinchus milii	Chondrichthyes	Chimaeriformes	RYR	0	found_annotated	informative10	3	2	11	3	3	1	B3GNT2L;DMAC2;PSMD8
Callorhinchus_milii|GCF_018977255.1|RYR.1	GCF_018977255.1	Callorhinchus milii	Chondrichthyes	Chimaeriformes	RYR	1	found_annotated	informative10	20	22	18	20	20	0	ACAT2;ANAPC1;CDC42EP3;FH;FMN2B;FNDC1;GREM2B;HEATR1;MERTK;OPN3;POLR1B;RSPH3;SOD2;SYTL3;TAGAP;TMEM181;TMEM87B;TTL;TULP4A;WTAP
Callorhinchus_milii|GCF_018977255.1|RYR.2	GCF_018977255.1	Callorhinchus milii	Chondrichthyes	Chimaeriformes	RYR	2	found_annotated	informative10	20	10	11	20	20	0	ACTC1;AQR;ARG2;ARHGAP11A;CDIN1;CHRM5B;DPH6;EMC7B;FAM98B;FMN1;FSIP1;GPR176;GREM1A;KATNBL1;MEIS2A;RDH12;SPRED1;THBS1B;VTI1B;ZFYVE26
Protopterus_annectens|GCF_019279795.1|ITPR1.0	GCF_019279795.1	Protopterus annectens	Dipnoi	Ceratodontiformes	ITPR1	0	found_annotated	informative10	20	13	18	20	20	1	ARL8B;ATXN7;BHLHE40;CCDC51;CHL1;CNTN4;CPNE9;DOCK3;EDEM1;IL5RA;LHFPL4;LRRN1;MAPKAPK3;MTMR14;PLXNB1;PSMD6;SETD5;SLC6A11;SUMF1;TRNT1
Protopterus_annectens|GCF_019279795.1|ITPR2.0	GCF_019279795.1	Protopterus annectens	Dipnoi	Ceratodontiformes	ITPR2	0	found_annotated	informative10	20	13	16	20	20	1	BCAT1;BHLHE41;C2CD5;DNAI7;EEA1;ETFRF1;INTS13;IRAG2;KRAS;LMNTD1;MRPL42;NR2C1;NUDT4;PLEKHG7;PLXNC1;SOCS2;SOX5;SSPN;TMCC3;UBE2N
Protopterus_annectens|GCF_019279795.1|ITPR3.0	GCF_019279795.1	Protopterus annectens	Dipnoi	Ceratodontiformes	ITPR3	0	found_annotated	informative10	20	16	12	20	20	1	APOBEC2;ARL8A;CELSR2;CFAP276;ELAPOR1;ELF3;GPR37L1;GRM4;IP6K3;LEMD2;LGR6;MLN;OARD1;PPP1R12B;PSRC1;PTPN7;SARS1;SYT2;TMEM167B;UBE2T
Protopterus_annectens|GCF_019279795.1|RYR.0	GCF_019279795.1	Protopterus annectens	Dipnoi	Ceratodontiformes	RYR	0	found_annotated	informative10	20	18	17	20	20	1	ACTN2;ALK;CHRM3;CLIP4;CRIM1;DLGAP3;EHD3;FEZ2;GALNT14;GREM2;HEATR1;LBH;LCLAT1;LGALS8;LTBP1;MTR;RASGRP3;RIOX1;SMIM12;ZMYM4
Protopterus_annectens|GCF_019279795.1|RYR.1	GCF_019279795.1	Protopterus annectens	Dipnoi	Ceratodontiformes	RYR	1	found_annotated	informative10	20	16	30	20	20	0	ABCC5;AKT2;ATF4;BLVRB;CCDC113;DYNLT1;EXOC3L2;GTF2H5;MED29;NGB;PAF1;PLEKHG2;PRX;RPS19BP1;SIPA1L3;SSTR3;SYMPK;SYTL3;TMEM181;TULP4
Protopterus_annectens|GCF_019279795.1|RYR.2	GCF_019279795.1	Protopterus annectens	Dipnoi	Ceratodontiformes	RYR	2	found_annotated	informative10	20	18	14	20	20	0	ANKRD63;AVEN;BRMS1L;BUB1B;CHRM5;DISP2;EHD4;EMC7;FMN1;GPX2;GREM1;INSM2;MAX;MTA1;PACS2;PIGH;RAB15;RALGAPA1;SCG5;SPTBN5
Dromiciops_gliroides|GCF_019393635.1|ITPR1.0	GCF_019393635.1	Dromiciops gliroides	Mammalia	Microbiotheria	ITPR1	0	found_annotated	informative10	20	12	14	20	19	1	ARL8B;BHLHE40;CAV3;CHL1;CNTN3;CNTN4;CRBN;EDEM1;GRM7;IL5RA;LMCD1;LRRN1;OXTR;PDZRN3;PPP4R2;RAD18;SRGAP3;SSUH2;SUMF1;TRNT1
Dromiciops_gliroides|GCF_019393635.1|ITPR2.0	GCF_019393635.1	Dromiciops gliroides	Mammalia	Microbiotheria	ITPR2	0	found_annotated	informative10	20	13	12	20	20	1	ARNTL2;BCAT1;BHLHE41;DNAI7;ETFRF1;FGFR1OP2;INTS13;IRAG2;KRAS;LMNTD1;MED21;PFKFB3;PRKCQ;RASSF8;RBM17;SFMBT2;SOX5;SSPN;STK38L;TM7SF3
Dromiciops_gliroides|GCF_019393635.1|ITPR3.0	GCF_019393635.1	Dromiciops gliroides	Mammalia	Microbiotheria	ITPR3	0	found_annotated	informative10	20	13	12	20	18	1	BAK1;CUTA;DAXX;GRM4;HMGA1;IP6K3;KIFC1;LEMD2;MLN;NUDT3;PACSIN1;PHF1;RGL2;RPS10;SMIM29;SMIM40;SPDEF;SYNGAP1;ZBTB22;ZBTB9
Dromiciops_gliroides|GCF_019393635.1|RYR.0	GCF_019393635.1	Dromiciops gliroides	Mammalia	Microbiotheria	RYR	0	found_annotated	informative10	20	13	12	20	20	1	ACTN2;CHRM3;EDARADD;ERO1B;EXO1;FH;FMN2;GNG4;GPR137B;GREM2;HEATR1;KMO;LGALS8;LYST;MTR;NID1;OPN3;RGS7;WDR64;ZP4
Dromiciops_gliroides|GCF_019393635.1|RYR.1	GCF_019393635.1	Dromiciops gliroides	Mammalia	Microbiotheria	RYR	1	found_annotated	informative10	20	10	12	20	19	0	ACTN4;CAPN12;DPF1;ECH1;EIF3K;FAM98C;GGN;HNRNPL;KCNK6;LGALS4;LGALS7;MAP4K1;PPP1R14A;PSMD8;RASGRP4;RINL;SIRT2;SPINT2;SPRED3;YIF1B
Dromiciops_gliroides|GCF_019393635.1|RYR.2	GCF_019393635.1	Dromiciops gliroides	Mammalia	Microbiotheria	RYR	2	found_annotated	informative10	20	24	13	20	19	0	ACTC1;AQR;ARHGAP11A;AVEN;CCDC115;CDIN1;CHRM5;DPH6;EMC4;EMC7;FMN1;GJD2;GREM1;KATNBL1;LPCAT4;MEIS2;NOP10;NUTM1;SLC12A6;ZNF770
Gambusia_affinis|GCF_019740435.1|ITPR1.0	GCF_019740435.1	Gambusia affinis	Actinopteri	Cyprinodontiformes	ITPR1	0	found_annotated	informative10	20	15	29	20	20	1	ATF1;ATF7B;C1QL4B;CDK4;DIP2B;ESPL1;ESYT1B;LARP4A;MCRS1;METTL1;MMP19;PFDN5;PFKM;SCN8A;SLC4A8;SMUG1;SUMF1;SUOX;ZC3H10;ZNF740A
Gambusia_affinis|GCF_019740435.1|ITPR1.1	GCF_019740435.1	Gambusia affinis	Actinopteri	Cyprinodontiformes	ITPR1	1	found_annotated	informative10	20	25	17	20	20	0	ALDH1L1;CASS4;CCDC120B;COMT;CSTF1;FRMD4B;GRM6B;LRRN1;MITF;MON1A;MST1R;MTMR14;PDRG1;PHF2;PLXNB1B;SETD5;SETMAR;TP53RK;TRNT1;ZNF831
Gambusia_affinis|GCF_019740435.1|ITPR2.0	GCF_019740435.1	Gambusia affinis	Actinopteri	Cyprinodontiformes	ITPR2	0	found_annotated	informative10	20	10	16	20	20	1	ARNTL2;BHLHE41;C1QTNF13;CES2B;EEA1;ENDOUC;FANCI;FBXO31;GDPGP1;KRAS;NR1H4;NUDT4A;PLEKHG7;POLG;PPFIBP1B;RHCG;SLC17A8;SSPN;UBE2N;UNC45A
Gambusia_affinis|GCF_019740435.1|ITPR3.0	GCF_019740435.1	Gambusia affinis	Actinopteri	Cyprinodontiformes	ITPR3	0	found_annotated	informative10	20	58	18	20	20	1	ABT1;CCDC135;CDK16;CLCN6;DEDD;EDEM2;GRM6A;HM13;NDNL2;NPPA;NPPAL;NPPB;PLXNB3;RAD51C;RFC2;SNX21;SRPK3;TSR2;USP11;VPS13D
Gambusia_affinis|GCF_019740435.1|RYR.0	GCF_019740435.1	Gambusia affinis	Actinopteri	Cyprinodontiformes	RYR	0	found_annotated	informative10	20	13	12	20	20	1	ACBD4;ACTA2;ADGRA1A;ADOA;ANKRD22;ARHGAP23B;BMS1;CABCOCO1;CH25H;EGR2B;EXOC6;HHEX;JMJD1C;LIPF;MTR;NRBF2B;PLCD3B;REEP3B;STAMBPL1;TRUB1
Gambusia_affinis|GCF_019740435.1|RYR.1	GCF_019740435.1	Gambusia affinis	Actinopteri	Cyprinodontiformes	RYR	1	found_annotated	informative10	20	11	17	20	20	0	BRD8A;CXXC5A;DNAJC18;GABRR3A;GNG8;HHLA2A;LIPI;MAP7D2A;NFRK;NRG2A;PCYT1B;PDHA1A;PHLDB2A;PPP3C;PRDX4;PURA;SLC22A6L;SMS;TMEM45B;ZDHHC20A
Gambusia_affinis|GCF_019740435.1|RYR.2	GCF_019740435.1	Gambusia affinis	Actinopteri	Cyprinodontiformes	RYR	2	found_annotated	informative10	20	28	13	20	20	0	CALN1;EML2;EXOSC5;GALNT17;GPR4;HNRNPUL1;INTS4;KCTD14;MYO7A;NOVA2;OPA3;PPP1R13L;PPP5C;RASGRP4;RHBDD1;RPS3;SBDS;TGFB1A;TMEM91;TYW1
Gambusia_affinis|GCF_019740435.1|RYR.3	GCF_019740435.1	Gambusia affinis	Actinopteri	Cyprinodontiformes	RYR	3	found_annotated	informative10	20	18	26	20	20	0	ACP7;ADSS1;AREL1;ARHGAP11A;CHRM5A;CRIM1;DNAJC17;EIF2AK4;EXD1;FCF1;FSIP1;GCHFR;GPX2;GREM1B;INF2;LIN52;POMT2;SIVA1;VSX2;ZBTB42
Gambusia_affinis|GCF_019740435.1|RYR.4	GCF_019740435.1	Gambusia affinis	Actinopteri	Cyprinodontiformes	RYR	4	found_annotated	informative10	20	14	11	20	20	0	ABRACL;ACTC1A;CHRM5B;CLU;EMC7B;FMN1;FNTB;GPR176;GREM1A;HECA;KATNBL1;KNL1;MAX;MTIF3;REPS1;SCARA3;SLC10A1;SRSF5B;SUSD6;THBS1B
Gambusia_affinis|GCF_019740435.1|RYR.5	GCF_019740435.1	Gambusia affinis	Actinopteri	Cyprinodontiformes	RYR	5	found_annotated	informative10	20	13	16	20	20	0	ACTN2B;BORA;CCSER2A;CHRM3A;DACHC;DIS3;DNAJC9;ECD;FAM149B1;FMN2A;GREM2A;GRID1A;MZT1;NDNFL;P4HA1B;PHYHIPL;RGS7A;SPARCL2;UBAC2;WAPL
Neogale_vison|GCF_020171115.1|ITPR1.0	GCF_020171115.1	Neogale vison	Mammalia	Carnivora	ITPR1	0	found_annotated	informative10	20	10	15	20	19	1	ARL8B;CAV3;CHL1;CNTN3;CNTN4;CRBN;EDEM1;GRM7;IL5RA;LMCD1;LRRN1;OXTR;PDZRN3;PPP4R2;RAD18;SRGAP3;SSUH2;SUMF1;THUMPD3;TRNT1
Neogale_vison|GCF_020171115.1|ITPR2.0	GCF_020171115.1	Neogale vison	Mammalia	Carnivora	ITPR2	0	found_annotated	informative10	20	10	10	20	20	1	ARNTL2;BCAT1;BHLHE41;C12H12ORF71;DNAI7;ETFRF1;FGFR1OP2;INTS13;IRAG2;KRAS;LMNTD1;MED21;PPFIBP1;RASSF8;REP15;SMCO2;SOX5;SSPN;STK38L;TM7SF3
Neogale_vison|GCF_020171115.1|ITPR3.0	GCF_020171115.1	Neogale vison	Mammalia	Carnivora	ITPR3	0	found_annotated	informative10	20	11	13	20	18	1	BAK1;CUTA;DAXX;GRM4;HMGA1;ILRUN;KIFC1;LEMD2;MLN;NUDT3;PACSIN1;PHF1;RGL2;RPS10;SMIM29;SMIM40;SPDEF;SYNGAP1;ZBTB22;ZBTB9
Neogale_vison|GCF_020171115.1|RYR.0	GCF_020171115.1	Neogale vison	Mammalia	Carnivora	RYR	0	found_annotated	informative10	20	23	15	20	18	1	ACTN2;AGT;C2H1ORF198;CAPN9;CH25H;CHRM3;COG2;EDARADD;FAS;HEATR1;IFIT1B;IFIT2;IFIT3;LGALS8;LIPA;MTR;TTC13;ZNF248;ZNF25;ZP4
Neogale_vison|GCF_020171115.1|RYR.1	GCF_020171115.1	Neogale vison	Mammalia	Carnivora	RYR	1	found_annotated	informative10	20	10	12	20	19	0	ACTN4;C7H19ORF33;CAPN12;CATSPERG;ECH1;EIF3K;FAM98C;GGN;HNRNPL;KCNK6;LGALS4;LGALS7;MAP4K1;PSMD8;RASGRP4;RINL;SIRT2;SPINT2;SPRED3;YIF1B
Neogale_vison|GCF_020171115.1|RYR.2	GCF_020171115.1	Neogale vison	Mammalia	Carnivora	RYR	2	found_annotated	informative10	19	12	60	19	18	0	ACTC1;AQR;AVEN;CDIN1;CHRM5;DPH6;EMC4;EMC7;FMN1;GJD2;GREM1;KATNBL1;LPCAT4;MEIS2;NOP10;NUTM1;SCG5;SLC12A6;ZNF770
Apus_apus|GCF_020740795.1|ITPR1.0	GCF_020740795.1	Apus apus	Aves	Apodiformes	ITPR1	0	found_annotated	informative10	20	13	10	20	20	1	ARL8B;BHLHE40;CAV3;CHL1;CNTN6;CRBN;EDEM1;GRM7;GXYLT2;IL5RA;LMCD1;LRRN1;OXTR;PDZRN3;PPP4R2;RAD18;SRGAP3;SUMF1;THUMPD3;TRNT1
Apus_apus|GCF_020740795.1|ITPR2.0	GCF_020740795.1	Apus apus	Aves	Apodiformes	ITPR2	0	found_annotated	informative10	20	10	13	20	20	1	ARFGAP3;BHLHE41;BMAL2;DNAI7;ENDOU;ETFRF1;FGFR1OP2;GYS2;INTS13;IRAG2;KRAS;LDHB;MED21;PPFIBP1;RASSF8;REP15;SPX;SSPN;STK38L;TM7SF3
Apus_apus|GCF_020740795.1|ITPR3.0	GCF_020740795.1	Apus apus	Aves	Apodiformes	ITPR3	0	found_annotated	informative10	20	10	16	20	20	1	APOBEC2;BAK1;BLTP3A;FOXP4;FRS3;GRM4;HMGA1;ILRUN;MDFI;NFYA;NUDT3;OARD1;PACSIN1;PRICKLE4;RPS10;SMIM29;SNRPC;SPDEF;TFEB;TOMM6
Apus_apus|GCF_020740795.1|RYR.0	GCF_020740795.1	Apus apus	Aves	Apodiformes	RYR	0	found_annotated	informative10	20	11	10	20	20	1	ACTN2;CEP170;CHRM3;EDARADD;ERO1B;EXO1;FMN2;GNG4;GPR137B;GREM2;HEATR1;LGALS8;LYST;MAP1LC3C;MTR;NID1;OPN3;PIGM;PLD5;RGS7
Apus_apus|GCF_020740795.1|RYR.1	GCF_020740795.1	Apus apus	Aves	Apodiformes	RYR	1	found_annotated	informative10	20	11	11	20	20	0	AQR;AVEN;BMF;CDIN1;CHRM5;DPH6;EIF2AK4;EMC7;FAM98B;FMN1;FSIP1;GPR176;GREM1;KATNBL1;MEIS2;RASGRP1;SPRED1;SRP14;THBS1;ZNF770
Diceros_bicornis_minor|GCF_020826845.1|ITPR1.0	GCF_020826845.1	Diceros bicornis minor	Mammalia	Perissodactyla	ITPR1	0	found_annotated	informative10	20	14	18	20	19	1	ARL8B;BHLHE40;CAV3;CHL1;CNTN4;CNTN6;CRBN;EDEM1;EFCAB12;GRM7;GXYLT2;IL5RA;LMCD1;LRRN1;OXTR;PDZRN3;RAD18;SHQ1;SUMF1;TRNT1
Diceros_bicornis_minor|GCF_020826845.1|ITPR2.0	GCF_020826845.1	Diceros bicornis minor	Mammalia	Perissodactyla	ITPR2	0	found_annotated	informative10	20	10	10	20	20	1	BCAT1;BHLHE41;BMAL2;C17H12ORF71;DNAI7;ETFRF1;FGFR1OP2;INTS13;IRAG2;KRAS;LMNTD1;MED21;PPFIBP1;RASSF8;REP15;SMCO2;SOX5;SSPN;STK38L;TM7SF3
Diceros_bicornis_minor|GCF_020826845.1|ITPR3.0	GCF_020826845.1	Diceros bicornis minor	Mammalia	Perissodactyla	ITPR3	0	found_annotated	informative10	20	10	12	20	18	1	BAK1;BLTP3A;CUTA;DAXX;GRM4;HMGA1;ILRUN;KIFC1;NUDT3;PACSIN1;PHF1;RPS10;SMIM29;SMIM40;SNRPC;SPDEF;SYNGAP1;TAPBP;ZBTB22;ZBTB9
Diceros_bicornis_minor|GCF_020826845.1|RYR.0	GCF_020826845.1	Diceros bicornis minor	Mammalia	Perissodactyla	RYR	0	found_annotated	informative10	20	19	10	20	19	1	ACTN2;CHRM3;CXCL12;DEPP1;EDARADD;ERO1B;FXYD4;GNG4;GPR137B;HEATR1;HNRNPF;LGALS8;LYST;MTR;NID1;RASSF4;TMEM72;ZNF239;ZNF32;ZP4
Diceros_bicornis_minor|GCF_020826845.1|RYR.1	GCF_020826845.1	Diceros bicornis minor	Mammalia	Perissodactyla	RYR	1	found_annotated	informative10	20	10	12	20	20	0	ACTN4;C34H19ORF33;CAPN12;CATSPERG;ECH1;EIF3K;FAM98C;GGN;HNRNPL;KCNK6;LGALS4;MAP4K1;NFKBIB;PSMD8;RASGRP4;RINL;SIRT2;SPINT2;SPRED3;YIF1B
Diceros_bicornis_minor|GCF_020826845.1|RYR.2	GCF_020826845.1	Diceros bicornis minor	Mammalia	Perissodactyla	RYR	2	found_annotated	informative10	19	60	11	19	18	0	ACTC1;AQR;ARHGAP11A;AVEN;CDIN1;CHRM5;DPH6;EMC4;EMC7;FMN1;GJD2;GREM1;KATNBL1;LPCAT4;NOP10;NUTM1;SCG5;SLC12A6;ZNF770
Sphaerodactylus_townsendi|GCF_021028975.2|ITPR1.0	GCF_021028975.2	Sphaerodactylus townsendi	Lepidosauria	Squamata	ITPR1	0	found_annotated	informative10	20	18	13	20	20	1	ARL8B;BHLHE40;CHL1;CRBN;EDEM1;GRM7;GXYLT2;LMCD1;LRRN1;OXTR;PDZRN3;PPP4R2;PROK2;RAD18;SHQ1;SRGAP3;SSUH2;SUMF1;THUMPD3;TRNT1
Sphaerodactylus_townsendi|GCF_021028975.2|ITPR2.0	GCF_021028975.2	Sphaerodactylus townsendi	Lepidosauria	Squamata	ITPR2	0	found_annotated	informative10	20	11	13	20	20	1	ARNTL2;BHLHE41;CAMK1D;CDC123;DHTKD1;ELAPOR2;FGFR1OP2;GRM3;INTS13;LMNTD1;MED21;NUDT5;PPFIBP1;RASSF8;REP15;SEC61A2;SSPN;STK38L;TM7SF3;UPF2
Sphaerodactylus_townsendi|GCF_021028975.2|ITPR3.0	GCF_021028975.2	Sphaerodactylus townsendi	Lepidosauria	Squamata	ITPR3	0	found_annotated	informative10	20	11	11	20	20	1	APOBEC2;BAK1;CDKN1A;ETV7;GRM4;HMGA1;IP6K3;KCTD20;LEMD2;MLN;NFYA;NUDT3;OARD1;PACSIN1;RHO;RPS10;SMIM29;SRSF3;STK38;TSPO2
Sphaerodactylus_townsendi|GCF_021028975.2|RYR.0	GCF_021028975.2	Sphaerodactylus townsendi	Lepidosauria	Squamata	RYR	0	found_annotated	informative10	20	11	10	20	20	0	ACTN2;CHRM3;EDARADD;ERO1B;EXO1;FMN2;GNG4;GPR137B;GREM2;HEATR1;LGALS8;LYST;MAP1LC3C;MTR;NID1;OPN3;PIGM;PLD5;RGS7;WDR64
Sphaerodactylus_townsendi|GCF_021028975.2|RYR.1	GCF_021028975.2	Sphaerodactylus townsendi	Lepidosauria	Squamata	RYR	1	found_annotated	informative10	20	11	10	20	20	1	ARHGAP11A;AVEN;BMF;CDIN1;CHRM5;DPH6;EIF2AK4;EMC7;FAM98B;FMN1;FSIP1;GPR176;GREM1;KATNBL1;MEIS2;RASGRP1;SCG5;SPRED1;SRP14;THBS1
Sphaerodactylus_townsendi|GCF_021028975.2|RYR.2	GCF_021028975.2	Sphaerodactylus townsendi	Lepidosauria	Squamata	RYR	2	found_annotated	informative10	20	12	13	20	20	0	ACTN4;CATSPERG;ECH1;EIF3K;FAM98C;GGN;HNRNPL;KPTN;LGALS4;MAP4K1;MEIS3;NAPA;NFKBIB;PSMD8;QPCTL;RASGRP4;SARS2;SIRT2;SLC8A2;SPRED3
Micropterus_dolomieu|GCF_021292245.1|ITPR1.0	GCF_021292245.1	Micropterus dolomieu	Actinopteri	Centrarchiformes	ITPR1	0	found_annotated	informative10	20	16	27	20	20	1	ATF1;ATF7B;DIP2B;ESPL1;ESYT1B;FAIM2B;LARP4A;MCRS1;METTL1;MMP19;PFDN5;RHBDD2;SCN8A;SLC4A8;SMUG1;SUMF1;SUOX;TTLL3;ZC3H10;ZNF740A
Micropterus_dolomieu|GCF_021292245.1|ITPR1.1	GCF_021292245.1	Micropterus dolomieu	Actinopteri	Centrarchiformes	ITPR1	1	found_annotated	informative10	20	17	11	20	20	0	ADNP;ARL6IP5A;AVPR2B;BHLHE40;COMT;EEVS;FOXP1B;FRMD4B;GATA1A;GRM6B;HCFC1A;LRRN1;MAFB;MDFIC2;MITF;MON1A;MST1R;OPN1LW1;SETMAR;TRNT1
Micropterus_dolomieu|GCF_021292245.1|ITPR2.0	GCF_021292245.1	Micropterus dolomieu	Actinopteri	Centrarchiformes	ITPR2	0	found_annotated	informative10	20	11	20	20	20	1	BHLHE41;C1QTNF13;CES2B;DNAI7;EEA1;FANCI;FBXO31;GDPGP1;KRAS;LYRM5A;MAN2A2;NR1H4;NUDT4A;PLEKHG7;POLG;SLC17A8;SLC5A8;SSPN;UBE2N;UNC45A
Micropterus_dolomieu|GCF_021292245.1|ITPR3.0	GCF_021292245.1	Micropterus dolomieu	Actinopteri	Centrarchiformes	ITPR3	0	found_annotated	informative10	20	26	40	20	20	1	ABCD1;ACSS2;ATP6AP1A;CCDC120A;CCDC135;CXXC1A;EDEM2;FGD1;HDAC6;HM13;IRAK1;LHFPL4B;MECP2;NDNL2;PLXNB3;RFC2;SNX21;SULF2B;TAFAZZIN;TFE3A
Micropterus_dolomieu|GCF_021292245.1|RYR.0	GCF_021292245.1	Micropterus dolomieu	Actinopteri	Centrarchiformes	RYR	0	found_annotated	informative10	20	13	14	20	20	1	ACBD4;ADGRA1A;ADOA;BMS1;CABCOCO1;DCXR;EGR2B;EXOC6;FMN2B;GALK1;JMJD1C;LLGL2;LRRC45;MBTD1;MTR;MYO15B;NRBF2B;RAC3B;TDRKH;TMEM94
Micropterus_dolomieu|GCF_021292245.1|RYR.1	GCF_021292245.1	Micropterus dolomieu	Actinopteri	Centrarchiformes	RYR	1	found_annotated	informative10	20	13	26	20	20	0	B3GNT2L;BCKDH;BICR;EML2;EXOSC5;FOXA3;GIPR;GPR4;HNRNPUL1;NAPA;OPA3;POLR1G;PPP1R13L;PPP5C;RASGRP4;RHBDD1;SBDS;TGFB1A;TMEM91;TYW1
Micropterus_dolomieu|GCF_021292245.1|RYR.2	GCF_021292245.1	Micropterus dolomieu	Actinopteri	Centrarchiformes	RYR	2	found_annotated	informative10	20	12	22	20	20	0	BRD8A;CXXC5A;DNAJC18;GABRR3A;GNG8;GSX1;LIPI;MAP7D2A;NRG2A;NRXN2A;PCYT1B;PDHA1A;PHLDB2A;PRDX4;PURA;PYGM;SLC22A6L;SMS;TMEM45B;ZDHHC20A
Micropterus_dolomieu|GCF_021292245.1|RYR.3	GCF_021292245.1	Micropterus dolomieu	Actinopteri	Centrarchiformes	RYR	3	found_annotated	informative10	20	28	19	20	20	0	ACP7;ADSS1;AREL1;ARHGAP11A;CHRM5A;CRIM1;DNAJC17;EIF2AK4;EXD1;FSIP1;GCHFR;GPX2;GREM1B;INF2;LIN52;POMT2;SIVA1;TOR4A;VSX2;ZBTB42
Micropterus_dolomieu|GCF_021292245.1|RYR.4	GCF_021292245.1	Micropterus dolomieu	Actinopteri	Centrarchiformes	RYR	4	found_annotated	informative10	20	13	14	20	20	0	ACTC1A;AVEN;CLU;EMC7B;FMN1;FNTB;GPR176;GREM1A;JAG2B;KATNBL1;KNL1;KNSTRN;MAX;NUDT14;REPS1;SCARA3;SLC10A1;SRSF5B;SUSD6;THBS1B
Micropterus_dolomieu|GCF_021292245.1|RYR.5	GCF_021292245.1	Micropterus dolomieu	Actinopteri	Centrarchiformes	RYR	5	found_annotated	informative10	20	16	12	20	20	0	ACTN2B;ANK3A;BORA;CCSER2A;CHRM3A;DACHC;DIS3;DNAJC9;ECD;FAM149B1;FMN2A;GREM2A;GRID1A;MZT1;NDNFL;P4HA1B;RGS7A;SPARCL2;UBAC2;WAPL
Equus_quagga|GCF_021613505.1|ITPR1.0	GCF_021613505.1	Equus quagga	Mammalia	Perissodactyla	ITPR1	0	found_annotated	informative10	20	10	12	20	18	1	ARL8B;BHLHE40;CAV3;CHL1;CNTN3;CNTN4;CNTN6;CRBN;EDEM1;GRM7;IL5RA;LMCD1;LRRN1;OXTR;PDZRN3;RAD18;SRGAP3;SSUH2;SUMF1;TRNT1
Equus_quagga|GCF_021613505.1|ITPR2.0	GCF_021613505.1	Equus quagga	Mammalia	Perissodactyla	ITPR2	0	found_annotated	informative10	20	10	10	20	20	1	BCAT1;BHLHE41;BMAL2;C1H12ORF71;DNAI7;ETNK1;FGFR1OP2;INTS13;IRAG2;KRAS;LMNTD1;MED21;PPFIBP1;RASSF8;REP15;SMCO2;SOX5;SSPN;STK38L;TM7SF3
Equus_quagga|GCF_021613505.1|ITPR3.0	GCF_021613505.1	Equus quagga	Mammalia	Perissodactyla	ITPR3	0	found_annotated	informative10	20	11	11	20	19	1	BAK1;CUTA;DAXX;GRM4;HMGA1;IP6K3;KIFC1;LEMD2;MLN;NUDT3;PACSIN1;PHF1;RGL2;RPS10;SMIM29;SPDEF;SYNGAP1;TAPBP;ZBTB22;ZBTB9
Equus_quagga|GCF_021613505.1|RYR.0	GCF_021613505.1	Equus quagga	Mammalia	Perissodactyla	RYR	0	found_annotated	informative10	20	11	17	20	19	1	ACTN2;BMS1;CHRM3;CSGALNACT2;EDARADD;ERO1B;FXYD4;GNG4;GPR137B;HEATR1;HNRNPF;LGALS8;LYST;MTR;NID1;RASGEF1A;RET;ZNF248;ZNF25;ZP4
Equus_quagga|GCF_021613505.1|RYR.1	GCF_021613505.1	Equus quagga	Mammalia	Perissodactyla	RYR	1	found_annotated	informative10	20	10	10	20	20	0	ACTN4;C13H19ORF33;CAPN12;CATSPERG;ECH1;EIF3K;FAM98C;GGN;HNRNPL;KCNK6;LGALS4;MAP4K1;NFKBIB;PSMD8;RASGRP4;RINL;SIRT2;SPINT2;SPRED3;YIF1B
Equus_quagga|GCF_021613505.1|RYR.2	GCF_021613505.1	Equus quagga	Mammalia	Perissodactyla	RYR	2	found_annotated	informative10	18	60	12	18	17	0	ACTC1;AQR;AVEN;CDIN1;CHRM5;DPH6;EMC4;EMC7;FMN1;GJD2;GREM1;KATNBL1;LPCAT4;MEIS2;NUTM1;SLC12A6;TMCO5A;ZNF770
Falco_peregrinus|GCF_023634155.1|ITPR1.0	GCF_023634155.1	Falco peregrinus	Aves	Falconiformes	ITPR1	0	found_annotated	informative10	20	11	12	20	19	1	ARL8B;BHLHE40;CAV3;CHL1;CNTN3;CNTN6;CRBN;EDEM1;GRM7;IL5RA;LMCD1;LRRN1;OXTR;PDZRN3;PPP4R2;RAD18;SRGAP3;SSUH2;SUMF1;TRNT1
Falco_peregrinus|GCF_023634155.1|ITPR2.0	GCF_023634155.1	Falco peregrinus	Aves	Falconiformes	ITPR2	0	found_annotated	informative10	20	11	15	20	20	1	ARFGAP3;BHLHE41;BMAL2;DNAI7;ETFRF1;FGFR1OP2;GYS2;INTS13;IRAG2;KRAS;LDHB;MED21;PACSIN2;PPFIBP1;RASSF8;REP15;SPX;SSPN;STK38L;TM7SF3
Falco_peregrinus|GCF_023634155.1|ITPR3.0	GCF_023634155.1	Falco peregrinus	Aves	Falconiformes	ITPR3	0	found_annotated	informative10	20	10	16	20	20	1	APOBEC2;BAK1;BLTP3A;FOXP4;FRS3;GRM4;HMGA1;ILRUN;MDFI;NFYA;NUDT3;OARD1;PACSIN1;PRICKLE4;RPS10;SMIM29;SNRPC;SPDEF;TFEB;TOMM6
Falco_peregrinus|GCF_023634155.1|RYR.0	GCF_023634155.1	Falco peregrinus	Aves	Falconiformes	RYR	0	found_annotated	informative10	20	11	10	20	20	1	ACTN2;CHRM3;EDARADD;ERO1B;EXO1;FMN2;GNG4;GPR137B;GREM2;HEATR1;LGALS8;LYST;MAP1LC3C;MTR;NID1;OPN3;PIGM;PLD5;RGS7;WDR64
Falco_peregrinus|GCF_023634155.1|RYR.1	GCF_023634155.1	Falco peregrinus	Aves	Falconiformes	RYR	1	found_annotated	informative10	20	12	11	20	20	0	ARHGAP11A;AVEN;BMF;CDIN1;CHRM5;DPH6;EIF2AK4;EMC7;FAM98B;FMN1;FSIP1;GPR176;GREM1;KATNBL1;MEIS2;RASGRP1;SCG5;SPRED1;SRP14;THBS1
Tamandua_tetradactyla|GCF_023851605.1|ITPR1.0	GCF_023851605.1	Tamandua tetradactyla	Mammalia	Pilosa	ITPR1	0	found_annotated	informative10	20	10	26	20	20	1	AHRR;ARL8B;BHLHE40;CAV3;CCDC127;CEP72;EDEM1;EXOC3;GRM7;LMCD1;LRRC14B;OXTR;PDCD6;RAD18;SDHA;SLC9A3;SRGAP3;SSUH2;SUMF1;TPPP
Tamandua_tetradactyla|GCF_023851605.1|ITPR2.0	GCF_023851605.1	Tamandua tetradactyla	Mammalia	Pilosa	ITPR2	0	found_annotated	informative10	20	13	10	20	20	1	BCAT1;BHLHE41;BMAL2;C7H12ORF71;DNAI7;ETFRF1;ETNK1;FGFR1OP2;INTS13;IRAG2;KRAS;LMNTD1;MED21;PPFIBP1;RASSF8;REP15;SMCO2;SOX5;STK38L;TM7SF3
Tamandua_tetradactyla|GCF_023851605.1|ITPR3.0	GCF_023851605.1	Tamandua tetradactyla	Mammalia	Pilosa	ITPR3	0	found_annotated	informative10	20	11	10	20	18	1	BAK1;CUTA;DAXX;GRM4;HMGA1;IP6K3;KIFC1;LEMD2;MLN;NUDT3;PACSIN1;PHF1;RPS10;SMIM29;SMIM40;SYNGAP1;TAPBP;UQCC2;ZBTB22;ZBTB9
Tamandua_tetradactyla|GCF_023851605.1|RYR.0	GCF_023851605.1	Tamandua tetradactyla	Mammalia	Pilosa	RYR	0	found_annotated	informative10	20	10	10	20	20	1	ACTN2;CHML;CHRM3;EDARADD;ERO1B;FH;FMN2;GNG4;GPR137B;GREM2;HEATR1;KMO;LGALS8;LYST;MTR;NID1;OPN3;RGS7;WDR64;ZP4
Tamandua_tetradactyla|GCF_023851605.1|RYR.1	GCF_023851605.1	Tamandua tetradactyla	Mammalia	Pilosa	RYR	1	found_annotated	informative10	20	10	10	20	19	0	ACTN4;C16H19ORF33;CAPN12;CATSPERG;ECH1;EIF3K;FAM98C;GGN;HNRNPL;KCNK6;LGALS4;LGALS7;MAP4K1;PSMD8;RASGRP4;RINL;SIRT2;SPINT2;SPRED3;YIF1B
Tamandua_tetradactyla|GCF_023851605.1|RYR.2	GCF_023851605.1	Tamandua tetradactyla	Mammalia	Pilosa	RYR	2	found_annotated	informative10	20	51	11	20	19	0	ACTC1;AQR;ARHGAP11A;AVEN;CDIN1;CHRM5;DPH6;EMC4;EMC7;FMN1;GJD2;GREM1;KATNBL1;LPCAT4;NOP10;NUTM1;OR4K14;SCG5;SLC12A6;ZNF770
Elephas_maximus_indicus|GCF_024166365.1|ITPR1.0	GCF_024166365.1	Elephas maximus indicus	Mammalia	Proboscidea	ITPR1	0	found_annotated	informative10	20	12	10	20	18	1	ARL8B;BHLHE40;CAV3;CHL1;CNTN3;CNTN4;CNTN6;CRBN;EDEM1;GRM7;IL5RA;LMCD1;LRRN1;OXTR;PDZRN3;RAD18;SRGAP3;SSUH2;SUMF1;TRNT1
Elephas_maximus_indicus|GCF_024166365.1|ITPR2.0	GCF_024166365.1	Elephas maximus indicus	Mammalia	Proboscidea	ITPR2	0	found_annotated	informative10	20	10	10	20	20	1	BCAT1;BHLHE41;BMAL2;C4H12ORF71;DNAI7;ETFRF1;FGFR1OP2;INTS13;IRAG2;KRAS;LMNTD1;MED21;PPFIBP1;RASSF8;REP15;SMCO2;SOX5;SSPN;STK38L;TM7SF3
Elephas_maximus_indicus|GCF_024166365.1|ITPR3.0	GCF_024166365.1	Elephas maximus indicus	Mammalia	Proboscidea	ITPR3	0	found_annotated	informative10	20	11	10	20	18	1	BAK1;BLTP3A;CUTA;DAXX;GRM4;HMGA1;ILRUN;KIFC1;NUDT3;PACSIN1;PHF1;RPS10;SMIM29;SMIM40;SNRPC;SPDEF;SYNGAP1;TAPBP;ZBTB22;ZBTB9
Elephas_maximus_indicus|GCF_024166365.1|RYR.0	GCF_024166365.1	Elephas maximus indicus	Mammalia	Proboscidea	RYR	0	found_annotated	informative10	20	10	10	20	20	1	ACTN2;CHML;CHRM3;EDARADD;ERO1B;FH;FMN2;GNG4;GPR137B;GREM2;HEATR1;KMO;LGALS8;LYST;MTR;NID1;OPN3;RGS7;WDR64;ZP4
Elephas_maximus_indicus|GCF_024166365.1|RYR.1	GCF_024166365.1	Elephas maximus indicus	Mammalia	Proboscidea	RYR	1	found_annotated	informative10	20	14	10	20	19	0	ACTN4;C11H19ORF33;CAPN12;CATSPERG;EIF3K;FAM98C;GGN;HNRNPL;KCNK6;LGALS4;LGALS7;MAP4K1;NFKBIB;PSMD8;RASGRP4;RINL;SIRT2;SPINT2;SPRED3;YIF1B
Elephas_maximus_indicus|GCF_024166365.1|RYR.2	GCF_024166365.1	Elephas maximus indicus	Mammalia	Proboscidea	RYR	2	found_annotated	informative10	19	13	60	19	18	0	ACTC1;AQR;ARHGAP11A;AVEN;CDIN1;CHRM5;DPH6;EMC4;EMC7;FMN1;GJD2;GREM1;KATNBL1;LPCAT4;NOP10;NUTM1;SCG5;SLC12A6;ZNF770
Gopherus_flavomarginatus|GCF_025201925.1|ITPR1.0	GCF_025201925.1	Gopherus flavomarginatus	Testudines	Testudines	ITPR1	0	found_annotated	informative10	20	14	14	20	19	1	ARL8B;BHLHE40;CAV3;CNTN3;CNTN6;CRBN;EDEM1;GRM7;GXYLT2;IL5RA;LRRN1;OXTR;PDZRN3;PPP4R2;RAD18;SRGAP3;SUMF1;THUMPD3;TRNT1;VHL
Gopherus_flavomarginatus|GCF_025201925.1|ITPR2.0	GCF_025201925.1	Gopherus flavomarginatus	Testudines	Testudines	ITPR2	0	found_annotated	informative10	20	10	14	20	20	1	A4GALT;ARFGAP3;BMAL2;DNAI7;ETFRF1;FGFR1OP2;GYS2;INTS13;IRAG2;KCNJ8;KRAS;LDHB;LMNTD1;MED21;PPFIBP1;RASSF8;REP15;SPX;STK38L;TM7SF3
Gopherus_flavomarginatus|GCF_025201925.1|ITPR3.0	GCF_025201925.1	Gopherus flavomarginatus	Testudines	Testudines	ITPR3	0	found_annotated	informative10	20	18	12	20	20	1	APOBEC2;BAK1;FOXP4;FRS3;GRM4;HMGA1;IP6K3;LEMD2;MDFI;MLN;NFYA;NUDT3;OARD1;PACSIN1;RPS10;SMIM29;SPDEF;TFEB;TREML1;TSPO2
Gopherus_flavomarginatus|GCF_025201925.1|RYR.0	GCF_025201925.1	Gopherus flavomarginatus	Testudines	Testudines	RYR	0	found_annotated	informative10	20	11	11	20	20	0	ACTN2;CHRM3;EDARADD;ERO1B;EXO1;FMN2;GNG4;GPR137B;GREM2;HEATR1;LGALS8;LYST;MAP1LC3C;MTR;NID1;OPN3;PIGM;PLD5;RGS7;WDR64
Gopherus_flavomarginatus|GCF_025201925.1|RYR.1	GCF_025201925.1	Gopherus flavomarginatus	Testudines	Testudines	RYR	1	found_annotated	informative10	20	11	12	20	19	1	ACTN4;CATSPERG;ECH1;EIF3K;FAM98C;HNRNPL;KPTN;LGALS4;LGALS7;MAP4K1;MEIS3;NAPA;NFKBIB;PSMD8;RASGRP4;RINL;SIRT2;SLC8A2;SPRED3;ZNF541
Gopherus_flavomarginatus|GCF_025201925.1|RYR.2	GCF_025201925.1	Gopherus flavomarginatus	Testudines	Testudines	RYR	2	found_annotated	informative10	20	12	12	20	20	0	AQR;AVEN;BMF;CDIN1;CHRM5;DPH6;EIF2AK4;EMC7;FAM98B;FMN1;FSIP1;GPR176;GREM1;KATNBL1;MEIS2;RASGRP1;SPRED1;SRP14;THBS1;ZNF770
Hemicordylus_capensis|GCF_027244095.1|ITPR1.0	GCF_027244095.1	Hemicordylus capensis	Lepidosauria	Squamata	ITPR1	0	found_annotated	informative10	20	15	14	20	19	1	ARL8B;BHLHE40;CHL1;CNTN3;CNTN6;CRBN;EDEM1;GRM7;GXYLT2;LMCD1;LRRN1;OXTR;PDZRN3;PPP4R2;RAD18;SRGAP3;SSUH2;SUMF1;THUMPD3;TRNT1
Hemicordylus_capensis|GCF_027244095.1|ITPR2.0	GCF_027244095.1	Hemicordylus capensis	Lepidosauria	Squamata	ITPR2	0	found_annotated	informative10	20	12	15	20	20	1	BHLHE41;BMAL2;CACNA2D1;CAMK1D;CDC123;DHTKD1;FGFR1OP2;HGF;INTS13;LMNTD1;MED21;NUDT5;PPFIBP1;RASSF8;REP15;SEC61A2;SSPN;STK38L;TM7SF3;UPF2
Hemicordylus_capensis|GCF_027244095.1|ITPR3.0	GCF_027244095.1	Hemicordylus capensis	Lepidosauria	Squamata	ITPR3	0	found_annotated	informative10	20	12	12	20	20	1	APOBEC2;BAK1;CDKN1A;ETV7;GRM4;HMGA1;IP6K3;KCTD20;LEMD2;MLN;NFYA;NUDT3;OARD1;PACSIN1;RPS10;SMIM29;SPDEF;SRSF3;STK38;TSPO2
Hemicordylus_capensis|GCF_027244095.1|RYR.0	GCF_027244095.1	Hemicordylus capensis	Lepidosauria	Squamata	RYR	0	found_annotated	informative10	20	10	11	20	20	0	ACTN2;CEP170;CHRM3;EDARADD;ERO1B;EXO1;FMN2;GNG4;GPR137B;GREM2;HEATR1;LGALS8;LYST;MAP1LC3C;MTR;NID1;OPN3;PLD5;RGS7;WDR64
Hemicordylus_capensis|GCF_027244095.1|RYR.1	GCF_027244095.1	Hemicordylus capensis	Lepidosauria	Squamata	RYR	1	found_annotated	informative10	20	11	12	20	20	1	ACTN4;CATSPERG;CCER2;ECH1;EIF3K;FAM98C;GGN;HNRNPL;KPTN;LGALS4;MAP4K1;MEIS3;NAPA;NFKBIB;PSMD8;RASGRP4;RINL;SIRT2;SLC8A2;SPRED3
Hemicordylus_capensis|GCF_027244095.1|RYR.2	GCF_027244095.1	Hemicordylus capensis	Lepidosauria	Squamata	RYR	2	found_annotated	informative10	20	12	11	20	20	0	ARHGAP11A;AVEN;BMF;CDIN1;CHRM5;DPH6;EIF2AK4;EMC7;FAM98B;FMN1;FSIP1;GPR176;GREM1;KATNBL1;MEIS2;RASGRP1;SCG5;SPRED1;SRP14;THBS1
Cynocephalus_volans|GCF_027409185.1|ITPR1.0	GCF_027409185.1	Cynocephalus volans	Mammalia	Dermoptera	ITPR1	0	found_annotated	informative10	20	13	12	20	19	1	ARL8B;BHLHE40;CAV3;CHL1;CNTN3;CNTN6;CRBN;EDEM1;EFCC1;GRM7;IL5RA;LMCD1;LRRN1;OXTR;PDZRN3;PPP4R2;RAD18;SSUH2;SUMF1;TRNT1
Cynocephalus_volans|GCF_027409185.1|ITPR2.0	GCF_027409185.1	Cynocephalus volans	Mammalia	Dermoptera	ITPR2	0	found_annotated	informative10	20	10	10	20	20	1	BCAT1;BHLHE41;BMAL2;C12H12ORF71;DNAI7;ETFRF1;FGFR1OP2;INTS13;IRAG2;KRAS;LMNTD1;MED21;PPFIBP1;RASSF8;REP15;SMCO2;SOX5;SSPN;STK38L;TM7SF3
Cynocephalus_volans|GCF_027409185.1|ITPR3.0	GCF_027409185.1	Cynocephalus volans	Mammalia	Dermoptera	ITPR3	0	found_annotated	informative10	20	10	10	20	18	1	BAK1;CUTA;DAXX;GRM4;HMGA1;IP6K3;KIFC1;LEMD2;MLN;NUDT3;PACSIN1;PHF1;RPS10;SMIM29;SMIM40;SPDEF;SYNGAP1;TAPBP;ZBTB22;ZBTB9
Cynocephalus_volans|GCF_027409185.1|RYR.0	GCF_027409185.1	Cynocephalus volans	Mammalia	Dermoptera	RYR	0	found_annotated	informative10	20	14	10	20	20	1	ACBD3;ACTN2;CHRM3;DNAH14;EDARADD;ENAH;EPHX1;ERO1B;GNG4;GPR137B;HEATR1;LBR;LGALS8;LYST;MTR;NID1;PYCR2;SDE2;SRP9;TMEM63A
Cynocephalus_volans|GCF_027409185.1|RYR.1	GCF_027409185.1	Cynocephalus volans	Mammalia	Dermoptera	RYR	1	found_annotated	informative10	20	10	11	20	20	0	ACTN4;C10H19ORF33;CAPN12;CATSPERG;ECH1;EIF3K;FAM98C;GGN;HNRNPL;KCNK6;LGALS4;MAP4K1;NFKBIB;PSMD8;RASGRP4;RINL;SIRT2;SPINT2;SPRED3;YIF1B
Cynocephalus_volans|GCF_027409185.1|RYR.2	GCF_027409185.1	Cynocephalus volans	Mammalia	Dermoptera	RYR	2	found_annotated	informative10	20	11	58	20	19	0	ACTC1;AQR;ARHGAP11A;CCNB1IP1;CDIN1;CHRM5;DPH6;EMC4;EMC7;FMN1;GJD2;GREM1;KATNBL1;LPCAT4;NOP10;NUTM1;SCG5;SLC12A6;TTC5;ZNF770
Scomber_japonicus|GCF_027409825.1|ITPR1.0	GCF_027409825.1	Scomber japonicus	Actinopteri	Scombriformes	ITPR1	0	found_annotated	informative10	20	27	14	20	20	1	ATF1;ATF7B;CALCOCO1B;CDK4;DIP2B;ESPL1;ESYT1B;FAIM2B;LARP4A;MCRS1;METTL1;PFDN5;PFKM;SCN8A;SLC4A8;SMUG1;SUMF1;TTLL3;ZC3H10;ZNF740A
Scomber_japonicus|GCF_027409825.1|ITPR1.1	GCF_027409825.1	Scomber japonicus	Actinopteri	Scombriformes	ITPR1	1	found_annotated	informative10	20	13	10	20	20	0	ARL8B;BHLHE40;CCDC120B;COMT;DRD5A;GRM6B;IDH3B;LYAR;MBD1B;MON1A;MST1R;OTOP1;PTPR;SEMA3F;SETMAR;SLC2A9L2;TMEM128;TRAIP;WDR1;ZBTB49
Scomber_japonicus|GCF_027409825.1|ITPR2.0	GCF_027409825.1	Scomber japonicus	Actinopteri	Scombriformes	ITPR2	0	found_annotated	informative10	20	12	18	20	20	1	BANP;BHLHE41;BMAL2;C1QTNF13;EEA1;ENDOUC;FANCI;FBXO31;GDPGP1;KRAS;NR1H4;NUDT4A;PLEKHG7;POLG;PPFIBP1B;RHCG;SLC17A8;SSPN;UBE2N;UNC45A
Scomber_japonicus|GCF_027409825.1|ITPR3.0	GCF_027409825.1	Scomber japonicus	Actinopteri	Scombriformes	ITPR3	0	found_annotated	informative10	20	22	20	20	20	1	ATP6AP1A;BCAP31;CCDC135;CDK20;EDEM2;HM13;KCND1;KHK;MRGBP;OTUD5A;PIM2;PTPN18;RFC2;SLC35A2;SLC6A8;SNX21;SOX18;SULF2B;USP11;UXT
Scomber_japonicus|GCF_027409825.1|ITPR3.1	GCF_027409825.1	Scomber japonicus	Actinopteri	Scombriformes	ITPR3	1	found_annotated	informative10	0	1	0	0	0	0	
Scomber_japonicus|GCF_027409825.1|RYR.0	GCF_027409825.1	Scomber japonicus	Actinopteri	Scombriformes	RYR	0	found_annotated	informative10	20	16	12	20	20	1	ACBD4;ADGRA1A;ADOA;BMS1;CABCOCO1;CHRM3B;EGR2B;EXOC6;FMN2B;GALK1;HHEX;JMJD1C;LLGL2;MTR;MYO15B;NRBF2B;REEP3B;TMEM26B;TMEM94;TRUB1
Scomber_japonicus|GCF_027409825.1|RYR.1	GCF_027409825.1	Scomber japonicus	Actinopteri	Scombriformes	RYR	1	found_annotated	informative10	20	27	11	20	20	0	B3GNT2L;BCKDH;BICR;CALN1;EML2;EXOSC5;GALNT17;GIPR;GPR4;HNRNPUL1;NAPA;OPA3;PPP1R13L;PPP5C;RASGRP4;RHBDD1;SBDS;TGFB1A;TMEM91;TYW1
Scomber_japonicus|GCF_027409825.1|RYR.2	GCF_027409825.1	Scomber japonicus	Actinopteri	Scombriformes	RYR	2	found_annotated	informative10	20	23	12	20	20	0	ARHGAP31;B4GALT4;BRD8A;CASR;CXXC5A;DNAJC18;GNG8;GSX1;KIF20A;MAP7D2A;NFRK;PDHA1A;PHLDB2A;PPP3C;PRDX4;PURA;PYGM;SLC22A6L;SMS;TMEM45B
Scomber_japonicus|GCF_027409825.1|RYR.3	GCF_027409825.1	Scomber japonicus	Actinopteri	Scombriformes	RYR	3	found_annotated	informative10	20	24	18	20	20	0	ACP7;ADSS1;AKT1;CRIM1;DNAJC17;EIF2AK4;FSIP1;GCHFR;GPX2;GREM1B;INF2;LIN52;MAX;RAB15;SIPA1L1;SIVA1;SLC10A1;SUSD6;VSX2;ZBTB42
Scomber_japonicus|GCF_027409825.1|RYR.4	GCF_027409825.1	Scomber japonicus	Actinopteri	Scombriformes	RYR	4	found_annotated	informative10	20	16	14	20	20	0	ABRACL;ACTC1A;AVEN;BPNT1;CLU;EMC7B;GPR176;GRCC10;GREM1A;HECA;JAG2B;KATNBL1;KNSTRN;LAMA2;MTIF3;NUDT14;PTPRK;REPS1;SAYSD1;THBS1B
Scomber_japonicus|GCF_027409825.1|RYR.5	GCF_027409825.1	Scomber japonicus	Actinopteri	Scombriformes	RYR	5	found_annotated	informative10	20	11	17	20	20	0	ACTN2B;BORA;CCSER2A;CHRM3A;DACHC;DIS3;DNAJC9;ECD;FAM149B1;FMN2A;GREM2A;GRID1A;MZT1;NDNFL;P4HA1B;PIBF1;RGS7A;SPARCL2;UBAC2;WAPL
Neoarius_graeffei|GCF_027579695.1|ITPR1.0	GCF_027579695.1	Neoarius graeffei	Actinopteri	Siluriformes	ITPR1	0	found_annotated	informative10	11	14	4	11	11	1	C1QL4B;ENDOU;ESPL1;ITGB7;MYL6;PFDN5;PFKFB4B;PFKM;SMARCC2;SUMF1;TSFM
Neoarius_graeffei|GCF_027579695.1|ITPR1.1	GCF_027579695.1	Neoarius graeffei	Actinopteri	Siluriformes	ITPR1	1	found_annotated	informative10	20	12	20	20	20	0	BRK1;CACNA1D;CACNA2D3;CAMKV;CAV4A;GNAI2A;GPX1A;GRM2B;INKA1A;MON1A;MST1R;NFYA;PSMA5;RRP9;SEMA3F;SETMAR;SLC38A3A;SORT1A;SYPL2A;TRAIP
Neoarius_graeffei|GCF_027579695.1|ITPR2.0	GCF_027579695.1	Neoarius graeffei	Actinopteri	Siluriformes	ITPR2	0	found_annotated	informative10	20	13	10	20	20	1	ALX1;BHLHE41;BMAL2;C1QTNF13;CTSD;EEA1;EIF4G2B;ENDOUC;LRRIQ1;MGAT4C;NR1H4;NTS;NUDT4A;PLEKHG7;PPFIBP1B;RASSF9;SLC17A8;SLC6A15;SSPN;UBE2N
Neoarius_graeffei|GCF_027579695.1|ITPR3.0	GCF_027579695.1	Neoarius graeffei	Actinopteri	Siluriformes	ITPR3	0	found_annotated	informative10	20	13	10	20	20	1	ALAS2;CACNA1S;COL2A1A;CPT2;CRY3A;EFHD2;FHAD1;FOXP3A;GLS2A;GPR37L1B;MAGOH;PORCN;SEMA3G;SPRYD4;SUV39H1B;TAF10;TMCO1;TMEM9;TSPY;UCK2A
Neoarius_graeffei|GCF_027579695.1|RYR.0	GCF_027579695.1	Neoarius graeffei	Actinopteri	Siluriformes	RYR	0	found_annotated	informative10	20	14	16	20	20	1	BCCIP;CHRM3B;DHX32A;FBXL15;FBXW10;FDXR;FH;FMN2B;GPX9;GREM2B;HHEX;LZTS2B;MRPL38;MTR;PAX2B;PMP22B;RGS7B;TEKT3;TRIM65;WBP2
Neoarius_graeffei|GCF_027579695.1|RYR.1	GCF_027579695.1	Neoarius graeffei	Actinopteri	Siluriformes	RYR	1	found_annotated	informative10	20	14	18	20	19	0	CELF6;CHRNA3;CHRNA5;DDX11;FKBP4;GCSH;GLG1B;GUCA1G;HCN4;IQSEC3B;NPTN;OTOGL;PARP6A;PKMA;PTPRQ;REC114;RPP25B;UGT5F1;WASH1;ZFHX3A
Neoarius_graeffei|GCF_027579695.1|RYR.2	GCF_027579695.1	Neoarius graeffei	Actinopteri	Siluriformes	RYR	2	found_annotated	informative10	20	15	15	20	20	0	ACAT1;ACER3;ARR3A;B3GAT1B;DSCAM;EHBP1L1B;F9B;FGF13B;FHL1B;FRMD8;HTATSF1;IGSF5A;IL2RG;MDH2;RPS25;SKA2;SLC37A4B;TMPRSS2;VPS51;ZNRD2
Neoarius_graeffei|GCF_027579695.1|RYR.3	GCF_027579695.1	Neoarius graeffei	Actinopteri	Siluriformes	RYR	3	found_annotated	informative10	20	14	16	20	20	0	ACP7;ADSS1;AKT1;ANKRD9;ARHGAP11A;BMF1;CEP170B;DNAJC17;EHD4;EIF2AK4;FSIP1;GCHFR;GREM1B;INF2;RCOR1;SIVA1;SPTBN5;TECPR2;TRAF3;ZBTB42
Neoarius_graeffei|GCF_027579695.1|RYR.4	GCF_027579695.1	Neoarius graeffei	Actinopteri	Siluriformes	RYR	4	found_annotated	informative10	20	18	12	20	20	0	ACTC1A;ADAM17B;ASAP2B;AVEN;CHRM5B;CPSF3;E2F6;EMC7B;EXOC2;FMN1;FOXC1B;FOXF2B;FOXQ1B;GREM1A;IRF4B;KATNBL1;KLF11A;TAF1B;THBS1B;YWHAQ
Neoarius_graeffei|GCF_027579695.1|RYR.5	GCF_027579695.1	Neoarius graeffei	Actinopteri	Siluriformes	RYR	5	found_annotated	informative10	20	11	15	20	20	0	ACTN2B;ARHGEF33;CHRM3A;ECD;FMN2A;GREM2A;HTR1D;KIF11;MAP4K3B;MTFR1L;P4HA1B;REEP3A;RGS7A;RPL13A;SELENON;SLC22A15;STYXL1;THUMPD2;ZMPSTE24;ZNF593
Bombina_bombina|GCF_027579735.1|ITPR1.0	GCF_027579735.1	Bombina bombina	Amphibia	Anura	ITPR1	0	found_annotated	informative10	20	14	13	20	20	1	ARIH2;BHLHE40;DALRD3;EDEM1;GRM7;IMPDH2;IRAK2;LMCD1;LRRN1;NDUFAF3;P4HTM;QRICH1;SEC13;SLC25A20;SRGAP3;SUMF1;TATDN2;THUMPD3;VHL;WDR6
Bombina_bombina|GCF_027579735.1|ITPR2.0	GCF_027579735.1	Bombina bombina	Amphibia	Anura	ITPR2	0	found_annotated	informative10	20	13	12	20	20	1	ARFGAP3;BCAT1;BHLHE41;BMAL2;DNAI7;ETFRF1;FGFR1OP2;INTS13;IRAG2;KRAS;LMNTD1;MCAT;MED21;RASSF8;REP15;SSPN;ST8SIA1;STK38L;TM7SF3;TTLL1
Bombina_bombina|GCF_027579735.1|ITPR3.0	GCF_027579735.1	Bombina bombina	Amphibia	Anura	ITPR3	0	found_annotated	informative10	20	15	12	20	20	1	ANKS1A;APOBEC2;BAK1;C3H3ORF52;DRAM2;FANCE;GPR25;GRM4;HMGA1;INAVA;IP6K3;LEMD2;NUDT3;OARD1;PARL;PPARD;SFT2D2;SLC6A17;SMIM29;TBC1D22B
Bombina_bombina|GCF_027579735.1|RYR.0	GCF_027579735.1	Bombina bombina	Amphibia	Anura	RYR	0	found_annotated	informative10	20	29	13	20	20	1	ACP7;ALKBH6;BICRA;CCER2;CLIP3;ECH1;EHD2;EIF3K;FAM98C;HNRNPL;KPTN;MAP4K1;MEIS3;MRPS12;NAPA;NOP53;PSMD8;RASGRP4;SLC8A2;TSPAN15
Bombina_bombina|GCF_027579735.1|RYR.1	GCF_027579735.1	Bombina bombina	Amphibia	Anura	RYR	1	found_annotated	informative10	20	11	10	20	20	0	ARHGAP11A;AVEN;CCDC177;CDIN1;CHRM5;DCAF5;DPH6;ERH;EXD2;FAM98B;FMN1;GALNT16;GPR176;GREM1;MEIS2;RASGRP1;SCG5;SLC39A9;SPRED1;SUSD6
Sorex_araneus|GCF_027595985.1|ITPR1.0	GCF_027595985.1	Sorex araneus	Mammalia	Eulipotyphla	ITPR1	0	found_annotated	informative10	16	10	11	16	16	1	ARL8B;BHLHE40;CHL1;CRBN;EDEM1;GRM7;LMCD1;LRRN1;OXTR;PDZRN3;RAD18;SETD5;SRGAP3;SUMF1;THUMPD3;TRNT1
Sorex_araneus|GCF_027595985.1|ITPR2.0	GCF_027595985.1	Sorex araneus	Mammalia	Eulipotyphla	ITPR2	0	found_annotated	informative10	20	12	10	20	20	1	BCAT1;BHLHE41;C10H12ORF71;DNAI7;ETFRF1;FGFR1OP2;INTS13;IRAG2;KRAS;LMNTD1;MANSC4;MED21;MRPS35;PPFIBP1;RASSF8;REP15;SOX5;SSPN;STK38L;TM7SF3
Sorex_araneus|GCF_027595985.1|ITPR3.0	GCF_027595985.1	Sorex araneus	Mammalia	Eulipotyphla	ITPR3	0	found_annotated	informative10	20	11	11	20	18	1	BAK1;BLTP3A;CUTA;DAXX;GRM4;HMGA1;ILRUN;KIFC1;NUDT3;PACSIN1;PHF1;RPS10;SMIM29;SMIM40;SNRPC;SPDEF;SYNGAP1;TAPBP;ZBTB22;ZBTB9
Sorex_araneus|GCF_027595985.1|RYR.0	GCF_027595985.1	Sorex araneus	Mammalia	Eulipotyphla	RYR	0	found_annotated	informative10	20	22	15	20	19	1	ACTN2;BCR;CHRM3;EDARADD;ERO1B;GNAZ;GNG4;GPR137B;HEATR1;LGALS8;LYST;MTR;NID1;RAB36;RSPH14;SLC5A1;YWHAH;ZNF248;ZNF25;ZNF280B
Sorex_araneus|GCF_027595985.1|RYR.1	GCF_027595985.1	Sorex araneus	Mammalia	Eulipotyphla	RYR	1	found_annotated	informative10	20	10	22	20	19	0	ACTN4;C8H19ORF33;CAPN12;CATSPERG;ECH1;EIF3K;FAM98C;GGN;HNRNPL;KCNK6;LGALS4;LGALS7;MAP4K1;PSMD8;RASGRP4;RINL;SIRT2;SPINT2;SPRED3;YIF1B
Sorex_araneus|GCF_027595985.1|RYR.2	GCF_027595985.1	Sorex araneus	Mammalia	Eulipotyphla	RYR	2	found_annotated	informative10	19	60	12	19	18	0	ACTC1;AQR;ARHGAP11A;AVEN;CDIN1;CHRM5;DPH6;EMC4;EMC7;FMN1;GJD2;GREM1;KATNBL1;LPCAT4;NOP10;NUTM1;SCG5;SLC12A6;ZNF770
Notamacropus_eugenii|GCF_028372415.1|ITPR1.0	GCF_028372415.1	Notamacropus eugenii	Mammalia	Diprotodontia	ITPR1	0	found_annotated	informative10	20	11	14	20	20	1	ARL8B;BHLHE40;CAV3;CHL1;CNTN3;CRBN;EDEM1;GRM7;GXYLT2;IL5RA;LMCD1;LRRN1;PDZRN3;PPP4R2;RAD18;SETD5;SRGAP3;SUMF1;THUMPD3;TRNT1
Notamacropus_eugenii|GCF_028372415.1|ITPR2.0	GCF_028372415.1	Notamacropus eugenii	Mammalia	Diprotodontia	ITPR2	0	found_annotated	informative10	20	10	11	20	20	1	BCAT1;BHLHE41;BMAL2;DNAI7;ETFRF1;FGFR1OP2;INTS13;IRAG2;KRAS;LMNTD1;MED21;PFKFB3;PRKCQ;RASSF8;RBM17;SFMBT2;SOX5;SSPN;STK38L;TM7SF3
Notamacropus_eugenii|GCF_028372415.1|ITPR3.0	GCF_028372415.1	Notamacropus eugenii	Mammalia	Diprotodontia	ITPR3	0	found_annotated	informative10	20	11	10	20	18	1	BAK1;CUTA;DAXX;GRM4;HMGA1;IP6K3;KIFC1;LEMD2;MLN;NUDT3;PACSIN1;PHF1;RPS10;SMIM29;SMIM40;SYNGAP1;TAPBP;UQCC2;ZBTB22;ZBTB9
Notamacropus_eugenii|GCF_028372415.1|RYR.0	GCF_028372415.1	Notamacropus eugenii	Mammalia	Diprotodontia	RYR	0	found_annotated	informative10	20	10	12	20	20	1	ACTN2;CHRM3;EDARADD;ERO1B;EXO1;FH;FMN2;GNG4;GPR137B;GREM2;HEATR1;KMO;LGALS8;LYST;MTR;NID1;OPN3;RGS7;WDR64;ZP4
Notamacropus_eugenii|GCF_028372415.1|RYR.1	GCF_028372415.1	Notamacropus eugenii	Mammalia	Diprotodontia	RYR	1	found_annotated	informative10	20	10	10	20	19	0	ACTN4;AKT2;C5H19ORF47;CAPN12;CCNP;DPF1;ECH1;EIF3K;HNRNPL;LGALS4;LGALS7;MAP3K10;MAP4K1;PLD3;PPP1R14A;RINL;SIPA1L3;SIRT2;TTC9B;WDR87
Notamacropus_eugenii|GCF_028372415.1|RYR.2	GCF_028372415.1	Notamacropus eugenii	Mammalia	Diprotodontia	RYR	2	found_annotated	informative10	20	38	12	20	19	0	AQR;ARHGAP11A;AVEN;CDIN1;CHRM5;DPH6;EMC4;EMC7;FMN1;GJD2;GREM1;KATNBL1;LPCAT4;MEIS2;NOP10;NUTM1;SCG5;SLC12A6;VMA22;ZNF770
Rhea_pennata|GCF_028389875.1|ITPR1.0	GCF_028389875.1	Rhea pennata	Aves	Rheiformes	ITPR1	0	found_annotated	informative10	20	10	14	20	20	1	ARL8B;BHLHE40;CAV3;CHL1;CRBN;EDEM1;GRM7;GXYLT2;IL5RA;LMCD1;LRRN1;OXTR;PDZRN3;PPP4R2;RAD18;SHQ1;SRGAP3;SUMF1;THUMPD3;TRNT1
Rhea_pennata|GCF_028389875.1|ITPR2.0	GCF_028389875.1	Rhea pennata	Aves	Rheiformes	ITPR2	0	found_annotated	informative10	20	10	13	20	20	1	A4GALT;ARFGAP3;BHLHE41;BMAL2;DNAI7;ETFRF1;FGFR1OP2;GYS2;INTS13;IRAG2;KRAS;LMNTD1;MED21;PPFIBP1;RASSF8;REP15;SPX;SSPN;STK38L;TM7SF3
Rhea_pennata|GCF_028389875.1|ITPR3.0	GCF_028389875.1	Rhea pennata	Aves	Rheiformes	ITPR3	0	found_annotated	informative10	20	12	14	20	20	1	APOBEC2;BAK1;FOXP4;FRS3;GRM4;HMGA1;ILRUN;IP6K3;LEMD2;MDFI;NFYA;NUDT3;OARD1;PACSIN1;PGC;RPS10;SMIM29;SPDEF;TFEB;TSPO2
Rhea_pennata|GCF_028389875.1|RYR.0	GCF_028389875.1	Rhea pennata	Aves	Rheiformes	RYR	0	found_annotated	informative10	20	11	10	20	20	1	ACTN2;CHRM3;EDARADD;ERO1B;EXO1;FMN2;GPR137B;GREM2;HEATR1;LGALS8;MAP1LC3C;MTR;NID1;OPN3;PIGM;PLD5;RGS7;TTLL2;UNC93A;WDR64
Rhea_pennata|GCF_028389875.1|RYR.1	GCF_028389875.1	Rhea pennata	Aves	Rheiformes	RYR	1	found_annotated	informative10	20	10	11	20	20	0	ARHGAP11A;AVEN;BMF;CDIN1;CHRM5;DPH6;EIF2AK4;EMC7;FAM98B;FMN1;FSIP1;GPR176;GREM1;KATNBL1;MEIS2;RASGRP1;SCG5;SPRED1;SRP14;THBS1
Rhea_pennata|GCF_028389875.1|RYR.2	GCF_028389875.1	Rhea pennata	Aves	Rheiformes	RYR	2	found_annotated	informative10	0	1	0	0	0	0	
Colius_striatus|GCF_028858725.1|ITPR1.0	GCF_028858725.1	Colius striatus	Aves	Coliiformes	ITPR1	0	found_annotated	informative10	20	12	10	20	19	1	ARL8B;BHLHE40;CAV3;CHL1;CNTN3;CNTN6;CRBN;EDEM1;GRM7;IL5RA;LMCD1;LRRN1;OXTR;PDZRN3;PPP4R2;RAD18;SRGAP3;SSUH2;SUMF1;TRNT1
Colius_striatus|GCF_028858725.1|ITPR2.0	GCF_028858725.1	Colius striatus	Aves	Coliiformes	ITPR2	0	found_annotated	informative10	20	13	12	20	20	1	A4GALT;ARFGAP3;BHLHE41;BMAL2;DNAI7;ETFRF1;FGFR1OP2;GYS2;INTS13;IRAG2;KRAS;LDHB;MED21;PPFIBP1;RASSF8;REP15;SPX;SSPN;STK38L;TM7SF3
Colius_striatus|GCF_028858725.1|ITPR3.0	GCF_028858725.1	Colius striatus	Aves	Coliiformes	ITPR3	0	found_annotated	informative10	20	10	14	20	20	1	APOBEC2;BAK1;BLTP3A;FOXP4;FRS3;GRM4;HMGA1;ILRUN;MDFI;NFYA;NUDT3;OARD1;PACSIN1;PRICKLE4;RPS10;SMIM29;SNRPC;SPDEF;TFEB;TSPO2
Colius_striatus|GCF_028858725.1|RYR.0	GCF_028858725.1	Colius striatus	Aves	Coliiformes	RYR	0	found_annotated	informative10	20	13	10	20	20	0	ACTN2;ARID4B;B3GALNT2;CHRM3;EDARADD;ERO1B;FMN2;GGPS1;GNG4;GPR137B;GREM2;HEATR1;IRF2BP2;LGALS8;LTB4R;LYST;MTR;NID1;RBM34;TOMM20
Colius_striatus|GCF_028858725.1|RYR.1	GCF_028858725.1	Colius striatus	Aves	Coliiformes	RYR	1	found_annotated	informative10	20	12	10	20	20	1	ARHGAP11A;AVEN;BMF;CDIN1;CHRM5;DPH6;EIF2AK4;EMC7;FAM98B;FMN1;FSIP1;GPR176;GREM1;KATNBL1;MEIS2;RASGRP1;SCG5;SPRED1;SRP14;THBS1
Hoplias_malabaricus|GCF_029633855.1|ITPR1.0	GCF_029633855.1	Hoplias malabaricus	Actinopteri	Characiformes	ITPR1	0	found_annotated	informative10	20	14	10	20	20	1	C1QL4B;CCDC174;COL7A1;ENDOU;ESPL1;GHRL;IP6K2B;ITGB7;MYL6;PFDN5;PFKFB4B;PFKM;SEC61A1A;SLC4A8;SMARCC2;SUMF1;TATDN2;TSFM;TTLL3;UROC1
Hoplias_malabaricus|GCF_029633855.1|ITPR1.1	GCF_029633855.1	Hoplias malabaricus	Actinopteri	Characiformes	ITPR1	1	found_annotated	informative10	20	10	13	20	20	0	ARL8B;ATXN7L2A;BHLHE40;BRK1;CAMKV;CAV4A;GNAI2A;GPX1A;GRM2B;INKA1A;MON1A;MST1R;PSMA5;RRP9;SEMA3F;SETMAR;SLC38A3A;SORT1A;SYPL2A;TRAIP
Hoplias_malabaricus|GCF_029633855.1|ITPR2.0	GCF_029633855.1	Hoplias malabaricus	Actinopteri	Characiformes	ITPR2	0	found_annotated	informative10	20	12	10	20	20	1	ALX1;BHLHE41;BMAL2;C1QTNF13;CTSD;EEA1;EIF4G2B;ENDOUC;LRRIQ1;MGAT4C;NR1H4;NTS;NUDT4A;PLEKHG7;PPFIBP1B;RASSF9;SLC17A8;SLC6A15;SSPN;UBE2N
Hoplias_malabaricus|GCF_029633855.1|ITPR3.0	GCF_029633855.1	Hoplias malabaricus	Actinopteri	Characiformes	ITPR3	0	found_annotated	informative10	20	11	14	20	20	1	CACNA1S;COL2A1A;CPT2;CRY3A;EFHD2;ELA2;FHAD1;FOXP3A;GLS2A;GPR37L1B;MAGOH;PORCN;SEMA3G;SPRYD4;SUV39H1B;TAF10;TMCO1;TMEM9;TSPY;UCK2A
Hoplias_malabaricus|GCF_029633855.1|RYR.0	GCF_029633855.1	Hoplias malabaricus	Actinopteri	Characiformes	RYR	0	found_annotated	informative10	20	23	20	20	19	1	ANLN2;ARSA;CELF6;CHRNA3;CHRNA5;CHRNB4;CIMAP1B;DHDH;HCN4;MAPK8IP2;NETO2B;NPTN;PDP2;PKMA;RABL2;REC114;SHANK3A;TERB1;TRIM35-30;UBE2Q1
Hoplias_malabaricus|GCF_029633855.1|RYR.1	GCF_029633855.1	Hoplias malabaricus	Actinopteri	Characiformes	RYR	1	found_annotated	informative10	20	28	13	20	20	0	ACADS;ADKB;CHRM3B;CYP4F3;DYDC2;FH;FMN2B;GHITM;GREM2B;HHEX;LRIT1B;LZTS2B;MTR;PDZD7B;PLAU;RGRB;RGS7B;SELENOU1B;SLC18A3B;VCLB
Hoplias_malabaricus|GCF_029633855.1|RYR.2	GCF_029633855.1	Hoplias malabaricus	Actinopteri	Characiformes	RYR	2	found_annotated	informative10	20	12	17	20	20	0	ACP7;ACTC1B;ADSS1;ANKRD9;ARHGAP11A;BMF1;CHRM5A;CYP1C2;DNAJC17;EHD4;EIF2AK4;FSIP1;GCHFR;GREM1B;INF2;RCOR1;SIVA1;TECPR2;TRAF3;ZBTB42
Hoplias_malabaricus|GCF_029633855.1|RYR.3	GCF_029633855.1	Hoplias malabaricus	Actinopteri	Characiformes	RYR	3	found_annotated	informative10	20	14	12	20	20	0	ACTC1A;ADAM17B;ASAP2B;CHRM5B;CPSF3;E2F6;EMC7B;EXOC2;FMN1;FOXC1B;FOXF2B;FOXQ1B;GMDS;GREM1A;IRF4B;KATNBL1;KLF11A;TAF1B;THBS1B;YWHAQ
Hoplias_malabaricus|GCF_029633855.1|RYR.4	GCF_029633855.1	Hoplias malabaricus	Actinopteri	Characiformes	RYR	4	found_annotated	informative10	20	11	11	20	20	0	ACTN2B;ADD3B;ARHGEF33;CHRM3A;CYP26C1;ECD;FMN2A;GREM2A;MAP4K3B;MORN2;MTFR1L;P4HA1B;REEP3A;RGS7A;SELENON;SH3PXD2A;SLC22A15;SORCS3B;THUMPD2;ZNF593
Lampris_incognitus|GCF_029633865.1|ITPR1.0	GCF_029633865.1	Lampris incognitus	Actinopteri	Lampriformes	ITPR1	0	found_annotated	informative10	20	25	13	20	20	1	ATF1;ATF7B;CALCOCO1B;CDK4;DIP2B;ESPL1;ESYT1B;FAIM2B;ITGB7;LARP4A;MCRS1;METTL1;PFDN5;SCN8A;SLC4A8;SMUG1;SUOX;TTLL3;ZC3H10;ZNF740A
Lampris_incognitus|GCF_029633865.1|ITPR1.1	GCF_029633865.1	Lampris incognitus	Actinopteri	Lampriformes	ITPR1	1	found_annotated	informative10	20	18	11	20	20	0	ARL6IP5A;AVPR2B;BHLHE40;CCDC120B;COMT;CXXC1B;EEVS;FOXP1B;FRMD4B;GNL3L;HCFC1A;LRRN1;MDFIC2;MITF;MON1A;MST1R;SETMAR;TFE3B;TRAIP;TRNT1
Lampris_incognitus|GCF_029633865.1|ITPR2.0	GCF_029633865.1	Lampris incognitus	Actinopteri	Lampriformes	ITPR2	0	found_annotated	informative10	15	11	6	15	15	1	BANP;BHLHE41;BMAL2;C1QTNF13;EEA1;ENDOUC;FBXO31;KRAS;NR1H4;NUDT4A;PLEKHG7;PPFIBP1B;SLC17A8;SSPN;UBE2N
Lampris_incognitus|GCF_029633865.1|ITPR3.0	GCF_029633865.1	Lampris incognitus	Actinopteri	Lampriformes	ITPR3	0	found_annotated	informative10	20	18	21	20	20	1	BIN2A;CD34;CS;DAZAP2;DENND2D;EDEM2;EFHD2;IGF3;ITGA5;MFN2;MRGBP;POU6F1;RACGAP1;RAPGEF3;RENBP;RFC2;SLC48A1A;TFCP2;USP11;YTHDC2
Lampris_incognitus|GCF_029633865.1|RYR.0	GCF_029633865.1	Lampris incognitus	Actinopteri	Lampriformes	RYR	0	found_annotated	informative10	10	58	0	10	10	1	BMS1;EGR2B;EXOC6;FH;FMN2B;HHEX;JMJD1C;NRBF2B;REEP3B;TMEM26B
Lampris_incognitus|GCF_029633865.1|RYR.1	GCF_029633865.1	Lampris incognitus	Actinopteri	Lampriformes	RYR	1	found_annotated	informative10	20	16	10	20	20	0	ACAD8;ARHGAP32A;B3GNT2L;BCKDH;BICR;CADM1B;ESAM;EXOSC5;HNRNPUL1;IGSF9B;JAM3A;NAPA;NCAM1B;OPA3;PPP1R13L;RASGRP4;TGFB1A;THYN1;TMEM91;ZBTB16B
Lampris_incognitus|GCF_029633865.1|RYR.2	GCF_029633865.1	Lampris incognitus	Actinopteri	Lampriformes	RYR	2	found_annotated	informative10	20	20	13	20	20	0	ARHGAP31;B4GALT4;BRD8A;CXXC5A;DNAJC18;GABRR3A;GNG8;GSX1;MAP7D2A;NFRK;NRXN2A;PDHA1A;PHLDB2A;PRDX4;PURA;PYGM;SLC22A6L;SMS;TMEM45B;WASF3A
Lampris_incognitus|GCF_029633865.1|RYR.3	GCF_029633865.1	Lampris incognitus	Actinopteri	Lampriformes	RYR	3	found_annotated	informative10	20	18	23	20	20	0	ACP7;AKT1;AREL1;ARHGAP11A;BMF1;CEP170B;CHRM5A;DNAJC17;EIF2AK4;FCF1;FSIP1;GCHFR;GPX2;GREM1B;LIN52;POMT2;SIVA1;VASH1;VSX2;ZBTB42
Lampris_incognitus|GCF_029633865.1|RYR.4	GCF_029633865.1	Lampris incognitus	Actinopteri	Lampriformes	RYR	4	found_annotated	informative10	20	13	11	20	20	0	ABRACL;ACTC1A;AVEN;CHRM5B;EMC7B;GPR176;GREM1A;HECA;KATNBL1;KNL1;KNSTRN;MAX;MTIF3;REPS1;RFX6;SLC10A1;SRSF5B;SUSD6;TDRD15;THBS1B
Lampris_incognitus|GCF_029633865.1|RYR.5	GCF_029633865.1	Lampris incognitus	Actinopteri	Lampriformes	RYR	5	found_annotated	informative10	20	11	18	20	20	0	ACTN2B;BEAN1;CCSER2A;CDH5;CHRM3A;ECD;FAM149B1;FMN2A;GPR155B;GREM2A;GRID1A;LNPK;MTX2;NDNFL;P4HA1B;RGS7A;SPARCL2;STYXL1;TMEM41A;WAPL
Manis_pentadactyla|GCF_030020395.1|ITPR1.0	GCF_030020395.1	Manis pentadactyla	Mammalia	Pholidota	ITPR1	0	found_annotated	informative10	20	10	12	20	18	1	ARL8B;BHLHE40;CAV3;CHL1;CNTN3;CNTN4;CNTN6;CRBN;EDEM1;GRM7;IL5RA;LMCD1;LRRN1;OXTR;PDZRN3;RAD18;SRGAP3;SSUH2;SUMF1;TRNT1
Manis_pentadactyla|GCF_030020395.1|ITPR2.0	GCF_030020395.1	Manis pentadactyla	Mammalia	Pholidota	ITPR2	0	found_annotated	informative10	20	11	10	20	20	1	BCAT1;BHLHE41;C14H12ORF71;DNAI7;ETFRF1;FGFR1OP2;INTS13;IRAG2;KRAS;LMNTD1;MED21;MRPS35;PPFIBP1;RASSF8;REP15;SMCO2;SOX5;SSPN;STK38L;TM7SF3
Manis_pentadactyla|GCF_030020395.1|ITPR3.0	GCF_030020395.1	Manis pentadactyla	Mammalia	Pholidota	ITPR3	0	found_annotated	informative10	20	10	12	20	18	1	BAK1;CUTA;DAXX;GRM4;HMGA1;IP6K3;KIFC1;LEMD2;MLN;NUDT3;PACSIN1;PHF1;RPS10;SMIM29;SMIM40;SPDEF;SYNGAP1;TAPBP;ZBTB22;ZBTB9
Manis_pentadactyla|GCF_030020395.1|RYR.0	GCF_030020395.1	Manis pentadactyla	Mammalia	Pholidota	RYR	0	found_annotated	informative10	20	12	10	20	20	1	ACTN2;ARHGAP22;CHRM3;EDARADD;ERO1B;FAM170B;FRMPD2;GNG4;GPR137B;HEATR1;LGALS8;LRRC18;LYST;MAPK8;MTR;NID1;TMEM273;VSTM4;WDFY4;ZP4
Manis_pentadactyla|GCF_030020395.1|RYR.1	GCF_030020395.1	Manis pentadactyla	Mammalia	Pholidota	RYR	1	found_annotated	informative10	20	12	10	20	20	0	ACTN4;CAPN12;CATSPERG;ECH1;EIF3K;FAM98C;GGN;HNRNPL;KCNK6;LGALS4;MAP4K1;NFKBIB;PPP1R14A;PSMD8;RASGRP4;RINL;SIRT2;SPINT2;SPRED3;YIF1B
Manis_pentadactyla|GCF_030020395.1|RYR.2	GCF_030020395.1	Manis pentadactyla	Mammalia	Pholidota	RYR	2	found_annotated	informative10	20	44	13	20	19	0	ACTC1;AQR;ARHGAP11A;CCNB1IP1;CDIN1;CHRM5;DPH6;EMC4;EMC7;FMN1;GJD2;GREM1;KATNBL1;LPCAT4;NOP10;NUTM1;SCG5;SLC12A6;TTC5;ZNF770
Dasypus_novemcinctus|GCF_030445035.2|ITPR1.0	GCF_030445035.2	Dasypus novemcinctus	Mammalia	Cingulata	ITPR1	0	found_annotated	informative10	20	13	10	20	18	1	ARL8B;BHLHE40;CAV3;CHL1;CNTN3;CNTN4;CNTN6;CRBN;EDEM1;GRM7;IL5RA;LMCD1;LRRN1;PDZRN3;RAD18;SRGAP3;SSUH2;SUMF1;THUMPD3;TRNT1
Dasypus_novemcinctus|GCF_030445035.2|ITPR2.0	GCF_030445035.2	Dasypus novemcinctus	Mammalia	Cingulata	ITPR2	0	found_annotated	informative10	20	11	10	20	20	1	BCAT1;BHLHE41;BMAL2;C20H12ORF71;DNAI7;ETNK1;FGFR1OP2;INTS13;IRAG2;KRAS;LMNTD1;MED21;PPFIBP1;RASSF8;REP15;SMCO2;SOX5;SSPN;STK38L;TM7SF3
Dasypus_novemcinctus|GCF_030445035.2|ITPR3.0	GCF_030445035.2	Dasypus novemcinctus	Mammalia	Cingulata	ITPR3	0	found_annotated	informative10	20	10	11	20	19	1	BAK1;CUTA;DAXX;GRM4;HMGA1;ILRUN;KIFC1;LEMD2;MLN;NUDT3;PACSIN1;PHF1;RGL2;RPS10;SMIM29;SPDEF;SYNGAP1;TAPBP;ZBTB22;ZBTB9
Dasypus_novemcinctus|GCF_030445035.2|RYR.0	GCF_030445035.2	Dasypus novemcinctus	Mammalia	Cingulata	RYR	0	found_annotated	informative10	20	13	11	20	20	1	ACTN2;CHML;CHRM3;EDARADD;ERO1B;FH;FMN2;GNG4;GPR137B;GREM2;HEATR1;KMO;LGALS8;LYST;MTR;NID1;OPN3;RGS7;WDR64;ZP4
Dasypus_novemcinctus|GCF_030445035.2|RYR.1	GCF_030445035.2	Dasypus novemcinctus	Mammalia	Cingulata	RYR	1	found_annotated	informative10	20	10	10	20	19	0	ACTN4;C18H19ORF33;CAPN12;CATSPERG;ECH1;EIF3K;FAM98C;GGN;HNRNPL;KCNK6;LGALS4;LGALS7;MAP4K1;PSMD8;RASGRP4;RINL;SIRT2;SPINT2;SPRED3;YIF1B
Dasypus_novemcinctus|GCF_030445035.2|RYR.2	GCF_030445035.2	Dasypus novemcinctus	Mammalia	Cingulata	RYR	2	found_annotated	informative10	19	60	12	19	18	0	ACTC1;AQR;ARHGAP11A;AVEN;CDIN1;CHRM5;DPH6;EMC4;EMC7;FMN1;GJD2;GREM1;KATNBL1;LPCAT4;MEIS2;NUTM1;OR4K13;SLC12A6;ZNF770
Pelecanus_crispus|GCF_030463565.1|ITPR1.0	GCF_030463565.1	Pelecanus crispus	Aves	Pelecaniformes	ITPR1	0	found_annotated	informative10	20	11	10	20	18	1	ARL8B;BHLHE40;CAV3;CHL1;CNTN3;CNTN4;CNTN6;CRBN;EDEM1;GRM7;IL5RA;LMCD1;LRRN1;OXTR;PDZRN3;RAD18;SRGAP3;SSUH2;SUMF1;TRNT1
Pelecanus_crispus|GCF_030463565.1|ITPR2.0	GCF_030463565.1	Pelecanus crispus	Aves	Pelecaniformes	ITPR2	0	found_annotated	informative10	20	10	16	20	20	1	ARFGAP3;BHLHE41;BMAL2;CYB5R3;DNAI7;ETFRF1;FGFR1OP2;GYS2;INTS13;IRAG2;KRAS;LMNTD1;MED21;PPFIBP1;RASSF8;REP15;SPX;SSPN;STK38L;TM7SF3
Pelecanus_crispus|GCF_030463565.1|ITPR3.0	GCF_030463565.1	Pelecanus crispus	Aves	Pelecaniformes	ITPR3	0	found_annotated	informative10	20	11	15	20	20	1	APOBEC2;BAK1;FOXP4;FRS3;GRM4;HMGA1;IP6K3;LEMD2;MDFI;MLN;NFYA;NUDT3;OARD1;PACSIN1;RPS10;SMIM29;SPDEF;TFEB;TOMM6;USP49
Pelecanus_crispus|GCF_030463565.1|RYR.0	GCF_030463565.1	Pelecanus crispus	Aves	Pelecaniformes	RYR	0	found_annotated	informative10	20	10	10	20	20	1	ACTN2;CHRM3;EDARADD;ERO1B;EXO1;FMN2;GNG4;GPR137B;GREM2;HEATR1;LGALS8;LYST;MAP1LC3C;MTR;NID1;OPN3;PIGM;PLD5;RGS7;WDR64
Pelecanus_crispus|GCF_030463565.1|RYR.1	GCF_030463565.1	Pelecanus crispus	Aves	Pelecaniformes	RYR	1	found_annotated	informative10	20	11	13	20	20	0	AQR;ARHGAP11A;AVEN;BMF;CDIN1;CHRM5;DPH6;EIF2AK4;EMC7;FAM98B;FSIP1;GPR176;GREM1;KATNBL1;RASGRP1;SCG5;SPRED1;SRP14;THBS1;ZNF770
Poecile_atricapillus|GCF_030490865.1|ITPR1.0	GCF_030490865.1	Poecile atricapillus	Aves	Passeriformes	ITPR1	0	found_annotated	informative10	20	13	10	20	20	1	ARL8B;BHLHE40;CAV3;CHL1;CNTN6;CRBN;EDEM1;GRM7;GXYLT2;IL5RA;LMCD1;LRRN1;OXTR;PDZRN3;PPP4R2;RAD18;SRGAP3;SUMF1;THUMPD3;TRNT1
Poecile_atricapillus|GCF_030490865.1|ITPR2.0	GCF_030490865.1	Poecile atricapillus	Aves	Passeriformes	ITPR2	0	found_annotated	informative10	10	40	60	10	9	1	BCAP29;CBLL1;CCDC71L;COG5;GPR22;HBP1;PIK3CG;PRKAR2B;SLC26A3;SLC26A4
Poecile_atricapillus|GCF_030490865.1|ITPR2.1	GCF_030490865.1	Poecile atricapillus	Aves	Passeriformes	ITPR2	1	found_annotated	informative10	0	60	60	0	0	0	
Poecile_atricapillus|GCF_030490865.1|ITPR3.0	GCF_030490865.1	Poecile atricapillus	Aves	Passeriformes	ITPR3	0	found_annotated	informative10	20	12	11	20	20	1	APOBEC2;BAK1;BLTP3A;FOXP4;GRM4;HMGA1;ILRUN;MDFI;NFYA;NUDT3;OARD1;PACSIN1;PGC;RPS10;SMIM29;SNRPC;SPDEF;TFEB;TREM2;TSPO2
Poecile_atricapillus|GCF_030490865.1|RYR.0	GCF_030490865.1	Poecile atricapillus	Aves	Passeriformes	RYR	0	found_annotated	informative10	20	11	10	20	20	1	ACTN2;CHRM3;EDARADD;ERO1B;EXO1;FMN2;GNG4;GPR137B;GREM2;HEATR1;LGALS8;LYST;MAP1LC3C;MTR;NID1;OPN3;PIGM;PPIL4;RGS7;WDR64
Poecile_atricapillus|GCF_030490865.1|RYR.1	GCF_030490865.1	Poecile atricapillus	Aves	Passeriformes	RYR	1	found_annotated	informative10	20	17	18	20	20	0	ACTN4;AKT2;BICRA;C31H19ORF47;C5AR1;CKM;ECH1;EHD2;EIF3K;ERCC2;FKRP;HNRNPL;KPTN;NOP53;PLD3;PPP1R14A;PSMD8;SAE1;SELENOW;ZC3H4
Poecile_atricapillus|GCF_030490865.1|RYR.2	GCF_030490865.1	Poecile atricapillus	Aves	Passeriformes	RYR	2	found_annotated	informative10	20	11	13	20	20	0	ARHGAP11A;AVEN;BMF;CDIN1;CHRM5;DPH6;EIF2AK4;EMC7;FAM98B;FMN1;FSIP1;GPR176;GREM1;KATNBL1;MEIS2;RASGRP1;SCG5;SPRED1;SRP14;THBS1
Alligator_mississippiensis|GCF_030867095.1|ITPR1.0	GCF_030867095.1	Alligator mississippiensis	Crocodylia	Crocodylia	ITPR1	0	found_annotated	informative10	20	12	12	20	19	1	ARL8B;BHLHE40;CAV3;CHL1;CNTN3;CNTN4;CRBN;EDEM1;GRM7;IL5RA;LMCD1;LRRN1;OXTR;PDZRN3;PPP4R2;RAD18;SRGAP3;SSUH2;SUMF1;TRNT1
Alligator_mississippiensis|GCF_030867095.1|ITPR2.0	GCF_030867095.1	Alligator mississippiensis	Crocodylia	Crocodylia	ITPR2	0	found_annotated	informative10	20	11	12	20	20	1	A4GALT;BHLHE41;BMAL2;DNAI7;ETFRF1;FGFR1OP2;GYS2;INTS13;IRAG2;KRAS;LDHB;LMNTD1;MED21;PACSIN2;PPFIBP1;RASSF8;REP15;SSPN;STK38L;TM7SF3
Alligator_mississippiensis|GCF_030867095.1|ITPR3.0	GCF_030867095.1	Alligator mississippiensis	Crocodylia	Crocodylia	ITPR3	0	found_annotated	informative10	20	10	20	20	20	1	APOBEC2;BAK1;FOXP4;FRS3;GRM4;HMGA1;IP6K3;LEMD2;MDFI;MLN;NFYA;NUDT3;OARD1;PACSIN1;RPS10;SMIM29;SPDEF;TFEB;TSPO2;UNC5CL
Alligator_mississippiensis|GCF_030867095.1|RYR.0	GCF_030867095.1	Alligator mississippiensis	Crocodylia	Crocodylia	RYR	0	found_annotated	informative10	20	10	13	20	20	1	ACTN2;CHRM3;EDARADD;ERO1B;EXO1;FMN2;GNG4;GPR137B;GREM2;HEATR1;LGALS8;LYST;MAP1LC3C;MTR;NID1;OPN3;PIGM;PLD5;RGS7;WDR64
Alligator_mississippiensis|GCF_030867095.1|RYR.1	GCF_030867095.1	Alligator mississippiensis	Crocodylia	Crocodylia	RYR	1	found_annotated	informative10	20	11	32	20	20	0	ACTMAP;ACTN4;CATSPERG;COQ8B;DPF1;EIF3K;FAM98C;GGN;KPTN;MAP4K1;MEIS3;MIA;NAPA;NUMBL;PSMD8;RAB4B;RASGRP4;SLC8A2;SNRPA;SPRED3
Alligator_mississippiensis|GCF_030867095.1|RYR.2	GCF_030867095.1	Alligator mississippiensis	Crocodylia	Crocodylia	RYR	2	found_annotated	informative10	20	11	13	20	20	0	AQR;AVEN;BMF;CDIN1;CHRM5;DPH6;EIF2AK4;EMC7;FAM98B;FMN1;FSIP1;GPR176;GREM1;KATNBL1;MEIS2;RASGRP1;SPRED1;SRP14;THBS1;ZNF770
Opisthocomus_hoazin|GCF_030867145.1|ITPR1.0	GCF_030867145.1	Opisthocomus hoazin	Aves	Opisthocomiformes	ITPR1	0	found_annotated	informative10	20	10	14	20	20	1	ARL8B;BHLHE40;CAV3;CHL1;CNTN3;CRBN;EDEM1;GRM7;GXYLT2;IL5RA;LMCD1;LRRN1;OXTR;PDZRN3;PPP4R2;RAD18;SRGAP3;SUMF1;THUMPD3;TRNT1
Opisthocomus_hoazin|GCF_030867145.1|ITPR2.0	GCF_030867145.1	Opisthocomus hoazin	Aves	Opisthocomiformes	ITPR2	0	found_annotated	informative10	20	12	10	20	20	1	A4GALT;BHLHE41;BMAL2;CYB5R3;DNAI7;ETFRF1;FGFR1OP2;GYS2;INTS13;IRAG2;KEL;KRAS;LMNTD1;MED21;PPFIBP1;RASSF8;SPX;SSPN;STK38L;TM7SF3
Opisthocomus_hoazin|GCF_030867145.1|ITPR3.0	GCF_030867145.1	Opisthocomus hoazin	Aves	Opisthocomiformes	ITPR3	0	found_annotated	informative10	20	11	10	20	20	1	APOBEC2;BAK1;BLTP3A;FOXP4;FRS3;GRM4;HMGA1;ILRUN;MDFI;NFYA;NUDT3;OARD1;PACSIN1;RPS10;SMIM29;SNRPC;SPDEF;TFEB;TREM1;TSPO2
Opisthocomus_hoazin|GCF_030867145.1|RYR.0	GCF_030867145.1	Opisthocomus hoazin	Aves	Opisthocomiformes	RYR	0	found_annotated	informative10	20	10	10	20	20	1	ACTN2;CHRM3;EDARADD;ERO1B;EXO1;FMN2;GNG4;GPR137B;GREM2;HEATR1;LGALS8;LYST;MAP1LC3C;MTR;NID1;OPN3;PIGM;PLD5;RGS7;WDR64
Opisthocomus_hoazin|GCF_030867145.1|RYR.1	GCF_030867145.1	Opisthocomus hoazin	Aves	Opisthocomiformes	RYR	1	found_annotated	informative10	20	11	12	20	20	0	ARHGAP11A;AVEN;BMF;CDIN1;CHRM5;DPH6;EIF2AK4;EMC7;FAM98B;FSIP1;GPR176;GREM1;KATNBL1;MEIS2;RASGRP1;SCG5;SPRED1;SRP14;THBS1;ZNF770
Gavia_stellata|GCF_030936135.1|ITPR1.0	GCF_030936135.1	Gavia stellata	Aves	Gaviiformes	ITPR1	0	found_annotated	informative10	20	13	11	20	20	1	ARL8B;CAV3;CHL1;CNTN6;CRBN;EDEM1;GRM7;GXYLT2;IL5RA;LMCD1;LRRN1;OXTR;PDZRN3;PPP4R2;RAD18;SRGAP3;SSUH2;SUMF1;THUMPD3;TRNT1
Gavia_stellata|GCF_030936135.1|ITPR2.0	GCF_030936135.1	Gavia stellata	Aves	Gaviiformes	ITPR2	0	found_annotated	informative10	20	10	14	20	20	1	ARFGAP3;BHLHE41;BMAL2;DNAI7;FGFR1OP2;GYS2;INTS13;IRAG2;KCNJ8;KRAS;LDHB;MED21;PACSIN2;PPFIBP1;RASSF8;REP15;SPX;SSPN;STK38L;TM7SF3
Gavia_stellata|GCF_030936135.1|ITPR3.0	GCF_030936135.1	Gavia stellata	Aves	Gaviiformes	ITPR3	0	found_annotated	informative10	20	10	13	20	20	1	APOBEC2;BAK1;BLTP3A;FOXP4;FRS3;GRM4;HMGA1;ILRUN;MDFI;NFYA;NUDT3;OARD1;PACSIN1;RPS10;SMIM29;SNRPC;SPDEF;TFEB;TREM1;TSPO2
Gavia_stellata|GCF_030936135.1|RYR.0	GCF_030936135.1	Gavia stellata	Aves	Gaviiformes	RYR	0	found_annotated	informative10	20	10	11	20	20	1	ACTN2;CHRM3;EDARADD;ERO1B;EXO1;FMN2;GNG4;GPR137B;GREM2;HEATR1;LGALS8;LYST;MAP1LC3C;MTR;NID1;OPN3;PIGM;PLD5;RGS7;WDR64
Gavia_stellata|GCF_030936135.1|RYR.1	GCF_030936135.1	Gavia stellata	Aves	Gaviiformes	RYR	1	found_annotated	informative10	20	10	12	20	20	0	ARHGAP11A;AVEN;BMF;CDIN1;CHRM5;DPH6;EIF2AK4;EMC7;FAM98B;FMN1;FSIP1;GPR176;GREM1;KATNBL1;MEIS2;RASGRP1;SCG5;SPRED1;SRP14;THBS1
Gavia_stellata|GCF_030936135.1|RYR.2	GCF_030936135.1	Gavia stellata	Aves	Gaviiformes	RYR	2	found_annotated	informative10	18	10	9	18	18	0	ACTN4;BICRA;ECH1;EHD2;EIF3K;HNRNPL;KPTN;LGALS4;MAP4K1;MRPS12;NAPA;NFKBIB;PSMD8;SARS2;SIRT2;SLC8A2;SPRED3;ZNF541
Channa_argus|GCF_033026475.1|ITPR1.0	GCF_033026475.1	Channa argus	Actinopteri	Anabantiformes	ITPR1	0	found_annotated	informative10	20	25	15	20	20	1	ATF1;ATF7B;C1QL4B;CALCOCO1B;CDK4;CYP27B1;DIP2B;ESPL1;ESYT1B;FAIM2B;LARP4A;METTL1;PFDN5;PFKM;SCN8A;SLC4A8;SMUG1;SUMF1;ZC3H10;ZNF740A
Channa_argus|GCF_033026475.1|ITPR1.1	GCF_033026475.1	Channa argus	Actinopteri	Anabantiformes	ITPR1	1	found_annotated	informative10	20	11	12	20	20	0	ARL6IP5A;ARL8B;AVPR2B;BHLHE40;CAMKV;CCDC120B;COMT;EEVS;FOXP1B;FRMD4B;GRM6B;LRRN1;MDFIC2;MITF;MON1A;MST1R;SEMA3F;SETMAR;TRAIP;TRNT1
Channa_argus|GCF_033026475.1|ITPR2.0	GCF_033026475.1	Channa argus	Actinopteri	Anabantiformes	ITPR2	0	found_annotated	informative10	20	11	12	20	20	1	BANP;BHLHE41;BMAL2;C1QTNF13;CES2B;EEA1;ENDOUC;FANCI;FBXO31;GDPGP1;KRAS;NR1H4;NUDT4A;PLEKHG7;POLG;PPFIBP1B;RHCG;SLC17A8;SSPN;UBE2N
Channa_argus|GCF_033026475.1|ITPR3.0	GCF_033026475.1	Channa argus	Actinopteri	Anabantiformes	ITPR3	0	found_annotated	informative10	20	54	26	20	20	1	DENND2D;EDEM2;GRIPAP1;HM13;IGF3;KCND1;MRGBP;PEX10;PLCH2A;PLXNA3;PRKCZ;PTPN18;RENBP;RFC2;SKIA;SNX21;ST14B;STK35;STK38A;USP11
Channa_argus|GCF_033026475.1|RYR.0	GCF_033026475.1	Channa argus	Actinopteri	Anabantiformes	RYR	0	found_annotated	informative10	16	11	8	16	16	1	ACBD4;ADGRA1A;ADOA;BMS1;CABCOCO1;CHRM3B;CYP26A1;EGR2B;EXOC6;FMN2B;JMJD1C;MTR;NRBF2B;PLCD3B;REEP3B;TUBGCP2
Channa_argus|GCF_033026475.1|RYR.1	GCF_033026475.1	Channa argus	Actinopteri	Anabantiformes	RYR	1	found_annotated	informative10	20	11	22	20	20	0	B3GNT2L;BCKDH;CALN1;CLDNE;CLDNF;CLDNJ;EXOSC5;GALNT17;GIPR;HNRNPUL1;NAPA;NUP88;OPA3;PPP1R13L;PPP5C;RASGRP4;SBDS;TGFB1A;TMEM91;TYW1
Channa_argus|GCF_033026475.1|RYR.2	GCF_033026475.1	Channa argus	Actinopteri	Anabantiformes	RYR	2	found_annotated	informative10	20	21	11	20	20	0	ARHGAP31;BRD8A;CXXC5A;DNAJC18;GABRR3A;GNG8;GSX1;LIPI;MAP7D2A;NFRK;NRG2A;PDHA1A;PHLDB2A;PPP3C;PRDX4;PURA;SLC22A6L;SMS;TMEM45B;WASF3A
Channa_argus|GCF_033026475.1|RYR.3	GCF_033026475.1	Channa argus	Actinopteri	Anabantiformes	RYR	3	found_annotated	informative10	20	15	28	20	20	0	ACP7;ADSS1;AREL1;ARHGAP11A;CRIM1;DNAJC17;EIF2AK4;EXD1;FCF1;FSIP1;GCHFR;GPX2;GREM1B;INF2;LIN52;POMT2;SIVA1;VASH1;VSX2;ZBTB42
Channa_argus|GCF_033026475.1|RYR.4	GCF_033026475.1	Channa argus	Actinopteri	Anabantiformes	RYR	4	found_annotated	informative10	20	13	15	20	20	0	ABRACL;ACTC1A;AFDN;CLU;EMC7B;GREM1A;HECA;IGF2R;KATNBL1;KNL1;MTIF3;PLG;REPS1;RFX6;SCARA3;SCG5;TDRD15;THBS1B;UNC93A;VGLL2A
Channa_argus|GCF_033026475.1|RYR.5	GCF_033026475.1	Channa argus	Actinopteri	Anabantiformes	RYR	5	found_annotated	informative10	20	11	16	20	20	0	ACTN2B;BORA;CCSER2A;CHRM3A;DACHC;DIS3;DNAJC9;ECD;FAM149B1;FMN2A;GREM2A;GRID1A;MZT1;NDNFL;P4HA1B;PHYHIPL;RGS7A;SPARCL2;UBAC2;WAPL
Cololabis_saira|GCF_033807715.1|ITPR1.0	GCF_033807715.1	Cololabis saira	Actinopteri	Beloniformes	ITPR1	0	found_annotated	informative10	20	29	14	20	20	1	ATF1;ATF7B;CALCOCO1B;CDK4;DIP2B;ESPL1;ESYT1B;FAIM2B;LARP4A;METTL1;PFDN5;PFKM;SCN8A;SLC4A8;SMUG1;SPRYD3;SUMF1;TTLL3;ZC3H10;ZNF740A
Cololabis_saira|GCF_033807715.1|ITPR1.1	GCF_033807715.1	Cololabis saira	Actinopteri	Beloniformes	ITPR1	1	found_annotated	informative10	20	17	14	20	20	0	ACAD9;ARL6IP5A;EEVS;EOGT;FGD5A;FOXP1B;FRMD4B;GATA2A;GPR27;LRRN1;MITF;PROK2;RPN1;SETMAR;SFMBT1;STIMATE;SUCLG2;TAFA4B;TMF1;TRNT1
Cololabis_saira|GCF_033807715.1|ITPR2.0	GCF_033807715.1	Cololabis saira	Actinopteri	Beloniformes	ITPR2	0	found_annotated	informative10	20	11	18	20	20	1	ANPEP;BANP;BHLHE41;BMAL2;C1QTNF13;CES2B;ENDOUC;FBXO31;KRAS;LYRM5B;NEDD1;NR1H4;NUDT4A;PLEKHG7;POLR3B;PPFIBP1B;SLC17A8;SSPN;SYCP3;UBE2N
Cololabis_saira|GCF_033807715.1|ITPR3.0	GCF_033807715.1	Cololabis saira	Actinopteri	Beloniformes	ITPR3	0	found_annotated	informative10	20	22	12	20	20	1	BCAP31;CCDC135;EDEM2;GPR37L1B;GRIPAP1;HM13;ITIH3A;KCND1;MRGBP;MUSTN1B;PIM2;PLXNA3;PTPN18;RFC2;SLC35A2;SLC6A8;SNX21;ST14B;SULF2B;USP11
Cololabis_saira|GCF_033807715.1|RYR.0	GCF_033807715.1	Cololabis saira	Actinopteri	Beloniformes	RYR	0	found_annotated	informative10	20	27	11	20	20	0	AAMDC;CLDNE;CLDNF;CLDNJ;EML2;EXOSC5;GALNT17;HNRNPUL1;INTS4;KCTD14;OPA3;PPP1R13L;PPP5C;RASGRP4;RHBDD1;RPS3;SBDS;TGFB1A;TMEM91;TYW1
Cololabis_saira|GCF_033807715.1|RYR.1	GCF_033807715.1	Cololabis saira	Actinopteri	Beloniformes	RYR	1	found_annotated	informative10	20	12	19	20	19	0	ATP1B2B;CNKSR2B;CXXC5A;DNAJC18;GNG8;MOGAT3B;NFRK;NLRC3L1;NRG2A;PPP3C;PURA;PYGM;RB1;RNF121;RNF167;SLC22A6L;SLC6A7;SRRT;TAF1;TMEM45B
Cololabis_saira|GCF_033807715.1|RYR.2	GCF_033807715.1	Cololabis saira	Actinopteri	Beloniformes	RYR	2	found_annotated	informative10	11	16	48	11	11	1	ADOA;ATP6V0A1B;DCXR;EXOC6;FMN2B;HHEX;LRRC45;MTR;RAC3B;TFAM;TRUB1
Cololabis_saira|GCF_033807715.1|RYR.3	GCF_033807715.1	Cololabis saira	Actinopteri	Beloniformes	RYR	3	found_annotated	informative10	20	27	17	20	20	0	ACP7;ADSS1;AREL1;ARHGAP11A;CHRM5A;CRIM1;DNAJC17;EIF2AK4;EXD1;FCF1;FSIP1;GCHFR;GPX2;GREM1B;INF2;LIN52;POMT2;SIVA1;VSX2;ZBTB42
Cololabis_saira|GCF_033807715.1|RYR.4	GCF_033807715.1	Cololabis saira	Actinopteri	Beloniformes	RYR	4	found_annotated	informative10	20	10	13	20	20	0	ABRACL;ACOT20;ACTC1A;AVEN;CHRM5B;CLU;EMC7B;FMN1;GPR176;GREM1A;HECA;KATNBL1;KNSTRN;MTIF3;REPS1;SCARA3;SLC10A1;SRSF5B;SUSD6;THBS1B
Cololabis_saira|GCF_033807715.1|RYR.5	GCF_033807715.1	Cololabis saira	Actinopteri	Beloniformes	RYR	5	found_annotated	informative10	20	15	12	20	20	0	ACTN2B;BORA;CCDC6A;CCSER2A;CHRM3A;DACHC;DNAJC9;ECD;FAM149B1;FMN2A;GREM2A;GRID1A;MZT1;NDNFL;P4HA1B;PHYHIPL;RGS7A;SPARCL2;UBAC2;WAPL
Entelurus_aequoreus|GCF_033978785.1|ITPR1.0	GCF_033978785.1	Entelurus aequoreus	Actinopteri	Syngnathiformes	ITPR1	0	found_annotated	informative10	20	24	27	20	20	1	ATF1;ATF7B;CALCOCO1B;CAMK1A;CDK4;CFAP20DC;DIP2B;ESPL1;ESYT1B;FAIM2B;NR1D4B;PFDN5;SLC4A8;SMUG1;STAU1;SUMF1;TGM8;TMT1A;ZC3H10;ZNF740A
Entelurus_aequoreus|GCF_033978785.1|ITPR1.1	GCF_033978785.1	Entelurus aequoreus	Actinopteri	Syngnathiformes	ITPR1	1	found_annotated	informative10	20	11	14	20	20	0	ARL6IP5A;ARL8B;AVPR2B;BHLHE40;CCDC120B;COMT;FOXP1B;FRMD4B;GRM6B;LRRN1;MBD1B;MITF;MON1A;MST1R;PROK2;RYBP;SEMA3F;SETMAR;TRAIP;TRNT1
Entelurus_aequoreus|GCF_033978785.1|ITPR2.0	GCF_033978785.1	Entelurus aequoreus	Actinopteri	Syngnathiformes	ITPR2	0	found_annotated	informative10	20	21	21	20	20	1	BANP;BHLHE41;BMAL2;C1QTNF13;EEA1;FANCI;FBXO31;GDPGP1;KRAS;NR1H4;NUDT4A;PLEKHG7;POLG;PPFIBP1B;RHCG;SLC17A8;SSPN;UBA2;UBE2N;UNC45A
Entelurus_aequoreus|GCF_033978785.1|ITPR3.0	GCF_033978785.1	Entelurus aequoreus	Actinopteri	Syngnathiformes	ITPR3	0	found_annotated	informative10	20	17	22	20	20	1	ABCD1;ACAP3A;ATP6AP1A;CCDC120A;CPTP;DDX19A;HCFC1B;HM13;INTS11;IRAK1;LAMB2L;MECP2;MRGBP;PLXNB3;RFC2;SRPK3;TAF13;TNNC2;UBXN10;VWA5B1
Entelurus_aequoreus|GCF_033978785.1|RYR.0	GCF_033978785.1	Entelurus aequoreus	Actinopteri	Syngnathiformes	RYR	0	found_annotated	informative10	20	15	18	20	20	1	ADOA;BMS1;CCDC57;CSNK1D;DCXR;EGR2B;EXOC6;FASN;HHEX;IPMK;JMJD1C;MTR;NAGLU;NRBF2B;RBFOX3A;REEP3B;RFNG;SLC16A3B;TFAM;TRUB1
Entelurus_aequoreus|GCF_033978785.1|RYR.1	GCF_033978785.1	Entelurus aequoreus	Actinopteri	Syngnathiformes	RYR	1	found_annotated	informative10	20	24	12	20	20	0	APLP2;B3GNT2L;BCKDH;BICR;COG6;EXOSC5;FNDC3A;GBE1B;HNRNPUL1;MTUS2B;NAPA;NEK3;OPA3;PPP1R13L;RASGRP4;RCBTB2;SLC25A15A;ST14A;STOML3A;TMEM91
Entelurus_aequoreus|GCF_033978785.1|RYR.2	GCF_033978785.1	Entelurus aequoreus	Actinopteri	Syngnathiformes	RYR	2	found_annotated	informative10	20	50	24	20	20	0	ALG9;BICDL2;DGAT1A;DLAT;FDXACB1;GABRR3A;HSPB1;LAYN;LIPI;MIA;NRG2A;PCYT1B;PHLDB2A;POLR2K;PSMG2;PTPN2B;PURA;PYGM;SLC22A6L;SPAG1A
Entelurus_aequoreus|GCF_033978785.1|RYR.3	GCF_033978785.1	Entelurus aequoreus	Actinopteri	Syngnathiformes	RYR	3	found_annotated	informative10	20	31	43	20	20	0	ALG9;BICDL2;DGAT1A;DLAT;FDXACB1;GABRR3A;HSPB1;LAYN;LIPI;MIA;NRG2A;PCYT1B;PHLDB2A;POLR2K;PSMG2;PTPN2B;PURA;PYGM;SLC22A6L;SPAG1A
Entelurus_aequoreus|GCF_033978785.1|RYR.4	GCF_033978785.1	Entelurus aequoreus	Actinopteri	Syngnathiformes	RYR	4	found_annotated	informative10	20	14	14	20	20	0	ARF6B;ASPG;DHRS7;EXOC5;HIF1A;KIF26A;KTN1;LG03H14ORF180;MNAT1;MSH4;OTX2B;PPM1A;PRKCH;SIX1A;SIX4A;SIX6A;SLC38A6;TMEM260;TRMT5;VCPKMT
Entelurus_aequoreus|GCF_033978785.1|RYR.5	GCF_033978785.1	Entelurus aequoreus	Actinopteri	Syngnathiformes	RYR	5	found_annotated	informative10	20	13	15	20	20	0	ABRACL;ACTC1A;CHRM5B;CLU;EMC7B;FNTB;GPR176;HECA;KATNBL1;KNL1;KNSTRN;MAX;MTIF3;NUDT14;REPS1;SCARA3;SLC10A1;SRSF5B;SUSD6;THBS1B
Entelurus_aequoreus|GCF_033978785.1|RYR.6	GCF_033978785.1	Entelurus aequoreus	Actinopteri	Syngnathiformes	RYR	6	found_annotated	informative10	20	18	36	20	20	0	ACTN2B;CAMKMT;CFAP36;CHRM3A;EBF3B;FAM13C;FMN2A;GNRH3;MGMT;PHYHIPL;PPM1B;PPP2R2D;PPP4R3B;PREPL;RGS7A;SIX2A;SIX3A;SLC16A9B;SLC3A1;SRBD1
Leptosomus_discolor|GCF_034619465.1|ITPR1.0	GCF_034619465.1	Leptosomus discolor	Aves	Leptosomiformes	ITPR1	0	found_annotated	informative10	20	10	13	20	20	1	ARL8B;BHLHE40;CAV3;CHL1;CNTN6;CRBN;EDEM1;GRM7;GXYLT2;IL5RA;LMCD1;LRRN1;OXTR;PDZRN3;PPP4R2;RAD18;SRGAP3;SSUH2;SUMF1;TRNT1
Leptosomus_discolor|GCF_034619465.1|ITPR2.0	GCF_034619465.1	Leptosomus discolor	Aves	Leptosomiformes	ITPR2	0	found_annotated	informative10	20	13	10	20	20	1	ARFGAP3;BHLHE41;BMAL2;CYB5R3;DNAI7;ETFRF1;FGFR1OP2;GYS2;INTS13;IRAG2;KRAS;LMNTD1;MED21;PPFIBP1;RASSF8;REP15;SPX;SSPN;STK38L;TM7SF3
Leptosomus_discolor|GCF_034619465.1|ITPR3.0	GCF_034619465.1	Leptosomus discolor	Aves	Leptosomiformes	ITPR3	0	found_annotated	informative10	20	13	11	20	20	1	APOBEC2;BAK1;FOXP4;GRM4;HMGA1;IP6K3;LEMD2;MDFI;MLN;NFYA;NUDT3;OARD1;PACSIN1;PGC;RPS10;SMIM29;SPDEF;TFEB;TREML1;TSPO2
Leptosomus_discolor|GCF_034619465.1|RYR.0	GCF_034619465.1	Leptosomus discolor	Aves	Leptosomiformes	RYR	0	found_annotated	informative10	20	11	11	20	20	1	ACTN2;B3GALNT2;CHRM3;EDARADD;ERO1B;EXO1;FMN2;GPR137B;GREM2;HEATR1;LGALS8;LYST;MAP1LC3C;MTR;NID1;OPN3;PIGM;PLD5;RGS7;WDR64
Leptosomus_discolor|GCF_034619465.1|RYR.1	GCF_034619465.1	Leptosomus discolor	Aves	Leptosomiformes	RYR	1	found_annotated	informative10	20	10	11	20	20	0	ARHGAP11A;AVEN;BMF;CDIN1;CHRM5;DPH6;EIF2AK4;EMC7;FMN1;FSIP1;GPR176;GREM1;KATNBL1;MEIS2;RASGRP1;SCG5;SPRED1;SRP14;THBS1;TSLIG3B
Ciconia_boyciana|GCF_034638445.1|ITPR1.0	GCF_034638445.1	Ciconia boyciana	Aves	Ciconiiformes	ITPR1	0	found_annotated	informative10	20	10	13	20	20	1	ARL8B;BHLHE40;CAV3;CHL1;CNTN3;CRBN;EDEM1;GRM7;GXYLT2;IL5RA;LMCD1;LRRN1;OXTR;PDZRN3;PPP4R2;RAD18;SRGAP3;SSUH2;SUMF1;TRNT1
Ciconia_boyciana|GCF_034638445.1|ITPR2.0	GCF_034638445.1	Ciconia boyciana	Aves	Ciconiiformes	ITPR2	0	found_annotated	informative10	20	10	14	20	20	1	ARFGAP3;BHLHE41;BMAL2;CYB5R3;DNAI7;ETFRF1;FGFR1OP2;GYS2;INTS13;IRAG2;KRAS;LMNTD1;MED21;PPFIBP1;RASSF8;REP15;SPX;SSPN;STK38L;TM7SF3
Ciconia_boyciana|GCF_034638445.1|ITPR3.0	GCF_034638445.1	Ciconia boyciana	Aves	Ciconiiformes	ITPR3	0	found_annotated	informative10	20	18	11	20	20	1	APOBEC2;BAK1;FOXP4;FRS3;GRM4;HMGA1;IP6K3;LEMD2;MDFI;MLN;NFYA;NUDT3;OARD1;PACSIN1;PRICKLE4;RPS10;SMIM29;TFEB;TOMM6;UQCC2
Ciconia_boyciana|GCF_034638445.1|RYR.0	GCF_034638445.1	Ciconia boyciana	Aves	Ciconiiformes	RYR	0	found_annotated	informative10	20	10	10	20	20	1	ACTN2;CEP170;CHRM3;EDARADD;ERO1B;EXO1;FMN2;GNG4;GPR137B;GREM2;HEATR1;LGALS8;LYST;MAP1LC3C;MTR;NID1;OPN3;PIGM;PLD5;RGS7
Ciconia_boyciana|GCF_034638445.1|RYR.1	GCF_034638445.1	Ciconia boyciana	Aves	Ciconiiformes	RYR	1	found_annotated	informative10	20	10	12	20	20	0	ACTN4;BICRA;ECH1;EHD2;EIF3K;HNRNPL;KPTN;MAP4K1;MRPS12;NAPA;NFKBIB;NOP53;PAK4;PSMD8;SARS2;SELENOW;SIRT2;SLC8A2;SPRED3;ZNF541
Ciconia_boyciana|GCF_034638445.1|RYR.2	GCF_034638445.1	Ciconia boyciana	Aves	Ciconiiformes	RYR	2	found_annotated	informative10	20	11	12	20	20	0	ARHGAP11A;AVEN;BMF;CDIN1;CHRM5;DPH6;EIF2AK4;EMC7;FAM98B;FSIP1;GPR176;GREM1;KATNBL1;MEIS2;RASGRP1;SCG5;SPRED1;SRP14;THBS1;ZNF770
Engraulis_encrasicolus|GCF_034702125.1|ITPR1.0	GCF_034702125.1	Engraulis encrasicolus	Actinopteri	Clupeiformes	ITPR1	0	found_annotated	informative10	20	16	15	20	20	1	AGTRAP;ARFGAP1;ARHGEF10L;CHD5;COL2A1B;DRAXIN;ELMO2;IGSF21A;ITGA7;KLHDC7A;MAP3K12;MYG1;NCKAP1L;NPFFL;PANK4;PCBP2;PFKFB4B;RNF207A;RPL22;SUMF1
Engraulis_encrasicolus|GCF_034702125.1|ITPR1.1	GCF_034702125.1	Engraulis encrasicolus	Actinopteri	Clupeiformes	ITPR1	1	found_annotated	informative10	20	11	14	20	20	0	ARL6IP5A;AVPR2B;BHLHE40;EEVS;ERBB3A;FOXP1B;FRMD4B;GPR27;HP1BP3;KIF17;LRRN1;MITF;NINJ1;PFKFB2B;PHTF1;SETMAR;SH2D5;TRNT1;WNK2;YOD1
Engraulis_encrasicolus|GCF_034702125.1|ITPR2.0	GCF_034702125.1	Engraulis encrasicolus	Actinopteri	Clupeiformes	ITPR2	0	found_annotated	informative10	15	9	12	15	15	1	BHLHE41;BMAL2;C1QTNF13;EEA1;EIF4G2B;ENDOUC;LYVE1B;NR1H4;NUDT4A;PLEKHG7;PPFIBP1B;SLC17A8;SMPD3;SSPN;UBE2N
Engraulis_encrasicolus|GCF_034702125.1|ITPR3.0	GCF_034702125.1	Engraulis encrasicolus	Actinopteri	Clupeiformes	ITPR3	0	found_annotated	informative10	20	12	17	20	20	1	BRPF1;CDK11B;CTNNBL1;E2F1;GPKOW;GPR37L1B;IQSEC2B;KANSL2;KDM5C;MIB2;MKRN4;MMP23B;OLFML3A;PQBP1;RENBP;RPRD1B;SDF4;TAMALIN;TTI1;ZNF341
Engraulis_encrasicolus|GCF_034702125.1|RYR.0	GCF_034702125.1	Engraulis encrasicolus	Actinopteri	Clupeiformes	RYR	0	found_annotated	informative10	20	14	23	20	20	1	ACADS;CCDC57;CHRM3B;FASN;FH;FMN2B;GALK1;HEXD;HHEX;KCTD2;LLGL2;MRPL27;MTR;MYCBP;MYO15B;NME2A;SLC16A5A;SLC17A7B;TAP2T;TMEM94
Engraulis_encrasicolus|GCF_034702125.1|RYR.1	GCF_034702125.1	Engraulis encrasicolus	Actinopteri	Clupeiformes	RYR	1	found_annotated	informative10	20	19	24	20	20	0	ALOX5AP;CNKSR2B;DDIAS;FAXDC2;HMGB1A;KATNAL1;LARP1;MDH2;MNTB;MTMR1B;OR41A2;PITX1;PPME1;SEPTIN4A;SKA2;SMS;SMYD4;TRPC5A;UBL3A;WAIF2
Engraulis_encrasicolus|GCF_034702125.1|RYR.2	GCF_034702125.1	Engraulis encrasicolus	Actinopteri	Clupeiformes	RYR	2	found_annotated	informative10	20	17	16	20	20	0	ACTMAP;BCKDH;CAPN5A;CLPTM1;CLTC;CUL5A;DHX40;EXOSC5;ITGAE;ITPKC;MRPL28;OPA3;PPP1R13L;RASGRP4;RELB;SNRP;TMEM91;TUBD1;USP2A;VMP1
Engraulis_encrasicolus|GCF_034702125.1|RYR.3	GCF_034702125.1	Engraulis encrasicolus	Actinopteri	Clupeiformes	RYR	3	found_annotated	informative10	20	17	22	20	20	0	ACP7;ADSS1;ARHGAP11A;CHRM5A;DNAAF2;DNAJC17;EIF2AK4;FSIP1;GCHFR;GNMT;GREM1B;INF2;ISM2A;KDM1A;LRR1;LUZP1;MDGA2A;PTAFR;SIVA1;TMEM30B
Engraulis_encrasicolus|GCF_034702125.1|RYR.4	GCF_034702125.1	Engraulis encrasicolus	Actinopteri	Clupeiformes	RYR	4	found_annotated	informative10	20	19	21	20	20	0	ACTC1A;AVEN;BUB1;CHRM5B;EMC7B;GALC;GJB7;GPR176;GREM1A;KATNBL1;MAX;NT5E;RAD51;RMDN3;SLC10A1;SMIM8;SRSF5B;SUSD6;THBS1B;ZNF292B
Engraulis_encrasicolus|GCF_034702125.1|RYR.5	GCF_034702125.1	Engraulis encrasicolus	Actinopteri	Clupeiformes	RYR	5	found_annotated	informative10	20	12	18	20	20	0	ACTN2B;BAG3;CHRM3A;CSGALNACT2;ECD;FMN2A;GREM2A;IKZF1;INPP5F;KIF11;MCMBP;MOCOS;P4HA1B;PKD2L1;REEP3A;RGS7A;SEC23IP;SLC22A15;TIAL1;VWC2
Heptranchias_perlo|GCF_035084215.1|ITPR1.0	GCF_035084215.1	Heptranchias perlo	Chondrichthyes	Hexanchiformes	ITPR1	0	found_annotated	informative10	20	21	16	20	20	1	APEH;ARL8B;BHLHE40;BORCS6;CAV3;CAV4A;CCDC174;CHL1B;CRBN;EDEM1;LMCD1;LRRN1;OXTR;RAD18;SEMA3H;SETMAR;SUMF1;TATDN2;TRNT1;ZMYND10
Heptranchias_perlo|GCF_035084215.1|ITPR2.0	GCF_035084215.1	Heptranchias perlo	Chondrichthyes	Hexanchiformes	ITPR2	0	found_annotated	informative10	20	14	14	20	20	1	BCAT1;BHLHE41;C2CD5;CEP83;CRADD;DNAI7;EEA1;ETNK1;INTS13;LRMP;MRPL42;NDUFA12;PLEKHG7;PLXNC1;RASSF8B;SOCS2;SOX5;SSPN;ST8SIA1;TMCC3
Heptranchias_perlo|GCF_035084215.1|ITPR3.0	GCF_035084215.1	Heptranchias perlo	Chondrichthyes	Hexanchiformes	ITPR3	0	found_annotated	informative10	20	28	23	20	20	1	ARL8A;BRPF3B;C27H6ORF89;FANCE;GPR25;HMGA1A;IGFN1;KIF21B;MKRN4;MYOG;PIM1;PPFIA4;RNPEP;SMIM29;TIMM17A;TMEM167B;TMEM183A;TSPAN18B;UBE2T;UQCC2
Heptranchias_perlo|GCF_035084215.1|RYR.0	GCF_035084215.1	Heptranchias perlo	Chondrichthyes	Hexanchiformes	RYR	0	found_annotated	informative10	20	36	23	20	20	0	ADAD2;B9D2;BCKDH;BLOC1S3;BLVR;CAPN12;CAPNS1B;CHP2;COX7A1;DLC;DMAC2;ECH1;EXOSC5;NKPD1;PRSS16;PSMD8;RNASET2L;SRSF7A;SUPT5H;TIMM50
Heptranchias_perlo|GCF_035084215.1|RYR.1	GCF_035084215.1	Heptranchias perlo	Chondrichthyes	Hexanchiformes	RYR	1	found_annotated	informative10	20	15	27	20	19	0	ADPGK2;ARG1;CALM2B;CEBPZ;DYNC2LI1;FBXO11B;FH;FOXN2A;GREM2B;HEATR1;LGALS8A;MOCS3;MSH2;MSH6;MTR;NDUFAF7;OPN3;PPP1R21;QPCT;SLC30A6
Heptranchias_perlo|GCF_035084215.1|RYR.2	GCF_035084215.1	Heptranchias perlo	Chondrichthyes	Hexanchiformes	RYR	2	found_annotated	informative10	20	11	14	20	20	1	AQR;ARG2;AVEN;CDIN1;CHRM5B;DPH6;EMC7B;FAM98B;FMN1;FSIP1;GJD2B;GPR176;GREM1A;KATNBL1;MEIS2A;RDH12;SPRED1;STXBP6;THBS1B;VTI1B
Mycteria_americana|GCF_035582795.1|ITPR1.0	GCF_035582795.1	Mycteria americana	Aves	Ciconiiformes	ITPR1	0	found_annotated	informative10	20	10	13	20	20	1	ARL8B;BHLHE40;CAV3;CHL1;CNTN3;CRBN;EDEM1;GRM7;GXYLT2;IL5RA;LMCD1;LRRN1;OXTR;PDZRN3;PPP4R2;RAD18;SRGAP3;SSUH2;SUMF1;TRNT1
Mycteria_americana|GCF_035582795.1|ITPR2.0	GCF_035582795.1	Mycteria americana	Aves	Ciconiiformes	ITPR2	0	found_annotated	informative10	20	10	13	20	20	1	ARFGAP3;BHLHE41;BMAL2;CYB5R3;DNAI7;ETFRF1;FGFR1OP2;GYS2;INTS13;IRAG2;KRAS;LMNTD1;MED21;PPFIBP1;RASSF8;REP15;SPX;SSPN;STK38L;TM7SF3
Mycteria_americana|GCF_035582795.1|ITPR3.0	GCF_035582795.1	Mycteria americana	Aves	Ciconiiformes	ITPR3	0	found_annotated	informative10	20	14	11	20	20	1	APOBEC2;BAK1;FOXP4;FRS3;GRM4;HMGA1;ILRUN;IP6K3;LEMD2;MDFI;NFYA;NUDT3;OARD1;PACSIN1;PRICKLE4;RPS10;SMIM29;SPDEF;TFEB;TREM1
Mycteria_americana|GCF_035582795.1|RYR.0	GCF_035582795.1	Mycteria americana	Aves	Ciconiiformes	RYR	0	found_annotated	informative10	20	10	10	20	20	1	ACTN2;CHRM3;EDARADD;ERO1B;EXO1;FMN2;GNG4;GPR137B;GREM2;HEATR1;LGALS8;LYST;MAP1LC3C;MTR;NID1;OPN3;PIGM;PLD5;RGS7;WDR64
Mycteria_americana|GCF_035582795.1|RYR.1	GCF_035582795.1	Mycteria americana	Aves	Ciconiiformes	RYR	1	found_annotated	informative10	20	11	12	20	20	0	ARHGAP11A;AVEN;BMF;CDIN1;CHRM5;DPH6;EIF2AK4;EMC7;FAM98B;FSIP1;GPR176;GREM1;KATNBL1;MEIS2;RASGRP1;SCG5;SPRED1;SRP14;THBS1;ZNF770
Eleutherodactylus_coqui|GCF_035609145.1|ITPR1.0	GCF_035609145.1	Eleutherodactylus coqui	Amphibia	Anura	ITPR1	0	found_annotated	informative10	20	35	19	20	20	1	ALAS1;ARL8B;BHLHE40;BORCS6;BRK1;CAV3;CRBN;EDEM1;FBLN2;GRM7;IL5RA;LMCD1;LRRN1;NAA80;OXTR;POC1A;RAD18;SRGAP3;SUMF1;TRNT1
Eleutherodactylus_coqui|GCF_035609145.1|ITPR2.0	GCF_035609145.1	Eleutherodactylus coqui	Amphibia	Anura	ITPR2	0	found_annotated	informative10	14	6	19	14	14	1	AKR1B1;AKR1D1;BHLHE41;BMAL2;FBXO7;LMNTD1;MED21;PKP2;PRDM4;RASSF8;RTCB;SSPN;STK38L;SYN3
Eleutherodactylus_coqui|GCF_035609145.1|ITPR3.0	GCF_035609145.1	Eleutherodactylus coqui	Amphibia	Anura	ITPR3	0	found_annotated	informative10	20	14	13	20	20	1	AATF;ACACA;ADIPOR1;ANKS1A;BAK1;BLTP3A;C1H3ORF52;CYB5R1;DEF6;GRM4;HNF1B;ILRUN;LEMD2;LHX1;SNRPC;SPDEF;SYNRG;TADA2A;TAF11;UQCC2
Eleutherodactylus_coqui|GCF_035609145.1|RYR.0	GCF_035609145.1	Eleutherodactylus coqui	Amphibia	Anura	RYR	0	found_annotated	informative10	20	18	17	20	20	1	ACTN4;ALKBH6;BICRA;CCER2;CLIP3;EHD2;EIF3K;HNRNPL;KPTN;LGALS4;MAP4K1;MEIS3;NAPA;NOP53;PSMD8;PYCR3;SARS2;SELENOW;SLC8A2;TSPAN15
Eleutherodactylus_coqui|GCF_035609145.1|RYR.1	GCF_035609145.1	Eleutherodactylus coqui	Amphibia	Anura	RYR	1	found_annotated	informative10	20	11	10	20	20	0	ANKRD63;ARHGAP11A;AVEN;BUB1B;CCDC177;CHRM5;ERH;EXD2;FAM98B;FMN1;GALNT16;GPR176;GREM1;PAK6;PLCB2;PLEKHD1;RASGRP1;SCG5;SLC39A9;SUSD6
Caloenas_nicobarica|GCF_036013445.1|ITPR1.0	GCF_036013445.1	Caloenas nicobarica	Aves	Columbiformes	ITPR1	0	found_annotated	informative10	20	10	14	20	20	1	ACTR8;ARL8B;BHLHE40;CACNA2D3;CHDH;CHL1;CRBN;EDEM1;ERC2;GXYLT2;IL5RA;LRRN1;LRTM1;PDZRN3;PPP4R2;SELENOK;SHQ1;SUMF1;TRNT1;WNT5A
Caloenas_nicobarica|GCF_036013445.1|ITPR2.0	GCF_036013445.1	Caloenas nicobarica	Aves	Columbiformes	ITPR2	0	found_annotated	informative10	20	16	12	20	20	1	ARFGAP3;BHLHE41;BMAL2;DNAI7;ETFRF1;FGFR1OP2;GYS2;INTS13;IRAG2;KCNJ8;KRAS;MED21;PACSIN2;PPFIBP1;RASSF8;REP15;SPX;SSPN;STK38L;TM7SF3
Caloenas_nicobarica|GCF_036013445.1|ITPR3.0	GCF_036013445.1	Caloenas nicobarica	Aves	Columbiformes	ITPR3	0	found_annotated	informative10	20	10	13	20	20	1	APOBEC2;BAK1;BLTP3A;FOXP4;FRS3;GRM4;HMGA1;ILRUN;MDFI;NFYA;NUDT3;OARD1;PACSIN1;PGC;RPS10;SMIM29;SNRPC;SPDEF;TFEB;TSPO2
Caloenas_nicobarica|GCF_036013445.1|RYR.0	GCF_036013445.1	Caloenas nicobarica	Aves	Columbiformes	RYR	0	found_annotated	informative10	20	10	10	20	20	1	ACTN2;CHRM3;EDARADD;ERO1B;EXO1;FMN2;GNG4;GPR137B;GREM2;HEATR1;LGALS8;LYST;MAP1LC3C;MTR;NID1;OPN3;PIGM;PLD5;RGS7;WDR64
Caloenas_nicobarica|GCF_036013445.1|RYR.1	GCF_036013445.1	Caloenas nicobarica	Aves	Columbiformes	RYR	1	found_annotated	informative10	0	1	0	0	0	0	
Caloenas_nicobarica|GCF_036013445.1|RYR.2	GCF_036013445.1	Caloenas nicobarica	Aves	Columbiformes	RYR	2	found_annotated	informative10	20	10	11	20	20	0	ARHGAP11A;AVEN;BMF;CDIN1;CHRM5;DPH6;EIF2AK4;EMC7;FAM98B;FMN1;FSIP1;GPR176;GREM1;KATNBL1;MEIS2;RASGRP1;SCG5;SPRED1;SRP14;THBS1
Heterodontus_francisci|GCF_036365525.1|ITPR1.0	GCF_036365525.1	Heterodontus francisci	Chondrichthyes	Heterodontiformes	ITPR1	0	found_annotated	informative10	20	11	20	20	20	1	ARL8B;BHLHE40;BORCS6;CAV3;CHL1B;CRBN;EDEM1;LMCD1;LRRN1;OXTR;PDZRN3B;RAD18;RASSF1;SEMA3H;SETMAR;SSUH2;SUMF1;TRNT1;TUSC2B;ZMYND10
Heterodontus_francisci|GCF_036365525.1|ITPR2.0	GCF_036365525.1	Heterodontus francisci	Chondrichthyes	Heterodontiformes	ITPR2	0	found_annotated	informative10	20	16	14	20	20	1	BCAT1;BHLHE41;C2CD5;CEP83;CRADD;DNAI7;EEA1;ETNK1;INTS13;LRMP;MRPL42;NDUFA12;PLEKHG7;PLXNC1;RASSF8B;SOCS2;SOX5;SSPN;ST8SIA1;TMCC3
Heterodontus_francisci|GCF_036365525.1|ITPR3.0	GCF_036365525.1	Heterodontus francisci	Chondrichthyes	Heterodontiformes	ITPR3	0	found_annotated	informative10	20	39	19	20	20	1	BLTP3A;C25H6ORF89;FANCE;HMGA1A;ILRUN;KIF21B;MLNL;MYOG;NUDT3B;PACSIN1B;PIM1;PPFIA4;PPIL1;RNPEP;SMIM29;TAF11;TIMM17A;TMEM183A;UBE2T;UQCC2
Heterodontus_francisci|GCF_036365525.1|RYR.0	GCF_036365525.1	Heterodontus francisci	Chondrichthyes	Heterodontiformes	RYR	0	found_annotated	informative10	20	32	31	20	20	0	B9D2;BCKDH;BLVR;CHP2;COX7A1;DLC;DMAC2;ECH1;EXOSC5;MED29;PAF1;PLD3;PRSS16;PSMD8;RNASET2L;SRSF7A;SUPT5H;TIMM50;TMEM91;ZC3H4
Heterodontus_francisci|GCF_036365525.1|RYR.1	GCF_036365525.1	Heterodontus francisci	Chondrichthyes	Heterodontiformes	RYR	1	found_annotated	informative10	20	26	15	20	19	0	ADPGK2;CALM2B;CEBPZ;EDARADD;EPCAM;FH;GREM2B;HYLS1;MOCS3;MRPL4;MSH2;MSH6;MTR;NDUFAF7;OPN3;PPP1R21;PRKD3;SLC30A6;STON1;STPG4
Heterodontus_francisci|GCF_036365525.1|RYR.2	GCF_036365525.1	Heterodontus francisci	Chondrichthyes	Heterodontiformes	RYR	2	found_annotated	informative10	20	16	11	20	20	1	AQR;ARG2;AVEN;CDIN1;CHRM5B;DPH6;EMC7B;FOXG1A;FSIP1;GJD2B;GPR176;GREM1A;KATNBL1;MEIS2A;PRKD1;RDH12;SPRED1;STXBP6;THBS1B;VTI1B
Dromaius_novaehollandiae|GCF_036370855.1|ITPR1.0	GCF_036370855.1	Dromaius novaehollandiae	Aves	Casuariiformes	ITPR1	0	found_annotated	informative10	20	13	13	20	20	1	ARL8B;BHLHE40;CAV3;CHL1;CNTN6;CRBN;EDEM1;GRM7;GXYLT2;IL5RA;LMCD1;LRRN1;OXTR;PDZRN3;PPP4R2;RAD18;SRGAP3;SUMF1;THUMPD3;TRNT1
Dromaius_novaehollandiae|GCF_036370855.1|ITPR2.0	GCF_036370855.1	Dromaius novaehollandiae	Aves	Casuariiformes	ITPR2	0	found_annotated	informative10	20	10	12	20	20	1	A4GALT;ARFGAP3;BHLHE41;BMAL2;DNAI7;FGFR1OP2;GYS2;INTS13;IRAG2;KRAS;LDHB;LMNTD1;MED21;PPFIBP1;RASSF8;REP15;SPX;SSPN;STK38L;TM7SF3
Dromaius_novaehollandiae|GCF_036370855.1|ITPR3.0	GCF_036370855.1	Dromaius novaehollandiae	Aves	Casuariiformes	ITPR3	0	found_annotated	informative10	20	12	15	20	20	1	APOBEC2;BAK1;FOXP4;FRS3;GRM4;HMGA1;ILRUN;IP6K3;LEMD2;MDFI;MLN;NFYA;OARD1;PACSIN1;PGC;RPS10;SMIM29;SPDEF;TFEB;TSPO2
Dromaius_novaehollandiae|GCF_036370855.1|RYR.0	GCF_036370855.1	Dromaius novaehollandiae	Aves	Casuariiformes	RYR	0	found_annotated	informative10	20	11	11	20	20	1	ACTN2;AFDN;CHRM3;ERO1B;EXO1;FMN2;GPR137B;GREM2;HEATR1;LGALS8;MAP1LC3C;MTR;NID1;OPN3;PIGM;PLD5;RGS7;TTLL2;UNC93A;WDR64
Dromaius_novaehollandiae|GCF_036370855.1|RYR.1	GCF_036370855.1	Dromaius novaehollandiae	Aves	Casuariiformes	RYR	1	found_annotated	informative10	20	11	14	20	20	0	ACTN4;BICRA;BLOC1S3;CATSPERG;CCDC61;ECH1;EIF3K;FAM98C;GEMIN7;HNRNPL;KPTN;MAP4K1;NAPA;NKPD1;PPP1R37;PSMD8;RASGRP4;SLC8A2;SPRED3;ZNF541
Dromaius_novaehollandiae|GCF_036370855.1|RYR.2	GCF_036370855.1	Dromaius novaehollandiae	Aves	Casuariiformes	RYR	2	found_annotated	informative10	20	11	11	20	20	0	ARHGAP11A;AVEN;BMF;CDIN1;CHRM5;DPH6;EIF2AK4;EMC7;FAM98B;FMN1;FSIP1;GPR176;GREM1;KATNBL1;MEIS2;RASGRP1;SCG5;SPRED1;SRP14;THBS1
Amia_ocellicauda|GCF_036373705.1|ITPR1.0	GCF_036373705.1	Amia ocellicauda	Actinopteri	Amiiformes	ITPR1	0	found_annotated	informative10	20	11	14	20	20	1	ARL8B;AVPR2B;BHLHE40;CAMKV;CCDC174;CRBN;EDEM1;GHRL;GNAT1;LRRN1;MON1A;MST1R;RBM6;SETMAR;SUMF1;TATDN2;TRAIP;TRNT1;UBA7;VHL
Amia_ocellicauda|GCF_036373705.1|ITPR2.0	GCF_036373705.1	Amia ocellicauda	Actinopteri	Amiiformes	ITPR2	0	found_annotated	informative10	20	15	15	20	20	1	BCAT1;BHLHE41;BTBD11B;C1QTNF13;CRY1B;DNAI7;EEA1;ETNK1;INTS13;LRMP;MRPL42;MTERF2;NEDD1;PLEKHG7;PWP1;RASSF8B;SOX5;SSPN;STRAP;TNNT2C
Amia_ocellicauda|GCF_036373705.1|ITPR3.0	GCF_036373705.1	Amia ocellicauda	Actinopteri	Amiiformes	ITPR3	0	found_annotated	informative10	20	21	28	20	20	1	AMIGO1;AMPD2B;APOBEC2A;ARL8A;C5H6ORF89;CDKN1A;CELSR2;CYB561D1;ELF3;FKBP5;GNAT2;GPR61;NGRN;OARD1;PPIL1;PSMA5;PTH4;SARS1;SRSF3B;TAF8
Amia_ocellicauda|GCF_036373705.1|RYR.0	GCF_036373705.1	Amia ocellicauda	Actinopteri	Amiiformes	RYR	0	found_annotated	informative10	20	12	13	20	20	1	ARG1;BIRC6;CDC42EP3;CHRM3B;CYP1B1;EDARADD;EXO1;FH;FMN2B;GREM2B;HEATR1;HYLS1;KMO;MRPL4;MTR;NANP;OPN3;RMDN2;TTC27;YIPF4
Amia_ocellicauda|GCF_036373705.1|RYR.1	GCF_036373705.1	Amia ocellicauda	Actinopteri	Amiiformes	RYR	1	found_annotated	informative10	20	13	16	20	20	0	ACTN4;B3GNT2L;BCKDH;BICR;CBR1L;DMAC2;ECH1;EHD2B;HNRNPL;HNRNPUL1;KPTN;MEIS3;OPA3;PPP1R13L;RASGRP4;RINL;SIRT2;SRSF7A;ZBED4L2;ZNF541
Amia_ocellicauda|GCF_036373705.1|RYR.2	GCF_036373705.1	Amia ocellicauda	Actinopteri	Amiiformes	RYR	2	found_annotated	informative10	20	25	12	20	20	0	ACOT20;ACP7;AVEN;CHP1;DNAJC17;EIF2AK4;EMC7B;FSIP1;GCHFR;GPR176;KATNBL1;KNL1;KNSTRN;NUSAP1;OIP5;RAD51;RMDN3;SRSF5B;SUSD6;THBS1B
Chlamydotis_macqueenii|GCF_036417535.1|ITPR1.0	GCF_036417535.1	Chlamydotis macqueenii	Aves	Otidiformes	ITPR1	0	found_annotated	informative10	20	14	10	20	20	1	ARL8B;CAV3;CHL1;CNTN3;CRBN;EDEM1;GRM7;GXYLT2;IL5RA;LMCD1;LRRN1;OXTR;PDZRN3;PPP4R2;RAD18;SRGAP3;SSUH2;SUMF1;THUMPD3;TRNT1
Chlamydotis_macqueenii|GCF_036417535.1|ITPR2.0	GCF_036417535.1	Chlamydotis macqueenii	Aves	Otidiformes	ITPR2	0	found_annotated	informative10	20	11	16	20	20	1	ARFGAP3;BHLHE41;BMAL2;CYB5R3;DNAI7;ETFRF1;FGFR1OP2;GYS2;INTS13;IRAG2;KRAS;LMNTD1;MED21;PPFIBP1;RASSF8;REP15;SPX;SSPN;STK38L;TM7SF3
Chlamydotis_macqueenii|GCF_036417535.1|ITPR3.0	GCF_036417535.1	Chlamydotis macqueenii	Aves	Otidiformes	ITPR3	0	found_annotated	informative10	20	17	10	20	20	1	APOBEC2;BAK1;BLTP3A;FOXP4;FRS3;GRM4;HMGA1;ILRUN;MDFI;NFYA;NUDT3;OARD1;PACSIN1;PRICKLE4;RPS10;SMIM29;SNRPC;SPDEF;TFEB;TSPO2
Chlamydotis_macqueenii|GCF_036417535.1|RYR.0	GCF_036417535.1	Chlamydotis macqueenii	Aves	Otidiformes	RYR	0	found_annotated	informative10	20	12	12	20	20	1	ACTN2;B3GALNT2;CEP170;CHRM3;EDARADD;ERO1B;EXO1;FMN2;GPR137B;GREM2;HEATR1;LGALS8;MAP1LC3C;MTR;NID1;OPN3;PIGM;PLD5;RGS7;TBCE
Chlamydotis_macqueenii|GCF_036417535.1|RYR.1	GCF_036417535.1	Chlamydotis macqueenii	Aves	Otidiformes	RYR	1	found_annotated	informative10	20	12	11	20	20	0	ARHGAP11A;AVEN;BMF;CDIN1;CHRM5;DPH6;EIF2AK4;EMC7;FMN1;FSIP1;GPR176;GREM1;KATNBL1;MEIS2;RASGRP1;SCG5;SPRED1;SRP14;THBS1;TSLIG3B
Apteryx_mantelli|GCF_036417845.1|ITPR1.0	GCF_036417845.1	Apteryx mantelli	Aves	Apterygiformes	ITPR1	0	found_annotated	informative10	20	13	10	20	19	1	ARL8B;BHLHE40;CAV3;CHL1;CNTN3;CNTN6;CRBN;EDEM1;GRM7;IL5RA;LMCD1;LRRN1;OXTR;PDZRN3;PPP4R2;RAD18;SRGAP3;SSUH2;SUMF1;TRNT1
Apteryx_mantelli|GCF_036417845.1|ITPR2.0	GCF_036417845.1	Apteryx mantelli	Aves	Apterygiformes	ITPR2	0	found_annotated	informative10	20	12	10	20	20	1	A4GALT;BHLHE41;BMAL2;CYB5R3;DNAI7;FGFR1OP2;GYS2;INTS13;IRAG2;KRAS;LDHB;LMNTD1;MED21;PPFIBP1;RASSF8;REP15;SPX;SSPN;STK38L;TM7SF3
Apteryx_mantelli|GCF_036417845.1|ITPR3.0	GCF_036417845.1	Apteryx mantelli	Aves	Apterygiformes	ITPR3	0	found_annotated	informative10	20	11	15	20	20	1	APOBEC2;BAK1;FOXP4;FRS3;GRM4;HMGA1;ILRUN;IP6K3;LEMD2;MDFI;MLN;NFYA;OARD1;PACSIN1;RPS10;SMIM29;SPDEF;TFEB;TREM1;TSPO2
Apteryx_mantelli|GCF_036417845.1|RYR.0	GCF_036417845.1	Apteryx mantelli	Aves	Apterygiformes	RYR	0	found_annotated	informative10	20	10	11	20	20	0	ACTN2;CHRM3;EDARADD;ERO1B;EXO1;FMN2;GPR137B;GREM2;HEATR1;LGALS8;MAP1LC3C;MTR;NID1;OPN3;PIGM;PLD5;RGS7;TTLL2;UNC93A;WDR64
Apteryx_mantelli|GCF_036417845.1|RYR.1	GCF_036417845.1	Apteryx mantelli	Aves	Apterygiformes	RYR	1	found_annotated	informative10	20	12	10	20	20	1	ARHGAP11A;AVEN;BMF;CDIN1;CHRM5;DPH6;EIF2AK4;EMC7;FAM98B;FMN1;FSIP1;GPR176;GREM1;KATNBL1;MEIS2;RASGRP1;SCG5;SPRED1;SRP14;THBS1
Apteryx_mantelli|GCF_036417845.1|RYR.2	GCF_036417845.1	Apteryx mantelli	Aves	Apterygiformes	RYR	2	found_annotated	informative10	20	12	11	20	20	0	ACTN4;BICRA;BLOC1S3;CATSPERG;CCDC61;ECH1;EHD2;EIF3K;HNRNPL;KPTN;LGALS4;MAP4K1;NAPA;NKPD1;NOVA2;PSMD8;RASGRP4;SLC8A2;SPRED3;ZNF541
Saccopteryx_bilineata|GCF_036850765.1|ITPR1.0	GCF_036850765.1	Saccopteryx bilineata	Mammalia	Chiroptera	ITPR1	0	found_annotated	informative10	20	12	11	20	18	1	ABHD14A;ABHD14B;ACY1;ALAS1;ARL8B;BHLHE40;CHL1;CNTN3;CNTN4;CNTN6;CRBN;DUSP7;EDEM1;IL5RA;LRRN1;PDZRN3;POC1A;RPL29;SUMF1;TRNT1
Saccopteryx_bilineata|GCF_036850765.1|ITPR2.0	GCF_036850765.1	Saccopteryx bilineata	Mammalia	Chiroptera	ITPR2	0	found_annotated	informative10	20	12	10	20	20	1	BCAT1;BHLHE41;BIN2;CELA1;CSRNP2;DAZAP2;DNAI7;ETFRF1;ETNK1;GALNT6;IRAG2;KRAS;LETMD1;POU6F1;RASSF8;SLC11A2;SMAGP;SOX5;SSPN;TFCP2
Saccopteryx_bilineata|GCF_036850765.1|ITPR3.0	GCF_036850765.1	Saccopteryx bilineata	Mammalia	Chiroptera	ITPR3	0	found_annotated	informative10	20	10	15	20	18	1	BAK1;CUTA;DAXX;GRM4;HMGA1;ILRUN;IP6K3;KIFC1;LEMD2;MLN;NUDT3;PACSIN1;PHF1;SMIM29;SMIM40;SPDEF;SYNGAP1;TAPBP;ZBTB22;ZBTB9
Saccopteryx_bilineata|GCF_036850765.1|RYR.0	GCF_036850765.1	Saccopteryx bilineata	Mammalia	Chiroptera	RYR	0	found_annotated	informative10	20	10	12	20	20	1	ACTN4;CAPN12;CATSPERG;ECH1;EIF3K;FAM98C;GGN;HNRNPL;KCNK6;LGALS4;MAP4K1;NFKBIB;PPP1R14A;PSMD8;RASGRP4;RINL;SIRT2;SPINT2;SPRED3;YIF1B
Saccopteryx_bilineata|GCF_036850765.1|RYR.1	GCF_036850765.1	Saccopteryx bilineata	Mammalia	Chiroptera	RYR	1	found_annotated	informative10	20	10	23	20	19	0	ACTC1;AQR;ARHGAP11A;AVEN;CDIN1;CHRM5;DPH6;EMC4;EMC7;FMN1;GJD2;GREM1;KATNBL1;LPCAT4;NOP10;NUTM1;SCG5;SLC12A6;TTC5;ZNF770
Saccopteryx_bilineata|GCF_036850765.1|RYR.2	GCF_036850765.1	Saccopteryx bilineata	Mammalia	Chiroptera	RYR	2	found_annotated	informative10	20	15	12	20	20	0	ACTN2;ALPK1;ANK2;AP1AR;ARSJ;CAMK2D;EDARADD;ERO1B;GALNT2;HEATR1;LARP7;LGALS8;MTR;NEUROG2;PGBD5;PRSS12;TAF5L;TIFA;UGT8;URB2
Narcine_bancroftii|GCF_036971445.1|ITPR1.0	GCF_036971445.1	Narcine bancroftii	Chondrichthyes	Torpediniformes	ITPR1	0	found_annotated	informative10	20	20	16	20	20	1	AMIGO3;APEH;BHLHE40;BORCS6;BSNB;CHL1B;CRBN;EDEM1;IFT122;IP6K1;LMCD1;LRRN1;MBD4;NCKIPSD;PLXND1;RPL32;SETMAR;SUMF1;TMEM115;TRNT1
Narcine_bancroftii|GCF_036971445.1|ITPR2.0	GCF_036971445.1	Narcine bancroftii	Chondrichthyes	Torpediniformes	ITPR2	0	found_annotated	informative10	20	18	11	20	20	1	BCAT1;C2CD5;CEP83;CRADD;DNAI7;EEA1;ETNK1;INTS13;LRMP;NDUFA12;NUDT4A;PLEKHG7;PLXNC1;PTPRO;RASSF8B;SOX5;SSPN;ST8SIA1;TMCC3;UBE2N
Narcine_bancroftii|GCF_036971445.1|ITPR3.0	GCF_036971445.1	Narcine bancroftii	Chondrichthyes	Torpediniformes	ITPR3	0	found_annotated	informative10	20	41	22	20	20	1	BLTP3A;BRPF3B;C5H6ORF89;FANCE;GPR25;ILRUN;INAVA;KIF21B;MAPK14B;MYOG;PACSIN1B;PPFIA4;RNPEP;RPS10;SMIM29;TAF11;TIMM17A;TMEM167B;TMEM183A;UBE2T
Narcine_bancroftii|GCF_036971445.1|RYR.0	GCF_036971445.1	Narcine bancroftii	Chondrichthyes	Torpediniformes	RYR	0	found_annotated	informative10	13	32	13	13	13	0	ACTMAP;B9D2;BLVR;DMAC2;ECH1;FOSB;PSMD8;RASGRP4;RNF25;SNRP;SRSF7A;STK36;YIF1B
Narcine_bancroftii|GCF_036971445.1|RYR.1	GCF_036971445.1	Narcine bancroftii	Chondrichthyes	Torpediniformes	RYR	1	found_annotated	informative10	20	15	35	20	19	0	ABCG5;ADPGK2;CALM2B;CEBPZ;DYNC2LI1;FBXO11B;FH;HEATR1;KMO;MOCS3;MRPL4;MSH2;MSH6;MTR;NDUFAF7;OPN3;PPP1R21;PRKD3;QPCT;SLC30A6
Narcine_bancroftii|GCF_036971445.1|RYR.2	GCF_036971445.1	Narcine bancroftii	Chondrichthyes	Torpediniformes	RYR	2	found_annotated	informative10	20	17	19	20	20	1	AQR;ATL1;CDIN1;CDKL1;DMAC2L;DPH6;FAM98B;FOXG1A;G2E3;L2HGDH;MAP4K5;MEIS2A;PRKD1;SAV1;SIVA1;SOS2;SPRED1;STXBP6;VCPKMT;ZBTB42
Lathamus_discolor|GCF_037157495.1|ITPR1.0	GCF_037157495.1	Lathamus discolor	Aves	Psittaciformes	ITPR1	0	found_annotated	informative10	20	10	13	20	20	1	ARL8B;BHLHE40;CAV3;CHL1;CRBN;EDEM1;GRM7;GXYLT2;IL5RA;LMCD1;LRRN1;OXTR;PDZRN3;PPP4R2;RAD18;SHQ1;SRGAP3;SSUH2;SUMF1;TRNT1
Lathamus_discolor|GCF_037157495.1|ITPR2.0	GCF_037157495.1	Lathamus discolor	Aves	Psittaciformes	ITPR2	0	found_annotated	informative10	20	15	10	20	20	1	ARFGAP3;BHLHE41;BMAL2;DNAI7;ETFRF1;FGFR1OP2;GYS2;INTS13;IRAG2;KRAS;LMNTD1;MED21;PACSIN2;PPFIBP1;RASSF8;REP15;SPX;SSPN;STK38L;TM7SF3
Lathamus_discolor|GCF_037157495.1|ITPR3.0	GCF_037157495.1	Lathamus discolor	Aves	Psittaciformes	ITPR3	0	found_annotated	informative10	20	14	12	20	20	1	APOBEC2;BAK1;FOXP4;FRS3;GRM4;HMGA1;ILRUN;IP6K3;LEMD2;MDFI;NFYA;NUDT3;OARD1;PACSIN1;PRICKLE4;RPS10;SMIM29;SPDEF;TFEB;TSPO2
Lathamus_discolor|GCF_037157495.1|RYR.0	GCF_037157495.1	Lathamus discolor	Aves	Psittaciformes	RYR	0	found_annotated	informative10	20	12	10	20	20	1	ACTN2;CHRM3;EDARADD;ERO1B;EXO1;FMN2;GNG4;GPR137B;GREM2;HEATR1;LGALS8;LYST;MAP1LC3C;MTR;NID1;OPN3;PIGM;PLD5;RGS7;WDR64
Lathamus_discolor|GCF_037157495.1|RYR.1	GCF_037157495.1	Lathamus discolor	Aves	Psittaciformes	RYR	1	found_annotated	informative10	20	11	11	20	20	0	ARHGAP11A;AVEN;BMF;CDIN1;CHRM5;DPH6;EIF2AK4;EMC7;FAM98B;FMN1;FSIP1;GPR176;GREM1;KATNBL1;MEIS2;RASGRP1;SCG5;SPRED1;SRP14;THBS1
Latimeria_chalumnae|GCF_037176945.1|ITPR1.0	GCF_037176945.1	Latimeria chalumnae	Coelacanthimorpha	Coelacanthiformes	ITPR1	0	found_annotated	informative10	20	16	20	20	20	1	ARL8BB;AVPR2B.1;BHLHE40;CAV3;CAV4A;CCDC71;CHL1B;CRBN;EDEM1;GXYLT2;LMCD1;LRRN1;PDZRN3B;RAD18;SETMAR;SHQ1;SRGAP3;SUMF1;THUMPD3;TRNT1
Latimeria_chalumnae|GCF_037176945.1|ITPR2.0	GCF_037176945.1	Latimeria chalumnae	Coelacanthimorpha	Coelacanthiformes	ITPR2	0	found_annotated	informative10	20	17	11	20	20	1	BCAT1;BHLHE41;CRADD;DNAI7;EEA1;ETNK1;FAM107B;FRMD4A;INTS13;MRPL42;NUDT4A;PLEKHG7;PRPF18;RASSF8B;SLC5A8;SOCS2;SOX5;SSPN;UBE2NA;UTP20
Latimeria_chalumnae|GCF_037176945.1|ITPR3.0	GCF_037176945.1	Latimeria chalumnae	Coelacanthimorpha	Coelacanthiformes	ITPR3	0	found_annotated	informative10	19	35	21	19	19	1	ADIPOR1A;BRPF3B;CFAP276;ELF3;GPR25;IGFN1.3;INAVA;KLHL12;LAD1;LMOD1B;OARD1;PIM1;RNPEP;SMIM29;TIMM17A;TMEM167B;TNNT2A;TSPO;UBE2T
Latimeria_chalumnae|GCF_037176945.1|RYR.0	GCF_037176945.1	Latimeria chalumnae	Coelacanthimorpha	Coelacanthiformes	RYR	0	found_annotated	informative10	20	21	23	20	20	1	B3GNT2L;C29H19ORF47;CBR1L;COQ8B;DMAC2;DPF1;ECH1;EIF3K;MRPS12;NCCRP1;NFKBIB;NOP53;NUMBL;PAK4;PRSS16;SARS2;SHKBP1;SIPA1L3;SPRED3;TTC9B
Latimeria_chalumnae|GCF_037176945.1|RYR.1	GCF_037176945.1	Latimeria chalumnae	Coelacanthimorpha	Coelacanthiformes	RYR	1	found_annotated	informative10	20	16	21	20	20	0	ADPGK2;BIRC6;CDC42EP3;CRIM1;FAM98A;FH;FMN2B;GREM2B;HEATR1;LTBP1;MERTKA;MTR;NANP;OPN3;POLR1B;RASGRP3;RIOX1;TMEM87B;TTC27;TTL
Latimeria_chalumnae|GCF_037176945.1|RYR.2	GCF_037176945.1	Latimeria chalumnae	Coelacanthimorpha	Coelacanthiformes	RYR	2	found_annotated	informative10	20	17	18	20	20	0	AQR;ATP6V1D;AVEN;CDIN1;CHRM5A;DPH6;EMC7B;FAM98B;FNTB;FOXG1A;GJD2B;LTK;MAX;MEIS2A;PIGH;PLEK2;PLEKHH1;PRKD1;SPRED1;STXBP6
Macrotis_lagotis|GCF_037893015.1|ITPR1.0	GCF_037893015.1	Macrotis lagotis	Mammalia	Peramelemorphia	ITPR1	0	found_annotated	informative10	20	13	13	20	20	1	ARL8B;BHLHE40;CAV3;CHL1;CNTN3;CRBN;EDEM1;GRM7;GXYLT2;IL5RA;LMCD1;LRRN1;OXTR;PDZRN3;PPP4R2;RAD18;SRGAP3;SSUH2;SUMF1;TRNT1
Macrotis_lagotis|GCF_037893015.1|ITPR2.0	GCF_037893015.1	Macrotis lagotis	Mammalia	Peramelemorphia	ITPR2	0	found_annotated	informative10	20	10	11	20	20	1	BCAT1;BMAL2;DNAI7;ELP5;ETFRF1;FGFR1OP2;INTS13;IRAG2;KRAS;LMNTD1;MED21;PFKFB3;PRKCQ;RASSF8;RBM17;SFMBT2;SOX5;SSPN;STK38L;TM7SF3
Macrotis_lagotis|GCF_037893015.1|ITPR3.0	GCF_037893015.1	Macrotis lagotis	Mammalia	Peramelemorphia	ITPR3	0	found_annotated	informative10	20	11	11	20	19	1	BAK1;CUTA;DAXX;GRM4;HMGA1;ILRUN;KIFC1;LEMD2;MLN;NUDT3;PACSIN1;PHF1;RGL2;RPS10;SMIM29;SMIM40;SPDEF;SYNGAP1;TAPBP;ZBTB9
Macrotis_lagotis|GCF_037893015.1|RYR.0	GCF_037893015.1	Macrotis lagotis	Mammalia	Peramelemorphia	RYR	0	found_annotated	informative10	20	13	11	20	20	1	ACTN2;CHRM3;EDARADD;ERO1B;EXO1;FH;FMN2;GNG4;GPR137B;GREM2;HEATR1;KMO;LGALS8;LYST;MTR;NID1;OPN3;RGS7;WDR64;ZP4
Macrotis_lagotis|GCF_037893015.1|RYR.1	GCF_037893015.1	Macrotis lagotis	Mammalia	Peramelemorphia	RYR	1	found_annotated	informative10	20	10	12	20	19	0	ACTN4;CAPN12;DPF1;ECH1;EIF3K;FAM98C;GGN;HNRNPL;KCNK6;LGALS4;LGALS7;MAP4K1;PPP1R14A;PSMD8;RASGRP4;RINL;SIRT2;SPINT2;SPRED3;YIF1B
Macrotis_lagotis|GCF_037893015.1|RYR.2	GCF_037893015.1	Macrotis lagotis	Mammalia	Peramelemorphia	RYR	2	found_annotated	informative10	20	47	15	20	19	0	ACTC1;AQR;ARHGAP11A;AVEN;CDIN1;CHRM5;DPH6;EMC4;EMC7;GJD2;GREM1;KATNBL1;LPCAT4;MEIS2;NOP10;NUTM1;OR4K13;SCG5;SLC12A6;ZNF770
Chaetodon_trifascialis|GCF_039877785.1|ITPR1.0	GCF_039877785.1	Chaetodon trifascialis	Actinopteri	Chaetodontiformes	ITPR1	0	found_annotated	informative10	20	15	24	20	20	1	ATF1;ATF7B;CDK4;DIP2B;DTX3L;ESPL1;ESYT1B;FAIM2B;LARP4A;METTL1;PFDN5;PFKM;RARG;SCN8A;SLC4A8;SMUG1;SUMF1;TTLL3;ZC3H10;ZNF740A
Chaetodon_trifascialis|GCF_039877785.1|ITPR1.1	GCF_039877785.1	Chaetodon trifascialis	Actinopteri	Chaetodontiformes	ITPR1	1	found_annotated	informative10	20	11	13	20	20	0	ARL6IP5A;ARL8B;AVPR2B;BHLHE40;CCDC120B;COMT;EEVS;FOXP1B;FRMD4B;GRM6B;LRRN1;MBD1B;MDFIC2;MITF;MON1A;MST1R;SEMA3F;SETMAR;TRAIP;TRNT1
Chaetodon_trifascialis|GCF_039877785.1|ITPR2.0	GCF_039877785.1	Chaetodon trifascialis	Actinopteri	Chaetodontiformes	ITPR2	0	found_annotated	informative10	20	21	12	20	20	1	ARMC10;BANP;BHLHE41;BMAL2;C1QTNF13;EEA1;ENDOUC;ERGIC2;FBXO31;KRAS;KXD1;MAGI2B;NR1H4;NUDT4A;PLEKHG7;PPFIBP1B;SLC17A8;SSPN;UBE2N;ZNF469
Chaetodon_trifascialis|GCF_039877785.1|ITPR3.0	GCF_039877785.1	Chaetodon trifascialis	Actinopteri	Chaetodontiformes	ITPR3	0	found_annotated	informative10	19	15	14	19	19	1	ABT1;BCAP31;CCDC135;CDK16;EDEM2;GPR37L1B;GRIPAP1;HM13;KCND1;MRGBP;OTUD5A;PIM2;PLXNA3;PTPN18;RAD51C;SLC35A2;SLC6A8;SNX21;SULF2B
Chaetodon_trifascialis|GCF_039877785.1|RYR.0	GCF_039877785.1	Chaetodon trifascialis	Actinopteri	Chaetodontiformes	RYR	0	found_annotated	informative10	20	11	22	20	20	1	ACBD4;ADOA;BMS1;CABCOCO1;CHRM3B;CYP26A1;EGR2B;EXOC6;FASN;FMN2B;HHEX;IPMK;JMJD1C;MTR;NAGLU;NRBF2B;RAB3GAP1;REEP3B;TFAM;UBE2D1B
Chaetodon_trifascialis|GCF_039877785.1|RYR.1	GCF_039877785.1	Chaetodon trifascialis	Actinopteri	Chaetodontiformes	RYR	1	found_annotated	informative10	20	11	23	20	20	0	B3GNT2L;BCKDH;BICR;CALN1;CLDNJ;EML2;EXOSC5;GALNT17;GPR4;HNRNPUL1;NAPA;OPA3;PPP1R13L;PPP5C;RASGRP4;RHBDD1;SBDS;TGFB1A;TMEM91;TYW1
Chaetodon_trifascialis|GCF_039877785.1|RYR.2	GCF_039877785.1	Chaetodon trifascialis	Actinopteri	Chaetodontiformes	RYR	2	found_annotated	informative10	20	12	20	20	20	0	ARHGAP31;B4GALT4;BRD8A;CASR;CXXC5A;DNAJC18;GABRR3A;GNG8;GSX1;LIPI;MAP7D2A;NFRK;NRG2A;PDHA1A;PHLDB2A;PPP3C;PURA;SLC22A6L;SMS;TMEM45B
Chaetodon_trifascialis|GCF_039877785.1|RYR.3	GCF_039877785.1	Chaetodon trifascialis	Actinopteri	Chaetodontiformes	RYR	3	found_annotated	informative10	20	14	27	20	20	0	ACP7;ADSS1;AREL1;ARHGAP11A;BMF1;CHRM5A;CRIM1;DNAJC17;EIF2AK4;EXD1;FCF1;FSIP1;GCHFR;GPX2;GREM1B;INF2;LIN52;POMT2;SIVA1;VSX2
Chaetodon_trifascialis|GCF_039877785.1|RYR.4	GCF_039877785.1	Chaetodon trifascialis	Actinopteri	Chaetodontiformes	RYR	4	found_annotated	informative10	20	12	12	20	20	0	ABRACL;ACTC1A;CHRM5B;CLU;EMC7B;FMN1;FNTB;GPR176;GREM1A;HECA;KATNBL1;MAX;MTIF3;REPS1;SCARA3;SCG5;SLC10A1;SRSF5B;SUSD6;THBS1B
Chaetodon_trifascialis|GCF_039877785.1|RYR.5	GCF_039877785.1	Chaetodon trifascialis	Actinopteri	Chaetodontiformes	RYR	5	found_annotated	informative10	20	18	14	20	20	0	ACTN2B;BORA;CCSER2A;CHRM3A;DACHC;DIS3;DNAJC9;ECD;FAM149B1;FMN2A;GRID1A;KLF5A;MZT1;NDNFL;P4HA1B;PHACTR2;PIBF1;RGS7A;UBAC2;WAPL
Antennarius_striatus|GCF_040054535.1|ITPR1.0	GCF_040054535.1	Antennarius striatus	Actinopteri	Lophiiformes	ITPR1	0	found_annotated	informative10	20	23	19	20	20	1	CALCOCO1B;CDK4;CHCHD6B;DLGAP4B;ESYT1B;FAIM2B;METTL1;MINAR1;MSX1A;MYL9B;PLXNA1B;RARG;SLC4A8;SMUG1;SUMF1;TPRA1;TRIM107;TTLL3;ZC3H10;ZNF740A
Antennarius_striatus|GCF_040054535.1|ITPR1.1	GCF_040054535.1	Antennarius striatus	Actinopteri	Lophiiformes	ITPR1	1	found_annotated	informative10	20	14	11	20	20	0	ARL6IP5A;ARL8B;AVPR2B;BHLHE40;CCDC120B;COMT;EEVS;FOXP1B;FRMD4B;GRM6B;LRRN1;MBD1B;MDFIC2;MITF;MON1A;MST1R;SEMA3F;SETMAR;TRAIP;TRNT1
Antennarius_striatus|GCF_040054535.1|ITPR2.0	GCF_040054535.1	Antennarius striatus	Actinopteri	Lophiiformes	ITPR2	0	found_annotated	informative10	20	11	12	20	20	1	BANP;BHLHE41;BMAL2;C1QTNF13;CES2B;EEA1;ENDOUC;FANCI;FBXO31;GDPGP1;KRAS;NR1H4;NUDT4A;PLEKHG7;POLG;POLR3B;PPFIBP1B;RHCG;SLC17A8;SSPN
Antennarius_striatus|GCF_040054535.1|ITPR3.0	GCF_040054535.1	Antennarius striatus	Actinopteri	Lophiiformes	ITPR3	0	found_annotated	informative10	20	14	27	20	20	1	ATP6AP1A;BCAP31;CCDC135;CD34;EDEM2;GPR37L1B;GRIPAP1;HM13;KCND1;NDNL2;OTUD5A;PIM2;PLXNA3;PTPN18;RFC2;SLC35A2;SLC6A8;SNX21;TAFAZZIN;USP11
Antennarius_striatus|GCF_040054535.1|RYR.0	GCF_040054535.1	Antennarius striatus	Actinopteri	Lophiiformes	RYR	0	found_annotated	informative10	20	12	17	20	20	1	ADGRA1A;BMS1;CHRM3B;CYP26A1;EGR2B;EXOC6;FMN2B;FOXK2A;HHEX;IPMK;JMJD1C;LRRC45;MTR;NAGLU;NRBF2B;RAB3GAP1;REEP3B;SHISA6;TFAM;WDR45B
Antennarius_striatus|GCF_040054535.1|RYR.1	GCF_040054535.1	Antennarius striatus	Actinopteri	Lophiiformes	RYR	1	found_annotated	informative10	20	24	11	20	20	0	B3GNT2L;BCKDH;CALN1;CLDNE;CLDNJ;EML2;EXOSC5;GALNT17;HNRNPUL1;NAPA;NUP88;OPA3;PPP1R13L;PPP5C;RASGRP4;RHBDD1;SBDS;TGFB1A;TMEM91;TYW1
Antennarius_striatus|GCF_040054535.1|RYR.2	GCF_040054535.1	Antennarius striatus	Actinopteri	Lophiiformes	RYR	2	found_annotated	informative10	20	12	18	20	20	0	CXXC5A;DNAJC18;FGFR4;GABRR3A;GNG8;KCNJ15;LIPI;NFRK;NRG2A;PHLDB2A;PPP3C;PURA;PYGM;SLC22A6L;SMG8;SMS;TMEM45B;TTC3;VPS26C;ZNF346
Antennarius_striatus|GCF_040054535.1|RYR.3	GCF_040054535.1	Antennarius striatus	Actinopteri	Lophiiformes	RYR	3	found_annotated	informative10	20	15	27	20	20	0	ACP7;ADSS1;AREL1;ARHGAP11A;CHRM5A;CRIM1;DNAJC17;EIF2AK4;EXD1;FCF1;FSIP1;GCHFR;GPX2;GREM1B;INF2;LIN52;POMT2;SIVA1;VSX2;ZBTB42
Antennarius_striatus|GCF_040054535.1|RYR.4	GCF_040054535.1	Antennarius striatus	Actinopteri	Lophiiformes	RYR	4	found_annotated	informative10	20	12	13	20	20	0	ABRACL;ACOT20;ACTC1A;CHRM5B;CLU;EMC7B;FMN1;GPR176;GREM1A;HECA;KATNBL1;MAX;MTIF3;REPS1;SCARA3;SCG5;SLC10A1;SRSF5B;SUSD6;THBS1B
Antennarius_striatus|GCF_040054535.1|RYR.5	GCF_040054535.1	Antennarius striatus	Actinopteri	Lophiiformes	RYR	5	found_annotated	informative10	20	11	18	20	20	0	ACTN2B;BORA;CCSER2A;CHRM3A;DACHC;DIS3;DNAJC9;ECD;FAM149B1;FMN2A;GREM2A;GRID1A;MZT1;NDNFL;P4HA1B;PIBF1;RGS7A;SPARCL2;UBAC2;WAPL
Struthio_camelus|GCF_040807025.1|ITPR1.0	GCF_040807025.1	Struthio camelus	Aves	Struthioniformes	ITPR1	0	found_annotated	informative10	20	12	14	20	20	1	ARL8B;BHLHE40;CAV3;CHL1;CNTN6;CRBN;EDEM1;GRM7;GXYLT2;IL5RA;LMCD1;LRRN1;OXTR;PDZRN3;PPP4R2;RAD18;SRGAP3;SUMF1;THUMPD3;TRNT1
Struthio_camelus|GCF_040807025.1|ITPR2.0	GCF_040807025.1	Struthio camelus	Aves	Struthioniformes	ITPR2	0	found_annotated	informative10	20	10	10	20	20	1	BHLHE41;BMAL2;CYB5R3;DAG1;DNAI7;FGFR1OP2;GYS2;INTS13;IRAG2;KRAS;LDHB;LMNTD1;MED21;PPFIBP1;RASSF8;REP15;SPX;SSPN;STK38L;TM7SF3
Struthio_camelus|GCF_040807025.1|ITPR3.0	GCF_040807025.1	Struthio camelus	Aves	Struthioniformes	ITPR3	0	found_annotated	informative10	20	11	14	20	20	1	APOBEC2;BAK1;BLTP3A;FOXP4;FRS3;GRM4;HMGA1;ILRUN;MDFI;MLN;NFYA;OARD1;PACSIN1;PGC;RPS10;SNRPC;SPDEF;TAF11;TFEB;TSPO2
Struthio_camelus|GCF_040807025.1|RYR.0	GCF_040807025.1	Struthio camelus	Aves	Struthioniformes	RYR	0	found_annotated	informative10	20	24	14	20	20	1	ACTN2;CHRM3;EDARADD;ERO1B;EXO1;FMN2;GPR137B;GREM2;HEATR1;LGALS8;MAP1LC3C;MTR;NID1;OPN3;PIGM;PLD5;RGS7;TTLL2;UNC93A;WDR64
Struthio_camelus|GCF_040807025.1|RYR.1	GCF_040807025.1	Struthio camelus	Aves	Struthioniformes	RYR	1	found_annotated	informative10	20	12	13	20	20	0	ACTN4;BICRA;BLOC1S3;CATSPERG;CCDC61;ECH1;EHD2;EIF3K;HNRNPL;KPTN;MAP4K1;NAPA;NKPD1;NOVA2;PPP1R37;PSMD8;RASGRP4;SLC8A2;SPRED3;ZNF541
Struthio_camelus|GCF_040807025.1|RYR.2	GCF_040807025.1	Struthio camelus	Aves	Struthioniformes	RYR	2	found_annotated	informative10	20	11	10	20	20	0	ARHGAP11A;AVEN;BMF;CDIN1;CHRM5;DPH6;EIF2AK4;EMC7;FAM98B;FMN1;FSIP1;GPR176;GREM1;KATNBL1;MEIS2;RASGRP1;SCG5;SPRED1;SRP14;THBS1
Lepisosteus_oculatus|GCF_040954835.1|ITPR1.0	GCF_040954835.1	Lepisosteus oculatus	Actinopteri	Semionotiformes	ITPR1	0	found_annotated	informative10	20	13	12	20	20	1	ARL8B;AVPR2B;BHLHE40;CCDC174;CRBN;EDEM1;GHRL;GNAT1;INKA1;LRRN1;MON1A;MST1R;RBM6;SETMAR;SUMF1;TATDN2;TRAIP;TRNT1;UBA7;VHL
Lepisosteus_oculatus|GCF_040954835.1|ITPR2.0	GCF_040954835.1	Lepisosteus oculatus	Actinopteri	Semionotiformes	ITPR2	0	found_annotated	informative10	20	12	13	20	20	1	BCAT1;BHLHE41;BTBD11B;C1QTNF13;CRY1B;DNAI7;EEA1;ETNK1;INTS13;KRAS;LRMP;LYRM5B;MRPL42;MTERF2;NUDT4A;PLEKHG7;PWP1;RASSF8B;SOX5;SSPN
Lepisosteus_oculatus|GCF_040954835.1|ITPR3.0	GCF_040954835.1	Lepisosteus oculatus	Actinopteri	Semionotiformes	ITPR3	0	found_annotated	informative10	20	21	21	20	20	1	AMIGO1;AMPD2B;APOBEC2A;ARL8A;C5H6ORF89;CDKN1A;CELSR2;CYB561D1;ELF3;FKBP5;GNAI3;GNAT2;GPR61;MLNL;OARD1;PPIL1;PTH4;SARS1;SLC6A11A;SYPL2A
Lepisosteus_oculatus|GCF_040954835.1|RYR.0	GCF_040954835.1	Lepisosteus oculatus	Actinopteri	Semionotiformes	RYR	0	found_annotated	informative10	20	14	11	20	20	1	ARG1;BIRC6;CDC42EP3;CYP1B1;EDARADD;EXO1;FH;FMN2B;GREM2B;HEATR1;HYLS1;KMO;MRPL4;MTR;NANP;OPN3;POLR1B;TTC27;TTL;YIPF4
Lepisosteus_oculatus|GCF_040954835.1|RYR.1	GCF_040954835.1	Lepisosteus oculatus	Actinopteri	Semionotiformes	RYR	1	found_annotated	informative10	20	16	15	20	20	0	ACTN4;B3GNT2L;BCKDH;DMAC2;ECH1;EIF3K;EXOSC5;KPTN;MEIS3;OPA3;PPP1R13L;PRSS16;RASGRP4;RINL;RSPH4A;SIRT2;SRSF7A;SYMPK;TMEM91;ZBED4L2
Lepisosteus_oculatus|GCF_040954835.1|RYR.2	GCF_040954835.1	Lepisosteus oculatus	Actinopteri	Semionotiformes	RYR	2	found_annotated	informative10	20	11	14	20	20	0	ACOT20;ACP7;ACTC1A;ADGRG11;AVEN;BMF2;CHRM5B;EIF2AK4;EMC7B;FMN1;FSIP1;GPR176;GREM1A;KATNBL1;KNL1;KNSTRN;RAD51;SCG5;SUSD6;THBS1B
Aphelocoma_coerulescens|GCF_041296385.2|ITPR1.0	GCF_041296385.2	Aphelocoma coerulescens	Aves	Passeriformes	ITPR1	0	found_annotated	informative10	20	13	11	20	20	1	ARL8B;CAV3;CHL1;CNTN6;CRBN;EDEM1;GRM7;GXYLT2;IL5RA;IRAK2;LMCD1;LRRN1;OXTR;PDZRN3;PPP4R2;RAD18;SRGAP3;SUMF1;THUMPD3;TRNT1
Aphelocoma_coerulescens|GCF_041296385.2|ITPR2.0	GCF_041296385.2	Aphelocoma coerulescens	Aves	Passeriformes	ITPR2	0	found_annotated	informative10	20	15	11	20	20	1	A4GALT;ARFGAP3;BHLHE41;BMAL2;CYB5R3;DYRK4;ETFRF1;FERRY3;FGFR1OP2;INTS13;KRAS;MED21;PPFIBP1;RAD51AP1;RASSF8;REP15;SSPN;STK38L;TIGAR;TM7SF3
Aphelocoma_coerulescens|GCF_041296385.2|ITPR3.0	GCF_041296385.2	Aphelocoma coerulescens	Aves	Passeriformes	ITPR3	0	found_annotated	informative10	20	11	16	20	20	1	APOBEC2;BAK1;FOXP4;FRS3;GRM4;HMGA1;IP6K3;LEMD2;MDFI;MLN;NFYA;NUDT3;OARD1;PACSIN1;PRICKLE4;RPS10;SMIM29;TFEB;TOMM6;UQCC2
Aphelocoma_coerulescens|GCF_041296385.2|RYR.0	GCF_041296385.2	Aphelocoma coerulescens	Aves	Passeriformes	RYR	0	found_annotated	informative10	20	11	10	20	20	1	ACTN2;CHRM3;EDARADD;ERO1B;EXO1;FMN2;GNG4;GPR137B;GREM2;HEATR1;LGALS8;LYST;MAP1LC3C;MTR;NID1;OPN3;PIGM;PPIL4;RGS7;WDR64
Aphelocoma_coerulescens|GCF_041296385.2|RYR.1	GCF_041296385.2	Aphelocoma coerulescens	Aves	Passeriformes	RYR	1	found_annotated	informative10	20	22	10	20	20	0	ACTN4;BICRA;CCDC9;CLASRP;ECH1;EIF3K;ERCC2;HNRNPL;KPTN;LGALS4;NAPA;NKPD1;PLD3;PPP1R14A;PPP1R37;PSMD8;RELB;SLC8A2;SPINT2;YIF1B
Aphelocoma_coerulescens|GCF_041296385.2|RYR.2	GCF_041296385.2	Aphelocoma coerulescens	Aves	Passeriformes	RYR	2	found_annotated	informative10	20	11	14	20	20	0	ARHGAP11A;AVEN;BMF;CDIN1;CHRM5;DPH6;EIF2AK4;EMC7;FAM98B;FSIP1;GPR176;GREM1;KATNBL1;MEIS2;RASGRP1;SCG5;SPRED1;SRP14;THBS1;ZNF770
Electrophorus_electricus|GCF_041902795.1|ITPR1.0	GCF_041902795.1	Electrophorus electricus	Actinopteri	Gymnotiformes	ITPR1	0	found_annotated	informative10	20	10	12	20	20	1	C1QL4B;CCDC174;COL7A1;EFCAB12;ENDOU;ESPL1;GHRL;IP6K2B;ITGB7;MYL6;PFDN5;PFKFB4B;PFKM;SEC61A1A;SLC4A8;SMARCC2;SUMF1;TSFM;TTLL3;UROC1
Electrophorus_electricus|GCF_041902795.1|ITPR1.1	GCF_041902795.1	Electrophorus electricus	Actinopteri	Gymnotiformes	ITPR1	1	found_annotated	informative10	20	12	11	20	20	0	ARL8B;BHLHE40;BRK1;CAMKV;CAV4A;CPNE5B;GPX1A;GRM2B;KIF21B;LHFPL5A;MON1A;MST1R;NFYA;PSMA5;RRP9;SEMA3F;SETMAR;SORT1A;TEX264B;TRAIP
Electrophorus_electricus|GCF_041902795.1|ITPR2.0	GCF_041902795.1	Electrophorus electricus	Actinopteri	Gymnotiformes	ITPR2	0	found_annotated	informative10	20	10	10	20	20	1	ALX1;BHLHE41;BMAL2;C1QTNF13;CHS2;CTSD;EEA1;EIF4G2B;ENDOUC;LRRIQ1;MGAT4C;NR1H4;NTS;PLEKHG7;PPFIBP1B;RASSF9;SLC17A8;SLC6A15;SSPN;UBE2N
Electrophorus_electricus|GCF_041902795.1|ITPR3.0	GCF_041902795.1	Electrophorus electricus	Actinopteri	Gymnotiformes	ITPR3	0	found_annotated	informative10	20	10	11	20	20	1	ALAS2;CACNA1S;COL2A1A;CPT2;CRY3A;EFHD2;ELA2;ELA2L;FHAD1;GLS2A;GPR37L1B;MAGOH;PORCN;PPP1R3F;SPRYD4;SUV39H1B;TAF10;TMCO1;TMEM9;UCK2A
Electrophorus_electricus|GCF_041902795.1|RYR.0	GCF_041902795.1	Electrophorus electricus	Actinopteri	Gymnotiformes	RYR	0	found_annotated	informative10	17	13	9	17	17	1	ADAMTS14;CHRM3B;CYP4F3;DYDC2;FH;FMN2B;GREM2B;HHEX;LZTS2B;MTR;PDZD7B;POLR3A;RGS7B;SELENOU1B;STAR2;SYDE1;TBAT
Electrophorus_electricus|GCF_041902795.1|RYR.1	GCF_041902795.1	Electrophorus electricus	Actinopteri	Gymnotiformes	RYR	1	found_annotated	informative10	20	14	10	20	20	0	C6H11ORF58;CELF6;CH25HL1;COX5A;DHDH;HCN4;KTI12;NPTN;PARP6A;PIK3C2A;PKMA;PLEKHA7A;PSTPIP1A;RCN2;REC114;RPP25B;SEC11A;TSPAN3A;UGT5F1;ZNF592
Electrophorus_electricus|GCF_041902795.1|RYR.2	GCF_041902795.1	Electrophorus electricus	Actinopteri	Gymnotiformes	RYR	2	found_annotated	informative10	20	12	14	20	20	0	ADGRG4B;ARR3A;C2CD2;F9B;FGF13B;FHL1B;HNRNPD;HTATSF1;IL2RG;LAGE3;MAT2AL;MCF2B;MDH2;PRDM15;SKA2;SLC9A6B;STC1L;WDR45;ZCCHC9;ZNRD2
Electrophorus_electricus|GCF_041902795.1|RYR.3	GCF_041902795.1	Electrophorus electricus	Actinopteri	Gymnotiformes	RYR	3	found_annotated	informative10	20	13	12	20	20	0	ACP7;ACTC1B;ADSS1;ANKRD9;ARHGAP11A;BMF1;CHRM5A;DNAJC17;EHD4;EIF2AK4;EMC7A;FSIP1;GCHFR;GREM1B;RCOR1;SIVA1;TECPR2;THBS1A;TRAF3;ZBTB42
Electrophorus_electricus|GCF_041902795.1|RYR.4	GCF_041902795.1	Electrophorus electricus	Actinopteri	Gymnotiformes	RYR	4	found_annotated	informative10	20	12	10	20	20	0	ACTC1A;ADAM17B;AVEN;CHRM5B;CPSF3;EMC7B;EXOC2;FMN1;FOXC1B;FOXF2B;FOXQ1B;GREM1A;IRF4B;KATNBL1;KLF11A;RRM2;SCG5;TAF1B;THBS1B;YWHAQ
Aquarana_catesbeiana|GCF_042186555.1|ITPR1.0	GCF_042186555.1	Aquarana catesbeiana	Amphibia	Anura	ITPR1	0	assembly_gap	informative10	8	7	60	8	8	1	CRBN;FBLN2;GRM7;IL5RA;LMCD1;LRRN1;SUMF1;TRNT1
Aquarana_catesbeiana|GCF_042186555.1|ITPR1.1	GCF_042186555.1	Aquarana catesbeiana	Amphibia	Anura	ITPR1	1	assembly_gap	informative10	9	6	60	9	9	0	ARL8B;BHLHE40;CRBN;GRM7;IL5RA;LMCD1;LRRN1;SUMF1;TRNT1
Aquarana_catesbeiana|GCF_042186555.1|ITPR2.0	GCF_042186555.1	Aquarana catesbeiana	Amphibia	Anura	ITPR2	0	found_annotated	informative10	20	12	25	20	20	1	AGBL3;BHLHE41;BMAL2;CNOT4;CYREN;FGFR1OP2;INTS13;LMNTD1;MED21;NUP205;PKP2;PPFIBP1;RASSF8;REP15;SSPN;STK38L;SYT10;TM7SF3;TMEM140;WDR91
Aquarana_catesbeiana|GCF_042186555.1|ITPR3.0	GCF_042186555.1	Aquarana catesbeiana	Amphibia	Anura	ITPR3	0	found_annotated	informative10	20	12	11	20	20	1	AATF;ACACA;ANKS1A;APOBEC2;BAK1;CYB5R1;FANCE;GRM4;HMGA1;HNF1B;LEMD2;LG02H3ORF52;LHX1;MLN;NUDT3;PPARD;RPS10;SMIM29;SYNRG;TADA2A
Aquarana_catesbeiana|GCF_042186555.1|RYR.0	GCF_042186555.1	Aquarana catesbeiana	Amphibia	Anura	RYR	0	found_annotated	informative10	20	14	17	20	20	1	ACTN4;ALKBH6;BICRA;CCER2;CLIP3;ECH1;EHD2;EIF3K;FAM98C;HNRNPL;KPTN;MEIS3;MRPS12;NAPA;NOP53;PSMD8;RASGRP4;SARS2;SLC8A2;TSPAN15
Aquarana_catesbeiana|GCF_042186555.1|RYR.1	GCF_042186555.1	Aquarana catesbeiana	Amphibia	Anura	RYR	1	found_annotated	informative10	20	11	10	20	20	0	ARHGAP11A;CCDC177;CDIN1;CHRM5;DCAF5;DPH6;ERH;EXD2;FAM98B;FMN1;GALNT16;GPR176;GREM1;MEIS2;PLEKHD1;RASGRP1;SCG5;SLC39A9;SPRED1;SUSD6
Pempheris_klunzingeri|GCF_042242105.1|ITPR1.0	GCF_042242105.1	Pempheris klunzingeri	Actinopteri	Acropomatiformes	ITPR1	0	found_annotated	informative10	20	25	14	20	20	1	ATF1;ATF7B;CALCOCO1B;CDK4;CYP27B1;DIP2B;ESPL1;ESYT1B;FAIM2B;LARP4A;METTL1;PFDN5;PFKM;SCN8A;SLC4A8;SMUG1;SUMF1;TTLL3;ZC3H10;ZNF740A
Pempheris_klunzingeri|GCF_042242105.1|ITPR1.1	GCF_042242105.1	Pempheris klunzingeri	Actinopteri	Acropomatiformes	ITPR1	1	found_annotated	informative10	10	12	2	10	10	0	ARL6IP5A;AVPR2B;EEVS;FOXP1B;FRMD4B;GPR27;LRRN1;MITF;SETMAR;TRNT1
Pempheris_klunzingeri|GCF_042242105.1|ITPR2.0	GCF_042242105.1	Pempheris klunzingeri	Actinopteri	Acropomatiformes	ITPR2	0	found_annotated	informative10	20	12	12	20	20	1	BANP;BHLHE41;BMAL2;C1QTNF13;CES2B;EEA1;ENDOUC;FANCI;FBXO31;KRAS;NR1H4;NUDT4A;PLEKHG7;POLG;PPFIBP1B;RHCG;SLC17A8;SSPN;UBE2N;ZNF469
Pempheris_klunzingeri|GCF_042242105.1|ITPR3.0	GCF_042242105.1	Pempheris klunzingeri	Actinopteri	Acropomatiformes	ITPR3	0	found_annotated	informative10	20	21	14	20	20	1	ARL8A;ASXL1;BCAP31;CCDC135;DEDD;EDEM2;EFHD2;GPR37L1B;GRIPAP1;HM13;KCND1;MFN2;MRGBP;MYT1A;OTUD5A;PIM2;PTPN18;SLC35A2;SLC6A8;SNX21
Pempheris_klunzingeri|GCF_042242105.1|RYR.0	GCF_042242105.1	Pempheris klunzingeri	Actinopteri	Acropomatiformes	RYR	0	found_annotated	informative10	20	22	11	20	20	1	ACBD4;ADGRA1A;ADOA;BMS1;CABCOCO1;CHRM3B;CYP26A1;EGR2B;EXOC6;FMN2B;GALK1;HHEX;JMJD1C;LLGL2;MTR;MYO15B;NRBF2B;REEP3B;TMEM26B;TMEM94
Pempheris_klunzingeri|GCF_042242105.1|RYR.1	GCF_042242105.1	Pempheris klunzingeri	Actinopteri	Acropomatiformes	RYR	1	found_annotated	informative10	20	26	10	20	20	0	B3GNT2L;BCKDH;BICR;CLDNF;CLDNJ;EML2;EXOSC5;GALNT17;GIPR;HNRNPUL1;NAPA;OPA3;PPP1R13L;PPP5C;RASGRP4;RHBDD1;SBDS;TGFB1A;TMEM91;TYW1
Pempheris_klunzingeri|GCF_042242105.1|RYR.2	GCF_042242105.1	Pempheris klunzingeri	Actinopteri	Acropomatiformes	RYR	2	found_annotated	informative10	20	21	11	20	20	0	ARHGAP31;BRD8A;CXXC5A;DNAJC18;GABRR3A;GNG8;GSX1;LIPI;MAP7D2A;NFRK;NRG2A;PDHA1A;PHLDB2A;PPP3C;PRDX4;PURA;SLC22A6L;SMS;TMEM45B;WASF3A
Pempheris_klunzingeri|GCF_042242105.1|RYR.3	GCF_042242105.1	Pempheris klunzingeri	Actinopteri	Acropomatiformes	RYR	3	found_annotated	informative10	20	15	27	20	20	0	ACP7;ADSS1;AREL1;ARHGAP11A;CHRM5A;CRIM1;DNAJC17;EIF2AK4;EXD1;FCF1;FSIP1;GCHFR;GPX2;GREM1B;INF2;LIN52;POMT2;SIVA1;VSX2;ZBTB42
Pempheris_klunzingeri|GCF_042242105.1|RYR.4	GCF_042242105.1	Pempheris klunzingeri	Actinopteri	Acropomatiformes	RYR	4	found_annotated	informative10	20	10	12	20	20	0	ABRACL;ACOT20;ACTC1A;AVEN;CHRM5B;CLU;EMC7B;GPR176;GREM1A;HECA;KATNBL1;KNSTRN;MTIF3;REPS1;SCARA3;SCG5;SLC10A1;SRSF5B;SUSD6;THBS1B
Pempheris_klunzingeri|GCF_042242105.1|RYR.5	GCF_042242105.1	Pempheris klunzingeri	Actinopteri	Acropomatiformes	RYR	5	found_annotated	informative10	20	16	14	20	20	0	ACTN2B;ANK3A;BORA;CCSER2A;CHRM3A;DACHC;DIS3;ECD;FAM149B1;FMN2A;GREM2A;GRID1A;MZT1;NDNFL;P4HA1B;PHACTR2;RGS7A;SPARCL2;UBAC2;WAPL
Nothobranchius_furzeri|GCF_043380555.1|ITPR1.0	GCF_043380555.1	Nothobranchius furzeri	Actinopteri	Cyprinodontiformes	ITPR1	0	found_annotated	informative10	20	21	16	20	20	1	ATF1;ATF7B;C1QL4B;CALCOCO1B;CDK4;DIP2B;DTX3L;ESPL1;ESYT1B;FAIM2B;LARP4A;PFDN5;PFKM;RARG;SCN8A;SLC4A8;SMUG1;SUMF1;ZC3H10;ZNF740A
Nothobranchius_furzeri|GCF_043380555.1|ITPR1.1	GCF_043380555.1	Nothobranchius furzeri	Actinopteri	Cyprinodontiformes	ITPR1	1	found_annotated	informative10	20	13	35	20	19	0	ARL6IP5A;AVPR2B;BHLHE40;EEVS;FBLIM1;FBXO42;FOXP1B;FRMD4B;LRRN1;MDFIC2;MFAP2;MITF;MRPL20;NECAP2;PRKAR2A;SDHB;SETMAR;SLC25A20;SLC25A34;TRNT1
Nothobranchius_furzeri|GCF_043380555.1|ITPR2.0	GCF_043380555.1	Nothobranchius furzeri	Actinopteri	Cyprinodontiformes	ITPR2	0	found_annotated	informative10	20	10	11	20	20	1	BANP;BHLHE41;BMAL2;C1QTNF13;CES2B;EEA1;ENDOUC;FANCI;FBXO31;KRAS;NR1H4;NUDT4A;PLEKHG7;POLG;PPFIBP1B;RHCG;SLC17A8;SSPN;UBE2N;ZNF469
Nothobranchius_furzeri|GCF_043380555.1|ITPR3.0	GCF_043380555.1	Nothobranchius furzeri	Actinopteri	Cyprinodontiformes	ITPR3	0	found_annotated	informative10	20	29	24	20	19	1	ARL8A;CCDC135;CCDC22;CLCN6;EDEM2;GMEB2;GPR37L1B;HM13;MRGBP;MTHFR;NDUFB11;OTUD5A;PDYN;PIM2;RFC2;SNX21;STK35;SULF2B;TBC1D25;USP11
Nothobranchius_furzeri|GCF_043380555.1|RYR.0	GCF_043380555.1	Nothobranchius furzeri	Actinopteri	Cyprinodontiformes	RYR	0	found_annotated	informative10	20	26	16	20	20	1	ADOA;ADPRM;BMS1;CA10A;DCXR;EGR2B;EME1;GALK1;IPMK;KDELR2B;METTL9;MRPL27;MT2;MTR;MYOCD;NAGLU;RAB3GAP1;RFNG;TFAM;TMEM94
Nothobranchius_furzeri|GCF_043380555.1|RYR.1	GCF_043380555.1	Nothobranchius furzeri	Actinopteri	Cyprinodontiformes	RYR	1	found_annotated	informative10	20	12	28	20	20	0	AAMDC;CALN1;EML2;EXOSC5;GALNT17;GPR4;HNRNPUL1;INTS4;KCTD14;NOVA2;OPA3;PPP1R13L;PPP5C;RASGRP4;RHBDD1;RPS3;SBDS;TGFB1A;TMEM91;TYW1
Nothobranchius_furzeri|GCF_043380555.1|RYR.2	GCF_043380555.1	Nothobranchius furzeri	Actinopteri	Cyprinodontiformes	RYR	2	found_annotated	informative10	20	11	22	20	20	0	ARHGAP31;B4GALT4;BRD8A;CXXC5A;DNAJC18;GABRR3A;GNG8;GSX1;LIPI;MAP7D2A;NFRK;NRG2A;PDHA1A;PHLDB2A;PPP3C;PRDX4;PURA;SLC22A6L;SMS;TMEM45B
Nothobranchius_furzeri|GCF_043380555.1|RYR.3	GCF_043380555.1	Nothobranchius furzeri	Actinopteri	Cyprinodontiformes	RYR	3	found_annotated	informative10	20	26	16	20	20	0	ACP7;ADSS1;AKT1;AREL1;ARHGAP11A;CEP170B;CHRM5A;CRIM1;EIF2AK4;EXD1;FCF1;FSIP1;GPX2;GREM1B;INF2;LIN52;POMT2;SIVA1;VSX2;ZBTB42
Nothobranchius_furzeri|GCF_043380555.1|RYR.4	GCF_043380555.1	Nothobranchius furzeri	Actinopteri	Cyprinodontiformes	RYR	4	found_annotated	informative10	20	14	37	20	20	0	ABRACL;ACTC1A;AK7A;AVEN;CHRM5B;CLU;EMC7B;FMN1;GPR176;GREM1A;HECA;KATNBL1;MAX;REPS1;SCARA3;SCG5;SLC10A1;SRSF5B;SUSD6;THBS1B
Nothobranchius_furzeri|GCF_043380555.1|RYR.5	GCF_043380555.1	Nothobranchius furzeri	Actinopteri	Cyprinodontiformes	RYR	5	found_annotated	informative10	20	13	19	20	20	0	ACTN2B;BORA;CCSER2A;CHRM3A;DACHC;DIS3;DNAJC9;ECD;FAM149B1;FMN2A;GREM2A;GRID1A;MZT1;NDNFL;P4HA1B;PIBF1;RGS7A;SPARCL2;UBAC2;WAPL
Trachurus_japonicus|GCF_045865225.1|ITPR1.0	GCF_045865225.1	Trachurus japonicus	Actinopteri	Carangiformes	ITPR1	0	found_annotated	informative10	20	15	32	20	20	1	ATF1;ATF7B;CDK4;CYP27B1;DIP2B;ESPL1;ESYT1B;FAIM2B;LARP4A;MCRS1;METTL1;PFDN5;PFKM;SCN8A;SLC4A8;SUMF1;SUOX;TTLL3;ZC3H10;ZNF740A
Trachurus_japonicus|GCF_045865225.1|ITPR1.1	GCF_045865225.1	Trachurus japonicus	Actinopteri	Carangiformes	ITPR1	1	found_annotated	informative10	20	13	11	20	20	0	ARL6IP5A;ARL8B;AVPR2B;BHLHE40;CAMKV;CCDC120B;COMT;EEVS;FOXP1B;FRMD4B;GRM6B;LRRN1;MBD1B;MDFIC2;MITF;MON1A;MST1R;SETMAR;TRAIP;TRNT1
Trachurus_japonicus|GCF_045865225.1|ITPR2.0	GCF_045865225.1	Trachurus japonicus	Actinopteri	Carangiformes	ITPR2	0	found_annotated	informative10	20	16	16	20	20	1	BANP;BHLHE41;C1QTNF13;EEA1;FANCI;FBXO31;KRAS;NR1H4;NUDT4A;PLEKHG7;POLG;PRR5A;RAD52;RASSF8A;RHCG;SLC17A8;SSPN;TMEM60;UBE2N;ZNF469
Trachurus_japonicus|GCF_045865225.1|ITPR3.0	GCF_045865225.1	Trachurus japonicus	Actinopteri	Carangiformes	ITPR3	0	found_annotated	informative10	20	15	30	20	20	1	ATP6AP1A;BCAP31;DRC7;EDEM2;GRIPAP1;HM13;KCND1;MRGBP;NDNL2;OTUD5A;PIM2;PLXNA3;PLXNB3;PTPN18;RFC2;SLC35A2;SLC6A8;SNX21;TAFAZZIN;USP11
Trachurus_japonicus|GCF_045865225.1|RYR.0	GCF_045865225.1	Trachurus japonicus	Actinopteri	Carangiformes	RYR	0	found_annotated	informative10	20	11	19	20	20	1	ACBD4;ADGRA1A;ADOA;BMS1;CACNA1G;CHRM3B;CYP26A1;EGR2B;EXOC6;FMN2B;HHEX;JMJD1C;MTR;NRBF2B;PKD1B;PLCD3B;REEP3B;SLC39A11;SPATA20;TNFRSF13B
Trachurus_japonicus|GCF_045865225.1|RYR.1	GCF_045865225.1	Trachurus japonicus	Actinopteri	Carangiformes	RYR	1	found_annotated	informative10	20	24	10	20	20	0	AXL;B3GNT2L;BCKDH;CALN1;CLDN;CLDNF;EXOSC5;GALNT17;HNRNPUL1;NAPA;NUP88;OPA3;PPP1R13L;PPP5C;RASGRP4;RHBDD1;SBDS;TGFB1A;TMEM91;TYW1
Trachurus_japonicus|GCF_045865225.1|RYR.2	GCF_045865225.1	Trachurus japonicus	Actinopteri	Carangiformes	RYR	2	found_annotated	informative10	20	26	11	20	20	0	ARHGAP31;B4GALT4;BRD8A;CASR;CXXC5A;DNAJC18;GABRR3A;GNG8;GSX1;MAP7D2A;NFRK;NRG2A;PDHA1A;PHLDB2A;PPP3C;PRDX4;PURA;SLC22A6L;SMS;TMEM45B
Trachurus_japonicus|GCF_045865225.1|RYR.3	GCF_045865225.1	Trachurus japonicus	Actinopteri	Carangiformes	RYR	3	found_annotated	informative10	20	14	27	20	20	0	ACP7;AREL1;ATP10D;CCDC88C;CHRM5A;COMMD8;DAPP1;EML5;EXD1;FSIP1;GPR68;GPX2;ISCA2;LAMTOR3;LIN52;OSR1;POMT2;RDH14A;THBS1A;VSX2
Trachurus_japonicus|GCF_045865225.1|RYR.4	GCF_045865225.1	Trachurus japonicus	Actinopteri	Carangiformes	RYR	4	found_annotated	informative10	20	11	12	20	20	0	ABRACL;ACTC1A;AVEN;CHRM5B;CLU;EMC7B;FMN1;GPR176;GREM1A;HECA;KATNBL1;MAX;MTIF3;REPS1;SCARA3;SCG5;SLC10A1;SRSF5B;SUSD6;THBS1B
Trachurus_japonicus|GCF_045865225.1|RYR.5	GCF_045865225.1	Trachurus japonicus	Actinopteri	Carangiformes	RYR	5	found_annotated	informative10	20	16	13	20	20	0	ACTN2B;AGT;BICC1A;BORA;CHRM3A;COG2;CUZD1;DACHC;DIS3;DNAJC9;ECD;FAM149B1;FMN2A;GREM2A;MZT1;NDNFL;P4HA1B;RGS7A;SPARCL2;UBAC2
Genypterus_blacodes|GCF_046128005.1|ITPR1.0	GCF_046128005.1	Genypterus blacodes	Actinopteri	Ophidiiformes	ITPR1	0	found_annotated	informative10	20	28	12	20	20	1	ATF1;ATF7B;CDK4;CYP27B1;DIP2B;ESPL1;FAIM2B;LARP4A;MCRS1;METTL1;MMP19;PFDN5;PFKM;SCN8A;SLC4A8;SUMF1;SUOX;TTLL3;ZC3H10;ZNF740A
Genypterus_blacodes|GCF_046128005.1|ITPR1.1	GCF_046128005.1	Genypterus blacodes	Actinopteri	Ophidiiformes	ITPR1	1	found_annotated	informative10	13	24	5	13	13	0	BHLHE40;CDC42;ETNK2;FBXO2;KLHDC8A;SETMAR;SLC41A1;SLC48A1B;SNRPE;SOX13;SVBP;TXNRD3;WNT4
Genypterus_blacodes|GCF_046128005.1|ITPR2.0	GCF_046128005.1	Genypterus blacodes	Actinopteri	Ophidiiformes	ITPR2	0	found_annotated	informative10	20	10	11	20	20	1	AARS1;BANP;BHLHE41;BMAL2;C1QTNF13;EEA1;ENDOUC;EXOSC6;KRAS;NR1H4;NUDT4A;PLEKHG7;PPFIBP1B;RASSF8A;SLC17A8;SSPN;ST3GAL2;TGM2L;UBE2N;ZNF469
Genypterus_blacodes|GCF_046128005.1|ITPR3.0	GCF_046128005.1	Genypterus blacodes	Actinopteri	Ophidiiformes	ITPR3	0	found_annotated	informative10	0	0	0	0	0	1	
Genypterus_blacodes|GCF_046128005.1|RYR.0	GCF_046128005.1	Genypterus blacodes	Actinopteri	Ophidiiformes	RYR	0	found_annotated	informative10	17	11	15	17	17	1	ADOA;ATP6V0A1B;BMS1;CHRM3B;CYP26A1;DDB2;EGR2B;EXOC6;HHEX;IPMK;JMJD1C;MTR;NAGLU;NRBF2B;REEP3B;SULT2ST2;TFAM
Genypterus_blacodes|GCF_046128005.1|RYR.1	GCF_046128005.1	Genypterus blacodes	Actinopteri	Ophidiiformes	RYR	1	found_annotated	informative10	20	26	10	20	20	0	AXL;B3GNT2L;BCKDH;BICR;CLDNJ;CLNS1A;CYP2Y3;EXOSC5;GALNT17;HNRNPUL1;NAPA;OPA3;PPP1R13L;PPP5C;RASGRP4;RSF1A;SBDS;TGFB1A;TMEM91;TYW1
Genypterus_blacodes|GCF_046128005.1|RYR.2	GCF_046128005.1	Genypterus blacodes	Actinopteri	Ophidiiformes	RYR	2	found_annotated	informative10	20	12	21	20	20	0	ARHGAP31;CLDN2;GABRR3A;GNG8;GSX1;KLF5L;KLF8;LIPI;MAP7D2A;NFRK;PDHA1A;PHLDB2A;POF1B;POU4F4;PRDX4;RBM41;SLC25A14;SMS;TMEM45B;ZDHHC23A
Genypterus_blacodes|GCF_046128005.1|RYR.3	GCF_046128005.1	Genypterus blacodes	Actinopteri	Ophidiiformes	RYR	3	found_annotated	informative10	20	27	15	20	20	0	ACP7;ACTC1B;ADSS1;AREL1;ARHGAP11A;BMF1;CHRM5A;CYP1C1;DNAJC17;EIF2AK4;EXD1;FSIP1;GCHFR;GPX2;GREM1B;LIN52;POMT2;SIVA1;THBS1A;VSX2
Genypterus_blacodes|GCF_046128005.1|RYR.4	GCF_046128005.1	Genypterus blacodes	Actinopteri	Ophidiiformes	RYR	4	found_annotated	informative10	20	12	10	20	20	0	ABRACL;ACTC1A;AK7A;AVEN;CAD;CHRM5B;CLU;DNAJC5G;EMC7B;FMN1;GPR176;GREM1A;HECA;KATNBL1;RARS2;REPS1;SCARA3;SCG5;SLC35A1;THBS1B
Genypterus_blacodes|GCF_046128005.1|RYR.5	GCF_046128005.1	Genypterus blacodes	Actinopteri	Ophidiiformes	RYR	5	found_annotated	informative10	15	14	8	15	15	0	ACTN2B;BICC1A;CHRM3A;DNAJC9;ECD;FAM149B1;FMN2A;GREM2A;NDNFL;P4HA1B;PHYHIPL;PRKN;RGS7A;STYXL1;SUPT3H
Nipponia_nippon|GCF_047370975.1|ITPR1.0	GCF_047370975.1	Nipponia nippon	Aves	Pelecaniformes	ITPR1	0	found_annotated	informative10	20	13	11	20	19	1	ARL8B;BHLHE40;CAV3;CHL1;CNTN3;CNTN6;CRBN;EDEM1;GRM7;IL5RA;LMCD1;LRRN1;OXTR;PDZRN3;PPP4R2;RAD18;SRGAP3;SSUH2;SUMF1;TRNT1
Nipponia_nippon|GCF_047370975.1|ITPR2.0	GCF_047370975.1	Nipponia nippon	Aves	Pelecaniformes	ITPR2	0	found_annotated	informative10	20	10	16	20	20	1	ARFGAP3;BHLHE41;BMAL2;CYB5R3;DNAI7;ETFRF1;FGFR1OP2;GYS2;INTS13;IRAG2;KRAS;LMNTD1;MED21;PPFIBP1;RASSF8;REP15;SPX;SSPN;STK38L;TM7SF3
Nipponia_nippon|GCF_047370975.1|ITPR3.0	GCF_047370975.1	Nipponia nippon	Aves	Pelecaniformes	ITPR3	0	found_annotated	informative10	20	17	11	20	20	1	APOBEC2;BAK1;FOXP4;FRS3;GRM4;HMGA1;ILRUN;LEMD2;MDFI;MLN;NFYA;NUDT3;OARD1;PACSIN1;PRICKLE4;RPS10;SMIM29;SPDEF;TFEB;TSPO2
Nipponia_nippon|GCF_047370975.1|RYR.0	GCF_047370975.1	Nipponia nippon	Aves	Pelecaniformes	RYR	0	found_annotated	informative10	20	11	11	20	20	1	ACTN2;CHRM3;EDARADD;ERO1B;EXO1;FMN2;GNG4;GPR137B;GREM2;HEATR1;LGALS8;LYST;MAP1LC3C;MTR;NID1;OPN3;PIGM;PLD5;RGS7;WDR64
Nipponia_nippon|GCF_047370975.1|RYR.1	GCF_047370975.1	Nipponia nippon	Aves	Pelecaniformes	RYR	1	found_annotated	informative10	20	10	11	20	20	0	ACTN4;BICRA;ECH1;EHD2;EIF3K;HNRNPL;KPTN;MAP4K1;MRPS12;NAPA;NFKBIB;NOP53;PAK4;PSMD8;RASGRP4;SARS2;SIRT2;SLC8A2;SPRED3;ZNF541
Nipponia_nippon|GCF_047370975.1|RYR.2	GCF_047370975.1	Nipponia nippon	Aves	Pelecaniformes	RYR	2	found_annotated	informative10	20	11	10	20	20	0	ARHGAP11A;AVEN;BMF;CDIN1;CHRM5;DPH6;EIF2AK4;EMC7;FMN1;FSIP1;GPR176;GREM1;KATNBL1;MEIS2;RASGRP1;SCG5;SPRED1;SRP14;THBS1;TSLIG3B
Chiloscyllium_punctatum|GCF_047496795.1|ITPR1.0	GCF_047496795.1	Chiloscyllium punctatum	Chondrichthyes	Orectolobiformes	ITPR1	0	found_annotated	informative10	20	16	17	20	20	1	APEH;ARL8B;BHLHE40;BORCS6;CCDC174;CHL1B;CRBN;EDEM1;LMCD1;LRRN1;OXTR;RAD18;RASSF1;SEC13;SEMA3H;SETMAR;SUMF1;TATDN2;TRNT1;ZMYND10
Chiloscyllium_punctatum|GCF_047496795.1|ITPR2.0	GCF_047496795.1	Chiloscyllium punctatum	Chondrichthyes	Orectolobiformes	ITPR2	0	found_annotated	informative10	20	15	11	20	20	1	BCAT1;BHLHE41;C2CD5;CEP83;CRADD;DNAI7;EEA1;ETNK1;INTS13;LRMP;MRPL42;PLEKHG7;PLXNC1;RASSF8B;SOCS2;SOX5;SSPN;ST8SIA1;TMCC3;UBE2N
Chiloscyllium_punctatum|GCF_047496795.1|ITPR3.0	GCF_047496795.1	Chiloscyllium punctatum	Chondrichthyes	Orectolobiformes	ITPR3	0	found_annotated	informative10	20	43	23	20	20	1	BRPF3B;C45H6ORF89;GPR25;GPR37L1B;HMGA1A;IPO9;KIF21B;KLHL12;MRPL16;PIM1;RABIF;RNPEP;SHISA4;SLC25A55A;SMIM29;SRSF3B;SYCP3;TIMM17A;TMEM167B;UQCC2
Chiloscyllium_punctatum|GCF_047496795.1|RYR.0	GCF_047496795.1	Chiloscyllium punctatum	Chondrichthyes	Orectolobiformes	RYR	0	found_annotated	informative10	20	28	28	20	20	0	B9D2;BCKDH;BLVR;CHP2;COX7A1;DLC;DMAC2;ECH1;EXOSC5;MED29;PAF1;PLD3;PSMD8;RASGRP4;RNASET2L;SRSF7A;SUPT5H;TIMM50;TMEM91;ZC3H4
Chiloscyllium_punctatum|GCF_047496795.1|RYR.1	GCF_047496795.1	Chiloscyllium punctatum	Chondrichthyes	Orectolobiformes	RYR	1	found_annotated	informative10	20	16	23	20	19	0	ADPGK2;CEBPZ;FBXO11B;FH;FMN2B;GREM2B;HEATR1;KMO;MOCS3;MRPL4;MSH2;MSH6;MTR;NDUFAF7;OPN3;PPP1R21;PRKD3;QPCT;SLC30A6;XPO5
Chiloscyllium_punctatum|GCF_047496795.1|RYR.2	GCF_047496795.1	Chiloscyllium punctatum	Chondrichthyes	Orectolobiformes	RYR	2	found_annotated	informative10	20	16	11	20	20	1	AQR;ARG2;AVEN;CDIN1;CHRM5B;DPH6;EMC7B;FAM98B;FMN1;FOXG1A;FSIP1;GPR176;GREM1A;KATNBL1;MEIS2A;RDH12;SPRED1;STXBP6;THBS1B;VTI1B
Scyliorhinus_torazame|GCF_047496885.1|ITPR1.0	GCF_047496885.1	Scyliorhinus torazame	Chondrichthyes	Carcharhiniformes	ITPR1	0	found_annotated	informative10	20	18	19	20	20	1	APEH;ARL8B;BHLHE40;BORCS6;BSNB;CCDC174;CHL1B;CRBN;EDEM1;GRIP2B;LMCD1;LRRN1;RAD18;SEC13;SEMA3H;SETMAR;SUMF1;TATDN2;TRH;ZMYND10
Scyliorhinus_torazame|GCF_047496885.1|ITPR2.0	GCF_047496885.1	Scyliorhinus torazame	Chondrichthyes	Carcharhiniformes	ITPR2	0	found_annotated	informative10	20	16	11	20	20	1	BCAT1;C2CD5;CEP83;CMAS;CRADD;DNAI7;EEA1;ETNK1;INTS13;LRMP;MRPL42;PLEKHG7;PLXNC1;RASSF8B;SOCS2;SOX5;SSPN;ST8SIA1;TMCC3;UBE2N
Scyliorhinus_torazame|GCF_047496885.1|ITPR3.0	GCF_047496885.1	Scyliorhinus torazame	Chondrichthyes	Carcharhiniformes	ITPR3	0	found_annotated	informative10	20	24	37	20	20	1	BLTP3A;BRPF3B;C17H6ORF89;FANCE;GPR25;HMGA1A;ILRUN;LGR6;MKRN4;MLNL;MYOG;PIM1;PPFIA4;RNPEP;SMIM29;TAF11;TIMM17A;TMEM167B;TMEM183A;UBE2T
Scyliorhinus_torazame|GCF_047496885.1|RYR.0	GCF_047496885.1	Scyliorhinus torazame	Chondrichthyes	Carcharhiniformes	RYR	0	found_annotated	informative10	20	42	41	20	20	0	ACTMAP;AXL;BLVR;CHP2;COX7A1;DLC;ECH1;FOSB;GEMIN7;MED29;NKPD1;PAF1;PSMD8;RASGRP4;RNASET2L;SNRP;SPTBN4B;SUMF2;SYMPK;YIF1B
Scyliorhinus_torazame|GCF_047496885.1|RYR.1	GCF_047496885.1	Scyliorhinus torazame	Chondrichthyes	Carcharhiniformes	RYR	1	found_annotated	informative10	20	26	18	20	19	0	ADPGK2;CEBPZ;FBXO11B;FH;GREM2B;HEATR1;KMO;LHCGR;MOCS3;MRPL4;MSH2;MSH6;MTR;NDUFAF7;OPN3;PPP1R21;PRKD3;QPCT;SLC30A6;XPO5
Scyliorhinus_torazame|GCF_047496885.1|RYR.2	GCF_047496885.1	Scyliorhinus torazame	Chondrichthyes	Carcharhiniformes	RYR	2	found_annotated	informative10	20	15	11	20	20	1	AQR;ARG2;AVEN;CDIN1;CHRM5B;DPH6;EMC7B;FAM98B;FMN1;FSIP1;GJD2B;GPR176;GREM1A;KATNBL1;MEIS2A;RDH12;SPRED1;STXBP6;THBS1B;VTI1B
Anas_platyrhynchos|GCF_047663525.1|ITPR1.0	GCF_047663525.1	Anas platyrhynchos	Aves	Anseriformes	ITPR1	0	found_annotated	informative10	20	10	14	20	20	1	ARL8B;BHLHE40;CAV3;CHL1;CNTN3;CRBN;EDEM1;GRM7;GXYLT2;IL5RA;LMCD1;LRRN1;OXTR;PDZRN3;PPP4R2;RAD18;SRGAP3;SSUH2;SUMF1;TRNT1
Anas_platyrhynchos|GCF_047663525.1|ITPR2.0	GCF_047663525.1	Anas platyrhynchos	Aves	Anseriformes	ITPR2	0	found_annotated	informative10	20	12	10	20	20	1	A4GALT;BHLHE41;BMAL2;CYB5R3;DNAI7;ETFRF1;FGFR1OP2;GYS2;INTS13;IRAG2;KRAS;LMNTD1;MED21;PPFIBP1;RASSF8;REP15;SPX;SSPN;STK38L;TM7SF3
Anas_platyrhynchos|GCF_047663525.1|ITPR3.0	GCF_047663525.1	Anas platyrhynchos	Aves	Anseriformes	ITPR3	0	found_annotated	informative10	20	13	11	20	20	1	ADIPOR1;APOBEC2;BAK1;CEPT1;DRAM2;GRM4;HMGA1;ILRUN;LEMD2;LRIF1;MLN;NFYA;NUDT3;OARD1;PACSIN1;RPS10;SMIM29;SPDEF;TSPO2;UBE2T
Anas_platyrhynchos|GCF_047663525.1|RYR.0	GCF_047663525.1	Anas platyrhynchos	Aves	Anseriformes	RYR	0	found_annotated	informative10	20	10	12	20	20	1	ACTN2;CHRM3;EDARADD;ERO1B;EXO1;FMN2;GNG4;GPR137B;GREM2;HEATR1;LGALS8;LYST;MAP1LC3C;MTR;NID1;OPN3;PIGM;PLD5;RGS7;WDR64
Anas_platyrhynchos|GCF_047663525.1|RYR.1	GCF_047663525.1	Anas platyrhynchos	Aves	Anseriformes	RYR	1	found_annotated	informative10	20	15	10	20	20	0	ACTN4;B9D2;BCKDHA;BICRA;DMAC2;ECH1;EHD2;EIF3K;EXOSC5;HNRNPL;MAP4K1;MRPS12;NFKBIB;NOP53;PAK4;SARS2;SELENOW;SIRT2;TGFB1;ZNF541
Anas_platyrhynchos|GCF_047663525.1|RYR.2	GCF_047663525.1	Anas platyrhynchos	Aves	Anseriformes	RYR	2	found_annotated	informative10	20	11	14	20	20	0	ACTC1;AQR;AVEN;BMF;CDIN1;CHRM5;DPH6;EIF2AK4;EMC7;FAM98B;FSIP1;GPR176;GREM1;KATNBL1;MEIS2;RASGRP1;SPRED1;SRP14;THBS1;ZNF770
Strix_uralensis|GCF_047716275.1|ITPR1.0	GCF_047716275.1	Strix uralensis	Aves	Strigiformes	ITPR1	0	found_annotated	informative10	20	13	10	20	20	1	ARL8B;BHLHE40;CAV3;CHL1;CNTN6;CRBN;EDEM1;GRM7;GXYLT2;IL5RA;LMCD1;LRRN1;OXTR;PDZRN3;PPP4R2;RAD18;SRGAP3;SSUH2;SUMF1;TRNT1
Strix_uralensis|GCF_047716275.1|ITPR2.0	GCF_047716275.1	Strix uralensis	Aves	Strigiformes	ITPR2	0	found_annotated	informative10	20	11	10	20	20	1	ASCL4;BHLHE41;BMAL2;DNAI7;ETFRF1;FGFR1OP2;GYS2;INTS13;IRAG2;KRAS;LDHB;MED21;PRDM4;PWP1;RASSF8;RTCB;SPX;SSPN;STK38L;TM7SF3
Strix_uralensis|GCF_047716275.1|ITPR3.0	GCF_047716275.1	Strix uralensis	Aves	Strigiformes	ITPR3	0	found_annotated	informative10	20	11	14	20	20	1	APOBEC2;BAK1;FOXP4;FRS3;GRM4;HMGA1;IP6K3;LEMD2;MDFI;MLN;NFYA;NUDT3;OARD1;PACSIN1;PRICKLE4;RPS10;SMIM29;TFEB;TREM1;UQCC2
Strix_uralensis|GCF_047716275.1|RYR.0	GCF_047716275.1	Strix uralensis	Aves	Strigiformes	RYR	0	found_annotated	informative10	20	10	10	20	20	1	ACTN2;CHRM3;EDARADD;ERO1B;EXO1;FMN2;GNG4;GPR137B;GREM2;HEATR1;LGALS8;LYST;MAP1LC3C;MTR;NID1;OPN3;PIGM;PLD5;RGS7;WDR64
Strix_uralensis|GCF_047716275.1|RYR.1	GCF_047716275.1	Strix uralensis	Aves	Strigiformes	RYR	1	found_annotated	informative10	0	1	0	0	0	0	
Strix_uralensis|GCF_047716275.1|RYR.2	GCF_047716275.1	Strix uralensis	Aves	Strigiformes	RYR	2	found_annotated	informative10	20	11	10	20	20	0	ARHGAP11A;AVEN;BMF;CDIN1;CHRM5;DPH6;EIF2AK4;EMC7;FAM98B;FMN1;FSIP1;GPR176;GREM1;KATNBL1;MEIS2;RASGRP1;SCG5;SPRED1;SRP14;THBS1
Hemitrygon_akajei|GCF_048418815.1|ITPR1.0	GCF_048418815.1	Hemitrygon akajei	Chondrichthyes	Myliobatiformes	ITPR1	0	found_annotated	informative10	20	16	15	20	20	1	APEH;ARL8B;BHLHE40;BORCS6;CAV3;CCDC174;CHL1B;CRBN;EDEM1;LMCD1;LRRN1;OXTR;RAD18;RASSF1;SEMA3H;SETMAR;SUMF1;TATDN2;TRNT1;ZMYND10
Hemitrygon_akajei|GCF_048418815.1|ITPR2.0	GCF_048418815.1	Hemitrygon akajei	Chondrichthyes	Myliobatiformes	ITPR2	0	found_annotated	informative10	20	13	20	20	20	1	BCAT1;BHLHE41;C2CD5;CEP83;CRADD;DNAI7;EEA1;INTS13;KISS2;LRMP;MRPL42;NDUFA12;PLEKHG7;PLXNC1;RASSF8B;SOCS2;SOX5;SSPN;ST8SIA1;TMCC3
Hemitrygon_akajei|GCF_048418815.1|ITPR3.0	GCF_048418815.1	Hemitrygon akajei	Chondrichthyes	Myliobatiformes	ITPR3	0	found_annotated	informative10	20	32	28	20	20	1	BRPF3B;C27H6ORF89;FANCE;GPR25;INAVA;KIF21B;LGR6;MKRN4;MYOG;PIM1;PKP1B;PPFIA4;PPIL1;RNPEP;TIMM17A;TMEM167B;TMEM183A;TSPAN18B;UBE2T;UQCC2
Hemitrygon_akajei|GCF_048418815.1|RYR.0	GCF_048418815.1	Hemitrygon akajei	Chondrichthyes	Myliobatiformes	RYR	0	found_annotated	informative10	19	60	40	19	19	0	APEX1;B9D2;BCKDH;CIDE;ECH1;EXOSC5;HNRNPUL1L;METTL3;NOP10;OSGEP;PAF1;PNKP;PSMD8;RASGRP4;REC8B;SLC22A17;SPRED3;SRSF7A;SUPT16H
Hemitrygon_akajei|GCF_048418815.1|RYR.1	GCF_048418815.1	Hemitrygon akajei	Chondrichthyes	Myliobatiformes	RYR	1	found_annotated	informative10	20	12	23	20	19	1	ADPGK2;CEBPZ;FBXO11B;FH;FMN2B;GREM2B;HEATR1;KMO;LGALS8A;MOCS3;MSH2;MSH6;MTR;NDUFAF7;OPN3;PPP1R21;PRKD3;QPCT;SLC30A6;XPO5
Hemitrygon_akajei|GCF_048418815.1|RYR.2	GCF_048418815.1	Hemitrygon akajei	Chondrichthyes	Myliobatiformes	RYR	2	found_annotated	informative10	20	16	12	20	20	0	AQR;ARG2;AVEN;CDIN1;CHRM5B;DPH6;EMC7B;FAM98B;FMN1;FOXG1A;FSIP1;GPR176;GREM1A;KATNBL1;MEIS2A;RDH12;SPRED1;STXBP6;THBS1B;VTI1B
Sminthopsis_crassicaudata|GCF_048593235.1|ITPR1.0	GCF_048593235.1	Sminthopsis crassicaudata	Mammalia	Dasyuromorphia	ITPR1	0	found_annotated	informative10	20	11	13	20	18	1	ARL8B;BHLHE40;CAV3;CHL1;CNTN3;CNTN4;CNTN6;CRBN;EDEM1;GRM7;IL5RA;LMCD1;LRRN1;OXTR;PDZRN3;RAD18;SRGAP3;SSUH2;SUMF1;TRNT1
Sminthopsis_crassicaudata|GCF_048593235.1|ITPR2.0	GCF_048593235.1	Sminthopsis crassicaudata	Mammalia	Dasyuromorphia	ITPR2	0	found_annotated	informative10	20	10	10	20	20	1	BCAT1;BHLHE41;BMAL2;DNAI7;ETFRF1;FGFR1OP2;INTS13;IRAG2;KRAS;LMNTD1;MED21;PFKFB3;PRKCQ;RASSF8;RBM17;SFMBT2;SOX5;SSPN;STK38L;TM7SF3
Sminthopsis_crassicaudata|GCF_048593235.1|ITPR3.0	GCF_048593235.1	Sminthopsis crassicaudata	Mammalia	Dasyuromorphia	ITPR3	0	found_annotated	informative10	20	10	11	20	19	1	BAK1;CUTA;DAXX;GRM4;HMGA1;IP6K3;KIFC1;LEMD2;MLN;NUDT3;PACSIN1;PHF1;RGL2;RPS10;SMIM29;SYNGAP1;TAPBP;UQCC2;ZBTB22;ZBTB9
Sminthopsis_crassicaudata|GCF_048593235.1|RYR.0	GCF_048593235.1	Sminthopsis crassicaudata	Mammalia	Dasyuromorphia	RYR	0	found_annotated	informative10	20	12	10	20	20	1	ACTN2;B3GALNT2;CHRM3;EDARADD;ERO1B;EXO1;FH;FMN2;GNG4;GPR137B;GREM2;HEATR1;KMO;LYST;MTR;NID1;OPN3;RGS7;WDR64;ZP4
Sminthopsis_crassicaudata|GCF_048593235.1|RYR.1	GCF_048593235.1	Sminthopsis crassicaudata	Mammalia	Dasyuromorphia	RYR	1	found_annotated	informative10	20	10	12	20	19	0	ACTN4;CAPN12;CXH19ORF33;ECH1;EIF3K;FAM98C;GGN;HNRNPL;KCNK6;LGALS4;LGALS7;MAP4K1;PPP1R14A;PSMD8;RASGRP4;RINL;SIRT2;SPINT2;SPRED3;YIF1B
Sminthopsis_crassicaudata|GCF_048593235.1|RYR.2	GCF_048593235.1	Sminthopsis crassicaudata	Mammalia	Dasyuromorphia	RYR	2	found_annotated	informative10	19	60	11	19	18	0	ACTC1;AQR;ARHGAP11A;AVEN;CHRM5;DPH6;EMC4;EMC7;FMN1;GJD2;GREM1;KATNBL1;LPCAT4;NOP10;NUTM1;SCG5;SLC12A6;TMCO5A;ZNF770
Paramormyrops_kingsleyae|GCF_048594095.1|ITPR1.0	GCF_048594095.1	Paramormyrops kingsleyae	Actinopteri	Osteoglossiformes	ITPR1	0	found_annotated	informative10	20	16	19	20	19	1	ARL8B;ARPC4L;BRK1;CRBN;EDEM1;GHRL;GNAI2B;GNAT1;LRRN1;RBM5;RBM6;RUVBL1;SFMBT1;SLC38A3B;STIMATE;SUMF1;TADA3L;TATDN2;TEX264B;UBA7
Paramormyrops_kingsleyae|GCF_048594095.1|ITPR1.1	GCF_048594095.1	Paramormyrops kingsleyae	Actinopteri	Osteoglossiformes	ITPR1	1	found_annotated	informative10	20	16	23	20	20	0	ATF1;AVPR2B;BHLHE40;CCDC174;EEFSEC;EMC3;FANCD2;GNAI2A;INKA1A;LARP4A;MON1A;MST1R;RFT1;RPN1;SCN8A;SETMAR;SLC38A3A;TRAIP;TRNT1;USP4
Paramormyrops_kingsleyae|GCF_048594095.1|ITPR2.0	GCF_048594095.1	Paramormyrops kingsleyae	Actinopteri	Osteoglossiformes	ITPR2	0	found_annotated	informative10	20	34	14	20	19	1	ATP23;ATP5F1C;BHLHE41;BORCS5;CELF2;GATA3;INTS13;ITIH2;ITIH5;KIN;LRIG3;MAPK11;MAPK12A;NUP50;RASSF8B;RPAP3;SELENOO1;SSPN;TAFA2;USP6NL
Paramormyrops_kingsleyae|GCF_048594095.1|ITPR3.0	GCF_048594095.1	Paramormyrops kingsleyae	Actinopteri	Osteoglossiformes	ITPR3	0	found_annotated	informative10	20	21	34	20	20	1	AAAS;ABTB1;ALAS2;ARAF;C6H1ORF74;FAM50A;FRS3;GUCA1B;IMP4;MAP3K12;NTSR1;PPIL1;RPL32;SARS1;SPRYD4;SYN1;TOMM6;TSPO;UQCC2;VGLL4L
Paramormyrops_kingsleyae|GCF_048594095.1|RYR.0	GCF_048594095.1	Paramormyrops kingsleyae	Actinopteri	Osteoglossiformes	RYR	0	found_annotated	informative10	20	14	15	20	20	1	ARG1;CYP26A1;DNAJC9;EGR2B;EXOC6;FH;FMN2B;GRID1B;HEATR1;HHEX;HTRA1B;JMJD1C;KIF11;MTR;NRBF2B;NUDT13;P4HA1A;PLEKHA1B;REEP3B;WAPL
Paramormyrops_kingsleyae|GCF_048594095.1|RYR.1	GCF_048594095.1	Paramormyrops kingsleyae	Actinopteri	Osteoglossiformes	RYR	1	found_annotated	informative10	20	25	37	20	20	0	ABCG1;B9D2;CBR1L;CHRDL2;DDX10;GNG8;IWS1;LIPT2;NAPA;NFRK;PGM2L1;POLD3;PPP5C;RSPH4A;SPACA6;SYMPK;TMEM45B;XRRA1;ZBED4L2;ZNF541
Paramormyrops_kingsleyae|GCF_048594095.1|RYR.2	GCF_048594095.1	Paramormyrops kingsleyae	Actinopteri	Osteoglossiformes	RYR	2	found_annotated	informative10	18	10	60	18	18	0	ARRB1;B3GNT2L;BCKDH;BICR;CDKL1;DEFBL1;EHD2B;EIF4H;EXOSC5;HNRNPUL1;OPA3;OR60A1;PPP1R13L;RASGRP4;RFFL;RNF169;TMEM91;WDR62
Paramormyrops_kingsleyae|GCF_048594095.1|RYR.3	GCF_048594095.1	Paramormyrops kingsleyae	Actinopteri	Osteoglossiformes	RYR	3	found_annotated	informative10	20	15	12	20	20	0	ACP7;ADGRG11;ARHGAP11A;BMF2;DNAJC17;EIF2AK4;EMC7B;FNTB;FSIP1;GCHFR;GPR176;KATNBL1;KNL1;MAX;RAD51;RMDN3;SCG5;SLC10A1;SUSD6;THBS1B
Petromyzon_marinus|GCF_048934315.1|ITPR1.0	GCF_048934315.1	Petromyzon marinus	Hyperoartia	Petromyzontiformes	ITPR1	0	found_annotated	informative10	20	39	27	20	20	1	ABHD14B;ADIPOR1;ATXN10;C48H3ORF20;CCDC22;DSTYK;FBXL12;FBXO7;FGD6;HDAC11;IPO9;LRGUK;METAP2;NINJ1;ORC5;PEX26;SLC35B4;SLC37A3;VEZT;WASHC1
Petromyzon_marinus|GCF_048934315.1|ITPR1.1	GCF_048934315.1	Petromyzon marinus	Hyperoartia	Petromyzontiformes	ITPR1	1	found_annotated	informative10	20	29	35	20	19	0	BARX1;CAV1;CAV2;CCDC77;DLD;ECHS1;GPAT4;HASPIN;HCFC1;HDHD5;IP6K2;KLHL12;NAA10;PPARD;PPHLN1;SFXN2;SUMF1;TBC1D25;TMEM128;UQCC2
Petromyzon_marinus|GCF_048934315.1|ITPR1.2	GCF_048934315.1	Petromyzon marinus	Hyperoartia	Petromyzontiformes	ITPR1	2	found_annotated	informative10	20	28	13	20	20	0	ALG12;APEH;ATP6AP1;CERK;FAM3C;G6PD;IQUB;ITIH5;LSM3;MUSTN1;NDUFA5;PNPLA8;PRPF18;RPL29;SLC2A13;TOMM6;TRNT1;XPC;XPOT;ZXDC
Petromyzon_marinus|GCF_048934315.1|RYR.0	GCF_048934315.1	Petromyzon marinus	Hyperoartia	Petromyzontiformes	RYR	0	found_annotated	informative10	20	46	34	20	20	1	ACBD3;ALKBH6;CLPTM1;CTSF;EAPP;EDARADD;EFCAB11;ERG28;ERO1B;EXOSC5;FNTB;GALM;LIN9;MAX;NDUFAF1;RTF1;STYX;SYMPK;UGP2;ZC3H14
Petromyzon_marinus|GCF_048934315.1|RYR.1	GCF_048934315.1	Petromyzon marinus	Hyperoartia	Petromyzontiformes	RYR	1	found_annotated	informative10	20	26	48	20	19	0	AARS2;ABHD12;AMN;ATP5PF;AVEN;BPNT1;CYP1B1;EPRS1;FBLN7;GCH1;LRRC9;MRPL2;MRPL28;MRPS18A;PCARE;PEX6;POLR1B;SDE2;SLC29A1;TSNAX
Macaca_mulatta|GCF_049350105.2|ITPR1.0	GCF_049350105.2	Macaca mulatta	Mammalia	Primates	ITPR1	0	found_annotated	informative10	20	11	10	20	18	1	ARL8B;BHLHE40;CAV3;CHL1;CNTN3;CNTN4;CNTN6;CRBN;EDEM1;GRM7;IL5RA;LMCD1;LRRN1;OXTR;RAD18;SETMAR;SRGAP3;SSUH2;SUMF1;TRNT1
Macaca_mulatta|GCF_049350105.2|ITPR2.0	GCF_049350105.2	Macaca mulatta	Mammalia	Primates	ITPR2	0	found_annotated	informative10	20	11	10	20	20	1	ARNTL2;BCAT1;BHLHE41;C11H12ORF71;DNAI7;ETFRF1;FGFR1OP2;INTS13;IRAG2;KRAS;LMNTD1;MED21;PPFIBP1;RASSF8;REP15;SMCO2;SOX5;SSPN;STK38L;TM7SF3
Macaca_mulatta|GCF_049350105.2|ITPR3.0	GCF_049350105.2	Macaca mulatta	Mammalia	Primates	ITPR3	0	found_annotated	informative10	20	11	12	20	18	1	BAK1;CUTA;DAXX;GRM4;HMGA1;IP6K3;KIFC1;LEMD2;MLN;NUDT3;PACSIN1;PHF1;RPS10;SMIM29;SMIM40;SPDEF;SYNGAP1;TAPBP;ZBTB22;ZBTB9
Macaca_mulatta|GCF_049350105.2|RYR.0	GCF_049350105.2	Macaca mulatta	Mammalia	Primates	RYR	0	found_annotated	informative10	20	12	11	20	20	1	ACTN2;CHML;CHRM3;EDARADD;ERO1B;FH;FMN2;GNG4;GPR137B;GREM2;HEATR1;KMO;LGALS8;LYST;MTR;NID1;OPN3;RGS7;WDR64;ZP4
Macaca_mulatta|GCF_049350105.2|RYR.1	GCF_049350105.2	Macaca mulatta	Mammalia	Primates	RYR	1	found_annotated	informative10	20	10	12	20	20	0	ACTN4;C19H19ORF33;CAPN12;CATSPERG;ECH1;EIF3K;FAM98C;GGN;HNRNPL;KCNK6;LGALS4;LGALS7B;MAP4K1;PSMD8;RASGRP4;RINL;SIRT2;SPINT2;SPRED3;YIF1B
Macaca_mulatta|GCF_049350105.2|RYR.2	GCF_049350105.2	Macaca mulatta	Mammalia	Primates	RYR	2	found_annotated	informative10	20	21	10	20	19	0	APBA2;ARHGAP11A;AVEN;CHRM5;EMC4;EMC7;ENTREP2;FAN1;FMN1;GREM1;KATNBL1;LPCAT4;NOP10;NSMCE3;NUTM1;PGBD4;SCG5;SLC12A6;TJP1;TMCO5B
Tenrec_ecaudatus|GCF_050624435.1|ITPR1.0	GCF_050624435.1	Tenrec ecaudatus	Mammalia	Afrosoricida	ITPR1	0	found_annotated	informative10	20	19	12	20	20	1	ACBD7;AKR1E2;ARL8B;ATP6V1E1;BCL2L13;BHLHE40;BID;EDEM1;FAM171A1;GRM7;LMCD1;MICAL3;NMT2;PEX26;RPP38;SLC25A18;SSUH2;SUMF1;TUBA8;USP18
Tenrec_ecaudatus|GCF_050624435.1|ITPR2.0	GCF_050624435.1	Tenrec ecaudatus	Mammalia	Afrosoricida	ITPR2	0	found_annotated	informative10	20	13	13	20	20	1	BCAT1;BHLHE41;BMAL2;C6H12ORF71;DNAI7;ETFRF1;FGFR1OP2;INTS13;IRAG2;KRAS;LMNTD1;MED21;MRPS35;PPFIBP1;RASSF8;REP15;SOX5;SSPN;STK38L;TM7SF3
Tenrec_ecaudatus|GCF_050624435.1|ITPR3.0	GCF_050624435.1	Tenrec ecaudatus	Mammalia	Afrosoricida	ITPR3	0	found_annotated	informative10	20	11	10	20	18	1	BAK1;BLTP3A;CUTA;DAXX;GRM4;HMGA1;ILRUN;KIFC1;NUDT3;PACSIN1;PHF1;RPS10;SMIM29;SMIM40;SNRPC;SPDEF;SYNGAP1;TAPBP;ZBTB22;ZBTB9
Tenrec_ecaudatus|GCF_050624435.1|RYR.0	GCF_050624435.1	Tenrec ecaudatus	Mammalia	Afrosoricida	RYR	0	found_annotated	informative10	20	11	15	20	20	1	ALKAL2;ALLC;ARHGEF10;CHRM3;CLN8;COLEC11;DCDC2C;DLGAP2;ERICH1;FAM110C;FBXO25;FMN2;GREM2;MTR;RGS7;RNASEH1;RPS7;SH3YL1;SOX11;TDRP
Tenrec_ecaudatus|GCF_050624435.1|RYR.1	GCF_050624435.1	Tenrec ecaudatus	Mammalia	Afrosoricida	RYR	1	found_annotated	informative10	20	10	10	20	19	0	ACTN4;C18H19ORF33;CAPN12;CATSPERG;ECH1;EIF3K;FAM98C;GGN;HNRNPL;KCNK6;LGALS4;LGALS7;MAP4K1;PSMD8;RASGRP4;RINL;SIRT2;SPINT2;SPRED3;YIF1B
Tenrec_ecaudatus|GCF_050624435.1|RYR.2	GCF_050624435.1	Tenrec ecaudatus	Mammalia	Afrosoricida	RYR	2	found_annotated	informative10	20	44	11	20	19	0	ACTC1;AQR;ARHGAP11A;AVEN;CDIN1;CHRM5;DPH6;EMC4;EMC7;FMN1;GJD2;GREM1;KATNBL1;LPCAT4;NOP10;NUTM1;OR4K14;SCG5;SLC12A6;ZNF770
Danio_rerio|GCF_052040795.1|ITPR1.0	GCF_052040795.1	Danio rerio	Actinopteri	Cypriniformes	ITPR1	0	found_annotated	informative10	20	10	15	20	20	1	C1QL4B;CCDC174;CHCHD4B;COL7A1;EFCAB12;ENDOU;ESPL1;IP6K2B;ITGB7;MYL6;PFDN5;PFKFB4B;PFKM;SEC61A1A;SLC4A8;SMARCC2;SUMF1;TSFM;TTLL3;UROC1
Danio_rerio|GCF_052040795.1|ITPR1.1	GCF_052040795.1	Danio rerio	Actinopteri	Cypriniformes	ITPR1	1	found_annotated	informative10	20	14	11	20	20	0	ARL8B;BHLHE40;BRK1;CAMKV;CAV4A;GNAI2A;GPX1A;GRM2B;INKA1A;MON1A;MST1R;NFYA;PSMA5;RRP9;SEMA3F;SETMAR;SLC38A3A;SORT1A;TEX264B;TRAIP
Danio_rerio|GCF_052040795.1|ITPR2.0	GCF_052040795.1	Danio rerio	Actinopteri	Cypriniformes	ITPR2	0	found_annotated	informative10	20	10	10	20	18	1	ALX1;BHLHE41;C1QTNF13;CHS2;CHS3;CHS4;CTSD;EEA1;EPS8B;LRRIQ1;MGAT4C;NR1H4;NTS;NUDT4A;PLEKHG7;RASSF9;SLC17A8;SLC6A15;SSPN;UBE2N
Danio_rerio|GCF_052040795.1|ITPR3.0	GCF_052040795.1	Danio rerio	Actinopteri	Cypriniformes	ITPR3	0	found_annotated	informative10	20	10	13	20	20	1	AJAP1;ALAS2;B3GNT7L;CEP104;COL2A1A;CPT2;CRY3A;DFFB;ELA2;ELA2L;FHAD1;GLS2A;GPR37L1B;LRRC47;MAGOH;NPHP4;PORCN;SPRYD4;TMCO1;UCK2A
Danio_rerio|GCF_052040795.1|RYR.0	GCF_052040795.1	Danio rerio	Actinopteri	Cypriniformes	RYR	0	found_annotated	informative10	20	11	11	20	20	1	ADKB;CHRM3B;DYDC2;EXOC7;FAM53B;FH;FMN2B;GREM2B;HHEX;HPDL;LHPP;LZTS2B;MTR;OAT;PDZD7B;PLAU;RGS7B;SELENOU1B;VCLB;ZRANB1A
Danio_rerio|GCF_052040795.1|RYR.1	GCF_052040795.1	Danio rerio	Actinopteri	Cypriniformes	RYR	1	found_annotated	informative10	20	11	13	20	20	0	B3GLCT;BCL7B;C2CD2;CFAP298;COL26A1;CUX1A;EVA1C;FRYB;HUNK;IL2RG;KL;MDH2;MIS18A;MYL10;PRDM15;RXFP2A;SKA2;TBL2;TEX14;ZAR1L
Danio_rerio|GCF_052040795.1|RYR.2	GCF_052040795.1	Danio rerio	Actinopteri	Cypriniformes	RYR	2	found_annotated	informative10	20	14	10	20	20	0	ACTMAP;B3GAT1A;BCKDH;CFAP45;CLASRP;EXOSC5;HNRNPUL1;ITPKC;KCNAB1A;LEKR1;OPA3;PPP1R13L;RASGRP4;SIAE;SNRP;SSR3;TBRG1;TIPARP;TMEM91;VMN2R1
Danio_rerio|GCF_052040795.1|RYR.3	GCF_052040795.1	Danio rerio	Actinopteri	Cypriniformes	RYR	3	found_annotated	informative10	20	12	25	20	19	0	ACP7;ACTC1B;ARHGAP11A;BMF1;CHRM5A;CYP1C1;CYP1C2;DNAJC17;DORIP1;EIF2AK4;EMC7A;FANCM;FSIP1;GCHFR;GREM1B;INF2;KLHL28;SOUL3;THBS1A;TOGARAM1
Danio_rerio|GCF_052040795.1|RYR.4	GCF_052040795.1	Danio rerio	Actinopteri	Cypriniformes	RYR	4	found_annotated	informative10	20	11	11	20	19	0	ACOT20;ACOT21;ACTC1A;ADAM17B;ASAP2B;AVEN;CHRM5B;EMC7B;FMN1;GPR176;GREM1A;KATNBL1;KLF11A;RRM2;SCG5;SRSF5B;SUSD6;TAF1B;THBS1B;YWHAQ
Danio_rerio|GCF_052040795.1|RYR.5	GCF_052040795.1	Danio rerio	Actinopteri	Cypriniformes	RYR	5	found_annotated	informative10	20	10	12	20	20	0	ACTN2B;ADD3B;BNIP4;CHRM3A;CYP26C1;DICER1;EBF3B;ECD;FMN2A;GNRH3;GREM2A;GSC;KIF11;MGMT;P4HA1B;REEP3A;RGS7A;SLC22A15;SMNDC1;SORCS3B
Somniosus_microcephalus|GCF_052327205.1|ITPR1.0	GCF_052327205.1	Somniosus microcephalus	Chondrichthyes	Squaliformes	ITPR1	0	found_annotated	informative10	20	19	23	20	20	1	ARL8B;BHLHE40;CAV3;CCDC174;CHL1B;CRBN;EDEM1;GRIP2B;LMCD1;LRRN1;PDZRN3B;PPP4R2B;RAD18;RASSF1;SEC13;SEMA3H;SETMAR;TATDN2;TRNT1;ZMYND10
Somniosus_microcephalus|GCF_052327205.1|ITPR2.0	GCF_052327205.1	Somniosus microcephalus	Chondrichthyes	Squaliformes	ITPR2	0	found_annotated	informative10	20	21	30	20	20	1	BCAT1;BHLHE41;C2CD5;CDK17;CFAP54;CRADD;DNAI7;ELK3;GYS2;INTS13;IRAG2;KISS2;MRPL42;NEDD1;PLEKHG7;RASSF8B;SOCS2;SOX5;SSPN;ST8SIA1
Somniosus_microcephalus|GCF_052327205.1|ITPR3.0	GCF_052327205.1	Somniosus microcephalus	Chondrichthyes	Squaliformes	ITPR3	0	found_annotated	informative10	20	28	35	20	20	1	ANKS1A;BRPF3B;C18H6ORF89;CYB5R1;FANCE;GPR25;KIF21B;LGR6;MKRN4;MLNL;MYOG;PPFIA4;PPIL1;RNPEP;SMIM29;TIMM17A;TMEM167B;TMEM183A;TNNT2A;UBE2T
Somniosus_microcephalus|GCF_052327205.1|RYR.0	GCF_052327205.1	Somniosus microcephalus	Chondrichthyes	Squaliformes	RYR	0	found_annotated	informative10	20	37	30	20	20	0	B9D2;BCKDH;BLOC1S3;BLVR;CAPNS1B;CHP2;COX7A1;DLC;DMAC2;ECH1;EXOSC5;NKPD1;PRSS16;PSMD8;RASGRP4;RNASET2L;SPRED3;SRSF7A;SUPT5H;TIMM50
Somniosus_microcephalus|GCF_052327205.1|RYR.1	GCF_052327205.1	Somniosus microcephalus	Chondrichthyes	Squaliformes	RYR	1	found_annotated	informative10	20	12	23	20	20	0	ADPGK2;CEBPZ;CHRM3B;FBXO11B;FH;FMN2B;GREM2B;GTF2A1L;HEATR1;KMO;LGALS8A;MOCS3;MTR;NDUFAF7;OPN3;PPP1R21;PRKD3;QPCT;SLC30A6;XPO5
Somniosus_microcephalus|GCF_052327205.1|RYR.2	GCF_052327205.1	Somniosus microcephalus	Chondrichthyes	Squaliformes	RYR	2	found_annotated	informative10	20	18	12	20	20	1	AQR;ARG2;ARHGAP11A;AVEN;CDIN1;DPH6;EMC7B;FOXG1A;FSIP1;GPR176;KATNBL1;MEIS2A;PRKD1;RDH12;SPRED1;STXBP6;THBS1B;TSLIG3B;VTI1B;ZFYVE26
Giraffa_tippelskirchi|GCF_054371585.1|ITPR1.0	GCF_054371585.1	Giraffa tippelskirchi	Mammalia	Artiodactyla	ITPR1	0	found_annotated	informative10	20	12	17	20	18	1	ARL8B;BHLHE40;CAV3;CHL1;CNTN3;CNTN4;CNTN6;CRBN;EDEM1;GRM7;IL5RA;LMCD1;LRRN1;OXTR;PDZRN3;RAD18;SRGAP3;SSUH2;SUMF1;TRNT1
Giraffa_tippelskirchi|GCF_054371585.1|ITPR2.0	GCF_054371585.1	Giraffa tippelskirchi	Mammalia	Artiodactyla	ITPR2	0	found_annotated	informative10	20	10	12	20	20	1	BCAT1;BHLHE41;BMAL2;C4H12ORF71;DNAI7;ETFRF1;FGFR1OP2;INTS13;IRAG2;KRAS;LMNTD1;MED21;PPFIBP1;RASSF8;REP15;SMCO2;SOX5;SSPN;STK38L;TM7SF3
Giraffa_tippelskirchi|GCF_054371585.1|ITPR3.0	GCF_054371585.1	Giraffa tippelskirchi	Mammalia	Artiodactyla	ITPR3	0	found_annotated	informative10	20	11	11	20	18	1	BAK1;CUTA;DAXX;GRM4;HMGA1;ILRUN;KIFC1;LEMD2;MLN;NUDT3;PACSIN1;PHF1;RPS10;SMIM29;SMIM40;SPDEF;SYNGAP1;TAPBP;ZBTB22;ZBTB9
Giraffa_tippelskirchi|GCF_054371585.1|RYR.0	GCF_054371585.1	Giraffa tippelskirchi	Mammalia	Artiodactyla	RYR	0	found_annotated	informative10	20	29	11	20	19	1	ACTN2;BMS1;CHRM3;CSGALNACT2;EDARADD;ERO1B;FXYD4;GNG4;GPR137B;HEATR1;HNRNPF;LGALS8;LYST;MTR;NID1;RASGEF1A;RET;ZNF248;ZNF25;ZP4
Giraffa_tippelskirchi|GCF_054371585.1|RYR.1	GCF_054371585.1	Giraffa tippelskirchi	Mammalia	Artiodactyla	RYR	1	found_annotated	informative10	20	12	20	20	15	0	ACTN4;CAPN12;DPF1;ECH1;EIF3K;HNRNPL;LGALS4;MAP4K1;NFKBIB;RINL;SIPA1L3;SIRT2;WDR87;ZFP30;ZFP82;ZNF527;ZNF568;ZNF569;ZNF571;ZNF793
Giraffa_tippelskirchi|GCF_054371585.1|RYR.2	GCF_054371585.1	Giraffa tippelskirchi	Mammalia	Artiodactyla	RYR	2	found_annotated	informative10	20	32	12	20	19	0	ACTC1;AQR;ARHGAP11A;AVEN;CDIN1;CHRM5;DPH6;EMC4;EMC7;FMN1;GJD2;GREM1;KATNBL1;LPCAT4;NOP10;NUTM1;OR4K14;SCG5;SLC12A6;ZNF770
Hypomesus_nipponensis|GCF_054491055.1|ITPR1.0	GCF_054491055.1	Hypomesus nipponensis	Actinopteri	Osmeriformes	ITPR1	0	found_annotated	informative10	20	40	13	20	20	1	ATF1;ATF7B;CALCOCO1B;CDK4;CYP27B1;DIP2B;DTX3L;ESPL1;FAIM2B;HNRNPA1A;LARP4A;METTL1;PFDN5;SCN8A;SLC4A8;SUMF1;TMT1A;TTLL3;ZC3H10;ZNF740A
Hypomesus_nipponensis|GCF_054491055.1|ITPR1.1	GCF_054491055.1	Hypomesus nipponensis	Actinopteri	Osmeriformes	ITPR1	1	found_annotated	informative10	20	11	13	20	20	0	ARL6IP5A;ARL8B;AVPR2B;BHLHE40;CAMKV;CCDC120B;CXXC1B;EEVS;FOXP1B;FRMD4B;GRM6B;LRRN1;MBD1B;MDFIC2;MITF;MON1A;MST1R;SETMAR;TRAIP;TRNT1
Hypomesus_nipponensis|GCF_054491055.1|ITPR2.0	GCF_054491055.1	Hypomesus nipponensis	Actinopteri	Osmeriformes	ITPR2	0	found_annotated	informative10	20	11	11	20	20	1	BANP;BHLHE41;BMAL2;C1QTNF13;CES2B;EEA1;ENDOUC;FANCI;FBXO31;KRAS;NR1H4;NUDT4A;PLEKHG7;POLG;PPFIBP1B;RASSF8A;SLC17A8;SSPN;UBE2N;ZNF469
Hypomesus_nipponensis|GCF_054491055.1|ITPR3.0	GCF_054491055.1	Hypomesus nipponensis	Actinopteri	Osmeriformes	ITPR3	0	found_annotated	informative10	20	15	24	20	20	1	CALCOCO1A;CTNNBL1;EDEM2;ESYT1A;FANCE;FMNL3;HOXC12A;HOXC13A;INAVA;IRAG3A;MBD6;MKRN4;NR1D4A;QUOA;RARG;RPRD1B;SENP1;SLC61A1;TGM2A;TTI1
Hypomesus_nipponensis|GCF_054491055.1|RYR.0	GCF_054491055.1	Hypomesus nipponensis	Actinopteri	Osmeriformes	RYR	0	found_annotated	informative10	20	12	11	20	20	1	ARG1;ATOH1C;BTBD16;C13H10ORF88;CHRM3B;CYP26A1;EXOC6;FH;FMN2B;GREM2B;HEATR1;HHEX;HTRA1B;JMJD1C;MTR;P4HA1A;PLEKHA1B;REEP3B;RGS7B;WAPL
Hypomesus_nipponensis|GCF_054491055.1|RYR.1	GCF_054491055.1	Hypomesus nipponensis	Actinopteri	Osmeriformes	RYR	1	found_annotated	informative10	19	14	60	19	19	0	AVD;CBLN17;CHRNE;FBXW11B;GNB2;GUCY2D;HNRNPUL1L;HRH2B;HSD20B2;MINK1;NUP98;PCDH1A;PCDH1G32;PLD2;RSPH4A;SERPINF1;SLC12A9;SLCO2B1;SYMPK
Hypomesus_nipponensis|GCF_054491055.1|RYR.2	GCF_054491055.1	Hypomesus nipponensis	Actinopteri	Osmeriformes	RYR	2	found_annotated	informative10	20	24	10	20	20	0	ARRB1;ATG16L2;AXL;B3GNT2L;BCKDH;BICR;CYP2Y3;EXOSC5;HNRNPUL1;LIPT2;NAPA;OPA3;OR55E1;PGM2L1;PPP1R13L;PPP5C;RASGRP4;TGFB1A;TMEM91;WDR62
Hypomesus_nipponensis|GCF_054491055.1|RYR.3	GCF_054491055.1	Hypomesus nipponensis	Actinopteri	Osmeriformes	RYR	3	found_annotated	informative10	20	15	12	20	20	0	ACP7;ACTC1B;ADSS1;ARHGAP11A;BMF1;CCDC28B;CHRM5A;DNAJC17;DORIP1;EIF2AK4;FSIP1;GCHFR;GREM1B;INF2;KHDRBS1A;KLHL28;SIVA1;THBS1A;TMEM39B;TOGARAM1
Hypomesus_nipponensis|GCF_054491055.1|RYR.4	GCF_054491055.1	Hypomesus nipponensis	Actinopteri	Osmeriformes	RYR	4	found_annotated	informative10	20	20	14	20	20	0	ABCG5;ACTN2B;CCSER2A;CDK1;CEP170A;CHRM3A;DYNC2LI1;ECD;FAM149B1;FMN2A;GREM2A;GRID1A;HTRA1A;NDNFL;P4HA1B;RGS7A;RTKN2;SLC16A9A;SPARCL2;WAPL
Hypomesus_nipponensis|GCF_054491055.1|RYR.5	GCF_054491055.1	Hypomesus nipponensis	Actinopteri	Osmeriformes	RYR	5	found_annotated	informative10	20	13	14	20	20	0	ACOT20;ACTC1A;AVEN;BCL11B;CCDC85C;CHRM5B;ELP3;EMC7B;FMN1;GPR176;GREM1A;HMBOX1B;KATNBL1;PAPOL;PAQR8;PNOC;SCG5;SUSD6;THBS1B;ZNF395B
Lutjanus_erythropterus|GCF_056507025.1|ITPR1.0	GCF_056507025.1	Lutjanus erythropterus	Actinopteri	Lutjaniformes	ITPR1	0	found_annotated	informative10	20	29	13	20	20	1	ATF1;ATF7B;CDK4;CYP27B1;DIP2B;ESPL1;FAIM2B;LARP4A;MCRS1;METTL1;MMP19;PFDN5;PFKM;SCN8A;SLC4A8;SUMF1;SUOX;TMT1A;ZC3H10;ZNF740A
Lutjanus_erythropterus|GCF_056507025.1|ITPR1.1	GCF_056507025.1	Lutjanus erythropterus	Actinopteri	Lutjaniformes	ITPR1	1	found_annotated	informative10	20	11	16	20	20	0	ARL6IP5A;AVPR2B;BHLHE40;CCDC120B;COMT;CXXC1B;EEVS;FOXP1B;FRMD4B;GRM6B;LRRN1;MBD1B;MDFIC2;MITF;MON1A;MST1R;SETMAR;TFE3B;TRAIP;TRNT1
Lutjanus_erythropterus|GCF_056507025.1|ITPR2.0	GCF_056507025.1	Lutjanus erythropterus	Actinopteri	Lutjaniformes	ITPR2	0	found_annotated	informative10	20	11	11	20	20	1	BANP;BHLHE41;BMAL2;C1QTNF13;CES2B;EEA1;ENDOUC;FANCI;FBXO31;KRAS;NR1H4;NUDT4A;PLEKHG7;POLG;PPFIBP1B;RASSF8A;SLC17A8;SSPN;UBE2N;ZNF469
Lutjanus_erythropterus|GCF_056507025.1|ITPR3.0	GCF_056507025.1	Lutjanus erythropterus	Actinopteri	Lutjaniformes	ITPR3	0	found_annotated	informative10	20	20	21	20	20	1	ACSS2;BCAP31;COMMD7;DNMT3B;ELK1;GRIPAP1;KCND1;MRGBP;OTUD5A;PIM2;PLXNA3;PPDPF;PTK6B;PTPN18;SLC35A2;SLC6A8;SNX21;SRMS;TPD52L2B;TRIM101
Lutjanus_erythropterus|GCF_056507025.1|RYR.0	GCF_056507025.1	Lutjanus erythropterus	Actinopteri	Lutjaniformes	RYR	0	found_annotated	informative10	20	26	11	20	20	1	ACBD4;ADGRA1A;ADOA;BMS1;CABCOCO1;CEP131;CHRM3B;CYP26A1;EGR2B;EXOC6;FMN2B;GALK1;HHEX;JMJD1C;LLGL2;MTR;NRBF2B;REEP3B;ST6GALNAC;TMEM26B
Lutjanus_erythropterus|GCF_056507025.1|RYR.1	GCF_056507025.1	Lutjanus erythropterus	Actinopteri	Lutjaniformes	RYR	1	found_annotated	informative10	20	13	22	20	20	0	AXL;B3GNT2L;BCKDH;BICR;CLDN;CLDNE;CLDNF;CLDNJ;EXOSC5;GIPR;GPR171;HNRNPUL1;NAPA;OPA3;PPP1R13L;PPP5C;RASGRP4;SBDS;TGFB1A;TMEM91
Lutjanus_erythropterus|GCF_056507025.1|RYR.2	GCF_056507025.1	Lutjanus erythropterus	Actinopteri	Lutjaniformes	RYR	2	found_annotated	informative10	20	23	11	20	20	0	ARHGAP31;BRD8A;CXXC5A;DNAJC18;GABRR3A;GNG8;GSX1;LIPI;MAP7D2A;NFRK;NRG2A;PDHA1A;PHLDB2A;PPP3C;PRDX4;PURA;SLC22A6L;SMS;TMEM45B;WASF3A
Lutjanus_erythropterus|GCF_056507025.1|RYR.3	GCF_056507025.1	Lutjanus erythropterus	Actinopteri	Lutjaniformes	RYR	3	found_annotated	informative10	20	15	26	20	19	0	ACP7;ACTC1B;ADSS1;AREL1;ARHGAP11A;BMF1;CHRM5A;CYP1C1;CYP1C2;DNAJC17;EIF2AK4;EXD1;FSIP1;GCHFR;GPX2;GREM1B;LIN52;POMT2;THBS1A;VSX2
Lutjanus_erythropterus|GCF_056507025.1|RYR.4	GCF_056507025.1	Lutjanus erythropterus	Actinopteri	Lutjaniformes	RYR	4	found_annotated	informative10	20	12	12	20	20	0	ABRACL;ACOT20;ACTC1A;AVEN;CHRM5B;CLU;EMC7B;FMN1;GPR176;GREM1A;HECA;KATNBL1;MAX;MTIF3;REPS1;SCARA3;SCG5;SRSF5B;SUSD6;THBS1B
Lutjanus_erythropterus|GCF_056507025.1|RYR.5	GCF_056507025.1	Lutjanus erythropterus	Actinopteri	Lutjaniformes	RYR	5	found_annotated	informative10	20	16	14	20	20	0	ACTN2B;BICC1A;BORA;CCSER2A;CHRM3A;DACHC;DIS3;DNAJC9;ECD;FAM149B1;FMN2A;GREM2A;GRID1A;MZT1;NDNFL;P4HA1B;RGS7A;SPARCL2;UBAC2;WAPL
Rhamphochromis_longiceps|GCF_057381845.1|ITPR1.0	GCF_057381845.1	Rhamphochromis longiceps	Actinopteri	Cichliformes	ITPR1	0	found_annotated	informative10	20	31	15	20	20	1	ATF1;ATF7B;CDK4;CYP27B1;DIP2B;ESPL1;FAIM2B;LARP4A;MCRS1;METTL1;MMP19;PFDN5;PFKM;SCN8A;SLC4A8;SUOX;TIMELESS;TTLL3;ZC3H10;ZNF740A
Rhamphochromis_longiceps|GCF_057381845.1|ITPR1.1	GCF_057381845.1	Rhamphochromis longiceps	Actinopteri	Cichliformes	ITPR1	1	found_annotated	informative10	20	15	32	20	20	0	ARL6IP5A;ARL8B;AVPR2B;BHLHE40;CAMKV;CCDC120B;COMT;EEVS;FOXP1B;FRMD4B;GRM6B;LRRN1;MDFIC2;MITF;MON1A;MST1R;SEMA3F;SETMAR;TRAIP;TRNT1
Rhamphochromis_longiceps|GCF_057381845.1|ITPR2.0	GCF_057381845.1	Rhamphochromis longiceps	Actinopteri	Cichliformes	ITPR2	0	found_annotated	informative10	20	16	11	20	20	1	BANP;BHLHE41;BMAL2;C1QTNF13;EEA1;ENDOUC;FANCI;FBXO31;KRAS;NR1H4;NUDT4A;PLEKHG7;POLG;PPFIBP1B;RASSF8A;RHCG;SLC17A8;SSPN;UBE2N;ZNF469
Rhamphochromis_longiceps|GCF_057381845.1|ITPR3.0	GCF_057381845.1	Rhamphochromis longiceps	Actinopteri	Cichliformes	ITPR3	0	found_annotated	informative10	20	23	42	20	20	1	BCAP31;DRC7;EDEM2;ELK1;GRIPAP1;HM13;KCND1;MRGBP;NDNL2;OTUD5A;PIM2;PLXNA3;PTPN18;RFC2;SLC35A2;SLC6A8;SNX21;SULF2B;TAFAZZIN;USP11
Rhamphochromis_longiceps|GCF_057381845.1|RYR.0	GCF_057381845.1	Rhamphochromis longiceps	Actinopteri	Cichliformes	RYR	0	found_annotated	informative10	10	60	37	10	10	1	CA10A;CASKIN2A;EME1;FOXK2A;KDELR2B;METTL9;MRPL27;NME2A;SHISA6B;WDR45B
Rhamphochromis_longiceps|GCF_057381845.1|RYR.1	GCF_057381845.1	Rhamphochromis longiceps	Actinopteri	Cichliformes	RYR	1	found_annotated	informative10	7	38	60	7	7	0	CCDC57;FASN;IPMK;NAGLU;RBFOX3A;TFAM;UBE2D1B
Rhamphochromis_longiceps|GCF_057381845.1|RYR.2	GCF_057381845.1	Rhamphochromis longiceps	Actinopteri	Cichliformes	RYR	2	found_annotated	informative10	20	10	25	20	20	0	AXL;B3GNT2L;BCKDH;BICR;CALN1;CLDNF;CLDNJ;EXOSC5;GALNT17;GIPR;HNRNPUL1;NAPA;OPA3;PPP1R13L;PPP5C;RASGRP4;SBDS;TGFB1A;TMEM91;TYW1
Rhamphochromis_longiceps|GCF_057381845.1|RYR.3	GCF_057381845.1	Rhamphochromis longiceps	Actinopteri	Cichliformes	RYR	3	found_annotated	informative10	20	26	11	20	20	0	ARHGAP31;BRD8A;CXXC5A;DNAJC18;GABRR3A;GNG8;GSX1;LIPI;MAP7D2A;NFRK;NRG2A;PDHA1A;PHLDB2A;PPP3C;PRDX4;PURA;SLC22A6L;SMS;TMEM45B;WASF3A
Rhamphochromis_longiceps|GCF_057381845.1|RYR.4	GCF_057381845.1	Rhamphochromis longiceps	Actinopteri	Cichliformes	RYR	4	found_annotated	informative10	20	26	16	20	20	0	ACP7;ACTC1B;ADSS1;AREL1;ARHGAP11A;BMF1;CHRM5A;CYP1C1;DNAJC17;EIF2AK4;EXD1;FSIP1;GCHFR;GPX2;GREM1B;LIN52;POMT2;SIVA1;THBS1A;VSX2
Rhamphochromis_longiceps|GCF_057381845.1|RYR.5	GCF_057381845.1	Rhamphochromis longiceps	Actinopteri	Cichliformes	RYR	5	found_annotated	informative10	20	16	14	20	20	0	ABRACL;ACTC1A;AK7A;AVEN;CHRM5B;CLU;EMC7B;GPR176;HECA;KATNBL1;KNSTRN;MAX;MTIF3;REPS1;SCARA3;SCG5;SLC10A1;SRSF5B;SUSD6;THBS1B
Rhamphochromis_longiceps|GCF_057381845.1|RYR.6	GCF_057381845.1	Rhamphochromis longiceps	Actinopteri	Cichliformes	RYR	6	found_annotated	informative10	20	15	16	20	20	0	ACTN2B;BICC1A;BORA;CCSER2A;CHRM3A;DACHC;DNAJC9;ECD;FAM149B1;FMN2A;GREM2A;GRID1A;MZT1;NDNFL;P4HA1B;PHYHIPL;RGS7A;SPARCL2;UBAC2;WAPL
Mastacembelus_armatus|GCF_900324485.3|ITPR1.0	GCF_900324485.3	Mastacembelus armatus	Actinopteri	Synbranchiformes	ITPR1	0	found_annotated	informative10	20	29	15	20	20	1	ATF1;ATF7B;C1QL4B;CDK4;CYP27B1;DIP2B;ESPL1;FAIM2B;LARP4A;MCRS1;METTL1;MMP19;PFDN5;PFKM;SCN8A;SLC4A8;SUMF1;SUOX;ZC3H10;ZNF740A
Mastacembelus_armatus|GCF_900324485.3|ITPR1.1	GCF_900324485.3	Mastacembelus armatus	Actinopteri	Synbranchiformes	ITPR1	1	found_annotated	informative10	20	11	13	20	20	0	ARL6IP5A;ARL8B;AVPR2B;BHLHE40;CAMKV;CCDC120B;COMT;EEVS;FOXP1B;FRMD4B;GRM6B;LRRN1;MBD1B;MDFIC2;MITF;MON1A;MST1R;SETMAR;TRAIP;TRNT1
Mastacembelus_armatus|GCF_900324485.3|ITPR2.0	GCF_900324485.3	Mastacembelus armatus	Actinopteri	Synbranchiformes	ITPR2	0	found_annotated	informative10	20	11	11	20	20	1	BANP;BHLHE41;BMAL2;C1QTNF13;EEA1;ENDOUC;FANCI;FBXO31;KRAS;NR1H4;NUDT4A;PLEKHG7;POLG;PPFIBP1B;RASSF8A;RHCG;SLC17A8;SSPN;UBE2N;ZNF469
Mastacembelus_armatus|GCF_900324485.3|ITPR3.0	GCF_900324485.3	Mastacembelus armatus	Actinopteri	Synbranchiformes	ITPR3	0	found_annotated	informative10	20	30	23	20	19	1	CCDC135;CCDC22;CLCN6;EDEM2;GPR37L1B;GRIPAP1;HM13;KCND1;MRGBP;MTHFR;NPPA;NPPAL;NPPB;PTPN18;RFC2;SNX21;SULF2B;TBC1D25;USP11;VPS13D
Mastacembelus_armatus|GCF_900324485.3|RYR.0	GCF_900324485.3	Mastacembelus armatus	Actinopteri	Synbranchiformes	RYR	0	found_annotated	informative10	20	11	18	20	20	1	ACBD4;ADOA;BMS1;CHRM3B;COPS3;COX19;EGR2B;EXOC6;FMN2B;HHEX;LMF1;LRRC45;MTR;NRBF2B;NT5M;PEMT;RAB26;RAC3B;SOX8A;TRUB1
Mastacembelus_armatus|GCF_900324485.3|RYR.1	GCF_900324485.3	Mastacembelus armatus	Actinopteri	Synbranchiformes	RYR	1	found_annotated	informative10	20	11	26	20	20	0	AXL;B3GNT2L;BCKDH;CLDN;CLDNJ;EXOSC5;GALNT17;GIPR;HNRNPUL1;NAPA;NUP88;OPA3;PPP1R13L;PPP5C;RASGRP4;RHBDD1;SBDS;TGFB1A;TMEM91;TYW1
Mastacembelus_armatus|GCF_900324485.3|RYR.2	GCF_900324485.3	Mastacembelus armatus	Actinopteri	Synbranchiformes	RYR	2	found_annotated	informative10	20	24	11	20	20	0	ARHGAP31;B4GALT4;BRD8A;CASR;CXXC5A;DNAJC18;GNG8;GSX1;LIPI;MAP7D2A;NFRK;NRG2A;PDHA1A;PPP3C;PRDX4;PURA;SLC22A6L;SMS;TMEM45B;WASF3A
Mastacembelus_armatus|GCF_900324485.3|RYR.3	GCF_900324485.3	Mastacembelus armatus	Actinopteri	Synbranchiformes	RYR	3	found_annotated	informative10	20	26	16	20	20	0	ACP7;ADSS1;AREL1;ARHGAP11A;BMF1;CHRM5A;CYP1C1;DNAJC17;EIF2AK4;EXD1;FSIP1;GCHFR;GPX2;GREM1B;LIN52;POMT2;SIVA1;THBS1A;VSX2;ZBTB42
Mastacembelus_armatus|GCF_900324485.3|RYR.4	GCF_900324485.3	Mastacembelus armatus	Actinopteri	Synbranchiformes	RYR	4	found_annotated	informative10	20	13	11	20	20	0	ABRACL;ACTC1A;CHRM5B;CLU;EMC7B;FNTB;GPR176;GREM1A;HECA;KATNBL1;KNSTRN;MAX;MTIF3;REPS1;SCARA3;SCG5;SLC10A1;SRSF5B;SUSD6;THBS1B
Mastacembelus_armatus|GCF_900324485.3|RYR.5	GCF_900324485.3	Mastacembelus armatus	Actinopteri	Synbranchiformes	RYR	5	found_annotated	informative10	20	14	15	20	20	0	ACTN2B;BICC1A;BORA;CCSER2A;CHRM3A;DACHC;DNAJC9;ECD;FAM149B1;FMN2A;GREM2A;GRID1A;KHDRBS2;MZT1;NDNFL;P4HA1B;PHYHIPL;RGS7A;UBAC2;WAPL
Gouania_willdenowi|GCF_900634775.2|ITPR1.0	GCF_900634775.2	Gouania willdenowi	Actinopteri	Blenniiformes	ITPR1	0	found_annotated	informative10	20	15	35	20	20	1	ATF1;ATF7B;CYP27B1;DIP2B;ESPL1;ESYT1B;FAIM2B;LARP4A;MCRS1;METTL1;OSGN1;PFDN5;PFKM;SCN8A;SLC4A8;SUMF1;SUOX;TTLL3;ZC3H10;ZNF740A
Gouania_willdenowi|GCF_900634775.2|ITPR1.1	GCF_900634775.2	Gouania willdenowi	Actinopteri	Blenniiformes	ITPR1	1	found_annotated	informative10	20	14	13	20	20	0	ADAMTS9;ARL6IP5A;ATXN7;EEVS;FOXP1B;FRMD4B;KBTBD8;LRIG1;LRRN1;MAGI1B;MDFIC2;MITF;PRICKLE2B;PROK2;PSMD6;SETMAR;SLC25A26;SLC2A9L1;THOC7;TRNT1
Gouania_willdenowi|GCF_900634775.2|ITPR2.0	GCF_900634775.2	Gouania willdenowi	Actinopteri	Blenniiformes	ITPR2	0	found_annotated	informative10	20	13	13	20	20	1	BANP;BHLHE41;BMAL2;C1QTNF13;EEA1;ENDOUC;FANCI;FBXO31;KRAS;NR1H4;NUDT4A;POLG;PPFIBP1B;RASSF8A;RHCG;SASS6;SLC17A8;SSPN;UBE2N;ZNF469
Gouania_willdenowi|GCF_900634775.2|ITPR3.0	GCF_900634775.2	Gouania willdenowi	Actinopteri	Blenniiformes	ITPR3	0	found_annotated	informative10	12	11	7	11	11	1	AMT;CELSR3;HM13;HYAL3;IFRD2;MGLL;MRGBP;NAA80;PRKAR2A;SLC26A6;WDR6
Gouania_willdenowi|GCF_900634775.2|RYR.0	GCF_900634775.2	Gouania willdenowi	Actinopteri	Blenniiformes	RYR	0	found_annotated	informative10	20	11	16	20	20	1	ADOA;ATP6V0A1B;BMS1;CCDC57;CHRM3B;CYP26A1;EGR2B;ENPP7;EXOC6;FASN;FMN2B;HHEX;IPMK;JMJD1C;MTR;NAGLU;NRBF2B;RAB3GAP1;REEP3B;TFAM
Gouania_willdenowi|GCF_900634775.2|RYR.1	GCF_900634775.2	Gouania willdenowi	Actinopteri	Blenniiformes	RYR	1	found_annotated	informative10	11	2	16	11	11	0	AXL;BLVR;CKMB;ERCC2;KCNK6;KLC3;MARK4B;PRX;RASGRP4;SERTAD3;SPTBN4B
Gouania_willdenowi|GCF_900634775.2|RYR.2	GCF_900634775.2	Gouania willdenowi	Actinopteri	Blenniiformes	RYR	2	found_annotated	informative10	20	22	12	20	20	0	ARHGAP31;CXXC5A;DNAJC18;GABRR3A;GNG8;GSX1;LIPI;MAP7D2A;NFRK;NRG2A;PDHA1A;PHLDB2A;PPP3C;PRDX4;PURA;PYGM;SLC22A6L;SMS;TMEM45B;WASF3A
Gouania_willdenowi|GCF_900634775.2|RYR.3	GCF_900634775.2	Gouania willdenowi	Actinopteri	Blenniiformes	RYR	3	found_annotated	informative10	20	15	26	20	20	0	ACP7;ACTC1B;ADSS1;AREL1;ARHGAP11A;BMF1;CHRM5A;CYP1C1;DNAJC17;EIF2AK4;EXD1;FSIP1;GCHFR;GPX2;GREM1B;LIN52;POMT2;SIVA1;THBS1A;VSX2
Gouania_willdenowi|GCF_900634775.2|RYR.4	GCF_900634775.2	Gouania willdenowi	Actinopteri	Blenniiformes	RYR	4	found_annotated	informative10	20	11	11	20	20	0	ACTC1A;CHRM5B;DYNLT1B;EMC7B;FMN1;FNTB;GPR176;GREM1A;GTF2H5;KATNBL1;MAX;MRPS10;SCG5;SERAC1;SLC10A1;SRSF5B;SUSD6;THBS1B;TMEM181;TULP4A
Gouania_willdenowi|GCF_900634775.2|RYR.5	GCF_900634775.2	Gouania willdenowi	Actinopteri	Blenniiformes	RYR	5	found_annotated	informative10	20	20	17	20	20	0	ACTN2B;BICC1A;BORA;CHRM3A;DACHC;DIS3;DNAJC9;ECD;FAM149B1;FMN2A;GRID1A;MZT1;NDNFL;P4HA1B;PHACTR2;PHYHIPL;PIBF1;SPARCL2;UBAC2;WAPL
Erpetoichthys_calabaricus|GCF_900747795.2|ITPR1.0	GCF_900747795.2	Erpetoichthys calabaricus	Cladistia	Polypteriformes	ITPR1	0	found_annotated	informative10	20	11	17	20	20	1	ABHD6A;ARL8B;AVPR2B;BHLHE40;CCDC174;CRBN;DENND6A;EDEM1;GHRL;LMCD1;LRRN1;NR2C2;PDE12;RPS23;SETMAR;SLMAP;SUMF1;TATDN2;TRNT1;VHL
Erpetoichthys_calabaricus|GCF_900747795.2|ITPR2.0	GCF_900747795.2	Erpetoichthys calabaricus	Cladistia	Polypteriformes	ITPR2	0	found_annotated	informative10	20	19	14	20	20	1	BCAT1;BHLHE41;C2CD5;DENND6B;DNAI7;EEA1;ETNK1;GCC1;INTS13;LRMP;MRPL42;NUDT4A;PLEKHG7;PPP6R2A;RABL2;RASSF8B;SOX5;SSPN;ST8SIA1;TYMP
Erpetoichthys_calabaricus|GCF_900747795.2|ITPR3.0	GCF_900747795.2	Erpetoichthys calabaricus	Cladistia	Polypteriformes	ITPR3	0	found_annotated	informative10	15	25	60	15	15	1	APOBEC2A;ARL8A;C3H6ORF89;CDKN1A;CELSR2;DSTYK;ELF3;FKBP5;FRS3;OARD1;PLXNA2;PPIL1;PTH4;SARS1;TMCC2
Erpetoichthys_calabaricus|GCF_900747795.2|RYR.0	GCF_900747795.2	Erpetoichthys calabaricus	Cladistia	Polypteriformes	RYR	0	found_annotated	informative10	20	28	10	20	20	1	ASRGL1;B3GAT2;CDC42EP3;CENPK;COL9A1B;EPHX5;FAM135A;FH;FMN2B;GREM2B;GTPBP2B;MAD2L1BP;MTR;OGFRL1;OPN3;POLH;RIMS1B;SDHAF4;SEC23B;SMAP1
Erpetoichthys_calabaricus|GCF_900747795.2|RYR.1	GCF_900747795.2	Erpetoichthys calabaricus	Cladistia	Polypteriformes	RYR	1	found_annotated	informative10	20	27	39	20	19	0	ACSL2;B9D2;BLVR;CCDC9;CCDC97;DACT3A;ENKD1;ESRRD;FOSB;HNRNPUL1L;KCNK6;NCCRP1;PAK4;POLB;PPP1R14A;SAE1;SERTAD3;SHKBP1;SPINT2;ZC3H4
Erpetoichthys_calabaricus|GCF_900747795.2|RYR.2	GCF_900747795.2	Erpetoichthys calabaricus	Cladistia	Polypteriformes	RYR	2	found_annotated	informative10	20	18	14	20	20	0	ACP7;ARHGAP11A;ATP6V1D;AVEN;CHRM5B;CHURC1;DICER1;EMC7B;FSIP1;GANC;GLRX5;GPR176;GSC;KATNBL1;RGS6;SIPA1L1;SPTB;SYNE3;THBS1B;ZFYVE26
Sparus_aurata|GCF_900880675.2|ITPR1.0	GCF_900880675.2	Sparus aurata	Actinopteri	Spariformes	ITPR1	0	found_annotated	informative10	20	13	30	20	20	1	ATF1;ATF7B;CDK4;CYP27B1;DIP2B;ESPL1;FAIM2B;LARP4A;MCRS1;METTL1;MMP19;PFDN5;SCN8A;SLC4A8;SUMF1;SUOX;TMT1A;TTLL3;ZC3H10;ZNF740A
Sparus_aurata|GCF_900880675.2|ITPR1.1	GCF_900880675.2	Sparus aurata	Actinopteri	Spariformes	ITPR1	1	found_annotated	informative10	20	14	13	20	20	0	ARL6IP5A;ARL8B;AVPR2B;BHLHE40;CCDC120B;COMT;CXXC1B;FOXP1B;FRMD4B;GPR27;GRM6B;LRRN1;MBD1B;MDFIC2;MITF;MON1A;MST1R;SETMAR;TRAIP;TRNT1
Sparus_aurata|GCF_900880675.2|ITPR2.0	GCF_900880675.2	Sparus aurata	Actinopteri	Spariformes	ITPR2	0	found_annotated	informative10	20	14	11	20	20	1	BANP;BHLHE41;BMAL2;C1QTNF13;CES2B;EEA1;ENDOUC;FANCI;FBXO31;KRAS;NR1H4;NUDT4A;PLEKHG7;POLG;PPFIBP1B;RASSF8A;SLC17A8;SSPN;UBE2N;ZNF469
Sparus_aurata|GCF_900880675.2|ITPR3.0	GCF_900880675.2	Sparus aurata	Actinopteri	Spariformes	ITPR3	0	found_annotated	informative10	20	26	57	20	20	1	ACSS2;ATP6AP1A;BCAP31;CCDC135;EDEM2;ELK1;GPR37L1B;GRIPAP1;HM13;KCND1;NDNL2;OTUD5A;PIM2;PLXNA3;PTPN18;RFC2;SLC35A2;SNX21;TAFAZZIN;USP11
Sparus_aurata|GCF_900880675.2|RYR.0	GCF_900880675.2	Sparus aurata	Actinopteri	Spariformes	RYR	0	found_annotated	informative10	20	17	15	20	20	1	ABCC3;ACBD4;ADGRA1A;CABCOCO1;CCDC57;CSNK1D;DAGL;FASN;GALK1;LLGL2;MBTD1;MRPL58;MYO15B;RAB3GAP1;SAP30BP;SLC16A3B;SPAG9B;TDRKH;TMEM26B;TMEM94
Sparus_aurata|GCF_900880675.2|RYR.1	GCF_900880675.2	Sparus aurata	Actinopteri	Spariformes	RYR	1	found_annotated	informative10	20	31	11	20	20	0	AXL;B3GNT2L;BCKDH;BICR;CALN1;CLDN;CLDNJ;EXOSC5;GALNT17;GIPR;HNRNPUL1;NAPA;OPA3;PPP1R13L;PPP5C;RASGRP4;SBDS;TGFB1A;TMEM91;TYW1
Sparus_aurata|GCF_900880675.2|RYR.2	GCF_900880675.2	Sparus aurata	Actinopteri	Spariformes	RYR	2	found_annotated	informative10	20	23	11	20	20	0	ATP6V1A;BRD8A;CXXC5A;DNAJC18;GABRR3A;GNG8;GSX1;LIPI;MAP7D2A;NFRK;NRG2A;PDHA1A;PHLDB2A;PPP3C;PRDX4;PURA;SLC22A6L;SMS;TMEM45B;WASF3A
Sparus_aurata|GCF_900880675.2|RYR.3	GCF_900880675.2	Sparus aurata	Actinopteri	Spariformes	RYR	3	found_annotated	informative10	20	26	15	20	20	0	ACP7;ACTC1B;ADSS1;AREL1;ARHGAP11A;BMF1;CHRM5A;CYP1C1;DNAJC17;EIF2AK4;EXD1;FSIP1;GCHFR;GPX2;GREM1B;LIN52;POMT2;SIVA1;THBS1A;VSX2
Sparus_aurata|GCF_900880675.2|RYR.4	GCF_900880675.2	Sparus aurata	Actinopteri	Spariformes	RYR	4	found_annotated	informative10	20	12	10	20	20	0	ABRACL;ACOT20;ACTC1A;AVEN;CHRM5B;CLU;EMC7B;FMN1;GPR176;GREM1A;HECA;KATNBL1;MTIF3;REPS1;SCARA3;SCG5;SLC10A1;SRSF5B;SUSD6;THBS1B
Sparus_aurata|GCF_900880675.2|RYR.5	GCF_900880675.2	Sparus aurata	Actinopteri	Spariformes	RYR	5	found_annotated	informative10	20	13	14	20	20	0	ACTN2B;BICC1A;CCSER2A;CHRM3A;DACHC;DNAJC9;ECD;FAM149B1;FMN2A;GREM2A;GRID1A;MZT1;NDNFL;P4HA1B;PHYHIPL;RGS7A;SLC16A9A;SPARCL2;UBAC2;WAPL
Takifugu_rubripes|GCF_901000725.3|ITPR1.0	GCF_901000725.3	Takifugu rubripes	Actinopteri	Tetraodontiformes	ITPR1	0	found_annotated	informative10	20	24	19	20	20	1	ATF1;ATF7B;CDK4;CYP27B1;DIP2B;ESPL1;ESYT1B;FAIM2B;LARP4A;MCRS1;METTL1;MMP19;PFDN5;SLC4A8;SUMF1;SUOX;TIMELESS;TTLL3;ZC3H10;ZNF740A
Takifugu_rubripes|GCF_901000725.3|ITPR1.1	GCF_901000725.3	Takifugu rubripes	Actinopteri	Tetraodontiformes	ITPR1	1	found_annotated	informative10	20	12	12	20	19	0	ARL8B;CAMKV;CCDC120B;CDK5RAP1;CHL1B;CNTN4;CNTN6;COMT;GHRH;GRM6B;IFT52;LRRN1;MBD1B;MON1A;MST1R;MYBL2B;RPN2;SEMA3F;SETMAR;TRAIP
Takifugu_rubripes|GCF_901000725.3|ITPR2.0	GCF_901000725.3	Takifugu rubripes	Actinopteri	Tetraodontiformes	ITPR2	0	found_annotated	informative10	20	14	15	20	20	1	BANP;BHLHE41;BMAL2;C1QTNF13;CES2B;EEA1;ENDOUC;FANCI;FBXO31;KRAS;NR1H4;NUDT4A;PLEKHG7;POLG;PPFIBP1B;RASSF8A;SLC17A8;SSPN;UBE2N;ZNF469
Takifugu_rubripes|GCF_901000725.3|ITPR3.0	GCF_901000725.3	Takifugu rubripes	Actinopteri	Tetraodontiformes	ITPR3	0	found_annotated	informative10	20	24	14	20	20	1	BCAP31;CALCRL2;CHCHD6A;CTNNBL1;E2F1;ELK1;GPR37L1B;GRIPAP1;HDAC7A;ITCH;KCND1;OTUD5A;PLXNA3;PTPN18;SLC35A2;SLC6A8;TTI1;VSTM2L;ZGPAT;ZNF341
Takifugu_rubripes|GCF_901000725.3|RYR.0	GCF_901000725.3	Takifugu rubripes	Actinopteri	Tetraodontiformes	RYR	0	found_annotated	informative10	20	16	18	19	19	1	AXL;CADM2B;CLDN27A;CLDN3A;CLDN5C;CLDN8;CLDNE;CLDNF;CLDNJ;GBE1B;GRIK1B;MTUS2B;OPA3;PPP5C;RASGRP4;RWDD2B;SBDS;TGFB1A;USP16
Takifugu_rubripes|GCF_901000725.3|RYR.1	GCF_901000725.3	Takifugu rubripes	Actinopteri	Tetraodontiformes	RYR	1	found_annotated	informative10	20	23	11	20	20	0	ARHGAP31;B4GALT4;CXXC5A;DNAJC18;GABRR3A;GNG8;GSX1;LIPI;MAP7D2A;NFRK;NRG2A;PHLDB2A;PPP3C;PRDX4;PURA;PYGM;SLC22A6L;SMS;TMEM45B;WASF3A
Takifugu_rubripes|GCF_901000725.3|RYR.2	GCF_901000725.3	Takifugu rubripes	Actinopteri	Tetraodontiformes	RYR	2	found_annotated	informative10	20	31	14	20	20	0	ACLY;ADGRA1A;ALDH18A1;BMS1;CHRM3B;DBF4B;FKBP10B;GALK1;GHDC;GPAM;IPMK;LLGL2;MBTD1;MED1;MTR;MYO15B;NAGLU;PNMT;TDRKH;TMEM94
Takifugu_rubripes|GCF_901000725.3|RYR.3	GCF_901000725.3	Takifugu rubripes	Actinopteri	Tetraodontiformes	RYR	3	found_annotated	informative10	20	26	15	20	20	0	ACP7;ACTC1B;ADSS1;AREL1;ARHGAP11A;BMF1;CHRM5A;DNAJC17;EIF2AK4;EXD1;FSIP1;GCHFR;GPX2;GREM1B;LIN52;POMT2;SIVA1;SLC10A1;VSX2;ZBTB42
Takifugu_rubripes|GCF_901000725.3|RYR.4	GCF_901000725.3	Takifugu rubripes	Actinopteri	Tetraodontiformes	RYR	4	found_annotated	informative10	20	12	11	20	20	0	ACTC1A;ATP6V1D;AVEN;CHRM5B;EIF2S1B;EMC7B;FMN1;GPHN;GPR176;GREM1A;GTF2H5;HSP90AB1;KATNBL1;MYCT1A;PALS1B;RBM25B;SCG5;SERAC1;SYNE1A;THBS1B
Takifugu_rubripes|GCF_901000725.3|RYR.5	GCF_901000725.3	Takifugu rubripes	Actinopteri	Tetraodontiformes	RYR	5	found_annotated	informative10	20	14	13	20	20	0	ACTN2B;CCSER2A;CHRM3A;DACHC;DNAJC9;ECD;FAM13C;FAM149B1;FMN2A;GREM2A;GRID1A;MZT1;NDNFL;P4HA1B;PHYHIPL;RGS7A;SLC16A9A;STYXL1;UBAC2;WAPL
Rhinatrema_bivittatum|GCF_901001135.2|ITPR1.0	GCF_901001135.2	Rhinatrema bivittatum	Amphibia	Gymnophiona	ITPR1	0	found_annotated	informative10	20	11	11	20	20	1	ARL8B;BHLHE40;CRBN;EDEM1;GLT8D2;GRM7;HSP90B1;IL5RA;LMCD1;LRRN1;NT5DC3;OXTR;RAD18;SRGAP3;SSUH2;SUMF1;TDG;THUMPD3;TRNT1;UQCC6
Rhinatrema_bivittatum|GCF_901001135.2|ITPR2.0	GCF_901001135.2	Rhinatrema bivittatum	Amphibia	Gymnophiona	ITPR2	0	found_annotated	informative10	20	13	10	20	20	1	ABCC9;BCAT1;BHLHE41;CMAS;DNAI7;EIF2AK4;ETFRF1;FGFR1OP2;GOLT1B;INTS13;IRAG2;KATNBL1;KCNJ8;KRAS;LMNTD1;MED21;RASSF8;RECQL;SOX5;TM7SF3
Rhinatrema_bivittatum|GCF_901001135.2|ITPR3.0	GCF_901001135.2	Rhinatrema bivittatum	Amphibia	Gymnophiona	ITPR3	0	found_annotated	informative10	20	10	17	20	20	1	ABCG4;C2CD2L;CBL;CFAP276;GRM4;HINFP;HMGA1;IP6K3;LEMD2;MLN;NHERF4;NLRX1;NUDT3;PACSIN1;RNF26;RPS10;SARS1;SMIM29;SPDEF;TMEM167B
Rhinatrema_bivittatum|GCF_901001135.2|RYR.0	GCF_901001135.2	Rhinatrema bivittatum	Amphibia	Gymnophiona	RYR	0	found_annotated	informative10	20	12	17	20	20	0	AHCTF1;BIRC6;CHRM3;DPY30;FAM98A;KCNK1;LTBP1;MAP3K21;MEMO1;MTR;PSEN2;RASGRP3;SCCPDH;SLC35F3;SPAST;SRD5A2;STRN;TTC27;VIT;YIPF4
Rhinatrema_bivittatum|GCF_901001135.2|RYR.1	GCF_901001135.2	Rhinatrema bivittatum	Amphibia	Gymnophiona	RYR	1	found_annotated	informative10	20	21	15	20	20	1	ADAD2;ALKBH6;BICRA;CAPNS1;CHP2;CLIP3;DLL3;EHD2;EIF3K;FAM98C;GGN;MAP4K1;NAPA;NOP53;PSMD8;RASGRP4;SPRED3;SYNE4;TIMM50;ZNF541
Rhinatrema_bivittatum|GCF_901001135.2|RYR.2	GCF_901001135.2	Rhinatrema bivittatum	Amphibia	Gymnophiona	RYR	2	found_annotated	informative10	20	10	11	20	20	0	ABCC9;ARHGAP11A;AVEN;CDIN1;DPH6;EIF2AK4;FAM98B;FGFR1OP2;GOLT1B;GPR176;KATNBL1;KCNJ8;MED21;MEIS2;RECQL;SCG5;THBS1;TM7SF3;TMEM220;ZNF770
Sphaeramia_orbicularis|GCF_902148855.1|ITPR1.0	GCF_902148855.1	Sphaeramia orbicularis	Actinopteri	Kurtiformes	ITPR1	0	found_annotated	informative10	20	31	14	20	20	1	ATF1;ATF7B;C1QL4B;CDK4;CYP27B1;DIP2B;DTX3L;ESPL1;FAIM2B;MCRS1;METTL1;PFDN5;PFKM;SCN8A;SLC4A8;SUMF1;SUOX;TTLL3;ZC3H10;ZNF740A
Sphaeramia_orbicularis|GCF_902148855.1|ITPR1.1	GCF_902148855.1	Sphaeramia orbicularis	Actinopteri	Kurtiformes	ITPR1	1	found_annotated	informative10	20	19	12	20	20	0	ARHGAP46A;ARL6IP5A;AVPR2B;BHLHE40;EEVS;FOXP1B;FRMD4B;GPR27;ID1;LRRN1;MITF;NCOA3;NDRG3A;PHF20A;SETMAR;SLA2A;SNAI1A;SULF2A;TRNT1;TRPC4AP
Sphaeramia_orbicularis|GCF_902148855.1|ITPR2.0	GCF_902148855.1	Sphaeramia orbicularis	Actinopteri	Kurtiformes	ITPR2	0	found_annotated	informative10	20	11	11	20	20	1	BANP;BHLHE41;BMAL2;C1QTNF13;CES2B;EEA1;ENDOUC;FANCI;FBXO31;KRAS;NR1H4;NUDT4A;PLEKHG7;POLG;PPFIBP1B;RASSF8A;SLC17A8;SSPN;UBE2N;ZNF469
Sphaeramia_orbicularis|GCF_902148855.1|ITPR3.0	GCF_902148855.1	Sphaeramia orbicularis	Actinopteri	Kurtiformes	ITPR3	0	found_annotated	informative10	20	33	27	19	19	1	ADRM1;CELSR3;CLCN6;CRY3A;FSBP;HM13;KIAA2013;MRGBP;MTHFR;NAA80;PLOD1A;PRKAR2A;RPS21;SLC26A6;SLC66A1;SNX21;SULF2B;TRIM33;WDR6
Sphaeramia_orbicularis|GCF_902148855.1|RYR.0	GCF_902148855.1	Sphaeramia orbicularis	Actinopteri	Kurtiformes	RYR	0	found_annotated	informative10	20	36	25	20	20	1	ACBD4;ANKFN1A;CHRM3B;DPYSL4;EPAS1A;GLUD1B;HLFB;JAKMIP3;LDB3B;MTA3;MYOZ1B;NOG3;PPM1B;PRKCE;SIX3B;SMIM36;SNCG;SYDE1;TCERG1L;USP54B
Sphaeramia_orbicularis|GCF_902148855.1|RYR.1	GCF_902148855.1	Sphaeramia orbicularis	Actinopteri	Kurtiformes	RYR	1	found_annotated	informative10	20	11	30	20	20	0	AXL;B3GNT2L;BCKDH;BICR;CLDN;CLDNF;CLDNJ;EML2;EXOSC5;GALNT17;HNRNPUL1;NAPA;OPA3;PPP1R13L;PPP5C;RASGRP4;SBDS;TGFB1A;TMEM91;TYW1
Sphaeramia_orbicularis|GCF_902148855.1|RYR.2	GCF_902148855.1	Sphaeramia orbicularis	Actinopteri	Kurtiformes	RYR	2	found_annotated	informative10	20	22	11	20	20	0	ARHGAP31;BRD8A;CXXC5A;DNAJC18;GABRR3A;GNG8;GSX1;LIPI;MAP7D2A;NFRK;NRG2A;PDHA1A;PHLDB2A;PPP3C;PRDX4;PURA;SLC22A6L;SMS;TMEM45B;WASF3A
Sphaeramia_orbicularis|GCF_902148855.1|RYR.3	GCF_902148855.1	Sphaeramia orbicularis	Actinopteri	Kurtiformes	RYR	3	found_annotated	informative10	20	26	20	20	20	0	ACP7;ACTC1B;ADSS1;AKT1;AREL1;ARHGAP11A;BMF1;CHRM5A;EIF2AK4;EXD1;FSIP1;GCHFR;GPX2;GREM1B;LIN52;POMT2;SIVA1;THBS1A;VSX2;ZBTB42
Sphaeramia_orbicularis|GCF_902148855.1|RYR.4	GCF_902148855.1	Sphaeramia orbicularis	Actinopteri	Kurtiformes	RYR	4	found_annotated	informative10	20	12	12	20	20	0	ABRACL;ACOT20;ACTC1A;CHRM5B;EMC7B;FMN1;GPR176;GREM1A;HECA;KATNBL1;KNSTRN;MAX;MTIF3;REPS1;SCARA3;SCG5;SLC10A1;SRSF5B;SUSD6;THBS1B
Sphaeramia_orbicularis|GCF_902148855.1|RYR.5	GCF_902148855.1	Sphaeramia orbicularis	Actinopteri	Kurtiformes	RYR	5	found_annotated	informative10	20	11	16	20	20	0	ACTN2B;BICC1A;BORA;CCSER2A;CHRM3A;DACHC;DIS3;DNAJC9;ECD;FAM149B1;FMN2A;GREM2A;GRID1A;MZT1;NDNFL;P4HA1B;RGS7A;SPARCL2;STYXL1;UBAC2
Myripristis_murdjan|GCF_902150065.1|ITPR1.0	GCF_902150065.1	Myripristis murdjan	Actinopteri	Holocentriformes	ITPR1	0	found_annotated	informative10	20	15	28	20	20	1	ATF1;ATF7B;C1QL4B;CDK4;CYP27B1;DIP2B;ESPL1;ESYT1B;FAIM2B;LARP4A;MCRS1;METTL1;PFDN5;PFKM;SCN8A;SLC4A8;SUMF1;SUOX;ZC3H10;ZNF740A
Myripristis_murdjan|GCF_902150065.1|ITPR1.1	GCF_902150065.1	Myripristis murdjan	Actinopteri	Holocentriformes	ITPR1	1	found_annotated	informative10	20	13	11	20	20	0	ARL6IP5A;ARL8B;AVPR2B;BHLHE40;CAMKV;CCDC120B;COMT;EEVS;FOXP1B;FRMD4B;GRM6B;LRRN1;MBD1B;MDFIC2;MITF;MON1A;MST1R;SETMAR;TRAIP;TRNT1
Myripristis_murdjan|GCF_902150065.1|ITPR2.0	GCF_902150065.1	Myripristis murdjan	Actinopteri	Holocentriformes	ITPR2	0	found_annotated	informative10	20	11	10	20	20	1	BANP;BHLHE41;BMAL2;C1QTNF13;CES2B;EEA1;ENDOUC;FANCI;FBXO31;KRAS;NR1H4;NUDT4A;PLEKHG7;POLG;PPFIBP1B;RASSF8A;SLC17A8;SSPN;UBE2N;ZNF469
Myripristis_murdjan|GCF_902150065.1|ITPR3.0	GCF_902150065.1	Myripristis murdjan	Actinopteri	Holocentriformes	ITPR3	0	found_annotated	informative10	20	36	29	20	20	1	BCAP31;COMMD7;DNMT3B;EDEM2;ELK1;GRIPAP1;HM13;KCND1;MAPRE1B;MRGBP;OTUD5A;PIM2;PLXNA3;PTPN18;RFC2;SLC35A2;SLC6A8;SNX21;SRMS;USP11
Myripristis_murdjan|GCF_902150065.1|RYR.0	GCF_902150065.1	Myripristis murdjan	Actinopteri	Holocentriformes	RYR	0	found_annotated	informative10	12	4	12	12	12	1	ACADS;BMS1;CHRM3B;CSNK1E;DMC1;FMN2B;GSPT1;MAFF;MTR;RSL1D1;TMEM184B;TOMM22
Myripristis_murdjan|GCF_902150065.1|RYR.1	GCF_902150065.1	Myripristis murdjan	Actinopteri	Holocentriformes	RYR	1	found_annotated	informative10	20	10	28	20	20	0	AXL;B3GNT2L;BCKDH;BICR;CLDN;CLDNF;CLDNJ;EXOSC5;GALNT17;GIPR;HNRNPUL1;NAPA;OPA3;PPP1R13L;PPP5C;RASGRP4;SBDS;TGFB1A;TMEM91;TYW1
Myripristis_murdjan|GCF_902150065.1|RYR.2	GCF_902150065.1	Myripristis murdjan	Actinopteri	Holocentriformes	RYR	2	found_annotated	informative10	20	19	14	20	20	0	BHLHA9;BRD8A;CFAP54;CXXC5A;DLAT;DNAJC18;GABRR3A;GDPD5A;GNG8;MICU2;NFRK;NRG2A;NRIP1B;PURA;SAMSN1B;SMS;SPTBN4A;TMEM45B;USP25;WSCD1B
Myripristis_murdjan|GCF_902150065.1|RYR.3	GCF_902150065.1	Myripristis murdjan	Actinopteri	Holocentriformes	RYR	3	found_annotated	informative10	20	25	15	20	20	0	ACP7;ACTC1B;ADSS1;AREL1;ARHGAP11A;BMF1;CHRM5A;CYP1C1;DNAJC17;EIF2AK4;EXD1;FSIP1;GCHFR;GPX2;GREM1B;LIN52;POMT2;SIVA1;THBS1A;VSX2
Myripristis_murdjan|GCF_902150065.1|RYR.4	GCF_902150065.1	Myripristis murdjan	Actinopteri	Holocentriformes	RYR	4	found_annotated	informative10	20	15	13	20	20	0	ABRACL;ACOT20;ACTC1A;AVEN;CHRM5B;CLU;EMC7B;GPR176;GREM1A;HECA;KATNBL1;KNSTRN;MTIF3;REPS1;SCARA3;SCG5;SLC10A1;SRSF5B;SUSD6;THBS1B
Myripristis_murdjan|GCF_902150065.1|RYR.5	GCF_902150065.1	Myripristis murdjan	Actinopteri	Holocentriformes	RYR	5	found_annotated	informative10	20	12	16	20	20	0	ACTN2B;ANK3A;BICC1A;BORA;CCSER2A;CHRM3A;DACHC;ECD;FAM149B1;FMN2A;GRID1A;MZT1;NDNFL;P4HA1B;PHYHIPL;RGS7A;SPARCL2;STYXL1;UBAC2;WAPL
Gadus_morhua|GCF_902167405.1|ITPR1.0	GCF_902167405.1	Gadus morhua	Actinopteri	Gadiformes	ITPR1	0	found_annotated	informative10	20	17	13	20	20	1	ATF1;ATF7B;CALCOCO1B;DIP2B;DTEX3L;DTX3L;ESPL1;ESYT1B;FAIM2B;LARP4A;LRP1A;NR1D4B;PFDN5;SCN8A;SLC4A8;SUMF1;TMT1A;TTLL3;ZC3H10;ZNF740A
Gadus_morhua|GCF_902167405.1|ITPR1.1	GCF_902167405.1	Gadus morhua	Actinopteri	Gadiformes	ITPR1	1	found_annotated	informative10	20	13	13	20	20	0	ARL8B;ATG7;BHLHE40;CAMKV;CCDC120B;COMT;GRM6B;HRH1;IFFO2B;LRRN1;MON1A;MST1R;PPARG;SEMA3F;SETMAR;SYN2B;TAMM41;TERF2IP;TRAIP;VGLL4B
Gadus_morhua|GCF_902167405.1|ITPR2.0	GCF_902167405.1	Gadus morhua	Actinopteri	Gadiformes	ITPR2	0	found_annotated	informative10	20	10	12	20	20	1	ADMB;AKIP1;AMPD3B;BHLHE41;BMAL2;C1QTNF13;C9H11ORF16;EEA1;ENDOUC;NR1H4;NUDT4A;PLEKHG7;PPFIBP1B;RASSF8A;SLC17A8;SSPN;SWAP70B;UBE2N;WEE1;ZNF143B
Gadus_morhua|GCF_902167405.1|ITPR3.0	GCF_902167405.1	Gadus morhua	Actinopteri	Gadiformes	ITPR3	0	found_annotated	informative10	20	21	13	20	20	1	BCAP31;CDK20;EDEM2;ELK1;GPR37L1B;GRIPAP1;HM13;KCND1;LAMA5;MRGBP;NSFL1C;PLXNA3;PTPN18;RFC2;RPS21;SLC6A8;SNX21;TMEM81;USP11;UXT
Gadus_morhua|GCF_902167405.1|RYR.0	GCF_902167405.1	Gadus morhua	Actinopteri	Gadiformes	RYR	0	found_annotated	informative10	16	12	46	16	16	1	ADOA;ATXN7L3B;BMS1;CABCOCO1;CHRM3B;CYP26A1;EGR2B;EXOC6;FH;HHEX;JMJD1C;MTR;NRBF2B;PSMC5;SLC4A1B;SMARCD2
Gadus_morhua|GCF_902167405.1|RYR.1	GCF_902167405.1	Gadus morhua	Actinopteri	Gadiformes	RYR	1	found_annotated	informative10	20	19	18	20	19	0	CDC23;CHRDL2;CXXC5A;DEFBL2;DLG4A;DNAJC18;EPHB4A;GNG8;KIF20A;MEPCE;NFRK;NRG2A;PURA;PYGM;SPAG7;SPNS2;SPNS3;TMEM45B;XRRA1;ZBTB20
Gadus_morhua|GCF_902167405.1|RYR.2	GCF_902167405.1	Gadus morhua	Actinopteri	Gadiformes	RYR	2	found_annotated	informative10	20	20	12	20	20	0	AQP11;B3GNT2L;BCKDH;BRCA2;CEP295;CLNS1A;ECH1;EXOSC5;HDAC12;MAB21L1;N4BP2L2;NAPA;NBEA;OPA3;RASGRP4;RPS3;RSF1A;STARD13B;TMEM91;TRMT9B
Gadus_morhua|GCF_902167405.1|RYR.3	GCF_902167405.1	Gadus morhua	Actinopteri	Gadiformes	RYR	3	found_annotated	informative10	20	17	22	19	19	0	ACP7;ACTC1B;ANGEL1;ARHGAP11A;CHRM5A;DLST;DNAJC17;EIF2AK4;FSIP1;GCHFR;GPX2;GREM1B;LIN52;LRRC74A;OLFM4;POMT2;RPS6KL1;THBS1A;VSX2
Gadus_morhua|GCF_902167405.1|RYR.4	GCF_902167405.1	Gadus morhua	Actinopteri	Gadiformes	RYR	4	found_annotated	informative10	20	13	15	20	20	0	CHRM5B;CNR1;DNMT3A;DPYSL5B;DTNB;EMC7B;FMN1;GAREML;GPR176;GREM1A;KATNBL1;KIF3C;RAB10;RNGTT;SCG5;SLC10A1;SRSF5B;SUSD6;THBS1B;TMEM214
Gadus_morhua|GCF_902167405.1|RYR.5	GCF_902167405.1	Gadus morhua	Actinopteri	Gadiformes	RYR	5	found_annotated	informative10	20	14	11	20	20	0	ACTN2B;ANK3A;BICC1A;CCSER2A;CHRM3A;DACHC;DNAJC9;ECD;FAM149B1;FMN2A;GREM2A;GRID1A;MZT1;NDNFL;P4HA1B;RGS7A;SLC16A9A;SPARCL2;UBAC2;WAPL
Chanos_chanos|GCF_902362185.1|ITPR1.0	GCF_902362185.1	Chanos chanos	Actinopteri	Gonorynchiformes	ITPR1	0	found_annotated	informative10	20	21	11	20	20	1	C1QL4B;CCDC174;CHCHD4B;EFCAB12;ENDOU;ESPL1;GHRL;IP6K2B;ITGB7;MYL6;PFDN5;PFKFB4B;PFKM;SLC4A8;SMARCC2;SUMF1;TATDN2;TSFM;TTLL3;UROC1
Chanos_chanos|GCF_902362185.1|ITPR1.1	GCF_902362185.1	Chanos chanos	Actinopteri	Gonorynchiformes	ITPR1	1	found_annotated	informative10	20	13	11	20	20	0	ARL6IP5A;AVPR2B;BHLHE40;CAMKV;EEVS;FOXP1B;FRMD4B;GNAI2A;INKA1A;LRRN1;MDFIC2;MITF;MON1A;MST1R;PHTF1;SEMA3F;SETMAR;SLC38A3A;TRAIP;TRNT1
Chanos_chanos|GCF_902362185.1|ITPR2.0	GCF_902362185.1	Chanos chanos	Actinopteri	Gonorynchiformes	ITPR2	0	found_annotated	informative10	20	10	16	20	20	1	ALX1;BHLHE41;BMAL2;C1QTNF13;CTSD;EEA1;EIF4G2B;LRRIQ1;MGAT4C;NR1H4;NTS;NUDT4A;PLEKHG7;RASSF9;SLC17A8;SLC6A15;SSPN;TBC1D15;TPH2;UBE2N
Chanos_chanos|GCF_902362185.1|ITPR3.0	GCF_902362185.1	Chanos chanos	Actinopteri	Gonorynchiformes	ITPR3	0	found_annotated	informative10	20	10	10	20	20	1	ADGRL2A;ADGRL4;ALAS2;COL2A1A;CPT2;CRY3A;DNASE2B;GLS2A;GPR37L1B;MAGOH;PORCN;PRKACB;RPF1;SAMD13;SPRYD4;TMCO1;TTLL7;UCK2A;UOX;VTG3
Chanos_chanos|GCF_902362185.1|RYR.0	GCF_902362185.1	Chanos chanos	Actinopteri	Gonorynchiformes	RYR	0	found_annotated	informative10	20	13	15	20	20	1	BNIP3;CHRM3B;CYP4F3;DPYSL4;DYDC2;EBF3A;FH;FMN2B;GLRX3;GREM2B;HHEX;JAKMIP3;LZTS2B;MTR;PPP2R2D;RGS7B;SELENOU1B;SRPK2;SYDE1;TCERG1L
Chanos_chanos|GCF_902362185.1|RYR.1	GCF_902362185.1	Chanos chanos	Actinopteri	Gonorynchiformes	RYR	1	found_annotated	informative10	20	12	11	20	20	0	ARR3A;CUX1A;DNAJC30A;F9B;FGF13B;FHL1B;HTATSF1;IL2RG;KCTD7;MCF2B;MDH2;MYL10;PPM1E;RABGEF1;RAD51C;SKA2;SLC9A6B;TMTOPS3B;TRIM37;ZNRD2
Chanos_chanos|GCF_902362185.1|RYR.2	GCF_902362185.1	Chanos chanos	Actinopteri	Gonorynchiformes	RYR	2	found_annotated	informative10	20	10	15	20	20	0	ABCC5;AP2M1B;B3GNT2L;BCKDH;BICR;DRC9;DVL3B;EXOSC5;GMEB2;HNRNPUL1;LRCH3;MMP23B;NAPA;OPA3;P2RY1;PPP1R13L;RASGRP4;RNPEPL1;RPL35A;TMEM91
Chanos_chanos|GCF_902362185.1|RYR.3	GCF_902362185.1	Chanos chanos	Actinopteri	Gonorynchiformes	RYR	3	found_annotated	informative10	20	15	26	20	20	0	ACP7;ACTC1B;AIF1L;ARHGAP11A;CHRM5A;EIF2AK4;EMC7A;EXD1;FBP1B;FIBCD1B;FSIP1;GAS1B;GPX2;GREM1B;LAMC3;LIN52;POMT2;THBS1A;TTC33;VSX2
Chanos_chanos|GCF_902362185.1|RYR.4	GCF_902362185.1	Chanos chanos	Actinopteri	Gonorynchiformes	RYR	4	found_annotated	informative10	20	13	14	20	20	0	ACBD3;ACTC1A;AHR1B;AHR2;AVEN;CHRM5B;CNTNAP5B;EMC7B;FMN1;GPR176;GREM1A;HEBP2;KATNBL1;KIF25;KLF11A;MFSD6A;NHSL1B;RRM2;SCG5;THBS1B
Chanos_chanos|GCF_902362185.1|RYR.5	GCF_902362185.1	Chanos chanos	Actinopteri	Gonorynchiformes	RYR	5	found_annotated	informative10	20	13	10	20	20	0	ACTN2B;ARHGEF33;CHRM3A;CYP26C1;ECD;FAM149B1;FMN2A;GREM2A;KIF11;LARP1B;MAP4K3B;MORN2;NDNFL;P4HA1B;PGRMC2;REEP3A;RGS7A;SLC22A15;SPARCL2;THUMPD2
Thalassophryne_amazonica|GCF_902500255.1|ITPR1.0	GCF_902500255.1	Thalassophryne amazonica	Actinopteri	Batrachoidiformes	ITPR1	0	found_annotated	informative10	20	22	30	20	20	1	ATF1;BHLHE40;CDK4;DIP2B;ESPL1;ESYT1B;FAIM2B;MCRS1;METTL1;MYL6;PFDN5;PFKM;SLC4A8;SMARCC2;SMUG1;SUMF1;SUOX;TTLL3;ZC3H10;ZNF740A
Thalassophryne_amazonica|GCF_902500255.1|ITPR1.1	GCF_902500255.1	Thalassophryne amazonica	Actinopteri	Batrachoidiformes	ITPR1	1	found_annotated	informative10	20	37	21	20	20	0	BIN2B;CCDC103;CDK5RAP1;CHL1B;CNTN3B;FOXP1B;FRMD4B;GOLT1A;GXYLT2;LRRN1;MITF;PDZRN3B;PLEKHA6;PPP4R2B;PROK2;RYBP;SETMAR;SHQ1;TRNT1;TXNRD3
Thalassophryne_amazonica|GCF_902500255.1|ITPR2.0	GCF_902500255.1	Thalassophryne amazonica	Actinopteri	Batrachoidiformes	ITPR2	0	found_annotated	informative10	20	11	12	20	20	1	ARNTL2;BANP;BHLHE41;CES2B;EEA1;ENDOUC;FANCI;FBXO31;GDPGP1;KRAS;NR1H4;PLEKHG7;POLG;POLR3B;PPFIBP1B;RFX4;RHCG;SLC17A8;SSPN;UBE2N
Thalassophryne_amazonica|GCF_902500255.1|ITPR3.0	GCF_902500255.1	Thalassophryne amazonica	Actinopteri	Batrachoidiformes	ITPR3	0	found_annotated	informative10	20	16	27	20	20	1	BCAP31;CFAP74;ELK1;GABRD;GRIPAP1;HM13;KCND1;MAD2L2;MRGBP;NADK;OTUD5A;PIM2;PLXNA3;PRKCZ;PTPN18;RFC2;SKIA;SLC6A8;SNX21;UXT
Thalassophryne_amazonica|GCF_902500255.1|RYR.0	GCF_902500255.1	Thalassophryne amazonica	Actinopteri	Batrachoidiformes	RYR	0	found_annotated	informative10	12	14	25	12	12	0	ACBD4;BMS1;CCDC57;DCXR;FASN;HHEX;IPMK;LRRC45;MTR;PLCD3B;RFNG;TFAM
Thalassophryne_amazonica|GCF_902500255.1|RYR.1	GCF_902500255.1	Thalassophryne amazonica	Actinopteri	Batrachoidiformes	RYR	1	found_annotated	informative10	20	21	36	20	20	1	AKAP1B;AQP11;CALN1;CLDNE;CLDNF;CLNS1A;EXOSC5;GALNT17;HNRNPUL1;NLK2;OPA3;PAK1;PPP1R13L;PPP5C;RASGRP4;RSF1A;SBDS;TGFB1A;TYW1;WSB1
Thalassophryne_amazonica|GCF_902500255.1|RYR.2	GCF_902500255.1	Thalassophryne amazonica	Actinopteri	Batrachoidiformes	RYR	2	found_annotated	informative10	20	20	23	20	20	0	ARHGAP31;B4GALT4;CXXC5A;DLAT;DNAJC18;GNG8;GSX1;MAP7D2A;MIA;NFRK;PCYT1B;PDHA1A;PHLDB2A;PPP3C;PRDX4;PURA;SAT1A;SLC22A6L;SMS;TMEM45B
Thalassophryne_amazonica|GCF_902500255.1|RYR.3	GCF_902500255.1	Thalassophryne amazonica	Actinopteri	Batrachoidiformes	RYR	3	found_annotated	informative10	20	30	32	20	20	0	ACP7;AKAP6;AREL1;EAPP;EIF4E;EXD1;FCF1;FSIP1;KIAA1109;LIN52;LINGO2B;METAP1;POMT2;PRKD1;RPS6KL1;SNTG2;SPTSS;TPO;VASH1;VSX2
Thalassophryne_amazonica|GCF_902500255.1|RYR.4	GCF_902500255.1	Thalassophryne amazonica	Actinopteri	Batrachoidiformes	RYR	4	found_annotated	informative10	20	12	18	20	19	0	ACTC1A;AFDN;C21H1ORF131;C21H1ORF198;CLEC11A;EMC7;ENAH;EXOC8;FAM89A;GNPAT;KATNBL1;LBR;NCOA1;RFX6;RNF17;SELENOL;TDRD15;TTC13;UNC93A;ZNF512
Thalassophryne_amazonica|GCF_902500255.1|RYR.5	GCF_902500255.1	Thalassophryne amazonica	Actinopteri	Batrachoidiformes	RYR	5	found_annotated	informative10	20	19	15	20	20	0	ACTN2B;ANK3A;BORA;CHRM3A;DACHC;DIS3;GREM2B;IFNGR1L;IL22RA2;MZT1;OLIG3;OPRM1;PCNX2;PHACTR2;PHYHIPL;RGS17;SF3B5;SLC16A9A;UBAC2;WAPL
Caprimulgus_europaeus|GCF_907165065.1|ITPR1.0	GCF_907165065.1	Caprimulgus europaeus	Aves	Caprimulgiformes	ITPR1	0	found_annotated	informative10	20	13	10	20	20	1	ARL8B;BHLHE40;CAV3;CHL1;CNTN3;CRBN;EDEM1;GRM7;GXYLT2;IL5RA;LMCD1;LRRN1;OXTR;PDZRN3;PPP4R2;RAD18;SRGAP3;SUMF1;THUMPD3;TRNT1
Caprimulgus_europaeus|GCF_907165065.1|ITPR2.0	GCF_907165065.1	Caprimulgus europaeus	Aves	Caprimulgiformes	ITPR2	0	found_annotated	informative10	20	13	13	20	20	1	ABCC9;ARFGAP3;BHLHE41;BMAL2;CMAS;CYB5R3;ETFRF1;FGFR1OP2;GYS2;INTS13;KCNJ8;LDHB;MED21;PPFIBP1;RASSF8;REP15;SPX;SSPN;STK38L;TM7SF3
Caprimulgus_europaeus|GCF_907165065.1|ITPR3.0	GCF_907165065.1	Caprimulgus europaeus	Aves	Caprimulgiformes	ITPR3	0	found_annotated	informative10	20	12	11	20	20	1	APOBEC2;BAK1;FOXP4;GRM4;HMGA1;IP6K3;LEMD2;MDFI;MLN;NCR2;NFYA;NUDT3;OARD1;PACSIN1;SMIM29;SPDEF;TFEB;TREM1;TSPO2;UQCC2
Caprimulgus_europaeus|GCF_907165065.1|RYR.0	GCF_907165065.1	Caprimulgus europaeus	Aves	Caprimulgiformes	RYR	0	found_annotated	informative10	20	10	10	20	20	1	ACTN2;CHRM3;EDARADD;ERO1B;EXO1;FMN2;GNG4;GPR137B;GREM2;HEATR1;LGALS8;LYST;MAP1LC3C;MTR;NID1;OPN3;PIGM;PLD5;RGS7;WDR64
Caprimulgus_europaeus|GCF_907165065.1|RYR.1	GCF_907165065.1	Caprimulgus europaeus	Aves	Caprimulgiformes	RYR	1	found_annotated	informative10	20	10	11	20	20	0	ARHGAP11A;AVEN;BMF;CDIN1;CHRM5;DPH6;EIF2AK4;EMC7;FAM98B;FMN1;FSIP1;GPR176;GREM1;KATNBL1;MEIS2;RASGRP1;SCG5;SPRED1;SRP14;THBS1
Telmatherina_bonti|GCF_933228915.1|ITPR1.0	GCF_933228915.1	Telmatherina bonti	Actinopteri	Atheriniformes	ITPR1	0	found_annotated	informative10	20	14	27	20	20	1	ATF1;ATF7B;CDK4;CYP27B1;DIP2B;ESPL1;FAIM2B;LARP4A;MCRS1;METTL1;PFDN5;PFKM;SCN8A;SLC4A8;SPRYD3;SUMF1;SUOX;TTLL3;ZC3H10;ZNF740A
Telmatherina_bonti|GCF_933228915.1|ITPR1.1	GCF_933228915.1	Telmatherina bonti	Actinopteri	Atheriniformes	ITPR1	1	found_annotated	informative10	20	19	16	20	20	0	ARL6IP5A;ARL8B;AVPR2B;BHLHE40;CLDN19;COMT;EPHA8;FOXP1B;FRMD4B;GPR27;LRRN1;MON1A;MST1R;NUCKS1A;P3H1;PROK2;RYBP;SETMAR;TRAIP;TRNT1
Telmatherina_bonti|GCF_933228915.1|ITPR2.0	GCF_933228915.1	Telmatherina bonti	Actinopteri	Atheriniformes	ITPR2	0	found_annotated	informative10	20	11	10	20	20	1	BANP;BHLHE41;BMAL2;C1QTNF13;CES2B;EEA1;ENDOUC;FANCI;FBXO31;KRAS;NR1H4;NUDT4A;PLEKHG7;POLG;PPFIBP1B;RASSF8A;SLC17A8;SSPN;UBE2N;ZNF469
Telmatherina_bonti|GCF_933228915.1|ITPR3.0	GCF_933228915.1	Telmatherina bonti	Actinopteri	Atheriniformes	ITPR3	0	found_annotated	informative10	20	18	18	20	20	1	CAMK1G;CCDC135;CLCN6;EDEM2;GDI1;GPR37L1B;HM13;ITIH6;KCNG1;MICAL1;MRGBP;MTHFR;NDNL2;RFC2;SNX21;SRC;SULF2B;TAF8;TAFAZZIN;USP11
Telmatherina_bonti|GCF_933228915.1|RYR.0	GCF_933228915.1	Telmatherina bonti	Actinopteri	Atheriniformes	RYR	0	found_annotated	informative10	19	11	23	19	19	0	A1CF;ACTA2;ANKRD22;ARG1;ASAH2;ATAD1B;BBS1;COX11;FMN2B;HEATR1;LIPF;MBTD1;MINPP1B;MTR;PTEN;RNLS;STAMBPL1;TDRKH;TMEM94
Telmatherina_bonti|GCF_933228915.1|RYR.1	GCF_933228915.1	Telmatherina bonti	Actinopteri	Atheriniformes	RYR	1	found_annotated	informative10	20	23	11	20	20	1	AAMDC;AXL;CLDN;CLDNF;CYP2Y3;EXOSC5;GALNT17;HNRNPUL1;INTS4;KCTD14;OPA3;PPP1R13L;PPP5C;RASGRP4;RHBDD1;RPS3;SBDS;TGFB1A;TMEM91;TYW1
Telmatherina_bonti|GCF_933228915.1|RYR.2	GCF_933228915.1	Telmatherina bonti	Actinopteri	Atheriniformes	RYR	2	found_annotated	informative10	20	12	24	20	20	0	B4GALT4;CASR;CXXC5A;DNAJC18;GNG8;GSX1;KIF20A;LIPI;MAP7D2A;NFRK;NRG2A;PDHA1A;PHLDB2A;PPP3C;PRDX4;PURA;PYGM;SLC22A6L;SMS;TMEM45B
Telmatherina_bonti|GCF_933228915.1|RYR.3	GCF_933228915.1	Telmatherina bonti	Actinopteri	Atheriniformes	RYR	3	found_annotated	informative10	20	15	26	20	20	0	ACP7;ACTC1B;ADSS1;AREL1;ARHGAP11A;BMF1;CHRM5A;CYP1C1;DNAJC17;EIF2AK4;EXD1;FSIP1;GCHFR;GPX2;GREM1B;LIN52;POMT2;SIVA1;THBS1A;VSX2
Telmatherina_bonti|GCF_933228915.1|RYR.4	GCF_933228915.1	Telmatherina bonti	Actinopteri	Atheriniformes	RYR	4	found_annotated	informative10	20	11	10	20	20	0	ABRACL;ACOT20;ACTC1A;AVEN;CHRM5B;CLU;EMC7B;FMN1;GPR176;GREM1A;HECA;KATNBL1;MTIF3;REPS1;SCARA3;SCG5;SLC10A1;SRSF5B;SUSD6;THBS1B
Telmatherina_bonti|GCF_933228915.1|RYR.5	GCF_933228915.1	Telmatherina bonti	Actinopteri	Atheriniformes	RYR	5	found_annotated	informative10	20	17	13	20	20	0	ACTN2B;BICC1A;BORA;CCSER2A;CHRM3A;DACHC;DIS3;DNAJC9;ECD;FAM149B1;FMN2A;GRID1A;MZT1;NDNFL;PHACTR2;PIBF1;RGS7A;SPARCL2;UBAC2;WAPL
Haliaeetus_albicilla|GCF_947461875.1|ITPR1.0	GCF_947461875.1	Haliaeetus albicilla	Aves	Accipitriformes	ITPR1	0	found_annotated	informative10	20	10	13	20	19	1	ARL8B;BHLHE40;CAV3;CHL1;CNTN3;CNTN6;CRBN;EDEM1;GRM7;IL5RA;LMCD1;LRRN1;OXTR;PDZRN3;PPP4R2;RAD18;SRGAP3;SSUH2;SUMF1;TRNT1
Haliaeetus_albicilla|GCF_947461875.1|ITPR2.0	GCF_947461875.1	Haliaeetus albicilla	Aves	Accipitriformes	ITPR2	0	found_annotated	informative10	20	10	10	20	20	1	BHLHE41;CRACR2A;DNAI7;ETFRF1;FGFR1OP2;FOXM1;GYS2;INTS13;IRAG2;KRAS;LMNTD1;NRIP2;PARP11;PRMT8;RASSF8;SPX;SSPN;TEAD4;TSPAN9;TULP3
Haliaeetus_albicilla|GCF_947461875.1|ITPR3.0	GCF_947461875.1	Haliaeetus albicilla	Aves	Accipitriformes	ITPR3	0	found_annotated	informative10	20	14	11	20	20	1	APOBEC2;BAK1;FOXP4;FRS3;GRM4;HMGA1;IP6K3;LEMD2;MDFI;MLN;NFYA;NUDT3;OARD1;PACSIN1;PRICKLE4;RPS10;SMIM29;TFEB;TSPO2;UQCC2
Haliaeetus_albicilla|GCF_947461875.1|RYR.0	GCF_947461875.1	Haliaeetus albicilla	Aves	Accipitriformes	RYR	0	found_annotated	informative10	20	10	10	20	20	1	ACTN2;CHRM3;EDARADD;ERO1B;EXO1;FMN2;GNG4;GPR137B;GREM2;HEATR1;LGALS8;LYST;MAP1LC3C;MTR;NID1;OPN3;PIGM;PLD5;RGS7;WDR64
Haliaeetus_albicilla|GCF_947461875.1|RYR.1	GCF_947461875.1	Haliaeetus albicilla	Aves	Accipitriformes	RYR	1	found_annotated	informative10	20	36	16	20	20	0	CLASRP;CLPTM1;CZH19ORF47;ECH1;EIF3K;EMC4;ERCC1;EXOC3L2;GEMIN7;LGALS4;MAP4K1;NKPD1;POLR1G;PPP1R13L;PPP1R37;RELB;SARS2;SPRED3;TOMM5;VASP
Haliaeetus_albicilla|GCF_947461875.1|RYR.2	GCF_947461875.1	Haliaeetus albicilla	Aves	Accipitriformes	RYR	2	found_annotated	informative10	20	11	12	20	20	0	AQR;AVEN;BMF;CDIN1;CHRM5;DPH6;EIF2AK4;EMC7;FAM98B;FMN1;FSIP1;GPR176;GREM1;KATNBL1;MEIS2;RASGRP1;SPRED1;SRP14;THBS1;ZNF770
Phoxinus_phoxinus|GCF_949152265.1|ITPR1.0	GCF_949152265.1	Phoxinus phoxinus	Actinopteri	Cypriniformes	ITPR1	0	found_annotated	informative10	20	13	10	20	20	1	C1QL4B;CCDC174;CHCHD4B;COL7A1;EFCAB12;ENDOU;ESPL1;IP6K2B;ITGB7;MYL6;PFDN5;PFKFB4B;PFKM;SEC61A1A;SLC4A8;SMARCC2;SUMF1;TSFM;TTLL3;UROC1
Phoxinus_phoxinus|GCF_949152265.1|ITPR1.1	GCF_949152265.1	Phoxinus phoxinus	Actinopteri	Cypriniformes	ITPR1	1	found_annotated	informative10	20	11	13	20	20	0	ARL8B;BHLHE40;BRK1;CAMKV;CAV4A;GNAI2A;GPX1A;GRM2B;INKA1A;MON1A;MST1R;NFYA;PSMA5;RRP9;SEMA3F;SETMAR;SLC38A3A;SORT1A;TEX264B;TRAIP
Phoxinus_phoxinus|GCF_949152265.1|ITPR2.0	GCF_949152265.1	Phoxinus phoxinus	Actinopteri	Cypriniformes	ITPR2	0	found_annotated	informative10	20	13	10	20	20	1	ALX1;BHLHE41;BMAL2;C1QTNF13;CTSD;EEA1;ENDOUC;EPS8B;LRRIQ1;MGAT4C;NR1H4;NTS;NUDT4A;PLEKHG7;PPFIBP1B;RASSF9;SLC17A8;SLC6A15;SSPN;UBE2N
Phoxinus_phoxinus|GCF_949152265.1|ITPR3.0	GCF_949152265.1	Phoxinus phoxinus	Actinopteri	Cypriniformes	ITPR3	0	found_annotated	informative10	20	12	10	20	20	1	AJAP1;B3GNT7L;CEP104;COL2A1A;CPT2;CRY3A;CUNH1ORF174;DFFB;ELA2;ELA2L;FHAD1;GLS2A;GPR37L1B;LRRC47;MAGOH;NPHP4;PORCN;SPRYD4;TMCO1;UCK2A
Phoxinus_phoxinus|GCF_949152265.1|RYR.0	GCF_949152265.1	Phoxinus phoxinus	Actinopteri	Cypriniformes	RYR	0	found_annotated	informative10	20	12	12	20	20	1	ACADS;BUB3;CHRM3B;DYDC2;FAM53B;FH;FMN2B;GREM2B;HHEX;HMX3B;HPDL;LHPP;LZTS2B;MTR;OAT;PDZD7B;PSTK;RGS7B;SELENOU1B;ZRANB1A
Phoxinus_phoxinus|GCF_949152265.1|RYR.1	GCF_949152265.1	Phoxinus phoxinus	Actinopteri	Cypriniformes	RYR	1	found_annotated	informative10	20	12	11	20	20	0	B3GLCT;BCL7B;C2CD2;CFAP298;COL26A1;CUX1A;EVA1C;FRYB;HUNK;IL2RG;KL;MDH2;MIS18A;MYL10;PRDM15;RXFP2A;SKA2;TBL2;TEX14;ZAR1L
Phoxinus_phoxinus|GCF_949152265.1|RYR.2	GCF_949152265.1	Phoxinus phoxinus	Actinopteri	Cypriniformes	RYR	2	found_annotated	informative10	20	10	14	20	20	0	ACTMAP;B3GAT1A;BCKDH;CFAP45;CLASRP;EXOSC5;HNRNPUL1;ITPKC;KCNAB1A;LEKR1;OPA3;PPP1R13L;RASGRP4;SIAE;SNRP;SSR3;TBRG1;TIPARP;TMEM91;VMN2R1
Phoxinus_phoxinus|GCF_949152265.1|RYR.3	GCF_949152265.1	Phoxinus phoxinus	Actinopteri	Cypriniformes	RYR	3	found_annotated	informative10	20	20	12	20	20	0	ACP7;ACTC1B;ADSS1;ARHGAP11A;BMF1;CHRM5A;CYP1C1;DNAJC17;DORIP1;EIF2AK4;EMC7A;FANCM;FSIP1;GCHFR;GREM1B;KLHL28;SIVA1;SOUL3;THBS1A;TOGARAM1
Phoxinus_phoxinus|GCF_949152265.1|RYR.4	GCF_949152265.1	Phoxinus phoxinus	Actinopteri	Cypriniformes	RYR	4	found_annotated	informative10	20	10	10	20	20	0	ACOT20;ACTC1A;ADAM17B;CHRM5B;CPSF3;EMC7B;FMN1;GPR176;GREM1A;KATNBL1;KLF11A;MAX;RRM2;SCG5;SLC10A1;SRSF5B;SUSD6;TAF1B;THBS1B;YWHAQ
Phoxinus_phoxinus|GCF_949152265.1|RYR.5	GCF_949152265.1	Phoxinus phoxinus	Actinopteri	Cypriniformes	RYR	5	found_annotated	informative10	20	11	17	20	20	0	ACTN2B;ADD3B;BNIP4;CHRM3A;CYP26C1;DICER1;ECD;FMN2A;GNRH3;GREM2A;GSC;KIF11;NEURL1A;P4HA1B;REEP3A;RGS7A;SH3PXD2A;SLC22A15;SMNDC1;SORCS3B
Notothenia_rossii|GCF_949606895.1|ITPR1.0	GCF_949606895.1	Notothenia rossii	Actinopteri	Perciformes	ITPR1	0	found_annotated	informative10	20	32	16	20	20	1	ATF1;ATF7B;CDK4;CYP27B1;DIP2B;ESPL1;FAIM2B;LARP4A;MCRS1;METTL1;MMP19;PFDN5;SCN8A;SLC4A8;SUMF1;SUOX;TMT1A;TTLL3;ZC3H10;ZNF740A
Notothenia_rossii|GCF_949606895.1|ITPR2.0	GCF_949606895.1	Notothenia rossii	Actinopteri	Perciformes	ITPR2	0	found_annotated	informative10	20	11	13	20	20	1	BANP;BHLHE41;BMAL2;C1QTNF13;EEA1;ENDOUC;FANCI;FBXO31;KRAS;NR1H4;NUDT4A;PLEKHG7;POLG;PPFIBP1B;RASSF8A;RHCG;SLC17A8;SSPN;UBE2N;ZNF469
Notothenia_rossii|GCF_949606895.1|ITPR3.0	GCF_949606895.1	Notothenia rossii	Actinopteri	Perciformes	ITPR3	0	found_annotated	informative10	19	29	60	19	19	1	APEX2;CACNA1F;CCDC135;CDK20;CXXC1A;EDEM2;FGD1;HDAC6;HM13;MAGIX;MECP2;MRGBP;NDNL2;RFC2;SNX21;SULF2B;TFE3A;USP11;WASB
Notothenia_rossii|GCF_949606895.1|RYR.0	GCF_949606895.1	Notothenia rossii	Actinopteri	Perciformes	RYR	0	found_annotated	informative10	20	24	43	20	20	1	ADGRA1A;ADOA;BMS1;CHRM3B;CUNH18ORF54;CYP26A1;EGR2B;EXOC6;FMN2B;HHEX;JMJD1C;JUNE;MACIR;MTR;NRBF2B;PLCD3B;POMK;REEP3B;SPAG16;WDR91
Notothenia_rossii|GCF_949606895.1|RYR.1	GCF_949606895.1	Notothenia rossii	Actinopteri	Perciformes	RYR	1	found_annotated	informative10	20	19	16	20	20	0	ARFIP2B;ARHGAP31;B4GALT4;CASR;DCHS1B;EXOSC8;FHDC3;GABRR3A;GSX1;MAP7D2A;NFRK;PDHA1A;POSTN;PRDX4;SMS;SUPT20;TRIM3B;TRIM47;UFM1;WASF3A
Notothenia_rossii|GCF_949606895.1|RYR.2	GCF_949606895.1	Notothenia rossii	Actinopteri	Perciformes	RYR	2	found_annotated	informative10	20	25	56	20	20	0	AXL;CLDNF;CLDNJ;EFHD1;EXOSC5;HNRNPUL1;KCNJ13;MRPS23;NF1A;NLK2;NLRX1;OPA3;PPP1R13L;PPP5C;RASGRP4;SBDS;SMCO4;TGFB1A;TMEM91;TYW1
Notothenia_rossii|GCF_949606895.1|RYR.3	GCF_949606895.1	Notothenia rossii	Actinopteri	Perciformes	RYR	3	found_annotated	informative10	20	16	30	20	20	0	ACP7;ACTC1B;ADSS1;AREL1;ARHGAP11A;BMF1;CHRM5A;CYP1C1;DNAJC17;EIF2AK4;EXD1;FSIP1;GCHFR;GPX2;GREM1B;LIN52;POMT2;SIVA1;SLC10A1;VSX2
Notothenia_rossii|GCF_949606895.1|RYR.4	GCF_949606895.1	Notothenia rossii	Actinopteri	Perciformes	RYR	4	found_annotated	informative10	20	12	15	20	20	0	ABRACL;ACTC1A;AVEN;CHRM5B;CLU;EMC7B;FNTB;GPR176;GREM1A;HECA;KNSTRN;MAX;MTIF3;RAB15;REPS1;SCARA3;SCG5;SRSF5B;SUSD6;THBS1B
Notothenia_rossii|GCF_949606895.1|RYR.5	GCF_949606895.1	Notothenia rossii	Actinopteri	Perciformes	RYR	5	found_annotated	informative10	20	15	12	20	20	0	ACTN2B;BICC1A;BORA;CCSER2A;CHRM3A;DACHC;DNAJC9;ECD;FAM149B1;FMN2A;GREM2A;GRID1A;MZT1;NDNFL;P4HA1B;PHYHIPL;RGS7A;SPARCL2;UBAC2;WAPL
Borostomias_antarcticus|GCF_949987555.1|ITPR1.0	GCF_949987555.1	Borostomias antarcticus	Actinopteri	Stomiiformes	ITPR1	0	found_annotated	informative10	20	28	12	20	20	1	ABHD6A;ATF1;ATF7B;DENND6A;DIP2B;DTX3L;ESPL1;ESYT1B;FAIM2B;FLNB;ITGB7;LARP4A;PFDN5;SCN8A;SLC4A8;SLMAP;SUMF1;TTLL3;ZC3H10;ZNF740A
Borostomias_antarcticus|GCF_949987555.1|ITPR1.1	GCF_949987555.1	Borostomias antarcticus	Actinopteri	Stomiiformes	ITPR1	1	found_annotated	informative10	20	12	12	20	20	0	ARL6IP5A;ARL8B;AVPR2B;BHLHE40;CAMKV;CCDC120B;COMT;FOXP1B;FRMD4B;GPR27;GRM6B;LRRN1;MDFIC2;MITF;MON1A;MST1R;SEMA3F;SETMAR;TRAIP;TRNT1
Borostomias_antarcticus|GCF_949987555.1|ITPR2.0	GCF_949987555.1	Borostomias antarcticus	Actinopteri	Stomiiformes	ITPR2	0	found_annotated	informative10	20	11	10	20	20	1	BANP;BHLHE41;BMAL2;C1QTNF13;CES2B;EEA1;ENDOUC;FANCI;FBXO31;KRAS;NR1H4;NUDT4A;PLEKHG7;POLG;PPFIBP1B;RASSF8A;SLC17A8;SSPN;UBE2N;ZNF469
Borostomias_antarcticus|GCF_949987555.1|ITPR3.0	GCF_949987555.1	Borostomias antarcticus	Actinopteri	Stomiiformes	ITPR3	0	found_annotated	informative10	20	20	13	20	20	1	AAR2;CTNNBL1;DPM1;HM13;KIF3B;KLHDC8B;LAMB2;LAMB2L;MRGBP;MYT1B;PARL;PCMTD2B;POFUT1;RPRD1B;SNX21;TAF13;TBC1D22B;TNNC2;TTI1;USP19
Borostomias_antarcticus|GCF_949987555.1|RYR.0	GCF_949987555.1	Borostomias antarcticus	Actinopteri	Stomiiformes	RYR	0	found_annotated	informative10	20	11	14	20	20	1	ACE;CHRM3B;CYP26A1;DNAH3;EXOC6;FH;FMN2B;GREM2B;HHEX;ITGA3B;LRRC3C;MED24;MKI67;MPP2B;MTR;NRBF2B;REEP3B;RGS7B;TOP2A;TUT1
Borostomias_antarcticus|GCF_949987555.1|RYR.1	GCF_949987555.1	Borostomias antarcticus	Actinopteri	Stomiiformes	RYR	1	found_annotated	informative10	20	11	25	20	20	0	BHLHA9;EHD2A;GNG8;HNRNPUL1L;KLHL13;LRCH2;MICU2;NAPA;NFRK;NRIP1B;RSPH4A;SELENOW1;SERPINF1;SLCO2B1;SPTBN4A;ST14B;SYMPK;TMEM45B;USP25;WDR44
Borostomias_antarcticus|GCF_949987555.1|RYR.2	GCF_949987555.1	Borostomias antarcticus	Actinopteri	Stomiiformes	RYR	2	found_annotated	informative10	20	10	15	20	20	0	ARRB1;ATG16L2;AXL;B3GNT2L;BCKDH;BICR;CYP2Y3;EXOSC5;HNRNPUL1;LIPT2;NAPA;OPA3;PGM2L1;PPP1R13L;PPP5C;RASGRP4;RNF169;TGFB1A;TMEM91;WDR62
Borostomias_antarcticus|GCF_949987555.1|RYR.3	GCF_949987555.1	Borostomias antarcticus	Actinopteri	Stomiiformes	RYR	3	found_annotated	informative10	20	15	11	20	20	0	ACTC1A;AK7A;AVEN;BCL11B;CCDC85C;CCNK;CHRM5B;EMC7B;GPR176;GREM1A;GTF3C3;HECW2B;KATNBL1;PAPOL;SCG5;SLC10A1;SPAG17;SRSF5B;SUSD6;THBS1B
Borostomias_antarcticus|GCF_949987555.1|RYR.4	GCF_949987555.1	Borostomias antarcticus	Actinopteri	Stomiiformes	RYR	4	found_annotated	informative10	20	15	12	20	20	0	ACTN2B;ANK3A;BICC1A;CCSER2A;CDK1;CHRM3A;ECD;FAM149B1;FMN2A;GREM2A;GRID1A;HTRA1A;NDNFL;P4HA1B;RGS7A;RTKN2;SLC16A9A;SPARCL2;TMEM26A;WAPL
Borostomias_antarcticus|GCF_949987555.1|RYR.5	GCF_949987555.1	Borostomias antarcticus	Actinopteri	Stomiiformes	RYR	5	found_annotated	informative10	20	27	14	20	20	0	ACP7;ACTC1B;ADSS1;ARHGAP11A;BMF1;CHRM5A;COQ6;CYP1C2;DNAJC17;EIF2AK4;EXD1;FAM161B;GCHFR;GPX2;GREM1B;LIN52;NGB;SIVA1;TMEM63C;ZDHHC22
Ammodytes_marinus|GCF_949987685.1|ITPR1.0	GCF_949987685.1	Ammodytes marinus	Actinopteri	Uranoscopiformes	ITPR1	0	found_annotated	informative10	20	27	16	20	20	1	ATF1;ATF7B;C1QL4B;CDK4;CYP27B1;DIP2B;DTX3L;ESPL1;FAIM2B;MCRS1;METTL1;PFDN5;PFKM;SCN8A;SLC4A8;SUMF1;SUOX;TTLL3;ZC3H10;ZNF740A
Ammodytes_marinus|GCF_949987685.1|ITPR1.1	GCF_949987685.1	Ammodytes marinus	Actinopteri	Uranoscopiformes	ITPR1	1	found_annotated	informative10	20	18	14	20	20	0	APOBEC2A;ARFRP1;BHLHE40;CAMKV;CCDC120B;CNTN2;COMT;CXXC1B;ELF3;GOLT1A;GRM6B;LRRN2;MBD1B;MON1A;MST1R;NFASC;PLEKHA6;SERINC3;SETMAR;TRAIP
Ammodytes_marinus|GCF_949987685.1|ITPR2.0	GCF_949987685.1	Ammodytes marinus	Actinopteri	Uranoscopiformes	ITPR2	0	found_annotated	informative10	20	10	11	20	20	1	BANP;BHLHE41;BMAL2;C1QTNF13;CES2B;EEA1;ENDOUC;FANCI;FBXO31;KRAS;NR1H4;NUDT4A;PLEKHG7;POLG;PPFIBP1B;RASSF8A;SLC17A8;SSPN;UBE2N;ZNF469
Ammodytes_marinus|GCF_949987685.1|ITPR3.0	GCF_949987685.1	Ammodytes marinus	Actinopteri	Uranoscopiformes	ITPR3	0	found_annotated	informative10	20	20	26	20	20	1	ATP6AP1A;CCDC120A;CCDC135;COMMD7;DNMT3B;EDEM2;FGD1;GPR37L1B;GRIPAP1;HCFC1B;HM13;IRAK1;KCND1;MECP2;MRGBP;NDNL2;PPDPF;PTPN18;SNX21;TAFAZZIN
Ammodytes_marinus|GCF_949987685.1|RYR.0	GCF_949987685.1	Ammodytes marinus	Actinopteri	Uranoscopiformes	RYR	0	found_annotated	informative10	13	11	4	13	13	1	ADGRA1A;ADOA;BMS1;CHRM3B;CYP26A1;EGR2B;EXOC6;FMN2B;HHEX;JMJD1C;MTR;NRBF2B;REEP3B
Ammodytes_marinus|GCF_949987685.1|RYR.1	GCF_949987685.1	Ammodytes marinus	Actinopteri	Uranoscopiformes	RYR	1	found_annotated	informative10	20	21	10	20	20	0	ACSL3A;AP1S3A;AXL;B3GNT2L;BCKDH;BICR;EXOSC5;FARS;HNRNPUL1;KCNE4;NAPA;OPA3;PAX3B;PPP1R13L;PXYLP1;RASGRP4;RNF228;SCG2A;SGPP2;TMEM91
Ammodytes_marinus|GCF_949987685.1|RYR.2	GCF_949987685.1	Ammodytes marinus	Actinopteri	Uranoscopiformes	RYR	2	found_annotated	informative10	20	16	20	20	20	0	BRD8A;CXXC5A;DLAT;DNAJC18;GABRR3A;GNG8;GSX1;LIPI;MAP7D2A;NFRK;NRG2A;PDHA1A;PHLDB2A;PRDX4;PURA;SLC22A6L;SMS;TMEM45B;WASF3A;ZDHHC23A
Ammodytes_marinus|GCF_949987685.1|RYR.3	GCF_949987685.1	Ammodytes marinus	Actinopteri	Uranoscopiformes	RYR	3	found_annotated	informative10	20	26	16	20	20	0	ACP7;ACTC1B;ADSS1;AREL1;ARHGAP11A;BMF1;CHRM5A;CYP1C1;DNAJC17;EIF2AK4;EXD1;FSIP1;GCHFR;GPX2;GREM1B;LIN52;POMT2;SIVA1;THBS1A;VSX2
Ammodytes_marinus|GCF_949987685.1|RYR.4	GCF_949987685.1	Ammodytes marinus	Actinopteri	Uranoscopiformes	RYR	4	found_annotated	informative10	20	11	11	20	20	0	ABRACL;ACTC1A;AVEN;CHRM5B;CLU;EMC7B;FMN1;GPR176;GREM1A;HECA;KATNBL1;MAX;MTIF3;REPS1;SCARA3;SCG5;SLC10A1;SRSF5B;SUSD6;THBS1B
Ammodytes_marinus|GCF_949987685.1|RYR.5	GCF_949987685.1	Ammodytes marinus	Actinopteri	Uranoscopiformes	RYR	5	found_annotated	informative10	20	17	11	20	20	0	ACTN2B;BICC1A;BORA;CCSER2A;CHRM3A;DACHC;DIS3;DNAJC9;ECD;FAM149B1;FMN2A;GRID1A;MZT1;NDNFL;P4HA1B;PIBF1;RGS7A;SPARCL2;UBAC2;WAPL
Cnephaeus_nilssonii|GCF_951640355.1|ITPR1.0	GCF_951640355.1	Cnephaeus nilssonii	Mammalia	Chiroptera	ITPR1	0	found_annotated	informative10	20	11	11	20	18	1	ABHD14A;ALAS1;ARL8B;BHLHE40;CHL1;CNTN3;CNTN4;CNTN6;CRBN;DUSP7;EDEM1;IL5RA;ITGA9;LRRN1;PDZRN3;POC1A;RPL29;TLR9;TRNT1;TWF2
Cnephaeus_nilssonii|GCF_951640355.1|ITPR2.0	GCF_951640355.1	Cnephaeus nilssonii	Mammalia	Chiroptera	ITPR2	0	found_annotated	informative10	20	10	11	20	20	1	BCAT1;BHLHE41;BMAL2;DNAI7;ETFRF1;FGFR1OP2;INTS13;IRAG2;KRAS;LMNTD1;MED21;MRPS35;PPFIBP1;RASSF8;REP15;SMCO2;SOX5;SSPN;STK38L;TM7SF3
Cnephaeus_nilssonii|GCF_951640355.1|ITPR3.0	GCF_951640355.1	Cnephaeus nilssonii	Mammalia	Chiroptera	ITPR3	0	found_annotated	informative10	20	15	12	20	18	1	BAK1;CUTA;DAXX;GRM4;HMGA1;IP6K3;KIFC1;LEMD2;MLN;NUDT3;PACSIN1;PHF1;RPS10;SMIM29;SMIM40;SYNGAP1;TAPBP;UQCC2;ZBTB22;ZBTB9
Cnephaeus_nilssonii|GCF_951640355.1|RYR.0	GCF_951640355.1	Cnephaeus nilssonii	Mammalia	Chiroptera	RYR	0	found_annotated	informative10	20	12	10	20	20	1	ACBD3;ACTN2;CHRM3;EDARADD;ENAH;EPHX1;ERO1B;GNG4;GPR137B;H3-3A;HEATR1;LGALS8;LYST;MTR;NID1;PYCR2;SDE2;SRP9;TMEM63A;ZP4
Cnephaeus_nilssonii|GCF_951640355.1|RYR.1	GCF_951640355.1	Cnephaeus nilssonii	Mammalia	Chiroptera	RYR	1	found_annotated	informative10	20	10	12	20	20	0	ACTN4;CAPN12;CATSPERG;DPF1;ECH1;EIF3K;FAM98C;HNRNPL;KCNK6;LGALS4;MAP4K1;NFKBIB;PPP1R14A;PSMD8;RASGRP4;RINL;SIRT2;SPINT2;SPRED3;YIF1B
Cnephaeus_nilssonii|GCF_951640355.1|RYR.2	GCF_951640355.1	Cnephaeus nilssonii	Mammalia	Chiroptera	RYR	2	found_annotated	informative10	20	39	12	20	19	0	ACTC1;AQR;AVEN;CDIN1;CHRM5;DPH6;EMC4;EMC7;FMN1;GJD2;GREM1;KATNBL1;LPCAT4;MEIS2;NOP10;NUTM1;SCG5;SLC12A6;TTC5;ZNF770
Gobius_niger|GCF_951799975.1|ITPR1.0	GCF_951799975.1	Gobius niger	Actinopteri	Gobiiformes	ITPR1	0	found_annotated	informative10	20	30	15	20	20	1	ATF1;ATF7B;CDK4;CYP27B1;DIP2B;ESPL1;FAIM2B;LARP4A;MCRS1;METTL1;PFDN5;PFKM;PPARG;SCN8A;SLC4A8;SUMF1;SUOX;TTLL3;ZC3H10;ZNF740A
Gobius_niger|GCF_951799975.1|ITPR1.1	GCF_951799975.1	Gobius niger	Actinopteri	Gobiiformes	ITPR1	1	found_annotated	informative10	20	11	13	20	20	0	ARL6IP5A;ARL8B;AVPR2B;BHLHE40;CAMKV;CCDC120B;COMT;EEVS;FOXP1B;FRMD4B;GRM6B;LRRN1;MBD1B;MDFIC2;MITF;MON1A;MST1R;SETMAR;TRAIP;TRNT1
Gobius_niger|GCF_951799975.1|ITPR2.0	GCF_951799975.1	Gobius niger	Actinopteri	Gobiiformes	ITPR2	0	found_annotated	informative10	20	11	10	20	19	1	BANP;BHLHE41;BMAL2;C1QTNF13;CHMP1A;EEA1;ENDOUC;FANC;KRAS;NR1H4;NUDT4A;PLEKHG7;PPFIBP1B;RASSF8A;SLC10A3;SLC17A8;SSPN;UBE2N;ZNF276;ZNF469
Gobius_niger|GCF_951799975.1|ITPR3.0	GCF_951799975.1	Gobius niger	Actinopteri	Gobiiformes	ITPR3	0	found_annotated	informative10	20	15	17	20	20	1	BCAP31;CLCNK;EDEM2;ELK1;EPHA2B;FAM131C;GPR37L1B;GRIPAP1;HM13;HSPB7;KCND1;MAD2L2;MRGBP;OTUD5A;PLXNA3;PTPN18;SLC35A2;SLC6A8;SPEN;ZBTB17
Gobius_niger|GCF_951799975.1|RYR.0	GCF_951799975.1	Gobius niger	Actinopteri	Gobiiformes	RYR	0	found_annotated	informative10	20	11	15	20	20	1	ACBD4;ADGRA1A;ADOA;ARHGAP23B;BMS1;CABCOCO1;CHRM3B;CYP26A1;EGR2B;EXOC6;FMN2B;GHDC;GPAM;HHEX;JMJD1C;MED1;MTR;NRBF2B;PLCD3B;REEP3B
Gobius_niger|GCF_951799975.1|RYR.1	GCF_951799975.1	Gobius niger	Actinopteri	Gobiiformes	RYR	1	found_annotated	informative10	20	21	10	20	20	0	AXL;B3GNT2L;BCKDH;BICR;CALN1;CLDN;CLDNF;CLDNJ;EXOSC5;GALNT17;HNRNPUL1;NAPA;OPA3;PPP1R13L;PPP5C;RASGRP4;SBDS;TGFB1A;TMEM91;TYW1
Gobius_niger|GCF_951799975.1|RYR.2	GCF_951799975.1	Gobius niger	Actinopteri	Gobiiformes	RYR	2	found_annotated	informative10	20	24	12	20	20	0	ARHGAP31;B4GALT4;CASR;CXXC5A;DNAJC18;GNG8;GSX1;LIPI;MAP7D2A;NFRK;NRG2A;PDHA1A;PPP3C;PRDX4;PURA;PYGM;SLC22A6L;SMS;TMEM45B;WASF3A
Gobius_niger|GCF_951799975.1|RYR.3	GCF_951799975.1	Gobius niger	Actinopteri	Gobiiformes	RYR	3	found_annotated	informative10	20	28	17	20	20	0	ACP7;ACTC1B;ADSS1;ARHGAP11A;BMF1;CHRM5A;COLEC11;DCDC2C;DNAJC17;EIF2AK4;EXD1;FSIP1;GCHFR;GPX2;GREM1B;IMPG1B;SIVA1;THBS1A;ZBTB42;ZNF292A
Gobius_niger|GCF_951799975.1|RYR.4	GCF_951799975.1	Gobius niger	Actinopteri	Gobiiformes	RYR	4	found_annotated	informative10	20	13	11	20	20	0	ACTC1A;BUB1;CHRM5B;DUSP10;EMC7B;FMN1;FNTB;GPR176;GREM1A;HEY2;HLX1;KATNBL1;MAX;NUDT15;RAB15;SCG5;SRSF5B;SUSD6;TAF1A;THBS1B
Zeus_faber|GCF_960531495.1|ITPR1.0	GCF_960531495.1	Zeus faber	Actinopteri	Zeiformes	ITPR1	0	found_annotated	informative10	20	25	14	20	20	1	ATF1;ATF7B;CDK4;CYP27B1;DIP2B;ESPL1;FAIM2B;LARP4A;MCRS1;METTL1;MMP19;PFDN5;SCN8A;SLC4A8;SUMF1;SUOX;TMT1A;TTLL3;ZC3H10;ZNF740A
Zeus_faber|GCF_960531495.1|ITPR1.1	GCF_960531495.1	Zeus faber	Actinopteri	Zeiformes	ITPR1	1	found_annotated	informative10	20	11	11	20	20	0	ARL6IP5A;BHLHE40;CDC42;CDK18;EEVS;EIF4E3;ELK4;ETNK2;FOXP1B;FRMD4B;GPR27;KLHDC8A;LRRN1;MFSD4A;MITF;SETMAR;SLC41A1;SNRPE;SOX13;TRNT1
Zeus_faber|GCF_960531495.1|ITPR2.0	GCF_960531495.1	Zeus faber	Actinopteri	Zeiformes	ITPR2	0	found_annotated	informative10	20	11	11	20	20	1	BANP;BHLHE41;BMAL2;C1QTNF13;CES2B;EEA1;ENDOUC;FANCI;FBXO31;KRAS;NR1H4;NUDT4A;PLEKHG7;POLG;PPFIBP1B;RASSF8A;SLC17A8;SSPN;UBE2N;ZNF469
Zeus_faber|GCF_960531495.1|ITPR3.0	GCF_960531495.1	Zeus faber	Actinopteri	Zeiformes	ITPR3	0	found_annotated	informative10	20	21	14	20	20	1	BCAP31;CABLES2B;CCM2L;EDEM2;ELK1;GPR37L1B;GRIPAP1;HM13;KCND1;MRGBP;OTUD5A;PLXNA3;PTPN18;RFC2;RGS19;SLC35A2;SLC6A8;SNX21;SOX18;USP11
Zeus_faber|GCF_960531495.1|RYR.0	GCF_960531495.1	Zeus faber	Actinopteri	Zeiformes	RYR	0	found_annotated	informative10	20	10	17	20	20	1	ACTA2;ANKRD22;ASAH2;ATAD1B;CHRM3B;CYP26A1;EXOC6;FH;FMN2B;GREM2B;HHEX;JMJD1C;LIPF;MINPP1B;MTR;PTEN;REEP3B;RGS7B;RNLS;STAMBPL1
Zeus_faber|GCF_960531495.1|RYR.1	GCF_960531495.1	Zeus faber	Actinopteri	Zeiformes	RYR	1	found_annotated	informative10	20	17	16	20	20	0	BICDL2;CXXC5A;DNAJC18;GABRR3A;GNG8;LIPI;MAP7D2A;MIA;MRPS17;NFRK;NRG2A;PHLDB2A;PURA;SLC22A6L;SMS;THAP12A;TMEM45B;UVRAG;WBP2NL;WNT11
Zeus_faber|GCF_960531495.1|RYR.2	GCF_960531495.1	Zeus faber	Actinopteri	Zeiformes	RYR	2	found_annotated	informative10	20	10	13	20	20	0	ARAP1;AXL;B3GNT2L;BCKDH;CEP295;CUL3B;EXOSC5;FAM124B;HNRNPUL1;IGSF11;LSAMP;MMP28;NAPA;OPA3;PDE2A;PPP1R13L;RASGRP4;STARD10;TAF15;TMEM91
Zeus_faber|GCF_960531495.1|RYR.3	GCF_960531495.1	Zeus faber	Actinopteri	Zeiformes	RYR	3	found_annotated	informative10	20	26	13	20	20	0	ACP7;ACTC1B;ADSS1;AREL1;ARHGAP11A;BMF1;CHRM5A;CYP1C1;DNAJC17;EIF2AK4;EXD1;FSIP1;GCHFR;GPX2;GREM1B;LIN52;POMT2;SIVA1;THBS1A;VSX2
Zeus_faber|GCF_960531495.1|RYR.4	GCF_960531495.1	Zeus faber	Actinopteri	Zeiformes	RYR	4	found_annotated	informative10	20	10	12	20	20	0	ACTC1A;AVEN;CHRM5B;DNMT3A;DTNB;EMC7B;FMN1;GPR176;GREM1A;KATNBL1;KIF3C;MAPRE3B;MAX;RAB10;SCG5;SLC10A1;SRSF5B;SUSD6;THBS1B;TMEM214
Zeus_faber|GCF_960531495.1|RYR.5	GCF_960531495.1	Zeus faber	Actinopteri	Zeiformes	RYR	5	found_annotated	informative10	20	12	17	20	20	0	ACTN2B;BICC1A;BORA;CCSER2A;CHRM3A;DACHC;DIS3;ECD;FAM149B1;FMN2A;GRID1A;MZT1;NDNFL;P4HA1B;PHACTR2;PIBF1;RGS7A;SPARCL2;UBAC2;WAPL
Microchirus_variegatus|GCF_963457635.1|ITPR1.0	GCF_963457635.1	Microchirus variegatus	Actinopteri	Pleuronectiformes	ITPR1	0	found_annotated	informative10	20	29	26	20	20	1	CDK4;CUNH8ORF82;CYP27B1;DYRK3;FAIM2B;IKBKE;IL10;MAPKAPK2A;MCRS1;METTL1;MMP19;NAPRT;RASSF5;SLC4A8;SUMF1;SUOX;TAF4B;TTLL3;ZC3H10;ZNF740A
Microchirus_variegatus|GCF_963457635.1|ITPR1.1	GCF_963457635.1	Microchirus variegatus	Actinopteri	Pleuronectiformes	ITPR1	1	found_annotated	informative10	20	11	12	20	20	0	ARL6IP5A;ATXN7L2A;AVPR2B;BHLHE40;CAMK1G;CYB561D1;EEVS;EIF4E3;FOXP1B;FRMD4B;LAMB3;LDLRAD2;LRRN1;MITF;SETMAR;SYPL2A;TRNT1;USP48;ZBTB40;ZC3H11A
Microchirus_variegatus|GCF_963457635.1|ITPR2.0	GCF_963457635.1	Microchirus variegatus	Actinopteri	Pleuronectiformes	ITPR2	0	found_annotated	informative10	20	10	14	20	19	1	BANP;BHLHE41;CBLN1;CES2B;CNOT1;EEA1;FBXO31;IL34;KRAS;LONP2;N4BP1;PLEKHG7;RASSF8A;SF3B3;SIAH1;SLC41A2A;SSPN;WASHC4;ZNF423;ZNF469
Microchirus_variegatus|GCF_963457635.1|ITPR3.0	GCF_963457635.1	Microchirus variegatus	Actinopteri	Pleuronectiformes	ITPR3	0	found_annotated	informative10	20	24	23	20	20	1	ABHD6B;ABT1;BIRC7;CCDC135;DENND2D;EDEM2;GPR37L1B;HM13;MRGBP;NDNL2;RAD51C;RENBP;RFC2;SLC2A4RG;SLMAP;SNX21;SULF2B;TAFAZZIN;USP11;ZBTB46
Microchirus_variegatus|GCF_963457635.1|RYR.0	GCF_963457635.1	Microchirus variegatus	Actinopteri	Pleuronectiformes	RYR	0	found_annotated	informative10	20	15	16	20	20	1	ACBD4;ADGRA1A;BMS1;CA10A;CCR10;CHRM3B;EME1;EXOC7;FADS6;FMN2B;HID1B;MAP2K6;MBTD1;MRPL27;MTR;PLAU;TDRKH;TMEM94;TRIM16;TVP23B
Microchirus_variegatus|GCF_963457635.1|RYR.1	GCF_963457635.1	Microchirus variegatus	Actinopteri	Pleuronectiformes	RYR	1	found_annotated	informative10	20	13	15	20	20	0	AXL;CADM1B;CEP126;DUSP14;FAM181B;GAB2;IGSF9B;JAM3A;MAML2;NARS2;NCAM1B;OPA3;PPP5C;PRCP;RASGRP4;SYNRG;TADA2A;TENM4;TGFB1A;THYN1
Microchirus_variegatus|GCF_963457635.1|RYR.2	GCF_963457635.1	Microchirus variegatus	Actinopteri	Pleuronectiformes	RYR	2	found_annotated	informative10	20	17	16	20	20	0	AGO1;AGO3A;ATP2C1;CNR2;COL28A1B;COL6A4A;CREB3L4;DEK;DHDDS;GABRR3A;ICA1;MIOS;MRPS12;NFRK;PIK3R4;RPP25L;SEPTIN7B;SMS;TMEM116;TMEM45B
Microchirus_variegatus|GCF_963457635.1|RYR.3	GCF_963457635.1	Microchirus variegatus	Actinopteri	Pleuronectiformes	RYR	3	found_annotated	informative10	20	15	26	20	20	0	ACP7;ACTC1B;ADSS1;ARHGAP11A;BMF1;CHRM5A;CYP1C2;DNAJC17;EIF2AK4;EXD1;FGD5A;FSIP1;GCHFR;GPX2;GREM1B;SFMBT1;SIVA1;SLC10A1;STIMATE;UBA3
Microchirus_variegatus|GCF_963457635.1|RYR.4	GCF_963457635.1	Microchirus variegatus	Actinopteri	Pleuronectiformes	RYR	4	found_annotated	informative10	20	10	11	20	20	0	ABRACL;ACOT20;ACTC1A;AVEN;CHRM5B;CLU;EMC7B;FMN1;GPR176;GREM1A;HECA;KATNBL1;MAX;MTIF3;NUDT14;REPS1;SCARA3;SRSF5B;SUSD6;THBS1B
Microchirus_variegatus|GCF_963457635.1|RYR.5	GCF_963457635.1	Microchirus variegatus	Actinopteri	Pleuronectiformes	RYR	5	found_annotated	informative10	20	19	12	20	20	0	ACTN2B;BICC1A;BORA;DACHC;DIS3;EIF4EBP2;GREM2B;HIF1AN;KLF5A;MZT1;P4HA1B;PGBD5;PIBF1;PPA1B;RPS24;SAR1A;SPOCK2;TYSND1;UBAC2;ZMIZ1A
Raja_brachyura|GCF_963514005.1|ITPR1.0	GCF_963514005.1	Raja brachyura	Chondrichthyes	Rajiformes	ITPR1	0	found_annotated	informative10	20	17	19	20	20	1	BHLHE40;BORCS6;CAV3;CCDC174;CHL1B;CRBN;EDEM1;GXYLT2;LMCD1;LRRN1;PPP4R2B;RAD18;RASSF1;SEC13;SEMA3H;SETMAR;SUMF1;TATDN2;TRNT1;ZMYND10
Raja_brachyura|GCF_963514005.1|ITPR2.0	GCF_963514005.1	Raja brachyura	Chondrichthyes	Rajiformes	ITPR2	0	found_annotated	informative10	20	20	12	20	20	1	BCAT1;C2CD5;CEP83;CRADD;DNAI7;EEA1;GYS2;INTS13;KISS2;LDHB;MRPL42;PLEKHG7;PLXNC1;RASSF8B;SOCS2;SOX5;SSPN;ST8SIA1;TMCC3;UBE2N
Raja_brachyura|GCF_963514005.1|ITPR3.0	GCF_963514005.1	Raja brachyura	Chondrichthyes	Rajiformes	ITPR3	0	found_annotated	informative10	20	28	48	20	20	1	ANKS1A;CELSR2;CFAP276;CPNE5B;ELAPOR1;FANCE;KIF21B;LGR6;MKRN4;MYOG;PIM1;PPFIA4;PPIL1;PPP1R12B;SARS1;TIMM17A;TMEM167B;TMEM183A;UBE2T;UQCC2
Raja_brachyura|GCF_963514005.1|RYR.0	GCF_963514005.1	Raja brachyura	Chondrichthyes	Rajiformes	RYR	0	found_annotated	informative10	11	17	24	11	11	0	BLVR;CHP2;DLC;DMAC2;ECH1;PSMD8;RASGRP4;SPHK2;SRSF7A;SUPT5H;TIMM50
Raja_brachyura|GCF_963514005.1|RYR.1	GCF_963514005.1	Raja brachyura	Chondrichthyes	Rajiformes	RYR	1	found_annotated	informative10	20	18	16	20	20	1	ADPGK2;CEBPZ;CHRM3B;FH;FMN2B;GREM2B;HEATR1;HYLS1;KMO;MOCS3;MRPL4;MTR;NDUFAF7;OPN3;PPP1R21;PRKD3;RGS7B;SLC30A6;STON1;XPO5
Raja_brachyura|GCF_963514005.1|RYR.2	GCF_963514005.1	Raja brachyura	Chondrichthyes	Rajiformes	RYR	2	found_annotated	informative10	20	19	12	20	20	0	AQR;ARG2;CDIN1;DPH6;EMC7B;FAM98B;FOXG1A;FSIP1;G2E3;GPR176;KATNBL1;MEIS2A;MRPL24;PRKD1;RDH12;SPRED1;STXBP6;THBS1B;VTI1B;ZFYVE26
Conger_conger|GCF_963514075.1|ITPR1.0	GCF_963514075.1	Conger conger	Actinopteri	Anguilliformes	ITPR1	0	found_annotated	informative10	20	22	27	20	20	1	ARL8B;CAMKV;EDEM1;EEFSEC;GATA2B;GHRL;GNAT1;GNL3;MST1R;MUSTN1A;PBRM1L;RBM6;RFT1;RUVBL1;STAU1;SUMF1;TADA3L;TATDN2;UBA7;ZBTB46
Conger_conger|GCF_963514075.1|ITPR1.1	GCF_963514075.1	Conger conger	Actinopteri	Anguilliformes	ITPR1	1	found_annotated	informative10	20	12	38	20	20	0	ARL8B;BHLHE40;CAMKV;CCDC174;CHCHD4A;CIDEC;DNAH1;GNAI2A;HMCES;INKA1A;MON1A;MST1R;NUF2;PFKFB4A;RPN1;SEMA3F;SETMAR;SLC38A3A;TRAIP;TRNT1
Conger_conger|GCF_963514075.1|ITPR2.0	GCF_963514075.1	Conger conger	Actinopteri	Anguilliformes	ITPR2	0	found_annotated	informative10	20	17	21	20	20	1	ABCC9;ATP23;BHLHE41;CMAS;CPM;DNAH6;INTS13;KCNJ8;LRIG3;MDM2;NR1H4;NUP107;OVCH1;PARV;PARVG;PPFIBP1B;RASSF8B;RPAP3;SLC35E3;SSPN
Conger_conger|GCF_963514075.1|ITPR3.0	GCF_963514075.1	Conger conger	Actinopteri	Anguilliformes	ITPR3	0	found_annotated	informative10	20	22	27	20	20	1	CACNA1F;CELSR3;CRY3A;FANCE;FBXW12;GPR37L1B;IGF3;LRIF1;MGLL;MKRN4;OARD1;PPARD;PRKAR2A;RPL10A;SLC26A6;STK38A;SUV39H1A;SYPA;TMEM9;WDR6
Conger_conger|GCF_963514075.1|RYR.0	GCF_963514075.1	Conger conger	Actinopteri	Anguilliformes	RYR	0	found_annotated	informative10	20	15	15	20	20	1	ADOA;ARG1;ATOH1C;DNAJC9;EGR2B;EXOC6;FH;FMN2B;GRID1B;HEATR1;HHEX;JMJD1C;KIF11;MTR;NRBF2B;NUDT13;P4HA1A;PLEKHA1B;REEP3B;WAPL
Conger_conger|GCF_963514075.1|RYR.1	GCF_963514075.1	Conger conger	Actinopteri	Anguilliformes	RYR	1	found_annotated	informative10	20	27	11	20	19	0	B3GNT2L;BCKDH;BICR;EHD2B;EXOSC5;GAP43;GMFG;IGSF11;LSAMP;MED29;MED31;OPA3;PAF1;PPP1R13L;PRKDC;PSMD8;SOCS9;SPRED3;TMEM91;WDR81
Conger_conger|GCF_963514075.1|RYR.2	GCF_963514075.1	Conger conger	Actinopteri	Anguilliformes	RYR	2	found_annotated	informative10	20	48	25	20	20	0	B9D2;CBR1L;CHRDL2;DDX10;EHD2A;GNG8;HNRNPUL1L;LIPT2;NAPA;NEU3;NFRK;POLD3;PPP5C;RSPH4A;ST14B;SYMPK;TMEM45B;WDR73;XRRA1;ZNF541
Conger_conger|GCF_963514075.1|RYR.3	GCF_963514075.1	Conger conger	Actinopteri	Anguilliformes	RYR	3	found_annotated	informative10	20	20	31	20	20	0	ACP7;AKT1;ARHGAP11A;CEP170B;CHRM5A;DNAJC17;EIF2AK4;EXD1;FSIP1;GCHFR;GPX2;GREM1B;INF2;LIN52;POMT2;SIVA1;VRTN;VSX2;ZBTB42;ZFYVE1
Conger_conger|GCF_963514075.1|RYR.4	GCF_963514075.1	Conger conger	Actinopteri	Anguilliformes	RYR	4	found_annotated	informative10	20	41	22	20	20	0	ACOT20;ACTC1A;AVEN;BPNT1;CHURC1;FNTB;GRCC10;INO80;MAX;MBIP;PIGH;PLB1;PPP1C;RAB15;RAB3GAP2;SAYSD1;SIPA1L1;THBS1B;TTC32;WDR21
Chelon_labrosus|GCF_963514085.1|ITPR1.0	GCF_963514085.1	Chelon labrosus	Actinopteri	Mugiliformes	ITPR1	0	found_annotated	informative10	20	14	26	20	20	1	ATF1;ATF7B;CALCOCO1B;CDK4;CYP27B1;DIP2B;DTX3L;ESPL1;ESYT1B;FAIM2B;LARP4A;METTL1;PFDN5;PFKM;SCN8A;SLC4A8;SUMF1;TTLL3;ZC3H10;ZNF740A
Chelon_labrosus|GCF_963514085.1|ITPR1.1	GCF_963514085.1	Chelon labrosus	Actinopteri	Mugiliformes	ITPR1	1	found_annotated	informative10	20	54	12	20	20	0	ARL6IP5A;AVPR2B;BHLHE40;DYNLRB1;EEVS;EIF6;FAM83C;FOXP1B;FRMD4B;GDF5;GPR27;LRRN1;MAP1LC3A;MITF;MMP24;SDC4;SETMAR;SMPD4;TRNT1;UQCC1
Chelon_labrosus|GCF_963514085.1|ITPR2.0	GCF_963514085.1	Chelon labrosus	Actinopteri	Mugiliformes	ITPR2	0	found_annotated	informative10	20	11	14	20	20	1	BANP;BHLHE41;BMAL2;C1QTNF13;CES2B;EEA1;ENDOUC;FANCI;FBXO31;KRAS;NR1H4;NUDT4A;PLEKHG7;POLG;PPFIBP1B;RASSF8A;SLC17A8;SSPN;UBE2N;ZNF469
Chelon_labrosus|GCF_963514085.1|ITPR3.0	GCF_963514085.1	Chelon labrosus	Actinopteri	Mugiliformes	ITPR3	0	found_annotated	informative10	20	20	32	20	20	1	ABCD1;ABT1;BORCS6;CCDC135;CDK16;EDEM2;GPR37L1B;GRM6A;HM13;MOGAT3A;MRGBP;PLXNB3;RAD51C;RHOA;SEMA3H;SNX21;SRPK3;SULF2B;TMEM115;TSR2
Chelon_labrosus|GCF_963514085.1|RYR.0	GCF_963514085.1	Chelon labrosus	Actinopteri	Mugiliformes	RYR	0	found_annotated	informative10	16	11	8	16	16	1	ADOA;BMS1;CHRM3B;CYP26A1;EGR2B;EXOC6;FMN2B;HHEX;JMJD1C;LRRC45;MTR;NRBF2B;RAC3B;REEP3B;TMEM67;TRUB1
Chelon_labrosus|GCF_963514085.1|RYR.1	GCF_963514085.1	Chelon labrosus	Actinopteri	Mugiliformes	RYR	1	found_annotated	informative10	20	10	32	20	20	0	AXL;B3GNT2L;BCKDH;BICR;CALN1;CLDN;EML2;EXOSC5;GALNT17;GIPR;HNRNPUL1;NAPA;OPA3;PPP1R13L;PPP5C;RASGRP4;RHBDD1;SBDS;TMEM91;TYW1
Chelon_labrosus|GCF_963514085.1|RYR.2	GCF_963514085.1	Chelon labrosus	Actinopteri	Mugiliformes	RYR	2	found_annotated	informative10	20	13	22	20	20	0	ARHGAP31;B4GALT4;BRD8A;CXXC5A;DNAJC18;GABRR3A;GNG8;GSX1;MAP7D2A;NFRK;NRG2A;NRXN2A;PDHA1A;PHLDB2A;PRDX4;PURA;SLC22A6L;SMS;TMEM45B;WASF3A
Chelon_labrosus|GCF_963514085.1|RYR.3	GCF_963514085.1	Chelon labrosus	Actinopteri	Mugiliformes	RYR	3	found_annotated	informative10	20	26	16	20	20	0	ACP7;ACTC1B;ADSS1;AREL1;ARHGAP11A;BMF1;CHRM5A;CYP1C1;DNAJC17;EIF2AK4;EXD1;FSIP1;GCHFR;GPX2;GREM1B;LIN52;POMT2;SIVA1;THBS1A;VSX2
Chelon_labrosus|GCF_963514085.1|RYR.4	GCF_963514085.1	Chelon labrosus	Actinopteri	Mugiliformes	RYR	4	found_annotated	informative10	20	11	13	20	20	0	ABRACL;ACTC1A;AVEN;CHRM5B;EMC7B;FMN1;GPR176;GREM1A;HECA;KATNBL1;KNSTRN;MAX;MTIF3;REPS1;SCARA3;SCG5;SLC10A1;SRSF5B;SUSD6;THBS1B
Chelon_labrosus|GCF_963514085.1|RYR.5	GCF_963514085.1	Chelon labrosus	Actinopteri	Mugiliformes	RYR	5	found_annotated	informative10	20	12	17	20	20	0	ACTN2B;BICC1A;BORA;CCSER2A;CHRM3A;DACHC;DIS3;DNAJC9;ECD;FAM149B1;FMN2A;GRID1A;MZT1;NDNFL;P4HA1B;PIBF1;RGS7A;SPARCL2;UBAC2;WAPL
Nannobrachium_achirus|GCF_963921795.1|ITPR1.0	GCF_963921795.1	Nannobrachium achirus	Actinopteri	Myctophiformes	ITPR1	0	found_annotated	informative10	20	33	23	20	20	1	ANKRD33A;ARHGEF25B;CAMK1G;CASS4;CCDC174;CHD6;CRBN;CSTF1;DDX27;DRAM2B;DRC2;ERBB3A;FGD5B;FKBP11;MKRN2;MKRN2OS;RIPOR3;TATDN2;TSEN2;VHL
Nannobrachium_achirus|GCF_963921795.1|ITPR1.1	GCF_963921795.1	Nannobrachium achirus	Actinopteri	Myctophiformes	ITPR1	1	found_annotated	informative10	20	11	16	20	20	0	ARL6IP5A;ARL8B;AVPR2B;BHLHE40;CAMKV;CCDC120B;CXXC1B;EIF4E3;FOXP1B;FRMD4B;GNL3L;GPR27;LRRN1;MITF;MON1A;MST1R;SEMA3F;SETMAR;TRAIP;TRNT1
Nannobrachium_achirus|GCF_963921795.1|ITPR2.0	GCF_963921795.1	Nannobrachium achirus	Actinopteri	Myctophiformes	ITPR2	0	found_annotated	informative10	20	17	15	20	20	1	ASCL1B;BANP;BHLHE41;EEA1;FJX1;IRF7;KRAS;LDLRAD3;LRRC56;NUDT4A;PAMR1B;PDHX;PHRF1;PLEKHG7;RASSF7A;RASSF8A;SSPN;TRIM44;UBE2N;ZNF469
Nannobrachium_achirus|GCF_963921795.1|ITPR2.1	GCF_963921795.1	Nannobrachium achirus	Actinopteri	Myctophiformes	ITPR2	1	found_annotated	informative10	20	10	20	20	20	0	ASCL1B;BANP;BHLHE41;C1QTNF13;EEA1;IRF7;KRAS;LDLRAD3;LRRC56;NR1H4;NUDT4A;PHRF1;PLEKHG7;RASSF7A;RASSF8A;SLC17A8;SSPN;TRIM44;UBE2N;ZNF469
Nannobrachium_achirus|GCF_963921795.1|ITPR3.0	GCF_963921795.1	Nannobrachium achirus	Actinopteri	Myctophiformes	ITPR3	0	found_annotated	informative10	20	29	26	20	20	1	COL2A1A;EDEM2;ELK1;G6PD;GRIPAP1;HM13;HMGA1A;MRGBP;OTUD5A;PACSIN1A;PCBP2;PIM2;PLXNA3;PTPN18;RFC2;SLC35A2;SMIM29;SNX21;SPRYD4;USP11
Nannobrachium_achirus|GCF_963921795.1|RYR.0	GCF_963921795.1	Nannobrachium achirus	Actinopteri	Myctophiformes	RYR	0	found_annotated	informative10	20	18	15	20	20	1	CHRM3B;CPPED1;CYP26A1;DMC1;EGR2B;ERCC4;EXOC6;FMN2B;GREM2B;GSPT1;HHEX;JMJD1C;MAFF;MRTFB;NRBF2B;REEP3B;RSL1D1;SHISA9A;SNX29;TOMM22
Nannobrachium_achirus|GCF_963921795.1|RYR.1	GCF_963921795.1	Nannobrachium achirus	Actinopteri	Myctophiformes	RYR	1	found_annotated	informative10	20	26	19	20	20	0	ALOX5AP;AP2B1;APBB3;BCKDK;CAPN5B;ELMOD1;GNG8;HMGB1A;LRWD1;MEDAG;MYO7A;NFRK;ORAI2;PHLDB2A;RPS14;SLC35F2;SMS;SRA1;TMEM45B;USPL1
Nannobrachium_achirus|GCF_963921795.1|RYR.2	GCF_963921795.1	Nannobrachium achirus	Actinopteri	Myctophiformes	RYR	2	found_annotated	informative10	20	16	16	20	20	0	ARAP1;BCKDH;CLUH;CUL3B;DCUN1D5;EXOSC5;FAM124B;HNRNPUL1;METTL16;MMP28;MNTA;MYO7A;OMPA;OPA3;PDE2A;PPP1R13L;RASGRP4;STARD10;TAF15;TMEM91
Nannobrachium_achirus|GCF_963921795.1|RYR.3	GCF_963921795.1	Nannobrachium achirus	Actinopteri	Myctophiformes	RYR	3	found_annotated	informative10	20	33	15	20	20	0	ACP7;ACTC1B;ARHGAP11A;CHRM5A;DLST;DNAJC17;EIF2AK4;ERG28;ESRR;EXD1;FLVCR2A;FOSA;GPX2;GREM1B;IFT43;PROX2;RPS6KL1;TGFB3;THBS1A;TTLL5
Nannobrachium_achirus|GCF_963921795.1|RYR.4	GCF_963921795.1	Nannobrachium achirus	Actinopteri	Myctophiformes	RYR	4	found_annotated	informative10	13	14	15	13	13	0	AVEN;CHRM5B;EMC7B;FNTB;GPR176;KATNBL1;MAX;MGAT2;RPS29;SIPA1L1;SRSF5B;SUSD6;THBS1B
Nannobrachium_achirus|GCF_963921795.1|RYR.5	GCF_963921795.1	Nannobrachium achirus	Actinopteri	Myctophiformes	RYR	5	found_annotated	informative10	20	14	19	20	20	0	ACTN2B;BICC1A;BORA;CCSER2A;CHRM3A;DACHC;DIS3;ECD;FAM149B1;FMN2A;GRID1A;MZT1;NDNFL;P4HA1B;PHACTR2;PHYHIPL;SLC16A9A;SPARCL2;UBAC2;WAPL
Phalacrocorax_carbo|GCF_963921805.1|ITPR1.0	GCF_963921805.1	Phalacrocorax carbo	Aves	Suliformes	ITPR1	0	found_annotated	informative10	20	10	14	20	20	1	ARL8B;BHLHE40;CAV3;CHL1;CRBN;EDEM1;GRM7;GXYLT2;IL5RA;LMCD1;LRRN1;OXTR;PDZRN3;PPP4R2;RAD18;SHQ1;SRGAP3;SSUH2;SUMF1;TRNT1
Phalacrocorax_carbo|GCF_963921805.1|ITPR2.0	GCF_963921805.1	Phalacrocorax carbo	Aves	Suliformes	ITPR2	0	found_annotated	informative10	20	10	16	20	20	1	ARFGAP3;BHLHE41;BMAL2;DNAI7;ETFRF1;FGFR1OP2;GYS2;INTS13;IRAG2;KRAS;LDHB;LMNTD1;MED21;PACSIN2;PPFIBP1;RASSF8;REP15;SSPN;STK38L;TM7SF3
Phalacrocorax_carbo|GCF_963921805.1|ITPR3.0	GCF_963921805.1	Phalacrocorax carbo	Aves	Suliformes	ITPR3	0	found_annotated	informative10	20	11	20	20	20	1	APOBEC2;BAK1;FOXP4;FRS3;GRM4;HMGA1;IP6K3;LEMD2;MDFI;MLN;NFYA;NUDT3;OARD1;PACSIN1;PRICKLE4;RPS10;SMIM29;SPDEF;TFEB;TOMM6
Phalacrocorax_carbo|GCF_963921805.1|RYR.0	GCF_963921805.1	Phalacrocorax carbo	Aves	Suliformes	RYR	0	found_annotated	informative10	20	10	10	20	20	1	ACTN2;CHRM3;EDARADD;ERO1B;EXO1;FMN2;GNG4;GPR137B;GREM2;HEATR1;LGALS8;LYST;MAP1LC3C;MTR;NID1;OPN3;PIGM;PLD5;RGS7;WDR64
Phalacrocorax_carbo|GCF_963921805.1|RYR.1	GCF_963921805.1	Phalacrocorax carbo	Aves	Suliformes	RYR	1	found_annotated	informative10	20	11	10	20	20	0	ARHGAP11A;AVEN;BMF;CDIN1;CHRM5;DPH6;EIF2AK4;EMC7;FAM98B;FMN1;FSIP1;GPR176;GREM1;KATNBL1;MEIS2;RASGRP1;SCG5;SPRED1;SRP14;THBS1
Nansenia_antarctica|GCF_963989245.1|ITPR1.0	GCF_963989245.1	Nansenia antarctica	Actinopteri	Argentiniformes	ITPR1	0	found_annotated	informative10	20	26	36	20	20	1	ANKRD52B;ATF1;CDK4;CNPY2;CYP27B1;DGKA;DIP2B;DNAJC14;DTX3L;ESYT1B;FAIM2B;HOXC5A;MCRS1;METTL1;NAB2;NABP2;PFDN5;SLC4A8;SUMF1;ZC3H10
Nansenia_antarctica|GCF_963989245.1|ITPR1.1	GCF_963989245.1	Nansenia antarctica	Actinopteri	Argentiniformes	ITPR1	1	found_annotated	informative10	20	16	28	20	20	0	ANKS1A;ARL8B;BCDIN3D;BHLHE40;CAMKV;CCDC120B;CERS5;CXXC1B;GRM4;IGFN1;LRIG2;MBD1B;MON1A;MST1R;PADI2;PHC2B;SEMA3F;SETMAR;SNRPC;TRAIP
Nansenia_antarctica|GCF_963989245.1|ITPR2.0	GCF_963989245.1	Nansenia antarctica	Actinopteri	Argentiniformes	ITPR2	0	found_annotated	informative10	20	10	14	20	20	1	BANP;BHLHE41;BMAL2;C1QTNF13;EEA1;ENDOUC;FANCI;FBXO31;KRAS;NR1H4;NUDT4A;PDCD2L;PLEKHG7;POLG;PPFIBP1B;RASSF8A;SLC17A8;SSPN;UBE2N;ZNF469
Nansenia_antarctica|GCF_963989245.1|ITPR3.0	GCF_963989245.1	Nansenia antarctica	Actinopteri	Argentiniformes	ITPR3	0	found_annotated	informative10	20	16	17	20	20	1	ADNP;DPM1;GGT7;GPR37L1B;HM13;KLHDC8B;LAMB2;LAMB2L;NCOA6;PARD6B;PLCG1;SLC35H1;SNAI1B;SNX21;TAF13;TNNC2;TOP1B;TP53INP2B;USP19;ZHX3B
Nansenia_antarctica|GCF_963989245.1|RYR.0	GCF_963989245.1	Nansenia antarctica	Actinopteri	Argentiniformes	RYR	0	found_annotated	informative10	20	21	20	20	20	1	ALG8;B9D2;CBR1L;CCDC82;CCDC90B;DUB;GUCA1D;HNRNPUL1L;LIPI;NCBP3;NUP98;OR6AT1;PCF11;PCYT1B;POGLUT3;RAP1GAP2B;RBM11;SMS;SPAG16;TMPRSS15
Nansenia_antarctica|GCF_963989245.1|RYR.1	GCF_963989245.1	Nansenia antarctica	Actinopteri	Argentiniformes	RYR	1	found_annotated	informative10	20	10	21	20	20	0	ARRB1;ATG16L2;AXL;BCKDH;BICR;EHD2B;EXOSC5;NAPA;OPA3;OR60A1;PGM2L1;PPP1R13L;PPP5C;PSMD8;RASGRP4;RNF169;TGFB1A;TMEM91;WDR62;YPEL2B
Nansenia_antarctica|GCF_963989245.1|RYR.2	GCF_963989245.1	Nansenia antarctica	Actinopteri	Argentiniformes	RYR	2	found_annotated	informative10	20	11	24	20	20	0	ABHD15A;ACTN2B;ADOB;AIPL1;ANK3A;BICC1A;CHRM3A;CPDA;CRYBA1A;CRYBB1L3;EGR2A;EXO5;GOSR1;KIF11;RTKN2;SLC22A15;TMEM26A;TRARG1A;UNC119A1;ZNF365
Nansenia_antarctica|GCF_963989245.1|RYR.3	GCF_963989245.1	Nansenia antarctica	Actinopteri	Argentiniformes	RYR	3	found_annotated	informative10	20	16	27	20	20	0	ACP7;ACTC1B;ADSS1;AREL1;ARHGAP11A;BMF1;CHRM5A;DNAJC17;EIF2AK4;FCF1;FSIP1;GCHFR;GPX2;GREM1B;LIN52;POMT2;SIVA1;THBS1A;VSX2;ZBTB42
Nansenia_antarctica|GCF_963989245.1|RYR.4	GCF_963989245.1	Nansenia antarctica	Actinopteri	Argentiniformes	RYR	4	found_annotated	informative10	20	12	11	20	20	0	ACOT20;ACTC1A;AVEN;BCL11B;CCDC85C;CCNK;CHRM5B;EMC7B;FMN1;GPR176;GREM1A;ISM2B;KATNBL1;SCG5;SLC10A1;SNW1;SPTLC2B;SRSF5B;SUSD6;THBS1B
Nansenia_antarctica|GCF_963989245.1|RYR.5	GCF_963989245.1	Nansenia antarctica	Actinopteri	Argentiniformes	RYR	5	found_annotated	informative10	20	11	19	20	20	0	BICC1;CHRM3B;CYP26A1;CYP4F3;DNTTIP2;EXOC6;FAM13C;FH;FMN2B;GREM2B;HHEX;IPMK;JMJD1C;MTR;PHYHIPL;REEP3B;RGS7B;SLC16A9B;SYDE1;TFAM
Myxine_glutinosa|GCF_964187855.1|ITPR1.0	GCF_964187855.1	Myxine glutinosa	Myxini	Myxiniformes	ITPR1	0	found_annotated	informative10	20	31	29	20	20	1	CDC123;CXXC1;DLD;DNAH3;DNM1L;FAM50A;LRMDA;NUDT3;OTUD5;PPHLN1;PSMA5;QRICH1;SARS1;SELENOO;STRIP1;TAFA5;TBC1D30;TMEM115;UQCC2;YARS2
Myxine_glutinosa|GCF_964187855.1|ITPR1.1	GCF_964187855.1	Myxine glutinosa	Myxini	Myxiniformes	ITPR1	1	found_annotated	informative10	20	25	29	20	19	0	ABHD13;ATXN10;BCAP31;BICD2;CACNA2D3;CCDC22;CCDC3;CEP41;CHDH;DDX51;DUS4L;FBXO7;IPO9;MED19;MEST;MRPL48;RANBP1;SLC35B4;TMX2;WASHC1
Myxine_glutinosa|GCF_964187855.1|ITPR1.2	GCF_964187855.1	Myxine glutinosa	Myxini	Myxiniformes	ITPR1	2	found_annotated	informative10	20	30	42	20	19	0	AP2S1;BHLHE40;EDEM1;EFCAB10;FEZ2;KICS2;KNTC1;MCM5;MCM8;METTL1;MYD88;PDZRN3;RACGAP1;RTCB;SEC13;SHQ1;SPRED2;SSPN;THUMPD3;TMEM223
Myxine_glutinosa|GCF_964187855.1|RYR.0	GCF_964187855.1	Myxine glutinosa	Myxini	Myxiniformes	RYR	0	found_annotated	informative10	20	35	49	20	20	1	ACYP1;ALKBH6;BAHD1;DCAF5;DLST;DNAJC17;DRC7;EIF4A3;GALM;GANAB;KNL1;PCYT2;RAD52;RTF1;SLC32A1;SPAG7;STYX;TMBIM4;TRMT6;UGP2
Myxine_glutinosa|GCF_964187855.1|RYR.1	GCF_964187855.1	Myxine glutinosa	Myxini	Myxiniformes	RYR	1	found_annotated	informative10	20	22	21	20	20	0	ABHD12;AFTPH;AVEN;C1D;CAPN11;DPP3;DYNC2LI1;EHBP1;EMC7;FSAF1;GREM1;HAO1;MDH1;MRPS18A;SDE2;SERTAD2;SLC37A2;SOS1;TMEM63B;WDPCP
Calonectris_borealis|GCF_964195595.1|ITPR1.0	GCF_964195595.1	Calonectris borealis	Aves	Procellariiformes	ITPR1	0	found_annotated	informative10	20	12	13	20	20	1	CAV3;CHL1;CNTN6;CRBN;EDEM1;GRM7;GXYLT2;IL5RA;IRAK2;LMCD1;LRRN1;OXTR;PDZRN3;PPP4R2;RAD18;SRGAP3;SUMF1;THUMPD3;TRNT1;VHL
Calonectris_borealis|GCF_964195595.1|ITPR2.0	GCF_964195595.1	Calonectris borealis	Aves	Procellariiformes	ITPR2	0	found_annotated	informative10	20	10	15	20	20	1	ARFGAP3;BHLHE41;BMAL2;CYB5R3;DNAI7;ETFRF1;FGFR1OP2;GYS2;INTS13;IRAG2;KRAS;LMNTD1;MED21;PPFIBP1;RASSF8;REP15;SPX;SSPN;STK38L;TM7SF3
Calonectris_borealis|GCF_964195595.1|ITPR3.0	GCF_964195595.1	Calonectris borealis	Aves	Procellariiformes	ITPR3	0	found_annotated	informative10	20	11	16	20	20	1	APOBEC2;BAK1;FOXP4;FRS3;GRM4;HMGA1;IP6K3;LEMD2;MDFI;NFYA;NUDT3;OARD1;PACSIN1;PRICKLE4;RPS10;SMIM29;SPDEF;TFEB;TOMM6;UQCC2
Calonectris_borealis|GCF_964195595.1|RYR.0	GCF_964195595.1	Calonectris borealis	Aves	Procellariiformes	RYR	0	found_annotated	informative10	20	10	10	20	20	1	ACTN2;CHRM3;EDARADD;ERO1B;EXO1;FMN2;GNG4;GPR137B;GREM2;HEATR1;LGALS8;LYST;MAP1LC3C;MTR;NID1;OPN3;PIGM;PLD5;RGS7;WDR64
Calonectris_borealis|GCF_964195595.1|RYR.1	GCF_964195595.1	Calonectris borealis	Aves	Procellariiformes	RYR	1	found_annotated	informative10	20	13	10	20	20	0	ACTN4;BICRA;CRX;ECH1;EHD2;EIF3K;HNRNPL;KPTN;MAP4K1;MRPS12;NAPA;NFKBIB;NOP53;PAK4;PRSS16;SARS2;SELENOW;SIRT2;SLC8A2;ZNF541
Calonectris_borealis|GCF_964195595.1|RYR.2	GCF_964195595.1	Calonectris borealis	Aves	Procellariiformes	RYR	2	found_annotated	informative10	20	10	11	20	20	0	ARHGAP11A;BMF;CDIN1;CHRM5;DPH6;EIF2AK4;EMC7;FAM98B;FMN1;FSIP1;GPHN;GPR176;GREM1;KATNBL1;MEIS2;RASGRP1;SCG5;SPRED1;SRP14;THBS1
Oryctolagus_cuniculus|GCF_964237555.1|ITPR1.0	GCF_964237555.1	Oryctolagus cuniculus	Mammalia	Lagomorpha	ITPR1	0	found_annotated	informative10	18	11	10	18	17	1	ARL8B;BHLHE40;CAV3;CHL1;CNTN4;CNTN6;CRBN;EDEM1;GRM7;IL5RA;LMCD1;LRRN1;OXTR;RAD18;SRGAP3;SSUH2;SUMF1;TRNT1
Oryctolagus_cuniculus|GCF_964237555.1|ITPR2.0	GCF_964237555.1	Oryctolagus cuniculus	Mammalia	Lagomorpha	ITPR2	0	found_annotated	informative10	20	12	10	20	20	1	BCAT1;BHLHE41;BMAL2;C9H12ORF71;DNAI7;ETFRF1;FGFR1OP2;INTS13;IRAG2;KRAS;LMNTD1;MED21;MRPS35;PPFIBP1;RASSF8;SMCO2;SOX5;SSPN;STK38L;TM7SF3
Oryctolagus_cuniculus|GCF_964237555.1|ITPR3.0	GCF_964237555.1	Oryctolagus cuniculus	Mammalia	Lagomorpha	ITPR3	0	found_annotated	informative10	20	10	11	20	18	1	BAK1;BLTP3A;CUTA;DAXX;GRM4;HMGA1;ILRUN;KIFC1;NUDT3;PACSIN1;PHF1;RPS10;SMIM29;SMIM40;SNRPC;SPDEF;SYNGAP1;TAPBP;ZBTB22;ZBTB9
Oryctolagus_cuniculus|GCF_964237555.1|RYR.0	GCF_964237555.1	Oryctolagus cuniculus	Mammalia	Lagomorpha	RYR	0	found_annotated	informative10	20	23	17	20	20	0	ACTN2;BECN2;CEP170;CHRM3;EDARADD;ERO1B;FH;GNG4;GPR137B;GREM2;HEATR1;KMO;LGALS8;LYST;MTR;NID1;OPN3;PLD5;RGS7;ZP4
Oryctolagus_cuniculus|GCF_964237555.1|RYR.1	GCF_964237555.1	Oryctolagus cuniculus	Mammalia	Lagomorpha	RYR	1	found_annotated	informative10	20	12	11	20	20	1	ACTN4;C18H19ORF33;CAPN12;CATSPERG;ECH1;EIF3K;FAM98C;GGN;HNRNPL;KCNK6;LGALS4;MAP4K1;NFKBIB;PSMD8;RASGRP4;RINL;SIRT2;SPINT2;SPRED3;YIF1B
Oryctolagus_cuniculus|GCF_964237555.1|RYR.2	GCF_964237555.1	Oryctolagus cuniculus	Mammalia	Lagomorpha	RYR	2	found_annotated	informative10	19	60	12	19	18	0	ACTC1;AQR;ARHGAP11A;AVEN;CDIN1;CHRM5;DPH6;EMC4;EMC7;FMN1;GJD2;GREM1;KATNBL1;LPCAT4;NUTM1;OR4M1;SCG5;SLC12A6;ZNF770
Gallinula_chloropus|GCF_964237585.1|ITPR1.0	GCF_964237585.1	Gallinula chloropus	Aves	Gruiformes	ITPR1	0	found_annotated	informative10	20	10	14	20	20	1	ARL8B;BHLHE40;CAV3;CHL1;CRBN;EDEM1;GRM7;GXYLT2;IL5RA;LMCD1;LRRN1;OXTR;PDZRN3;PPP4R2;RAD18;SHQ1;SRGAP3;SUMF1;THUMPD3;TRNT1
Gallinula_chloropus|GCF_964237585.1|ITPR2.0	GCF_964237585.1	Gallinula chloropus	Aves	Gruiformes	ITPR2	0	found_annotated	informative10	20	15	10	20	20	1	ARFGAP3;BHLHE41;BMAL2;CYB5R3;DNAI7;ETFRF1;FGFR1OP2;GYS2;INTS13;IRAG2;KRAS;LDHB;MED21;PPFIBP1;RASSF8;REP15;SPX;SSPN;STK38L;TM7SF3
Gallinula_chloropus|GCF_964237585.1|ITPR3.0	GCF_964237585.1	Gallinula chloropus	Aves	Gruiformes	ITPR3	0	found_annotated	informative10	20	11	14	20	20	1	APOBEC2;BAK1;BLTP3A;FOXP4;FRS3;GRM4;HMGA1;ILRUN;MDFI;NFYA;NUDT3;OARD1;PACSIN1;SMIM29;SNRPC;SPDEF;TAF11;TFEB;TOMM6;TSPO2
Gallinula_chloropus|GCF_964237585.1|RYR.0	GCF_964237585.1	Gallinula chloropus	Aves	Gruiformes	RYR	0	found_annotated	informative10	20	10	27	20	20	1	ACTN2;CEP170;CHRM3;EDARADD;ERO1B;EXO1;FMN2;GNG4;GPR137B;GREM2;HEATR1;LGALS8;LYST;MAP1LC3C;MTR;NID1;PIGM;PLD5;RGS7;WDR64
Gallinula_chloropus|GCF_964237585.1|RYR.1	GCF_964237585.1	Gallinula chloropus	Aves	Gruiformes	RYR	1	found_annotated	informative10	20	11	11	20	20	0	ARHGAP11A;AVEN;BMF;CDIN1;CHRM5;DPH6;EIF2AK4;EMC7;FAM98B;FMN1;FSIP1;GPR176;GREM1;KATNBL1;MEIS2;RASGRP1;SPRED1;SRP14;THBS1;ZNF770
Lissotriton_helveticus|GCF_964261635.1|ITPR1.0	GCF_964261635.1	Lissotriton helveticus	Amphibia	Caudata	ITPR1	0	found_annotated	informative10	20	23	16	20	20	1	ARL8B;BHLHE40;CAV3;CHL1;CRBN;EDEM1;GRM7;IL5RA;LMCD1;LRRN1;MUSTN1;OXTR;PRKCD;RAD18;RFT1;SFMBT1;SRGAP3;STIMATE;SUMF1;THUMPD3
Lissotriton_helveticus|GCF_964261635.1|ITPR2.0	GCF_964261635.1	Lissotriton helveticus	Amphibia	Caudata	ITPR2	0	found_annotated	informative10	20	12	12	20	20	1	BCAT1;BHLHE41;BMAL2;DNAI7;ETFRF1;FGFR1OP2;INTS13;IRAG2;KRAS;LMNTD1;MED21;PKP2;PPFIBP1;RASSF8;REP15;SOX5;SSPN;STK38L;SYT10;TM7SF3
Lissotriton_helveticus|GCF_964261635.1|ITPR3.0	GCF_964261635.1	Lissotriton helveticus	Amphibia	Caudata	ITPR3	0	found_annotated	informative10	20	14	12	20	20	1	APOBEC2;BAK1;CELSR2;CFAP276;ELAPOR1;GPR25;GRM4;HMGA1;ILRUN;INAVA;LEMD2;MLN;NUDT3;OARD1;PACSIN1;RPS10;SARS1;SMIM29;SPDEF;TMEM167B
Lissotriton_helveticus|GCF_964261635.1|RYR.0	GCF_964261635.1	Lissotriton helveticus	Amphibia	Caudata	RYR	0	found_annotated	informative10	20	17	18	20	20	0	BCL11A;CHRM3;FAM98A;FANCL;FEZ2;GREM2;MEMO1;PAPOLG;PEX13;PUS10;REL;RIOX1;SANBR;SRD5A2;TAB2;USP34;UST;VRK2;XPO1;ZC3H6
Lissotriton_helveticus|GCF_964261635.1|RYR.1	GCF_964261635.1	Lissotriton helveticus	Amphibia	Caudata	RYR	1	found_annotated	informative10	20	29	28	20	20	1	ALKBH6;B9D2;BCKDHA;BICRA;CAPNS1;CLIP3;COX7A1;EHD2;EIF3K;EXOSC5;KPTN;NAPA;PSMD8;RRP9;SUPT5H;TIMM50;TMEM91;TSPAN15;WRN;ZNF541
Lissotriton_helveticus|GCF_964261635.1|RYR.2	GCF_964261635.1	Lissotriton helveticus	Amphibia	Caudata	RYR	2	found_annotated	informative10	20	12	12	20	20	0	ARHGAP11A;AVEN;CCDC177;CDIN1;CHRM5;DPH6;ERH;FAM98B;FMN1;GALNT16;GPR176;GREM1;MEIS2;PLEKHD1;RASGRP1;SCG5;SFT2D3;SLC39A9;SPRED1;SUSD6
Phaethon_aethereus|GCF_964289735.1|ITPR1.0	GCF_964289735.1	Phaethon aethereus	Aves	Phaethontiformes	ITPR1	0	found_annotated	informative10	20	10	14	20	20	1	ARL8B;CAV3;CHL1;CRBN;EDEM1;GRM7;GXYLT2;IL5RA;LMCD1;LRRN1;OXTR;PDZRN3;PPP4R2;RAD18;SHQ1;SRGAP3;SSUH2;SUMF1;THUMPD3;TRNT1
Phaethon_aethereus|GCF_964289735.1|ITPR2.0	GCF_964289735.1	Phaethon aethereus	Aves	Phaethontiformes	ITPR2	0	found_annotated	informative10	20	11	14	20	20	1	ABCC9;ARFGAP3;BHLHE41;BMAL2;CYB5R3;ETFRF1;FGFR1OP2;GYS2;INTS13;IRAG2;KCNJ8;LDHB;MED21;PPFIBP1;RASSF8;REP15;SPX;SSPN;STK38L;TM7SF3
Phaethon_aethereus|GCF_964289735.1|ITPR3.0	GCF_964289735.1	Phaethon aethereus	Aves	Phaethontiformes	ITPR3	0	found_annotated	informative10	20	13	12	20	20	1	APOBEC2;BAK1;FOXP4;FRS3;GRM4;HMGA1;ILRUN;IP6K3;LEMD2;MDFI;NFYA;NUDT3;OARD1;PACSIN1;PGC;SMIM29;SPDEF;TFEB;TSPO2;UQCC2
Phaethon_aethereus|GCF_964289735.1|RYR.0	GCF_964289735.1	Phaethon aethereus	Aves	Phaethontiformes	RYR	0	found_annotated	informative10	20	10	10	20	20	0	ACTN2;CHRM3;EDARADD;ERO1B;EXO1;FMN2;GNG4;GPR137B;GREM2;HEATR1;LGALS8;LYST;MAP1LC3C;MTR;NID1;OPN3;PIGM;PLD5;RGS7;WDR64
Phaethon_aethereus|GCF_964289735.1|RYR.1	GCF_964289735.1	Phaethon aethereus	Aves	Phaethontiformes	RYR	1	found_annotated	informative10	20	11	11	20	20	1	ARHGAP11A;AVEN;BMF;CDIN1;CHRM5;DPH6;EIF2AK4;EMC7;FAM98B;FMN1;FSIP1;GPR176;GREM1;KATNBL1;MEIS2;RASGRP1;SPRED1;SRP14;THBS1;ZNF770
Larus_argentatus|GCF_964417175.1|ITPR1.0	GCF_964417175.1	Larus argentatus	Aves	Charadriiformes	ITPR1	0	found_annotated	informative10	20	11	15	20	20	1	ARL8B;BHLHE40;CAV3;CHL1;CNTN6;CRBN;EDEM1;GRM7;GXYLT2;IL5RA;LMCD1;LRRN1;OXTR;PDZRN3;PPP4R2;RAD18;SRGAP3;SUMF1;THUMPD3;TRNT1
Larus_argentatus|GCF_964417175.1|ITPR2.0	GCF_964417175.1	Larus argentatus	Aves	Charadriiformes	ITPR2	0	found_annotated	informative10	20	16	10	20	20	1	ARFGAP3;BHLHE41;BMAL2;CYB5R3;DNAI7;ETFRF1;FGFR1OP2;GYS2;INTS13;IRAG2;LDHB;LMNTD1;MED21;PPFIBP1;RASSF8;REP15;SPX;SSPN;STK38L;TM7SF3
Larus_argentatus|GCF_964417175.1|ITPR3.0	GCF_964417175.1	Larus argentatus	Aves	Charadriiformes	ITPR3	0	found_annotated	informative10	20	16	10	20	20	1	APOBEC2;BAK1;BLTP3A;FOXP4;FRS3;GRM4;HMGA1;ILRUN;MDFI;NFYA;NUDT3;OARD1;PACSIN1;PRICKLE4;RPS10;SMIM29;SNRPC;SPDEF;TFEB;TSPO2
Larus_argentatus|GCF_964417175.1|RYR.0	GCF_964417175.1	Larus argentatus	Aves	Charadriiformes	RYR	0	found_annotated	informative10	20	10	10	20	20	1	ACTN2;CHRM3;EDARADD;ERO1B;EXO1;FMN2;GNG4;GPR137B;GREM2;HEATR1;LGALS8;LYST;MAP1LC3C;MTR;NID1;OPN3;PIGM;PLD5;RGS7;WDR64
Larus_argentatus|GCF_964417175.1|RYR.1	GCF_964417175.1	Larus argentatus	Aves	Charadriiformes	RYR	1	found_annotated	informative10	20	12	10	20	20	0	ARHGAP11A;AVEN;BMF;CDIN1;CHRM5;DPH6;EIF2AK4;EMC7;FAM98B;FMN1;FSIP1;GPR176;GREM1;KATNBL1;MEIS2;RASGRP1;SCG5;SPRED1;SRP14;THBS1
Poromitra_crassiceps|GCF_964638095.1|ITPR1.0	GCF_964638095.1	Poromitra crassiceps	Actinopteri	Beryciformes	ITPR1	0	found_annotated	informative10	20	14	27	20	20	1	ATF1;C1QL4B;CALCOCO1B;CDK4;CYP27B1;DIP2B;DTX3L;ESPL1;ESYT1B;LARP4A;MCRS1;METTL1;PFDN5;PFKM;SLC4A8;SMARCC2;SUMF1;TTLL3;ZC3H10;ZNF740A
Poromitra_crassiceps|GCF_964638095.1|ITPR1.1	GCF_964638095.1	Poromitra crassiceps	Actinopteri	Beryciformes	ITPR1	1	found_annotated	informative10	20	13	16	20	20	0	ARL8B;AVPR2B;BHLHE40;CAMKV;CBFA2T2;CCDC120B;COMT;GRM6B;INKA2;LRRN1;MON1A;MST1R;NECAB3;RBCK1;SEMA3F;SETMAR;SNTA1;TBC1D20;TIMM17A;TRAIP
Poromitra_crassiceps|GCF_964638095.1|ITPR2.0	GCF_964638095.1	Poromitra crassiceps	Actinopteri	Beryciformes	ITPR2	0	found_annotated	informative10	20	12	11	20	20	1	BANP;BHLHE41;BMAL2;C1QTNF13;CES2B;DNAH12;EEA1;FANCI;FBXO31;KRAS;NR1H4;NUDT4A;PLEKHG7;POLG;PPFIBP1B;RASSF8A;SLC17A8;SSPN;UBE2N;ZNF469
Poromitra_crassiceps|GCF_964638095.1|ITPR3.0	GCF_964638095.1	Poromitra crassiceps	Actinopteri	Beryciformes	ITPR3	0	found_annotated	informative10	20	44	25	20	20	1	BCAP31;FAM3A;GALNT6;GPR37L1B;GRIPAP1;HUWE1;IGSF21B;KCND1;LRRC38A;MRGBP;NAA10;PHF8;PLXNA3;PTPN18;RIBC1;SLC6A8;SNX21;USP11;VPS13D;WNK3
Poromitra_crassiceps|GCF_964638095.1|RYR.0	GCF_964638095.1	Poromitra crassiceps	Actinopteri	Beryciformes	RYR	0	found_annotated	informative10	20	15	13	20	19	1	CCDC57;CHRM3B;COL1A1B;COX10;COX19;DCXR;FASN;FH;FMN2B;GNGT2B;HS3ST3B1B;LRRC45;MTR;PMP22B;PRDM9;RAC3B;RBFOX3A;RFNG;SGCA;TMEM101
Poromitra_crassiceps|GCF_964638095.1|RYR.1	GCF_964638095.1	Poromitra crassiceps	Actinopteri	Beryciformes	RYR	1	found_annotated	informative10	20	26	21	20	20	0	ARHGAP31;CXXC5A;DNAJC18;GABRR3A;GNG8;GSX1;LIPI;MAP7D2A;NFRK;NRG2A;PDHA1A;PHLDB2A;PRDX4;PURA;SLC22A6L;SMS;SPIRE1B;TMEM45B;UBR5;ZDHHC23A
Poromitra_crassiceps|GCF_964638095.1|RYR.2	GCF_964638095.1	Poromitra crassiceps	Actinopteri	Beryciformes	RYR	2	found_annotated	informative10	20	27	13	20	20	0	AXL;B3GNT2L;BCKDH;CALN1;CLDN;CLDNE;CLDNF;CLDNJ;EXOSC5;HNRNPUL1;NAPA;OPA3;PPP1R13L;PPP5C;RASGRP4;SBDS;TEX26;TGFB1A;TMEM91;TYW1
Poromitra_crassiceps|GCF_964638095.1|RYR.3	GCF_964638095.1	Poromitra crassiceps	Actinopteri	Beryciformes	RYR	3	found_annotated	informative10	20	15	25	20	19	0	ACP7;ACTC1B;ADSS1;AREL1;ARHGAP11A;BMF1;CHRM5A;CYP1C1;CYP1C2;DNAJC17;EIF2AK4;EXD1;FSIP1;GCHFR;GPX2;GREM1B;LIN52;POMT2;THBS1A;VSX2
Poromitra_crassiceps|GCF_964638095.1|RYR.4	GCF_964638095.1	Poromitra crassiceps	Actinopteri	Beryciformes	RYR	4	found_annotated	informative10	20	15	10	20	20	0	ACTN2B;ANK3A;BICC1A;BORA;CCSER2A;CHRM3A;DACHC;DNAJC9;ECD;FAM149B1;FMN2A;GRID1A;METTL22;MZT1;NDNFL;P4HA1B;PHYHIPL;RGS7A;SPARCL2;UBAC2
Poromitra_crassiceps|GCF_964638095.1|RYR.5	GCF_964638095.1	Poromitra crassiceps	Actinopteri	Beryciformes	RYR	5	found_annotated	informative10	20	10	14	20	19	0	AVEN;CAD;CHRM5B;DNAJC5G;EMC7B;FMN1;GPR176;GPR31;GREM1A;GTF3C2;IFT172;KATNBL1;MAX;MPV17;SLC10A1;SLC30A2;SRSF5B;SUSD6;THBS1B;TTLL2
Platalea_leucorodia|GCF_965183815.1|ITPR1.0	GCF_965183815.1	Platalea leucorodia	Aves	Pelecaniformes	ITPR1	0	found_annotated	informative10	20	12	12	20	19	1	ARL8B;BHLHE40;CAV3;CHL1;CNTN3;CNTN6;CRBN;EDEM1;GRM7;IL5RA;LMCD1;LRRN1;OXTR;PDZRN3;PPP4R2;RAD18;SRGAP3;SUMF1;THUMPD3;TRNT1
Platalea_leucorodia|GCF_965183815.1|ITPR2.0	GCF_965183815.1	Platalea leucorodia	Aves	Pelecaniformes	ITPR2	0	found_annotated	informative10	20	14	11	20	20	1	ABCC9;ARFGAP3;BHLHE41;BMAL2;CYB5R3;ETFRF1;FGFR1OP2;GYS2;INTS13;IRAG2;KCNJ8;LDHB;MED21;PPFIBP1;RASSF8;REP15;SPX;SSPN;STK38L;TM7SF3
Platalea_leucorodia|GCF_965183815.1|ITPR3.0	GCF_965183815.1	Platalea leucorodia	Aves	Pelecaniformes	ITPR3	0	found_annotated	informative10	20	12	17	20	20	1	APOBEC2;BAK1;FOXP4;FRS3;GRM4;HMGA1;ILRUN;IP6K3;LEMD2;MDFI;MLN;NFYA;NUDT3;OARD1;PACSIN1;SMIM29;SPDEF;TFEB;TOMM6;TSPO2
Platalea_leucorodia|GCF_965183815.1|RYR.0	GCF_965183815.1	Platalea leucorodia	Aves	Pelecaniformes	RYR	0	found_annotated	informative10	20	10	10	20	20	1	ACTN2;CHRM3;EDARADD;ERO1B;EXO1;FMN2;GNG4;GPR137B;GREM2;HEATR1;LGALS8;LYST;MAP1LC3C;MTR;NID1;OPN3;PIGM;PLD5;RGS7;WDR64
Platalea_leucorodia|GCF_965183815.1|RYR.1	GCF_965183815.1	Platalea leucorodia	Aves	Pelecaniformes	RYR	1	found_annotated	informative10	20	10	11	20	20	0	ACTN4;BICRA;ECH1;EHD2;EIF3K;HNRNPL;KPTN;MAP4K1;MRPS12;NAPA;NFKBIB;NOP53;PAK4;PSMD8;RASGRP4;SARS2;SIRT2;SLC8A2;SPRED3;ZNF541
Platalea_leucorodia|GCF_965183815.1|RYR.2	GCF_965183815.1	Platalea leucorodia	Aves	Pelecaniformes	RYR	2	found_annotated	informative10	20	11	11	20	20	0	ARHGAP11A;AVEN;BMF;CDIN1;CHRM5;DPH6;EIF2AK4;EMC7;FAM98B;FMN1;FSIP1;GPR176;GREM1;KATNBL1;MEIS2;RASGRP1;SPRED1;SRP14;THBS1;ZNF770
Salmo_salar|GCF_965601325.1|ITPR1.0	GCF_965601325.1	Salmo salar	Actinopteri	Salmoniformes	ITPR1	0	found_annotated	informative10	20	21	45	20	20	1	ATF1;CAV3;ESYT1B;FANCD2;GNAI2;GPR61L;H1-10;HOXC10B;HOXC11B;HOXC12B;HOXC13B;HOXC5B;HOXC6B;HOXC8B;HOXC9B;RAD18;SUMF1;THUMPD3;TMT1A;TTLL3
Salmo_salar|GCF_965601325.1|ITPR1.1	GCF_965601325.1	Salmo salar	Actinopteri	Salmoniformes	ITPR1	1	found_annotated	informative10	20	59	24	20	15	0	ARPC4;CALCOCO1B;DRC2;DTX3L;EEFSEC;FAIM2;HOXC12;HOXC13;HOXC4B;HOXC5;HOXC6;HOXC8;HOXC9;IP6K2;MUSTN1A;PARP3;PFKFB4B;RUVBL1;SLC4A8;UROC1
Salmo_salar|GCF_965601325.1|ITPR1.2	GCF_965601325.1	Salmo salar	Actinopteri	Salmoniformes	ITPR1	2	found_annotated	informative10	20	31	57	20	20	0	CDK5RAP1;CHL1B;CIDEC;CNTN4;COMT;F264;GHRH;HES5;HMCES;IFT52;KCNKF;MAPK3;PROK2;RPN2;RYBP;SC61A;SHQ1;TRAIP;TRPC4AP;ZHX3A
Salmo_salar|GCF_965601325.1|ITPR1.3	GCF_965601325.1	Salmo salar	Actinopteri	Salmoniformes	ITPR1	3	found_annotated	informative10	20	23	59	20	19	0	ADNP;ARL6IP5A;CCDC120B;CXXC1B;GATA1A;GNL3L;GRM6B;GXYLT2;HEMK1;IKBKE;MAFB;MBD1B;ODAD1;OPN1SW2;SETMAR;TFE3B;TRNT1;TUSC2;TUSC4;WDR82
Salmo_salar|GCF_965601325.1|ITPR2.0	GCF_965601325.1	Salmo salar	Actinopteri	Salmoniformes	ITPR2	0	found_annotated	informative10	20	20	50	20	20	1	ACTR6;AGK;BHLH3;BMAL2;CES2B;DENND11;ENDOUC;FAM180A;FANCI;GLSL;HAKAI;KRAS;NEDD1;POLR3B;PPFIBP1B;SH3GL3B;SLC17A8;SYCP3;UBE2N;WEE2
Salmo_salar|GCF_965601325.1|ITPR2.1	GCF_965601325.1	Salmo salar	Actinopteri	Salmoniformes	ITPR2	1	found_annotated	informative10	20	20	32	20	20	0	AGBL2;BHLHE41;CIB1;CRY1B;CSSA16H15ORF40;EEA1;FBXO31;GDPGP1;MAPK12A;MLC1;NUDT4A;PANX2;PDHX;POLG;RASK;RFX4;SSPN;TMEM263;TRABD;UBE2N
Salmo_salar|GCF_965601325.1|ITPR3.0	GCF_965601325.1	Salmo salar	Actinopteri	Salmoniformes	ITPR3	0	found_annotated	informative10	20	21	24	20	20	1	ADNP;ARHGAP46B;ARL8A;BCL2L1;DPM1;EDEM2;ETBR2;FAM217B;GSS;LAMB2;LAMB2L;MRGBP;NDRG3B;PHF20B;PNCK;PPP1R3D;SLA2B;SLC35H1;TAF13;USP19
Salmo_salar|GCF_965601325.1|ITPR3.1	GCF_965601325.1	Salmo salar	Actinopteri	Salmoniformes	ITPR3	1	found_annotated	informative10	20	60	26	20	19	0	BCAP31;BCLX;ELK1;HCK;KLHDC8B;MFSD2;NATTL;OTUD5A;PIM1;PIM2;PLPBP;PTN7;PTPN18;RBBP8L;RUXG;SLC35A2;SLC6A8;TMED4;USP11;UXT
Salmo_salar|GCF_965601325.1|RYR.0	GCF_965601325.1	Salmo salar	Actinopteri	Salmoniformes	RYR	0	found_annotated	informative10	17	60	37	17	17	1	ACOD;BCCIP;CLRN3;COL27A1A;DJB12;FA53B;FBX37;GREM2;MIER3A;NUP54;PALD1A;PDCL;PDXP;REEP3;RPL28;SEC16A;SETD9
Salmo_salar|GCF_965601325.1|RYR.1	GCF_965601325.1	Salmo salar	Actinopteri	Salmoniformes	RYR	1	found_annotated	informative10	15	60	24	15	15	0	CABCOCO1;CHAC2;CYP26A1;EXOC6;FH;HHEX;INSYN2A;MMP21;PSTK;REEP3B;RHOBTB1;STAR2;TFAM;UBE2D1B;UROS
Salmo_salar|GCF_965601325.1|RYR.2	GCF_965601325.1	Salmo salar	Actinopteri	Salmoniformes	RYR	2	found_annotated	informative10	20	34	52	20	20	0	APOO;CCD82;CDCA5;CHRM1B;CSSA04HXORF58;DEFBL2;GBG8;KS6A5;LIPI;MRPL49;PDK3;POLD3;PRDX4;RBM11;SAT1A;SNAA;TM45B;TMPRSS15;WDR73;ZDHHC23A
Salmo_salar|GCF_965601325.1|RYR.3	GCF_965601325.1	Salmo salar	Actinopteri	Salmoniformes	RYR	3	found_annotated	informative10	20	21	49	20	19	0	ABHD10A;B4GALT4;CASR;EHD2A;EIF4E1B;GSX1;GTF3A;HNRNPUL1L;LIPH;NAPA;NFRK;PDHA1A;SELENOW1;SPAG16;SPAG7;SPSY;ST14B;SYMPK;TNFSF13;XRRA1
Salmo_salar|GCF_965601325.1|RYR.4	GCF_965601325.1	Salmo salar	Actinopteri	Salmoniformes	RYR	4	found_annotated	informative10	20	21	10	20	20	0	ARRB1;ATG16L2;AXL;B3GNT2L;BCKDH;BICR;EXOSC5;HNRNPUL1;LEG4;NAPA;OPA3;OR55E1;PPP1R13L;PPP5C;RASGRP4;TGFB1A;TMEM91;TNFAIP1;URB1;WDR62
Salmo_salar|GCF_965601325.1|RYR.5	GCF_965601325.1	Salmo salar	Actinopteri	Salmoniformes	RYR	5	found_annotated	informative10	20	49	32	20	20	0	AEDO;BICC1A;CCDC6A;CCSER2A;CDK1;CFAP43;COL17A1B;EDRF1;FGFBP3;FMN2A;GFRA1A;GNRH3;MGMT;RTKN2;SFR1;SH2D4B;SLKA;SMNDC1;TMEM26A;VKORC1
Salmo_salar|GCF_965601325.1|RYR.6	GCF_965601325.1	Salmo salar	Actinopteri	Salmoniformes	RYR	6	found_annotated	informative10	20	36	44	20	20	0	ACP7;ADSS1;ANKRD63;BUB1B;EIF2AK4;ERG28;FLVCR2A;GCHFR;GPX2;LRRC74A;MTHFD1B;NEK9;NPC2;OLFM4;PPP1R14D;SIVA1;TMEM39B;TTC8;TTLL5;ZFYVE19
Salmo_salar|GCF_965601325.1|RYR.7	GCF_965601325.1	Salmo salar	Actinopteri	Salmoniformes	RYR	7	found_annotated	informative10	20	36	53	20	20	0	ACYP1;ANGEL1;ARHGAP11A;CEP170B;COQ6;DJC17;EXD1;FOSA;FSIP1;JDP2A;MLH3;PAK6;PLCB2;PLD4;POMT2;SPINT1A;SRP14;XGB;ZBTB8OS;ZC2HC1C
Salmo_salar|GCF_965601325.1|RYR.8	GCF_965601325.1	Salmo salar	Actinopteri	Salmoniformes	RYR	8	found_annotated	informative10	15	60	20	15	15	0	5NT1A;ACTC1A;AVEN;DPF3;EMC7B;FNTB;KATNBL1;MAX;PCARE2;PIGH;RDH14;RGS6;STXB6;SUSD6;VPS18
Salmo_salar|GCF_965601325.1|RYR.9	GCF_965601325.1	Salmo salar	Actinopteri	Salmoniformes	RYR	9	found_annotated	informative10	20	55	33	20	19	0	7B2;APR3;ARH;BAALC;BUB1B;CDC42BP;EI2B;IL17A/F3;KCRB;KIF26A;MCM3;PAPOL;PRPH2L;RHOV;SPINT1B;TMED;VRTN;WDR21;ZBTB1;ZBTB25
Aptenodytes_patagonicus|GCF_965638725.1|ITPR1.0	GCF_965638725.1	Aptenodytes patagonicus	Aves	Sphenisciformes	ITPR1	0	found_annotated	informative10	20	12	11	20	19	1	ARL8B;BHLHE40;CAV3;CHL1;CNTN3;CNTN6;CRBN;EDEM1;GRM7;IL5RA;LMCD1;LRRN1;OXTR;PDZRN3;PPP4R2;RAD18;SRGAP3;SSUH2;SUMF1;TRNT1
Aptenodytes_patagonicus|GCF_965638725.1|ITPR2.0	GCF_965638725.1	Aptenodytes patagonicus	Aves	Sphenisciformes	ITPR2	0	found_annotated	informative10	20	10	13	20	20	1	ARFGAP3;BHLHE41;BMAL2;CYB5R3;DNAI7;ETFRF1;FGFR1OP2;GYS2;INTS13;IRAG2;KRAS;LMNTD1;MED21;PPFIBP1;RASSF8;REP15;SPX;SSPN;STK38L;TM7SF3
Aptenodytes_patagonicus|GCF_965638725.1|ITPR3.0	GCF_965638725.1	Aptenodytes patagonicus	Aves	Sphenisciformes	ITPR3	0	found_annotated	informative10	20	16	10	20	20	1	APOBEC2;BAK1;BLTP3A;FOXP4;FRS3;GRM4;HMGA1;ILRUN;MDFI;NFYA;NUDT3;OARD1;PACSIN1;PRICKLE4;RPS10;SMIM29;SNRPC;SPDEF;TFEB;TOMM6
Aptenodytes_patagonicus|GCF_965638725.1|RYR.0	GCF_965638725.1	Aptenodytes patagonicus	Aves	Sphenisciformes	RYR	0	found_annotated	informative10	20	10	10	20	20	1	ACTN2;CHRM3;EDARADD;ERO1B;EXO1;FMN2;GNG4;GPR137B;GREM2;HEATR1;LGALS8;LYST;MAP1LC3C;MTR;NID1;OPN3;PIGM;PLD5;RGS7;WDR64
Aptenodytes_patagonicus|GCF_965638725.1|RYR.1	GCF_965638725.1	Aptenodytes patagonicus	Aves	Sphenisciformes	RYR	1	found_annotated	informative10	20	11	10	20	20	0	ARHGAP11A;AVEN;BMF;CDIN1;CHRM5;DPH6;EIF2AK4;EMC7;FAM98B;FMN1;FSIP1;GPR176;GREM1;KATNBL1;MEIS2;RASGRP1;SCG5;SPRED1;SRP14;THBS1
