coding	character	evidence	use_r5	use_r6	branch_lengths	n_absent	model	fitted	n_params	rate	rate_gain	loglik	aic	profile_shape	profile_argmax	reason	first_seen_note
family	ITPR_family	gap_lo	1	1	unit	0	ER	0	1					monotone decreasing	1e-06	the character is invariant, so there is no transition to estimate; the likelihood is monotone decreasing in the loss rate and its maximum is at the boundary (1e-06)	one row per distinct character; the fits are memoised on the character vector
family	ITPR_family	gap_lo	1	1	unit	0	ARD	0	2					monotone decreasing	1e-06	the character is invariant, so there is no transition to estimate; the likelihood is monotone decreasing in the loss rate and its maximum is at the boundary (1e-06); the gain rate is monotone increasing to the grid's own edge, so the pair is not identified	one row per distinct character; the fits are memoised on the character vector
family	ITPR_family	gap_lo	1	1	unit	0	irreversible	0	1					monotone decreasing	1e-06	the character is invariant, so there is no transition to estimate; the likelihood is monotone decreasing in the loss rate and its maximum is at the boundary (1e-06)	one row per distinct character; the fits are memoised on the character vector
paralog	ITPR2	gap_lo	1	1	unit	0	ER	0	1					monotone decreasing	1e-06	the character is invariant, so there is no transition to estimate; the likelihood is monotone decreasing in the loss rate and its maximum is at the boundary (1e-06)	one row per distinct character; the fits are memoised on the character vector
paralog	ITPR2	gap_lo	1	1	unit	0	ARD	0	2					monotone decreasing	1e-06	the character is invariant, so there is no transition to estimate; the likelihood is monotone decreasing in the loss rate and its maximum is at the boundary (1e-06); the gain rate is monotone increasing to the grid's own edge, so the pair is not identified	one row per distinct character; the fits are memoised on the character vector
paralog	ITPR2	gap_lo	1	1	unit	0	irreversible	0	1					monotone decreasing	1e-06	the character is invariant, so there is no transition to estimate; the likelihood is monotone decreasing in the loss rate and its maximum is at the boundary (1e-06)	one row per distinct character; the fits are memoised on the character vector
paralog	ITPR2	gap_lo	0	1	unit	2	ER	1	1	0.00129584	0.00129584	-7.6498	17.2995				one row per distinct character; the fits are memoised on the character vector
paralog	ITPR2	gap_lo	0	1	unit	2	ARD	1	2	0.00123635	0.0178738	-7.0849	18.1698				one row per distinct character; the fits are memoised on the character vector
paralog	ITPR2	gap_lo	0	1	unit	2	irreversible	1	1	0.00130285	0	-7.6432	17.2863				one row per distinct character; the fits are memoised on the character vector
paralog	ITPR1	recon_half	1	1	unit	0	ER	0	1					monotone decreasing	1e-06	the character is invariant, so there is no transition to estimate; the likelihood is monotone decreasing in the loss rate and its maximum is at the boundary (1e-06)	one row per distinct character; the fits are memoised on the character vector
paralog	ITPR1	recon_half	1	1	unit	0	ARD	0	2					monotone decreasing	1e-06	the character is invariant, so there is no transition to estimate; the likelihood is monotone decreasing in the loss rate and its maximum is at the boundary (1e-06); the gain rate is monotone increasing to the grid's own edge, so the pair is not identified	one row per distinct character; the fits are memoised on the character vector
paralog	ITPR1	recon_half	1	1	unit	0	irreversible	0	1					monotone decreasing	1e-06	the character is invariant, so there is no transition to estimate; the likelihood is monotone decreasing in the loss rate and its maximum is at the boundary (1e-06)	one row per distinct character; the fits are memoised on the character vector
paralog	ITPR2	recon_half	1	1	unit	0	ER	0	1					monotone decreasing	1e-06	the character is invariant, so there is no transition to estimate; the likelihood is monotone decreasing in the loss rate and its maximum is at the boundary (1e-06)	one row per distinct character; the fits are memoised on the character vector
paralog	ITPR2	recon_half	1	1	unit	0	ARD	0	2					monotone decreasing	1e-06	the character is invariant, so there is no transition to estimate; the likelihood is monotone decreasing in the loss rate and its maximum is at the boundary (1e-06); the gain rate is monotone increasing to the grid's own edge, so the pair is not identified	one row per distinct character; the fits are memoised on the character vector
paralog	ITPR2	recon_half	1	1	unit	0	irreversible	0	1					monotone decreasing	1e-06	the character is invariant, so there is no transition to estimate; the likelihood is monotone decreasing in the loss rate and its maximum is at the boundary (1e-06)	one row per distinct character; the fits are memoised on the character vector
paralog	ITPR3	recon_half	1	1	unit	0	ER	0	1					monotone decreasing	1e-06	the character is invariant, so there is no transition to estimate; the likelihood is monotone decreasing in the loss rate and its maximum is at the boundary (1e-06)	one row per distinct character; the fits are memoised on the character vector
paralog	ITPR3	recon_half	1	1	unit	0	ARD	0	2					monotone decreasing	1e-06	the character is invariant, so there is no transition to estimate; the likelihood is monotone decreasing in the loss rate and its maximum is at the boundary (1e-06); the gain rate is monotone increasing to the grid's own edge, so the pair is not identified	one row per distinct character; the fits are memoised on the character vector
paralog	ITPR3	recon_half	1	1	unit	0	irreversible	0	1					monotone decreasing	1e-06	the character is invariant, so there is no transition to estimate; the likelihood is monotone decreasing in the loss rate and its maximum is at the boundary (1e-06)	one row per distinct character; the fits are memoised on the character vector
paralog	ITPR1	recon_half	1	0	unit	1	ER	1	1	0.00130855	0.00130855	-7.64	17.28				one row per distinct character; the fits are memoised on the character vector
paralog	ITPR1	recon_half	1	0	unit	1	ARD	1	2	0.00649841	1.96763	-6.717	17.434				one row per distinct character; the fits are memoised on the character vector
paralog	ITPR1	recon_half	1	0	unit	1	irreversible	1	1	0.00130719	0	-6.9467	15.8935				one row per distinct character; the fits are memoised on the character vector
paralog	ITPR2	recon_half	1	0	unit	1	ER	1	1	0.00130514	0.00130514	-7.6426	17.2852				one row per distinct character; the fits are memoised on the character vector
paralog	ITPR2	recon_half	1	0	unit	1	ARD	1	2	0.00597402	1.81964	-6.7236	17.4472				one row per distinct character; the fits are memoised on the character vector
paralog	ITPR2	recon_half	1	0	unit	1	irreversible	1	1	0.00130208	0	-6.9506	15.9013				one row per distinct character; the fits are memoised on the character vector
paralog	ITPR3	recon_half	1	0	unit	1	ER	1	1	0.00130685	0.00130685	-7.6413	17.2826				one row per distinct character; the fits are memoised on the character vector
paralog	ITPR3	recon_half	1	0	unit	1	ARD	1	2	0.0037822	1.12809	-6.7205	17.441				one row per distinct character; the fits are memoised on the character vector
paralog	ITPR3	recon_half	1	0	unit	1	irreversible	1	1	0.00130208	0	-6.9506	15.9013				one row per distinct character; the fits are memoised on the character vector
paralog	ITPR2	recon_half	0	1	unit	2	ER	1	1	0.0013026	0.0013026	-7.6446	17.2891				one row per distinct character; the fits are memoised on the character vector
paralog	ITPR2	recon_half	0	1	unit	2	ARD	1	2	0.00124268	0.01792	-7.08	18.16				one row per distinct character; the fits are memoised on the character vector
paralog	ITPR2	recon_half	0	1	unit	2	irreversible	1	1	0.00130968	0	-7.6379	17.2759				one row per distinct character; the fits are memoised on the character vector
paralog	ITPR3	recon_half	0	1	unit	2	ER	1	1	0.0013026	0.0013026	-7.6446	17.2891				one row per distinct character; the fits are memoised on the character vector
paralog	ITPR3	recon_half	0	1	unit	2	ARD	1	2	0.00124272	0.0179233	-7.08	18.16				one row per distinct character; the fits are memoised on the character vector
paralog	ITPR3	recon_half	0	1	unit	2	irreversible	1	1	0.00130968	0	-7.6379	17.2759				one row per distinct character; the fits are memoised on the character vector
paralog	ITPR1	recon_half	0	0	unit	6	ER	1	1	0.00784238	0.00784238	-31.6665	65.3329				one row per distinct character; the fits are memoised on the character vector
paralog	ITPR1	recon_half	0	0	unit	6	ARD	1	2	0.0116362	0.887731	-28.515	61.03				one row per distinct character; the fits are memoised on the character vector
paralog	ITPR1	recon_half	0	0	unit	6	irreversible	1	1	0.00779237	0	-30.9688	63.9377				one row per distinct character; the fits are memoised on the character vector
paralog	ITPR2	recon_half	0	0	unit	4	ER	1	1	0.00390841	0.00390841	-18.2582	38.5164				one row per distinct character; the fits are memoised on the character vector
paralog	ITPR2	recon_half	0	0	unit	4	ARD	1	2	0.00388753	0.0326094	-17.7716	39.5432				one row per distinct character; the fits are memoised on the character vector
paralog	ITPR2	recon_half	0	0	unit	4	irreversible	1	1	0.00391832	0	-18.2397	38.4794				one row per distinct character; the fits are memoised on the character vector
paralog	ITPR3	recon_half	0	0	unit	4	ER	1	1	0.003911	0.003911	-18.2562	38.5124				one row per distinct character; the fits are memoised on the character vector
paralog	ITPR3	recon_half	0	0	unit	4	ARD	1	2	0.00390767	0.0354284	-17.7554	39.5108				one row per distinct character; the fits are memoised on the character vector
paralog	ITPR3	recon_half	0	0	unit	4	irreversible	1	1	0.00391832	0	-18.2397	38.4794				one row per distinct character; the fits are memoised on the character vector
paralog	ITPR1	recon_strict	1	1	unit	0	ER	0	1					monotone decreasing	1e-06	the character is invariant, so there is no transition to estimate; the likelihood is monotone decreasing in the loss rate and its maximum is at the boundary (1e-06)	one row per distinct character; the fits are memoised on the character vector
paralog	ITPR1	recon_strict	1	1	unit	0	ARD	0	2					monotone decreasing	1e-06	the character is invariant, so there is no transition to estimate; the likelihood is monotone decreasing in the loss rate and its maximum is at the boundary (1e-06); the gain rate is monotone increasing to the grid's own edge, so the pair is not identified	one row per distinct character; the fits are memoised on the character vector
paralog	ITPR1	recon_strict	1	1	unit	0	irreversible	0	1					monotone decreasing	1e-06	the character is invariant, so there is no transition to estimate; the likelihood is monotone decreasing in the loss rate and its maximum is at the boundary (1e-06)	one row per distinct character; the fits are memoised on the character vector
paralog	ITPR2	recon_strict	1	1	unit	1	ER	1	1	0.00132418	0.00132418	-7.6282	17.2563				one row per distinct character; the fits are memoised on the character vector
paralog	ITPR2	recon_strict	1	1	unit	1	ARD	1	2	0.00259266	0.68679	-6.6884	17.3769				one row per distinct character; the fits are memoised on the character vector
paralog	ITPR2	recon_strict	1	1	unit	1	irreversible	1	1	0.00131926	0	-6.9375	15.8751				one row per distinct character; the fits are memoised on the character vector
paralog	ITPR3	recon_strict	1	1	unit	0	ER	0	1					monotone decreasing	1e-06	the character is invariant, so there is no transition to estimate; the likelihood is monotone decreasing in the loss rate and its maximum is at the boundary (1e-06)	one row per distinct character; the fits are memoised on the character vector
paralog	ITPR3	recon_strict	1	1	unit	0	ARD	0	2					monotone decreasing	1e-06	the character is invariant, so there is no transition to estimate; the likelihood is monotone decreasing in the loss rate and its maximum is at the boundary (1e-06); the gain rate is monotone increasing to the grid's own edge, so the pair is not identified	one row per distinct character; the fits are memoised on the character vector
paralog	ITPR3	recon_strict	1	1	unit	0	irreversible	0	1					monotone decreasing	1e-06	the character is invariant, so there is no transition to estimate; the likelihood is monotone decreasing in the loss rate and its maximum is at the boundary (1e-06)	one row per distinct character; the fits are memoised on the character vector
paralog	ITPR1	recon_strict	1	0	unit	7	ER	1	1	0.00931775	0.00931775	-35.6315	73.2629				one row per distinct character; the fits are memoised on the character vector
paralog	ITPR1	recon_strict	1	0	unit	7	ARD	1	2	0.0146155	0.64891	-33.0149	70.0297				one row per distinct character; the fits are memoised on the character vector
paralog	ITPR1	recon_strict	1	0	unit	7	irreversible	1	1	0.00922292	0	-34.9505	71.901				one row per distinct character; the fits are memoised on the character vector
paralog	ITPR2	recon_strict	1	0	unit	6	ER	1	1	0.00795189	0.00795189	-31.584	65.168				one row per distinct character; the fits are memoised on the character vector
paralog	ITPR2	recon_strict	1	0	unit	6	ARD	1	2	0.0354508	1.76978	-29.5441	63.0881				one row per distinct character; the fits are memoised on the character vector
paralog	ITPR2	recon_strict	1	0	unit	6	irreversible	1	1	0.00786386	0	-30.914	63.8281				one row per distinct character; the fits are memoised on the character vector
paralog	ITPR3	recon_strict	1	0	unit	7	ER	1	1	0.00934278	0.00934278	-35.6129	73.2258				one row per distinct character; the fits are memoised on the character vector
paralog	ITPR3	recon_strict	1	0	unit	7	ARD	1	2	0.0383277	1.62872	-33.3543	70.7087				one row per distinct character; the fits are memoised on the character vector
paralog	ITPR3	recon_strict	1	0	unit	7	irreversible	1	1	0.00921079	0	-34.9597	71.9195				one row per distinct character; the fits are memoised on the character vector
paralog	ITPR2	recon_strict	0	1	unit	3	ER	1	1	0.00264247	0.00264247	-13.1837	28.3675				one row per distinct character; the fits are memoised on the character vector
paralog	ITPR2	recon_strict	0	1	unit	3	ARD	1	2	0.00260918	0.029642	-12.6483	29.2967				one row per distinct character; the fits are memoised on the character vector
paralog	ITPR2	recon_strict	0	1	unit	3	irreversible	1	1	0.00265044	0	-13.1728	28.3456				one row per distinct character; the fits are memoised on the character vector
paralog	ITPR3	recon_strict	0	1	unit	2	ER	1	1	0.00132682	0.00132682	-7.6262	17.2524				one row per distinct character; the fits are memoised on the character vector
paralog	ITPR3	recon_strict	0	1	unit	2	ARD	1	2	0.00126553	0.0180958	-7.0626	18.1252				one row per distinct character; the fits are memoised on the character vector
paralog	ITPR3	recon_strict	0	1	unit	2	irreversible	1	1	0.00133414	0	-7.6194	17.2389				one row per distinct character; the fits are memoised on the character vector
paralog	ITPR1	recon_strict	0	0	unit	12	ER	1	1	0.0159655	0.0159655	-53.7944	109.589				one row per distinct character; the fits are memoised on the character vector
paralog	ITPR1	recon_strict	0	0	unit	12	ARD	1	2	0.0126457	0.686085	-44.2689	92.5378				one row per distinct character; the fits are memoised on the character vector
paralog	ITPR1	recon_strict	0	0	unit	12	irreversible	1	1	0.0157081	0	-53.5257	109.051				one row per distinct character; the fits are memoised on the character vector
paralog	ITPR2	recon_strict	0	0	unit	9	ER	1	1	0.0105844	0.0105844	-39.6128	81.2255				one row per distinct character; the fits are memoised on the character vector
paralog	ITPR2	recon_strict	0	0	unit	9	ARD	1	2	0.0112567	0.0887197	-39.1287	82.2573				one row per distinct character; the fits are memoised on the character vector
paralog	ITPR2	recon_strict	0	0	unit	9	irreversible	1	1	0.0105148	0	-39.586	81.172				one row per distinct character; the fits are memoised on the character vector
paralog	ITPR3	recon_strict	0	0	unit	11	ER	1	1	0.0133142	0.0133142	-47.0739	96.1478				one row per distinct character; the fits are memoised on the character vector
paralog	ITPR3	recon_strict	0	0	unit	11	ARD	1	2	0.0177938	0.346414	-46.1448	96.2896				one row per distinct character; the fits are memoised on the character vector
paralog	ITPR3	recon_strict	0	0	unit	11	irreversible	1	1	0.013177	0	-47.0519	96.1039				one row per distinct character; the fits are memoised on the character vector
paralog	ITPR1	no_recon	1	1	unit	0	ER	0	1					monotone decreasing	1e-06	the character is invariant, so there is no transition to estimate; the likelihood is monotone decreasing in the loss rate and its maximum is at the boundary (1e-06)	one row per distinct character; the fits are memoised on the character vector
paralog	ITPR1	no_recon	1	1	unit	0	ARD	0	2					monotone decreasing	1e-06	the character is invariant, so there is no transition to estimate; the likelihood is monotone decreasing in the loss rate and its maximum is at the boundary (1e-06); the gain rate is monotone increasing to the grid's own edge, so the pair is not identified	one row per distinct character; the fits are memoised on the character vector
paralog	ITPR1	no_recon	1	1	unit	0	irreversible	0	1					monotone decreasing	1e-06	the character is invariant, so there is no transition to estimate; the likelihood is monotone decreasing in the loss rate and its maximum is at the boundary (1e-06)	one row per distinct character; the fits are memoised on the character vector
paralog	ITPR2	no_recon	1	1	unit	1	ER	1	1	0.00135653	0.00135653	-7.6041	17.2081				one row per distinct character; the fits are memoised on the character vector
paralog	ITPR2	no_recon	1	1	unit	1	ARD	1	2	0.0027136	0.704106	-6.6598	17.3196				one row per distinct character; the fits are memoised on the character vector
paralog	ITPR2	no_recon	1	1	unit	1	irreversible	1	1	0.00135135	0	-6.9135	15.827				one row per distinct character; the fits are memoised on the character vector
paralog	ITPR3	no_recon	1	1	unit	0	ER	0	1					monotone decreasing	1e-06	the character is invariant, so there is no transition to estimate; the likelihood is monotone decreasing in the loss rate and its maximum is at the boundary (1e-06)	one row per distinct character; the fits are memoised on the character vector
paralog	ITPR3	no_recon	1	1	unit	0	ARD	0	2					monotone decreasing	1e-06	the character is invariant, so there is no transition to estimate; the likelihood is monotone decreasing in the loss rate and its maximum is at the boundary (1e-06); the gain rate is monotone increasing to the grid's own edge, so the pair is not identified	one row per distinct character; the fits are memoised on the character vector
paralog	ITPR3	no_recon	1	1	unit	0	irreversible	0	1					monotone decreasing	1e-06	the character is invariant, so there is no transition to estimate; the likelihood is monotone decreasing in the loss rate and its maximum is at the boundary (1e-06)	one row per distinct character; the fits are memoised on the character vector
paralog	ITPR1	no_recon	1	0	unit	12	ER	1	1	0.0162176	0.0162176	-53.6094	109.219				one row per distinct character; the fits are memoised on the character vector
paralog	ITPR1	no_recon	1	0	unit	12	ARD	1	2	0.0165245	0.566779	-47.9503	99.9007				one row per distinct character; the fits are memoised on the character vector
paralog	ITPR1	no_recon	1	0	unit	12	irreversible	1	1	0.0159165	0	-53.3676	108.735				one row per distinct character; the fits are memoised on the character vector
paralog	ITPR2	no_recon	1	0	unit	14	ER	1	1	0.0190516	0.0190516	-60.6877	123.375				one row per distinct character; the fits are memoised on the character vector
paralog	ITPR2	no_recon	1	0	unit	14	ARD	1	2	0.0390602	0.833603	-56.7376	117.475				one row per distinct character; the fits are memoised on the character vector
paralog	ITPR2	no_recon	1	0	unit	14	irreversible	1	1	0.0185944	0	-60.0852	122.171				one row per distinct character; the fits are memoised on the character vector
paralog	ITPR3	no_recon	1	0	unit	8	ER	1	1	0.0107041	0.0107041	-39.5234	81.0469				one row per distinct character; the fits are memoised on the character vector
paralog	ITPR3	no_recon	1	0	unit	8	ARD	1	2	0.0433157	1.60452	-37.0374	78.0748				one row per distinct character; the fits are memoised on the character vector
paralog	ITPR3	no_recon	1	0	unit	8	irreversible	1	1	0.0105406	0	-38.8752	79.7503				one row per distinct character; the fits are memoised on the character vector
paralog	ITPR2	no_recon	0	1	unit	3	ER	1	1	0.00270691	0.00270691	-13.1357	28.2714				one row per distinct character; the fits are memoised on the character vector
paralog	ITPR2	no_recon	0	1	unit	3	ARD	1	2	0.00267311	0.0300429	-12.6018	29.2036				one row per distinct character; the fits are memoised on the character vector
paralog	ITPR2	no_recon	0	1	unit	3	irreversible	1	1	0.0027152	0	-13.1245	28.249				one row per distinct character; the fits are memoised on the character vector
paralog	ITPR3	no_recon	0	1	unit	2	ER	1	1	0.00133035	0.00133035	-7.6235	17.247				one row per distinct character; the fits are memoised on the character vector
paralog	ITPR3	no_recon	0	1	unit	2	ARD	1	2	0.00126882	0.0181182	-7.0601	18.1202				one row per distinct character; the fits are memoised on the character vector
paralog	ITPR3	no_recon	0	1	unit	2	irreversible	1	1	0.00133771	0	-7.6168	17.2335				one row per distinct character; the fits are memoised on the character vector
paralog	ITPR1	no_recon	0	0	unit	17	ER	1	1	0.0201926	0.0201926	-64.8111	131.622				one row per distinct character; the fits are memoised on the character vector
paralog	ITPR1	no_recon	0	0	unit	17	ARD	1	2	0.0070661	0.58858	-55.4883	114.977				one row per distinct character; the fits are memoised on the character vector
paralog	ITPR1	no_recon	0	0	unit	17	irreversible	1	1	0.0224016	0	-69.7945	141.589				one row per distinct character; the fits are memoised on the character vector
paralog	ITPR2	no_recon	0	0	unit	18	ER	1	1	0.0230986	0.0230986	-70.337	142.674				one row per distinct character; the fits are memoised on the character vector
paralog	ITPR2	no_recon	0	0	unit	18	ARD	1	2	0.0335703	0.557141	-67.1956	138.391				one row per distinct character; the fits are memoised on the character vector
paralog	ITPR2	no_recon	0	0	unit	18	irreversible	1	1	0.0226037	0	-70.3273	142.655				one row per distinct character; the fits are memoised on the character vector
paralog	ITPR3	no_recon	0	0	unit	12	ER	1	1	0.0146828	0.0146828	-50.6501	103.3				one row per distinct character; the fits are memoised on the character vector
paralog	ITPR3	no_recon	0	0	unit	12	ARD	1	2	0.0205533	0.385507	-49.6559	103.312				one row per distinct character; the fits are memoised on the character vector
paralog	ITPR3	no_recon	0	0	unit	12	irreversible	1	1	0.0145132	0	-50.6252	103.25				one row per distinct character; the fits are memoised on the character vector
paralog	ITPR2	locus_only	1	1	unit	1	ER	1	1	0.001379	0.001379	-7.5877	17.1753				one row per distinct character; the fits are memoised on the character vector
paralog	ITPR2	locus_only	1	1	unit	1	ARD	1	2	0.0027895	0.712366	-6.6403	17.2806				one row per distinct character; the fits are memoised on the character vector
paralog	ITPR2	locus_only	1	1	unit	1	irreversible	1	1	0.00137363	0	-6.8972	15.7943				one row per distinct character; the fits are memoised on the character vector
paralog	ITPR3	locus_only	1	1	unit	0	ER	0	1					monotone decreasing	1e-06	the character is invariant, so there is no transition to estimate; the likelihood is monotone decreasing in the loss rate and its maximum is at the boundary (1e-06)	one row per distinct character; the fits are memoised on the character vector
paralog	ITPR3	locus_only	1	1	unit	0	ARD	0	2					monotone decreasing	1e-06	the character is invariant, so there is no transition to estimate; the likelihood is monotone decreasing in the loss rate and its maximum is at the boundary (1e-06); the gain rate is monotone increasing to the grid's own edge, so the pair is not identified	one row per distinct character; the fits are memoised on the character vector
paralog	ITPR3	locus_only	1	1	unit	0	irreversible	0	1					monotone decreasing	1e-06	the character is invariant, so there is no transition to estimate; the likelihood is monotone decreasing in the loss rate and its maximum is at the boundary (1e-06)	one row per distinct character; the fits are memoised on the character vector
paralog	ITPR2	locus_only	1	0	unit	19	ER	1	1	0.0264116	0.0264116	-76.048	154.096				one row per distinct character; the fits are memoised on the character vector
paralog	ITPR2	locus_only	1	0	unit	19	ARD	1	2	0.0318702	0.645695	-70.2892	144.578				one row per distinct character; the fits are memoised on the character vector
paralog	ITPR2	locus_only	1	0	unit	19	irreversible	1	1	0.0254747	0	-75.5636	153.127				one row per distinct character; the fits are memoised on the character vector
paralog	ITPR3	locus_only	1	0	unit	8	ER	1	1	0.0107331	0.0107331	-39.5021	81.0042				one row per distinct character; the fits are memoised on the character vector
paralog	ITPR3	locus_only	1	0	unit	8	ARD	1	2	0.043459	1.60439	-37.0107	78.0215				one row per distinct character; the fits are memoised on the character vector
paralog	ITPR3	locus_only	1	0	unit	8	irreversible	1	1	0.0105684	0	-38.854	79.7081				one row per distinct character; the fits are memoised on the character vector
paralog	ITPR2	locus_only	0	1	unit	3	ER	1	1	0.00275171	0.00275171	-13.103	28.206				one row per distinct character; the fits are memoised on the character vector
paralog	ITPR2	locus_only	0	1	unit	3	ARD	1	2	0.00271802	0.0303587	-12.57	29.1399				one row per distinct character; the fits are memoised on the character vector
paralog	ITPR2	locus_only	0	1	unit	3	irreversible	1	1	0.00276016	0	-13.0917	28.1833				one row per distinct character; the fits are memoised on the character vector
paralog	ITPR3	locus_only	0	1	unit	3	ER	1	1	0.00266898	0.00266898	-13.1638	28.3277				one row per distinct character; the fits are memoised on the character vector
paralog	ITPR3	locus_only	0	1	unit	3	ARD	1	2	0.00262465	0.0276852	-12.6406	29.2812				one row per distinct character; the fits are memoised on the character vector
paralog	ITPR3	locus_only	0	1	unit	3	irreversible	1	1	0.00267883	0	-13.1515	28.303				one row per distinct character; the fits are memoised on the character vector
paralog	ITPR2	locus_only	0	0	unit	24	ER	1	1	0.0319299	0.0319299	-87.6772	177.354				one row per distinct character; the fits are memoised on the character vector
paralog	ITPR2	locus_only	0	0	unit	24	ARD	1	2	0.0422838	0.617695	-83.0695	170.139				one row per distinct character; the fits are memoised on the character vector
paralog	ITPR2	locus_only	0	0	unit	24	irreversible	1	1	0.0308228	0	-87.7693	177.539				one row per distinct character; the fits are memoised on the character vector
paralog	ITPR3	locus_only	0	0	unit	13	ER	1	1	0.0160704	0.0160704	-54.1244	110.249				one row per distinct character; the fits are memoised on the character vector
paralog	ITPR3	locus_only	0	0	unit	13	ARD	1	2	0.023377	0.417912	-52.9639	109.928				one row per distinct character; the fits are memoised on the character vector
paralog	ITPR3	locus_only	0	0	unit	13	irreversible	1	1	0.0158529	0	-54.1047	110.209				one row per distinct character; the fits are memoised on the character vector
family	ITPR_family	full_locus_only	1	1	unit	0	ER	0	1					monotone decreasing	1e-06	the character is invariant, so there is no transition to estimate; the likelihood is monotone decreasing in the loss rate and its maximum is at the boundary (1e-06)	one row per distinct character; the fits are memoised on the character vector
family	ITPR_family	full_locus_only	1	1	unit	0	ARD	0	2					monotone decreasing	1e-06	the character is invariant, so there is no transition to estimate; the likelihood is monotone decreasing in the loss rate and its maximum is at the boundary (1e-06); the gain rate is monotone increasing to the grid's own edge, so the pair is not identified	one row per distinct character; the fits are memoised on the character vector
family	ITPR_family	full_locus_only	1	1	unit	0	irreversible	0	1					monotone decreasing	1e-06	the character is invariant, so there is no transition to estimate; the likelihood is monotone decreasing in the loss rate and its maximum is at the boundary (1e-06)	one row per distinct character; the fits are memoised on the character vector
paralog	ITPR1	full_locus_only	1	1	unit	0	ER	0	1					monotone decreasing	1e-06	the character is invariant, so there is no transition to estimate; the likelihood is monotone decreasing in the loss rate and its maximum is at the boundary (1e-06)	one row per distinct character; the fits are memoised on the character vector
paralog	ITPR1	full_locus_only	1	1	unit	0	ARD	0	2					monotone decreasing	1e-06	the character is invariant, so there is no transition to estimate; the likelihood is monotone decreasing in the loss rate and its maximum is at the boundary (1e-06); the gain rate is monotone increasing to the grid's own edge, so the pair is not identified	one row per distinct character; the fits are memoised on the character vector
paralog	ITPR1	full_locus_only	1	1	unit	0	irreversible	0	1					monotone decreasing	1e-06	the character is invariant, so there is no transition to estimate; the likelihood is monotone decreasing in the loss rate and its maximum is at the boundary (1e-06)	one row per distinct character; the fits are memoised on the character vector
paralog	ITPR2	full_locus_only	1	1	unit	1	ER	1	1	0.00151877	0.00151877	-7.0858	16.1717				one row per distinct character; the fits are memoised on the character vector
paralog	ITPR2	full_locus_only	1	1	unit	1	ARD	1	2	0.00179851	0.183016	-6.395	16.79				one row per distinct character; the fits are memoised on the character vector
paralog	ITPR2	full_locus_only	1	1	unit	1	irreversible	1	1	0.00151401	0	-6.3944	14.7888				one row per distinct character; the fits are memoised on the character vector
paralog	ITPR3	full_locus_only	1	1	unit	0	ER	0	1					monotone decreasing	1e-06	the character is invariant, so there is no transition to estimate; the likelihood is monotone decreasing in the loss rate and its maximum is at the boundary (1e-06)	one row per distinct character; the fits are memoised on the character vector
paralog	ITPR3	full_locus_only	1	1	unit	0	ARD	0	2					monotone decreasing	1e-06	the character is invariant, so there is no transition to estimate; the likelihood is monotone decreasing in the loss rate and its maximum is at the boundary (1e-06); the gain rate is monotone increasing to the grid's own edge, so the pair is not identified	one row per distinct character; the fits are memoised on the character vector
paralog	ITPR3	full_locus_only	1	1	unit	0	irreversible	0	1					monotone decreasing	1e-06	the character is invariant, so there is no transition to estimate; the likelihood is monotone decreasing in the loss rate and its maximum is at the boundary (1e-06)	one row per distinct character; the fits are memoised on the character vector
family	ITPR_family	full_locus_only	1	0	unit	1	ER	1	1	0.00129333	0.00129333	-7.6517	17.3034				one row per distinct character; the fits are memoised on the character vector
family	ITPR_family	full_locus_only	1	0	unit	1	ARD	1	2	0.0025137	0.681001	-6.7137	17.4274				one row per distinct character; the fits are memoised on the character vector
family	ITPR_family	full_locus_only	1	0	unit	1	irreversible	1	1	0.00129032	0	-6.9597	15.9194				one row per distinct character; the fits are memoised on the character vector
paralog	ITPR1	full_locus_only	1	0	unit	20	ER	1	1	0.0284286	0.0284286	-74.5735	151.147				one row per distinct character; the fits are memoised on the character vector
paralog	ITPR1	full_locus_only	1	0	unit	20	ARD	1	2	0.020478	0.532238	-66.5511	137.102				one row per distinct character; the fits are memoised on the character vector
paralog	ITPR1	full_locus_only	1	0	unit	20	irreversible	1	1	0.0286411	0	-76.7927	155.585				one row per distinct character; the fits are memoised on the character vector
paralog	ITPR2	full_locus_only	1	0	unit	28	ER	1	1	0.038977	0.038977	-92.4924	186.985				one row per distinct character; the fits are memoised on the character vector
paralog	ITPR2	full_locus_only	1	0	unit	28	ARD	1	2	0.0223631	0.53129	-85.5288	175.058				one row per distinct character; the fits are memoised on the character vector
paralog	ITPR2	full_locus_only	1	0	unit	28	irreversible	1	1	0.0371213	0	-92.039	186.078				one row per distinct character; the fits are memoised on the character vector
paralog	ITPR3	full_locus_only	1	0	unit	13	ER	1	1	0.0189662	0.0189662	-56.4625	114.925				one row per distinct character; the fits are memoised on the character vector
paralog	ITPR3	full_locus_only	1	0	unit	13	ARD	1	2	0.0533278	1.09355	-52.7289	109.458				one row per distinct character; the fits are memoised on the character vector
paralog	ITPR3	full_locus_only	1	0	unit	13	irreversible	1	1	0.0183896	0	-55.9374	113.875				one row per distinct character; the fits are memoised on the character vector
paralog	ITPR1	full_locus_only	0	1	unit	1	ER	1	1	0.00147688	0.00147688	-7.5192	17.0384				one row per distinct character; the fits are memoised on the character vector
paralog	ITPR1	full_locus_only	0	1	unit	1	ARD	1	2	0.00343444	0.841901	-6.5602	17.1203				one row per distinct character; the fits are memoised on the character vector
paralog	ITPR1	full_locus_only	0	1	unit	1	irreversible	1	1	0.00147275	0	-6.8275	15.6549				one row per distinct character; the fits are memoised on the character vector
paralog	ITPR2	full_locus_only	0	1	unit	4	ER	1	1	0.00455171	0.00455171	-17.3981	36.7961				one row per distinct character; the fits are memoised on the character vector
paralog	ITPR2	full_locus_only	0	1	unit	4	ARD	1	2	0.00456847	0.0399742	-16.9015	37.803				one row per distinct character; the fits are memoised on the character vector
paralog	ITPR2	full_locus_only	0	1	unit	4	irreversible	1	1	0.0045582	0	-17.3804	36.7607				one row per distinct character; the fits are memoised on the character vector
paralog	ITPR3	full_locus_only	0	1	unit	4	ER	1	1	0.00432662	0.00432662	-17.9548	37.9096				one row per distinct character; the fits are memoised on the character vector
paralog	ITPR3	full_locus_only	0	1	unit	4	ARD	1	2	0.00436481	0.0428372	-17.4412	38.8824				one row per distinct character; the fits are memoised on the character vector
paralog	ITPR3	full_locus_only	0	1	unit	4	irreversible	1	1	0.0043312	0	-17.9391	37.8782				one row per distinct character; the fits are memoised on the character vector
paralog	ITPR1	full_locus_only	0	0	unit	48	ER	1	1	0.0543809	0.0543809	-122.705	247.411				one row per distinct character; the fits are memoised on the character vector
paralog	ITPR1	full_locus_only	0	0	unit	48	ARD	1	2	0.042131	0.367624	-115.118	234.237				one row per distinct character; the fits are memoised on the character vector
paralog	ITPR1	full_locus_only	0	0	unit	48	irreversible	1	1	0.0573619	0	-131.143	264.287				one row per distinct character; the fits are memoised on the character vector
paralog	ITPR2	full_locus_only	0	0	unit	56	ER	1	1	0.069286	0.069286	-139.367	280.733				one row per distinct character; the fits are memoised on the character vector
paralog	ITPR2	full_locus_only	0	0	unit	56	ARD	1	2	0.0388475	0.394776	-131.578	267.157				one row per distinct character; the fits are memoised on the character vector
paralog	ITPR2	full_locus_only	0	0	unit	56	irreversible	1	1	0.066445	0	-142.138	286.276				one row per distinct character; the fits are memoised on the character vector
paralog	ITPR3	full_locus_only	0	0	unit	40	ER	1	1	0.047665	0.047665	-112.706	227.411				one row per distinct character; the fits are memoised on the character vector
paralog	ITPR3	full_locus_only	0	0	unit	40	ARD	1	2	0.0530102	0.216807	-111.081	226.161				one row per distinct character; the fits are memoised on the character vector
paralog	ITPR3	full_locus_only	0	0	unit	40	irreversible	1	1	0.045656	0	-113.355	228.71				one row per distinct character; the fits are memoised on the character vector
family	ITPR_family	gap_lo	1	1	ultrametric	0	ER	0	1					monotone decreasing	1e-06	the character is invariant, so there is no transition to estimate; the likelihood is monotone decreasing in the loss rate and its maximum is at the boundary (1e-06)	one row per distinct character; the fits are memoised on the character vector
family	ITPR_family	gap_lo	1	1	ultrametric	0	ARD	0	2					monotone decreasing	1e-06	the character is invariant, so there is no transition to estimate; the likelihood is monotone decreasing in the loss rate and its maximum is at the boundary (1e-06); the gain rate is monotone increasing to the grid's own edge, so the pair is not identified	one row per distinct character; the fits are memoised on the character vector
family	ITPR_family	gap_lo	1	1	ultrametric	0	irreversible	0	1					monotone decreasing	1e-06	the character is invariant, so there is no transition to estimate; the likelihood is monotone decreasing in the loss rate and its maximum is at the boundary (1e-06)	one row per distinct character; the fits are memoised on the character vector
paralog	ITPR2	gap_lo	1	1	ultrametric	0	ER	0	1					monotone decreasing	1e-06	the character is invariant, so there is no transition to estimate; the likelihood is monotone decreasing in the loss rate and its maximum is at the boundary (1e-06)	one row per distinct character; the fits are memoised on the character vector
paralog	ITPR2	gap_lo	1	1	ultrametric	0	ARD	0	2					monotone decreasing	1e-06	the character is invariant, so there is no transition to estimate; the likelihood is monotone decreasing in the loss rate and its maximum is at the boundary (1e-06); the gain rate is monotone increasing to the grid's own edge, so the pair is not identified	one row per distinct character; the fits are memoised on the character vector
paralog	ITPR2	gap_lo	1	1	ultrametric	0	irreversible	0	1					monotone decreasing	1e-06	the character is invariant, so there is no transition to estimate; the likelihood is monotone decreasing in the loss rate and its maximum is at the boundary (1e-06)	one row per distinct character; the fits are memoised on the character vector
paralog	ITPR2	gap_lo	0	1	ultrametric	2	ER	1	1	0.0152911	0.0152911	-5.922	13.844				one row per distinct character; the fits are memoised on the character vector
paralog	ITPR2	gap_lo	0	1	ultrametric	2	ARD	1	2	0.0143947	0.160779	-5.3913	14.7827				one row per distinct character; the fits are memoised on the character vector
paralog	ITPR2	gap_lo	0	1	ultrametric	2	irreversible	1	1	0.0153762	0	-5.2702	12.5405				one row per distinct character; the fits are memoised on the character vector
paralog	ITPR1	recon_half	1	1	ultrametric	0	ER	0	1					monotone decreasing	1e-06	the character is invariant, so there is no transition to estimate; the likelihood is monotone decreasing in the loss rate and its maximum is at the boundary (1e-06)	one row per distinct character; the fits are memoised on the character vector
paralog	ITPR1	recon_half	1	1	ultrametric	0	ARD	0	2					monotone decreasing	1e-06	the character is invariant, so there is no transition to estimate; the likelihood is monotone decreasing in the loss rate and its maximum is at the boundary (1e-06); the gain rate is monotone increasing to the grid's own edge, so the pair is not identified	one row per distinct character; the fits are memoised on the character vector
paralog	ITPR1	recon_half	1	1	ultrametric	0	irreversible	0	1					monotone decreasing	1e-06	the character is invariant, so there is no transition to estimate; the likelihood is monotone decreasing in the loss rate and its maximum is at the boundary (1e-06)	one row per distinct character; the fits are memoised on the character vector
paralog	ITPR2	recon_half	1	1	ultrametric	0	ER	0	1					monotone decreasing	1e-06	the character is invariant, so there is no transition to estimate; the likelihood is monotone decreasing in the loss rate and its maximum is at the boundary (1e-06)	one row per distinct character; the fits are memoised on the character vector
paralog	ITPR2	recon_half	1	1	ultrametric	0	ARD	0	2					monotone decreasing	1e-06	the character is invariant, so there is no transition to estimate; the likelihood is monotone decreasing in the loss rate and its maximum is at the boundary (1e-06); the gain rate is monotone increasing to the grid's own edge, so the pair is not identified	one row per distinct character; the fits are memoised on the character vector
paralog	ITPR2	recon_half	1	1	ultrametric	0	irreversible	0	1					monotone decreasing	1e-06	the character is invariant, so there is no transition to estimate; the likelihood is monotone decreasing in the loss rate and its maximum is at the boundary (1e-06)	one row per distinct character; the fits are memoised on the character vector
paralog	ITPR3	recon_half	1	1	ultrametric	0	ER	0	1					monotone decreasing	1e-06	the character is invariant, so there is no transition to estimate; the likelihood is monotone decreasing in the loss rate and its maximum is at the boundary (1e-06)	one row per distinct character; the fits are memoised on the character vector
paralog	ITPR3	recon_half	1	1	ultrametric	0	ARD	0	2					monotone decreasing	1e-06	the character is invariant, so there is no transition to estimate; the likelihood is monotone decreasing in the loss rate and its maximum is at the boundary (1e-06); the gain rate is monotone increasing to the grid's own edge, so the pair is not identified	one row per distinct character; the fits are memoised on the character vector
paralog	ITPR3	recon_half	1	1	ultrametric	0	irreversible	0	1					monotone decreasing	1e-06	the character is invariant, so there is no transition to estimate; the likelihood is monotone decreasing in the loss rate and its maximum is at the boundary (1e-06)	one row per distinct character; the fits are memoised on the character vector
paralog	ITPR1	recon_half	1	0	ultrametric	1	ER	1	1	0.0154448	0.0154448	-8.2635	18.527				one row per distinct character; the fits are memoised on the character vector
paralog	ITPR1	recon_half	1	0	ultrametric	1	ARD	1	2	0.148102	44.866	-6.7168	17.4337				one row per distinct character; the fits are memoised on the character vector
paralog	ITPR1	recon_half	1	0	ultrametric	1	irreversible	1	1	0.0153954	0	-7.5716	17.1432				one row per distinct character; the fits are memoised on the character vector
paralog	ITPR2	recon_half	1	0	ultrametric	1	ER	1	1	0.015684	0.015684	-8.248	18.4961				one row per distinct character; the fits are memoised on the character vector
paralog	ITPR2	recon_half	1	0	ultrametric	1	ARD	1	2	0.137128	41.81	-6.7235	17.4471				one row per distinct character; the fits are memoised on the character vector
paralog	ITPR2	recon_half	1	0	ultrametric	1	irreversible	1	1	0.015625	0	-7.5568	17.1136				one row per distinct character; the fits are memoised on the character vector
paralog	ITPR3	recon_half	1	0	ultrametric	1	ER	1	1	0.0155847	0.0155847	-8.2544	18.5088				one row per distinct character; the fits are memoised on the character vector
paralog	ITPR3	recon_half	1	0	ultrametric	1	ARD	1	2	0.101335	30.8368	-6.7239	17.4479				one row per distinct character; the fits are memoised on the character vector
paralog	ITPR3	recon_half	1	0	ultrametric	1	irreversible	1	1	0.0155148	0	-7.5639	17.1277				one row per distinct character; the fits are memoised on the character vector
paralog	ITPR2	recon_half	0	1	ultrametric	2	ER	1	1	0.0154409	0.0154409	-5.9123	13.8245				one row per distinct character; the fits are memoised on the character vector
paralog	ITPR2	recon_half	0	1	ultrametric	2	ARD	1	2	0.0145283	0.161319	-5.3825	14.765				one row per distinct character; the fits are memoised on the character vector
paralog	ITPR2	recon_half	0	1	ultrametric	2	irreversible	1	1	0.0155282	0	-5.2604	12.5208				one row per distinct character; the fits are memoised on the character vector
paralog	ITPR3	recon_half	0	1	ultrametric	2	ER	1	1	0.0153339	0.0153339	-5.9192	13.8385				one row per distinct character; the fits are memoised on the character vector
paralog	ITPR3	recon_half	0	1	ultrametric	2	ARD	1	2	0.0144348	0.161035	-5.3887	14.7774				one row per distinct character; the fits are memoised on the character vector
paralog	ITPR3	recon_half	0	1	ultrametric	2	irreversible	1	1	0.0154193	0	-5.2675	12.5349				one row per distinct character; the fits are memoised on the character vector
paralog	ITPR1	recon_half	0	0	ultrametric	6	ER	1	1	0.0935476	0.0935476	-33.759	69.518				one row per distinct character; the fits are memoised on the character vector
paralog	ITPR1	recon_half	0	0	ultrametric	6	ARD	1	2	0.148112	12.4007	-28.2342	60.4683				one row per distinct character; the fits are memoised on the character vector
paralog	ITPR1	recon_half	0	0	ultrametric	6	irreversible	1	1	0.0918913	0	-33.1009	68.2017				one row per distinct character; the fits are memoised on the character vector
paralog	ITPR2	recon_half	0	0	ultrametric	4	ER	1	1	0.0462176	0.0462176	-15.9837	33.9674				one row per distinct character; the fits are memoised on the character vector
paralog	ITPR2	recon_half	0	0	ultrametric	4	ARD	1	2	0.0454147	0.25581	-15.5782	35.1564				one row per distinct character; the fits are memoised on the character vector
paralog	ITPR2	recon_half	0	0	ultrametric	4	irreversible	1	1	0.0463576	0	-15.3135	32.6271				one row per distinct character; the fits are memoised on the character vector
paralog	ITPR3	recon_half	0	0	ultrametric	4	ER	1	1	0.0462547	0.0462547	-17.7733	37.5466				one row per distinct character; the fits are memoised on the character vector
paralog	ITPR3	recon_half	0	0	ultrametric	4	ARD	1	2	0.0464528	0.362896	-17.2985	38.597				one row per distinct character; the fits are memoised on the character vector
paralog	ITPR3	recon_half	0	0	ultrametric	4	irreversible	1	1	0.0461946	0	-17.1158	36.2317				one row per distinct character; the fits are memoised on the character vector
paralog	ITPR1	recon_strict	1	1	ultrametric	0	ER	0	1					monotone decreasing	1e-06	the character is invariant, so there is no transition to estimate; the likelihood is monotone decreasing in the loss rate and its maximum is at the boundary (1e-06)	one row per distinct character; the fits are memoised on the character vector
paralog	ITPR1	recon_strict	1	1	ultrametric	0	ARD	0	2					monotone decreasing	1e-06	the character is invariant, so there is no transition to estimate; the likelihood is monotone decreasing in the loss rate and its maximum is at the boundary (1e-06); the gain rate is monotone increasing to the grid's own edge, so the pair is not identified	one row per distinct character; the fits are memoised on the character vector
paralog	ITPR1	recon_strict	1	1	ultrametric	0	irreversible	0	1					monotone decreasing	1e-06	the character is invariant, so there is no transition to estimate; the likelihood is monotone decreasing in the loss rate and its maximum is at the boundary (1e-06)	one row per distinct character; the fits are memoised on the character vector
paralog	ITPR2	recon_strict	1	1	ultrametric	1	ER	1	1	0.0158539	0.0158539	-8.2373	18.4746				one row per distinct character; the fits are memoised on the character vector
paralog	ITPR2	recon_strict	1	1	ultrametric	1	ARD	1	2	0.0959842	28.7011	-6.708	17.4159				one row per distinct character; the fits are memoised on the character vector
paralog	ITPR2	recon_strict	1	1	ultrametric	1	irreversible	1	1	0.0157819	0	-7.5468	17.0936				one row per distinct character; the fits are memoised on the character vector
paralog	ITPR3	recon_strict	1	1	ultrametric	0	ER	0	1					monotone decreasing	1e-06	the character is invariant, so there is no transition to estimate; the likelihood is monotone decreasing in the loss rate and its maximum is at the boundary (1e-06)	one row per distinct character; the fits are memoised on the character vector
paralog	ITPR3	recon_strict	1	1	ultrametric	0	ARD	0	2					monotone decreasing	1e-06	the character is invariant, so there is no transition to estimate; the likelihood is monotone decreasing in the loss rate and its maximum is at the boundary (1e-06); the gain rate is monotone increasing to the grid's own edge, so the pair is not identified	one row per distinct character; the fits are memoised on the character vector
paralog	ITPR3	recon_strict	1	1	ultrametric	0	irreversible	0	1					monotone decreasing	1e-06	the character is invariant, so there is no transition to estimate; the likelihood is monotone decreasing in the loss rate and its maximum is at the boundary (1e-06)	one row per distinct character; the fits are memoised on the character vector
paralog	ITPR1	recon_strict	1	0	ultrametric	7	ER	1	1	0.111029	0.111029	-38.3556	78.7113				one row per distinct character; the fits are memoised on the character vector
paralog	ITPR1	recon_strict	1	0	ultrametric	7	ARD	1	2	0.440658	18.6987	-33.4724	70.9448				one row per distinct character; the fits are memoised on the character vector
paralog	ITPR1	recon_strict	1	0	ultrametric	7	irreversible	1	1	0.108414	0	-37.7284	77.4569				one row per distinct character; the fits are memoised on the character vector
paralog	ITPR2	recon_strict	1	0	ultrametric	6	ER	1	1	0.0961909	0.0961909	-33.8781	69.7563				one row per distinct character; the fits are memoised on the character vector
paralog	ITPR2	recon_strict	1	0	ultrametric	6	ARD	1	2	0.677217	33.8119	-29.5465	63.093				one row per distinct character; the fits are memoised on the character vector
paralog	ITPR2	recon_strict	1	0	ultrametric	6	irreversible	1	1	0.0942196	0	-33.2384	68.4768				one row per distinct character; the fits are memoised on the character vector
paralog	ITPR3	recon_strict	1	0	ultrametric	7	ER	1	1	0.112282	0.112282	-38.9675	79.9349				one row per distinct character; the fits are memoised on the character vector
paralog	ITPR3	recon_strict	1	0	ultrametric	7	ARD	1	2	0.765502	32.5323	-33.356	70.7119				one row per distinct character; the fits are memoised on the character vector
paralog	ITPR3	recon_strict	1	0	ultrametric	7	irreversible	1	1	0.109338	0	-38.3622	78.7244				one row per distinct character; the fits are memoised on the character vector
paralog	ITPR2	recon_strict	0	1	ultrametric	3	ER	1	1	0.0312858	0.0312858	-12.0744	26.1487				one row per distinct character; the fits are memoised on the character vector
paralog	ITPR2	recon_strict	0	1	ultrametric	3	ARD	1	2	0.0306886	0.264784	-11.5828	27.1656				one row per distinct character; the fits are memoised on the character vector
paralog	ITPR2	recon_strict	0	1	ultrametric	3	irreversible	1	1	0.0313444	0	-11.4187	24.8373				one row per distinct character; the fits are memoised on the character vector
paralog	ITPR3	recon_strict	0	1	ultrametric	2	ER	1	1	0.0155183	0.0155183	-5.9073	13.8146				one row per distinct character; the fits are memoised on the character vector
paralog	ITPR3	recon_strict	0	1	ultrametric	2	ARD	1	2	0.0146068	0.162097	-5.3776	14.7551				one row per distinct character; the fits are memoised on the character vector
paralog	ITPR3	recon_strict	0	1	ultrametric	2	irreversible	1	1	0.0156053	0	-5.2555	12.5109				one row per distinct character; the fits are memoised on the character vector
paralog	ITPR1	recon_strict	0	0	ultrametric	12	ER	1	1	0.192381	0.192381	-57.639	117.278				one row per distinct character; the fits are memoised on the character vector
paralog	ITPR1	recon_strict	0	0	ultrametric	12	ARD	1	2	0.166523	9.18263	-43.9997	91.9994				one row per distinct character; the fits are memoised on the character vector
paralog	ITPR1	recon_strict	0	0	ultrametric	12	irreversible	1	1	0.184884	0	-57.8125	117.625				one row per distinct character; the fits are memoised on the character vector
paralog	ITPR2	recon_strict	0	0	ultrametric	9	ER	1	1	0.125964	0.125964	-39.11	80.2199				one row per distinct character; the fits are memoised on the character vector
paralog	ITPR2	recon_strict	0	0	ultrametric	9	ARD	1	2	0.134475	0.813251	-38.6752	81.3504				one row per distinct character; the fits are memoised on the character vector
paralog	ITPR2	recon_strict	0	0	ultrametric	9	irreversible	1	1	0.124246	0	-38.4517	78.9034				one row per distinct character; the fits are memoised on the character vector
paralog	ITPR3	recon_strict	0	0	ultrametric	11	ER	1	1	0.159135	0.159135	-49.9857	101.971				one row per distinct character; the fits are memoised on the character vector
paralog	ITPR3	recon_strict	0	0	ultrametric	11	ARD	1	2	0.415595	12.1751	-46.2767	96.5534				one row per distinct character; the fits are memoised on the character vector
paralog	ITPR3	recon_strict	0	0	ultrametric	11	irreversible	1	1	0.154923	0	-49.4092	100.818				one row per distinct character; the fits are memoised on the character vector
paralog	ITPR1	no_recon	1	1	ultrametric	0	ER	0	1					monotone decreasing	1e-06	the character is invariant, so there is no transition to estimate; the likelihood is monotone decreasing in the loss rate and its maximum is at the boundary (1e-06)	one row per distinct character; the fits are memoised on the character vector
paralog	ITPR1	no_recon	1	1	ultrametric	0	ARD	0	2					monotone decreasing	1e-06	the character is invariant, so there is no transition to estimate; the likelihood is monotone decreasing in the loss rate and its maximum is at the boundary (1e-06); the gain rate is monotone increasing to the grid's own edge, so the pair is not identified	one row per distinct character; the fits are memoised on the character vector
paralog	ITPR1	no_recon	1	1	ultrametric	0	irreversible	0	1					monotone decreasing	1e-06	the character is invariant, so there is no transition to estimate; the likelihood is monotone decreasing in the loss rate and its maximum is at the boundary (1e-06)	one row per distinct character; the fits are memoised on the character vector
paralog	ITPR2	no_recon	1	1	ultrametric	1	ER	1	1	0.016181	0.016181	-8.2169	18.4339				one row per distinct character; the fits are memoised on the character vector
paralog	ITPR2	no_recon	1	1	ultrametric	1	ARD	1	2	0.0991603	28.7623	-6.6775	17.355				one row per distinct character; the fits are memoised on the character vector
paralog	ITPR2	no_recon	1	1	ultrametric	1	irreversible	1	1	0.0161054	0	-7.5265	17.053				one row per distinct character; the fits are memoised on the character vector
paralog	ITPR3	no_recon	1	1	ultrametric	0	ER	0	1					monotone decreasing	1e-06	the character is invariant, so there is no transition to estimate; the likelihood is monotone decreasing in the loss rate and its maximum is at the boundary (1e-06)	one row per distinct character; the fits are memoised on the character vector
paralog	ITPR3	no_recon	1	1	ultrametric	0	ARD	0	2					monotone decreasing	1e-06	the character is invariant, so there is no transition to estimate; the likelihood is monotone decreasing in the loss rate and its maximum is at the boundary (1e-06); the gain rate is monotone increasing to the grid's own edge, so the pair is not identified	one row per distinct character; the fits are memoised on the character vector
paralog	ITPR3	no_recon	1	1	ultrametric	0	irreversible	0	1					monotone decreasing	1e-06	the character is invariant, so there is no transition to estimate; the likelihood is monotone decreasing in the loss rate and its maximum is at the boundary (1e-06)	one row per distinct character; the fits are memoised on the character vector
paralog	ITPR1	no_recon	1	0	ultrametric	12	ER	1	1	0.194984	0.194984	-58.4007	118.801				one row per distinct character; the fits are memoised on the character vector
paralog	ITPR1	no_recon	1	0	ultrametric	12	ARD	1	2	0.125995	9.55547	-47.1869	98.3738				one row per distinct character; the fits are memoised on the character vector
paralog	ITPR1	no_recon	1	0	ultrametric	12	irreversible	1	1	0.186647	0	-58.6149	119.23				one row per distinct character; the fits are memoised on the character vector
paralog	ITPR2	no_recon	1	0	ultrametric	14	ER	1	1	0.233518	0.233518	-64.7109	131.422				one row per distinct character; the fits are memoised on the character vector
paralog	ITPR2	no_recon	1	0	ultrametric	14	ARD	1	2	1.19376	24.6632	-56.8733	117.747				one row per distinct character; the fits are memoised on the character vector
paralog	ITPR2	no_recon	1	0	ultrametric	14	irreversible	1	1	0.222321	0	-64.2921	130.584				one row per distinct character; the fits are memoised on the character vector
paralog	ITPR3	no_recon	1	0	ultrametric	8	ER	1	1	0.128854	0.128854	-43.0764	88.1528				one row per distinct character; the fits are memoised on the character vector
paralog	ITPR3	no_recon	1	0	ultrametric	8	ARD	1	2	0.844694	31.2931	-37.0397	78.0795				one row per distinct character; the fits are memoised on the character vector
paralog	ITPR3	no_recon	1	0	ultrametric	8	irreversible	1	1	0.125091	0	-42.4912	86.9824				one row per distinct character; the fits are memoised on the character vector
paralog	ITPR2	no_recon	0	1	ultrametric	3	ER	1	1	0.0319238	0.0319238	-12.0342	26.0684				one row per distinct character; the fits are memoised on the character vector
paralog	ITPR2	no_recon	0	1	ultrametric	3	ARD	1	2	0.0313237	0.268147	-11.544	27.088				one row per distinct character; the fits are memoised on the character vector
paralog	ITPR2	no_recon	0	1	ultrametric	3	irreversible	1	1	0.0319824	0	-11.3784	24.7568				one row per distinct character; the fits are memoised on the character vector
paralog	ITPR3	no_recon	0	1	ultrametric	2	ER	1	1	0.0155512	0.0155512	-5.9052	13.8104				one row per distinct character; the fits are memoised on the character vector
paralog	ITPR3	no_recon	0	1	ultrametric	2	ARD	1	2	0.0146374	0.162276	-5.3756	14.7512				one row per distinct character; the fits are memoised on the character vector
paralog	ITPR3	no_recon	0	1	ultrametric	2	irreversible	1	1	0.0156386	0	-5.2533	12.5067				one row per distinct character; the fits are memoised on the character vector
paralog	ITPR1	no_recon	0	0	ultrametric	17	ER	1	1	0.244391	0.244391	-69.3742	140.748				one row per distinct character; the fits are memoised on the character vector
paralog	ITPR1	no_recon	0	0	ultrametric	17	ARD	1	2	0.110692	8.1626	-55.1394	114.279				one row per distinct character; the fits are memoised on the character vector
paralog	ITPR1	no_recon	0	0	ultrametric	17	irreversible	1	1	0.263037	0	-76.5559	155.112				one row per distinct character; the fits are memoised on the character vector
paralog	ITPR2	no_recon	0	0	ultrametric	18	ER	1	1	0.279018	0.279018	-71.885	145.77				one row per distinct character; the fits are memoised on the character vector
paralog	ITPR2	no_recon	0	0	ultrametric	18	ARD	1	2	0.501929	8.375	-66.959	137.918				one row per distinct character; the fits are memoised on the character vector
paralog	ITPR2	no_recon	0	0	ultrametric	18	irreversible	1	1	0.266733	0	-71.4041	144.808				one row per distinct character; the fits are memoised on the character vector
paralog	ITPR3	no_recon	0	0	ultrametric	12	ER	1	1	0.175785	0.175785	-53.7657	109.531				one row per distinct character; the fits are memoised on the character vector
paralog	ITPR3	no_recon	0	0	ultrametric	12	ARD	1	2	0.47828	12.5652	-49.6924	103.385				one row per distinct character; the fits are memoised on the character vector
paralog	ITPR3	no_recon	0	0	ultrametric	12	irreversible	1	1	0.170599	0	-53.2064	108.413				one row per distinct character; the fits are memoised on the character vector
paralog	ITPR2	locus_only	1	1	ultrametric	1	ER	1	1	0.0164108	0.0164108	-8.2029	18.4058				one row per distinct character; the fits are memoised on the character vector
paralog	ITPR2	locus_only	1	1	ultrametric	1	ARD	1	2	0.101361	28.7948	-6.6567	17.3134				one row per distinct character; the fits are memoised on the character vector
paralog	ITPR2	locus_only	1	1	ultrametric	1	irreversible	1	1	0.0163326	0	-7.5125	17.025				one row per distinct character; the fits are memoised on the character vector
paralog	ITPR3	locus_only	1	1	ultrametric	0	ER	0	1					monotone decreasing	1e-06	the character is invariant, so there is no transition to estimate; the likelihood is monotone decreasing in the loss rate and its maximum is at the boundary (1e-06)	one row per distinct character; the fits are memoised on the character vector
paralog	ITPR3	locus_only	1	1	ultrametric	0	ARD	0	2					monotone decreasing	1e-06	the character is invariant, so there is no transition to estimate; the likelihood is monotone decreasing in the loss rate and its maximum is at the boundary (1e-06); the gain rate is monotone increasing to the grid's own edge, so the pair is not identified	one row per distinct character; the fits are memoised on the character vector
paralog	ITPR3	locus_only	1	1	ultrametric	0	irreversible	0	1					monotone decreasing	1e-06	the character is invariant, so there is no transition to estimate; the likelihood is monotone decreasing in the loss rate and its maximum is at the boundary (1e-06)	one row per distinct character; the fits are memoised on the character vector
paralog	ITPR2	locus_only	1	0	ultrametric	19	ER	1	1	0.326978	0.326978	-81.6496	165.299				one row per distinct character; the fits are memoised on the character vector
paralog	ITPR2	locus_only	1	0	ultrametric	19	ARD	1	2	1.52391	22.6863	-71.1514	146.303				one row per distinct character; the fits are memoised on the character vector
paralog	ITPR2	locus_only	1	0	ultrametric	19	irreversible	1	1	0.30438	0	-81.5099	165.02				one row per distinct character; the fits are memoised on the character vector
paralog	ITPR3	locus_only	1	0	ultrametric	8	ER	1	1	0.129238	0.129238	-43.0532	88.1063				one row per distinct character; the fits are memoised on the character vector
paralog	ITPR3	locus_only	1	0	ultrametric	8	ARD	1	2	0.847135	31.2775	-37.0131	78.0262				one row per distinct character; the fits are memoised on the character vector
paralog	ITPR3	locus_only	1	0	ultrametric	8	irreversible	1	1	0.125448	0	-42.4684	86.9368				one row per distinct character; the fits are memoised on the character vector
paralog	ITPR2	locus_only	0	1	ultrametric	3	ER	1	1	0.0323715	0.0323715	-12.0065	26.013				one row per distinct character; the fits are memoised on the character vector
paralog	ITPR2	locus_only	0	1	ultrametric	3	ARD	1	2	0.031769	0.270453	-11.5173	27.0346				one row per distinct character; the fits are memoised on the character vector
paralog	ITPR2	locus_only	0	1	ultrametric	3	irreversible	1	1	0.0324303	0	-11.3506	24.7011				one row per distinct character; the fits are memoised on the character vector
paralog	ITPR3	locus_only	0	1	ultrametric	3	ER	1	1	0.0312283	0.0312283	-11.385	24.77				one row per distinct character; the fits are memoised on the character vector
paralog	ITPR3	locus_only	0	1	ultrametric	3	ARD	1	2	0.0304517	0.240203	-10.91	25.8199				one row per distinct character; the fits are memoised on the character vector
paralog	ITPR3	locus_only	0	1	ultrametric	3	irreversible	1	1	0.0313221	0	-10.7269	23.4539				one row per distinct character; the fits are memoised on the character vector
paralog	ITPR2	locus_only	0	0	ultrametric	24	ER	1	1	0.389788	0.389788	-90.5755	183.151				one row per distinct character; the fits are memoised on the character vector
paralog	ITPR2	locus_only	0	0	ultrametric	24	ARD	1	2	0.76271	9.12501	-83.4461	170.892				one row per distinct character; the fits are memoised on the character vector
paralog	ITPR2	locus_only	0	0	ultrametric	24	irreversible	1	1	0.363422	0	-90.3723	182.745				one row per distinct character; the fits are memoised on the character vector
paralog	ITPR3	locus_only	0	0	ultrametric	13	ER	1	1	0.192615	0.192615	-57.1608	116.322				one row per distinct character; the fits are memoised on the character vector
paralog	ITPR3	locus_only	0	0	ultrametric	13	ARD	1	2	0.532447	12.6576	-52.944	109.888				one row per distinct character; the fits are memoised on the character vector
paralog	ITPR3	locus_only	0	0	ultrametric	13	irreversible	1	1	0.186375	0	-56.6185	115.237				one row per distinct character; the fits are memoised on the character vector
family	ITPR_family	full_locus_only	1	1	ultrametric	0	ER	0	1					monotone decreasing	1e-06	the character is invariant, so there is no transition to estimate; the likelihood is monotone decreasing in the loss rate and its maximum is at the boundary (1e-06)	one row per distinct character; the fits are memoised on the character vector
family	ITPR_family	full_locus_only	1	1	ultrametric	0	ARD	0	2					monotone decreasing	1e-06	the character is invariant, so there is no transition to estimate; the likelihood is monotone decreasing in the loss rate and its maximum is at the boundary (1e-06); the gain rate is monotone increasing to the grid's own edge, so the pair is not identified	one row per distinct character; the fits are memoised on the character vector
family	ITPR_family	full_locus_only	1	1	ultrametric	0	irreversible	0	1					monotone decreasing	1e-06	the character is invariant, so there is no transition to estimate; the likelihood is monotone decreasing in the loss rate and its maximum is at the boundary (1e-06)	one row per distinct character; the fits are memoised on the character vector
paralog	ITPR1	full_locus_only	1	1	ultrametric	0	ER	0	1					monotone decreasing	1e-06	the character is invariant, so there is no transition to estimate; the likelihood is monotone decreasing in the loss rate and its maximum is at the boundary (1e-06)	one row per distinct character; the fits are memoised on the character vector
paralog	ITPR1	full_locus_only	1	1	ultrametric	0	ARD	0	2					monotone decreasing	1e-06	the character is invariant, so there is no transition to estimate; the likelihood is monotone decreasing in the loss rate and its maximum is at the boundary (1e-06); the gain rate is monotone increasing to the grid's own edge, so the pair is not identified	one row per distinct character; the fits are memoised on the character vector
paralog	ITPR1	full_locus_only	1	1	ultrametric	0	irreversible	0	1					monotone decreasing	1e-06	the character is invariant, so there is no transition to estimate; the likelihood is monotone decreasing in the loss rate and its maximum is at the boundary (1e-06)	one row per distinct character; the fits are memoised on the character vector
paralog	ITPR2	full_locus_only	1	1	ultrametric	1	ER	1	1	0.0175527	0.0175527	-7.7304	17.4607				one row per distinct character; the fits are memoised on the character vector
paralog	ITPR2	full_locus_only	1	1	ultrametric	1	ARD	1	2	0.0479344	11.0688	-6.513	17.0261				one row per distinct character; the fits are memoised on the character vector
paralog	ITPR2	full_locus_only	1	1	ultrametric	1	irreversible	1	1	0.0174673	0	-7.0399	16.0797				one row per distinct character; the fits are memoised on the character vector
paralog	ITPR3	full_locus_only	1	1	ultrametric	0	ER	0	1					monotone decreasing	1e-06	the character is invariant, so there is no transition to estimate; the likelihood is monotone decreasing in the loss rate and its maximum is at the boundary (1e-06)	one row per distinct character; the fits are memoised on the character vector
paralog	ITPR3	full_locus_only	1	1	ultrametric	0	ARD	0	2					monotone decreasing	1e-06	the character is invariant, so there is no transition to estimate; the likelihood is monotone decreasing in the loss rate and its maximum is at the boundary (1e-06); the gain rate is monotone increasing to the grid's own edge, so the pair is not identified	one row per distinct character; the fits are memoised on the character vector
paralog	ITPR3	full_locus_only	1	1	ultrametric	0	irreversible	0	1					monotone decreasing	1e-06	the character is invariant, so there is no transition to estimate; the likelihood is monotone decreasing in the loss rate and its maximum is at the boundary (1e-06)	one row per distinct character; the fits are memoised on the character vector
family	ITPR_family	full_locus_only	1	0	ultrametric	1	ER	1	1	0.0152943	0.0152943	-8.2732	18.5465				one row per distinct character; the fits are memoised on the character vector
family	ITPR_family	full_locus_only	1	0	ultrametric	1	ARD	1	2	0.0928983	28.5127	-6.7342	17.4684				one row per distinct character; the fits are memoised on the character vector
family	ITPR_family	full_locus_only	1	0	ultrametric	1	irreversible	1	1	0.0152355	0	-7.582	17.1641				one row per distinct character; the fits are memoised on the character vector
paralog	ITPR1	full_locus_only	1	0	ultrametric	20	ER	1	1	0.342002	0.342002	-82.4493	166.899				one row per distinct character; the fits are memoised on the character vector
paralog	ITPR1	full_locus_only	1	0	ultrametric	20	ARD	1	2	0.229588	7.69304	-63.6141	131.228				one row per distinct character; the fits are memoised on the character vector
paralog	ITPR1	full_locus_only	1	0	ultrametric	20	irreversible	1	1	0.330374	0	-86.7086	175.417				one row per distinct character; the fits are memoised on the character vector
paralog	ITPR2	full_locus_only	1	0	ultrametric	28	ER	1	1	0.484903	0.484903	-100.465	202.93				one row per distinct character; the fits are memoised on the character vector
paralog	ITPR2	full_locus_only	1	0	ultrametric	28	ARD	1	2	0.535542	7.22946	-87.8025	179.605				one row per distinct character; the fits are memoised on the character vector
paralog	ITPR2	full_locus_only	1	0	ultrametric	28	irreversible	1	1	0.429182	0	-101.186	204.373				one row per distinct character; the fits are memoised on the character vector
paralog	ITPR3	full_locus_only	1	0	ultrametric	13	ER	1	1	0.228028	0.228028	-62.3332	126.666				one row per distinct character; the fits are memoised on the character vector
paralog	ITPR3	full_locus_only	1	0	ultrametric	13	ARD	1	2	1.0721	22.1106	-52.7471	109.494				one row per distinct character; the fits are memoised on the character vector
paralog	ITPR3	full_locus_only	1	0	ultrametric	13	irreversible	1	1	0.215861	0	-61.9709	125.942				one row per distinct character; the fits are memoised on the character vector
paralog	ITPR1	full_locus_only	0	1	ultrametric	1	ER	1	1	0.0168941	0.0168941	-8.1741	18.3481				one row per distinct character; the fits are memoised on the character vector
paralog	ITPR1	full_locus_only	0	1	ultrametric	1	ARD	1	2	0.116851	30.4402	-6.5687	17.1375				one row per distinct character; the fits are memoised on the character vector
paralog	ITPR1	full_locus_only	0	1	ultrametric	1	irreversible	1	1	0.0168196	0	-7.4831	16.9662				one row per distinct character; the fits are memoised on the character vector
paralog	ITPR2	full_locus_only	0	1	ultrametric	4	ER	1	1	0.0520889	0.0520889	-17.0146	36.0291				one row per distinct character; the fits are memoised on the character vector
paralog	ITPR2	full_locus_only	0	1	ultrametric	4	ARD	1	2	0.0527279	0.415394	-16.5381	37.0763				one row per distinct character; the fits are memoised on the character vector
paralog	ITPR2	full_locus_only	0	1	ultrametric	4	irreversible	1	1	0.0519591	0	-16.3576	34.7152				one row per distinct character; the fits are memoised on the character vector
paralog	ITPR3	full_locus_only	0	1	ultrametric	4	ER	1	1	0.0499866	0.0499866	-16.8491	35.6981				one row per distinct character; the fits are memoised on the character vector
paralog	ITPR3	full_locus_only	0	1	ultrametric	4	ARD	1	2	0.0500611	0.357482	-16.3913	36.7826				one row per distinct character; the fits are memoised on the character vector
paralog	ITPR3	full_locus_only	0	1	ultrametric	4	irreversible	1	1	0.0499345	0	-16.1892	34.3783				one row per distinct character; the fits are memoised on the character vector
paralog	ITPR1	full_locus_only	0	0	ultrametric	48	ER	1	1	0.688772	0.688772	-132.326	266.652				one row per distinct character; the fits are memoised on the character vector
paralog	ITPR1	full_locus_only	0	0	ultrametric	48	ARD	1	2	0.590823	5.9534	-112.707	229.413				one row per distinct character; the fits are memoised on the character vector
paralog	ITPR1	full_locus_only	0	0	ultrametric	48	irreversible	1	1	0.661304	0	-147.269	296.539				one row per distinct character; the fits are memoised on the character vector
paralog	ITPR2	full_locus_only	0	0	ultrametric	56	ER	1	1	0.904464	0.904464	-148.609	299.217				one row per distinct character; the fits are memoised on the character vector
paralog	ITPR2	full_locus_only	0	0	ultrametric	56	ARD	1	2	0.685784	5.58136	-132.168	268.336				one row per distinct character; the fits are memoised on the character vector
paralog	ITPR2	full_locus_only	0	0	ultrametric	56	irreversible	1	1	0.764094	0	-155.283	312.566				one row per distinct character; the fits are memoised on the character vector
paralog	ITPR3	full_locus_only	0	0	ultrametric	40	ER	1	1	0.593256	0.593256	-120.951	243.901				one row per distinct character; the fits are memoised on the character vector
paralog	ITPR3	full_locus_only	0	0	ultrametric	40	ARD	1	2	0.981994	8.42796	-110.805	225.609				one row per distinct character; the fits are memoised on the character vector
paralog	ITPR3	full_locus_only	0	0	ultrametric	40	irreversible	1	1	0.531456	0	-122.898	247.797				one row per distinct character; the fits are memoised on the character vector
family	ITPR_family	gap_lo	1	1	calibrated	0	ER	0	1					monotone decreasing	1e-06	the character is invariant, so there is no transition to estimate; the likelihood is monotone decreasing in the loss rate and its maximum is at the boundary (1e-06)	one row per distinct character; the fits are memoised on the character vector
family	ITPR_family	gap_lo	1	1	calibrated	0	ARD	0	2					monotone decreasing	1e-06	the character is invariant, so there is no transition to estimate; the likelihood is monotone decreasing in the loss rate and its maximum is at the boundary (1e-06); the gain rate is monotone increasing to the grid's own edge, so the pair is not identified	one row per distinct character; the fits are memoised on the character vector
family	ITPR_family	gap_lo	1	1	calibrated	0	irreversible	0	1					monotone decreasing	1e-06	the character is invariant, so there is no transition to estimate; the likelihood is monotone decreasing in the loss rate and its maximum is at the boundary (1e-06)	one row per distinct character; the fits are memoised on the character vector
paralog	ITPR2	gap_lo	1	1	calibrated	0	ER	0	1					monotone decreasing	1e-06	the character is invariant, so there is no transition to estimate; the likelihood is monotone decreasing in the loss rate and its maximum is at the boundary (1e-06)	one row per distinct character; the fits are memoised on the character vector
paralog	ITPR2	gap_lo	1	1	calibrated	0	ARD	0	2					monotone decreasing	1e-06	the character is invariant, so there is no transition to estimate; the likelihood is monotone decreasing in the loss rate and its maximum is at the boundary (1e-06); the gain rate is monotone increasing to the grid's own edge, so the pair is not identified	one row per distinct character; the fits are memoised on the character vector
paralog	ITPR2	gap_lo	1	1	calibrated	0	irreversible	0	1					monotone decreasing	1e-06	the character is invariant, so there is no transition to estimate; the likelihood is monotone decreasing in the loss rate and its maximum is at the boundary (1e-06)	one row per distinct character; the fits are memoised on the character vector
paralog	ITPR2	gap_lo	0	1	calibrated	2	ER	1	1	3.149e-05	3.149e-05	-6.7378	15.4756				one row per distinct character; the fits are memoised on the character vector
paralog	ITPR2	gap_lo	0	1	calibrated	2	ARD	1	2	0.00099469	0.152681	-12.0738	28.1477				one row per distinct character; the fits are memoised on the character vector
paralog	ITPR2	gap_lo	0	1	calibrated	2	irreversible	1	1	3.321e-05	0	-6.6651	15.3301				one row per distinct character; the fits are memoised on the character vector
paralog	ITPR1	recon_half	1	1	calibrated	0	ER	0	1					monotone decreasing	1e-06	the character is invariant, so there is no transition to estimate; the likelihood is monotone decreasing in the loss rate and its maximum is at the boundary (1e-06)	one row per distinct character; the fits are memoised on the character vector
paralog	ITPR1	recon_half	1	1	calibrated	0	ARD	0	2					monotone decreasing	1e-06	the character is invariant, so there is no transition to estimate; the likelihood is monotone decreasing in the loss rate and its maximum is at the boundary (1e-06); the gain rate is monotone increasing to the grid's own edge, so the pair is not identified	one row per distinct character; the fits are memoised on the character vector
paralog	ITPR1	recon_half	1	1	calibrated	0	irreversible	0	1					monotone decreasing	1e-06	the character is invariant, so there is no transition to estimate; the likelihood is monotone decreasing in the loss rate and its maximum is at the boundary (1e-06)	one row per distinct character; the fits are memoised on the character vector
paralog	ITPR2	recon_half	1	1	calibrated	0	ER	0	1					monotone decreasing	1e-06	the character is invariant, so there is no transition to estimate; the likelihood is monotone decreasing in the loss rate and its maximum is at the boundary (1e-06)	one row per distinct character; the fits are memoised on the character vector
paralog	ITPR2	recon_half	1	1	calibrated	0	ARD	0	2					monotone decreasing	1e-06	the character is invariant, so there is no transition to estimate; the likelihood is monotone decreasing in the loss rate and its maximum is at the boundary (1e-06); the gain rate is monotone increasing to the grid's own edge, so the pair is not identified	one row per distinct character; the fits are memoised on the character vector
paralog	ITPR2	recon_half	1	1	calibrated	0	irreversible	0	1					monotone decreasing	1e-06	the character is invariant, so there is no transition to estimate; the likelihood is monotone decreasing in the loss rate and its maximum is at the boundary (1e-06)	one row per distinct character; the fits are memoised on the character vector
paralog	ITPR3	recon_half	1	1	calibrated	0	ER	0	1					monotone decreasing	1e-06	the character is invariant, so there is no transition to estimate; the likelihood is monotone decreasing in the loss rate and its maximum is at the boundary (1e-06)	one row per distinct character; the fits are memoised on the character vector
paralog	ITPR3	recon_half	1	1	calibrated	0	ARD	0	2					monotone decreasing	1e-06	the character is invariant, so there is no transition to estimate; the likelihood is monotone decreasing in the loss rate and its maximum is at the boundary (1e-06); the gain rate is monotone increasing to the grid's own edge, so the pair is not identified	one row per distinct character; the fits are memoised on the character vector
paralog	ITPR3	recon_half	1	1	calibrated	0	irreversible	0	1					monotone decreasing	1e-06	the character is invariant, so there is no transition to estimate; the likelihood is monotone decreasing in the loss rate and its maximum is at the boundary (1e-06)	one row per distinct character; the fits are memoised on the character vector
paralog	ITPR1	recon_half	1	0	calibrated	1	ER	1	1	3.068e-05	3.068e-05	-8.0054	18.0107				one row per distinct character; the fits are memoised on the character vector
paralog	ITPR1	recon_half	1	0	calibrated	1	ARD	1	2	0.001	0.303	-6.7154	17.4308				one row per distinct character; the fits are memoised on the character vector
paralog	ITPR1	recon_half	1	0	calibrated	1	irreversible	1	1	3.057e-05	0	-7.3134	16.6269				one row per distinct character; the fits are memoised on the character vector
paralog	ITPR2	recon_half	1	0	calibrated	1	ER	1	1	3.179e-05	3.179e-05	-8.4606	18.9213				one row per distinct character; the fits are memoised on the character vector
paralog	ITPR2	recon_half	1	0	calibrated	1	ARD	1	2	0.001	0.305	-6.7219	17.4439				one row per distinct character; the fits are memoised on the character vector
paralog	ITPR2	recon_half	1	0	calibrated	1	irreversible	1	1	3.158e-05	0	-7.7722	17.5443				one row per distinct character; the fits are memoised on the character vector
paralog	ITPR3	recon_half	1	0	calibrated	1	ER	1	1	3.164e-05	3.164e-05	-8.262	18.5241				one row per distinct character; the fits are memoised on the character vector
paralog	ITPR3	recon_half	1	0	calibrated	1	ARD	1	2	0.001	0.305	-6.7219	17.4439				one row per distinct character; the fits are memoised on the character vector
paralog	ITPR3	recon_half	1	0	calibrated	1	irreversible	1	1	3.141e-05	0	-7.5741	17.1482				one row per distinct character; the fits are memoised on the character vector
paralog	ITPR2	recon_half	0	1	calibrated	2	ER	1	1	3.173e-05	3.173e-05	-6.7302	15.4604				one row per distinct character; the fits are memoised on the character vector
paralog	ITPR2	recon_half	0	1	calibrated	2	ARD	1	2	0.00099441	0.151642	-12.0608	28.1216				one row per distinct character; the fits are memoised on the character vector
paralog	ITPR2	recon_half	0	1	calibrated	2	irreversible	1	1	3.348e-05	0	-6.657	15.314				one row per distinct character; the fits are memoised on the character vector
paralog	ITPR3	recon_half	0	1	calibrated	2	ER	1	1	3.156e-05	3.156e-05	-6.7354	15.4707				one row per distinct character; the fits are memoised on the character vector
paralog	ITPR3	recon_half	0	1	calibrated	2	ARD	1	2	0.00099443	0.151645	-12.0608	28.1216				one row per distinct character; the fits are memoised on the character vector
paralog	ITPR3	recon_half	0	1	calibrated	2	irreversible	1	1	3.33e-05	0	-6.6625	15.325				one row per distinct character; the fits are memoised on the character vector
paralog	ITPR1	recon_half	0	0	calibrated	6	ER	1	1	0.0001872	0.0001872	-36.5179	75.0357				one row per distinct character; the fits are memoised on the character vector
paralog	ITPR1	recon_half	0	0	calibrated	6	ARD	1	2	0.00051575	0.054112	-27.9348	59.8697				one row per distinct character; the fits are memoised on the character vector
paralog	ITPR1	recon_half	0	0	calibrated	6	irreversible	1	1	0.00018295	0	-35.8816	73.7631				one row per distinct character; the fits are memoised on the character vector
paralog	ITPR2	recon_half	0	0	calibrated	4	ER	1	1	9.513e-05	9.513e-05	-17.2494	36.4988				one row per distinct character; the fits are memoised on the character vector
paralog	ITPR2	recon_half	0	0	calibrated	4	ARD	1	2	0.00100968	0.076673	-21.3616	46.7232				one row per distinct character; the fits are memoised on the character vector
paralog	ITPR2	recon_half	0	0	calibrated	4	irreversible	1	1	9.905e-05	0	-17.0753	36.1506				one row per distinct character; the fits are memoised on the character vector
paralog	ITPR3	recon_half	0	0	calibrated	4	ER	1	1	9.521e-05	9.521e-05	-18.8639	39.7278				one row per distinct character; the fits are memoised on the character vector
paralog	ITPR3	recon_half	0	0	calibrated	4	ARD	1	2	0.00117445	0.0893979	-21.3649	46.7298				one row per distinct character; the fits are memoised on the character vector
paralog	ITPR3	recon_half	0	0	calibrated	4	irreversible	1	1	9.879e-05	0	-18.7	39.4001				one row per distinct character; the fits are memoised on the character vector
paralog	ITPR1	recon_strict	1	1	calibrated	0	ER	0	1					monotone decreasing	1e-06	the character is invariant, so there is no transition to estimate; the likelihood is monotone decreasing in the loss rate and its maximum is at the boundary (1e-06)	one row per distinct character; the fits are memoised on the character vector
paralog	ITPR1	recon_strict	1	1	calibrated	0	ARD	0	2					monotone decreasing	1e-06	the character is invariant, so there is no transition to estimate; the likelihood is monotone decreasing in the loss rate and its maximum is at the boundary (1e-06); the gain rate is monotone increasing to the grid's own edge, so the pair is not identified	one row per distinct character; the fits are memoised on the character vector
paralog	ITPR1	recon_strict	1	1	calibrated	0	irreversible	0	1					monotone decreasing	1e-06	the character is invariant, so there is no transition to estimate; the likelihood is monotone decreasing in the loss rate and its maximum is at the boundary (1e-06)	one row per distinct character; the fits are memoised on the character vector
paralog	ITPR2	recon_strict	1	1	calibrated	1	ER	1	1	3.208e-05	3.208e-05	-7.3122	16.6244				one row per distinct character; the fits are memoised on the character vector
paralog	ITPR2	recon_strict	1	1	calibrated	1	ARD	1	2	0.001	0.3	-6.7054	17.4109				one row per distinct character; the fits are memoised on the character vector
paralog	ITPR2	recon_strict	1	1	calibrated	1	irreversible	1	1	3.184e-05	0	-6.6244	15.2487				one row per distinct character; the fits are memoised on the character vector
paralog	ITPR3	recon_strict	1	1	calibrated	0	ER	0	1					monotone decreasing	1e-06	the character is invariant, so there is no transition to estimate; the likelihood is monotone decreasing in the loss rate and its maximum is at the boundary (1e-06)	one row per distinct character; the fits are memoised on the character vector
paralog	ITPR3	recon_strict	1	1	calibrated	0	ARD	0	2					monotone decreasing	1e-06	the character is invariant, so there is no transition to estimate; the likelihood is monotone decreasing in the loss rate and its maximum is at the boundary (1e-06); the gain rate is monotone increasing to the grid's own edge, so the pair is not identified	one row per distinct character; the fits are memoised on the character vector
paralog	ITPR3	recon_strict	1	1	calibrated	0	irreversible	0	1					monotone decreasing	1e-06	the character is invariant, so there is no transition to estimate; the likelihood is monotone decreasing in the loss rate and its maximum is at the boundary (1e-06)	one row per distinct character; the fits are memoised on the character vector
paralog	ITPR1	recon_strict	1	0	calibrated	7	ER	1	1	0.00022089	0.00022089	-41.3637	84.7275				one row per distinct character; the fits are memoised on the character vector
paralog	ITPR1	recon_strict	1	0	calibrated	7	ARD	1	2	0.0010345	0.0539266	-32.9703	69.9406				one row per distinct character; the fits are memoised on the character vector
paralog	ITPR1	recon_strict	1	0	calibrated	7	irreversible	1	1	0.00021472	0	-40.7563	83.5127				one row per distinct character; the fits are memoised on the character vector
paralog	ITPR2	recon_strict	1	0	calibrated	6	ER	1	1	0.00019537	0.00019537	-34.4398	70.8795				one row per distinct character; the fits are memoised on the character vector
paralog	ITPR2	recon_strict	1	0	calibrated	6	ARD	1	2	0.00196321	0.0980813	-29.54	63.0799				one row per distinct character; the fits are memoised on the character vector
paralog	ITPR2	recon_strict	1	0	calibrated	6	irreversible	1	1	0.00019038	0	-33.8239	69.6478				one row per distinct character; the fits are memoised on the character vector
paralog	ITPR3	recon_strict	1	0	calibrated	7	ER	1	1	0.00022791	0.00022791	-41.2011	84.4021				one row per distinct character; the fits are memoised on the character vector
paralog	ITPR3	recon_strict	1	0	calibrated	7	ARD	1	2	0.00247871	0.105483	-33.3517	70.7033				one row per distinct character; the fits are memoised on the character vector
paralog	ITPR3	recon_strict	1	0	calibrated	7	irreversible	1	1	0.00022083	0	-40.6216	83.2432				one row per distinct character; the fits are memoised on the character vector
paralog	ITPR2	recon_strict	0	1	calibrated	3	ER	1	1	6.419e-05	6.419e-05	-11.9544	25.9088				one row per distinct character; the fits are memoised on the character vector
paralog	ITPR2	recon_strict	0	1	calibrated	3	ARD	1	2	0.00083557	0.083359	-16.823	37.646				one row per distinct character; the fits are memoised on the character vector
paralog	ITPR2	recon_strict	0	1	calibrated	3	irreversible	1	1	6.715e-05	0	-11.8312	25.6624				one row per distinct character; the fits are memoised on the character vector
paralog	ITPR3	recon_strict	0	1	calibrated	2	ER	1	1	3.181e-05	3.181e-05	-6.7275	15.455				one row per distinct character; the fits are memoised on the character vector
paralog	ITPR3	recon_strict	0	1	calibrated	2	ARD	1	2	0.00099469	0.148204	-12.0145	28.0291				one row per distinct character; the fits are memoised on the character vector
paralog	ITPR3	recon_strict	0	1	calibrated	2	irreversible	1	1	3.358e-05	0	-6.6542	15.3084				one row per distinct character; the fits are memoised on the character vector
paralog	ITPR1	recon_strict	0	0	calibrated	12	ER	1	1	0.00038595	0.00038595	-63.9109	129.822				one row per distinct character; the fits are memoised on the character vector
paralog	ITPR1	recon_strict	0	0	calibrated	12	ARD	1	2	0.00045	0.0406553	-42.8342	89.6684				one row per distinct character; the fits are memoised on the character vector
paralog	ITPR1	recon_strict	0	0	calibrated	12	irreversible	1	1	0.0003671	0	-63.8774	129.755				one row per distinct character; the fits are memoised on the character vector
paralog	ITPR2	recon_strict	0	0	calibrated	9	ER	1	1	0.00025925	0.00025925	-40.6531	83.3062				one row per distinct character; the fits are memoised on the character vector
paralog	ITPR2	recon_strict	0	0	calibrated	9	ARD	1	2	0.0023519	0.0781311	-40.7178	85.4357				one row per distinct character; the fits are memoised on the character vector
paralog	ITPR2	recon_strict	0	0	calibrated	9	irreversible	1	1	0.0002613	0	-40.3473	82.6946				one row per distinct character; the fits are memoised on the character vector
paralog	ITPR3	recon_strict	0	0	calibrated	11	ER	1	1	0.00032685	0.00032685	-53.734	109.468				one row per distinct character; the fits are memoised on the character vector
paralog	ITPR3	recon_strict	0	0	calibrated	11	ARD	1	2	0.00238583	0.0671808	-47.3327	98.6653				one row per distinct character; the fits are memoised on the character vector
paralog	ITPR3	recon_strict	0	0	calibrated	11	irreversible	1	1	0.0003241	0	-53.4621	108.924				one row per distinct character; the fits are memoised on the character vector
paralog	ITPR1	no_recon	1	1	calibrated	0	ER	0	1					monotone decreasing	1e-06	the character is invariant, so there is no transition to estimate; the likelihood is monotone decreasing in the loss rate and its maximum is at the boundary (1e-06)	one row per distinct character; the fits are memoised on the character vector
paralog	ITPR1	no_recon	1	1	calibrated	0	ARD	0	2					monotone decreasing	1e-06	the character is invariant, so there is no transition to estimate; the likelihood is monotone decreasing in the loss rate and its maximum is at the boundary (1e-06); the gain rate is monotone increasing to the grid's own edge, so the pair is not identified	one row per distinct character; the fits are memoised on the character vector
paralog	ITPR1	no_recon	1	1	calibrated	0	irreversible	0	1					monotone decreasing	1e-06	the character is invariant, so there is no transition to estimate; the likelihood is monotone decreasing in the loss rate and its maximum is at the boundary (1e-06)	one row per distinct character; the fits are memoised on the character vector
paralog	ITPR2	no_recon	1	1	calibrated	1	ER	1	1	3.254e-05	3.254e-05	-7.2979	16.5959				one row per distinct character; the fits are memoised on the character vector
paralog	ITPR2	no_recon	1	1	calibrated	1	ARD	1	2	0.001	0.290999	-6.675	17.3501				one row per distinct character; the fits are memoised on the character vector
paralog	ITPR2	no_recon	1	1	calibrated	1	irreversible	1	1	3.23e-05	0	-6.6102	15.2204				one row per distinct character; the fits are memoised on the character vector
paralog	ITPR3	no_recon	1	1	calibrated	0	ER	0	1					monotone decreasing	1e-06	the character is invariant, so there is no transition to estimate; the likelihood is monotone decreasing in the loss rate and its maximum is at the boundary (1e-06)	one row per distinct character; the fits are memoised on the character vector
paralog	ITPR3	no_recon	1	1	calibrated	0	ARD	0	2					monotone decreasing	1e-06	the character is invariant, so there is no transition to estimate; the likelihood is monotone decreasing in the loss rate and its maximum is at the boundary (1e-06); the gain rate is monotone increasing to the grid's own edge, so the pair is not identified	one row per distinct character; the fits are memoised on the character vector
paralog	ITPR3	no_recon	1	1	calibrated	0	irreversible	0	1					monotone decreasing	1e-06	the character is invariant, so there is no transition to estimate; the likelihood is monotone decreasing in the loss rate and its maximum is at the boundary (1e-06)	one row per distinct character; the fits are memoised on the character vector
paralog	ITPR1	no_recon	1	0	calibrated	12	ER	1	1	0.00038865	0.00038865	-63.8255	129.651				one row per distinct character; the fits are memoised on the character vector
paralog	ITPR1	no_recon	1	0	calibrated	12	ARD	1	2	0.00033414	0.0388727	-45.0236	94.0472				one row per distinct character; the fits are memoised on the character vector
paralog	ITPR1	no_recon	1	0	calibrated	12	irreversible	1	1	0.0003691	0	-63.806	129.612				one row per distinct character; the fits are memoised on the character vector
paralog	ITPR2	no_recon	1	0	calibrated	14	ER	1	1	0.00047476	0.00047476	-67.7548	137.51				one row per distinct character; the fits are memoised on the character vector
paralog	ITPR2	no_recon	1	0	calibrated	14	ARD	1	2	0.00211731	0.0452394	-56.8599	117.72				one row per distinct character; the fits are memoised on the character vector
paralog	ITPR2	no_recon	1	0	calibrated	14	irreversible	1	1	0.00044766	0	-67.4233	136.846				one row per distinct character; the fits are memoised on the character vector
paralog	ITPR3	no_recon	1	0	calibrated	8	ER	1	1	0.00026166	0.00026166	-45.5406	93.0811				one row per distinct character; the fits are memoised on the character vector
paralog	ITPR3	no_recon	1	0	calibrated	8	ARD	1	2	0.00274389	0.101813	-37.0354	78.0708				one row per distinct character; the fits are memoised on the character vector
paralog	ITPR3	no_recon	1	0	calibrated	8	irreversible	1	1	0.00025259	0	-44.9882	91.9763				one row per distinct character; the fits are memoised on the character vector
paralog	ITPR2	no_recon	0	1	calibrated	3	ER	1	1	6.511e-05	6.511e-05	-11.9259	25.8518				one row per distinct character; the fits are memoised on the character vector
paralog	ITPR2	no_recon	0	1	calibrated	3	ARD	1	2	0.00078593	0.0759338	-16.7271	37.4542				one row per distinct character; the fits are memoised on the character vector
paralog	ITPR2	no_recon	0	1	calibrated	3	irreversible	1	1	6.815e-05	0	-11.8013	25.6026				one row per distinct character; the fits are memoised on the character vector
paralog	ITPR3	no_recon	0	1	calibrated	2	ER	1	1	3.187e-05	3.187e-05	-6.7258	15.4516				one row per distinct character; the fits are memoised on the character vector
paralog	ITPR3	no_recon	0	1	calibrated	2	ARD	1	2	0.00099452	0.147682	-12.0078	28.0156				one row per distinct character; the fits are memoised on the character vector
paralog	ITPR3	no_recon	0	1	calibrated	2	irreversible	1	1	3.364e-05	0	-6.6524	15.3048				one row per distinct character; the fits are memoised on the character vector
paralog	ITPR1	no_recon	0	0	calibrated	17	ER	1	1	0.00049079	0.00049079	-77.0865	156.173				one row per distinct character; the fits are memoised on the character vector
paralog	ITPR1	no_recon	0	0	calibrated	17	ARD	1	2	0.0002937	0.0335747	-52.2882	108.576				one row per distinct character; the fits are memoised on the character vector
paralog	ITPR1	no_recon	0	0	calibrated	17	irreversible	1	1	0.00052149	0	-84.7787	171.557				one row per distinct character; the fits are memoised on the character vector
paralog	ITPR2	no_recon	0	0	calibrated	18	ER	1	1	0.00057409	0.00057409	-76.2916	154.583				one row per distinct character; the fits are memoised on the character vector
paralog	ITPR2	no_recon	0	0	calibrated	18	ARD	1	2	0.00191435	0.0344093	-68.0402	140.081				one row per distinct character; the fits are memoised on the character vector
paralog	ITPR2	no_recon	0	0	calibrated	18	irreversible	1	1	0.00055123	0	-76.0615	154.123				one row per distinct character; the fits are memoised on the character vector
paralog	ITPR3	no_recon	0	0	calibrated	12	ER	1	1	0.00036108	0.00036108	-57.733	117.466				one row per distinct character; the fits are memoised on the character vector
paralog	ITPR3	no_recon	0	0	calibrated	12	ARD	1	2	0.00270979	0.0689665	-50.6202	105.24				one row per distinct character; the fits are memoised on the character vector
paralog	ITPR3	no_recon	0	0	calibrated	12	irreversible	1	1	0.00035616	0	-57.463	116.926				one row per distinct character; the fits are memoised on the character vector
paralog	ITPR2	locus_only	1	1	calibrated	1	ER	1	1	3.285e-05	3.285e-05	-7.2885	16.5769				one row per distinct character; the fits are memoised on the character vector
paralog	ITPR2	locus_only	1	1	calibrated	1	ARD	1	2	0.00099998	0.284995	-6.6542	17.3085				one row per distinct character; the fits are memoised on the character vector
paralog	ITPR2	locus_only	1	1	calibrated	1	irreversible	1	1	3.26e-05	0	-6.6008	15.2016				one row per distinct character; the fits are memoised on the character vector
paralog	ITPR3	locus_only	1	1	calibrated	0	ER	0	1					monotone decreasing	1e-06	the character is invariant, so there is no transition to estimate; the likelihood is monotone decreasing in the loss rate and its maximum is at the boundary (1e-06)	one row per distinct character; the fits are memoised on the character vector
paralog	ITPR3	locus_only	1	1	calibrated	0	ARD	0	2					monotone decreasing	1e-06	the character is invariant, so there is no transition to estimate; the likelihood is monotone decreasing in the loss rate and its maximum is at the boundary (1e-06); the gain rate is monotone increasing to the grid's own edge, so the pair is not identified	one row per distinct character; the fits are memoised on the character vector
paralog	ITPR3	locus_only	1	1	calibrated	0	irreversible	0	1					monotone decreasing	1e-06	the character is invariant, so there is no transition to estimate; the likelihood is monotone decreasing in the loss rate and its maximum is at the boundary (1e-06)	one row per distinct character; the fits are memoised on the character vector
paralog	ITPR2	locus_only	1	0	calibrated	19	ER	1	1	0.00066442	0.00066442	-85.8473	173.695				one row per distinct character; the fits are memoised on the character vector
paralog	ITPR2	locus_only	1	0	calibrated	19	ARD	1	2	0.00128081	0.0293218	-70.8268	145.654				one row per distinct character; the fits are memoised on the character vector
paralog	ITPR2	locus_only	1	0	calibrated	19	irreversible	1	1	0.00061088	0	-85.8482	173.696				one row per distinct character; the fits are memoised on the character vector
paralog	ITPR3	locus_only	1	0	calibrated	8	ER	1	1	0.00026226	0.00026226	-45.5227	93.0455				one row per distinct character; the fits are memoised on the character vector
paralog	ITPR3	locus_only	1	0	calibrated	8	ARD	1	2	0.00275239	0.101784	-37.0088	78.0175				one row per distinct character; the fits are memoised on the character vector
paralog	ITPR3	locus_only	1	0	calibrated	8	irreversible	1	1	0.00025314	0	-44.9708	91.9416				one row per distinct character; the fits are memoised on the character vector
paralog	ITPR2	locus_only	0	1	calibrated	3	ER	1	1	6.574e-05	6.574e-05	-11.907	25.814				one row per distinct character; the fits are memoised on the character vector
paralog	ITPR2	locus_only	0	1	calibrated	3	ARD	1	2	0.00074484	0.0703506	-16.6592	37.3185				one row per distinct character; the fits are memoised on the character vector
paralog	ITPR2	locus_only	0	1	calibrated	3	irreversible	1	1	6.882e-05	0	-11.7815	25.563				one row per distinct character; the fits are memoised on the character vector
paralog	ITPR3	locus_only	0	1	calibrated	3	ER	1	1	6.398e-05	6.398e-05	-12.4635	26.927				one row per distinct character; the fits are memoised on the character vector
paralog	ITPR3	locus_only	0	1	calibrated	3	ARD	1	2	0.00084615	0.0833117	-16.7838	37.5676				one row per distinct character; the fits are memoised on the character vector
paralog	ITPR3	locus_only	0	1	calibrated	3	irreversible	1	1	6.698e-05	0	-12.3387	26.6773				one row per distinct character; the fits are memoised on the character vector
paralog	ITPR2	locus_only	0	0	calibrated	24	ER	1	1	0.00080308	0.00080308	-96.8329	195.666				one row per distinct character; the fits are memoised on the character vector
paralog	ITPR2	locus_only	0	0	calibrated	24	ARD	1	2	0.00231469	0.0321618	-84.0732	172.146				one row per distinct character; the fits are memoised on the character vector
paralog	ITPR2	locus_only	0	0	calibrated	24	irreversible	1	1	0.00074525	0	-96.8997	195.799				one row per distinct character; the fits are memoised on the character vector
paralog	ITPR3	locus_only	0	0	calibrated	13	ER	1	1	0.00039569	0.00039569	-61.3836	124.767				one row per distinct character; the fits are memoised on the character vector
paralog	ITPR3	locus_only	0	0	calibrated	13	ARD	1	2	0.00301617	0.0701367	-53.8109	111.622				one row per distinct character; the fits are memoised on the character vector
paralog	ITPR3	locus_only	0	0	calibrated	13	irreversible	1	1	0.00038831	0	-61.1186	124.237				one row per distinct character; the fits are memoised on the character vector
family	ITPR_family	full_locus_only	1	1	calibrated	0	ER	0	1					monotone decreasing	1e-06	the character is invariant, so there is no transition to estimate; the likelihood is monotone decreasing in the loss rate and its maximum is at the boundary (1e-06)	one row per distinct character; the fits are memoised on the character vector
family	ITPR_family	full_locus_only	1	1	calibrated	0	ARD	0	2					monotone decreasing	1e-06	the character is invariant, so there is no transition to estimate; the likelihood is monotone decreasing in the loss rate and its maximum is at the boundary (1e-06); the gain rate is monotone increasing to the grid's own edge, so the pair is not identified	one row per distinct character; the fits are memoised on the character vector
family	ITPR_family	full_locus_only	1	1	calibrated	0	irreversible	0	1					monotone decreasing	1e-06	the character is invariant, so there is no transition to estimate; the likelihood is monotone decreasing in the loss rate and its maximum is at the boundary (1e-06)	one row per distinct character; the fits are memoised on the character vector
paralog	ITPR1	full_locus_only	1	1	calibrated	0	ER	0	1					monotone decreasing	1e-06	the character is invariant, so there is no transition to estimate; the likelihood is monotone decreasing in the loss rate and its maximum is at the boundary (1e-06)	one row per distinct character; the fits are memoised on the character vector
paralog	ITPR1	full_locus_only	1	1	calibrated	0	ARD	0	2					monotone decreasing	1e-06	the character is invariant, so there is no transition to estimate; the likelihood is monotone decreasing in the loss rate and its maximum is at the boundary (1e-06); the gain rate is monotone increasing to the grid's own edge, so the pair is not identified	one row per distinct character; the fits are memoised on the character vector
paralog	ITPR1	full_locus_only	1	1	calibrated	0	irreversible	0	1					monotone decreasing	1e-06	the character is invariant, so there is no transition to estimate; the likelihood is monotone decreasing in the loss rate and its maximum is at the boundary (1e-06)	one row per distinct character; the fits are memoised on the character vector
paralog	ITPR2	full_locus_only	1	1	calibrated	1	ER	1	1	3.465e-05	3.465e-05	-6.8299	15.6597				one row per distinct character; the fits are memoised on the character vector
paralog	ITPR2	full_locus_only	1	1	calibrated	1	ARD	1	2	0.00099995	0.252987	-6.5354	17.0707				one row per distinct character; the fits are memoised on the character vector
paralog	ITPR2	full_locus_only	1	1	calibrated	1	irreversible	1	1	3.443e-05	0	-6.1407	14.2813				one row per distinct character; the fits are memoised on the character vector
paralog	ITPR3	full_locus_only	1	1	calibrated	0	ER	0	1					monotone decreasing	1e-06	the character is invariant, so there is no transition to estimate; the likelihood is monotone decreasing in the loss rate and its maximum is at the boundary (1e-06)	one row per distinct character; the fits are memoised on the character vector
paralog	ITPR3	full_locus_only	1	1	calibrated	0	ARD	0	2					monotone decreasing	1e-06	the character is invariant, so there is no transition to estimate; the likelihood is monotone decreasing in the loss rate and its maximum is at the boundary (1e-06); the gain rate is monotone increasing to the grid's own edge, so the pair is not identified	one row per distinct character; the fits are memoised on the character vector
paralog	ITPR3	full_locus_only	1	1	calibrated	0	irreversible	0	1					monotone decreasing	1e-06	the character is invariant, so there is no transition to estimate; the likelihood is monotone decreasing in the loss rate and its maximum is at the boundary (1e-06)	one row per distinct character; the fits are memoised on the character vector
family	ITPR_family	full_locus_only	1	0	calibrated	1	ER	1	1	3.056e-05	3.056e-05	-7.3606	16.7212				one row per distinct character; the fits are memoised on the character vector
family	ITPR_family	full_locus_only	1	0	calibrated	1	ARD	1	2	0.001	0.308	-6.7317	17.4634				one row per distinct character; the fits are memoised on the character vector
family	ITPR_family	full_locus_only	1	0	calibrated	1	irreversible	1	1	3.043e-05	0	-6.6696	15.3392				one row per distinct character; the fits are memoised on the character vector
paralog	ITPR1	full_locus_only	1	0	calibrated	20	ER	1	1	0.00067644	0.00067644	-90.4341	182.868				one row per distinct character; the fits are memoised on the character vector
paralog	ITPR1	full_locus_only	1	0	calibrated	20	ARD	1	2	0.00055122	0.0306044	-61.9905	127.981				one row per distinct character; the fits are memoised on the character vector
paralog	ITPR1	full_locus_only	1	0	calibrated	20	irreversible	1	1	0.00064483	0	-94.0743	190.149				one row per distinct character; the fits are memoised on the character vector
paralog	ITPR2	full_locus_only	1	0	calibrated	28	ER	1	1	0.0009691	0.0009691	-107.378	216.756				one row per distinct character; the fits are memoised on the character vector
paralog	ITPR2	full_locus_only	1	0	calibrated	28	ARD	1	2	0.0009504	0.0260759	-86.3785	176.757				one row per distinct character; the fits are memoised on the character vector
paralog	ITPR2	full_locus_only	1	0	calibrated	28	irreversible	1	1	0.000855	0	-107.931	217.863				one row per distinct character; the fits are memoised on the character vector
paralog	ITPR3	full_locus_only	1	0	calibrated	13	ER	1	1	0.00045894	0.00045894	-65.0543	132.109				one row per distinct character; the fits are memoised on the character vector
paralog	ITPR3	full_locus_only	1	0	calibrated	13	ARD	1	2	0.00420721	0.086983	-52.7267	109.453				one row per distinct character; the fits are memoised on the character vector
paralog	ITPR3	full_locus_only	1	0	calibrated	13	irreversible	1	1	0.00043084	0	-64.759	131.518				one row per distinct character; the fits are memoised on the character vector
paralog	ITPR1	full_locus_only	0	1	calibrated	1	ER	1	1	3.278e-05	3.278e-05	-7.4105	16.8209				one row per distinct character; the fits are memoised on the character vector
paralog	ITPR1	full_locus_only	0	1	calibrated	1	ARD	1	2	0.001	0.261	-6.5664	17.1329				one row per distinct character; the fits are memoised on the character vector
paralog	ITPR1	full_locus_only	0	1	calibrated	1	irreversible	1	1	3.262e-05	0	-6.7197	15.4394				one row per distinct character; the fits are memoised on the character vector
paralog	ITPR2	full_locus_only	0	1	calibrated	4	ER	1	1	0.00010427	0.00010427	-16.1475	34.295				one row per distinct character; the fits are memoised on the character vector
paralog	ITPR2	full_locus_only	0	1	calibrated	4	ARD	1	2	0.00010042	0.00031127	-15.9018	35.8035				one row per distinct character; the fits are memoised on the character vector
paralog	ITPR2	full_locus_only	0	1	calibrated	4	irreversible	1	1	0.00010853	0	-15.9683	33.9366				one row per distinct character; the fits are memoised on the character vector
paralog	ITPR3	full_locus_only	0	1	calibrated	4	ER	1	1	0.00010129	0.00010129	-17.1415	36.283				one row per distinct character; the fits are memoised on the character vector
paralog	ITPR3	full_locus_only	0	1	calibrated	4	ARD	1	2	9.758e-05	0.00031125	-16.8873	37.7746				one row per distinct character; the fits are memoised on the character vector
paralog	ITPR3	full_locus_only	0	1	calibrated	4	irreversible	1	1	0.00010528	0	-16.9686	35.9371				one row per distinct character; the fits are memoised on the character vector
paralog	ITPR1	full_locus_only	0	0	calibrated	48	ER	1	1	0.00142645	0.00142645	-146.66	295.319				one row per distinct character; the fits are memoised on the character vector
paralog	ITPR1	full_locus_only	0	0	calibrated	48	ARD	1	2	0.00141309	0.0226844	-112.178	228.356				one row per distinct character; the fits are memoised on the character vector
paralog	ITPR1	full_locus_only	0	0	calibrated	48	irreversible	1	1	0.00129992	0	-161.766	325.532				one row per distinct character; the fits are memoised on the character vector
paralog	ITPR2	full_locus_only	0	0	calibrated	56	ER	1	1	0.00189329	0.00189329	-161.604	325.209				one row per distinct character; the fits are memoised on the character vector
paralog	ITPR2	full_locus_only	0	0	calibrated	56	ARD	1	2	0.00156096	0.0196997	-131.566	267.132				one row per distinct character; the fits are memoised on the character vector
paralog	ITPR2	full_locus_only	0	0	calibrated	56	irreversible	1	1	0.00154357	0	-167.803	337.606				one row per distinct character; the fits are memoised on the character vector
paralog	ITPR3	full_locus_only	0	0	calibrated	40	ER	1	1	0.00123379	0.00123379	-129.317	260.634				one row per distinct character; the fits are memoised on the character vector
paralog	ITPR3	full_locus_only	0	0	calibrated	40	ARD	1	2	0.00288817	0.0310427	-112.948	229.896				one row per distinct character; the fits are memoised on the character vector
paralog	ITPR3	full_locus_only	0	0	calibrated	40	irreversible	1	1	0.00108071	0	-130.949	263.899				one row per distinct character; the fits are memoised on the character vector
