accession	assignment	confidence	evidence	reason	itpr_score	ryr_score	score_margin	rel_margin	itpr_evalue	ryr_evalue	best_evalue	itpr_coverage	ryr_coverage	itpr_positions	ryr_positions	target_coverage	length	gene	species	taxon_id	reviewed	protein_name	group
A0A023B3J3	unassigned	none	module	ryr.hmm matched only 64 profile positions (< 200) — a shared module, not a family assignment	0.0	47.1	47.1	1.0		3.8e-11	3.8e-11	0.0	0.013	0	64	0.804	153	GNI_111450	Gregarina niphandrodes	110365	0	Calmodulin	protista_other
A0A023B6E0	unassigned	none	module	best profile score 29.4 < 30 bits	0.0	29.4	29.4	1.0		8.2e-06	8.2e-06	0.0	0.011	0	54	0.206	572	GNI_081840	Gregarina niphandrodes	110365	0	non-specific serine/threonine protein kinase	protista_other
A0A023B9C5	unassigned	none	module	ryr.hmm matched only 59 profile positions (< 200) — a shared module, not a family assignment	0.0	46.3	46.3	1.0		6.6e-11	6.6e-11	0.0	0.012	0	59	0.779	149	GNI_051490	Gregarina niphandrodes	110365	0	Calmodulin	protista_other
A0A024FZB1	unassigned	none	module	ryr.hmm matched only 128 profile positions (< 200) — a shared module, not a family assignment	0.0	89.1	89.1	1.0		8.7e-24	8.7e-24	0.0	0.026	0	128	0.244	542	BN9_006290	Albugo candida	65357	0	C3H1-type domain-containing protein	protista_other
A0A024G0L5	unassigned	none	module	ryr.hmm matched only 128 profile positions (< 200) — a shared module, not a family assignment	0.0	88.9	88.9	1.0		9.9e-24	9.9e-24	0.0	0.026	0	128	0.226	583	BN9_006280	Albugo candida	65357	0	C3H1-type domain-containing protein	protista_other
A0A024G471	unassigned	none	module	ryr.hmm matched only 192 profile positions (< 200) — a shared module, not a family assignment	0.0	120.6	120.6	1.0		2.7e-33	2.7e-33	0.0	0.039	0	192	0.04	6854	BN9_024430	Albugo candida	65357	0	B30.2/SPRY domain-containing protein	protista_other
A0A024G476	unassigned	none	module	ryr.hmm matched only 192 profile positions (< 200) — a shared module, not a family assignment	0.0	120.7	120.7	1.0		2.7e-33	2.7e-33	0.0	0.039	0	192	0.04	6830	BN9_024480	Albugo candida	65357	0	B30.2/SPRY domain-containing protein	protista_other
A0A024G4G3	unassigned	none	module	ryr.hmm matched only 192 profile positions (< 200) — a shared module, not a family assignment	0.0	120.6	120.6	1.0		2.8e-33	2.8e-33	0.0	0.039	0	192	0.039	6932	BN9_024400	Albugo candida	65357	0	B30.2/SPRY domain-containing protein	protista_other
A0A024G4G8	unassigned	none	module	ryr.hmm matched only 192 profile positions (< 200) — a shared module, not a family assignment	0.0	120.6	120.6	1.0		2.8e-33	2.8e-33	0.0	0.039	0	192	0.04	6870	BN9_024450	Albugo candida	65357	0	B30.2/SPRY domain-containing protein	protista_other
A0A024G4Q5	unassigned	none	module	ryr.hmm matched only 192 profile positions (< 200) — a shared module, not a family assignment	0.0	120.6	120.6	1.0		2.8e-33	2.8e-33	0.0	0.039	0	192	0.039	6916	BN9_024410	Albugo candida	65357	0	B30.2/SPRY domain-containing protein	protista_other
A0A024G4R0	unassigned	none	module	ryr.hmm matched only 192 profile positions (< 200) — a shared module, not a family assignment	0.0	120.6	120.6	1.0		2.8e-33	2.8e-33	0.0	0.039	0	192	0.04	6859	BN9_024460	Albugo candida	65357	0	B30.2/SPRY domain-containing protein	protista_other
A0A024G513	unassigned	none	module	ryr.hmm matched only 192 profile positions (< 200) — a shared module, not a family assignment	0.0	120.6	120.6	1.0		2.8e-33	2.8e-33	0.0	0.039	0	192	0.04	6911	BN9_024420	Albugo candida	65357	0	B30.2/SPRY domain-containing protein	protista_other
A0A024G518	unassigned	none	module	ryr.hmm matched only 192 profile positions (< 200) — a shared module, not a family assignment	0.0	120.7	120.7	1.0		2.7e-33	2.7e-33	0.0	0.039	0	192	0.04	6825	BN9_024470	Albugo candida	65357	0	B30.2/SPRY domain-containing protein	protista_other
A0A024G5R0	unassigned	none	module	ryr.hmm matched only 192 profile positions (< 200) — a shared module, not a family assignment	0.0	120.6	120.6	1.0		2.8e-33	2.8e-33	0.0	0.039	0	192	0.039	6927	BN9_024390	Albugo candida	65357	0	B30.2/SPRY domain-containing protein	protista_other
A0A024G5R4	unassigned	none	module	ryr.hmm matched only 192 profile positions (< 200) — a shared module, not a family assignment	0.0	120.6	120.6	1.0		2.8e-33	2.8e-33	0.0	0.039	0	192	0.04	6875	BN9_024440	Albugo candida	65357	0	B30.2/SPRY domain-containing protein	protista_other
A0A024G757	unassigned	none	module	ryr.hmm matched only 74 profile positions (< 200) — a shared module, not a family assignment	0.0	56.8	56.8	1.0		4.7e-14	4.7e-14	0.0	0.015	0	74	0.872	149	BN9_032680	Albugo candida	65357	0	Calmodulin	protista_other
A0A024G764	unassigned	none	module	ryr.hmm matched only 74 profile positions (< 200) — a shared module, not a family assignment	0.0	56.0	56.0	1.0		7.9e-14	7.9e-14	0.0	0.015	0	74	0.886	149	BN9_032780	Albugo candida	65357	0	Calmodulin	protista_other
A0A024G7I3	unassigned	none	module	ryr.hmm matched only 64 profile positions (< 200) — a shared module, not a family assignment	0.0	56.8	56.8	1.0		4.7e-14	4.7e-14	0.0	0.013	0	64	0.826	149	BN9_032790	Albugo candida	65357	0	Calmodulin	protista_other
A0A024G845	unassigned	none	module	ryr.hmm matched only 69 profile positions (< 200) — a shared module, not a family assignment	0.0	56.5	56.5	1.0		5.8e-14	5.8e-14	0.0	0.014	0	69	0.879	149	BN9_032710	Albugo candida	65357	0	Calmodulin	protista_other
A0A024G851	unassigned	none	module	ryr.hmm matched only 74 profile positions (< 200) — a shared module, not a family assignment	0.0	60.2	60.2	1.0		4.3e-15	4.3e-15	0.0	0.015	0	74	0.886	149	BN9_032760	Albugo candida	65357	0	Calmodulin	protista_other
A0A024GC57	unassigned	none	module	ryr.hmm matched only 133 profile positions (< 200) — a shared module, not a family assignment	0.0	104.8	104.8	1.0		1.6e-28	1.6e-28	0.0	0.027	0	133	0.042	4652	BN9_052270	Albugo candida	65357	0	B30.2/SPRY domain-containing protein	protista_other
A0A024GCD3	RYR	medium	partial	ryr.hmm wins by 184.0 bits (100.0% of 184.0) over 232 profile positions; no itpr.hmm hit	0.0	184.0	184.0	1.0		2.3e-52	2.3e-52	0.0	0.047	0	232	0.192	1232	BN9_052090	Albugo candida	65357	0	Ryanodine receptor Ryr domain-containing protein	protista_other
A0A024GNR6	unassigned	none	module	ryr.hmm matched only 84 profile positions (< 200) — a shared module, not a family assignment	0.0	33.1	33.1	1.0		6.5e-07	6.5e-07	0.0	0.017	0	84	0.11	770	BN9_092520	Albugo candida	65357	0	Protein kinase domain-containing protein	protista_other
A0A024GRG2	unassigned	none	module	ryr.hmm matched only 104 profile positions (< 200) — a shared module, not a family assignment	0.0	175.4	175.4	1.0		8.5e-50	8.5e-50	0.0	0.021	0	104	0.144	1376	BN9_106320	Albugo candida	65357	0	Polycystin cation channel PKD1/PKD2 domain-containing protein	protista_other
A0A024GRY4	unassigned	none	module	ryr.hmm matched only 104 profile positions (< 200) — a shared module, not a family assignment	0.0	175.5	175.5	1.0		8.5e-50	8.5e-50	0.0	0.021	0	104	0.144	1375	BN9_106330	Albugo candida	65357	0	Polycystin cation channel PKD1/PKD2 domain-containing protein	protista_other
A0A058ZAT2	unassigned	none	module	ryr.hmm matched only 74 profile positions (< 200) — a shared module, not a family assignment	0.0	53.5	53.5	1.0		4.7e-13	4.7e-13	0.0	0.015	0	74	0.872	149	H696_01995	Fonticula alba	691883	0	Calmodulin	protista_other
A0A058ZDJ2	ITPR	high	architecture	itpr.hmm wins by 1886.3 bits (83.0% of 2273.6) over 2421 profile positions	2273.6	387.3	1886.3	0.8297	0	1.3e-113	0	0.902	0.182	2421	897	0.878	3443	H696_01395	Fonticula alba	691883	0	MIR domain-containing protein	protista_other
A0A060RMY7	unassigned	none	module	ryr.hmm matched only 59 profile positions (< 200) — a shared module, not a family assignment	0.0	30.2	30.2	1.0		4.9e-06	4.9e-06	0.0	0.012	0	59	0.685	168	CEN1	Plasmodium reichenowi	5854	0	Centrin-1	protista_other
A0A060RZV6	unassigned	none	module	ryr.hmm matched only 64 profile positions (< 200) — a shared module, not a family assignment	0.0	58.6	58.6	1.0		1.3e-14	1.3e-14	0.0	0.013	0	64	0.846	149	CAM	Plasmodium reichenowi	5854	0	Calmodulin	protista_other
A0A060S388	unassigned	none	module	ryr.hmm matched only 64 profile positions (< 200) — a shared module, not a family assignment	0.0	41.6	41.6	1.0		1.8e-09	1.8e-09	0.0	0.013	0	64	0.224	568	CDPK5	Plasmodium reichenowi	5854	0	non-specific serine/threonine protein kinase	protista_other
A0A061D9K9	unassigned	none	module	ryr.hmm matched only 84 profile positions (< 200) — a shared module, not a family assignment	0.0	40.4	40.4	1.0		4.2e-09	4.2e-09	0.0	0.017	0	84	0.116	709	BBBOND_0311260	Babesia bigemina	5866	0	ATP-dependent RNA helicase	protista_other
A0A061DEQ7	unassigned	none	module	ryr.hmm matched only 54 profile positions (< 200) — a shared module, not a family assignment	0.0	48.8	48.8	1.0		1.2e-11	1.2e-11	0.0	0.011	0	54	0.758	149	BBBOND_0401920	Babesia bigemina	5866	0	Calmodulin	protista_other
A0A061IS45	unassigned	none	module	ryr.hmm matched only 148 profile positions (< 200) — a shared module, not a family assignment	0.0	107.8	107.8	1.0		2.1e-29	2.1e-29	0.0	0.03	0	148	0.102	3660	TRSC58_06815	Trypanosoma rangeli SC58	429131	0	Ubiquitin-protein ligase	protista_other
A0A061IWB1	unassigned	none	module	ryr.hmm matched only 59 profile positions (< 200) — a shared module, not a family assignment	0.0	53.6	53.6	1.0		4.3e-13	4.3e-13	0.0	0.012	0	59	0.779	149	TRSC58_00122	Trypanosoma rangeli SC58	429131	0	Calmodulin	protista_other
A0A061IWK5	unassigned	none	module	ryr.hmm matched only 133 profile positions (< 200) — a shared module, not a family assignment	0.0	111.6	111.6	1.0		1.5e-30	1.5e-30	0.0	0.027	0	133	0.063	4416	TRSC58_06941	Trypanosoma rangeli SC58	429131	0	Ubiquitin-protein ligase	protista_other
A0A061IXF3	RYR	medium	partial	ryr.hmm wins by 42.0 bits (100.0% of 42.0) over 794 profile positions; no itpr.hmm hit	0.0	42.0	42.0	1.0		1.3e-09	1.3e-09	0.0	0.161	0	794	0.05	2950	TRSC58_06654	Trypanosoma rangeli SC58	429131	0	B30.2/SPRY domain-containing protein	protista_other
A0A067BHI7	unassigned	none	module	ryr.hmm matched only 108 profile positions (< 200) — a shared module, not a family assignment	0.0	115.2	115.2	1.0		1.2e-31	1.2e-31	0.0	0.022	0	108	0.426	460	SPRG_16899	Saprolegnia parasitica (strain CBS 223.65)	695850	0	CAMKK protein kinase	protista_other
A0A067BLH0	unassigned	none	module	ryr.hmm matched only 99 profile positions (< 200) — a shared module, not a family assignment	0.0	59.1	59.1	1.0		9.8e-15	9.8e-15	0.0	0.02	0	99	0.024	4533	SPRG_15526	Saprolegnia parasitica (strain CBS 223.65)	695850	0	CUB domain-containing protein	protista_other
A0A067BMM1	unassigned	none	module	itpr.hmm matched only 118 profile positions (< 200) — a shared module, not a family assignment	105.5	73.1	32.4	0.3071	1.8e-28	5.7e-19	1.8e-28	0.044	0.018	118	89	0.953	129	SPRG_18481	Saprolegnia parasitica (strain CBS 223.65)	695850	0	Uncharacterized protein	protista_other
A0A067BPJ2	ITPR	medium	partial	itpr.hmm wins by 12.9 bits (17.2% of 74.9) over 231 profile positions	74.9	62.0	12.9	0.1722	3e-19	1.3e-15	3e-19	0.086	0.055	231	271	0.435	517	SPRG_17875	Saprolegnia parasitica (strain CBS 223.65)	695850	0	Uncharacterized protein (Fragment)	protista_other
A0A067BQJ0	unassigned	none	module	ryr.hmm matched only 64 profile positions (< 200) — a shared module, not a family assignment	0.0	40.4	40.4	1.0		4.1e-09	4.1e-09	0.0	0.013	0	64	0.188	653	SPRG_17906	Saprolegnia parasitica (strain CBS 223.65)	695850	0	EF-hand domain-containing protein (Fragment)	protista_other
A0A067BSJ9	unassigned	none	module	ryr.hmm matched only 69 profile positions (< 200) — a shared module, not a family assignment	0.0	57.8	57.8	1.0		2.3e-14	2.3e-14	0.0	0.014	0	69	0.21	936	SPRG_12473	Saprolegnia parasitica (strain CBS 223.65)	695850	0	Serine/threonine-protein phosphatase	protista_other
A0A067BT19	unassigned	none	module	ryr.hmm matched only 89 profile positions (< 200) — a shared module, not a family assignment	0.0	48.9	48.9	1.0		1.1e-11	1.1e-11	0.0	0.018	0	89	0.267	1028	SPRG_12415	Saprolegnia parasitica (strain CBS 223.65)	695850	0	EF-hand domain-containing protein	protista_other
A0A067BUF1	unassigned	none	module	ryr.hmm matched only 192 profile positions (< 200) — a shared module, not a family assignment	0.0	113.7	113.7	1.0		3.4e-31	3.4e-31	0.0	0.039	0	192	0.232	820	SPRG_13993	Saprolegnia parasitica (strain CBS 223.65)	695850	0	CAMKK protein kinase	protista_other
A0A067BWW5	unassigned	none	module	ryr.hmm matched only 182 profile positions (< 200) — a shared module, not a family assignment	0.0	76.2	76.2	1.0		6.7e-20	6.7e-20	0.0	0.037	0	182	0.095	3963	SPRG_21096	Saprolegnia parasitica (strain CBS 223.65)	695850	0	HECT-type E3 ubiquitin transferase	protista_other
A0A067BXB7	unassigned	none	module	ryr.hmm matched only 64 profile positions (< 200) — a shared module, not a family assignment	0.0	61.9	61.9	1.0		1.3e-15	1.3e-15	0.0	0.013	0	64	0.21	903	SPRG_12469	Saprolegnia parasitica (strain CBS 223.65)	695850	0	Serine/threonine-protein phosphatase	protista_other
A0A067BYD1	unassigned	none	module	ryr.hmm matched only 89 profile positions (< 200) — a shared module, not a family assignment	0.0	34.5	34.5	1.0		2.5e-07	2.5e-07	0.0	0.018	0	89	0.022	4153	SPRG_15523	Saprolegnia parasitica (strain CBS 223.65)	695850	0	HECT domain-containing protein	protista_other
A0A067C0E6	unassigned	none	module	ryr.hmm matched only 123 profile positions (< 200) — a shared module, not a family assignment	0.0	76.7	76.7	1.0		4.8e-20	4.8e-20	0.0	0.025	0	123	0.038	3412	SPRG_14189	Saprolegnia parasitica (strain CBS 223.65)	695850	0	B30.2/SPRY domain-containing protein	protista_other
A0A067C0I0	ITPR	high	architecture	itpr.hmm wins by 626.4 bits (71.3% of 878.4) over 2289 profile positions	878.4	252.0	626.4	0.7131	2e-261	7.2e-73	2e-261	0.853	0.201	2289	991	0.899	2700	SPRG_22304	Saprolegnia parasitica (strain CBS 223.65)	695850	0	MIR domain-containing protein	protista_other
A0A067C0Y4	unassigned	none	module	itpr.hmm matched only 118 profile positions (< 200) — a shared module, not a family assignment	56.7	0.0	56.7	1.0	9.3e-14		9.3e-14	0.044	0.0	118	0	0.854	144	SPRG_14005	Saprolegnia parasitica (strain CBS 223.65)	695850	0	Inositol 1,4,5-trisphosphate/ryanodine receptor domain-containing protein	protista_other
A0A067C135	unassigned	none	module	ryr.hmm matched only 123 profile positions (< 200) — a shared module, not a family assignment	0.0	93.3	93.3	1.0		4.6e-25	4.6e-25	0.0	0.025	0	123	0.216	610	SPRG_10632	Saprolegnia parasitica (strain CBS 223.65)	695850	0	C3H1-type domain-containing protein	protista_other
A0A067C1N9	ITPR	high	architecture	itpr.hmm wins by 602.7 bits (69.8% of 863.4) over 1567 profile positions	863.4	260.7	602.7	0.6981	6.2e-257	1.8e-75	6.2e-257	0.584	0.127	1567	626	0.734	2168	SPRG_14004	Saprolegnia parasitica (strain CBS 223.65)	695850	0	RyR/IP3R Homology associated domain-containing protein	protista_other
A0A067C373	unassigned	none	module	best profile score 29.1 < 30 bits	0.0	29.1	29.1	1.0		1e-05	1e-05	0.0	0.012	0	59	0.111	1102	SPRG_22238	Saprolegnia parasitica (strain CBS 223.65)	695850	0	Uncharacterized protein	protista_other
A0A067C482	unassigned	none	module	ryr.hmm matched only 64 profile positions (< 200) — a shared module, not a family assignment	0.0	39.6	39.6	1.0		7.1e-09	7.1e-09	0.0	0.013	0	64	0.133	922	SPRG_13670	Saprolegnia parasitica (strain CBS 223.65)	695850	0	EF-hand domain-containing protein	protista_other
A0A067C5H2	unassigned	none	module	itpr.hmm matched only 132 profile positions (< 200) — a shared module, not a family assignment	43.4	0.0	43.4	1.0	9.5e-10		9.5e-10	0.049	0.0	132	0	0.852	142	SPRG_09784	Saprolegnia parasitica (strain CBS 223.65)	695850	0	Inositol 1,4,5-trisphosphate/ryanodine receptor domain-containing protein	protista_other
A0A067C7T7	ITPR	high	architecture	itpr.hmm wins by 486.9 bits (68.6% of 710.1) over 2112 profile positions	710.1	223.2	486.9	0.6857	1e-210	3.4e-64	1e-210	0.787	0.172	2112	848	0.809	2775	SPRG_12592	Saprolegnia parasitica (strain CBS 223.65)	695850	0	Uncharacterized protein	protista_other
A0A067C9U7	unassigned	none	module	ryr.hmm matched only 54 profile positions (< 200) — a shared module, not a family assignment	0.0	38.2	38.2	1.0		1.9e-08	1.9e-08	0.0	0.011	0	54	0.194	577	SPRG_07497	Saprolegnia parasitica (strain CBS 223.65)	695850	0	Calmodulin	protista_other
A0A067CCZ6	unassigned	none	module	ryr.hmm matched only 84 profile positions (< 200) — a shared module, not a family assignment	0.0	74.4	74.4	1.0		2.3e-19	2.3e-19	0.0	0.017	0	84	0.039	3985	SPRG_07766	Saprolegnia parasitica (strain CBS 223.65)	695850	0	B30.2/SPRY domain-containing protein	protista_other
A0A067CH94	ITPR	medium	partial	itpr.hmm wins by 21.7 bits (10.0% of 217.1) over 247 profile positions	217.1	195.4	21.7	0.1	4.1e-62	8.6e-56	4.1e-62	0.092	0.045	247	222	0.655	351	SPRG_04940	Saprolegnia parasitica (strain CBS 223.65)	695850	0	Ion transport domain-containing protein	protista_other
A0A067CJC0	unassigned	none	module	ryr.hmm matched only 128 profile positions (< 200) — a shared module, not a family assignment	0.0	87.8	87.8	1.0		2.2e-23	2.2e-23	0.0	0.026	0	128	0.06	2145	SPRG_22165	Saprolegnia parasitica (strain CBS 223.65)	695850	0	B30.2/SPRY domain-containing protein	protista_other
A0A067CMC4	RYR	medium	partial	ryr.hmm wins by 187.9 bits (100.0% of 187.9) over 227 profile positions; no itpr.hmm hit	0.0	187.9	187.9	1.0		1.5e-53	1.5e-53	0.0	0.046	0	227	0.198	1318	SPRG_03764	Saprolegnia parasitica (strain CBS 223.65)	695850	0	Ryanodine receptor Ryr domain-containing protein	protista_other
A0A067CN86	unassigned	none	module	ryr.hmm matched only 54 profile positions (< 200) — a shared module, not a family assignment	0.0	40.1	40.1	1.0		5.1e-09	5.1e-09	0.0	0.011	0	54	0.226	505	SPRG_03200	Saprolegnia parasitica (strain CBS 223.65)	695850	0	CAMK protein kinase	protista_other
A0A067CP00	ITPR	high	architecture	itpr.hmm wins by 663.9 bits (72.8% of 911.6) over 1589 profile positions	911.6	247.7	663.9	0.7283	1.9e-271	1.5e-71	1.9e-271	0.592	0.125	1589	616	0.965	1873	SPRG_03410	Saprolegnia parasitica (strain CBS 223.65)	695850	0	RyR/IP3R Homology associated domain-containing protein	protista_other
A0A067CP85	ITPR	medium	partial	itpr.hmm wins by 134.6 bits (52.1% of 258.3) over 666 profile positions	258.3	123.7	134.6	0.5211	1.6e-74	3.3e-34	1.6e-74	0.248	0.046	666	227	0.752	1062	SPRG_02777	Saprolegnia parasitica (strain CBS 223.65)	695850	0	Ion transport domain-containing protein	protista_other
A0A067CRA1	unassigned	none	module	ryr.hmm matched only 64 profile positions (< 200) — a shared module, not a family assignment	0.0	56.5	56.5	1.0		5.8e-14	5.8e-14	0.0	0.013	0	64	0.167	3470	SPRG_06121	Saprolegnia parasitica (strain CBS 223.65)	695850	0	EF-hand domain-containing protein	protista_other
A0A067CRX9	unassigned	none	module	ryr.hmm matched only 128 profile positions (< 200) — a shared module, not a family assignment	0.0	33.4	33.4	1.0		5.2e-07	5.2e-07	0.0	0.026	0	128	0.032	4137	SPRG_19926	Saprolegnia parasitica (strain CBS 223.65)	695850	0	FHA domain-containing protein	protista_other
A0A067CSU7	ITPR	high	architecture	itpr.hmm wins by 308.3 bits (76.6% of 402.7) over 1519 profile positions	402.7	94.4	308.3	0.7656	4.7e-118	2.2e-25	4.7e-118	0.566	0.153	1519	754	0.797	1905	SPRG_04939	Saprolegnia parasitica (strain CBS 223.65)	695850	0	Uncharacterized protein	protista_other
A0A067CTC1	unassigned	none	module	ryr.hmm matched only 74 profile positions (< 200) — a shared module, not a family assignment	0.0	57.6	57.6	1.0		2.7e-14	2.7e-14	0.0	0.015	0	74	0.872	149	SPRG_01624	Saprolegnia parasitica (strain CBS 223.65)	695850	0	Calmodulin	protista_other
A0A067CX89	unassigned	none	module	itpr.hmm matched only 161 profile positions (< 200) — a shared module, not a family assignment	52.4	0.0	52.4	1.0	1.9e-12		1.9e-12	0.06	0.0	161	0	0.369	407	SPRG_00158	Saprolegnia parasitica (strain CBS 223.65)	695850	0	RyR/IP3R Homology associated domain-containing protein (Fragment)	protista_other
A0A067CXU1	ITPR	medium	partial	itpr.hmm wins by 39.8 bits (25.6% of 155.8) over 403 profile positions	155.8	116.0	39.8	0.2555	1.3e-43	6.8e-32	1.3e-43	0.15	0.03	403	148	0.988	515	SPRG_00157	Saprolegnia parasitica (strain CBS 223.65)	695850	0	Ion transport domain-containing protein	protista_other
A0A067CZC0	ITPR	medium	partial	itpr.hmm wins by 238.3 bits (61.7% of 386.1) over 1224 profile positions	386.1	147.8	238.3	0.6172	4.7e-113	1.8e-41	4.7e-113	0.456	0.052	1224	256	0.446	2875	SPRG_00668	Saprolegnia parasitica (strain CBS 223.65)	695850	0	Uncharacterized protein	protista_other
A0A067CZJ8	ITPR	medium	partial	itpr.hmm wins by 321.5 bits (78.9% of 407.6) over 875 profile positions	407.6	86.1	321.5	0.7888	1.6e-119	7.1e-23	1.6e-119	0.326	0.065	875	320	0.836	1070	SPRG_03409	Saprolegnia parasitica (strain CBS 223.65)	695850	0	MIR domain-containing protein	protista_other
A0A067D2B6	unassigned	none	module	ryr.hmm matched only 104 profile positions (< 200) — a shared module, not a family assignment	0.0	199.0	199.0	1.0		7e-57	7e-57	0.0	0.021	0	104	0.163	1231	SPRG_00474	Saprolegnia parasitica (strain CBS 223.65)	695850	0	Ryanodine receptor Ryr domain-containing protein	protista_other
A0A067D5R0	unassigned	none	module	ryr.hmm matched only 148 profile positions (< 200) — a shared module, not a family assignment	0.0	46.7	46.7	1.0		5.3e-11	5.3e-11	0.0	0.03	0	148	0.075	2600	SPRG_01315	Saprolegnia parasitica (strain CBS 223.65)	695850	0	HECT-type E3 ubiquitin transferase	protista_other
A0A067D8I3	unassigned	none	module	itpr.hmm matched only 156 profile positions (< 200) — a shared module, not a family assignment	154.7	107.4	47.3	0.3058	2.6e-43	2.7e-29	2.6e-43	0.058	0.029	156	143	0.977	172	SPRG_00161	Saprolegnia parasitica (strain CBS 223.65)	695850	0	Ion transport domain-containing protein	protista_other
A0A077TIG6	unassigned	none	module	best profile score 29.3 < 30 bits	0.0	29.3	29.3	1.0		8.9e-06	8.9e-06	0.0	0.012	0	59	0.685	168	PCHAS_0204700	Plasmodium chabaudi chabaudi	31271	0	non-specific serine/threonine protein kinase	protista_other
A0A077TPS2	unassigned	none	module	ryr.hmm matched only 59 profile positions (< 200) — a shared module, not a family assignment	0.0	42.0	42.0	1.0		1.4e-09	1.4e-09	0.0	0.012	0	59	0.211	565	PCHAS_1356100	Plasmodium chabaudi chabaudi	31271	0	non-specific serine/threonine protein kinase	protista_other
A0A077YE73	unassigned	none	module	ryr.hmm matched only 69 profile positions (< 200) — a shared module, not a family assignment	0.0	57.9	57.9	1.0		2.2e-14	2.2e-14	0.0	0.014	0	69	0.872	149	PCHAS_1011500	Plasmodium chabaudi chabaudi	31271	0	Calmodulin	protista_other
A0A077ZVT6	ITPR	high	architecture	itpr.hmm wins by 358.1 bits (60.2% of 594.6) over 2571 profile positions	594.6	236.5	358.1	0.6023	6.7e-176	3.4e-68	6.7e-176	0.958	0.234	2571	1154	0.943	3398	Contig10331.g11023	Stylonychia lemnae	5949	0	Inositol-triphosphate receptor	protista_other
A0A077ZVZ5	unassigned	none	module	ryr.hmm matched only 64 profile positions (< 200) — a shared module, not a family assignment	0.0	51.8	51.8	1.0		1.5e-12	1.5e-12	0.0	0.013	0	64	0.104	1690	Contig9887.g10571	Stylonychia lemnae	5949	0	Ef hand family protein	protista_other
A0A077ZWT8	unassigned	none	module	ryr.hmm matched only 59 profile positions (< 200) — a shared module, not a family assignment	0.0	31.4	31.4	1.0		2.2e-06	2.2e-06	0.0	0.012	0	59	0.251	466	Contig12341.g13172	Stylonychia lemnae	5949	0	Calcium-dependent protein kinase 1	protista_other
A0A077ZYI0	ITPR	high	architecture	itpr.hmm wins by 221.9 bits (63.6% of 349.1) over 1860 profile positions	349.1	127.2	221.9	0.6356	6.8e-102	3e-35	6.8e-102	0.693	0.148	1860	730	0.75	2799	Contig4758.g5084	Stylonychia lemnae	5949	0	RyR/IP3R Homology associated domain-containing protein	protista_other
A0A078A1F3	unassigned	none	module	ryr.hmm matched only 84 profile positions (< 200) — a shared module, not a family assignment	0.0	33.5	33.5	1.0		5e-07	5e-07	0.0	0.017	0	84	0.342	612	Contig6183.g6611	Stylonychia lemnae	5949	0	Ef hand family protein	protista_other
A0A078A1F6	unassigned	none	module	ryr.hmm matched only 59 profile positions (< 200) — a shared module, not a family assignment	0.0	33.5	33.5	1.0		5.1e-07	5.1e-07	0.0	0.012	0	59	0.564	204	Contig6522.g6985	Stylonychia lemnae	5949	0	Centrin	protista_other
A0A078A1U0	ITPR	high	architecture	itpr.hmm wins by 283.1 bits (50.9% of 556.1) over 2013 profile positions	556.1	273.0	283.1	0.5091	2.8e-164	3.5e-79	2.8e-164	0.75	0.152	2013	749	0.738	3530	Contig1440.g1580	Stylonychia lemnae	5949	0	Cation channel family protein	protista_other
A0A078A4T9	ITPR	medium	partial	itpr.hmm wins by 187.1 bits (54.4% of 343.6) over 1135 profile positions	343.6	156.5	187.1	0.5445	3e-100	4.3e-44	3e-100	0.423	0.057	1135	281	0.64	2116	Contig15245.g16249	Stylonychia lemnae	5949	0	Uncharacterized protein	protista_other
A0A078A727	unassigned	none	module	ryr.hmm matched only 59 profile positions (< 200) — a shared module, not a family assignment	0.0	30.8	30.8	1.0		3.2e-06	3.2e-06	0.0	0.012	0	59	0.711	166	Contig15244.g16246	Stylonychia lemnae	5949	0	Calciumdependent protein 4	protista_other
A0A078A8I0	ITPR	high	architecture	itpr.hmm wins by 796.4 bits (70.1% of 1135.8) over 2571 profile positions	1135.8	339.4	796.4	0.7012	0	3.5e-99	0	0.958	0.266	2571	1311	0.99	2894	Contig9742.g10423	Stylonychia lemnae	5949	0	Cation channel family protein	protista_other
A0A078AB00	unassigned	none	module	best profile score 29.8 < 30 bits	0.0	29.8	29.8	1.0		6.4e-06	6.4e-06	0.0	0.013	0	64	0.241	497	Contig5799.g6208	Stylonychia lemnae	5949	0	Calcium-dependent protein kinase 1	protista_other
A0A078ADT1	unassigned	none	module	ryr.hmm matched only 74 profile positions (< 200) — a shared module, not a family assignment	0.0	32.9	32.9	1.0		7.3e-07	7.3e-07	0.0	0.015	0	74	0.173	769	Contig12614.g630	Stylonychia lemnae	5949	0	Calcium-dependent protein kinase 1	protista_other
A0A078AE98	unassigned	none	module	ryr.hmm matched only 69 profile positions (< 200) — a shared module, not a family assignment	0.0	57.9	57.9	1.0		2.2e-14	2.2e-14	0.0	0.014	0	69	0.872	149	Contig11946.g12780	Stylonychia lemnae	5949	0	Calmodulin	protista_other
A0A078AEX2	unassigned	none	module	ryr.hmm matched only 59 profile positions (< 200) — a shared module, not a family assignment	0.0	32.2	32.2	1.0		1.2e-06	1.2e-06	0.0	0.012	0	59	0.247	465	Contig9533.g10193	Stylonychia lemnae	5949	0	Calcium-dependent protein kinase 1	protista_other
A0A078AFL7	unassigned	none	module	ryr.hmm matched only 69 profile positions (< 200) — a shared module, not a family assignment	0.0	40.0	40.0	1.0		5.4e-09	5.4e-09	0.0	0.014	0	69	0.917	132	Contig17914.g19048	Stylonychia lemnae	5949	0	Calmodulin	protista_other
A0A078AH12	unassigned	none	module	ryr.hmm matched only 59 profile positions (< 200) — a shared module, not a family assignment	0.0	38.9	38.9	1.0		1.2e-08	1.2e-08	0.0	0.012	0	59	0.263	437	Contig10951.g11709	Stylonychia lemnae	5949	0	Protein kinase domain containing protein	protista_other
A0A078AJU5	unassigned	none	module	ryr.hmm matched only 59 profile positions (< 200) — a shared module, not a family assignment	0.0	30.6	30.6	1.0		3.7e-06	3.7e-06	0.0	0.012	0	59	0.309	557	Contig15329.g16336	Stylonychia lemnae	5949	0	Radial spoke protein 7	protista_other
A0A078AKL7	unassigned	none	module	ryr.hmm matched only 59 profile positions (< 200) — a shared module, not a family assignment	0.0	41.2	41.2	1.0		2.4e-09	2.4e-09	0.0	0.012	0	59	0.272	548	Contig14691.g15647	Stylonychia lemnae	5949	0	Ef hand family protein	protista_other
A0A078AL65	unassigned	none	module	ryr.hmm matched only 59 profile positions (< 200) — a shared module, not a family assignment	0.0	32.5	32.5	1.0		1e-06	1e-06	0.0	0.012	0	59	0.206	557	Contig1226.g1343	Stylonychia lemnae	5949	0	non-specific serine/threonine protein kinase	protista_other
A0A078AM91	unassigned	none	module	ryr.hmm matched only 69 profile positions (< 200) — a shared module, not a family assignment	0.0	45.4	45.4	1.0		1.3e-10	1.3e-10	0.0	0.014	0	69	0.454	553	Contig19349.g20514	Stylonychia lemnae	5949	0	Ef hand family protein	protista_other
A0A078AQ67	unassigned	none	module	ryr.hmm matched only 64 profile positions (< 200) — a shared module, not a family assignment	0.0	37.3	37.3	1.0		3.5e-08	3.5e-08	0.0	0.013	0	64	0.434	580	Contig14266.g15191	Stylonychia lemnae	5949	0	Ef hand family protein	protista_other
A0A078ASZ8	ITPR	high	architecture	itpr.hmm wins by 949.5 bits (71.6% of 1326.9) over 2571 profile positions	1326.9	377.4	949.5	0.7156	0	1.3e-110	0	0.958	0.258	2571	1272	0.998	2773	Contig10368.g11065	Stylonychia lemnae	5949	0	Cation channel family protein	protista_other
A0A078AY62	unassigned	none	module	ryr.hmm matched only 143 profile positions (< 200) — a shared module, not a family assignment	0.0	102.3	102.3	1.0		9.1e-28	9.1e-28	0.0	0.029	0	143	0.104	1390	Contig16001.g17053	Stylonychia lemnae	5949	0	E3 ubiquitin-protein ligase rkp-like	protista_other
A0A078B100	unassigned	none	module	ryr.hmm matched only 54 profile positions (< 200) — a shared module, not a family assignment	0.0	34.8	34.8	1.0		1.9e-07	1.9e-07	0.0	0.011	0	54	0.252	905	Contig19831.g21031	Stylonychia lemnae	5949	0	Ef hand family protein	protista_other
A0A078B2N2	unassigned	none	module	ryr.hmm matched only 79 profile positions (< 200) — a shared module, not a family assignment	0.0	40.6	40.6	1.0		3.7e-09	3.7e-09	0.0	0.016	0	79	0.266	497	Contig9395.g10041	Stylonychia lemnae	5949	0	non-specific serine/threonine protein kinase	protista_other
A0A078B3Y5	unassigned	none	module	ryr.hmm matched only 69 profile positions (< 200) — a shared module, not a family assignment	0.0	48.8	48.8	1.0		1.2e-11	1.2e-11	0.0	0.014	0	69	0.337	563	Contig6564.g7022	Stylonychia lemnae	5949	0	Ef hand family protein	protista_other
A0A078B4K6	unassigned	none	module	ryr.hmm matched only 59 profile positions (< 200) — a shared module, not a family assignment	0.0	31.0	31.0	1.0		2.7e-06	2.7e-06	0.0	0.012	0	59	0.585	200	Contig12399.g13236	Stylonychia lemnae	5949	0	Centrin	protista_other
A0A078B6G7	unassigned	none	module	ryr.hmm matched only 59 profile positions (< 200) — a shared module, not a family assignment	0.0	45.0	45.0	1.0		1.7e-10	1.7e-10	0.0	0.012	0	59	0.29	400	Contig3819.g4084	Stylonychia lemnae	5949	0	Calcium-dependent protein	protista_other
A0A078B9B5	unassigned	none	module	best profile score 29.8 < 30 bits	0.0	29.8	29.8	1.0		6.4e-06	6.4e-06	0.0	0.012	0	59	0.711	166	Contig5296.g5671	Stylonychia lemnae	5949	0	Calciumdependent protein 4	protista_other
A0A088RJ41	unassigned	none	module	ryr.hmm matched only 59 profile positions (< 200) — a shared module, not a family assignment	0.0	53.6	53.6	1.0		4.3e-13	4.3e-13	0.0	0.012	0	59	0.779	149	LPMP_090920	Leishmania panamensis	5679	0	Calmodulin	protista_other
A0A088RL60	RYR	medium	partial	ryr.hmm wins by 66.3 bits (100.0% of 66.3) over 251 profile positions; no itpr.hmm hit	0.0	66.3	66.3	1.0		6.3e-17	6.3e-17	0.0	0.051	0	251	0.055	5596	LPMP_131330	Leishmania panamensis	5679	0	Ubiquitin-protein ligase, putative	protista_other
A0A088S3L6	unassigned	none	module	ryr.hmm matched only 163 profile positions (< 200) — a shared module, not a family assignment	0.0	101.6	101.6	1.0		1.5e-27	1.5e-27	0.0	0.033	0	163	0.063	4169	LPMP_356480	Leishmania panamensis	5679	0	Ubiquitin-protein ligase, putative	protista_other
A0A088SHI5	unassigned	none	module	ryr.hmm matched only 123 profile positions (< 200) — a shared module, not a family assignment	0.0	35.4	35.4	1.0		1.3e-07	1.3e-07	0.0	0.025	0	123	0.051	4087	LPMP_324060	Leishmania panamensis	5679	0	Ubiquitin-protein ligase, putative	protista_other
A0A0A1TWZ4	unassigned	none	module	ryr.hmm matched only 84 profile positions (< 200) — a shared module, not a family assignment	0.0	39.3	39.3	1.0		8.8e-09	8.8e-09	0.0	0.017	0	84	0.085	1035	EIN_198060	Entamoeba invadens IP1	370355	0	SPRY domain containing protein	protista_other
A0A0D2UGF9	ITPR	high	architecture	itpr.hmm wins by 2450.8 bits (83.0% of 2951.7) over 2563 profile positions	2951.7	500.9	2450.8	0.8303	0	8e-148	0	0.955	0.282	2563	1390	0.825	3232	CAOG_004826	Capsaspora owczarzaki (strain ATCC 30864)	595528	0	Inositol 1,4,5-triphosphate receptor	protista_other
A0A0D2UN76	unassigned	none	module	ryr.hmm matched only 123 profile positions (< 200) — a shared module, not a family assignment	0.0	35.3	35.3	1.0		1.4e-07	1.4e-07	0.0	0.025	0	123	0.254	485	CAOG_006799	Capsaspora owczarzaki (strain ATCC 30864)	595528	0	KB07 protein	protista_other
A0A0D2WJG6	unassigned	none	module	ryr.hmm matched only 128 profile positions (< 200) — a shared module, not a family assignment	0.0	40.2	40.2	1.0		4.6e-09	4.6e-09	0.0	0.026	0	128	0.16	818	CAOG_001525	Capsaspora owczarzaki (strain ATCC 30864)	595528	0	Ash2-like protein	protista_other
A0A0D2WKI2	unassigned	none	module	ryr.hmm matched only 84 profile positions (< 200) — a shared module, not a family assignment	0.0	47.8	47.8	1.0		2.5e-11	2.5e-11	0.0	0.017	0	84	0.111	728	CAOG_002038	Capsaspora owczarzaki (strain ATCC 30864)	595528	0	ATP-dependent RNA helicase	protista_other
A0A0D2WLS5	unassigned	none	module	ryr.hmm matched only 123 profile positions (< 200) — a shared module, not a family assignment	0.0	56.5	56.5	1.0		5.8e-14	5.8e-14	0.0	0.025	0	123	0.164	750	CAOG_002700	Capsaspora owczarzaki (strain ATCC 30864)	595528	0	SPRY domain-containing protein	protista_other
A0A0D2WXI6	RYR	high	architecture	ryr.hmm wins by 3991.7 bits (85.6% of 4662.5) over 4743 profile positions	670.8	4662.5	3991.7	0.8561	7.3e-199	0	0	0.724	0.962	1943	4743	0.953	6625	CAOG_007989	Capsaspora owczarzaki (strain ATCC 30864)	595528	0	Ryanodine receptor	protista_other
A0A0D2X1X5	unassigned	none	module	ryr.hmm matched only 74 profile positions (< 200) — a shared module, not a family assignment	0.0	58.1	58.1	1.0		1.9e-14	1.9e-14	0.0	0.015	0	74	0.872	149	CAOG_002694	Capsaspora owczarzaki (strain ATCC 30864)	595528	0	Calmodulin	protista_other
A0A0D2X364	ITPR	high	architecture	itpr.hmm wins by 1012.5 bits (75.1% of 1348.9) over 2609 profile positions	1348.9	336.4	1012.5	0.7506	0	2.8e-98	0	0.972	0.257	2609	1267	0.994	2653	CAOG_009776	Capsaspora owczarzaki (strain ATCC 30864)	595528	0	MIR domain-containing protein	protista_other
A0A0D3HYU0	ITPR	medium	partial	itpr.hmm wins by 80.9 bits (73.2% of 110.5) over 223 profile positions	110.5	29.6	80.9	0.7321	5.7e-30	7.6e-06	5.7e-30	0.083	0.018	223	89	0.924	236		Emiliania huxleyi (strain CCMP1516)	280463	0	Inositol 1,4,5-trisphosphate/ryanodine receptor domain-containing protein	protista_other
A0A0D3I215	unassigned	none	module	ryr.hmm matched only 54 profile positions (< 200) — a shared module, not a family assignment	0.0	32.8	32.8	1.0		8.2e-07	8.2e-07	0.0	0.011	0	54	0.619	176		Emiliania huxleyi (strain CCMP1516)	280463	0	EF-hand domain-containing protein	protista_other
A0A0D3IFT4	ITPR	medium	partial	itpr.hmm wins by 360.3 bits (83.8% of 430.0) over 1259 profile positions	430.0	69.7	360.3	0.8379	2.7e-126	5.9e-18	2.7e-126	0.469	0.056	1259	276	0.907	1615		Emiliania huxleyi (strain CCMP1516)	280463	0	PH domain-containing protein	protista_other
A0A0D3ILM8	unassigned	none	module	ryr.hmm matched only 89 profile positions (< 200) — a shared module, not a family assignment	0.0	42.2	42.2	1.0		1.2e-09	1.2e-09	0.0	0.018	0	89	0.122	704		Emiliania huxleyi (strain CCMP1516)	280463	0	ATP-dependent RNA helicase DDX1	protista_other
A0A0D3IW90	unassigned	none	module	ryr.hmm matched only 64 profile positions (< 200) — a shared module, not a family assignment	0.0	44.3	44.3	1.0		2.8e-10	2.8e-10	0.0	0.013	0	64	0.66	191		Emiliania huxleyi (strain CCMP1516)	280463	0	EF-hand domain-containing protein	protista_other
A0A0D3J326	ITPR	high	architecture	itpr.hmm wins by 648.5 bits (66.2% of 979.8) over 2150 profile positions	979.8	331.3	648.5	0.6619	5.3e-292	9.8e-97	5.3e-292	0.801	0.164	2150	809	0.889	2712		Emiliania huxleyi (strain CCMP1516)	280463	0	Inositol 1,4,5-trisphosphate receptor	protista_other
A0A0D3JYL6	ITPR	medium	partial	itpr.hmm wins by 90.2 bits (72.3% of 124.7) over 250 profile positions	124.7	34.5	90.2	0.7233	3e-34	2.5e-07	3e-34	0.093	0.033	250	163	0.816	305		Emiliania huxleyi (strain CCMP1516)	280463	0	Inositol 1,4,5-trisphosphate/ryanodine receptor domain-containing protein	protista_other
A0A0D3K2G0	unassigned	none	module	ryr.hmm matched only 69 profile positions (< 200) — a shared module, not a family assignment	0.0	58.4	58.4	1.0		1.6e-14	1.6e-14	0.0	0.014	0	69	0.867	150		Emiliania huxleyi (strain CCMP1516)	280463	0	Calmodulin	protista_other
A0A0D3KCX4	unassigned	none	module	ryr.hmm matched only 69 profile positions (< 200) — a shared module, not a family assignment	0.0	48.2	48.2	1.0		1.9e-11	1.9e-11	0.0	0.014	0	69	0.781	169		Emiliania huxleyi (strain CCMP1516)	280463	0	Calmodulin	protista_other
A0A0D3KH02	unassigned	none	module	ryr.hmm matched only 69 profile positions (< 200) — a shared module, not a family assignment	0.0	58.4	58.4	1.0		1.6e-14	1.6e-14	0.0	0.014	0	69	0.867	150		Emiliania huxleyi (strain CCMP1516)	280463	0	Calmodulin	protista_other
A0A0D9QIS6	unassigned	none	module	ryr.hmm matched only 64 profile positions (< 200) — a shared module, not a family assignment	0.0	38.8	38.8	1.0		1.2e-08	1.2e-08	0.0	0.013	0	64	0.23	565	AK88_03474	Plasmodium fragile	5857	0	non-specific serine/threonine protein kinase	protista_other
A0A0D9QPL8	unassigned	none	module	ryr.hmm matched only 69 profile positions (< 200) — a shared module, not a family assignment	0.0	58.4	58.4	1.0		1.6e-14	1.6e-14	0.0	0.014	0	69	0.872	149	AK88_01301	Plasmodium fragile	5857	0	Calmodulin	protista_other
A0A0D9QTS9	unassigned	none	module	ryr.hmm matched only 59 profile positions (< 200) — a shared module, not a family assignment	0.0	30.2	30.2	1.0		4.7e-06	4.7e-06	0.0	0.012	0	59	0.685	168	AK88_01064	Plasmodium fragile	5857	0	Caltractin	protista_other
A0A0G4IGZ5	unassigned	none	module	ryr.hmm matched only 64 profile positions (< 200) — a shared module, not a family assignment	0.0	43.3	43.3	1.0		5.4e-10	5.4e-10	0.0	0.013	0	64	0.827	150	PBRA_000258	Plasmodiophora brassicae	37360	0	Calmodulin	protista_other
A0A0G4IKM4	unassigned	none	module	ryr.hmm matched only 89 profile positions (< 200) — a shared module, not a family assignment	0.0	68.9	68.9	1.0		1.1e-17	1.1e-17	0.0	0.018	0	89	0.017	5816	PBRA_004519	Plasmodiophora brassicae	37360	0	HECT-type E3 ubiquitin transferase	protista_other
A0A0G4ITD3	unassigned	none	module	ryr.hmm matched only 128 profile positions (< 200) — a shared module, not a family assignment	0.0	36.5	36.5	1.0		5.9e-08	5.9e-08	0.0	0.026	0	128	0.042	3080	PBRA_006606	Plasmodiophora brassicae	37360	0	HECT domain-containing protein	protista_other
A0A0G4J3V7	unassigned	none	module	ryr.hmm matched only 123 profile positions (< 200) — a shared module, not a family assignment	0.0	79.3	79.3	1.0		8.1e-21	8.1e-21	0.0	0.025	0	123	0.031	4121	PBRA_002500	Plasmodiophora brassicae	37360	0	HECT domain-containing protein	protista_other
A0A0G4J423	unassigned	none	module	ryr.hmm matched only 192 profile positions (< 200) — a shared module, not a family assignment	0.0	50.4	50.4	1.0		3.9e-12	3.9e-12	0.0	0.039	0	192	0.257	649	PBRA_008899	Plasmodiophora brassicae	37360	0	Ryanodine receptor Ryr domain-containing protein	protista_other
A0A0G4J4G0	unassigned	none	module	ryr.hmm matched only 74 profile positions (< 200) — a shared module, not a family assignment	0.0	57.8	57.8	1.0		2.4e-14	2.4e-14	0.0	0.015	0	74	0.855	152	PBRA_002391	Plasmodiophora brassicae	37360	0	Calmodulin	protista_other
A0A0L0D1N3	unassigned	none	module	ryr.hmm matched only 138 profile positions (< 200) — a shared module, not a family assignment	0.0	33.9	33.9	1.0		3.8e-07	3.8e-07	0.0	0.028	0	138	0.389	383	AMSG_00229	Thecamonas trahens ATCC 50062	461836	0	SPRY domain-containing protein	protista_other
A0A0L0D4G4	RYR	medium	partial	ryr.hmm wins by 75.1 bits (100.0% of 75.1) over 237 profile positions; no itpr.hmm hit	0.0	75.1	75.1	1.0		1.5e-19	1.5e-19	0.0	0.048	0	237	0.048	4954	AMSG_03687	Thecamonas trahens ATCC 50062	461836	0	ubiquitinyl hydrolase 1	protista_other
A0A0L0D4X1	unassigned	none	module	ryr.hmm matched only 133 profile positions (< 200) — a shared module, not a family assignment	0.0	90.0	90.0	1.0		4.7e-24	4.7e-24	0.0	0.027	0	133	0.103	1253	AMSG_02805	Thecamonas trahens ATCC 50062	461836	0	E3 ubiquitin-protein ligase RNF123	protista_other
A0A0L0D838	ITPR	high	architecture	itpr.hmm wins by 513.9 bits (65.6% of 783.0) over 1616 profile positions	783.0	269.1	513.9	0.6563	1.1e-232	5.1e-78	1.1e-232	0.602	0.148	1616	730	0.583	2895	AMSG_04834	Thecamonas trahens ATCC 50062	461836	0	Inositol 1,4,5-trisphosphate receptor type 3	protista_other
A0A0L0DGZ6	unassigned	none	module	ryr.hmm matched only 74 profile positions (< 200) — a shared module, not a family assignment	0.0	56.0	56.0	1.0		8.1e-14	8.1e-14	0.0	0.015	0	74	0.872	149	AMSG_07687	Thecamonas trahens ATCC 50062	461836	0	Calmodulin	protista_other
A0A0L0DIL6	ITPR	high	architecture	itpr.hmm wins by 532.5 bits (70.4% of 756.0) over 1938 profile positions	756.0	223.5	532.5	0.7044	1.5e-224	2.9e-64	1.5e-224	0.722	0.184	1938	907	0.619	3179	AMSG_00953	Thecamonas trahens ATCC 50062	461836	0	Uncharacterized protein	protista_other
A0A0L0DLN5	unassigned	none	module	ryr.hmm matched only 94 profile positions (< 200) — a shared module, not a family assignment	0.0	38.6	38.6	1.0		1.5e-08	1.5e-08	0.0	0.019	0	94	0.123	741	AMSG_09309	Thecamonas trahens ATCC 50062	461836	0	ATP-dependent RNA helicase DDX1	protista_other
A0A0L0DMJ3	unassigned	none	module	ryr.hmm matched only 133 profile positions (< 200) — a shared module, not a family assignment	0.0	59.0	59.0	1.0		1e-14	1e-14	0.0	0.027	0	133	0.124	1104	AMSG_08466	Thecamonas trahens ATCC 50062	461836	0	B30.2/SPRY domain-containing protein	protista_other
A0A0L0DTI7	unassigned	none	module	ryr.hmm matched only 128 profile positions (< 200) — a shared module, not a family assignment	0.0	38.8	38.8	1.0		1.2e-08	1.2e-08	0.0	0.026	0	128	0.032	3942	AMSG_11027	Thecamonas trahens ATCC 50062	461836	0	HECT domain-containing protein	protista_other
A0A0L0EZA5	unassigned	none	module	itpr.hmm matched only 70 profile positions (< 200) — a shared module, not a family assignment	57.8	0.0	57.8	1.0	4.4e-14		4.4e-14	0.026	0.0	70	0	0.805	87	SARC_17749	Sphaeroforma arctica JP610	667725	0	MIR domain-containing protein (Fragment)	protista_other
A0A0L0F000	unassigned	none	module	itpr.hmm matched only 62 profile positions (< 200) — a shared module, not a family assignment	38.5	0.0	38.5	1.0	2.8e-08		2.8e-08	0.023	0.0	62	0	0.969	64	SARC_17458	Sphaeroforma arctica JP610	667725	0	RIH domain-containing protein (Fragment)	protista_other
A0A0L0F0V0	unassigned	none	module	itpr.hmm matched only 75 profile positions (< 200) — a shared module, not a family assignment	104.9	0.0	104.9	1.0	2.7e-28		2.7e-28	0.028	0.0	75	0	0.974	77	SARC_17140	Sphaeroforma arctica JP610	667725	0	Uncharacterized protein (Fragment)	protista_other
A0A0L0F337	unassigned	none	module	itpr.hmm matched only 72 profile positions (< 200) — a shared module, not a family assignment	55.2	0.0	55.2	1.0	2.6e-13		2.6e-13	0.027	0.0	72	0	0.973	73	SARC_16369	Sphaeroforma arctica JP610	667725	0	Uncharacterized protein (Fragment)	protista_other
A0A0L0F6G6	unassigned	none	module	itpr.hmm matched only 35 profile positions (< 200) — a shared module, not a family assignment	41.4	0.0	41.4	1.0	3.7e-09		3.7e-09	0.013	0.0	35	0	0.872	39	SARC_15292	Sphaeroforma arctica JP610	667725	0	MIR domain-containing protein (Fragment)	protista_other
A0A0L0F6W6	unassigned	none	module	itpr.hmm matched only 156 profile positions (< 200) — a shared module, not a family assignment	135.5	0.0	135.5	1.0	1.7e-37		1.7e-37	0.058	0.0	156	0	0.958	166	SARC_15131	Sphaeroforma arctica JP610	667725	0	Mon2/Sec7/BIG1-like HUS domain-containing protein (Fragment)	protista_other
A0A0L0F7N0	unassigned	none	module	itpr.hmm matched only 56 profile positions (< 200) — a shared module, not a family assignment	52.0	0.0	52.0	1.0	2.4e-12		2.4e-12	0.021	0.0	56	0	0.983	58	SARC_14757	Sphaeroforma arctica JP610	667725	0	RyR/IP3R Homology associated domain-containing protein (Fragment)	protista_other
A0A0L0F9A7	unassigned	none	module	itpr.hmm matched only 99 profile positions (< 200) — a shared module, not a family assignment	47.0	0.0	47.0	1.0	7.6e-11		7.6e-11	0.037	0.0	99	0	0.902	123	SARC_14747	Sphaeroforma arctica JP610	667725	0	Uncharacterized protein	protista_other
A0A0L0FBU5	unassigned	none	module	itpr.hmm matched only 142 profile positions (< 200) — a shared module, not a family assignment	87.4	0.0	87.4	1.0	5.2e-23		5.2e-23	0.053	0.0	142	0	0.996	235	SARC_13475	Sphaeroforma arctica JP610	667725	0	Uncharacterized protein (Fragment)	protista_other
A0A0L0FC65	unassigned	none	module	itpr.hmm matched only 148 profile positions (< 200) — a shared module, not a family assignment	186.7	115.5	71.2	0.3814	6e-53	9.6e-32	6e-53	0.055	0.027	148	133	0.919	160	SARC_13774	Sphaeroforma arctica JP610	667725	0	Ion transport domain-containing protein (Fragment)	protista_other
A0A0L0FG40	unassigned	none	module	ryr.hmm matched only 133 profile positions (< 200) — a shared module, not a family assignment	0.0	44.4	44.4	1.0		2.6e-10	2.6e-10	0.0	0.027	0	133	0.243	551	SARC_11761	Sphaeroforma arctica JP610	667725	0	RING-type domain-containing protein (Fragment)	protista_other
A0A0L0FGL9	unassigned	none	module	itpr.hmm matched only 196 profile positions (< 200) — a shared module, not a family assignment	106.0	0.0	106.0	1.0	1.3e-28		1.3e-28	0.073	0.0	196	0	0.602	367	SARC_11893	Sphaeroforma arctica JP610	667725	0	Uncharacterized protein (Fragment)	protista_other
A0A0L0FMX6	unassigned	none	module	itpr.hmm matched only 107 profile positions (< 200) — a shared module, not a family assignment	43.8	0.0	43.8	1.0	7.4e-10		7.4e-10	0.04	0.0	107	0	0.732	142	SARC_09453	Sphaeroforma arctica JP610	667725	0	Uncharacterized protein	protista_other
A0A0L0FNP3	unassigned	none	module	itpr.hmm matched only 67 profile positions (< 200) — a shared module, not a family assignment	58.2	0.0	58.2	1.0	3.2e-14		3.2e-14	0.025	0.0	67	0	0.5	132	SARC_09124	Sphaeroforma arctica JP610	667725	0	RIH domain-containing protein	protista_other
A0A0L0FPL2	unassigned	none	module	itpr.hmm matched only 62 profile positions (< 200) — a shared module, not a family assignment	90.9	0.0	90.9	1.0	4.7e-24		4.7e-24	0.023	0.0	62	0	0.873	71	SARC_09125	Sphaeroforma arctica JP610	667725	0	RIH domain-containing protein (Fragment)	protista_other
A0A0L0FSB2	unassigned	none	module	ryr.hmm matched only 74 profile positions (< 200) — a shared module, not a family assignment	0.0	57.8	57.8	1.0		2.3e-14	2.3e-14	0.0	0.015	0	74	0.872	149	SARC_08017	Sphaeroforma arctica JP610	667725	0	Calmodulin	protista_other
A0A0L0FTF7	unassigned	none	module	itpr.hmm matched only 180 profile positions (< 200) — a shared module, not a family assignment	213.2	0.0	213.2	1.0	6.4e-61		6.4e-61	0.067	0.0	180	0	0.939	247	SARC_07768	Sphaeroforma arctica JP610	667725	0	Inositol 1,4,5-trisphosphate/ryanodine receptor domain-containing protein (Fragment)	protista_other
A0A0L0FXW8	unassigned	none	module	itpr.hmm matched only 137 profile positions (< 200) — a shared module, not a family assignment	66.0	0.0	66.0	1.0	1.5e-16		1.5e-16	0.051	0.0	137	0	0.871	155	SARC_06016	Sphaeroforma arctica JP610	667725	0	MIR domain-containing protein	protista_other
A0A0L0G0V3	unassigned	none	module	ryr.hmm matched only 64 profile positions (< 200) — a shared module, not a family assignment	0.0	33.5	33.5	1.0		5e-07	5e-07	0.0	0.013	0	64	0.359	184	SARC_05034	Sphaeroforma arctica JP610	667725	0	SPRY domain-containing protein	protista_other
A0A0L0G190	ITPR	medium	partial	itpr.hmm wins by 215.2 bits (45.2% of 475.6) over 427 profile positions	475.6	260.4	215.2	0.4525	4.9e-140	2.2e-75	4.9e-140	0.159	0.073	427	360	0.914	456	SARC_05737	Sphaeroforma arctica JP610	667725	0	Ion transport domain-containing protein	protista_other
A0A0L0G2S5	ITPR	medium	partial	itpr.hmm wins by 123.7 bits (100.0% of 123.7) over 263 profile positions; no ryr.hmm hit	123.7	0.0	123.7	1.0	5.9e-34		5.9e-34	0.098	0.0	263	0	0.664	431	SARC_04625	Sphaeroforma arctica JP610	667725	0	RyR/IP3R Homology associated domain-containing protein (Fragment)	protista_other
A0A0L0G910	unassigned	none	module	ryr.hmm matched only 123 profile positions (< 200) — a shared module, not a family assignment	0.0	66.5	66.5	1.0		5.8e-17	5.8e-17	0.0	0.025	0	123	0.075	1593	SARC_02456	Sphaeroforma arctica JP610	667725	0	RING-type E3 ubiquitin transferase	protista_other
A0A0M0J3Z4	unassigned	none	module	ryr.hmm matched only 54 profile positions (< 200) — a shared module, not a family assignment	0.0	35.3	35.3	1.0		1.4e-07	1.4e-07	0.0	0.011	0	54	0.119	956	Ctob_000147	Chrysochromulina tobinii	1460289	0	Transitional endoplasmic reticulum ATPase	protista_other
A0A0M0J4V2	ITPR	high	architecture	itpr.hmm wins by 476.1 bits (60.3% of 789.2) over 1841 profile positions	789.2	313.1	476.1	0.6033	1.5e-234	2.9e-91	1.5e-234	0.686	0.265	1841	1306	0.639	3272	Ctob_001957	Chrysochromulina tobinii	1460289	0	Ryanodine receptor tm 4-6 family protein	protista_other
A0A0M0JA78	unassigned	none	module	ryr.hmm matched only 69 profile positions (< 200) — a shared module, not a family assignment	0.0	51.8	51.8	1.0		1.5e-12	1.5e-12	0.0	0.014	0	69	0.29	655	Ctob_001295	Chrysochromulina tobinii	1460289	0	Radial spoke protein 7	protista_other
A0A0M0JAR3	unassigned	none	module	ryr.hmm matched only 59 profile positions (< 200) — a shared module, not a family assignment	0.0	58.5	58.5	1.0		1.5e-14	1.5e-14	0.0	0.012	0	59	0.516	337	Ctob_004073	Chrysochromulina tobinii	1460289	0	Ef-hand calcium-binding domain-containing protein 6-like protein (Fragment)	protista_other
A0A0M0JCJ5	unassigned	none	module	ryr.hmm matched only 74 profile positions (< 200) — a shared module, not a family assignment	0.0	34.0	34.0	1.0		3.5e-07	3.5e-07	0.0	0.015	0	74	0.135	1028	Ctob_003012	Chrysochromulina tobinii	1460289	0	Calcium-dependent protein	protista_other
A0A0M0JEC9	unassigned	none	module	best profile score 29.5 < 30 bits	0.0	29.5	29.5	1.0		8.1e-06	8.1e-06	0.0	0.012	0	59	0.113	1016	Ctob_007068	Chrysochromulina tobinii	1460289	0	Voltage dependent ion channel	protista_other
A0A0M0JFA3	unassigned	none	module	ryr.hmm matched only 59 profile positions (< 200) — a shared module, not a family assignment	0.0	36.8	36.8	1.0		5e-08	5e-08	0.0	0.012	0	59	0.37	319	Ctob_004509	Chrysochromulina tobinii	1460289	0	Calcium-binding mitochondrial carrier protein s-1	protista_other
A0A0M0JFP1	unassigned	none	module	ryr.hmm matched only 59 profile positions (< 200) — a shared module, not a family assignment	0.0	33.8	33.8	1.0		4e-07	4e-07	0.0	0.012	0	59	0.725	167	Ctob_003048	Chrysochromulina tobinii	1460289	0	Calmodulin	protista_other
A0A0M0JG67	unassigned	none	module	best profile score 29.7 < 30 bits	0.0	29.7	29.7	1.0		6.6e-06	6.6e-06	0.0	0.014	0	69	0.549	237	Ctob_002679	Chrysochromulina tobinii	1460289	0	Calmodulin-like 5	protista_other
A0A0M0JJA9	unassigned	none	module	ryr.hmm matched only 69 profile positions (< 200) — a shared module, not a family assignment	0.0	34.6	34.6	1.0		2.3e-07	2.3e-07	0.0	0.014	0	69	0.39	477	Ctob_005763	Chrysochromulina tobinii	1460289	0	Protein cal-isoform c	protista_other
A0A0M0JKJ8	unassigned	none	module	ryr.hmm matched only 64 profile positions (< 200) — a shared module, not a family assignment	0.0	30.0	30.0	1.0		5.6e-06	5.6e-06	0.0	0.013	0	64	0.282	1033	Ctob_006153	Chrysochromulina tobinii	1460289	0	Calmodulin	protista_other
A0A0M0JKM4	unassigned	none	module	ryr.hmm matched only 79 profile positions (< 200) — a shared module, not a family assignment	0.0	33.8	33.8	1.0		4e-07	4e-07	0.0	0.016	0	79	0.227	838	Ctob_005301	Chrysochromulina tobinii	1460289	0	Putative calcium-binding protein cml15-like protein	protista_other
A0A0M0JQM5	unassigned	none	module	ryr.hmm matched only 54 profile positions (< 200) — a shared module, not a family assignment	0.0	38.5	38.5	1.0		1.6e-08	1.6e-08	0.0	0.011	0	54	0.562	203	Ctob_006209	Chrysochromulina tobinii	1460289	0	Calmodulin	protista_other
A0A0M0JRE2	unassigned	none	module	ryr.hmm matched only 69 profile positions (< 200) — a shared module, not a family assignment	0.0	54.5	54.5	1.0		2.3e-13	2.3e-13	0.0	0.014	0	69	0.565	230	Ctob_008714	Chrysochromulina tobinii	1460289	0	Calmodulin	protista_other
A0A0M0JRV6	unassigned	none	module	ryr.hmm matched only 59 profile positions (< 200) — a shared module, not a family assignment	0.0	32.5	32.5	1.0		9.8e-07	9.8e-07	0.0	0.012	0	59	0.236	495	Ctob_012189	Chrysochromulina tobinii	1460289	0	Calcium-dependent protein kinase	protista_other
A0A0M0JU89	unassigned	none	module	ryr.hmm matched only 84 profile positions (< 200) — a shared module, not a family assignment	0.0	51.2	51.2	1.0		2.3e-12	2.3e-12	0.0	0.017	0	84	0.165	547	Ctob_010334	Chrysochromulina tobinii	1460289	0	Trithorax protein ash2	protista_other
A0A0M0JVD9	unassigned	none	module	ryr.hmm matched only 59 profile positions (< 200) — a shared module, not a family assignment	0.0	37.8	37.8	1.0		2.4e-08	2.4e-08	0.0	0.012	0	59	0.164	707	Ctob_013693	Chrysochromulina tobinii	1460289	0	Radial spoke protein 7	protista_other
A0A0M0JVP5	unassigned	none	module	ryr.hmm matched only 59 profile positions (< 200) — a shared module, not a family assignment	0.0	33.8	33.8	1.0		3.9e-07	3.9e-07	0.0	0.012	0	59	0.261	234	Ctob_003070	Chrysochromulina tobinii	1460289	0	EF-hand domain-containing protein	protista_other
A0A0M0JY40	unassigned	none	module	ryr.hmm matched only 54 profile positions (< 200) — a shared module, not a family assignment	0.0	34.9	34.9	1.0		1.8e-07	1.8e-07	0.0	0.011	0	54	0.244	464	Ctob_007050	Chrysochromulina tobinii	1460289	0	Radial spoke protein 7	protista_other
A0A0M0JZC8	ITPR	medium	partial	itpr.hmm wins by 108.8 bits (75.4% of 144.2) over 376 profile positions	144.2	35.4	108.8	0.7545	3.9e-40	1.3e-07	3.9e-40	0.14	0.024	376	118	0.945	422	Ctob_011563	Chrysochromulina tobinii	1460289	0	Inositol-1,4,5-triphosphate receptor (Fragment)	protista_other
A0A0M0JZF3	unassigned	none	module	best profile score 29.7 < 30 bits	0.0	29.7	29.7	1.0		7e-06	7e-06	0.0	0.016	0	79	0.16	482	Ctob_004675	Chrysochromulina tobinii	1460289	0	ATP-dependent RNA helicase ddx1 (Fragment)	protista_other
A0A0M0JZG5	unassigned	none	module	ryr.hmm matched only 59 profile positions (< 200) — a shared module, not a family assignment	0.0	45.4	45.4	1.0		1.3e-10	1.3e-10	0.0	0.012	0	59	0.357	476	Ctob_015022	Chrysochromulina tobinii	1460289	0	Calmodulin 2-like protein (Fragment)	protista_other
A0A0M0JZK5	ITPR	medium	partial	itpr.hmm wins by 126.8 bits (100.0% of 126.8) over 252 profile positions; no ryr.hmm hit	126.8	0.0	126.8	1.0	6.7e-35		6.7e-35	0.094	0.0	252	0	0.532	472	Ctob_011565	Chrysochromulina tobinii	1460289	0	Inositol receptor type	protista_other
A0A0M0JZL2	unassigned	none	module	itpr.hmm matched only 180 profile positions (< 200) — a shared module, not a family assignment	51.9	0.0	51.9	1.0	2.5e-12		2.5e-12	0.067	0.0	180	0	0.824	227	Ctob_011564	Chrysochromulina tobinii	1460289	0	Inositol-1,4,5-triphosphate receptor	protista_other
A0A0M0K0T8	ITPR	medium	partial	itpr.hmm wins by 234.2 bits (54.3% of 431.2) over 652 profile positions	431.2	197.0	234.2	0.5431	1.2e-126	2.7e-56	1.2e-126	0.243	0.056	652	276	0.881	774	Ctob_011566	Chrysochromulina tobinii	1460289	0	Cation channel family protein	protista_other
A0A0M0K329	unassigned	none	module	ryr.hmm matched only 118 profile positions (< 200) — a shared module, not a family assignment	0.0	31.4	31.4	1.0		2.1e-06	2.1e-06	0.0	0.024	0	118	0.441	263	Ctob_010669	Chrysochromulina tobinii	1460289	0	Spla ryanodine receptor domain-containing protein	protista_other
A0A0M0K3A5	unassigned	none	module	ryr.hmm matched only 54 profile positions (< 200) — a shared module, not a family assignment	0.0	43.2	43.2	1.0		5.7e-10	5.7e-10	0.0	0.011	0	54	0.626	182	Ctob_008098	Chrysochromulina tobinii	1460289	0	Calmodulin (Fragment)	protista_other
A0A0M0K5W5	RYR	medium	partial	ryr.hmm wins by 86.8 bits (100.0% of 86.8) over 296 profile positions; no itpr.hmm hit	0.0	86.8	86.8	1.0		4.4e-23	4.4e-23	0.0	0.06	0	296	0.056	8369	Ctob_006571	Chrysochromulina tobinii	1460289	0	ubiquitinyl hydrolase 1	protista_other
A0A0M0K6P5	unassigned	none	module	ryr.hmm matched only 54 profile positions (< 200) — a shared module, not a family assignment	0.0	35.8	35.8	1.0		1e-07	1e-07	0.0	0.011	0	54	0.469	354	Ctob_009338	Chrysochromulina tobinii	1460289	0	Calmodulin	protista_other
A0A0M0K8W7	ITPR	medium	partial	itpr.hmm wins by 99.0 bits (76.0% of 130.3) over 228 profile positions	130.3	31.3	99.0	0.7598	6.3e-36	2.3e-06	6.3e-36	0.085	0.02	228	99	0.949	236	Ctob_010840	Chrysochromulina tobinii	1460289	0	Inositol-trisphosphate receptor (Fragment)	protista_other
A0A0M9FWZ5	unassigned	none	module	ryr.hmm matched only 59 profile positions (< 200) — a shared module, not a family assignment	0.0	53.6	53.6	1.0		4.3e-13	4.3e-13	0.0	0.012	0	59	0.779	149	ABB37_06970	Leptomonas pyrrhocoris	157538	0	Calmodulin	protista_other
A0A0N0DSP2	unassigned	none	module	ryr.hmm matched only 128 profile positions (< 200) — a shared module, not a family assignment	0.0	69.0	69.0	1.0		1e-17	1e-17	0.0	0.026	0	128	0.043	5753	ABB37_07709	Leptomonas pyrrhocoris	157538	0	Ubiquitin-protein ligase	protista_other
A0A0N0DTZ2	ITPR	high	architecture	itpr.hmm wins by 301.4 bits (60.4% of 499.1) over 1581 profile positions	499.1	197.7	301.4	0.6039	4e-147	1.7e-56	4e-147	0.589	0.095	1581	468	0.645	2978	ABB37_06626	Leptomonas pyrrhocoris	157538	0	MIR domain-containing protein	protista_other
A0A0N0DYC0	ITPR	medium	partial	itpr.hmm wins by 187.5 bits (45.8% of 409.6) over 778 profile positions	409.6	222.1	187.5	0.4578	3.9e-120	7.5e-64	3.9e-120	0.29	0.091	778	449	0.795	996	ABB37_02129	Leptomonas pyrrhocoris	157538	0	Putative mitochondrial insulin receptor,Ryanodine receptor	protista_other
A0A0N0P206	unassigned	none	module	ryr.hmm matched only 59 profile positions (< 200) — a shared module, not a family assignment	0.0	53.6	53.6	1.0		4.3e-13	4.3e-13	0.0	0.012	0	59	0.779	149	ABL78_8594	Leptomonas seymouri	5684	0	Calmodulin	protista_other
A0A0N0P7Y1	ITPR	high	architecture	itpr.hmm wins by 302.9 bits (61.9% of 489.3) over 1573 profile positions	489.3	186.4	302.9	0.619	3.7e-144	4.4e-53	3.7e-144	0.586	0.091	1573	449	0.624	2946	ABL78_1548	Leptomonas seymouri	5684	0	MIR domain-containing protein	protista_other
A0A0N0VFP4	unassigned	none	module	ryr.hmm matched only 133 profile positions (< 200) — a shared module, not a family assignment	0.0	101.1	101.1	1.0		2.2e-27	2.2e-27	0.0	0.027	0	133	0.056	4197	ABB37_04074	Leptomonas pyrrhocoris	157538	0	Putative ubiquitin-protein ligase	protista_other
A0A0N0VGQ3	unassigned	none	module	itpr.hmm matched only 166 profile positions (< 200) — a shared module, not a family assignment	34.5	0.0	34.5	1.0	4.6e-07		4.6e-07	0.062	0.0	166	0	0.602	460	ABB37_02125	Leptomonas pyrrhocoris	157538	0	Inositol 1,4,5-trisphosphate/ryanodine receptor domain-containing protein	protista_other
A0A0N0VGZ6	ITPR	medium	partial	itpr.hmm wins by 40.7 bits (100.0% of 40.7) over 564 profile positions; no ryr.hmm hit	40.7	0.0	40.7	1.0	6e-09		6e-09	0.21	0.0	564	0	0.378	1609	ABB37_02128	Leptomonas pyrrhocoris	157538	0	Putative mitochondrial ryanodine receptor, putative,insulin receptor	protista_other
A0A0N0VHF1	unassigned	none	module	ryr.hmm matched only 123 profile positions (< 200) — a shared module, not a family assignment	0.0	33.5	33.5	1.0		4.9e-07	4.9e-07	0.0	0.025	0	123	0.037	4157	ABB37_01465	Leptomonas pyrrhocoris	157538	0	B30.2/SPRY domain-containing protein	protista_other
A0A0N1I2H9	unassigned	none	module	ryr.hmm matched only 128 profile positions (< 200) — a shared module, not a family assignment	0.0	66.1	66.1	1.0		7.4e-17	7.4e-17	0.0	0.026	0	128	0.046	4948	ABL78_1226	Leptomonas seymouri	5684	0	HECT domain-containing protein	protista_other
A0A0N1I483	unassigned	none	module	ryr.hmm matched only 133 profile positions (< 200) — a shared module, not a family assignment	0.0	92.5	92.5	1.0		8.6e-25	8.6e-25	0.0	0.027	0	133	0.055	4206	ABL78_3875	Leptomonas seymouri	5684	0	Putative ubiquitin-protein ligase	protista_other
A0A0N1PBY7	unassigned	none	module	ryr.hmm matched only 84 profile positions (< 200) — a shared module, not a family assignment	0.0	33.3	33.3	1.0		5.6e-07	5.6e-07	0.0	0.017	0	84	0.021	4154	ABL78_6538	Leptomonas seymouri	5684	0	B30.2/SPRY domain-containing protein	protista_other
A0A0N1PDU9	ITPR	high	architecture	itpr.hmm wins by 369.4 bits (56.0% of 660.2) over 1943 profile positions	660.2	290.8	369.4	0.5595	1.1e-195	1.6e-84	1.1e-195	0.724	0.135	1943	666	0.675	3823	ABL78_3014	Leptomonas seymouri	5684	0	Uncharacterized protein	protista_other
A0A0N7L749	unassigned	none	module	ryr.hmm matched only 108 profile positions (< 200) — a shared module, not a family assignment	0.0	179.3	179.3	1.0		5.8e-51	5.8e-51	0.0	0.022	0	108	0.174	1164		Plasmopara halstedii	4781	0	Ryanodine-inositol-triphosphate receptor ca2 channel (Rir-) family protein	protista_other
A0A0P1A5D3	unassigned	none	module	ryr.hmm matched only 123 profile positions (< 200) — a shared module, not a family assignment	0.0	89.8	89.8	1.0		5.2e-24	5.2e-24	0.0	0.025	0	123	0.024	5198		Plasmopara halstedii	4781	0	FOG: RCC1 domain	protista_other
A0A0P1A6C1	unassigned	none	module	ryr.hmm matched only 54 profile positions (< 200) — a shared module, not a family assignment	0.0	31.3	31.3	1.0		2.2e-06	2.2e-06	0.0	0.011	0	54	0.091	1845		Plasmopara halstedii	4781	0	EF-hand domain-containing protein	protista_other
A0A0P1A6H4	RYR	medium	partial	ryr.hmm wins by 42.1 bits (100.0% of 42.1) over 212 profile positions; no itpr.hmm hit	0.0	42.1	42.1	1.0		1.2e-09	1.2e-09	0.0	0.043	0	212	0.198	1063		Plasmopara halstedii	4781	0	Regulator of chromosome condensation-like protein	protista_other
A0A0P1A7D2	unassigned	none	module	ryr.hmm matched only 123 profile positions (< 200) — a shared module, not a family assignment	0.0	107.1	107.1	1.0		3.4e-29	3.4e-29	0.0	0.025	0	123	0.049	4802		Plasmopara halstedii	4781	0	Hect e3 ubiquitin	protista_other
A0A0P1AAW7	unassigned	none	module	ryr.hmm matched only 128 profile positions (< 200) — a shared module, not a family assignment	0.0	83.8	83.8	1.0		3.6e-22	3.6e-22	0.0	0.026	0	128	0.215	613		Plasmopara halstedii	4781	0	Uncharacterized protein	protista_other
A0A0P1AN41	unassigned	none	module	ryr.hmm matched only 64 profile positions (< 200) — a shared module, not a family assignment	0.0	31.4	31.4	1.0		2.1e-06	2.1e-06	0.0	0.013	0	64	0.613	106		Plasmopara halstedii	4781	0	Ryanodine receptor Ryr	protista_other
A0A0P1AR25	unassigned	none	module	ryr.hmm matched only 64 profile positions (< 200) — a shared module, not a family assignment	0.0	54.9	54.9	1.0		1.8e-13	1.8e-13	0.0	0.013	0	64	0.258	1134		Plasmopara halstedii	4781	0	Calmodulin and related proteins (EF-Hand superfamily)	protista_other
A0A0P1ARY6	unassigned	none	module	ryr.hmm matched only 59 profile positions (< 200) — a shared module, not a family assignment	0.0	44.6	44.6	1.0		2.2e-10	2.2e-10	0.0	0.012	0	59	0.226	517		Plasmopara halstedii	4781	0	Camk protein kinase	protista_other
A0A0P1AS96	unassigned	none	module	ryr.hmm matched only 138 profile positions (< 200) — a shared module, not a family assignment	0.0	104.3	104.3	1.0		2.3e-28	2.3e-28	0.0	0.028	0	138	0.055	4328		Plasmopara halstedii	4781	0	FOG: RCC1 domain	protista_other
A0A0P1AUL7	unassigned	none	module	ryr.hmm matched only 64 profile positions (< 200) — a shared module, not a family assignment	0.0	59.6	59.6	1.0		6.6e-15	6.6e-15	0.0	0.013	0	64	0.202	930		Plasmopara halstedii	4781	0	Serine/threonine-protein phosphatase	protista_other
A0A0P1AVY8	RYR	medium	partial	ryr.hmm wins by 116.8 bits (100.0% of 116.8) over 212 profile positions; no itpr.hmm hit	0.0	116.8	116.8	1.0		4e-32	4e-32	0.0	0.043	0	212	0.261	756		Plasmopara halstedii	4781	0	Camkk protein kinase	protista_other
A0A0P1AX58	unassigned	none	module	ryr.hmm matched only 74 profile positions (< 200) — a shared module, not a family assignment	0.0	57.6	57.6	1.0		2.7e-14	2.7e-14	0.0	0.015	0	74	0.872	149		Plasmopara halstedii	4781	0	Calmodulin	protista_other
A0A0P1B1H7	unassigned	none	module	ryr.hmm matched only 59 profile positions (< 200) — a shared module, not a family assignment	0.0	30.9	30.9	1.0		3e-06	3e-06	0.0	0.012	0	59	0.699	166		Plasmopara halstedii	4781	0	Centrin 2	protista_other
A0A0S4IMZ4	unassigned	none	module	ryr.hmm matched only 84 profile positions (< 200) — a shared module, not a family assignment	0.0	40.1	40.1	1.0		5e-09	5e-09	0.0	0.017	0	84	0.045	1951	BSAL_55940	Bodo saltans	75058	0	HECT domain-containing protein	protista_other
A0A0S4INA7	ITPR	medium	partial	itpr.hmm wins by 205.1 bits (75.6% of 271.4) over 797 profile positions	271.4	66.3	205.1	0.7557	1.8e-78	6.4e-17	1.8e-78	0.297	0.067	797	330	0.817	1134	BSAL_52660	Bodo saltans	75058	0	Inositol 1,4,5-trisphosphate/ryanodine receptor, putative (Fragment)	protista_other
A0A0S4INB1	ITPR	high	architecture	itpr.hmm wins by 448.6 bits (61.1% of 734.6) over 1906 profile positions	734.6	286.0	448.6	0.6107	4.3e-218	4.4e-83	4.3e-218	0.71	0.131	1906	646	0.815	2655	BSAL_56455	Bodo saltans	75058	0	Inositol 1,4,5-trisphosphate/ryanodine receptor, putative	protista_other
A0A0S4INU4	ITPR	medium	partial	itpr.hmm wins by 31.1 bits (14.9% of 208.2) over 215 profile positions	208.2	177.1	31.1	0.1494	2e-59	2.8e-50	2e-59	0.08	0.038	215	187	0.782	261	BSAL_56460	Bodo saltans	75058	0	Transmembrane protein, putative	protista_other
A0A0S4INW6	unassigned	none	module	ryr.hmm matched only 158 profile positions (< 200) — a shared module, not a family assignment	0.0	86.0	86.0	1.0		7.4e-23	7.4e-23	0.0	0.032	0	158	0.112	2194	BSAL_57630	Bodo saltans	75058	0	B30.2/SPRY domain-containing protein	protista_other
A0A0S4IRR4	ITPR	medium	partial	itpr.hmm wins by 196.7 bits (40.5% of 486.0) over 1095 profile positions	486.0	289.3	196.7	0.4047	3.8e-143	4.3e-84	3.8e-143	0.408	0.111	1095	547	0.427	2848	BSAL_55895	Bodo saltans	75058	0	Ion transporter, putative	protista_other
A0A0S4IS38	unassigned	none	module	ryr.hmm matched only 59 profile positions (< 200) — a shared module, not a family assignment	0.0	53.6	53.6	1.0		4.3e-13	4.3e-13	0.0	0.012	0	59	0.779	149	BSAL_04750	Bodo saltans	75058	0	Calmodulin	protista_other
A0A0S4J0B5	unassigned	none	module	ryr.hmm matched only 89 profile positions (< 200) — a shared module, not a family assignment	0.0	51.0	51.0	1.0		2.7e-12	2.7e-12	0.0	0.018	0	89	0.058	1579	BSAL_84750	Bodo saltans	75058	0	B30.2/SPRY domain-containing protein (Fragment)	protista_other
A0A0S4J3F2	ITPR	high	architecture	itpr.hmm wins by 342.9 bits (50.4% of 680.3) over 1471 profile positions	680.3	337.4	342.9	0.504	9.8e-202	1.4e-98	9.8e-202	0.548	0.22	1471	1085	0.664	2423	BSAL_91055	Bodo saltans	75058	0	MIR domain-containing protein	protista_other
A0A0S4JFC8	unassigned	none	module	ryr.hmm matched only 59 profile positions (< 200) — a shared module, not a family assignment	0.0	52.8	52.8	1.0		7.4e-13	7.4e-13	0.0	0.012	0	59	0.676	170	BSAL_17700	Bodo saltans	75058	0	Calmodulin	protista_other
A0A0S4JGF0	ITPR	high	architecture	itpr.hmm wins by 459.1 bits (59.9% of 767.0) over 2335 profile positions	767.0	307.9	459.1	0.5986	7.1e-228	1.1e-89	7.1e-228	0.87	0.149	2335	735	0.786	4222	BSAL_18940	Bodo saltans	75058	0	Transmembrane protein, putative	protista_other
A0A0S4JQF2	ITPR	high	architecture	itpr.hmm wins by 306.1 bits (52.2% of 586.3) over 1860 profile positions	586.3	280.2	306.1	0.5221	2.2e-173	2.3e-81	2.2e-173	0.693	0.148	1860	730	0.814	2412	BSAL_37210	Bodo saltans	75058	0	Transmembrane protein, putative	protista_other
A0A0S4JVZ8	unassigned	none	module	ryr.hmm matched only 173 profile positions (< 200) — a shared module, not a family assignment	0.0	103.1	103.1	1.0		5.3e-28	5.3e-28	0.0	0.035	0	173	0.069	3604	BSAL_47130	Bodo saltans	75058	0	Ubiquitin-protein ligase	protista_other
A0A0S4KDU1	ITPR	high	architecture	itpr.hmm wins by 454.0 bits (58.0% of 782.5) over 1750 profile positions	782.5	328.5	454.0	0.5802	1.6e-232	6.7e-96	1.6e-232	0.652	0.157	1750	774	0.824	2356	BSAL_52665	Bodo saltans	75058	0	Inositol 1,4,5-trisphosphate/ryanodine receptor, putative (Fragment)	protista_other
A0A0S4TBP9	unassigned	none	module	ryr.hmm matched only 69 profile positions (< 200) — a shared module, not a family assignment	0.0	50.2	50.2	1.0		4.5e-12	4.5e-12	0.0	0.014	0	69	0.872	149	GY17_00003442	Cryptosporidium hominis	237895	0	Calmodulin	protista_other
A0A0S4TBT3	unassigned	none	module	ryr.hmm matched only 54 profile positions (< 200) — a shared module, not a family assignment	0.0	45.9	45.9	1.0		9.3e-11	9.3e-11	0.0	0.011	0	54	0.171	677	GY17_00003491	Cryptosporidium hominis	237895	0	Calcium-dependent protein kinase 1	protista_other
A0A0V0Q8T2	ITPR	medium	partial	itpr.hmm wins by 233.8 bits (63.6% of 367.8) over 1106 profile positions	367.8	134.0	233.8	0.6357	1.5e-107	2.6e-37	1.5e-107	0.412	0.102	1106	503	0.785	1473	PPERSA_00228	Pseudocohnilembus persalinus	266149	0	RyR/IP3R Homology associated domain-containing protein	protista_other
A0A0V0Q9G8	ITPR	high	architecture	itpr.hmm wins by 469.2 bits (71.1% of 660.1) over 2418 profile positions	660.1	190.9	469.2	0.7108	1.2e-195	1.9e-54	1.2e-195	0.901	0.229	2418	1129	0.977	3067	PPERSA_07362	Pseudocohnilembus persalinus	266149	0	MIR motif	protista_other
A0A0V0QA26	unassigned	none	module	itpr.hmm matched only 169 profile positions (< 200) — a shared module, not a family assignment	99.6	67.4	32.2	0.3233	1.1e-26	3e-17	1.1e-26	0.063	0.026	169	128	0.587	300	PPERSA_09441	Pseudocohnilembus persalinus	266149	0	Ion transport domain-containing protein	protista_other
A0A0V0QEF2	ITPR	high	architecture	itpr.hmm wins by 275.5 bits (100.0% of 275.5) over 2426 profile positions; no ryr.hmm hit	275.5	0.0	275.5	1.0	1e-79		1e-79	0.904	0.0	2426	0	0.946	3260	PPERSA_12821	Pseudocohnilembus persalinus	266149	0	MIR motif	protista_other
A0A0V0QF34	ITPR	high	architecture	itpr.hmm wins by 541.7 bits (74.0% of 731.6) over 2279 profile positions	731.6	189.9	541.7	0.7404	3.5e-217	3.8e-54	3.5e-217	0.849	0.186	2279	917	0.966	2793	PPERSA_03049	Pseudocohnilembus persalinus	266149	0	MIR motif	protista_other
A0A0V0QH72	unassigned	none	module	ryr.hmm matched only 69 profile positions (< 200) — a shared module, not a family assignment	0.0	57.1	57.1	1.0		3.9e-14	3.9e-14	0.0	0.014	0	69	0.872	149	PPERSA_01421	Pseudocohnilembus persalinus	266149	0	Calmodulin	protista_other
A0A0V0QHH0	unassigned	none	module	ryr.hmm matched only 64 profile positions (< 200) — a shared module, not a family assignment	0.0	36.8	36.8	1.0		5e-08	5e-08	0.0	0.013	0	64	0.265	472	PPERSA_00319	Pseudocohnilembus persalinus	266149	0	Calcium-dependent protein kinase 1	protista_other
A0A0V0QI37	unassigned	none	module	ryr.hmm matched only 69 profile positions (< 200) — a shared module, not a family assignment	0.0	35.0	35.0	1.0		1.8e-07	1.8e-07	0.0	0.014	0	69	0.261	475	PPERSA_05724	Pseudocohnilembus persalinus	266149	0	non-specific serine/threonine protein kinase	protista_other
A0A0V0QKQ8	ITPR	medium	partial	itpr.hmm wins by 86.3 bits (45.7% of 189.0) over 690 profile positions	189.0	102.7	86.3	0.4566	1.2e-53	6.9e-28	1.2e-53	0.257	0.059	690	291	0.921	774	PPERSA_02280	Pseudocohnilembus persalinus	266149	0	RyR/IP3R Homology associated domain-containing protein	protista_other
A0A0V0QLA8	ITPR	medium	partial	itpr.hmm wins by 213.6 bits (66.0% of 323.8) over 588 profile positions	323.8	110.2	213.6	0.6597	2.8e-94	4e-30	2.8e-94	0.219	0.078	588	385	0.785	911	PPERSA_04075	Pseudocohnilembus persalinus	266149	0	Ion transport domain-containing protein	protista_other
A0A0V0QX04	ITPR	high	architecture	itpr.hmm wins by 440.1 bits (68.2% of 645.2) over 2319 profile positions	645.2	205.1	440.1	0.6821	3.9e-191	9.9e-59	3.9e-191	0.864	0.133	2319	656	0.951	3118	PPERSA_11436	Pseudocohnilembus persalinus	266149	0	MIR motif	protista_other
A0A0V0QX12	ITPR	high	architecture	itpr.hmm wins by 189.4 bits (100.0% of 189.4) over 1750 profile positions; no ryr.hmm hit	189.4	0.0	189.4	1.0	9.6e-54		9.6e-54	0.652	0.0	1750	0	0.761	2663	PPERSA_07094	Pseudocohnilembus persalinus	266149	0	MIR motif	protista_other
A0A0V0QZC4	ITPR	high	architecture	itpr.hmm wins by 92.3 bits (54.3% of 169.9) over 2300 profile positions	169.9	77.6	92.3	0.5433	7.1e-48	2.6e-20	7.1e-48	0.857	0.133	2300	656	0.968	2619	PPERSA_03241	Pseudocohnilembus persalinus	266149	0	MIR motif	protista_other
A0A0V0R1C0	ITPR	high	architecture	itpr.hmm wins by 187.7 bits (68.3% of 274.6) over 1975 profile positions	274.6	86.9	187.7	0.6835	2e-79	4.1e-23	2e-79	0.736	0.173	1975	853	0.731	3293	PPERSA_01799	Pseudocohnilembus persalinus	266149	0	MIR motif	protista_other
A0A0V0R2X6	ITPR	high	architecture	itpr.hmm wins by 353.1 bits (66.3% of 532.2) over 2123 profile positions	532.2	179.1	353.1	0.6635	4.4e-157	7e-51	4.4e-157	0.791	0.181	2123	892	0.728	3618	PPERSA_08982	Pseudocohnilembus persalinus	266149	0	MIR motif	protista_other
A0A0V0R420	ITPR	medium	partial	itpr.hmm wins by 225.1 bits (51.6% of 436.6) over 1256 profile positions	436.6	211.5	225.1	0.5156	2.9e-128	1.2e-60	2.9e-128	0.468	0.055	1256	271	0.758	1858	PPERSA_08862	Pseudocohnilembus persalinus	266149	0	MIR domain protein	protista_other
A0A0V0R4A7	ITPR	medium	partial	itpr.hmm wins by 54.1 bits (37.3% of 144.9) over 494 profile positions	144.9	90.8	54.1	0.3734	2.4e-40	2.7e-24	2.4e-40	0.184	0.059	494	291	0.282	1804	PPERSA_05983	Pseudocohnilembus persalinus	266149	0	RyR/IP3R Homology associated domain-containing protein	protista_other
A0A0V0R7F6	ITPR	medium	partial	itpr.hmm wins by 52.3 bits (34.2% of 152.7) over 741 profile positions	152.7	100.4	52.3	0.3425	1.1e-42	3.4e-27	1.1e-42	0.276	0.069	741	340	0.318	2497	PPERSA_10511	Pseudocohnilembus persalinus	266149	0	RyR/IP3R Homology associated domain-containing protein	protista_other
A0A0V0R909	ITPR	medium	partial	itpr.hmm wins by 36.4 bits (100.0% of 36.4) over 515 profile positions; no ryr.hmm hit	36.4	0.0	36.4	1.0	1.2e-07		1.2e-07	0.192	0.0	515	0	0.958	664	PPERSA_12054	Pseudocohnilembus persalinus	266149	0	MIR motif	protista_other
A0A0V0R957	unassigned	none	module	ryr.hmm matched only 74 profile positions (< 200) — a shared module, not a family assignment	0.0	50.9	50.9	1.0		2.9e-12	2.9e-12	0.0	0.015	0	74	0.878	295	PPERSA_03059	Pseudocohnilembus persalinus	266149	0	EF-hand domain-containing protein	protista_other
A0A0V0R9A1	ITPR	high	architecture	itpr.hmm wins by 155.9 bits (56.3% of 276.7) over 1696 profile positions	276.7	120.8	155.9	0.5634	4.4e-80	2.4e-33	4.4e-80	0.632	0.098	1696	483	0.635	3169	PPERSA_01225	Pseudocohnilembus persalinus	266149	0	MIR motif	protista_other
A0A125YJL1	unassigned	none	module	ryr.hmm matched only 89 profile positions (< 200) — a shared module, not a family assignment	0.0	58.2	58.2	1.0		1.8e-14	1.8e-14	0.0	0.018	0	89	0.117	768	TGVEG_207430	Toxoplasma gondii (strain ATCC 50861 / VEG)	432359	0	ATP-dependent RNA helicase DDX1	protista_other
A0A125YQH0	unassigned	none	module	ryr.hmm matched only 59 profile positions (< 200) — a shared module, not a family assignment	0.0	45.3	45.3	1.0		1.4e-10	1.4e-10	0.0	0.012	0	59	0.167	682	CDPK5	Toxoplasma gondii (strain ATCC 50611 / Me49)	508771	0	non-specific serine/threonine protein kinase	protista_other
A0A125YQH2	unassigned	none	module	ryr.hmm matched only 59 profile positions (< 200) — a shared module, not a family assignment	0.0	45.3	45.3	1.0		1.4e-10	1.4e-10	0.0	0.012	0	59	0.167	682	TGVEG_224950	Toxoplasma gondii (strain ATCC 50861 / VEG)	432359	0	non-specific serine/threonine protein kinase	protista_other
A0A125YS29	unassigned	none	module	ryr.hmm matched only 69 profile positions (< 200) — a shared module, not a family assignment	0.0	57.6	57.6	1.0		2.7e-14	2.7e-14	0.0	0.014	0	69	0.872	149	TGME49_249240	Toxoplasma gondii (strain ATCC 50611 / Me49)	508771	0	Calmodulin	protista_other
A0A125YZN2	unassigned	none	module	best profile score 29.7 < 30 bits	0.0	29.7	29.7	1.0		6.9e-06	6.9e-06	0.0	0.012	0	59	0.665	170	CEN2	Toxoplasma gondii (strain ATCC 50611 / Me49)	508771	1	Centrin-2	protista_other
A0A125YZN4	unassigned	none	module	best profile score 29.7 < 30 bits	0.0	29.7	29.7	1.0		6.9e-06	6.9e-06	0.0	0.012	0	59	0.665	170	TGVEG_250340	Toxoplasma gondii (strain ATCC 50861 / VEG)	432359	0	Centrin 2	protista_other
A0A151LAM0	unassigned	none	module	ryr.hmm matched only 64 profile positions (< 200) — a shared module, not a family assignment	0.0	58.6	58.6	1.0		1.3e-14	1.3e-14	0.0	0.013	0	64	0.846	149	PGABG01_1432900	Plasmodium gaboni	647221	0	Calmodulin	protista_other
A0A151LDY9	unassigned	none	module	ryr.hmm matched only 94 profile positions (< 200) — a shared module, not a family assignment	0.0	37.9	37.9	1.0		2.3e-08	2.3e-08	0.0	0.019	0	94	0.289	568	PGABG01_1335800	Plasmodium gaboni	647221	0	non-specific serine/threonine protein kinase	protista_other
A0A151LWY7	unassigned	none	module	ryr.hmm matched only 59 profile positions (< 200) — a shared module, not a family assignment	0.0	30.2	30.2	1.0		4.9e-06	4.9e-06	0.0	0.012	0	59	0.685	168	PGABG01_0105400	Plasmodium gaboni	647221	0	Centrin-1	protista_other
A0A151Z3P6	ITPR	high	architecture	itpr.hmm wins by 1046.9 bits (83.2% of 1257.5) over 2612 profile positions	1257.5	210.6	1046.9	0.8325	0	2.2e-60	0	0.973	0.243	2612	1198	0.998	2929	DLAC_11299	Tieghemostelium lacteum	361077	0	Inositol 1	protista_other
A0A151ZAK1	unassigned	none	module	ryr.hmm matched only 123 profile positions (< 200) — a shared module, not a family assignment	0.0	47.5	47.5	1.0		2.9e-11	2.9e-11	0.0	0.025	0	123	0.097	1170	DLAC_07859	Tieghemostelium lacteum	361077	0	ATP-dependent RNA helicase	protista_other
A0A151ZDD3	unassigned	none	module	ryr.hmm matched only 138 profile positions (< 200) — a shared module, not a family assignment	0.0	38.3	38.3	1.0		1.8e-08	1.8e-08	0.0	0.028	0	138	0.252	552	DLAC_07181	Tieghemostelium lacteum	361077	0	B30.2/SPRY domain-containing protein	protista_other
A0A152A0H2	unassigned	none	module	ryr.hmm matched only 59 profile positions (< 200) — a shared module, not a family assignment	0.0	57.4	57.4	1.0		3.2e-14	3.2e-14	0.0	0.012	0	59	0.788	151	DLAC_03649	Tieghemostelium lacteum	361077	0	Calmodulin	protista_other
A0A152A0K1	ITPR	medium	partial	itpr.hmm wins by 202.1 bits (61.4% of 329.4) over 1103 profile positions	329.4	127.3	202.1	0.6135	6e-96	2.7e-35	6e-96	0.411	0.099	1103	488	0.462	2803	DLAC_03726	Tieghemostelium lacteum	361077	0	Inositol 1	protista_other
A0A152A3E1	unassigned	none	module	ryr.hmm matched only 108 profile positions (< 200) — a shared module, not a family assignment	0.0	40.1	40.1	1.0		5.1e-09	5.1e-09	0.0	0.022	0	108	0.259	428	DLAC_02771	Tieghemostelium lacteum	361077	0	Uncharacterized protein	protista_other
A0A152A645	unassigned	none	module	ryr.hmm matched only 108 profile positions (< 200) — a shared module, not a family assignment	0.0	33.5	33.5	1.0		4.8e-07	4.8e-07	0.0	0.022	0	108	0.122	1954	DLAC_01697	Tieghemostelium lacteum	361077	0	non-specific serine/threonine protein kinase	protista_other
A0A152A7I8	ITPR	medium	partial	itpr.hmm wins by 167.5 bits (55.6% of 301.2) over 1205 profile positions	301.2	133.7	167.5	0.5561	1.8e-87	3.3e-37	1.8e-87	0.449	0.074	1205	365	0.55	2845	DLAC_01018	Tieghemostelium lacteum	361077	0	Inositol 1	protista_other
A0A152A870	ITPR	high	architecture	itpr.hmm wins by 265.5 bits (64.9% of 409.2) over 1487 profile positions	409.2	143.7	265.5	0.6488	5.1e-120	3.1e-40	5.1e-120	0.554	0.098	1487	483	0.684	2342	DLAC_01156	Tieghemostelium lacteum	361077	0	Inositol 1	protista_other
A0A196SA56	unassigned	none	module	ryr.hmm matched only 113 profile positions (< 200) — a shared module, not a family assignment	0.0	51.7	51.7	1.0		1.6e-12	1.6e-12	0.0	0.023	0	113	0.149	726	AV274_5109	Blastocystis sp. subtype 1 (strain ATCC 50177 / NandII)	478820	0	ATP-dependent RNA helicase	protista_other
A0A196SBK5	unassigned	none	module	ryr.hmm matched only 54 profile positions (< 200) — a shared module, not a family assignment	0.0	30.0	30.0	1.0		5.5e-06	5.5e-06	0.0	0.011	0	54	0.223	462	AV274_3907	Blastocystis sp. subtype 1 (strain ATCC 50177 / NandII)	478820	0	Calmodulin	protista_other
A0A196SD32	unassigned	none	module	ryr.hmm matched only 59 profile positions (< 200) — a shared module, not a family assignment	0.0	54.6	54.6	1.0		2.2e-13	2.2e-13	0.0	0.012	0	59	0.764	148	AV274_3377	Blastocystis sp. subtype 1 (strain ATCC 50177 / NandII)	478820	0	Calmodulin	protista_other
A0A196SFW3	unassigned	none	module	ryr.hmm matched only 128 profile positions (< 200) — a shared module, not a family assignment	0.0	81.1	81.1	1.0		2.3e-21	2.3e-21	0.0	0.026	0	128	0.262	478	AV274_2266	Blastocystis sp. subtype 1 (strain ATCC 50177 / NandII)	478820	0	RING finger and SPRY domain-containing protein	protista_other
A0A196SHR1	unassigned	none	module	ryr.hmm matched only 54 profile positions (< 200) — a shared module, not a family assignment	0.0	36.9	36.9	1.0		4.8e-08	4.8e-08	0.0	0.011	0	54	0.238	470	AV274_2838	Blastocystis sp. subtype 1 (strain ATCC 50177 / NandII)	478820	0	Calmodulin	protista_other
A0A1A8W8Q9	unassigned	none	module	ryr.hmm matched only 64 profile positions (< 200) — a shared module, not a family assignment	0.0	58.6	58.6	1.0		1.3e-14	1.3e-14	0.0	0.013	0	64	0.846	149	CAM	Plasmodium malariae	5858	0	Calmodulin	protista_other
A0A1A8YGI7	unassigned	none	module	ryr.hmm matched only 59 profile positions (< 200) — a shared module, not a family assignment	0.0	30.4	30.4	1.0		4.1e-06	4.1e-06	0.0	0.012	0	59	0.714	161	POVWA1_003220	Plasmodium ovale wallikeri	864142	0	Centrin-1, putative (CEN1)	protista_other
A0A1A8Z9P9	unassigned	none	module	ryr.hmm matched only 64 profile positions (< 200) — a shared module, not a family assignment	0.0	35.8	35.8	1.0		9.8e-08	9.8e-08	0.0	0.013	0	64	0.177	685	POVWA1_042310	Plasmodium ovale wallikeri	864142	0	non-specific serine/threonine protein kinase	protista_other
A0A1A8ZNK1	unassigned	none	module	ryr.hmm matched only 69 profile positions (< 200) — a shared module, not a family assignment	0.0	37.4	37.4	1.0		3.3e-08	3.3e-08	0.0	0.014	0	69	0.885	113	POVWA1_051100	Plasmodium ovale wallikeri	864142	0	Calmodulin	protista_other
A0A1B1DT96	unassigned	none	module	ryr.hmm matched only 59 profile positions (< 200) — a shared module, not a family assignment	0.0	30.3	30.3	1.0		4.7e-06	4.7e-06	0.0	0.012	0	59	0.685	168	PCOAH_00003320	Plasmodium coatneyi	208452	0	Centrin	protista_other
A0A1B1DVC4	unassigned	none	module	ryr.hmm matched only 69 profile positions (< 200) — a shared module, not a family assignment	0.0	58.4	58.4	1.0		1.6e-14	1.6e-14	0.0	0.014	0	69	0.872	149	PCOAH_00007940	Plasmodium coatneyi	208452	0	Calmodulin	protista_other
A0A1B1E479	unassigned	none	module	ryr.hmm matched only 64 profile positions (< 200) — a shared module, not a family assignment	0.0	40.6	40.6	1.0		3.5e-09	3.5e-09	0.0	0.013	0	64	0.231	563	PCOAH_00042070	Plasmodium coatneyi	208452	0	non-specific serine/threonine protein kinase	protista_other
A0A1C3KMX4	unassigned	none	module	ryr.hmm matched only 59 profile positions (< 200) — a shared module, not a family assignment	0.0	30.2	30.2	1.0		4.8e-06	4.8e-06	0.0	0.012	0	59	0.685	168	CEN1	Plasmodium ovale	36330	0	Centrin-1, putative	protista_other
A0A1C3KX94	unassigned	none	module	ryr.hmm matched only 69 profile positions (< 200) — a shared module, not a family assignment	0.0	58.4	58.4	1.0		1.6e-14	1.6e-14	0.0	0.014	0	69	0.872	149	PocGH01_13026100	Plasmodium ovale	36330	0	Calmodulin	protista_other
A0A1D3CT01	unassigned	none	module	ryr.hmm matched only 59 profile positions (< 200) — a shared module, not a family assignment	0.0	32.1	32.1	1.0		1.3e-06	1.3e-06	0.0	0.012	0	59	0.299	398	cyc_06424	Cyclospora cayetanensis	88456	0	Centrin-1-like isoform x1	protista_other
A0A1D3CW67	unassigned	none	module	ryr.hmm matched only 59 profile positions (< 200) — a shared module, not a family assignment	0.0	35.2	35.2	1.0		1.5e-07	1.5e-07	0.0	0.012	0	59	0.189	604	cyc_06607	Cyclospora cayetanensis	88456	0	non-specific serine/threonine protein kinase	protista_other
A0A1D3D2Q6	unassigned	none	module	best profile score 29.6 < 30 bits	0.0	29.6	29.6	1.0		7.5e-06	7.5e-06	0.0	0.018	0	89	0.162	507	cyc_04507	Cyclospora cayetanensis	88456	0	EF hand domain-containing protein	protista_other
A0A1D3D906	unassigned	none	module	ryr.hmm matched only 69 profile positions (< 200) — a shared module, not a family assignment	0.0	54.2	54.2	1.0		2.9e-13	2.9e-13	0.0	0.014	0	69	0.514	251	cyc_01598	Cyclospora cayetanensis	88456	0	Calmodulin	protista_other
A0A1D3JKU6	unassigned	none	module	ryr.hmm matched only 59 profile positions (< 200) — a shared module, not a family assignment	0.0	30.2	30.2	1.0		4.8e-06	4.8e-06	0.0	0.012	0	59	0.685	168	CEN1	Plasmodium malariae	5858	0	Centrin-1, putative	protista_other
A0A1D3SP39	unassigned	none	module	ryr.hmm matched only 94 profile positions (< 200) — a shared module, not a family assignment	0.0	43.4	43.4	1.0		5.1e-10	5.1e-10	0.0	0.019	0	94	0.281	591	CDPK5	Plasmodium malariae	5858	0	non-specific serine/threonine protein kinase	protista_other
A0A1D3TKD2	unassigned	none	module	ryr.hmm matched only 94 profile positions (< 200) — a shared module, not a family assignment	0.0	36.0	36.0	1.0		8.4e-08	8.4e-08	0.0	0.019	0	94	0.234	701	CDPK5	Plasmodium ovale	36330	0	non-specific serine/threonine protein kinase	protista_other
A0A1E7FEV9	unassigned	none	module	ryr.hmm matched only 74 profile positions (< 200) — a shared module, not a family assignment	0.0	52.4	52.4	1.0		9.6e-13	9.6e-13	0.0	0.015	0	74	0.872	149	FRACYDRAFT_269076	Fragilariopsis cylindrus CCMP1102	635003	0	Calmodulin	protista_other
A0A1E7FEW8	unassigned	none	module	ryr.hmm matched only 54 profile positions (< 200) — a shared module, not a family assignment	0.0	42.6	42.6	1.0		8.8e-10	8.8e-10	0.0	0.011	0	54	0.757	148	FRACYDRAFT_208429	Fragilariopsis cylindrus CCMP1102	635003	0	EF-hand	protista_other
A0A1E7FIN9	unassigned	none	module	ryr.hmm matched only 69 profile positions (< 200) — a shared module, not a family assignment	0.0	45.9	45.9	1.0		8.8e-11	8.8e-11	0.0	0.014	0	69	0.216	560	FRACYDRAFT_184496	Fragilariopsis cylindrus CCMP1102	635003	0	non-specific serine/threonine protein kinase	protista_other
A0A1E7FVL0	unassigned	none	module	ryr.hmm matched only 113 profile positions (< 200) — a shared module, not a family assignment	0.0	33.0	33.0	1.0		7.2e-07	7.2e-07	0.0	0.023	0	113	0.171	668	FRACYDRAFT_258960	Fragilariopsis cylindrus CCMP1102	635003	0	SPRY-domain-containing protein	protista_other
A0A1E7FVX2	unassigned	none	module	ryr.hmm matched only 59 profile positions (< 200) — a shared module, not a family assignment	0.0	54.9	54.9	1.0		1.8e-13	1.8e-13	0.0	0.012	0	59	0.779	149	FRACYDRAFT_166325	Fragilariopsis cylindrus CCMP1102	635003	0	Calmodulin	protista_other
A0A1G4I1P1	unassigned	none	module	ryr.hmm matched only 59 profile positions (< 200) — a shared module, not a family assignment	0.0	54.0	54.0	1.0		3.2e-13	3.2e-13	0.0	0.012	0	59	0.779	149	TEOVI_000732400	Trypanosoma equiperdum	5694	0	Calmodulin	protista_other
A0A1G4I324	ITPR	high	architecture	itpr.hmm wins by 291.5 bits (50.3% of 579.6) over 1594 profile positions	579.6	288.1	291.5	0.5029	2.2e-171	1e-83	2.2e-171	0.594	0.08	1594	394	0.61	3099	TEOVI_000592500	Trypanosoma equiperdum	5694	0	Inositol 1,4,5-trisphosphate receptor	protista_other
A0A1G4IBZ9	unassigned	none	module	ryr.hmm matched only 143 profile positions (< 200) — a shared module, not a family assignment	0.0	100.9	100.9	1.0		2.5e-27	2.5e-27	0.0	0.029	0	143	0.063	4460	TEOVI_000105100	Trypanosoma equiperdum	5694	0	Concanavalin A-like lectin/glucanases superfamily/SPRY domain/HECT-domain (Ubiquitin-transferase), putative	protista_other
A0A1G4IDA1	unassigned	none	module	ryr.hmm matched only 59 profile positions (< 200) — a shared module, not a family assignment	0.0	34.9	34.9	1.0		1.8e-07	1.8e-07	0.0	0.012	0	59	0.718	163	TEOVI_000184900	Trypanosoma equiperdum	5694	0	Calmodulin, putative	protista_other
A0A1G4IDM1	unassigned	none	module	ryr.hmm matched only 138 profile positions (< 200) — a shared module, not a family assignment	0.0	106.1	106.1	1.0		6.4e-29	6.4e-29	0.0	0.028	0	138	0.06	3721	TEOVI_000169000	Trypanosoma equiperdum	5694	0	Concanavalin A-like lectin/glucanases superfamily/SPRY domain/HECT-domain (Ubiquitin-transferase), putative	protista_other
A0A1J1GM64	unassigned	none	module	ryr.hmm matched only 59 profile positions (< 200) — a shared module, not a family assignment	0.0	30.4	30.4	1.0		4.1e-06	4.1e-06	0.0	0.012	0	59	0.714	161	CEN1	Plasmodium gallinaceum	5849	0	Centrin-1, putative	protista_other
A0A1J1GUV6	unassigned	none	module	ryr.hmm matched only 64 profile positions (< 200) — a shared module, not a family assignment	0.0	40.4	40.4	1.0		4e-09	4e-09	0.0	0.013	0	64	0.212	567	CDPK5	Plasmodium gallinaceum	5849	0	non-specific serine/threonine protein kinase	protista_other
A0A1J1GX22	unassigned	none	module	ryr.hmm matched only 69 profile positions (< 200) — a shared module, not a family assignment	0.0	58.4	58.4	1.0		1.6e-14	1.6e-14	0.0	0.014	0	69	0.872	149	CAM	Plasmodium gallinaceum	5849	0	Calmodulin	protista_other
A0A1J1H9U2	unassigned	none	module	ryr.hmm matched only 64 profile positions (< 200) — a shared module, not a family assignment	0.0	41.2	41.2	1.0		2.4e-09	2.4e-09	0.0	0.013	0	64	0.212	566	CDPK5	Plasmodium relictum	85471	0	non-specific serine/threonine protein kinase	protista_other
A0A1J1HCE2	unassigned	none	module	best profile score 29.8 < 30 bits	0.0	29.8	29.8	1.0		6.6e-06	6.6e-06	0.0	0.012	0	59	0.714	161	CEN1	Plasmodium relictum	85471	0	Centrin-1, putative	protista_other
A0A1J1HD39	unassigned	none	module	ryr.hmm matched only 69 profile positions (< 200) — a shared module, not a family assignment	0.0	58.4	58.4	1.0		1.6e-14	1.6e-14	0.0	0.014	0	69	0.872	149	CAM	Plasmodium relictum	85471	0	Calmodulin	protista_other
A0A1J4J658	unassigned	none	module	ryr.hmm matched only 54 profile positions (< 200) — a shared module, not a family assignment	0.0	40.9	40.9	1.0		2.8e-09	2.8e-09	0.0	0.011	0	54	0.752	149	CMD1	Tritrichomonas foetus	1144522	0	Calmodulin	protista_other
A0A1J4JC69	unassigned	none	module	ryr.hmm matched only 54 profile positions (< 200) — a shared module, not a family assignment	0.0	52.0	52.0	1.0		1.3e-12	1.3e-12	0.0	0.011	0	54	0.755	151	TRFO_36968	Tritrichomonas foetus	1144522	0	Calmodulin	protista_other
A0A1J4JFV9	unassigned	none	module	ryr.hmm matched only 59 profile positions (< 200) — a shared module, not a family assignment	0.0	30.3	30.3	1.0		4.4e-06	4.4e-06	0.0	0.012	0	59	0.733	161	TRFO_09910	Tritrichomonas foetus	1144522	0	Caltractin	protista_other
A0A1J4K1B0	unassigned	none	module	ryr.hmm matched only 59 profile positions (< 200) — a shared module, not a family assignment	0.0	31.9	31.9	1.0		1.5e-06	1.5e-06	0.0	0.012	0	59	0.736	159	TRFO_27164	Tritrichomonas foetus	1144522	0	Caltractin	protista_other
A0A1J4K3I5	unassigned	none	module	ryr.hmm matched only 54 profile positions (< 200) — a shared module, not a family assignment	0.0	40.6	40.6	1.0		3.6e-09	3.6e-09	0.0	0.011	0	54	0.752	149	CMD1	Tritrichomonas foetus	1144522	0	Calmodulin	protista_other
A0A1J4KUC3	unassigned	none	module	ryr.hmm matched only 54 profile positions (< 200) — a shared module, not a family assignment	0.0	43.8	43.8	1.0		3.8e-10	3.8e-10	0.0	0.011	0	54	0.748	151	TRFO_16574	Tritrichomonas foetus	1144522	0	Calmodulin	protista_other
A0A1J4L6X3	unassigned	none	module	ryr.hmm matched only 54 profile positions (< 200) — a shared module, not a family assignment	0.0	36.0	36.0	1.0		8.9e-08	8.9e-08	0.0	0.011	0	54	0.815	130	TRFO_01002	Tritrichomonas foetus	1144522	0	Calmodulin	protista_other
A0A1J4ME23	unassigned	none	module	ryr.hmm matched only 69 profile positions (< 200) — a shared module, not a family assignment	0.0	50.2	50.2	1.0		4.5e-12	4.5e-12	0.0	0.014	0	69	0.872	149	cubi_00460	Cryptosporidium ubiquitum	857276	0	Calmodulin	protista_other
A0A1J4ME45	unassigned	none	module	ryr.hmm matched only 54 profile positions (< 200) — a shared module, not a family assignment	0.0	45.8	45.8	1.0		9.5e-11	9.5e-11	0.0	0.011	0	54	0.171	677	cubi_00509	Cryptosporidium ubiquitum	857276	0	non-specific serine/threonine protein kinase	protista_other
A0A1J4MP29	unassigned	none	module	ryr.hmm matched only 59 profile positions (< 200) — a shared module, not a family assignment	0.0	49.2	49.2	1.0		9.2e-12	9.2e-12	0.0	0.012	0	59	0.173	664	cand_007470	Cryptosporidium andersoni	117008	0	non-specific serine/threonine protein kinase	protista_other
A0A1J4MPF5	unassigned	none	module	ryr.hmm matched only 69 profile positions (< 200) — a shared module, not a family assignment	0.0	49.7	49.7	1.0		6.6e-12	6.6e-12	0.0	0.014	0	69	0.872	149	cand_008020	Cryptosporidium andersoni	117008	0	Calmodulin	protista_other
A0A1J4MVB1	unassigned	none	module	ryr.hmm matched only 118 profile positions (< 200) — a shared module, not a family assignment	0.0	35.4	35.4	1.0		1.3e-07	1.3e-07	0.0	0.024	0	118	0.188	627	cand_023960	Cryptosporidium andersoni	117008	0	SPRY domain-containing protein	protista_other
A0A1Q9CKL8	unassigned	none	module	ryr.hmm matched only 69 profile positions (< 200) — a shared module, not a family assignment	0.0	57.7	57.7	1.0		2.5e-14	2.5e-14	0.0	0.014	0	69	0.872	149	Calmodulin	Symbiodinium microadriaticum	2951	0	Calmodulin	protista_other
A0A1Q9CN86	ITPR	medium	partial	itpr.hmm wins by 156.7 bits (55.1% of 284.4) over 923 profile positions	284.4	127.7	156.7	0.551	2.2e-82	2.1e-35	2.2e-82	0.344	0.05	923	246	0.109	9504	RYR1	Symbiodinium microadriaticum	2951	0	Ryanodine receptor 1	protista_other
A0A1Q9D4C7	unassigned	none	module	itpr.hmm matched only 142 profile positions (< 200) — a shared module, not a family assignment	37.7	0.0	37.7	1.0	5.1e-08		5.1e-08	0.053	0.0	142	0	0.055	2653	ADS3	Symbiodinium microadriaticum	2951	0	Palmitoyl-monogalactosyldiacylglycerol delta-7 desaturase, chloroplastic	protista_other
A0A1Q9DB12	unassigned	none	module	ryr.hmm matched only 84 profile positions (< 200) — a shared module, not a family assignment	0.0	33.0	33.0	1.0		7e-07	7e-07	0.0	0.017	0	84	0.045	2058	UPL3	Symbiodinium microadriaticum	2951	0	E3 ubiquitin-protein ligase UPL3	protista_other
A0A1Q9DD39	unassigned	none	module	ryr.hmm matched only 59 profile positions (< 200) — a shared module, not a family assignment	0.0	46.8	46.8	1.0		4.8e-11	4.8e-11	0.0	0.012	0	59	0.123	916	cal-1	Symbiodinium microadriaticum	2951	0	Calmodulin	protista_other
A0A1Q9DD47	unassigned	none	module	ryr.hmm matched only 128 profile positions (< 200) — a shared module, not a family assignment	0.0	66.6	66.6	1.0		5.3e-17	5.3e-17	0.0	0.026	0	128	0.185	1630	kidins220	Symbiodinium microadriaticum	2951	0	Kinase D-interacting substrate of 220 kDa	protista_other
A0A1Q9DJS2	unassigned	none	module	ryr.hmm matched only 69 profile positions (< 200) — a shared module, not a family assignment	0.0	39.1	39.1	1.0		1e-08	1e-08	0.0	0.014	0	69	0.668	187	CML10	Symbiodinium microadriaticum	2951	0	Putative calcium-binding protein CML10	protista_other
A0A1Q9DKS6	unassigned	none	module	best profile score 29.8 < 30 bits	0.0	29.8	29.8	1.0		6.3e-06	6.3e-06	0.0	0.037	0	182	0.493	371	AK812_SmicGene22071	Symbiodinium microadriaticum	2951	0	Uncharacterized protein	protista_other
A0A1Q9DTC9	unassigned	none	module	ryr.hmm matched only 89 profile positions (< 200) — a shared module, not a family assignment	0.0	38.0	38.0	1.0		2.2e-08	2.2e-08	0.0	0.018	0	89	0.023	3588	Dnah7	Symbiodinium microadriaticum	2951	0	Dynein heavy chain 7, axonemal	protista_other
A0A1Q9DVH4	unassigned	none	module	ryr.hmm matched only 59 profile positions (< 200) — a shared module, not a family assignment	0.0	31.0	31.0	1.0		2.8e-06	2.8e-06	0.0	0.012	0	59	0.765	149	Calmodulin	Symbiodinium microadriaticum	2951	0	Calmodulin	protista_other
A0A1Q9DZL1	unassigned	none	module	ryr.hmm matched only 54 profile positions (< 200) — a shared module, not a family assignment	0.0	32.1	32.1	1.0		1.3e-06	1.3e-06	0.0	0.011	0	54	0.183	617	CML12	Symbiodinium microadriaticum	2951	0	Calmodulin-like protein 12	protista_other
A0A1Q9E4V1	unassigned	none	module	ryr.hmm matched only 84 profile positions (< 200) — a shared module, not a family assignment	0.0	37.9	37.9	1.0		2.4e-08	2.4e-08	0.0	0.017	0	84	0.036	2278	Upf1	Symbiodinium microadriaticum	2951	0	Regulator of nonsense transcripts 1	protista_other
A0A1Q9EBV6	unassigned	none	module	ryr.hmm matched only 74 profile positions (< 200) — a shared module, not a family assignment	0.0	31.2	31.2	1.0		2.5e-06	2.5e-06	0.0	0.015	0	74	0.077	1680	CPK2	Symbiodinium microadriaticum	2951	0	non-specific serine/threonine protein kinase	protista_other
A0A1Q9ENY4	unassigned	none	module	best profile score 29.6 < 30 bits	0.0	29.6	29.6	1.0		7.2e-06	7.2e-06	0.0	0.011	0	54	0.132	889	CPK2	Symbiodinium microadriaticum	2951	0	non-specific serine/threonine protein kinase	protista_other
A0A1Q9EWU9	unassigned	none	module	best profile score 29.6 < 30 bits	0.0	29.6	29.6	1.0		7.5e-06	7.5e-06	0.0	0.017	0	84	0.094	950	ANKRD17	Symbiodinium microadriaticum	2951	0	Ankyrin repeat domain-containing protein 17	protista_other
A0A1Q9EZE0	unassigned	none	module	ryr.hmm matched only 59 profile positions (< 200) — a shared module, not a family assignment	0.0	32.3	32.3	1.0		1.1e-06	1.1e-06	0.0	0.012	0	59	0.196	591	Calmodulin	Symbiodinium microadriaticum	2951	0	Calmodulin	protista_other
A0A1R2AQV1	unassigned	none	module	ryr.hmm matched only 59 profile positions (< 200) — a shared module, not a family assignment	0.0	49.9	49.9	1.0		5.6e-12	5.6e-12	0.0	0.012	0	59	0.255	467	SteCoe_36075	Stentor coeruleus	5963	0	non-specific serine/threonine protein kinase	protista_other
A0A1R2ARR8	unassigned	none	module	best profile score 29.8 < 30 bits	0.0	29.8	29.8	1.0		6.5e-06	6.5e-06	0.0	0.013	0	64	0.873	126	SteCoe_35706	Stentor coeruleus	5963	0	Calmodulin	protista_other
A0A1R2ATU9	unassigned	none	module	ryr.hmm matched only 54 profile positions (< 200) — a shared module, not a family assignment	0.0	34.2	34.2	1.0		3e-07	3e-07	0.0	0.011	0	54	0.23	491	SteCoe_34851	Stentor coeruleus	5963	0	non-specific serine/threonine protein kinase	protista_other
A0A1R2AUE5	unassigned	none	module	ryr.hmm matched only 54 profile positions (< 200) — a shared module, not a family assignment	0.0	42.8	42.8	1.0		7.9e-10	7.9e-10	0.0	0.011	0	54	0.226	483	SteCoe_34487	Stentor coeruleus	5963	0	Aurora kinase	protista_other
A0A1R2AUR1	unassigned	none	module	best profile score 29.2 < 30 bits	0.0	29.2	29.2	1.0		9.9e-06	9.9e-06	0.0	0.011	0	54	0.223	506	SteCoe_34338	Stentor coeruleus	5963	0	non-specific serine/threonine protein kinase	protista_other
A0A1R2AVZ6	unassigned	none	module	ryr.hmm matched only 59 profile positions (< 200) — a shared module, not a family assignment	0.0	35.4	35.4	1.0		1.3e-07	1.3e-07	0.0	0.012	0	59	0.246	467	SteCoe_33865	Stentor coeruleus	5963	0	non-specific serine/threonine protein kinase	protista_other
A0A1R2AWL1	unassigned	none	module	ryr.hmm matched only 59 profile positions (< 200) — a shared module, not a family assignment	0.0	30.2	30.2	1.0		5e-06	5e-06	0.0	0.012	0	59	0.23	495	SteCoe_33514	Stentor coeruleus	5963	0	Calcium-dependent protein kinase 1	protista_other
A0A1R2AWL2	unassigned	none	module	ryr.hmm matched only 59 profile positions (< 200) — a shared module, not a family assignment	0.0	40.6	40.6	1.0		3.5e-09	3.5e-09	0.0	0.012	0	59	0.251	467	SteCoe_33507	Stentor coeruleus	5963	0	non-specific serine/threonine protein kinase	protista_other
A0A1R2AY67	unassigned	none	module	ryr.hmm matched only 54 profile positions (< 200) — a shared module, not a family assignment	0.0	31.7	31.7	1.0		1.7e-06	1.7e-06	0.0	0.011	0	54	0.236	479	SteCoe_32798	Stentor coeruleus	5963	0	non-specific serine/threonine protein kinase	protista_other
A0A1R2AYL2	unassigned	none	module	best profile score 29.5 < 30 bits	0.0	29.5	29.5	1.0		7.7e-06	7.7e-06	0.0	0.012	0	59	0.237	464	SteCoe_32631	Stentor coeruleus	5963	0	non-specific serine/threonine protein kinase	protista_other
A0A1R2AZ53	unassigned	none	module	ryr.hmm matched only 64 profile positions (< 200) — a shared module, not a family assignment	0.0	51.5	51.5	1.0		1.9e-12	1.9e-12	0.0	0.013	0	64	0.786	154	SteCoe_32460	Stentor coeruleus	5963	0	Calmodulin	protista_other
A0A1R2AZ57	unassigned	none	module	ryr.hmm matched only 79 profile positions (< 200) — a shared module, not a family assignment	0.0	123.9	123.9	1.0		2.9e-34	2.9e-34	0.0	0.016	0	79	0.338	1786	SteCoe_32381	Stentor coeruleus	5963	0	Calmodulin	protista_other
A0A1R2B0P4	unassigned	none	module	ryr.hmm matched only 74 profile positions (< 200) — a shared module, not a family assignment	0.0	32.1	32.1	1.0		1.3e-06	1.3e-06	0.0	0.015	0	74	0.259	510	SteCoe_31730	Stentor coeruleus	5963	0	Calcium-dependent protein kinase 1	protista_other
A0A1R2B1Y8	unassigned	none	module	ryr.hmm matched only 54 profile positions (< 200) — a shared module, not a family assignment	0.0	32.6	32.6	1.0		9.3e-07	9.3e-07	0.0	0.011	0	54	0.23	482	SteCoe_31266	Stentor coeruleus	5963	0	non-specific serine/threonine protein kinase	protista_other
A0A1R2B1Z5	ITPR	high	architecture	itpr.hmm wins by 646.4 bits (74.5% of 867.7) over 2128 profile positions	867.7	221.3	646.4	0.745	3.3e-258	1.3e-63	3.3e-258	0.793	0.217	2128	1070	0.925	2523	SteCoe_31151	Stentor coeruleus	5963	0	MIR domain-containing protein	protista_other
A0A1R2B2E6	unassigned	none	module	ryr.hmm matched only 54 profile positions (< 200) — a shared module, not a family assignment	0.0	30.5	30.5	1.0		3.9e-06	3.9e-06	0.0	0.011	0	54	0.236	483	SteCoe_30949	Stentor coeruleus	5963	0	Calmodulin	protista_other
A0A1R2B2P3	unassigned	none	module	ryr.hmm matched only 54 profile positions (< 200) — a shared module, not a family assignment	0.0	32.1	32.1	1.0		1.3e-06	1.3e-06	0.0	0.011	0	54	0.246	468	SteCoe_30888	Stentor coeruleus	5963	0	Calcium-dependent protein kinase 1	protista_other
A0A1R2B2T0	unassigned	none	module	ryr.hmm matched only 54 profile positions (< 200) — a shared module, not a family assignment	0.0	31.2	31.2	1.0		2.4e-06	2.4e-06	0.0	0.011	0	54	0.221	506	SteCoe_30792	Stentor coeruleus	5963	0	non-specific serine/threonine protein kinase	protista_other
A0A1R2B3C2	unassigned	none	module	ryr.hmm matched only 59 profile positions (< 200) — a shared module, not a family assignment	0.0	46.3	46.3	1.0		6.9e-11	6.9e-11	0.0	0.012	0	59	0.244	484	SteCoe_30681	Stentor coeruleus	5963	0	non-specific serine/threonine protein kinase	protista_other
A0A1R2B5R6	ITPR	high	architecture	itpr.hmm wins by 596.0 bits (72.0% of 828.3) over 2375 profile positions	828.3	232.3	596.0	0.7195	2.5e-246	6.2e-67	2.5e-246	0.885	0.29	2375	1430	0.979	2523	SteCoe_29494	Stentor coeruleus	5963	0	MIR domain-containing protein	protista_other
A0A1R2B5U0	unassigned	none	module	ryr.hmm matched only 59 profile positions (< 200) — a shared module, not a family assignment	0.0	39.4	39.4	1.0		8.1e-09	8.1e-09	0.0	0.012	0	59	0.258	466	SteCoe_29537	Stentor coeruleus	5963	0	non-specific serine/threonine protein kinase	protista_other
A0A1R2B646	unassigned	none	module	ryr.hmm matched only 59 profile positions (< 200) — a shared module, not a family assignment	0.0	35.6	35.6	1.0		1.2e-07	1.2e-07	0.0	0.012	0	59	0.255	466	SteCoe_29483	Stentor coeruleus	5963	0	non-specific serine/threonine protein kinase	protista_other
A0A1R2B6E2	unassigned	none	module	ryr.hmm matched only 59 profile positions (< 200) — a shared module, not a family assignment	0.0	44.4	44.4	1.0		2.5e-10	2.5e-10	0.0	0.012	0	59	0.795	151	SteCoe_29355	Stentor coeruleus	5963	0	Calmodulin	protista_other
A0A1R2B6P0	unassigned	none	module	ryr.hmm matched only 64 profile positions (< 200) — a shared module, not a family assignment	0.0	36.1	36.1	1.0		8.1e-08	8.1e-08	0.0	0.013	0	64	0.345	521	SteCoe_29118	Stentor coeruleus	5963	0	EF-hand domain-containing protein	protista_other
A0A1R2BBG7	ITPR	medium	partial	itpr.hmm wins by 192.7 bits (50.6% of 380.6) over 859 profile positions	380.6	187.9	192.7	0.5063	2.2e-111	1.5e-53	2.2e-111	0.32	0.11	859	542	0.919	1049	SteCoe_27039	Stentor coeruleus	5963	0	RyR/IP3R Homology associated domain-containing protein	protista_other
A0A1R2BBX2	unassigned	none	module	ryr.hmm matched only 59 profile positions (< 200) — a shared module, not a family assignment	0.0	36.6	36.6	1.0		5.6e-08	5.6e-08	0.0	0.012	0	59	0.228	499	SteCoe_26883	Stentor coeruleus	5963	0	Calcium-dependent protein kinase 1	protista_other
A0A1R2BD13	unassigned	none	module	ryr.hmm matched only 64 profile positions (< 200) — a shared module, not a family assignment	0.0	32.1	32.1	1.0		1.3e-06	1.3e-06	0.0	0.013	0	64	0.234	495	SteCoe_26394	Stentor coeruleus	5963	0	non-specific serine/threonine protein kinase	protista_other
A0A1R2BF56	ITPR	medium	partial	itpr.hmm wins by 92.3 bits (59.4% of 155.5) over 534 profile positions	155.5	63.2	92.3	0.5936	1.5e-43	5.6e-16	1.5e-43	0.199	0.072	534	355	0.767	791	SteCoe_25453	Stentor coeruleus	5963	0	Inositol 1,4,5-trisphosphate/ryanodine receptor domain-containing protein	protista_other
A0A1R2BF67	ITPR	high	architecture	itpr.hmm wins by 279.8 bits (60.2% of 464.8) over 1444 profile positions	464.8	185.0	279.8	0.602	8.8e-137	1.1e-52	8.8e-137	0.538	0.058	1444	286	0.92	1676	SteCoe_25455	Stentor coeruleus	5963	0	Ion transport domain-containing protein	protista_other
A0A1R2BFZ9	ITPR	high	architecture	itpr.hmm wins by 353.8 bits (58.0% of 610.4) over 2440 profile positions	610.4	256.6	353.8	0.5796	1.2e-180	3e-74	1.2e-180	0.909	0.184	2440	907	0.95	2737	SteCoe_25135	Stentor coeruleus	5963	0	Uncharacterized protein	protista_other
A0A1R2BGF6	ITPR	high	architecture	itpr.hmm wins by 724.5 bits (70.4% of 1029.2) over 2324 profile positions	1029.2	304.7	724.5	0.7039	6.9e-307	9.8e-89	6.9e-307	0.866	0.326	2324	1607	0.943	2645	SteCoe_24932	Stentor coeruleus	5963	0	MIR domain-containing protein	protista_other
A0A1R2BHS0	unassigned	none	module	best profile score 29.7 < 30 bits	0.0	29.7	29.7	1.0		6.7e-06	6.7e-06	0.0	0.013	0	64	0.236	488	SteCoe_24319	Stentor coeruleus	5963	0	non-specific serine/threonine protein kinase	protista_other
A0A1R2BIS2	unassigned	none	module	ryr.hmm matched only 64 profile positions (< 200) — a shared module, not a family assignment	0.0	32.3	32.3	1.0		1.1e-06	1.1e-06	0.0	0.013	0	64	0.25	484	SteCoe_23900	Stentor coeruleus	5963	0	non-specific serine/threonine protein kinase	protista_other
A0A1R2BJI9	ITPR	medium	partial	itpr.hmm wins by 231.9 bits (56.6% of 409.5) over 813 profile positions	409.5	177.6	231.9	0.5663	4.1e-120	1.9e-50	4.1e-120	0.303	0.082	813	404	0.93	892	SteCoe_23623	Stentor coeruleus	5963	0	Ion transport domain-containing protein	protista_other
A0A1R2BJQ1	unassigned	none	module	ryr.hmm matched only 54 profile positions (< 200) — a shared module, not a family assignment	0.0	47.8	47.8	1.0		2.5e-11	2.5e-11	0.0	0.011	0	54	0.242	466	SteCoe_23480	Stentor coeruleus	5963	0	non-specific serine/threonine protein kinase	protista_other
A0A1R2BKW2	unassigned	none	module	ryr.hmm matched only 54 profile positions (< 200) — a shared module, not a family assignment	0.0	30.7	30.7	1.0		3.5e-06	3.5e-06	0.0	0.011	0	54	0.236	483	SteCoe_22991	Stentor coeruleus	5963	0	Calmodulin	protista_other
A0A1R2BKY3	ITPR	high	architecture	itpr.hmm wins by 679.9 bits (72.2% of 941.0) over 2247 profile positions	941.0	261.1	679.9	0.7225	2.6e-280	1.4e-75	2.6e-280	0.837	0.17	2247	838	0.944	2594	SteCoe_23193	Stentor coeruleus	5963	0	MIR domain-containing protein	protista_other
A0A1R2BLH1	unassigned	none	module	ryr.hmm matched only 69 profile positions (< 200) — a shared module, not a family assignment	0.0	33.8	33.8	1.0		4e-07	4e-07	0.0	0.014	0	69	0.389	642	SteCoe_22800	Stentor coeruleus	5963	0	EF-hand domain-containing protein	protista_other
A0A1R2BQZ4	unassigned	none	module	ryr.hmm matched only 74 profile positions (< 200) — a shared module, not a family assignment	0.0	37.2	37.2	1.0		3.7e-08	3.7e-08	0.0	0.015	0	74	0.284	462	SteCoe_20863	Stentor coeruleus	5963	0	non-specific serine/threonine protein kinase	protista_other
A0A1R2BR82	ITPR	high	architecture	itpr.hmm wins by 437.0 bits (85.9% of 508.5) over 1635 profile positions	508.5	71.5	437.0	0.8594	6.1e-150	1.7e-18	6.1e-150	0.609	0.167	1635	823	0.876	1917	SteCoe_20758	Stentor coeruleus	5963	0	MIR domain-containing protein	protista_other
A0A1R2BRC7	ITPR	medium	partial	itpr.hmm wins by 175.1 bits (49.5% of 353.8) over 558 profile positions	353.8	178.7	175.1	0.4949	2.7e-103	8.7e-51	2.7e-103	0.208	0.049	558	242	0.966	652	SteCoe_20759	Stentor coeruleus	5963	0	Ion transport domain-containing protein	protista_other
A0A1R2BSQ3	unassigned	none	module	ryr.hmm matched only 54 profile positions (< 200) — a shared module, not a family assignment	0.0	32.2	32.2	1.0		1.2e-06	1.2e-06	0.0	0.011	0	54	0.246	468	SteCoe_20046	Stentor coeruleus	5963	0	Calcium-dependent protein kinase 1	protista_other
A0A1R2BT59	unassigned	none	module	best profile score 29.9 < 30 bits	0.0	29.9	29.9	1.0		6e-06	6e-06	0.0	0.013	0	64	0.356	506	SteCoe_19920	Stentor coeruleus	5963	0	Calmodulin	protista_other
A0A1R2BT85	unassigned	none	module	best profile score 29.8 < 30 bits	0.0	29.8	29.8	1.0		6.3e-06	6.3e-06	0.0	0.014	0	69	0.24	495	SteCoe_20095	Stentor coeruleus	5963	0	non-specific serine/threonine protein kinase	protista_other
A0A1R2BT86	unassigned	none	module	ryr.hmm matched only 59 profile positions (< 200) — a shared module, not a family assignment	0.0	44.6	44.6	1.0		2.3e-10	2.3e-10	0.0	0.012	0	59	0.243	473	SteCoe_19841	Stentor coeruleus	5963	0	non-specific serine/threonine protein kinase	protista_other
A0A1R2BTQ3	ITPR	high	architecture	itpr.hmm wins by 359.7 bits (55.5% of 647.8) over 2354 profile positions	647.8	288.1	359.7	0.5553	6.3e-192	9.8e-84	6.3e-192	0.877	0.262	2354	1292	0.911	2802	SteCoe_19775	Stentor coeruleus	5963	0	MIR domain-containing protein	protista_other
A0A1R2BTR1	unassigned	none	module	ryr.hmm matched only 54 profile positions (< 200) — a shared module, not a family assignment	0.0	36.9	36.9	1.0		4.6e-08	4.6e-08	0.0	0.011	0	54	0.223	502	SteCoe_19570	Stentor coeruleus	5963	0	Calcium-dependent protein kinase 1	protista_other
A0A1R2BTS6	unassigned	none	module	ryr.hmm matched only 59 profile positions (< 200) — a shared module, not a family assignment	0.0	38.1	38.1	1.0		2e-08	2e-08	0.0	0.012	0	59	0.225	524	SteCoe_19569	Stentor coeruleus	5963	0	Calcium-dependent protein kinase 1	protista_other
A0A1R2BTU2	unassigned	none	module	ryr.hmm matched only 54 profile positions (< 200) — a shared module, not a family assignment	0.0	37.7	37.7	1.0		2.7e-08	2.7e-08	0.0	0.011	0	54	0.765	149	SteCoe_19560	Stentor coeruleus	5963	0	Calmodulin	protista_other
A0A1R2BU21	unassigned	none	module	ryr.hmm matched only 59 profile positions (< 200) — a shared module, not a family assignment	0.0	34.5	34.5	1.0		2.5e-07	2.5e-07	0.0	0.012	0	59	0.221	516	SteCoe_19518	Stentor coeruleus	5963	0	non-specific serine/threonine protein kinase	protista_other
A0A1R2BUB5	unassigned	none	module	ryr.hmm matched only 74 profile positions (< 200) — a shared module, not a family assignment	0.0	43.8	43.8	1.0		3.9e-10	3.9e-10	0.0	0.015	0	74	0.15	1345	SteCoe_19638	Stentor coeruleus	5963	0	EF-hand domain-containing protein	protista_other
A0A1R2BV32	unassigned	none	module	ryr.hmm matched only 64 profile positions (< 200) — a shared module, not a family assignment	0.0	31.9	31.9	1.0		1.5e-06	1.5e-06	0.0	0.013	0	64	0.46	522	SteCoe_19042	Stentor coeruleus	5963	0	EF-hand domain-containing protein	protista_other
A0A1R2BX09	ITPR	high	architecture	itpr.hmm wins by 681.4 bits (70.3% of 969.8) over 2284 profile positions	969.8	288.4	681.4	0.7026	5.6e-289	8.1e-84	5.6e-289	0.851	0.246	2284	1213	0.963	2607	SteCoe_18318	Stentor coeruleus	5963	0	MIR domain-containing protein	protista_other
A0A1R2BX53	unassigned	none	module	ryr.hmm matched only 59 profile positions (< 200) — a shared module, not a family assignment	0.0	42.2	42.2	1.0		1.2e-09	1.2e-09	0.0	0.012	0	59	0.243	473	SteCoe_18176	Stentor coeruleus	5963	0	non-specific serine/threonine protein kinase	protista_other
A0A1R2BX99	unassigned	none	module	ryr.hmm matched only 59 profile positions (< 200) — a shared module, not a family assignment	0.0	36.6	36.6	1.0		5.5e-08	5.5e-08	0.0	0.012	0	59	0.232	505	SteCoe_18109	Stentor coeruleus	5963	0	non-specific serine/threonine protein kinase	protista_other
A0A1R2C2W4	unassigned	none	module	ryr.hmm matched only 79 profile positions (< 200) — a shared module, not a family assignment	0.0	42.3	42.3	1.0		1.1e-09	1.1e-09	0.0	0.016	0	79	0.449	312	SteCoe_15736	Stentor coeruleus	5963	0	EF-hand domain-containing protein	protista_other
A0A1R2C484	unassigned	none	module	ryr.hmm matched only 59 profile positions (< 200) — a shared module, not a family assignment	0.0	30.9	30.9	1.0		3e-06	3e-06	0.0	0.012	0	59	0.227	506	SteCoe_15137	Stentor coeruleus	5963	0	Calcium-dependent protein kinase 1	protista_other
A0A1R2C4G5	unassigned	none	module	ryr.hmm matched only 54 profile positions (< 200) — a shared module, not a family assignment	0.0	31.2	31.2	1.0		2.4e-06	2.4e-06	0.0	0.011	0	54	0.234	479	SteCoe_15116	Stentor coeruleus	5963	0	non-specific serine/threonine protein kinase	protista_other
A0A1R2C5P1	ITPR	high	architecture	itpr.hmm wins by 293.6 bits (47.9% of 612.6) over 2381 profile positions	612.6	319.0	293.6	0.4793	2.5e-181	4.9e-93	2.5e-181	0.887	0.229	2381	1129	0.948	2589	SteCoe_14590	Stentor coeruleus	5963	0	Calmodulin	protista_other
A0A1R2C5X0	unassigned	none	module	ryr.hmm matched only 59 profile positions (< 200) — a shared module, not a family assignment	0.0	43.2	43.2	1.0		5.8e-10	5.8e-10	0.0	0.012	0	59	0.759	158	SteCoe_14489	Stentor coeruleus	5963	0	Calmodulin	protista_other
A0A1R2C7A9	ITPR	high	architecture	itpr.hmm wins by 703.8 bits (72.0% of 977.6) over 2241 profile positions	977.6	273.8	703.8	0.7199	2.4e-291	2e-79	2.4e-291	0.835	0.309	2241	1523	0.917	2654	SteCoe_13976	Stentor coeruleus	5963	0	Uncharacterized protein	protista_other
A0A1R2C7Q5	unassigned	none	module	ryr.hmm matched only 54 profile positions (< 200) — a shared module, not a family assignment	0.0	46.4	46.4	1.0		6.3e-11	6.3e-11	0.0	0.011	0	54	0.244	464	SteCoe_13758	Stentor coeruleus	5963	0	non-specific serine/threonine protein kinase	protista_other
A0A1R2C7U4	unassigned	none	module	ryr.hmm matched only 64 profile positions (< 200) — a shared module, not a family assignment	0.0	34.9	34.9	1.0		1.8e-07	1.8e-07	0.0	0.013	0	64	0.288	653	SteCoe_13662	Stentor coeruleus	5963	0	EF-hand domain-containing protein	protista_other
A0A1R2C8F1	unassigned	none	module	ryr.hmm matched only 59 profile positions (< 200) — a shared module, not a family assignment	0.0	44.1	44.1	1.0		3.1e-10	3.1e-10	0.0	0.012	0	59	0.255	466	SteCoe_13487	Stentor coeruleus	5963	0	non-specific serine/threonine protein kinase	protista_other
A0A1R2C8W3	ITPR	medium	partial	itpr.hmm wins by 246.1 bits (61.5% of 399.9) over 958 profile positions	399.9	153.8	246.1	0.6154	3.2e-117	2.8e-43	3.2e-117	0.357	0.099	958	488	0.789	1248	SteCoe_13213	Stentor coeruleus	5963	0	Uncharacterized protein	protista_other
A0A1R2C9Z0	unassigned	none	module	ryr.hmm matched only 64 profile positions (< 200) — a shared module, not a family assignment	0.0	31.5	31.5	1.0		2e-06	2e-06	0.0	0.013	0	64	0.234	495	SteCoe_12794	Stentor coeruleus	5963	0	non-specific serine/threonine protein kinase	protista_other
A0A1R2CDK7	unassigned	none	module	best profile score 29.3 < 30 bits	0.0	29.3	29.3	1.0		8.9e-06	8.9e-06	0.0	0.012	0	59	0.237	485	SteCoe_11240	Stentor coeruleus	5963	0	non-specific serine/threonine protein kinase	protista_other
A0A1R2CES5	unassigned	none	module	ryr.hmm matched only 54 profile positions (< 200) — a shared module, not a family assignment	0.0	33.4	33.4	1.0		5.2e-07	5.2e-07	0.0	0.011	0	54	0.228	496	SteCoe_10870	Stentor coeruleus	5963	0	non-specific serine/threonine protein kinase	protista_other
A0A1R2CF73	unassigned	none	module	best profile score 29.7 < 30 bits	0.0	29.7	29.7	1.0		7e-06	7e-06	0.0	0.012	0	59	0.247	550	SteCoe_10615	Stentor coeruleus	5963	0	non-specific serine/threonine protein kinase	protista_other
A0A1R2CH85	unassigned	none	module	ryr.hmm matched only 59 profile positions (< 200) — a shared module, not a family assignment	0.0	33.2	33.2	1.0		6e-07	6e-07	0.0	0.012	0	59	0.246	484	SteCoe_9809	Stentor coeruleus	5963	0	non-specific serine/threonine protein kinase	protista_other
A0A1R2CHN2	unassigned	none	module	ryr.hmm matched only 64 profile positions (< 200) — a shared module, not a family assignment	0.0	55.9	55.9	1.0		8.5e-14	8.5e-14	0.0	0.013	0	64	0.805	149	SteCoe_9508	Stentor coeruleus	5963	0	Calmodulin	protista_other
A0A1R2CI04	unassigned	none	module	ryr.hmm matched only 54 profile positions (< 200) — a shared module, not a family assignment	0.0	31.7	31.7	1.0		1.7e-06	1.7e-06	0.0	0.011	0	54	0.246	468	SteCoe_9450	Stentor coeruleus	5963	0	Calcium-dependent protein kinase 1	protista_other
A0A1R2CII6	unassigned	none	module	ryr.hmm matched only 59 profile positions (< 200) — a shared module, not a family assignment	0.0	30.6	30.6	1.0		3.6e-06	3.6e-06	0.0	0.012	0	59	0.227	506	SteCoe_9161	Stentor coeruleus	5963	0	Calcium-dependent protein kinase 1	protista_other
A0A1R2CKC9	unassigned	none	module	ryr.hmm matched only 54 profile positions (< 200) — a shared module, not a family assignment	0.0	32.1	32.1	1.0		1.3e-06	1.3e-06	0.0	0.011	0	54	0.236	479	SteCoe_8382	Stentor coeruleus	5963	0	non-specific serine/threonine protein kinase	protista_other
A0A1R2CL27	unassigned	none	module	ryr.hmm matched only 54 profile positions (< 200) — a shared module, not a family assignment	0.0	33.8	33.8	1.0		4e-07	4e-07	0.0	0.011	0	54	0.237	468	SteCoe_8089	Stentor coeruleus	5963	0	Calcium-dependent protein kinase 1	protista_other
A0A1R2CN20	unassigned	none	module	ryr.hmm matched only 54 profile positions (< 200) — a shared module, not a family assignment	0.0	30.5	30.5	1.0		3.9e-06	3.9e-06	0.0	0.011	0	54	0.23	482	SteCoe_7269	Stentor coeruleus	5963	0	non-specific serine/threonine protein kinase	protista_other
A0A1R2CN80	unassigned	none	module	ryr.hmm matched only 59 profile positions (< 200) — a shared module, not a family assignment	0.0	44.3	44.3	1.0		2.8e-10	2.8e-10	0.0	0.012	0	59	0.234	483	SteCoe_7137	Stentor coeruleus	5963	0	Calmodulin	protista_other
A0A1R2CNU3	unassigned	none	module	ryr.hmm matched only 54 profile positions (< 200) — a shared module, not a family assignment	0.0	31.0	31.0	1.0		2.8e-06	2.8e-06	0.0	0.011	0	54	0.226	499	SteCoe_6946	Stentor coeruleus	5963	0	Calcium-dependent protein kinase 1	protista_other
A0A1R2CPC5	unassigned	none	module	ryr.hmm matched only 59 profile positions (< 200) — a shared module, not a family assignment	0.0	34.4	34.4	1.0		2.6e-07	2.6e-07	0.0	0.012	0	59	0.224	514	SteCoe_6722	Stentor coeruleus	5963	0	Calcium-dependent protein kinase 1	protista_other
A0A1R2CPN4	unassigned	none	module	ryr.hmm matched only 54 profile positions (< 200) — a shared module, not a family assignment	0.0	31.6	31.6	1.0		1.8e-06	1.8e-06	0.0	0.011	0	54	0.224	482	SteCoe_6595	Stentor coeruleus	5963	0	Calcium-dependent protein kinase 1	protista_other
A0A1R2CRJ9	ITPR	high	architecture	itpr.hmm wins by 390.2 bits (54.8% of 712.7) over 2378 profile positions	712.7	322.5	390.2	0.5475	1.7e-211	4.4e-94	1.7e-211	0.886	0.222	2378	1094	0.959	2627	SteCoe_5764	Stentor coeruleus	5963	0	Uncharacterized protein	protista_other
A0A1R2CTS6	unassigned	none	module	ryr.hmm matched only 54 profile positions (< 200) — a shared module, not a family assignment	0.0	32.1	32.1	1.0		1.3e-06	1.3e-06	0.0	0.011	0	54	0.224	501	SteCoe_4854	Stentor coeruleus	5963	0	Calcium-dependent protein kinase 1	protista_other
A0A1R2CU30	unassigned	none	module	ryr.hmm matched only 64 profile positions (< 200) — a shared module, not a family assignment	0.0	40.2	40.2	1.0		4.8e-09	4.8e-09	0.0	0.013	0	64	0.282	649	SteCoe_4720	Stentor coeruleus	5963	0	EF-hand domain-containing protein	protista_other
A0A1R2CUL7	unassigned	none	module	ryr.hmm matched only 54 profile positions (< 200) — a shared module, not a family assignment	0.0	32.9	32.9	1.0		7.5e-07	7.5e-07	0.0	0.011	0	54	0.236	466	SteCoe_4534	Stentor coeruleus	5963	0	Calcium-dependent protein kinase 1	protista_other
A0A1R2CUP4	unassigned	none	module	ryr.hmm matched only 54 profile positions (< 200) — a shared module, not a family assignment	0.0	35.5	35.5	1.0		1.2e-07	1.2e-07	0.0	0.011	0	54	0.232	479	SteCoe_4572	Stentor coeruleus	5963	0	Calcium-dependent protein kinase 1	protista_other
A0A1R2CXY0	unassigned	none	module	best profile score 29.2 < 30 bits	0.0	29.2	29.2	1.0		1e-05	1e-05	0.0	0.011	0	54	0.246	468	SteCoe_3054	Stentor coeruleus	5963	0	Calcium-dependent protein kinase 1	protista_other
A0A1R2D0R0	unassigned	none	module	ryr.hmm matched only 54 profile positions (< 200) — a shared module, not a family assignment	0.0	51.4	51.4	1.0		1.9e-12	1.9e-12	0.0	0.011	0	54	0.242	466	SteCoe_1857	Stentor coeruleus	5963	0	non-specific serine/threonine protein kinase	protista_other
A0A1R2D1C6	unassigned	none	module	ryr.hmm matched only 64 profile positions (< 200) — a shared module, not a family assignment	0.0	34.0	34.0	1.0		3.6e-07	3.6e-07	0.0	0.013	0	64	0.465	527	SteCoe_1748	Stentor coeruleus	5963	0	EF-hand domain-containing protein	protista_other
A0A1R2D1Y0	ITPR	medium	partial	itpr.hmm wins by 256.8 bits (54.3% of 472.8) over 805 profile positions	472.8	216.0	256.8	0.5431	3.6e-139	5.1e-62	3.6e-139	0.3	0.123	805	606	0.877	1005	SteCoe_1329	Stentor coeruleus	5963	0	Uncharacterized protein	protista_other
A0A1R2D1Y7	ITPR	high	architecture	itpr.hmm wins by 398.7 bits (100.0% of 398.7) over 1439 profile positions; no ryr.hmm hit	398.7	0.0	398.7	1.0	7.8e-117		7.8e-117	0.536	0.0	1439	0	0.933	1571	SteCoe_1330	Stentor coeruleus	5963	0	MIR domain-containing protein	protista_other
A0A1R2D458	unassigned	none	module	ryr.hmm matched only 74 profile positions (< 200) — a shared module, not a family assignment	0.0	46.3	46.3	1.0		6.6e-11	6.6e-11	0.0	0.015	0	74	0.28	478	SteCoe_399	Stentor coeruleus	5963	0	EF-hand domain-containing protein	protista_other
A0A1R2D463	unassigned	none	module	ryr.hmm matched only 94 profile positions (< 200) — a shared module, not a family assignment	0.0	36.8	36.8	1.0		4.9e-08	4.9e-08	0.0	0.019	0	94	0.932	103	SteCoe_434	Stentor coeruleus	5963	0	EF-hand domain-containing protein	protista_other
A0A1R4AB28	unassigned	none	module	ryr.hmm matched only 64 profile positions (< 200) — a shared module, not a family assignment	0.0	51.4	51.4	1.0		2e-12	2e-12	0.0	0.013	0	64	0.812	149	BMR1_03g00120	Babesia microti (strain RI)	1133968	0	Calmodulin	protista_other
A0A1V9Y6E0	ITPR	high	architecture	itpr.hmm wins by 968.6 bits (78.0% of 1242.1) over 2327 profile positions	1242.1	273.5	968.6	0.7798	0	2.5e-79	0	0.867	0.145	2327	715	0.884	2932	ACHHYP_16527	Achlya hypogyna	1202772	0	Ryanodine-inositol 1,4,5-triphosphate receptor Ca2 channel (RIR-CaC) family protein	protista_other
A0A1V9Y7L2	unassigned	none	module	ryr.hmm matched only 54 profile positions (< 200) — a shared module, not a family assignment	0.0	44.4	44.4	1.0		2.6e-10	2.6e-10	0.0	0.011	0	54	0.135	852	THRCLA_11529	Thraustotheca clavata	74557	0	Kinase	protista_other
A0A1V9Y9G5	ITPR	medium	partial	itpr.hmm wins by 117.2 bits (45.9% of 255.6) over 668 profile positions	255.6	138.4	117.2	0.4585	1e-73	1.2e-38	1e-73	0.249	0.048	668	237	0.821	942	ACHHYP_16177	Achlya hypogyna	1202772	0	Type I inositol triphosphate receptor	protista_other
A0A1V9YBQ7	unassigned	none	module	ryr.hmm matched only 54 profile positions (< 200) — a shared module, not a family assignment	0.0	38.2	38.2	1.0		1.8e-08	1.8e-08	0.0	0.011	0	54	0.195	569	ACHHYP_15024	Achlya hypogyna	1202772	0	Calmodulin	protista_other
A0A1V9YIC3	unassigned	none	module	ryr.hmm matched only 59 profile positions (< 200) — a shared module, not a family assignment	0.0	42.7	42.7	1.0		8.4e-10	8.4e-10	0.0	0.012	0	59	0.629	197	ACHHYP_11760	Achlya hypogyna	1202772	0	Serine/threonine-protein phosphatase	protista_other
A0A1V9YK01	unassigned	none	module	ryr.hmm matched only 54 profile positions (< 200) — a shared module, not a family assignment	0.0	37.1	37.1	1.0		4e-08	4e-08	0.0	0.011	0	54	0.223	507	ACHHYP_11068	Achlya hypogyna	1202772	0	Protein kinase	protista_other
A0A1V9YKD2	unassigned	none	module	ryr.hmm matched only 74 profile positions (< 200) — a shared module, not a family assignment	0.0	57.6	57.6	1.0		2.7e-14	2.7e-14	0.0	0.015	0	74	0.872	149	ACHHYP_10932	Achlya hypogyna	1202772	0	Calmodulin	protista_other
A0A1V9YKI1	unassigned	none	module	ryr.hmm matched only 153 profile positions (< 200) — a shared module, not a family assignment	0.0	44.9	44.9	1.0		1.8e-10	1.8e-10	0.0	0.031	0	153	0.043	3848	ACHHYP_10805	Achlya hypogyna	1202772	0	HECT E3 ubiquitin ligase	protista_other
A0A1V9YML9	unassigned	none	module	ryr.hmm matched only 128 profile positions (< 200) — a shared module, not a family assignment	0.0	95.9	95.9	1.0		8e-26	8e-26	0.0	0.026	0	128	0.222	607	ACHHYP_09691	Achlya hypogyna	1202772	0	Uncharacterized protein	protista_other
A0A1V9YNP8	RYR	medium	partial	ryr.hmm wins by 185.4 bits (100.0% of 185.4) over 227 profile positions; no itpr.hmm hit	0.0	185.4	185.4	1.0		8.5e-53	8.5e-53	0.0	0.046	0	227	0.193	1361	ACHHYP_20398	Achlya hypogyna	1202772	0	Ryanodine-inositol 1,4,5-triphosphate receptor Ca2 channel (RIR-CaC) family protein	protista_other
A0A1V9YQP4	unassigned	none	module	ryr.hmm matched only 89 profile positions (< 200) — a shared module, not a family assignment	0.0	48.3	48.3	1.0		1.7e-11	1.7e-11	0.0	0.018	0	89	0.279	1074	ACHHYP_07779	Achlya hypogyna	1202772	0	EF-hand domain-containing protein	protista_other
A0A1V9YR21	unassigned	none	module	ryr.hmm matched only 192 profile positions (< 200) — a shared module, not a family assignment	0.0	109.6	109.6	1.0		5.7e-30	5.7e-30	0.0	0.039	0	192	0.29	663	THRCLA_10399	Thraustotheca clavata	74557	0	Kinase	protista_other
A0A1V9YT98	unassigned	none	module	ryr.hmm matched only 64 profile positions (< 200) — a shared module, not a family assignment	0.0	55.7	55.7	1.0		1e-13	1e-13	0.0	0.013	0	64	0.136	3489	ACHHYP_06592	Achlya hypogyna	1202772	0	Nephrocystin-4-like protein	protista_other
A0A1V9YVU0	unassigned	none	module	ryr.hmm matched only 59 profile positions (< 200) — a shared module, not a family assignment	0.0	40.2	40.2	1.0		4.7e-09	4.7e-09	0.0	0.012	0	59	0.692	182	ACHHYP_06000	Achlya hypogyna	1202772	0	Serine/threonine-protein phosphatase	protista_other
A0A1V9YWU7	ITPR	medium	partial	itpr.hmm wins by 136.1 bits (52.5% of 259.4) over 695 profile positions	259.4	123.3	136.1	0.5247	7.6e-75	4.2e-34	7.6e-75	0.259	0.048	695	237	0.798	1050	ACHHYP_05646	Achlya hypogyna	1202772	0	Inositol 1,4,5-triphosphate receptor	protista_other
A0A1V9YYR8	unassigned	none	module	ryr.hmm matched only 79 profile positions (< 200) — a shared module, not a family assignment	0.0	47.1	47.1	1.0		3.9e-11	3.9e-11	0.0	0.016	0	79	0.17	1798	ACHHYP_05191	Achlya hypogyna	1202772	0	EF-hand domain-containing protein	protista_other
A0A1V9Z121	unassigned	none	module	ryr.hmm matched only 89 profile positions (< 200) — a shared module, not a family assignment	0.0	45.4	45.4	1.0		1.3e-10	1.3e-10	0.0	0.018	0	89	0.075	1249	THRCLA_08933	Thraustotheca clavata	74557	0	HECT E3 ubiquitin ligase (Fragment)	protista_other
A0A1V9Z343	unassigned	none	module	ryr.hmm matched only 123 profile positions (< 200) — a shared module, not a family assignment	0.0	77.5	77.5	1.0		2.7e-20	2.7e-20	0.0	0.025	0	123	0.067	1920	THRCLA_08712	Thraustotheca clavata	74557	0	HECT E3 ubiquitin ligase (Fragment)	protista_other
A0A1V9Z525	ITPR	medium	partial	itpr.hmm wins by 228.5 bits (58.7% of 389.4) over 1031 profile positions	389.4	160.9	228.5	0.5868	4.9e-114	2e-45	4.9e-114	0.384	0.055	1031	271	0.374	2929	ACHHYP_02953	Achlya hypogyna	1202772	0	Type I inositol triphosphate receptor	protista_other
A0A1V9Z7B5	unassigned	none	module	ryr.hmm matched only 89 profile positions (< 200) — a shared module, not a family assignment	0.0	30.6	30.6	1.0		3.6e-06	3.6e-06	0.0	0.018	0	89	0.226	1076	THRCLA_08317	Thraustotheca clavata	74557	0	EF-hand domain-containing protein	protista_other
A0A1V9Z7F2	ITPR	high	architecture	itpr.hmm wins by 475.5 bits (88.4% of 538.0) over 1881 profile positions	538.0	62.5	475.5	0.8838	7.6e-159	9.1e-16	7.6e-159	0.701	0.083	1881	409	0.89	2268	ACHHYP_02105	Achlya hypogyna	1202772	0	Inositol 1,4,5-trisphosphate receptor type 1 isoform 1 (Fragment)	protista_other
A0A1V9Z878	ITPR	medium	partial	itpr.hmm wins by 139.3 bits (82.1% of 169.7) over 317 profile positions	169.7	30.4	139.3	0.8209	8.1e-48	4.1e-06	8.1e-48	0.118	0.046	317	227	0.876	354	ACHHYP_01595	Achlya hypogyna	1202772	0	MIR domain-containing protein	protista_other
A0A1V9Z879	ITPR	high	architecture	itpr.hmm wins by 459.2 bits (73.2% of 627.5) over 1965 profile positions	627.5	168.3	459.2	0.7318	8e-186	1.2e-47	8e-186	0.732	0.1	1965	493	0.856	2362	ACHHYP_01594	Achlya hypogyna	1202772	0	Type I inositol triphosphate receptor	protista_other
A0A1V9Z8I1	ITPR	high	architecture	itpr.hmm wins by 646.3 bits (70.1% of 921.5) over 2542 profile positions	921.5	275.2	646.3	0.7014	2e-274	7.4e-80	2e-274	0.947	0.168	2542	828	0.939	2760	ACHHYP_01596	Achlya hypogyna	1202772	0	Inositol 1,4,5trisphosphate receptor type 2	protista_other
A0A1V9Z8Q2	unassigned	none	module	ryr.hmm matched only 64 profile positions (< 200) — a shared module, not a family assignment	0.0	32.9	32.9	1.0		7.6e-07	7.6e-07	0.0	0.013	0	64	0.093	1931	ACHHYP_01468	Achlya hypogyna	1202772	0	EF-hand domain-containing protein	protista_other
A0A1V9Z9X1	unassigned	none	module	ryr.hmm matched only 143 profile positions (< 200) — a shared module, not a family assignment	0.0	82.4	82.4	1.0		9.3e-22	9.3e-22	0.0	0.029	0	143	0.083	4902	ACHHYP_00985	Achlya hypogyna	1202772	0	HECT E3 ubiquitin ligase	protista_other
A0A1V9ZAA8	ITPR	high	architecture	itpr.hmm wins by 1017.3 bits (76.1% of 1337.5) over 2542 profile positions	1337.5	320.2	1017.3	0.7606	0	2.1e-93	0	0.947	0.195	2542	961	0.952	2914	THRCLA_08090	Thraustotheca clavata	74557	0	Ryanodine-inositol 1,4,5-triphosphate receptor Ca2 channel (RIR-CaC) family protein	protista_other
A0A1V9ZAL7	unassigned	none	module	ryr.hmm matched only 123 profile positions (< 200) — a shared module, not a family assignment	0.0	79.2	79.2	1.0		8.6e-21	8.6e-21	0.0	0.025	0	123	0.037	3529	ACHHYP_00502	Achlya hypogyna	1202772	0	HECTdomain (Ubiquitin-transferase) domain containing protein	protista_other
A0A1V9ZB35	unassigned	none	module	ryr.hmm matched only 182 profile positions (< 200) — a shared module, not a family assignment	0.0	94.5	94.5	1.0		2e-25	2e-25	0.0	0.037	0	182	0.085	3092	THRCLA_07992	Thraustotheca clavata	74557	0	B30.2/SPRY domain-containing protein (Fragment)	protista_other
A0A1V9ZEJ2	unassigned	none	module	ryr.hmm matched only 94 profile positions (< 200) — a shared module, not a family assignment	0.0	51.6	51.6	1.0		1.7e-12	1.7e-12	0.0	0.019	0	94	0.022	4619	ACHHYP_15817	Achlya hypogyna	1202772	0	HECT E3 ubiquitin ligase	protista_other
A0A1V9ZEJ7	unassigned	none	module	ryr.hmm matched only 89 profile positions (< 200) — a shared module, not a family assignment	0.0	37.9	37.9	1.0		2.3e-08	2.3e-08	0.0	0.018	0	89	0.022	4171	ACHHYP_15819	Achlya hypogyna	1202772	0	HECT E3 ubiquitin ligase	protista_other
A0A1V9ZF13	ITPR	high	architecture	itpr.hmm wins by 313.8 bits (52.0% of 603.2) over 1761 profile positions	603.2	289.4	313.8	0.5202	1.8e-178	3.9e-84	1.8e-178	0.656	0.164	1761	809	0.785	2365	ACHHYP_15419	Achlya hypogyna	1202772	0	Uncharacterized protein	protista_other
A0A1V9ZFD7	unassigned	none	module	ryr.hmm matched only 158 profile positions (< 200) — a shared module, not a family assignment	0.0	108.0	108.0	1.0		1.8e-29	1.8e-29	0.0	0.032	0	158	0.072	3725	ACHHYP_13804	Achlya hypogyna	1202772	0	Regulator of chromosome condensation (RCC1)-like protein	protista_other
A0A1V9ZJG4	unassigned	none	module	ryr.hmm matched only 64 profile positions (< 200) — a shared module, not a family assignment	0.0	33.2	33.2	1.0		5.9e-07	5.9e-07	0.0	0.013	0	64	0.059	3055	THRCLA_06784	Thraustotheca clavata	74557	0	amino-acid N-acetyltransferase	protista_other
A0A1V9ZL96	unassigned	none	module	ryr.hmm matched only 84 profile positions (< 200) — a shared module, not a family assignment	0.0	38.5	38.5	1.0		1.5e-08	1.5e-08	0.0	0.017	0	84	0.151	1382	ACHHYP_08146	Achlya hypogyna	1202772	0	EF-hand domain-containing protein	protista_other
A0A1V9ZLR7	ITPR	medium	partial	itpr.hmm wins by 135.9 bits (52.2% of 260.2) over 671 profile positions	260.2	124.3	135.9	0.5223	4.4e-75	2.1e-34	4.4e-75	0.25	0.045	671	222	0.76	1042	THRCLA_06646	Thraustotheca clavata	74557	0	Inositol 1,4,5-triphosphate receptor	protista_other
A0A1V9ZLZ5	unassigned	none	module	ryr.hmm matched only 104 profile positions (< 200) — a shared module, not a family assignment	0.0	196.9	196.9	1.0		2.8e-56	2.8e-56	0.0	0.021	0	104	0.162	1228	ACHHYP_07885	Achlya hypogyna	1202772	0	Ryanodine-inositol 1,4,5-triphosphate receptor Ca2 channel (RIR-CaC) family protein	protista_other
A0A1V9ZPT1	unassigned	none	module	best profile score 29.9 < 30 bits	0.0	29.9	29.9	1.0		6.1e-06	6.1e-06	0.0	0.012	0	59	0.086	723	ACHHYP_04430	Achlya hypogyna	1202772	0	Serine/threonine-protein phosphatase (Fragment)	protista_other
A0A1V9ZRW4	unassigned	none	module	ryr.hmm matched only 123 profile positions (< 200) — a shared module, not a family assignment	0.0	92.6	92.6	1.0		7.9e-25	7.9e-25	0.0	0.025	0	123	0.052	3975	ACHHYP_02697	Achlya hypogyna	1202772	0	HECT E3 ubiquitin ligase	protista_other
A0A1V9ZUM9	ITPR	high	architecture	itpr.hmm wins by 774.0 bits (72.5% of 1066.8) over 2171 profile positions	1066.8	292.8	774.0	0.7255	0	3.8e-85	0	0.809	0.174	2171	858	0.831	2649	ACHHYP_00348	Achlya hypogyna	1202772	0	Ryanodine-inositol 1,4,5-triphosphate receptor Ca2 channel (RIR-CaC) family protein	protista_other
A0A1V9ZUT4	RYR	medium	partial	ryr.hmm wins by 122.3 bits (100.0% of 122.3) over 227 profile positions; no itpr.hmm hit	0.0	122.3	122.3	1.0		8.9e-34	8.9e-34	0.0	0.046	0	227	0.214	975	ACHHYP_00324	Achlya hypogyna	1202772	0	Protein kinase	protista_other
A0A1V9ZV57	unassigned	none	module	ryr.hmm matched only 182 profile positions (< 200) — a shared module, not a family assignment	0.0	126.6	126.6	1.0		4.4e-35	4.4e-35	0.0	0.037	0	182	0.042	6241	ACHHYP_00425	Achlya hypogyna	1202772	0	Regulator of chromosome condensation (RCC1)-like protein	protista_other
A0A1V9ZVX3	ITPR	high	architecture	itpr.hmm wins by 600.1 bits (70.0% of 857.9) over 2386 profile positions	857.9	257.8	600.1	0.6995	2.9e-255	1.4e-74	2.9e-255	0.889	0.21	2386	1035	0.925	2711	THRCLA_05430	Thraustotheca clavata	74557	0	Inositol 1,4,5trisphosphate receptor type 2	protista_other
A0A1V9ZVZ4	ITPR	medium	partial	itpr.hmm wins by 122.9 bits (69.3% of 177.3) over 362 profile positions	177.3	54.4	122.9	0.6932	4e-50	2.4e-13	4e-50	0.135	0.045	362	222	0.916	418	THRCLA_05431	Thraustotheca clavata	74557	0	Inositol 1,4,5trisphosphate receptor type 2	protista_other
A0A1V9ZW02	ITPR	medium	partial	itpr.hmm wins by 22.8 bits (11.0% of 208.1) over 244 profile positions	208.1	185.3	22.8	0.1096	2.2e-59	9e-53	2.2e-59	0.091	0.044	244	217	0.29	782	THRCLA_05403	Thraustotheca clavata	74557	0	Aminotransferase class V domain-containing protein (Fragment)	protista_other
A0A1V9ZX41	unassigned	none	module	ryr.hmm matched only 187 profile positions (< 200) — a shared module, not a family assignment	0.0	130.2	130.2	1.0		3.6e-36	3.6e-36	0.0	0.038	0	187	0.044	6274	THRCLA_05068	Thraustotheca clavata	74557	0	Regulator of chromosome condensation (RCC1)	protista_other
A0A1V9ZX98	unassigned	none	module	ryr.hmm matched only 123 profile positions (< 200) — a shared module, not a family assignment	0.0	31.3	31.3	1.0		2.3e-06	2.3e-06	0.0	0.025	0	123	0.032	3948	THRCLA_05002	Thraustotheca clavata	74557	0	HECT E3 ubiquitin ligase	protista_other
A0A1W0A4D9	unassigned	none	module	ryr.hmm matched only 64 profile positions (< 200) — a shared module, not a family assignment	0.0	53.1	53.1	1.0		6.1e-13	6.1e-13	0.0	0.013	0	64	0.095	2624	THRCLA_02685	Thraustotheca clavata	74557	0	Serine/threonine-protein phosphatase (Fragment)	protista_other
A0A1W0A4M2	unassigned	none	module	ryr.hmm matched only 59 profile positions (< 200) — a shared module, not a family assignment	0.0	43.1	43.1	1.0		6.5e-10	6.5e-10	0.0	0.012	0	59	0.117	1042	THRCLA_02835	Thraustotheca clavata	74557	0	Serine/threonine-protein phosphatase	protista_other
A0A1W0A619	ITPR	medium	partial	itpr.hmm wins by 143.6 bits (54.9% of 261.6) over 668 profile positions	261.6	118.0	143.6	0.5489	1.6e-75	1.7e-32	1.6e-75	0.249	0.046	668	227	0.743	1026	THRCLA_02168	Thraustotheca clavata	74557	0	Type I inositol triphosphate receptor	protista_other
A0A1W0A651	unassigned	none	module	ryr.hmm matched only 104 profile positions (< 200) — a shared module, not a family assignment	0.0	199.0	199.0	1.0		6.9e-57	6.9e-57	0.0	0.021	0	104	0.16	1241	THRCLA_02238	Thraustotheca clavata	74557	0	Ryanodine-inositol 1,4,5-triphosphate receptor Ca2 channel (RIR-CaC) family protein	protista_other
A0A1W0A656	ITPR	medium	partial	itpr.hmm wins by 133.4 bits (49.3% of 270.4) over 668 profile positions	270.4	137.0	133.4	0.4933	3.5e-78	3.3e-38	3.5e-78	0.249	0.053	668	261	0.816	950	THRCLA_02167	Thraustotheca clavata	74557	0	Type I inositol triphosphate receptor	protista_other
A0A1W0A661	ITPR	medium	partial	itpr.hmm wins by 226.8 bits (62.7% of 361.9) over 1138 profile positions	361.9	135.1	226.8	0.6267	9.5e-106	1.2e-37	9.5e-106	0.424	0.055	1138	271	0.404	3006	THRCLA_02221	Thraustotheca clavata	74557	0	Ankyrin-1-like	protista_other
A0A1W0A846	unassigned	none	module	ryr.hmm matched only 74 profile positions (< 200) — a shared module, not a family assignment	0.0	57.6	57.6	1.0		2.7e-14	2.7e-14	0.0	0.015	0	74	0.872	149	THRCLA_01496	Thraustotheca clavata	74557	0	Calmodulin	protista_other
A0A1W0A8K7	RYR	medium	partial	ryr.hmm wins by 86.9 bits (100.0% of 86.9) over 212 profile positions; no itpr.hmm hit	0.0	86.9	86.9	1.0		4e-23	4e-23	0.0	0.043	0	212	0.083	4855	THRCLA_01419	Thraustotheca clavata	74557	0	HECT E3 ubiquitin ligase (Fragment)	protista_other
A0A1W0A9F8	ITPR	high	architecture	itpr.hmm wins by 377.2 bits (100.0% of 377.2) over 1390 profile positions; no ryr.hmm hit	377.2	0.0	377.2	1.0	2.3e-110		2.3e-110	0.518	0.0	1390	0	0.775	1944	THRCLA_01034	Thraustotheca clavata	74557	0	Uncharacterized protein	protista_other
A0A1W0A9L8	unassigned	none	module	ryr.hmm matched only 148 profile positions (< 200) — a shared module, not a family assignment	0.0	116.7	116.7	1.0		4.3e-32	4.3e-32	0.0	0.03	0	148	0.25	613	THRCLA_01051	Thraustotheca clavata	74557	0	Sde2 N-terminal ubiquitin domain-containing protein	protista_other
A0A1W0AAR6	ITPR	high	architecture	itpr.hmm wins by 761.5 bits (70.8% of 1076.3) over 2504 profile positions	1076.3	314.8	761.5	0.7075	0	8.8e-92	0	0.933	0.176	2504	868	0.831	3092	THRCLA_00584	Thraustotheca clavata	74557	0	Ryanodine-inositol 1,4,5-triphosphate receptor Ca2 channel (RIR-CaC) family protein	protista_other
A0A1W0AAS4	unassigned	none	module	ryr.hmm matched only 54 profile positions (< 200) — a shared module, not a family assignment	0.0	36.1	36.1	1.0		7.9e-08	7.9e-08	0.0	0.011	0	54	0.201	556	THRCLA_00726	Thraustotheca clavata	74557	0	EF-hand domain-containing protein	protista_other
A0A1W0ACA4	unassigned	none	module	ryr.hmm matched only 123 profile positions (< 200) — a shared module, not a family assignment	0.0	89.7	89.7	1.0		5.7e-24	5.7e-24	0.0	0.025	0	123	0.117	1748	THRCLA_00091	Thraustotheca clavata	74557	0	HECT-type E3 ubiquitin transferase	protista_other
A0A1X0NJP4	unassigned	none	module	ryr.hmm matched only 133 profile positions (< 200) — a shared module, not a family assignment	0.0	88.8	88.8	1.0		1.1e-23	1.1e-23	0.0	0.027	0	133	0.06	4567	TM35_000401630	Trypanosoma theileri	67003	0	Putative ubiquitin-protein ligase	protista_other
A0A1X0NLJ1	RYR	medium	partial	ryr.hmm wins by 111.7 bits (100.0% of 111.7) over 202 profile positions; no itpr.hmm hit	0.0	111.7	111.7	1.0		1.4e-30	1.4e-30	0.0	0.041	0	202	0.089	3742	TM35_000341870	Trypanosoma theileri	67003	0	Ubiquitin-protein ligase	protista_other
A0A1X0NMM5	unassigned	none	module	ryr.hmm matched only 59 profile positions (< 200) — a shared module, not a family assignment	0.0	53.6	53.6	1.0		4.3e-13	4.3e-13	0.0	0.012	0	59	0.779	149	TM35_000311110	Trypanosoma theileri	67003	0	Calmodulin	protista_other
A0A1X0NS03	unassigned	none	module	ryr.hmm matched only 143 profile positions (< 200) — a shared module, not a family assignment	0.0	40.0	40.0	1.0		5.3e-09	5.3e-09	0.0	0.029	0	143	0.036	4136	TM35_000222840	Trypanosoma theileri	67003	0	Ubiquitin-protein ligase	protista_other
A0A1X0NWX8	ITPR	high	architecture	itpr.hmm wins by 374.2 bits (56.3% of 664.7) over 2217 profile positions	664.7	290.5	374.2	0.563	5.1e-197	1.9e-84	5.1e-197	0.826	0.086	2217	424	0.81	3141	TM35_000132200	Trypanosoma theileri	67003	0	Inositol 1,4,5-trisphosphate receptor	protista_other
A0A1X6P9Y7	unassigned	none	module	ryr.hmm matched only 54 profile positions (< 200) — a shared module, not a family assignment	0.0	45.2	45.2	1.0		1.5e-10	1.5e-10	0.0	0.011	0	54	0.755	151	BU14_0144s0010	Porphyra umbilicalis	2786	0	EF-hand domain-containing protein	protista_other
A0A1X6PIZ3	unassigned	none	module	ryr.hmm matched only 59 profile positions (< 200) — a shared module, not a family assignment	0.0	42.9	42.9	1.0		7.1e-10	7.1e-10	0.0	0.012	0	59	0.78	150	BU14_0033s0060	Porphyra umbilicalis	2786	0	EF-hand domain-containing protein	protista_other
A0A1Y1J9C4	unassigned	none	module	ryr.hmm matched only 59 profile positions (< 200) — a shared module, not a family assignment	0.0	30.3	30.3	1.0		4.7e-06	4.7e-06	0.0	0.012	0	59	0.685	168	PGO_020760	Plasmodium gonderi	77519	0	Centrin-1	protista_other
A0A1Y1JI50	unassigned	none	module	ryr.hmm matched only 64 profile positions (< 200) — a shared module, not a family assignment	0.0	33.2	33.2	1.0		5.8e-07	5.8e-07	0.0	0.013	0	64	0.226	574	PGO_121870	Plasmodium gonderi	77519	0	non-specific serine/threonine protein kinase	protista_other
A0A1Y1JSF6	unassigned	none	module	ryr.hmm matched only 69 profile positions (< 200) — a shared module, not a family assignment	0.0	58.4	58.4	1.0		1.6e-14	1.6e-14	0.0	0.014	0	69	0.872	149	PGO_131660	Plasmodium gonderi	77519	0	Calmodulin	protista_other
A0A1Z5J5H1	unassigned	none	module	ryr.hmm matched only 138 profile positions (< 200) — a shared module, not a family assignment	0.0	76.3	76.3	1.0		6.1e-20	6.1e-20	0.0	0.028	0	138	0.047	4977	FisN_17Lh289	Fistulifera solaris	1519565	0	E3 ubiquitin-protein ligase HERC2	protista_other
A0A1Z5JB31	unassigned	none	module	ryr.hmm matched only 128 profile positions (< 200) — a shared module, not a family assignment	0.0	58.7	58.7	1.0		1.3e-14	1.3e-14	0.0	0.026	0	128	0.25	512	FisN_9Hh260	Fistulifera solaris	1519565	0	B30.2/SPRY domain-containing protein	protista_other
A0A1Z5JHE5	unassigned	none	module	ryr.hmm matched only 138 profile positions (< 200) — a shared module, not a family assignment	0.0	77.4	77.4	1.0		2.8e-20	2.8e-20	0.0	0.028	0	138	0.028	4964	FisN_17Hh289	Fistulifera solaris	1519565	0	E3 ubiquitin-protein ligase HERC2	protista_other
A0A1Z5JMT2	unassigned	none	module	ryr.hmm matched only 54 profile positions (< 200) — a shared module, not a family assignment	0.0	43.3	43.3	1.0		5.6e-10	5.6e-10	0.0	0.011	0	54	0.72	157	FisN_8Hu383	Fistulifera solaris	1519565	0	EF-hand domain-containing protein	protista_other
A0A1Z5JTT6	unassigned	none	module	ryr.hmm matched only 64 profile positions (< 200) — a shared module, not a family assignment	0.0	36.8	36.8	1.0		4.9e-08	4.9e-08	0.0	0.013	0	64	0.215	530	FisN_10Lh047	Fistulifera solaris	1519565	0	Uncharacterized protein	protista_other
A0A1Z5JU39	unassigned	none	module	best profile score 29.4 < 30 bits	0.0	29.4	29.4	1.0		8.2e-06	8.2e-06	0.0	0.019	0	94	0.2	469	FisN_18Lh205	Fistulifera solaris	1519565	0	B30.2/SPRY domain-containing protein	protista_other
A0A1Z5JVY7	unassigned	none	module	ryr.hmm matched only 94 profile positions (< 200) — a shared module, not a family assignment	0.0	30.7	30.7	1.0		3.4e-06	3.4e-06	0.0	0.019	0	94	0.202	465	FisN_18Hh205	Fistulifera solaris	1519565	0	B30.2/SPRY domain-containing protein	protista_other
A0A1Z5K5B9	unassigned	none	module	ryr.hmm matched only 64 profile positions (< 200) — a shared module, not a family assignment	0.0	35.2	35.2	1.0		1.5e-07	1.5e-07	0.0	0.013	0	64	0.885	78	FisN_28Lu125	Fistulifera solaris	1519565	0	Calmodulin	protista_other
A0A1Z5K697	unassigned	none	module	ryr.hmm matched only 64 profile positions (< 200) — a shared module, not a family assignment	0.0	36.4	36.4	1.0		6.7e-08	6.7e-08	0.0	0.013	0	64	0.215	530	FisN_10Hh047	Fistulifera solaris	1519565	0	Uncharacterized protein	protista_other
A0A1Z5K861	unassigned	none	module	ryr.hmm matched only 54 profile positions (< 200) — a shared module, not a family assignment	0.0	44.0	44.0	1.0		3.3e-10	3.3e-10	0.0	0.011	0	54	0.663	169	FisN_14Hh027	Fistulifera solaris	1519565	0	EF-hand domain-containing protein	protista_other
A0A1Z5KHR0	unassigned	none	module	ryr.hmm matched only 74 profile positions (< 200) — a shared module, not a family assignment	0.0	52.4	52.4	1.0		9.6e-13	9.6e-13	0.0	0.015	0	74	0.872	149	FisN_28Hu101	Fistulifera solaris	1519565	0	Calmodulin	protista_other
A0A1Z5KIE5	unassigned	none	module	ryr.hmm matched only 54 profile positions (< 200) — a shared module, not a family assignment	0.0	43.7	43.7	1.0		4.3e-10	4.3e-10	0.0	0.011	0	54	0.657	169	FisN_14Lh027	Fistulifera solaris	1519565	0	EF-hand domain-containing protein	protista_other
A0A1Z5KL02	unassigned	none	module	ryr.hmm matched only 123 profile positions (< 200) — a shared module, not a family assignment	0.0	54.7	54.7	1.0		2e-13	2e-13	0.0	0.025	0	123	0.236	512	FisN_9Lh260	Fistulifera solaris	1519565	0	B30.2/SPRY domain-containing protein	protista_other
A0A225VLP7	unassigned	none	module	ryr.hmm matched only 64 profile positions (< 200) — a shared module, not a family assignment	0.0	65.4	65.4	1.0		1.2e-16	1.2e-16	0.0	0.013	0	64	0.201	942	PHMEG_00021782	Phytophthora megakarya	4795	0	Serine/threonine-protein phosphatase	protista_other
A0A225VQN5	unassigned	none	module	ryr.hmm matched only 74 profile positions (< 200) — a shared module, not a family assignment	0.0	57.6	57.6	1.0		2.7e-14	2.7e-14	0.0	0.015	0	74	0.872	149	PHMEG_00019948	Phytophthora megakarya	4795	0	Calmodulin	protista_other
A0A225WCH2	ITPR	high	architecture	itpr.hmm wins by 1062.5 bits (79.2% of 1342.3) over 1814 profile positions	1342.3	279.8	1062.5	0.7916	0	3e-81	0	0.676	0.196	1814	966	0.85	3032	PHMEG_00011505	Phytophthora megakarya	4795	0	Ryanodine-inositol 1,4,5-triphosphate receptor Ca2 channel protein	protista_other
A0A225WII8	unassigned	none	module	ryr.hmm matched only 79 profile positions (< 200) — a shared module, not a family assignment	0.0	44.3	44.3	1.0		2.8e-10	2.8e-10	0.0	0.016	0	79	0.135	1857	PHMEG_0008680	Phytophthora megakarya	4795	0	EF-hand domain-containing protein	protista_other
A0A225WT37	unassigned	none	module	ryr.hmm matched only 133 profile positions (< 200) — a shared module, not a family assignment	0.0	107.2	107.2	1.0		3.1e-29	3.1e-29	0.0	0.027	0	133	0.05	4792	PHMEG_0004681	Phytophthora megakarya	4795	0	HECT E3 ubiquitin ligase	protista_other
A0A225WXT7	RYR	medium	partial	ryr.hmm wins by 179.5 bits (100.0% of 179.5) over 212 profile positions; no itpr.hmm hit	0.0	179.5	179.5	1.0		5.3e-51	5.3e-51	0.0	0.043	0	212	0.171	1254	PHMEG_0002827	Phytophthora megakarya	4795	0	Ryanodine-inositol 1,4,5-triphosphate receptor Ca2 channel protein	protista_other
A0A225WY12	unassigned	none	module	ryr.hmm matched only 133 profile positions (< 200) — a shared module, not a family assignment	0.0	60.6	60.6	1.0		3.4e-15	3.4e-15	0.0	0.027	0	133	0.177	740	PHMEG_0003703	Phytophthora megakarya	4795	0	Protein kinase	protista_other
A0A225WZ16	unassigned	none	module	ryr.hmm matched only 138 profile positions (< 200) — a shared module, not a family assignment	0.0	95.0	95.0	1.0		1.5e-25	1.5e-25	0.0	0.028	0	138	0.217	659	PHMEG_0002107	Phytophthora megakarya	4795	0	Sde2 N-terminal ubiquitin domain-containing protein	protista_other
A0A225X1B6	unassigned	none	module	ryr.hmm matched only 113 profile positions (< 200) — a shared module, not a family assignment	0.0	179.9	179.9	1.0		3.9e-51	3.9e-51	0.0	0.023	0	113	0.136	1502	PHMEG_0001109	Phytophthora megakarya	4795	0	Ryanodine-inositol 1,4,5-triphosphate receptor Ca2 channel protein	protista_other
A0A225X2H8	unassigned	none	module	ryr.hmm matched only 163 profile positions (< 200) — a shared module, not a family assignment	0.0	39.2	39.2	1.0		9.3e-09	9.3e-09	0.0	0.033	0	163	0.042	4137	PHMEG_000654	Phytophthora megakarya	4795	0	Regulator of chromosome condensation (RCC1)	protista_other
A0A225X3K3	unassigned	none	module	ryr.hmm matched only 123 profile positions (< 200) — a shared module, not a family assignment	0.0	98.5	98.5	1.0		1.3e-26	1.3e-26	0.0	0.025	0	123	0.075	1704	PHMEG_000653	Phytophthora megakarya	4795	0	B30.2/SPRY domain-containing protein	protista_other
A0A225X661	unassigned	none	module	best profile score 29.4 < 30 bits	0.0	29.4	29.4	1.0		8.6e-06	8.6e-06	0.0	0.013	0	64	0.185	688	PHMEG_000137	Phytophthora megakarya	4795	0	EF-hand domain-containing protein	protista_other
A0A2A9M7T3	unassigned	none	module	ryr.hmm matched only 104 profile positions (< 200) — a shared module, not a family assignment	0.0	60.3	60.3	1.0		4.2e-15	4.2e-15	0.0	0.021	0	104	0.136	773	BESB_022250	Besnoitia besnoiti	94643	0	ATP-dependent RNA helicase	protista_other
A0A2A9M9F8	unassigned	none	module	ryr.hmm matched only 163 profile positions (< 200) — a shared module, not a family assignment	0.0	34.1	34.1	1.0		3.3e-07	3.3e-07	0.0	0.033	0	163	0.692	247	BESB_080500	Besnoitia besnoiti	94643	0	SPRY domain-containing protein	protista_other
A0A2A9MBD4	unassigned	none	module	ryr.hmm matched only 54 profile positions (< 200) — a shared module, not a family assignment	0.0	41.5	41.5	1.0		1.9e-09	1.9e-09	0.0	0.011	0	54	0.169	670	BESB_061720	Besnoitia besnoiti	94643	0	non-specific serine/threonine protein kinase	protista_other
A0A2A9MHS8	unassigned	none	module	ryr.hmm matched only 69 profile positions (< 200) — a shared module, not a family assignment	0.0	57.6	57.6	1.0		2.7e-14	2.7e-14	0.0	0.014	0	69	0.872	149	BESB_004390	Besnoitia besnoiti	94643	0	Calmodulin	protista_other
A0A2A9MNB2	unassigned	none	module	best profile score 29.7 < 30 bits	0.0	29.7	29.7	1.0		6.6e-06	6.6e-06	0.0	0.012	0	59	0.653	173	BESB_003520	Besnoitia besnoiti	94643	0	Centrin 2	protista_other
A0A2C6KPF1	unassigned	none	module	ryr.hmm matched only 69 profile positions (< 200) — a shared module, not a family assignment	0.0	55.5	55.5	1.0		1.1e-13	1.1e-13	0.0	0.014	0	69	0.591	220	CSUI_007165	Cystoisospora suis	483139	0	Calmodulin	protista_other
A0A2C6KRW8	unassigned	none	module	ryr.hmm matched only 59 profile positions (< 200) — a shared module, not a family assignment	0.0	31.4	31.4	1.0		2.1e-06	2.1e-06	0.0	0.012	0	59	0.649	174	CSUI_007002	Cystoisospora suis	483139	0	Centrin 2	protista_other
A0A2C6L3G6	unassigned	none	module	ryr.hmm matched only 94 profile positions (< 200) — a shared module, not a family assignment	0.0	55.9	55.9	1.0		8.6e-14	8.6e-14	0.0	0.019	0	94	0.117	795	CSUI_003806	Cystoisospora suis	483139	0	ATP-dependent RNA helicase DDX1	protista_other
A0A2C6LAX5	unassigned	none	module	ryr.hmm matched only 54 profile positions (< 200) — a shared module, not a family assignment	0.0	32.2	32.2	1.0		1.2e-06	1.2e-06	0.0	0.011	0	54	0.237	480	CSUI_001660	Cystoisospora suis	483139	0	Ef hand domain-containing protein	protista_other
A0A2C6LC58	unassigned	none	module	ryr.hmm matched only 54 profile positions (< 200) — a shared module, not a family assignment	0.0	47.3	47.3	1.0		3.4e-11	3.4e-11	0.0	0.011	0	54	0.173	652	CSUI_001668	Cystoisospora suis	483139	0	non-specific serine/threonine protein kinase	protista_other
A0A2H6K8E0	unassigned	none	module	ryr.hmm matched only 84 profile positions (< 200) — a shared module, not a family assignment	0.0	39.8	39.8	1.0		6e-09	6e-09	0.0	0.017	0	84	0.116	709	BOVATA_007600	Babesia ovata	189622	0	ATP-dependent RNA helicase	protista_other
A0A2H6KGU9	unassigned	none	module	ryr.hmm matched only 54 profile positions (< 200) — a shared module, not a family assignment	0.0	48.8	48.8	1.0		1.2e-11	1.2e-11	0.0	0.011	0	54	0.758	149	BOVATA_037230	Babesia ovata	189622	0	Calmodulin	protista_other
A0A2P4WYW4	unassigned	none	module	best profile score 29.4 < 30 bits	0.0	29.4	29.4	1.0		8.4e-06	8.4e-06	0.0	0.012	0	59	0.095	1232	PHPALM_36840	Phytophthora palmivora	4796	0	CAMK protein kinase	protista_other
A0A2P4WYY6	unassigned	none	module	ryr.hmm matched only 113 profile positions (< 200) — a shared module, not a family assignment	0.0	246.7	246.7	1.0		3e-71	3e-71	0.0	0.023	0	113	0.237	1223	PHPALM_36835	Phytophthora palmivora	4796	0	Ryanodine-inositol 1,4,5-triphosphate receptor Ca2 channel (RIR-CaC) family protein	protista_other
A0A2P4XD10	unassigned	none	module	ryr.hmm matched only 74 profile positions (< 200) — a shared module, not a family assignment	0.0	57.6	57.6	1.0		2.7e-14	2.7e-14	0.0	0.015	0	74	0.872	149	PHPALM_21161	Phytophthora palmivora	4796	0	Calmodulin	protista_other
A0A2P4XEY2	RYR	medium	partial	ryr.hmm wins by 180.5 bits (100.0% of 180.5) over 217 profile positions; no itpr.hmm hit	0.0	180.5	180.5	1.0		2.6e-51	2.6e-51	0.0	0.044	0	217	0.099	2166	PHPALM_20410	Phytophthora palmivora	4796	0	Ryanodine-inositol 1,4,5-triphosphate receptor Ca2 channel (RIR-CaC) family protein (Fragment)	protista_other
A0A2P4XU79	RYR	medium	partial	ryr.hmm wins by 120.7 bits (100.0% of 120.7) over 212 profile positions; no itpr.hmm hit	0.0	120.7	120.7	1.0		2.7e-33	2.7e-33	0.0	0.043	0	212	0.45	438	PHPALM_14725	Phytophthora palmivora	4796	0	Protein kinase	protista_other
A0A2P4XUJ1	unassigned	none	module	ryr.hmm matched only 64 profile positions (< 200) — a shared module, not a family assignment	0.0	44.5	44.5	1.0		2.4e-10	2.4e-10	0.0	0.013	0	64	0.24	512	PHPALM_14499	Phytophthora palmivora	4796	0	Protein Kinase	protista_other
A0A2P4Y2J2	unassigned	none	module	ryr.hmm matched only 79 profile positions (< 200) — a shared module, not a family assignment	0.0	91.6	91.6	1.0		1.6e-24	1.6e-24	0.0	0.016	0	79	0.514	1030	PHPALM_11315	Phytophthora palmivora	4796	0	Calmodulin	protista_other
A0A2P4Y6B9	unassigned	none	module	ryr.hmm matched only 79 profile positions (< 200) — a shared module, not a family assignment	0.0	46.5	46.5	1.0		6.2e-11	6.2e-11	0.0	0.016	0	79	0.148	1687	PHPALM_9823	Phytophthora palmivora	4796	0	Calmodulin (Fragment)	protista_other
A0A2P4Y939	unassigned	none	module	ryr.hmm matched only 59 profile positions (< 200) — a shared module, not a family assignment	0.0	64.0	64.0	1.0		3.2e-16	3.2e-16	0.0	0.012	0	59	0.193	947	PHPALM_8722	Phytophthora palmivora	4796	0	Serine/threonine-protein phosphatase	protista_other
A0A2P4YJ34	unassigned	none	module	ryr.hmm matched only 64 profile positions (< 200) — a shared module, not a family assignment	0.0	31.2	31.2	1.0		2.4e-06	2.4e-06	0.0	0.013	0	64	0.215	605	PHPALM_4744	Phytophthora palmivora	4796	0	Serine/threonine-protein phosphatase (Fragment)	protista_other
A0A2P4YPF6	unassigned	none	module	ryr.hmm matched only 138 profile positions (< 200) — a shared module, not a family assignment	0.0	101.9	101.9	1.0		1.3e-27	1.3e-27	0.0	0.028	0	138	0.401	359	PHPALM_2635	Phytophthora palmivora	4796	0	HECT E3 ubiquitin ligase (Fragment)	protista_other
A0A2P4Z6H2	unassigned	none	module	ryr.hmm matched only 59 profile positions (< 200) — a shared module, not a family assignment	0.0	44.5	44.5	1.0		2.4e-10	2.4e-10	0.0	0.012	0	59	0.173	677	CmeUKMEL1_18520	Cryptosporidium meleagridis	93969	0	Calcium-dependent protein kinase 1	protista_other
A0A2P4Z6J1	unassigned	none	module	ryr.hmm matched only 69 profile positions (< 200) — a shared module, not a family assignment	0.0	50.2	50.2	1.0		4.5e-12	4.5e-12	0.0	0.014	0	69	0.872	149	CmeUKMEL1_18275	Cryptosporidium meleagridis	93969	0	Calmodulin	protista_other
A0A2P6MRZ1	unassigned	none	module	ryr.hmm matched only 59 profile positions (< 200) — a shared module, not a family assignment	0.0	30.9	30.9	1.0		2.9e-06	2.9e-06	0.0	0.012	0	59	0.669	172	PROFUN_06596	Planoprotostelium fungivorum	1890364	0	EF-hand domain-containing protein	protista_other
A0A2P6MYV4	unassigned	none	module	ryr.hmm matched only 148 profile positions (< 200) — a shared module, not a family assignment	0.0	62.5	62.5	1.0		9.2e-16	9.2e-16	0.0	0.03	0	148	0.24	559	PROFUN_14684	Planoprotostelium fungivorum	1890364	0	Defective in cullin neddylation protein	protista_other
A0A2P6N1I8	unassigned	none	module	ryr.hmm matched only 59 profile positions (< 200) — a shared module, not a family assignment	0.0	43.1	43.1	1.0		6.3e-10	6.3e-10	0.0	0.012	0	59	0.101	1176	PROFUN_14151	Planoprotostelium fungivorum	1890364	0	Serine/threonine-protein phosphatase	protista_other
A0A2P6N8K9	unassigned	none	module	ryr.hmm matched only 118 profile positions (< 200) — a shared module, not a family assignment	0.0	33.4	33.4	1.0		5.1e-07	5.1e-07	0.0	0.024	0	118	0.469	243	PROFUN_12747	Planoprotostelium fungivorum	1890364	0	Set1/Ash2 histone methyltransferase complex subunit ASH2 (Fragment)	protista_other
A0A2P6NJ02	unassigned	none	module	ryr.hmm matched only 118 profile positions (< 200) — a shared module, not a family assignment	0.0	37.6	37.6	1.0		2.8e-08	2.8e-08	0.0	0.024	0	118	0.281	423	PROFUN_08846	Planoprotostelium fungivorum	1890364	0	Uncharacterized protein	protista_other
A0A2P6NLX4	unassigned	none	module	ryr.hmm matched only 138 profile positions (< 200) — a shared module, not a family assignment	0.0	86.2	86.2	1.0		6.4e-23	6.4e-23	0.0	0.028	0	138	0.35	391	PROFUN_07572	Planoprotostelium fungivorum	1890364	0	Defective in cullin neddylation protein	protista_other
A0A2P6NT28	ITPR	high	architecture	itpr.hmm wins by 602.8 bits (80.2% of 751.2) over 2217 profile positions	751.2	148.4	602.8	0.8024	4.4e-223	1.2e-41	4.4e-223	0.826	0.25	2217	1232	0.907	2332	PROFUN_04764	Planoprotostelium fungivorum	1890364	0	Inositol 1,4,5-trisphosphate receptor-like protein	protista_other
A0A2P6NVK5	unassigned	none	module	ryr.hmm matched only 133 profile positions (< 200) — a shared module, not a family assignment	0.0	86.6	86.6	1.0		5.1e-23	5.1e-23	0.0	0.027	0	133	0.084	1583	PROFUN_04429	Planoprotostelium fungivorum	1890364	0	Uncharacterized protein	protista_other
A0A2P6NXC1	unassigned	none	module	ryr.hmm matched only 133 profile positions (< 200) — a shared module, not a family assignment	0.0	40.6	40.6	1.0		3.5e-09	3.5e-09	0.0	0.027	0	133	0.116	1155	PROFUN_03008	Planoprotostelium fungivorum	1890364	0	B30.2/SPRY domain-containing protein	protista_other
A0A2P6P0J2	unassigned	none	module	ryr.hmm matched only 64 profile positions (< 200) — a shared module, not a family assignment	0.0	55.1	55.1	1.0		1.5e-13	1.5e-13	0.0	0.013	0	64	0.716	169	PROFUN_00064	Planoprotostelium fungivorum	1890364	0	EF-hand domain-containing protein	protista_other
A0A2R5G008	unassigned	none	module	ryr.hmm matched only 59 profile positions (< 200) — a shared module, not a family assignment	0.0	59.4	59.4	1.0		7.9e-15	7.9e-15	0.0	0.012	0	59	0.104	2227	FCC1311_005742	Hondaea fermentalgiana	2315210	0	Calmodulin	protista_other
A0A2R5G4U5	unassigned	none	module	ryr.hmm matched only 59 profile positions (< 200) — a shared module, not a family assignment	0.0	30.9	30.9	1.0		3.1e-06	3.1e-06	0.0	0.012	0	59	0.115	1035	FCC1311_022672	Hondaea fermentalgiana	2315210	0	EF-hand domain-containing protein 1	protista_other
A0A2R5G6D5	RYR	medium	partial	ryr.hmm wins by 166.1 bits (100.0% of 166.1) over 222 profile positions; no itpr.hmm hit	0.0	166.1	166.1	1.0		5.5e-47	5.5e-47	0.0	0.045	0	222	0.12	2017	FCC1311_002212	Hondaea fermentalgiana	2315210	0	Ankyrin repeat domain-containing protein 1	protista_other
A0A2R5G893	unassigned	none	module	ryr.hmm matched only 163 profile positions (< 200) — a shared module, not a family assignment	0.0	56.4	56.4	1.0		6e-14	6e-14	0.0	0.033	0	163	0.092	1767	FCC1311_022282	Hondaea fermentalgiana	2315210	0	Ryanodine receptor	protista_other
A0A2R5G8M3	unassigned	none	module	ryr.hmm matched only 128 profile positions (< 200) — a shared module, not a family assignment	0.0	72.7	72.7	1.0		7.8e-19	7.8e-19	0.0	0.026	0	128	0.057	4405	FCC1311_002422	Hondaea fermentalgiana	2315210	0	E3 ubiquitin-protein ligase HERC2	protista_other
A0A2R5G9Z1	unassigned	none	module	ryr.hmm matched only 64 profile positions (< 200) — a shared module, not a family assignment	0.0	82.1	82.1	1.0		1.1e-21	1.1e-21	0.0	0.013	0	64	0.129	2738	FCC1311_033422	Hondaea fermentalgiana	2315210	0	Protein fantom	protista_other
A0A2R5GBB0	unassigned	none	module	ryr.hmm matched only 128 profile positions (< 200) — a shared module, not a family assignment	0.0	38.6	38.6	1.0		1.4e-08	1.4e-08	0.0	0.026	0	128	0.099	1377	FCC1311_041082	Hondaea fermentalgiana	2315210	0	Vacuolar protein 8	protista_other
A0A2R5GCL7	unassigned	none	module	ryr.hmm matched only 128 profile positions (< 200) — a shared module, not a family assignment	0.0	97.9	97.9	1.0		1.9e-26	1.9e-26	0.0	0.026	0	128	0.056	3774	FCC1311_049332	Hondaea fermentalgiana	2315210	0	F-box/SPRY domain-containing protein 1	protista_other
A0A2R5GDI7	unassigned	none	module	ryr.hmm matched only 113 profile positions (< 200) — a shared module, not a family assignment	0.0	97.0	97.0	1.0		3.6e-26	3.6e-26	0.0	0.023	0	113	0.467	229	FCC1311_024822	Hondaea fermentalgiana	2315210	0	Ryanodine receptor	protista_other
A0A2R5GE48	RYR	medium	partial	ryr.hmm wins by 142.6 bits (100.0% of 142.6) over 217 profile positions; no itpr.hmm hit	0.0	142.6	142.6	1.0		6.9e-40	6.9e-40	0.0	0.044	0	217	0.131	2148	FCC1311_054282	Hondaea fermentalgiana	2315210	0	Ankyrin repeat domain-containing protein 1	protista_other
A0A2R5GGL6	unassigned	none	module	ryr.hmm matched only 64 profile positions (< 200) — a shared module, not a family assignment	0.0	50.6	50.6	1.0		3.5e-12	3.5e-12	0.0	0.013	0	64	0.602	201	FCC1311_051192	Hondaea fermentalgiana	2315210	0	Calmodulin	protista_other
A0A2R5GH55	unassigned	none	module	ryr.hmm matched only 59 profile positions (< 200) — a shared module, not a family assignment	0.0	30.2	30.2	1.0		5e-06	5e-06	0.0	0.012	0	59	0.219	529	FCC1311_057201	Hondaea fermentalgiana	2315210	0	Troponin C, slow skeletal and cardiac muscles	protista_other
A0A2R5GJZ3	unassigned	none	module	ryr.hmm matched only 84 profile positions (< 200) — a shared module, not a family assignment	0.0	31.9	31.9	1.0		1.5e-06	1.5e-06	0.0	0.017	0	84	0.013	7008	FCC1311_051842	Hondaea fermentalgiana	2315210	0	E3 ubiquitin-protein ligase HERC2	protista_other
A0A2R5GPL0	unassigned	none	module	best profile score 29.6 < 30 bits	0.0	29.6	29.6	1.0		7.3e-06	7.3e-06	0.0	0.012	0	59	0.205	572	FCC1311_064902	Hondaea fermentalgiana	2315210	0	Protein kinase, putative	protista_other
A0A2R5GPP4	unassigned	none	module	ryr.hmm matched only 64 profile positions (< 200) — a shared module, not a family assignment	0.0	53.3	53.3	1.0		5.4e-13	5.4e-13	0.0	0.013	0	64	0.157	1215	FCC1311_079732	Hondaea fermentalgiana	2315210	0	Serine/threonine-protein phosphatase	protista_other
A0A2R5GSL0	unassigned	none	module	ryr.hmm matched only 64 profile positions (< 200) — a shared module, not a family assignment	0.0	33.4	33.4	1.0		5.1e-07	5.1e-07	0.0	0.013	0	64	0.07	3369	FCC1311_100532	Hondaea fermentalgiana	2315210	0	Calmodulin	protista_other
A0A2R5GSN0	unassigned	none	module	ryr.hmm matched only 123 profile positions (< 200) — a shared module, not a family assignment	0.0	75.2	75.2	1.0		1.3e-19	1.3e-19	0.0	0.025	0	123	0.045	2794	FCC1311_095432	Hondaea fermentalgiana	2315210	0	HECT-type E3 ubiquitin transferase	protista_other
A0A2R5GVV0	ITPR	high	architecture	itpr.hmm wins by 435.2 bits (67.1% of 648.2) over 1785 profile positions	648.2	213.0	435.2	0.6714	4.8e-192	4e-61	4.8e-192	0.665	0.144	1785	710	0.676	3220	FCC1311_090182	Hondaea fermentalgiana	2315210	0	Inositol 1,4,5-trisphosphate receptor	protista_other
A0A2R5GW08	unassigned	none	module	ryr.hmm matched only 59 profile positions (< 200) — a shared module, not a family assignment	0.0	35.5	35.5	1.0		1.3e-07	1.3e-07	0.0	0.012	0	59	0.174	634	FCC1311_109772	Hondaea fermentalgiana	2315210	0	non-specific serine/threonine protein kinase	protista_other
A0A2R5GX22	unassigned	none	module	ryr.hmm matched only 59 profile positions (< 200) — a shared module, not a family assignment	0.0	48.9	48.9	1.0		1.1e-11	1.1e-11	0.0	0.012	0	59	0.146	2035	FCC1311_105512	Hondaea fermentalgiana	2315210	0	Calmodulin	protista_other
A0A2R5GYN2	unassigned	none	module	ryr.hmm matched only 123 profile positions (< 200) — a shared module, not a family assignment	0.0	101.3	101.3	1.0		1.9e-27	1.9e-27	0.0	0.025	0	123	0.031	6845	FCC1311_100662	Hondaea fermentalgiana	2315210	0	Ubiquitin-conjugating enzyme E2 Z	protista_other
A0A2V3IIX8	unassigned	none	module	ryr.hmm matched only 99 profile positions (< 200) — a shared module, not a family assignment	0.0	32.5	32.5	1.0		9.7e-07	9.7e-07	0.0	0.02	0	99	0.229	459	BWQ96_08214	Gracilariopsis chorda	448386	0	Ran-binding protein 9	protista_other
A0A2V3IT97	unassigned	none	module	ryr.hmm matched only 79 profile positions (< 200) — a shared module, not a family assignment	0.0	33.5	33.5	1.0		4.8e-07	4.8e-07	0.0	0.016	0	79	0.133	609	BWQ96_04866	Gracilariopsis chorda	448386	0	Set1/Ash2 histone methyltransferase complex subunit ASH2	protista_other
A0A2V3IUU6	unassigned	none	module	ryr.hmm matched only 79 profile positions (< 200) — a shared module, not a family assignment	0.0	35.2	35.2	1.0		1.5e-07	1.5e-07	0.0	0.016	0	79	0.15	508	BWQ96_04327	Gracilariopsis chorda	448386	0	RNA helicase	protista_other
A0A2V3IZ48	unassigned	none	module	ryr.hmm matched only 54 profile positions (< 200) — a shared module, not a family assignment	0.0	46.0	46.0	1.0		8.2e-11	8.2e-11	0.0	0.011	0	54	0.729	155	BWQ96_02849	Gracilariopsis chorda	448386	0	Calmodulin	protista_other
A0A2V3J464	unassigned	none	module	ryr.hmm matched only 59 profile positions (< 200) — a shared module, not a family assignment	0.0	58.0	58.0	1.0		2e-14	2e-14	0.0	0.012	0	59	0.767	150	BWQ96_00964	Gracilariopsis chorda	448386	0	Calmodulin	protista_other
A0A329RWY6	unassigned	none	module	ryr.hmm matched only 64 profile positions (< 200) — a shared module, not a family assignment	0.0	52.3	52.3	1.0		1.1e-12	1.1e-12	0.0	0.013	0	64	0.148	2989	PC110_g14800	Phytophthora cactorum	29920	0	EF-hand domain-containing protein	protista_other
A0A329S156	unassigned	none	module	ryr.hmm matched only 64 profile positions (< 200) — a shared module, not a family assignment	0.0	42.8	42.8	1.0		8e-10	8e-10	0.0	0.013	0	64	0.116	1989	PC110_g12972	Phytophthora cactorum	29920	0	EF-hand domain-containing protein	protista_other
A0A329S1U4	RYR	medium	partial	ryr.hmm wins by 122.0 bits (100.0% of 122.0) over 256 profile positions; no itpr.hmm hit	0.0	122.0	122.0	1.0		1.1e-33	1.1e-33	0.0	0.052	0	256	0.049	6761	PC110_g13150	Phytophthora cactorum	29920	0	B30.2/SPRY domain-containing protein	protista_other
A0A329SCW7	ITPR	high	architecture	itpr.hmm wins by 1687.9 bits (84.2% of 2005.3) over 2638 profile positions	2005.3	317.4	1687.9	0.8417	0	1.5e-92	0	0.983	0.232	2638	1144	0.939	3782	PC110_g9223	Phytophthora cactorum	29920	0	MIR domain-containing protein	protista_other
A0A329SFE0	unassigned	none	module	ryr.hmm matched only 69 profile positions (< 200) — a shared module, not a family assignment	0.0	99.3	99.3	1.0		7.6e-27	7.6e-27	0.0	0.014	0	69	0.387	1219	PC110_g8169	Phytophthora cactorum	29920	0	EF-hand domain-containing protein	protista_other
A0A329SFT3	unassigned	none	module	ryr.hmm matched only 133 profile positions (< 200) — a shared module, not a family assignment	0.0	93.3	93.3	1.0		4.9e-25	4.9e-25	0.0	0.027	0	133	0.222	625	PC110_g8025	Phytophthora cactorum	29920	0	Uncharacterized protein	protista_other
A0A329SIS3	unassigned	none	module	ryr.hmm matched only 113 profile positions (< 200) — a shared module, not a family assignment	0.0	184.0	184.0	1.0		2.3e-52	2.3e-52	0.0	0.023	0	113	0.147	1387	PC110_g7026	Phytophthora cactorum	29920	0	Ryanodine-inositol 1,4,5-triphosphate receptor Ca2 channel (RIR-CaC) family protein	protista_other
A0A329SJQ3	unassigned	none	module	ryr.hmm matched only 74 profile positions (< 200) — a shared module, not a family assignment	0.0	57.6	57.6	1.0		2.7e-14	2.7e-14	0.0	0.015	0	74	0.872	149	PC110_g6727	Phytophthora cactorum	29920	0	Calmodulin	protista_other
A0A329SPJ6	unassigned	none	module	ryr.hmm matched only 59 profile positions (< 200) — a shared module, not a family assignment	0.0	46.7	46.7	1.0		5.2e-11	5.2e-11	0.0	0.012	0	59	0.24	504	PC110_g5230	Phytophthora cactorum	29920	0	Uncharacterized protein	protista_other
A0A329SQ24	unassigned	none	module	ryr.hmm matched only 143 profile positions (< 200) — a shared module, not a family assignment	0.0	106.5	106.5	1.0		5e-29	5e-29	0.0	0.029	0	143	0.056	4368	PC110_g4775	Phytophthora cactorum	29920	0	Uncharacterized protein	protista_other
A0A329SRD4	unassigned	none	module	ryr.hmm matched only 133 profile positions (< 200) — a shared module, not a family assignment	0.0	107.5	107.5	1.0		2.5e-29	2.5e-29	0.0	0.027	0	133	0.05	4799	PC110_g4667	Phytophthora cactorum	29920	0	B30.2/SPRY domain-containing protein	protista_other
A0A329SXL5	RYR	medium	partial	ryr.hmm wins by 175.0 bits (100.0% of 175.0) over 212 profile positions; no itpr.hmm hit	0.0	175.0	175.0	1.0		1.1e-49	1.1e-49	0.0	0.043	0	212	0.23	931	PC110_g2445	Phytophthora cactorum	29920	0	Uncharacterized protein	protista_other
A0A329SZJ1	unassigned	none	module	ryr.hmm matched only 59 profile positions (< 200) — a shared module, not a family assignment	0.0	62.7	62.7	1.0		8e-16	8e-16	0.0	0.012	0	59	0.195	940	PC110_g2767	Phytophthora cactorum	29920	0	Serine/threonine-protein phosphatase	protista_other
A0A329T0Q5	unassigned	none	module	ryr.hmm matched only 64 profile positions (< 200) — a shared module, not a family assignment	0.0	34.5	34.5	1.0		2.5e-07	2.5e-07	0.0	0.013	0	64	0.177	728	PC110_g2316	Phytophthora cactorum	29920	0	EF-hand domain-containing protein	protista_other
A0A329T4N0	RYR	medium	partial	ryr.hmm wins by 112.4 bits (100.0% of 112.4) over 212 profile positions; no itpr.hmm hit	0.0	112.4	112.4	1.0		8.6e-31	8.6e-31	0.0	0.043	0	212	0.261	744	PC110_g332	Phytophthora cactorum	29920	0	Calcium/calmodulin-dependent/calcium-dependent protein kinase	protista_other
A0A384KIH9	unassigned	none	module	ryr.hmm matched only 64 profile positions (< 200) — a shared module, not a family assignment	0.0	39.1	39.1	1.0		1e-08	1e-08	0.0	0.013	0	64	0.231	563	PKNH_1263500	Plasmodium knowlesi (strain H)	5851	0	non-specific serine/threonine protein kinase	protista_other
A0A384LIS4	unassigned	none	module	ryr.hmm matched only 59 profile positions (< 200) — a shared module, not a family assignment	0.0	30.3	30.3	1.0		4.7e-06	4.7e-06	0.0	0.012	0	59	0.685	168	PKNH_0206500	Plasmodium knowlesi (strain H)	5851	0	Centrin-1, putative	protista_other
A0A384LLY8	unassigned	none	module	ryr.hmm matched only 69 profile positions (< 200) — a shared module, not a family assignment	0.0	58.4	58.4	1.0		1.6e-14	1.6e-14	0.0	0.014	0	69	0.872	149	PKNH_0420800	Plasmodium knowlesi (strain H)	5851	0	Calmodulin	protista_other
A0A391P1U3	unassigned	none	module	ryr.hmm matched only 64 profile positions (< 200) — a shared module, not a family assignment	0.0	54.7	54.7	1.0		2e-13	2e-13	0.0	0.013	0	64	0.808	151	KIPB_013786	Kipferlia bialata	797122	0	Calmodulin	protista_other
A0A397B4W7	unassigned	none	module	ryr.hmm matched only 74 profile positions (< 200) — a shared module, not a family assignment	0.0	57.6	57.6	1.0		2.7e-14	2.7e-14	0.0	0.015	0	74	0.872	149	B5M09_002803	Aphanomyces astaci	112090	0	Calmodulin	protista_other
A0A3M6V7M3	unassigned	none	module	ryr.hmm matched only 74 profile positions (< 200) — a shared module, not a family assignment	0.0	57.6	57.6	1.0		2.7e-14	2.7e-14	0.0	0.015	0	74	0.872	149	DD238_003864	Peronospora effusa	542832	0	Calmodulin	protista_other
A0A3M6VDA8	unassigned	none	module	ryr.hmm matched only 133 profile positions (< 200) — a shared module, not a family assignment	0.0	93.0	93.0	1.0		5.7e-25	5.7e-25	0.0	0.027	0	133	0.215	634	DD238_006044	Peronospora effusa	542832	0	C3H1-type domain-containing protein	protista_other
A0A3M6VGJ1	unassigned	none	module	ryr.hmm matched only 59 profile positions (< 200) — a shared module, not a family assignment	0.0	52.1	52.1	1.0		1.2e-12	1.2e-12	0.0	0.012	0	59	0.506	239	DD238_003545	Peronospora effusa	542832	0	Uncharacterized protein	protista_other
A0A3M6VHR6	unassigned	none	module	ryr.hmm matched only 59 profile positions (< 200) — a shared module, not a family assignment	0.0	59.0	59.0	1.0		1e-14	1e-14	0.0	0.012	0	59	0.114	1605	DD238_002301	Peronospora effusa	542832	0	Serine/threonine-protein phosphatase	protista_other
A0A3M6VI66	RYR	medium	partial	ryr.hmm wins by 181.8 bits (100.0% of 181.8) over 212 profile positions; no itpr.hmm hit	0.0	181.8	181.8	1.0		1e-51	1e-51	0.0	0.043	0	212	0.169	1247	DD238_006562	Peronospora effusa	542832	0	Ryanodine receptor Ryr domain-containing protein	protista_other
A0A3M6VJL0	RYR	medium	partial	ryr.hmm wins by 41.2 bits (100.0% of 41.2) over 207 profile positions; no itpr.hmm hit	0.0	41.2	41.2	1.0		2.4e-09	2.4e-09	0.0	0.042	0	207	0.097	2133	DD238_002001	Peronospora effusa	542832	0	HECT domain-containing protein	protista_other
A0A3M6VKN5	unassigned	none	module	ryr.hmm matched only 123 profile positions (< 200) — a shared module, not a family assignment	0.0	88.8	88.8	1.0		1.1e-23	1.1e-23	0.0	0.025	0	123	0.027	4591	DD238_002002	Peronospora effusa	542832	0	B30.2/SPRY domain-containing protein	protista_other
A0A3M6VMP9	unassigned	none	module	ryr.hmm matched only 133 profile positions (< 200) — a shared module, not a family assignment	0.0	104.8	104.8	1.0		1.6e-28	1.6e-28	0.0	0.027	0	133	0.049	4814	DD238_003302	Peronospora effusa	542832	0	B30.2/SPRY domain-containing protein	protista_other
A0A3M6VU74	unassigned	none	module	ryr.hmm matched only 192 profile positions (< 200) — a shared module, not a family assignment	0.0	179.1	179.1	1.0		6.6e-51	6.6e-51	0.0	0.039	0	192	0.139	1393	DD238_000219	Peronospora effusa	542832	0	Ryanodine-inositol 1,4,5-triphosphate receptor Ca2 channel (RIR-CaC) family protein	protista_other
A0A3Q8IJS9	unassigned	none	module	ryr.hmm matched only 143 profile positions (< 200) — a shared module, not a family assignment	0.0	31.7	31.7	1.0		1.7e-06	1.7e-06	0.0	0.029	0	143	0.038	4087	LdCL_320046800	Leishmania donovani	5661	0	SPRY domain/HECT-domain (Ubiquitin-transferase), putative	protista_other
A0A3R6VIL6	unassigned	none	module	ryr.hmm matched only 69 profile positions (< 200) — a shared module, not a family assignment	0.0	30.5	30.5	1.0		3.9e-06	3.9e-06	0.0	0.014	0	69	0.118	1681	DYB32_007036	Aphanomyces invadans	157072	0	EF-hand domain-containing protein	protista_other
A0A3R6W1R2	unassigned	none	module	ryr.hmm matched only 84 profile positions (< 200) — a shared module, not a family assignment	0.0	87.0	87.0	1.0		3.7e-23	3.7e-23	0.0	0.017	0	84	0.189	797	DYB32_001895	Aphanomyces invadans	157072	0	Protein kinase domain-containing protein	protista_other
A0A3R6WNG4	ITPR	medium	partial	itpr.hmm wins by 70.6 bits (100.0% of 70.6) over 338 profile positions; no ryr.hmm hit	70.6	0.0	70.6	1.0	6.1e-18		6.1e-18	0.126	0.0	338	0	0.542	694	DYB32_003705	Aphanomyces invadans	157072	0	RyR/IP3R Homology associated domain-containing protein	protista_other
A0A3R6WSX0	unassigned	none	module	ryr.hmm matched only 94 profile positions (< 200) — a shared module, not a family assignment	0.0	52.2	52.2	1.0		1.1e-12	1.1e-12	0.0	0.019	0	94	0.106	953	DYB32_001026	Aphanomyces invadans	157072	0	HECT domain-containing protein (Fragment)	protista_other
A0A3R6Y7Q4	unassigned	none	module	ryr.hmm matched only 64 profile positions (< 200) — a shared module, not a family assignment	0.0	36.3	36.3	1.0		6.8e-08	6.8e-08	0.0	0.013	0	64	0.153	1225	DYB32_005611	Aphanomyces invadans	157072	0	EF-hand domain-containing protein	protista_other
A0A3R6YBX1	unassigned	none	module	ryr.hmm matched only 128 profile positions (< 200) — a shared module, not a family assignment	0.0	92.7	92.7	1.0		7e-25	7e-25	0.0	0.026	0	128	0.237	556	DYB32_004129	Aphanomyces invadans	157072	0	C3H1-type domain-containing protein	protista_other
A0A3R6YDQ7	unassigned	none	module	ryr.hmm matched only 84 profile positions (< 200) — a shared module, not a family assignment	0.0	56.7	56.7	1.0		5.2e-14	5.2e-14	0.0	0.017	0	84	0.048	1850	DYB32_001890	Aphanomyces invadans	157072	0	B30.2/SPRY domain-containing protein	protista_other
A0A3R6YZE5	RYR	medium	partial	ryr.hmm wins by 176.4 bits (100.0% of 176.4) over 212 profile positions; no itpr.hmm hit	0.0	176.4	176.4	1.0		4.3e-50	4.3e-50	0.0	0.043	0	212	0.179	1332	DYB32_004605	Aphanomyces invadans	157072	0	Polycystin cation channel PKD1/PKD2 domain-containing protein	protista_other
A0A3R6Z015	unassigned	none	module	ryr.hmm matched only 54 profile positions (< 200) — a shared module, not a family assignment	0.0	43.1	43.1	1.0		6.2e-10	6.2e-10	0.0	0.011	0	54	0.202	560	DYB32_004153	Aphanomyces invadans	157072	0	EF-hand domain-containing protein	protista_other
A0A3R6ZW45	ITPR	medium	partial	itpr.hmm wins by 121.9 bits (100.0% of 121.9) over 459 profile positions; no ryr.hmm hit	121.9	0.0	121.9	1.0	2.1e-33		2.1e-33	0.171	0.0	459	0	0.244	1834	DYB32_001093	Aphanomyces invadans	157072	0	RyR/IP3R Homology associated domain-containing protein	protista_other
A0A3R6ZWS0	unassigned	none	module	ryr.hmm matched only 99 profile positions (< 200) — a shared module, not a family assignment	0.0	168.8	168.8	1.0		8.7e-48	8.7e-48	0.0	0.02	0	99	0.165	1037	DYB32_000737	Aphanomyces invadans	157072	0	Ryanodine receptor Ryr domain-containing protein	protista_other
A0A3R7A5J7	unassigned	none	module	ryr.hmm matched only 197 profile positions (< 200) — a shared module, not a family assignment	0.0	125.7	125.7	1.0		8.2e-35	8.2e-35	0.0	0.04	0	197	0.142	1516	DYB32_007439	Aphanomyces invadans	157072	0	Polycystin cation channel PKD1/PKD2 domain-containing protein (Fragment)	protista_other
A0A3R7AAT0	ITPR	medium	partial	itpr.hmm wins by 144.7 bits (51.9% of 278.8) over 668 profile positions	278.8	134.1	144.7	0.519	1e-80	2.4e-37	1e-80	0.249	0.071	668	350	0.81	954	DYB32_003704	Aphanomyces invadans	157072	0	Ion transport domain-containing protein	protista_other
A0A3R7CZI5	ITPR	medium	partial	itpr.hmm wins by 368.8 bits (60.9% of 605.8) over 1323 profile positions	605.8	237.0	368.8	0.6088	2.8e-179	2.5e-68	2.8e-179	0.493	0.104	1323	513	0.809	1726	DYB32_005561	Aphanomyces invadans	157072	0	Ion transport domain-containing protein	protista_other
A0A3R7D679	unassigned	none	module	ryr.hmm matched only 187 profile positions (< 200) — a shared module, not a family assignment	0.0	125.0	125.0	1.0		1.4e-34	1.4e-34	0.0	0.038	0	187	0.044	6320	DYB32_004179	Aphanomyces invadans	157072	0	B30.2/SPRY domain-containing protein	protista_other
A0A3R7D688	ITPR	medium	partial	itpr.hmm wins by 65.1 bits (29.5% of 221.0) over 325 profile positions	221.0	155.9	65.1	0.2946	2.8e-63	6.6e-44	2.8e-63	0.121	0.047	325	232	0.822	410	DYB32_001092	Aphanomyces invadans	157072	0	Ion transport domain-containing protein	protista_other
A0A3R7D839	unassigned	none	module	ryr.hmm matched only 173 profile positions (< 200) — a shared module, not a family assignment	0.0	76.8	76.8	1.0		4.3e-20	4.3e-20	0.0	0.035	0	173	0.084	3325	DYB32_000020	Aphanomyces invadans	157072	0	UBA domain-containing protein	protista_other
A0A3R7GVW4	unassigned	none	module	ryr.hmm matched only 64 profile positions (< 200) — a shared module, not a family assignment	0.0	42.1	42.1	1.0		1.3e-09	1.3e-09	0.0	0.013	0	64	0.155	2480	BBO99_00005588	Phytophthora kernoviae	325452	0	EF-hand domain-containing protein	protista_other
A0A3R7I1I3	unassigned	none	module	ryr.hmm matched only 128 profile positions (< 200) — a shared module, not a family assignment	0.0	84.5	84.5	1.0		2.2e-22	2.2e-22	0.0	0.026	0	128	0.209	631	BBO99_00000794	Phytophthora kernoviae	325452	0	C3H1-type domain-containing protein	protista_other
A0A3R7J5H8	unassigned	none	module	ryr.hmm matched only 59 profile positions (< 200) — a shared module, not a family assignment	0.0	35.7	35.7	1.0		1.1e-07	1.1e-07	0.0	0.012	0	59	0.472	248	BBO99_00006506	Phytophthora kernoviae	325452	0	EF-hand domain-containing protein	protista_other
A0A3R7KN57	unassigned	none	module	ryr.hmm matched only 143 profile positions (< 200) — a shared module, not a family assignment	0.0	41.9	41.9	1.0		1.5e-09	1.5e-09	0.0	0.029	0	143	0.036	4132	TraAM80_04771	Trypanosoma rangeli	5698	0	Ubiquitin-protein ligase	protista_other
A0A3R7KNQ5	unassigned	none	module	ryr.hmm matched only 64 profile positions (< 200) — a shared module, not a family assignment	0.0	31.4	31.4	1.0		2.1e-06	2.1e-06	0.0	0.013	0	64	0.353	184	BBO99_00009912	Phytophthora kernoviae	325452	0	EF-hand domain-containing protein	protista_other
A0A3R7N340	unassigned	none	module	ryr.hmm matched only 133 profile positions (< 200) — a shared module, not a family assignment	0.0	106.8	106.8	1.0		4.2e-29	4.2e-29	0.0	0.027	0	133	0.061	4433	Tco025E_02513	Trypanosoma conorhini	83891	0	Putative ubiquitin-protein ligase	protista_other
A0A3R7NBE7	unassigned	none	module	ryr.hmm matched only 54 profile positions (< 200) — a shared module, not a family assignment	0.0	33.9	33.9	1.0		3.8e-07	3.8e-07	0.0	0.011	0	54	0.491	116	Tco025E_09160	Trypanosoma conorhini	83891	0	Calmodulin (Fragment)	protista_other
A0A3R7NL84	unassigned	none	module	ryr.hmm matched only 182 profile positions (< 200) — a shared module, not a family assignment	0.0	37.2	37.2	1.0		3.8e-08	3.8e-08	0.0	0.037	0	182	0.212	857	BBO99_00001461	Phytophthora kernoviae	325452	0	B30.2/SPRY domain-containing protein	protista_other
A0A3R7W952	unassigned	none	module	itpr.hmm matched only 70 profile positions (< 200) — a shared module, not a family assignment	53.0	0.0	53.0	1.0	1.2e-12		1.2e-12	0.026	0.0	70	0	0.972	72	B5M09_013910	Aphanomyces astaci	112090	0	Uncharacterized protein (Fragment)	protista_other
A0A3R7WCM3	RYR	medium	partial	ryr.hmm wins by 142.1 bits (100.0% of 142.1) over 306 profile positions; no itpr.hmm hit	0.0	142.1	142.1	1.0		9.4e-40	9.4e-40	0.0	0.062	0	306	0.21	917	B5M09_005841	Aphanomyces astaci	112090	0	CAMKK protein kinase	protista_other
A0A3R7WEB5	unassigned	none	module	ryr.hmm matched only 177 profile positions (< 200) — a shared module, not a family assignment	0.0	76.7	76.7	1.0		4.8e-20	4.8e-20	0.0	0.036	0	177	0.127	3097	B5M09_005708	Aphanomyces astaci	112090	0	UBA domain-containing protein	protista_other
A0A3R7WJG3	unassigned	none	module	ryr.hmm matched only 187 profile positions (< 200) — a shared module, not a family assignment	0.0	129.5	129.5	1.0		6e-36	6e-36	0.0	0.038	0	187	0.043	6434	B5M09_003510	Aphanomyces astaci	112090	0	B30.2/SPRY domain-containing protein	protista_other
A0A3R7WLT2	unassigned	none	module	ryr.hmm matched only 177 profile positions (< 200) — a shared module, not a family assignment	0.0	94.3	94.3	1.0		2.3e-25	2.3e-25	0.0	0.036	0	177	0.668	304	B5M09_011403	Aphanomyces astaci	112090	0	Ryanodine receptor Ryr domain-containing protein (Fragment)	protista_other
A0A3R7WPK9	ITPR	medium	partial	itpr.hmm wins by 160.8 bits (60.3% of 266.5) over 604 profile positions	266.5	105.7	160.8	0.6034	5.5e-77	8.8e-29	5.5e-77	0.225	0.046	604	227	0.965	736	B5M09_007071	Aphanomyces astaci	112090	0	Ion transport domain-containing protein	protista_other
A0A3R7Y391	ITPR	medium	partial	itpr.hmm wins by 105.8 bits (54.4% of 194.5) over 529 profile positions	194.5	88.7	105.8	0.544	2.7e-55	1.2e-23	2.7e-55	0.197	0.026	529	128	0.644	855	B5M09_008389	Aphanomyces astaci	112090	0	Ion transport domain-containing protein	protista_other
A0A3R7Y6A7	ITPR	medium	partial	itpr.hmm wins by 191.4 bits (83.9% of 228.1) over 1111 profile positions	228.1	36.7	191.4	0.8391	2.1e-65	5.5e-08	2.1e-65	0.414	0.035	1111	173	0.698	1702	B5M09_007072	Aphanomyces astaci	112090	0	Inositol 1,4,5-trisphosphate/ryanodine receptor domain-containing protein	protista_other
A0A3R7Y6K4	ITPR	medium	partial	itpr.hmm wins by 119.9 bits (50.2% of 239.0) over 569 profile positions	239.0	119.1	119.9	0.5017	1e-68	7.9e-33	1e-68	0.212	0.038	569	187	0.662	970	B5M09_008826	Aphanomyces astaci	112090	0	Ion transport domain-containing protein	protista_other
A0A3R7Y9W3	ITPR	medium	partial	itpr.hmm wins by 84.7 bits (100.0% of 84.7) over 223 profile positions; no ryr.hmm hit	84.7	0.0	84.7	1.0	3.3e-22		3.3e-22	0.083	0.0	223	0	0.474	515	B5M09_006171	Aphanomyces astaci	112090	0	Uncharacterized protein	protista_other
A0A3R7YKR9	unassigned	none	module	ryr.hmm matched only 89 profile positions (< 200) — a shared module, not a family assignment	0.0	41.6	41.6	1.0		1.7e-09	1.7e-09	0.0	0.018	0	89	0.158	1450	B5M09_001268	Aphanomyces astaci	112090	0	EF-hand domain-containing protein	protista_other
A0A3R7Z6R1	ITPR	high	architecture	itpr.hmm wins by 788.6 bits (75.3% of 1047.2) over 1997 profile positions	1047.2	258.6	788.6	0.7531	2.5e-312	7.9e-75	2.5e-312	0.744	0.205	1997	1011	0.77	2983	B5M09_003701	Aphanomyces astaci	112090	0	RIH domain-containing protein	protista_other
A0A3R8CLZ4	unassigned	none	module	ryr.hmm matched only 89 profile positions (< 200) — a shared module, not a family assignment	0.0	113.1	113.1	1.0		5.1e-31	5.1e-31	0.0	0.018	0	89	0.278	3277	B5M09_000094	Aphanomyces astaci	112090	0	EF-hand domain-containing protein	protista_other
A0A3R8D8E5	unassigned	none	module	ryr.hmm matched only 84 profile positions (< 200) — a shared module, not a family assignment	0.0	47.0	47.0	1.0		4.1e-11	4.1e-11	0.0	0.017	0	84	0.021	4339	B5M09_001872	Aphanomyces astaci	112090	0	HECT domain-containing protein	protista_other
A0A3R8DF96	ITPR	medium	partial	itpr.hmm wins by 134.6 bits (46.7% of 288.5) over 666 profile positions	288.5	153.9	134.6	0.4666	1.3e-83	2.7e-43	1.3e-83	0.248	0.051	666	251	0.375	2147	B5M09_007814	Aphanomyces astaci	112090	0	Ion transport domain-containing protein	protista_other
A0A3R8DJG0	unassigned	none	module	ryr.hmm matched only 59 profile positions (< 200) — a shared module, not a family assignment	0.0	51.2	51.2	1.0		2.3e-12	2.3e-12	0.0	0.012	0	59	0.498	307	B5M09_007641	Aphanomyces astaci	112090	0	EF-hand domain-containing protein (Fragment)	protista_other
A0A3S5H6E2	unassigned	none	module	ryr.hmm matched only 59 profile positions (< 200) — a shared module, not a family assignment	0.0	53.6	53.6	1.0		4.3e-13	4.3e-13	0.0	0.012	0	59	0.779	149	LdCL_090015100	Leishmania donovani	5661	0	Calmodulin, putative	protista_other
A0A3S7WSP0	RYR	medium	partial	ryr.hmm wins by 66.1 bits (100.0% of 66.1) over 261 profile positions; no itpr.hmm hit	0.0	66.1	66.1	1.0		7.4e-17	7.4e-17	0.0	0.053	0	261	0.051	5641	LdCL_130019300	Leishmania donovani	5661	0	SPRY domain/HECT-domain (Ubiquitin-transferase), putative	protista_other
A0A3S7WTR9	ITPR	high	architecture	itpr.hmm wins by 262.5 bits (59.1% of 444.3) over 1455 profile positions	444.3	181.8	262.5	0.5908	1.3e-130	1.1e-51	1.3e-130	0.542	0.076	1455	375	0.545	2874	LdCL_160007800	Leishmania donovani	5661	0	Inositol 1,4,5-trisphosphate receptor, putative	protista_other
A0A3S7XC43	unassigned	none	module	ryr.hmm matched only 168 profile positions (< 200) — a shared module, not a family assignment	0.0	97.6	97.6	1.0		2.5e-26	2.5e-26	0.0	0.034	0	168	0.063	4164	LdCL_360073700	Leishmania donovani	5661	0	Ubiquitin-protein ligase, putative	protista_other
A0A418AGV4	ITPR	medium	partial	itpr.hmm wins by 265.4 bits (66.8% of 397.1) over 647 profile positions	397.1	131.7	265.4	0.6683	2.3e-116	1.3e-36	2.3e-116	0.241	0.069	647	340	0.581	1133	DYB32_010127	Aphanomyces invadans	157072	0	Ion transport domain-containing protein (Fragment)	protista_other
A0A418AHR1	ITPR	medium	partial	itpr.hmm wins by 334.4 bits (64.8% of 516.1) over 776 profile positions	516.1	181.7	334.4	0.6479	3.1e-152	1.1e-51	3.1e-152	0.289	0.097	776	478	0.602	1384	DYB32_009686	Aphanomyces invadans	157072	0	Ion transport domain-containing protein (Fragment)	protista_other
A0A418AI24	ITPR	medium	partial	itpr.hmm wins by 158.2 bits (80.1% of 197.6) over 558 profile positions	197.6	39.4	158.2	0.8006	3.1e-56	8.1e-09	3.1e-56	0.208	0.041	558	202	0.79	784	DYB32_009759	Aphanomyces invadans	157072	0	RIH domain-containing protein (Fragment)	protista_other
A0A418AKV4	unassigned	none	module	ryr.hmm matched only 74 profile positions (< 200) — a shared module, not a family assignment	0.0	57.6	57.6	1.0		2.7e-14	2.7e-14	0.0	0.015	0	74	0.872	149	DYB32_008526	Aphanomyces invadans	157072	0	Calmodulin	protista_other
A0A418ANE6	unassigned	none	module	best profile score 29.9 < 30 bits	0.0	29.9	29.9	1.0		6.1e-06	6.1e-06	0.0	0.012	0	59	0.339	357	DYB32_007823	Aphanomyces invadans	157072	0	EF-hand domain-containing protein	protista_other
A0A418ASN8	unassigned	none	module	ryr.hmm matched only 89 profile positions (< 200) — a shared module, not a family assignment	0.0	46.6	46.6	1.0		5.4e-11	5.4e-11	0.0	0.018	0	89	0.046	3196	DYB32_006025	Aphanomyces invadans	157072	0	B30.2/SPRY domain-containing protein	protista_other
A0A418AVN2	ITPR	medium	partial	itpr.hmm wins by 107.7 bits (51.7% of 208.3) over 593 profile positions	208.3	100.6	107.7	0.517	1.8e-59	3e-27	1.8e-59	0.221	0.026	593	128	0.546	1362	DYB32_007585	Aphanomyces invadans	157072	0	RyR/IP3R Homology associated domain-containing protein	protista_other
A0A418B6N8	unassigned	none	module	ryr.hmm matched only 64 profile positions (< 200) — a shared module, not a family assignment	0.0	59.2	59.2	1.0		8.6e-15	8.6e-15	0.0	0.013	0	64	0.165	1488	DYB32_001380	Aphanomyces invadans	157072	0	Succinate--CoA ligase [ADP-forming] subunit alpha, mitochondrial	protista_other
A0A418B6P8	unassigned	none	module	ryr.hmm matched only 59 profile positions (< 200) — a shared module, not a family assignment	0.0	47.1	47.1	1.0		4e-11	4e-11	0.0	0.012	0	59	0.552	268	DYB32_001383	Aphanomyces invadans	157072	0	EF-hand domain-containing protein	protista_other
A0A418B7D6	unassigned	none	module	ryr.hmm matched only 94 profile positions (< 200) — a shared module, not a family assignment	0.0	98.1	98.1	1.0		1.7e-26	1.7e-26	0.0	0.019	0	94	0.244	3332	DYB32_001225	Aphanomyces invadans	157072	0	EF-hand domain-containing protein	protista_other
A0A418B7P9	ITPR	medium	partial	itpr.hmm wins by 143.4 bits (52.3% of 274.2) over 550 profile positions	274.2	130.8	143.4	0.523	2.6e-79	2.4e-36	2.6e-79	0.205	0.054	550	266	0.327	1632	DYB32_001094	Aphanomyces invadans	157072	0	Uncharacterized protein	protista_other
A0A418B7X3	unassigned	none	module	ryr.hmm matched only 84 profile positions (< 200) — a shared module, not a family assignment	0.0	52.1	52.1	1.0		1.2e-12	1.2e-12	0.0	0.017	0	84	0.021	4323	DYB32_001033	Aphanomyces invadans	157072	0	HECT domain-containing protein	protista_other
A0A418B863	ITPR	high	architecture	itpr.hmm wins by 828.2 bits (79.6% of 1041.0) over 1881 profile positions	1041.0	212.8	828.2	0.7956	1.9e-310	4.6e-61	1.9e-310	0.701	0.112	1881	552	0.834	2580	DYB32_001003	Aphanomyces invadans	157072	0	MIR domain-containing protein	protista_other
A0A418B910	ITPR	high	architecture	itpr.hmm wins by 437.9 bits (71.0% of 616.4) over 2048 profile positions	616.4	178.5	437.9	0.7104	1.8e-182	1e-50	1.8e-182	0.763	0.129	2048	636	0.845	2890	DYB32_000720	Aphanomyces invadans	157072	0	Nudix hydrolase domain-containing protein	protista_other
A0A418B928	ITPR	high	architecture	itpr.hmm wins by 532.4 bits (74.3% of 716.3) over 2145 profile positions	716.3	183.9	532.4	0.7433	1.4e-212	2.4e-52	1.4e-212	0.799	0.099	2145	488	0.878	2674	DYB32_000719	Aphanomyces invadans	157072	0	RyR/IP3R Homology associated domain-containing protein	protista_other
A0A421EZR9	unassigned	none	module	ryr.hmm matched only 74 profile positions (< 200) — a shared module, not a family assignment	0.0	51.2	51.2	1.0		2.3e-12	2.3e-12	0.0	0.015	0	74	0.204	636	BBO99_00003451	Phytophthora kernoviae	325452	0	Calmodulin	protista_other
A0A421F5I1	unassigned	none	module	ryr.hmm matched only 59 profile positions (< 200) — a shared module, not a family assignment	0.0	57.9	57.9	1.0		2.2e-14	2.2e-14	0.0	0.012	0	59	0.198	921	BBO99_00007018	Phytophthora kernoviae	325452	0	Serine/threonine-protein phosphatase	protista_other
A0A421GWR9	unassigned	none	module	ryr.hmm matched only 197 profile positions (< 200) — a shared module, not a family assignment	0.0	178.2	178.2	1.0		1.3e-50	1.3e-50	0.0	0.04	0	197	0.158	1251	BBO99_00002440	Phytophthora kernoviae	325452	0	Ion transport domain-containing protein	protista_other
A0A421H1S8	RYR	medium	partial	ryr.hmm wins by 179.9 bits (100.0% of 179.9) over 217 profile positions; no itpr.hmm hit	0.0	179.9	179.9	1.0		4e-51	4e-51	0.0	0.044	0	217	0.18	1194	BBO99_00000684	Phytophthora kernoviae	325452	0	Ryanodine receptor Ryr domain-containing protein	protista_other
A0A422MQ47	unassigned	none	module	ryr.hmm matched only 59 profile positions (< 200) — a shared module, not a family assignment	0.0	53.8	53.8	1.0		3.9e-13	3.9e-13	0.0	0.012	0	59	0.853	136	TraAM80_10266	Trypanosoma rangeli	5698	0	Calmodulin (Fragment)	protista_other
A0A422MXP5	unassigned	none	module	ryr.hmm matched only 59 profile positions (< 200) — a shared module, not a family assignment	0.0	91.7	91.7	1.0		1.4e-24	1.4e-24	0.0	0.012	0	59	0.487	472	TraAM80_09036	Trypanosoma rangeli	5698	0	Calmodulin	protista_other
A0A422N9C4	unassigned	none	module	ryr.hmm matched only 148 profile positions (< 200) — a shared module, not a family assignment	0.0	110.3	110.3	1.0		3.7e-30	3.7e-30	0.0	0.03	0	148	0.253	1110	TraAM80_06625	Trypanosoma rangeli	5698	0	Putative ubiquitin-protein ligase	protista_other
A0A422P472	unassigned	none	module	ryr.hmm matched only 133 profile positions (< 200) — a shared module, not a family assignment	0.0	109.0	109.0	1.0		8.7e-30	8.7e-30	0.0	0.027	0	133	0.063	4413	TraAM80_00253	Trypanosoma rangeli	5698	0	Putative ubiquitin-protein ligase	protista_other
A0A422P9J5	ITPR	high	architecture	itpr.hmm wins by 314.6 bits (51.4% of 612.0) over 1718 profile positions	612.0	297.4	314.6	0.5141	3.9e-181	1.5e-86	3.9e-181	0.64	0.112	1718	552	0.679	3023	Tco025E_05866	Trypanosoma conorhini	83891	0	Inositol 1,4,5-trisphosphate receptor	protista_other
A0A422PJJ0	unassigned	none	module	ryr.hmm matched only 143 profile positions (< 200) — a shared module, not a family assignment	0.0	107.2	107.2	1.0		3.2e-29	3.2e-29	0.0	0.029	0	143	0.099	3720	Tco025E_04665	Trypanosoma conorhini	83891	0	Putative ubiquitin-protein ligase	protista_other
A0A422PS38	unassigned	none	module	ryr.hmm matched only 143 profile positions (< 200) — a shared module, not a family assignment	0.0	38.5	38.5	1.0		1.5e-08	1.5e-08	0.0	0.029	0	143	0.036	4132	Tco025E_03750	Trypanosoma conorhini	83891	0	Ubiquitin-protein ligase	protista_other
A0A425CCL9	unassigned	none	module	ryr.hmm matched only 64 profile positions (< 200) — a shared module, not a family assignment	0.0	51.9	51.9	1.0		1.4e-12	1.4e-12	0.0	0.013	0	64	0.188	1302	B5M09_004992	Aphanomyces astaci	112090	0	EF-hand domain-containing protein	protista_other
A0A425CTW2	unassigned	none	module	ryr.hmm matched only 133 profile positions (< 200) — a shared module, not a family assignment	0.0	85.6	85.6	1.0		1e-22	1e-22	0.0	0.027	0	133	0.239	582	B5M09_004870	Aphanomyces astaci	112090	0	C3H1-type domain-containing protein	protista_other
A0A425CUZ3	ITPR	medium	partial	itpr.hmm wins by 308.0 bits (84.8% of 363.2) over 1312 profile positions	363.2	55.2	308.0	0.848	3.7e-106	1.4e-13	3.7e-106	0.489	0.133	1312	656	0.748	1674	B5M09_010202	Aphanomyces astaci	112090	0	RyR/IP3R Homology associated domain-containing protein (Fragment)	protista_other
A0A425D1F8	unassigned	none	module	ryr.hmm matched only 108 profile positions (< 200) — a shared module, not a family assignment	0.0	63.2	63.2	1.0		5.4e-16	5.4e-16	0.0	0.022	0	108	0.031	3575	B5M09_005322	Aphanomyces astaci	112090	0	UBA domain-containing protein	protista_other
A0A425D534	ITPR	medium	partial	itpr.hmm wins by 169.6 bits (54.0% of 314.3) over 781 profile positions	314.3	144.7	169.6	0.5396	2.1e-91	1.6e-40	2.1e-91	0.291	0.052	781	256	0.336	2501	B5M09_001214	Aphanomyces astaci	112090	0	Uncharacterized protein	protista_other
A0A425D576	ITPR	medium	partial	itpr.hmm wins by 216.3 bits (59.7% of 362.4) over 1095 profile positions	362.4	146.1	216.3	0.5969	6.6e-106	6e-41	6.6e-106	0.408	0.072	1095	355	0.414	2710	B5M09_001215	Aphanomyces astaci	112090	0	Uncharacterized protein	protista_other
A0A425D5F1	ITPR	high	architecture	itpr.hmm wins by 672.5 bits (74.9% of 898.3) over 1645 profile positions	898.3	225.8	672.5	0.7486	1.9e-267	5.9e-65	1.9e-267	0.613	0.16	1645	789	0.784	2190	B5M09_006170	Aphanomyces astaci	112090	0	RyR/IP3R Homology associated domain-containing protein	protista_other
A0A425D8Q5	unassigned	none	module	ryr.hmm matched only 94 profile positions (< 200) — a shared module, not a family assignment	0.0	41.4	41.4	1.0		2.1e-09	2.1e-09	0.0	0.019	0	94	0.021	4789	B5M09_003068	Aphanomyces astaci	112090	0	HECT domain-containing protein	protista_other
A0A425DAS6	ITPR	medium	partial	itpr.hmm wins by 150.0 bits (53.9% of 278.2) over 451 profile positions	278.2	128.2	150.0	0.5392	1.6e-80	1.5e-35	1.6e-80	0.168	0.041	451	202	0.813	609	B5M09_007959	Aphanomyces astaci	112090	0	Ion transport domain-containing protein	protista_other
A0A425DNT0	RYR	medium	partial	ryr.hmm wins by 176.3 bits (100.0% of 176.3) over 237 profile positions; no itpr.hmm hit	0.0	176.3	176.3	1.0		4.7e-50	4.7e-50	0.0	0.048	0	237	0.119	2137	B5M09_008281	Aphanomyces astaci	112090	0	Polycystin cation channel PKD1/PKD2 domain-containing protein	protista_other
A0A425DPZ0	ITPR	high	architecture	itpr.hmm wins by 519.4 bits (70.7% of 734.5) over 2021 profile positions	734.5	215.1	519.4	0.7071	4.7e-218	9.7e-62	4.7e-218	0.753	0.126	2021	621	0.846	2645	B5M09_007073	Aphanomyces astaci	112090	0	MIR domain-containing protein (Fragment)	protista_other
A0A425DPZ5	unassigned	none	module	ryr.hmm matched only 59 profile positions (< 200) — a shared module, not a family assignment	0.0	51.2	51.2	1.0		2.3e-12	2.3e-12	0.0	0.012	0	59	0.09	642	B5M09_013119	Aphanomyces astaci	112090	0	Polycystin cation channel PKD1/PKD2 domain-containing protein (Fragment)	protista_other
A0A448Z4M8	unassigned	none	module	ryr.hmm matched only 59 profile positions (< 200) — a shared module, not a family assignment	0.0	32.9	32.9	1.0		7.5e-07	7.5e-07	0.0	0.012	0	59	0.183	613	PSNMU_V1.4_AUG-EV-PASAV3_0037590	Pseudo-nitzschia multistriata	183589	0	Calmodulin	protista_other
A0A448ZEW7	unassigned	none	module	ryr.hmm matched only 168 profile positions (< 200) — a shared module, not a family assignment	0.0	77.9	77.9	1.0		2.1e-20	2.1e-20	0.0	0.034	0	168	0.04	4979	PSNMU_V1.4_AUG-EV-PASAV3_0074990	Pseudo-nitzschia multistriata	183589	0	B30.2/SPRY domain-containing protein	protista_other
A0A448ZFJ1	unassigned	none	module	ryr.hmm matched only 54 profile positions (< 200) — a shared module, not a family assignment	0.0	49.2	49.2	1.0		9.4e-12	9.4e-12	0.0	0.011	0	54	0.747	150	PSNMU_V1.4_AUG-EV-PASAV3_0077090	Pseudo-nitzschia multistriata	183589	0	EF-hand domain-containing protein	protista_other
A0A448ZFL5	unassigned	none	module	ryr.hmm matched only 74 profile positions (< 200) — a shared module, not a family assignment	0.0	52.0	52.0	1.0		1.3e-12	1.3e-12	0.0	0.015	0	74	0.872	149	PSNMU_V1.4_AUG-EV-PASAV3_0077070	Pseudo-nitzschia multistriata	183589	0	Calmodulin	protista_other
A0A448ZG60	unassigned	none	module	ryr.hmm matched only 64 profile positions (< 200) — a shared module, not a family assignment	0.0	35.7	35.7	1.0		1e-07	1e-07	0.0	0.013	0	64	0.194	613	PSNMU_V1.4_AUG-EV-PASAV3_0078840	Pseudo-nitzschia multistriata	183589	0	Calmodulin	protista_other
A0A448ZGH9	unassigned	none	module	ryr.hmm matched only 59 profile positions (< 200) — a shared module, not a family assignment	0.0	52.0	52.0	1.0		1.3e-12	1.3e-12	0.0	0.012	0	59	0.772	149	PSNMU_V1.4_AUG-EV-PASAV3_0079950	Pseudo-nitzschia multistriata	183589	0	EF-hand domain-containing protein	protista_other
A0A448ZJ27	unassigned	none	module	ryr.hmm matched only 128 profile positions (< 200) — a shared module, not a family assignment	0.0	36.8	36.8	1.0		5e-08	5e-08	0.0	0.026	0	128	0.235	626	PSNMU_V1.4_AUG-EV-PASAV3_0090060	Pseudo-nitzschia multistriata	183589	0	B30.2/SPRY domain-containing protein	protista_other
A0A485K548	unassigned	none	module	ryr.hmm matched only 123 profile positions (< 200) — a shared module, not a family assignment	0.0	78.5	78.5	1.0		1.3e-20	1.3e-20	0.0	0.025	0	123	0.036	3481	Aste57867_932	Aphanomyces stellatus	120398	0	Aste57867_932 protein	protista_other
A0A485K6Q5	ITPR	high	architecture	itpr.hmm wins by 831.0 bits (74.3% of 1118.3) over 2094 profile positions	1118.3	287.3	831.0	0.7431	0	1.7e-83	0	0.78	0.228	2094	1124	0.797	2684	Aste57867_429	Aphanomyces stellatus	120398	0	Aste57867_429 protein	protista_other
A0A485K6R2	unassigned	none	module	ryr.hmm matched only 104 profile positions (< 200) — a shared module, not a family assignment	0.0	183.3	183.3	1.0		3.7e-52	3.7e-52	0.0	0.021	0	104	0.814	242	Aste57867_1559	Aphanomyces stellatus	120398	0	Aste57867_1559 protein	protista_other
A0A485K713	RYR	medium	partial	ryr.hmm wins by 102.7 bits (100.0% of 102.7) over 222 profile positions; no itpr.hmm hit	0.0	102.7	102.7	1.0		7.2e-28	7.2e-28	0.0	0.045	0	222	0.291	735	Aste57867_2160	Aphanomyces stellatus	120398	0	Aste57867_2160 protein	protista_other
A0A485KC96	unassigned	none	module	ryr.hmm matched only 84 profile positions (< 200) — a shared module, not a family assignment	0.0	43.6	43.6	1.0		4.5e-10	4.5e-10	0.0	0.017	0	84	0.214	1105	Aste57867_2056	Aphanomyces stellatus	120398	0	Aste57867_2056 protein	protista_other
A0A485KDJ1	unassigned	none	module	itpr.hmm matched only 81 profile positions (< 200) — a shared module, not a family assignment	86.1	0.0	86.1	1.0	1.3e-22		1.3e-22	0.03	0.0	81	0	0.861	158	Aste57867_2575	Aphanomyces stellatus	120398	0	Aste57867_2575 protein	protista_other
A0A485KK27	ITPR	medium	partial	itpr.hmm wins by 106.7 bits (40.2% of 265.4) over 550 profile positions	265.4	158.7	106.7	0.402	1.2e-76	9.3e-45	1.2e-76	0.205	0.056	550	276	0.983	638	Aste57867_8378	Aphanomyces stellatus	120398	0	Aste57867_8378 protein	protista_other
A0A485KK54	ITPR	medium	partial	itpr.hmm wins by 115.8 bits (43.6% of 265.5) over 537 profile positions	265.5	149.7	115.8	0.4362	1.1e-76	4.8e-42	1.1e-76	0.2	0.045	537	222	0.984	624	Aste57867_8375	Aphanomyces stellatus	120398	0	Aste57867_8375 protein	protista_other
A0A485KKK9	RYR	medium	partial	ryr.hmm wins by 184.3 bits (100.0% of 184.3) over 217 profile positions; no itpr.hmm hit	0.0	184.3	184.3	1.0		1.8e-52	1.8e-52	0.0	0.044	0	217	0.173	1286	Aste57867_8535	Aphanomyces stellatus	120398	0	Aste57867_8535 protein	protista_other
A0A485KLY7	unassigned	none	module	ryr.hmm matched only 94 profile positions (< 200) — a shared module, not a family assignment	0.0	45.7	45.7	1.0		1e-10	1e-10	0.0	0.019	0	94	0.022	4603	Aste57867_9009	Aphanomyces stellatus	120398	0	Aste57867_9009 protein	protista_other
A0A485KLZ6	unassigned	none	module	ryr.hmm matched only 99 profile positions (< 200) — a shared module, not a family assignment	0.0	46.9	46.9	1.0		4.4e-11	4.4e-11	0.0	0.02	0	99	0.025	4236	Aste57867_9018	Aphanomyces stellatus	120398	0	Aste57867_9018 protein	protista_other
A0A485KUI0	unassigned	none	module	ryr.hmm matched only 138 profile positions (< 200) — a shared module, not a family assignment	0.0	34.3	34.3	1.0		2.8e-07	2.8e-07	0.0	0.028	0	138	0.537	255	Aste57867_12039	Aphanomyces stellatus	120398	0	Aste57867_12039 protein	protista_other
A0A485KUQ5	unassigned	none	module	ryr.hmm matched only 182 profile positions (< 200) — a shared module, not a family assignment	0.0	103.3	103.3	1.0		4.5e-28	4.5e-28	0.0	0.037	0	182	0.071	3696	Aste57867_11869	Aphanomyces stellatus	120398	0	Aste57867_11869 protein	protista_other
A0A485KWT4	unassigned	none	module	ryr.hmm matched only 64 profile positions (< 200) — a shared module, not a family assignment	0.0	72.8	72.8	1.0		7e-19	7e-19	0.0	0.013	0	64	0.211	912	Aste57867_12772	Aphanomyces stellatus	120398	0	Serine/threonine-protein phosphatase	protista_other
A0A485KWW2	unassigned	none	module	ryr.hmm matched only 148 profile positions (< 200) — a shared module, not a family assignment	0.0	73.9	73.9	1.0		3.4e-19	3.4e-19	0.0	0.03	0	148	0.088	4870	Aste57867_12423	Aphanomyces stellatus	120398	0	Aste57867_12423 protein	protista_other
A0A485KX44	unassigned	none	module	ryr.hmm matched only 64 profile positions (< 200) — a shared module, not a family assignment	0.0	62.8	62.8	1.0		7.2e-16	7.2e-16	0.0	0.013	0	64	0.198	956	Aste57867_12775	Aphanomyces stellatus	120398	0	Serine/threonine-protein phosphatase	protista_other
A0A485L199	unassigned	none	module	ryr.hmm matched only 59 profile positions (< 200) — a shared module, not a family assignment	0.0	32.1	32.1	1.0		1.3e-06	1.3e-06	0.0	0.012	0	59	0.227	555	Aste57867_14370	Aphanomyces stellatus	120398	0	Aste57867_14370 protein	protista_other
A0A485L1E0	RYR	medium	partial	ryr.hmm wins by 135.4 bits (100.0% of 135.4) over 266 profile positions; no itpr.hmm hit	0.0	135.4	135.4	1.0		1e-37	1e-37	0.0	0.054	0	266	0.055	6375	Aste57867_14711	Aphanomyces stellatus	120398	0	Aste57867_14711 protein	protista_other
A0A485L1Y1	ITPR	medium	partial	itpr.hmm wins by 125.8 bits (45.5% of 276.3) over 668 profile positions	276.3	150.5	125.8	0.4553	5.9e-80	2.7e-42	5.9e-80	0.249	0.048	668	237	0.752	1057	Aste57867_14924	Aphanomyces stellatus	120398	0	Aste57867_14924 protein	protista_other
A0A485L4Z3	unassigned	none	module	ryr.hmm matched only 74 profile positions (< 200) — a shared module, not a family assignment	0.0	57.6	57.6	1.0		2.7e-14	2.7e-14	0.0	0.015	0	74	0.872	149	Aste57867_15436	Aphanomyces stellatus	120398	0	Calmodulin	protista_other
A0A485L6H3	unassigned	none	module	ryr.hmm matched only 59 profile positions (< 200) — a shared module, not a family assignment	0.0	43.2	43.2	1.0		6.1e-10	6.1e-10	0.0	0.012	0	59	0.232	509	Aste57867_15607	Aphanomyces stellatus	120398	0	Aste57867_15607 protein	protista_other
A0A485L781	unassigned	none	module	ryr.hmm matched only 64 profile positions (< 200) — a shared module, not a family assignment	0.0	82.9	82.9	1.0		6.4e-22	6.4e-22	0.0	0.013	0	64	0.207	3732	Aste57867_17057	Aphanomyces stellatus	120398	0	Aste57867_17057 protein	protista_other
A0A485L796	unassigned	none	module	ryr.hmm matched only 123 profile positions (< 200) — a shared module, not a family assignment	0.0	97.5	97.5	1.0		2.7e-26	2.7e-26	0.0	0.025	0	123	0.055	3811	Aste57867_15865	Aphanomyces stellatus	120398	0	HECT-type E3 ubiquitin transferase	protista_other
A0A485L9H9	unassigned	none	module	ryr.hmm matched only 69 profile positions (< 200) — a shared module, not a family assignment	0.0	30.5	30.5	1.0		4e-06	4e-06	0.0	0.014	0	69	0.141	1405	Aste57867_17964	Aphanomyces stellatus	120398	0	Aste57867_17964 protein	protista_other
A0A485LBZ4	unassigned	none	module	ryr.hmm matched only 128 profile positions (< 200) — a shared module, not a family assignment	0.0	82.9	82.9	1.0		6.4e-22	6.4e-22	0.0	0.026	0	128	0.216	612	Aste57867_18931	Aphanomyces stellatus	120398	0	Aste57867_18931 protein	protista_other
A0A485LE04	ITPR	medium	partial	itpr.hmm wins by 145.4 bits (53.7% of 270.8) over 668 profile positions	270.8	125.4	145.4	0.5369	2.7e-78	1e-34	2.7e-78	0.249	0.051	668	251	0.751	994	Aste57867_19349	Aphanomyces stellatus	120398	0	Aste57867_19349 protein	protista_other
A0A485LGK6	ITPR	medium	partial	itpr.hmm wins by 115.3 bits (46.6% of 247.2) over 631 profile positions	247.2	131.9	115.3	0.4664	3.6e-71	1.1e-36	3.6e-71	0.235	0.043	631	212	0.773	960	Aste57867_19348	Aphanomyces stellatus	120398	0	Aste57867_19348 protein	protista_other
A0A485LH08	ITPR	high	architecture	itpr.hmm wins by 679.6 bits (69.7% of 974.9) over 2322 profile positions	974.9	295.3	679.6	0.6971	1.6e-290	6.5e-86	1.6e-290	0.865	0.221	2322	1090	0.94	2705	Aste57867_20960	Aphanomyces stellatus	120398	0	Aste57867_20960 protein	protista_other
A0A485LJD4	RYR	medium	partial	ryr.hmm wins by 177.0 bits (100.0% of 177.0) over 217 profile positions; no itpr.hmm hit	0.0	177.0	177.0	1.0		2.9e-50	2.9e-50	0.0	0.044	0	217	0.167	1327	Aste57867_21632	Aphanomyces stellatus	120398	0	Aste57867_21632 protein	protista_other
A0A485LKA4	ITPR	high	architecture	itpr.hmm wins by 531.7 bits (69.9% of 761.1) over 2185 profile positions	761.1	229.4	531.7	0.6986	4.4e-226	4.9e-66	4.4e-226	0.814	0.14	2185	690	0.835	2873	Aste57867_22165	Aphanomyces stellatus	120398	0	Aste57867_22165 protein	protista_other
A0A485LKV7	ITPR	high	architecture	itpr.hmm wins by 611.7 bits (70.1% of 872.3) over 2212 profile positions	872.3	260.6	611.7	0.7012	1.3e-259	1.9e-75	1.3e-259	0.824	0.168	2212	828	0.862	2815	Aste57867_22164	Aphanomyces stellatus	120398	0	Aste57867_22164 protein	protista_other
A0A485LT64	unassigned	none	module	ryr.hmm matched only 118 profile positions (< 200) — a shared module, not a family assignment	0.0	192.7	192.7	1.0		5.4e-55	5.4e-55	0.0	0.024	0	118	0.169	1242	Aste57867_24691	Aphanomyces stellatus	120398	0	Aste57867_24691 protein	protista_other
A0A4D9CPG9	unassigned	none	module	ryr.hmm matched only 54 profile positions (< 200) — a shared module, not a family assignment	0.0	31.4	31.4	1.0		2e-06	2e-06	0.0	0.011	0	54	0.183	317	NSK_007704	Nannochloropsis salina CCMP1776	1027361	0	B30.2/SPRY domain-containing protein	protista_other
A0A4D9CQM1	RYR	medium	partial	ryr.hmm wins by 68.6 bits (100.0% of 68.6) over 207 profile positions; no itpr.hmm hit	0.0	68.6	68.6	1.0		1.3e-17	1.3e-17	0.0	0.042	0	207	0.04	7622	NSK_007981	Nannochloropsis salina CCMP1776	1027361	0	HECT domain-containing protein	protista_other
A0A4D9CSV5	unassigned	none	module	ryr.hmm matched only 74 profile positions (< 200) — a shared module, not a family assignment	0.0	57.1	57.1	1.0		3.7e-14	3.7e-14	0.0	0.015	0	74	0.818	159	NSK_006412	Nannochloropsis salina CCMP1776	1027361	0	Calmodulin	protista_other
A0A4D9CXB5	unassigned	none	module	best profile score 29.2 < 30 bits	0.0	29.2	29.2	1.0		9.7e-06	9.7e-06	0.0	0.012	0	59	0.121	556	NSK_006760	Nannochloropsis salina CCMP1776	1027361	0	EF-hand domain-containing protein	protista_other
A0A4D9CXX4	unassigned	none	module	ryr.hmm matched only 123 profile positions (< 200) — a shared module, not a family assignment	0.0	102.9	102.9	1.0		6.1e-28	6.1e-28	0.0	0.025	0	123	0.022	5854	NSK_005378	Nannochloropsis salina CCMP1776	1027361	0	B30.2/SPRY domain-containing protein	protista_other
A0A4D9D3C5	unassigned	none	module	ryr.hmm matched only 99 profile positions (< 200) — a shared module, not a family assignment	0.0	50.8	50.8	1.0		3e-12	3e-12	0.0	0.02	0	99	0.131	773	NSK_002862	Nannochloropsis salina CCMP1776	1027361	0	ATP-dependent RNA helicase DDX1	protista_other
A0A4D9D3Q5	unassigned	none	module	ryr.hmm matched only 59 profile positions (< 200) — a shared module, not a family assignment	0.0	36.7	36.7	1.0		5.3e-08	5.3e-08	0.0	0.012	0	59	0.122	998	NSK_002890	Nannochloropsis salina CCMP1776	1027361	0	Serine/threonine-protein phosphatase	protista_other
A0A4Z1T1T2	unassigned	none	module	ryr.hmm matched only 64 profile positions (< 200) — a shared module, not a family assignment	0.0	39.2	39.2	1.0		9.6e-09	9.6e-09	0.0	0.013	0	64	0.791	153	GMRT_15284	Giardia muris	5742	0	Calmodulin	protista_other
A0A509AE27	unassigned	none	module	best profile score 29.3 < 30 bits	0.0	29.3	29.3	1.0		8.9e-06	8.9e-06	0.0	0.012	0	59	0.685	168	PBANKA_0206300	Plasmodium berghei (strain Anka)	5823	0	non-specific serine/threonine protein kinase	protista_other
A0A509AKK1	unassigned	none	module	ryr.hmm matched only 69 profile positions (< 200) — a shared module, not a family assignment	0.0	57.9	57.9	1.0		2.2e-14	2.2e-14	0.0	0.014	0	69	0.872	149	PBANKA_1010600	Plasmodium berghei (strain Anka)	5823	0	Calmodulin	protista_other
A0A509AQE6	unassigned	none	module	ryr.hmm matched only 59 profile positions (< 200) — a shared module, not a family assignment	0.0	36.7	36.7	1.0		5.3e-08	5.3e-08	0.0	0.012	0	59	0.214	562	CDPK5	Plasmodium berghei (strain Anka)	5823	1	Calcium-dependent protein kinase 5	protista_other
A0A5A8C9Z3	unassigned	none	module	ryr.hmm matched only 64 profile positions (< 200) — a shared module, not a family assignment	0.0	46.4	46.4	1.0		6.3e-11	6.3e-11	0.0	0.013	0	64	0.8	150	FNF29_06401	Cafeteria roenbergensis	33653	0	EF-hand domain-containing protein	protista_other
A0A5A8CBQ5	unassigned	none	module	ryr.hmm matched only 113 profile positions (< 200) — a shared module, not a family assignment	0.0	72.1	72.1	1.0		1.2e-18	1.2e-18	0.0	0.023	0	113	0.023	4975	FNF29_05509	Cafeteria roenbergensis	33653	0	ubiquitinyl hydrolase 1	protista_other
A0A5A8CEJ7	RYR	medium	partial	ryr.hmm wins by 97.3 bits (100.0% of 97.3) over 202 profile positions; no itpr.hmm hit	0.0	97.3	97.3	1.0		3e-26	3e-26	0.0	0.041	0	202	0.203	1188	FNF29_04810	Cafeteria roenbergensis	33653	0	Ryanodine receptor Ryr domain-containing protein	protista_other
A0A5A8CPR3	unassigned	none	module	ryr.hmm matched only 54 profile positions (< 200) — a shared module, not a family assignment	0.0	43.6	43.6	1.0		4.4e-10	4.4e-10	0.0	0.011	0	54	0.244	463	FNF29_05738	Cafeteria roenbergensis	33653	0	EF-hand domain-containing protein	protista_other
A0A5A8CT96	RYR	medium	partial	ryr.hmm wins by 175.8 bits (100.0% of 175.8) over 251 profile positions; no itpr.hmm hit	0.0	175.8	175.8	1.0		6.8e-50	6.8e-50	0.0	0.051	0	251	0.082	6120	FNF29_01086	Cafeteria roenbergensis	33653	0	ubiquitinyl hydrolase 1	protista_other
A0A5A8CTE5	unassigned	none	module	best profile score 29.2 < 30 bits	0.0	29.2	29.2	1.0		1e-05	1e-05	0.0	0.012	0	59	0.699	166	FNF29_01579	Cafeteria roenbergensis	33653	0	EF-hand domain-containing protein	protista_other
A0A5A8CWK1	unassigned	none	module	ryr.hmm matched only 69 profile positions (< 200) — a shared module, not a family assignment	0.0	75.9	75.9	1.0		8.1e-20	8.1e-20	0.0	0.014	0	69	0.603	302	FNF29_00118	Cafeteria roenbergensis	33653	0	Calmodulin	protista_other
A0A5A8D0N1	unassigned	none	module	ryr.hmm matched only 74 profile positions (< 200) — a shared module, not a family assignment	0.0	56.0	56.0	1.0		8.2e-14	8.2e-14	0.0	0.015	0	74	0.879	149	FNF29_02995	Cafeteria roenbergensis	33653	0	Calmodulin	protista_other
A0A5A8DD63	unassigned	none	module	ryr.hmm matched only 59 profile positions (< 200) — a shared module, not a family assignment	0.0	52.8	52.8	1.0		7.6e-13	7.6e-13	0.0	0.012	0	59	0.186	995	FNF29_07380	Cafeteria roenbergensis	33653	0	Serine/threonine-protein phosphatase	protista_other
A0A5J4YP23	unassigned	none	module	ryr.hmm matched only 54 profile positions (< 200) — a shared module, not a family assignment	0.0	33.7	33.7	1.0		4.4e-07	4.4e-07	0.0	0.011	0	54	0.202	560	FVE85_9338	Porphyridium purpureum	35688	0	Calcium-dependent protein kinase 10	protista_other
A0A5J4YXM8	unassigned	none	module	ryr.hmm matched only 133 profile positions (< 200) — a shared module, not a family assignment	0.0	32.1	32.1	1.0		1.3e-06	1.3e-06	0.0	0.027	0	133	0.307	433	FVE85_1578	Porphyridium purpureum	35688	0	Ran-binding protein 10	protista_other
A0A5J4YYT1	unassigned	none	module	ryr.hmm matched only 64 profile positions (< 200) — a shared module, not a family assignment	0.0	44.3	44.3	1.0		2.8e-10	2.8e-10	0.0	0.013	0	64	0.245	485	FVE85_0195	Porphyridium purpureum	35688	0	Calcium-dependent protein kinase SK5	protista_other
A0A5J4Z2V9	unassigned	none	module	ryr.hmm matched only 54 profile positions (< 200) — a shared module, not a family assignment	0.0	48.2	48.2	1.0		1.8e-11	1.8e-11	0.0	0.011	0	54	0.77	148	FVE85_5521	Porphyridium purpureum	35688	0	Calmodulin	protista_other
A0A5J4Z6K1	unassigned	none	module	ryr.hmm matched only 59 profile positions (< 200) — a shared module, not a family assignment	0.0	40.4	40.4	1.0		4.1e-09	4.1e-09	0.0	0.012	0	59	0.223	516	FVE85_5862	Porphyridium purpureum	35688	0	Calcium-dependent protein kinase 2	protista_other
A0A5K1K8H0	unassigned	none	module	ryr.hmm matched only 94 profile positions (< 200) — a shared module, not a family assignment	0.0	38.8	38.8	1.0		1.2e-08	1.2e-08	0.0	0.019	0	94	0.289	568	CDPK5	Plasmodium falciparum (isolate 3D7)	36329	1	Calcium-dependent protein kinase 5	protista_other
A0A640KCF7	ITPR	medium	partial	itpr.hmm wins by 158.6 bits (81.2% of 195.4) over 937 profile positions	195.4	36.8	158.6	0.8117	1.5e-55	5e-08	1.5e-55	0.349	0.035	937	173	0.442	2306	LtaPh_1602800	Leishmania tarentolae	5689	0	MIR domain-containing protein	protista_other
A0A640KFS0	unassigned	none	module	ryr.hmm matched only 59 profile positions (< 200) — a shared module, not a family assignment	0.0	53.6	53.6	1.0		4.3e-13	4.3e-13	0.0	0.012	0	59	0.779	149	LtaPh_0909431	Leishmania tarentolae	5689	0	Calmodulin	protista_other
A0A640KHN0	RYR	medium	partial	ryr.hmm wins by 58.6 bits (100.0% of 58.6) over 237 profile positions; no itpr.hmm hit	0.0	58.6	58.6	1.0		1.4e-14	1.4e-14	0.0	0.048	0	237	0.046	5649	LtaPh_1313400	Leishmania tarentolae	5689	0	Uncharacterized protein	protista_other
A0A640KQE7	unassigned	none	module	ryr.hmm matched only 143 profile positions (< 200) — a shared module, not a family assignment	0.0	35.7	35.7	1.0		1e-07	1e-07	0.0	0.029	0	143	0.037	4149	LtaPh_3241000	Leishmania tarentolae	5689	0	B30.2/SPRY domain-containing protein	protista_other
A0A640KX54	unassigned	none	module	ryr.hmm matched only 168 profile positions (< 200) — a shared module, not a family assignment	0.0	96.9	96.9	1.0		4e-26	4e-26	0.0	0.034	0	168	0.063	4165	LtaPh_3665100	Leishmania tarentolae	5689	0	Ubiquitin-protein ligase, putative	protista_other
A0A6A3EDB8	RYR	medium	partial	ryr.hmm wins by 118.6 bits (100.0% of 118.6) over 217 profile positions; no itpr.hmm hit	0.0	118.6	118.6	1.0		1.1e-32	1.1e-32	0.0	0.044	0	217	0.263	757	PF005_g19015	Phytophthora fragariae	53985	0	Protein kinase domain-containing protein	protista_other
A0A6A3ESG9	unassigned	none	module	ryr.hmm matched only 74 profile positions (< 200) — a shared module, not a family assignment	0.0	57.6	57.6	1.0		2.7e-14	2.7e-14	0.0	0.015	0	74	0.872	149	PF005_g14024	Phytophthora fragariae	53985	0	Calmodulin	protista_other
A0A6A3FGE3	unassigned	none	module	ryr.hmm matched only 133 profile positions (< 200) — a shared module, not a family assignment	0.0	181.7	181.7	1.0		1.1e-51	1.1e-51	0.0	0.027	0	133	0.161	1391	PF005_g6017	Phytophthora fragariae	53985	0	Ryanodine-inositol 1,4,5-triphosphate receptor Ca2 channel (RIR-CaC) family protein	protista_other
A0A6A3J5S2	unassigned	none	module	ryr.hmm matched only 59 profile positions (< 200) — a shared module, not a family assignment	0.0	50.5	50.5	1.0		3.6e-12	3.6e-12	0.0	0.012	0	59	0.213	559	PF005_g19309	Phytophthora fragariae	53985	0	Uncharacterized protein	protista_other
A0A6A3K680	unassigned	none	module	ryr.hmm matched only 74 profile positions (< 200) — a shared module, not a family assignment	0.0	57.6	57.6	1.0		2.7e-14	2.7e-14	0.0	0.015	0	74	0.872	149	PR003_g17871	Phytophthora rubi	129364	0	Calmodulin	protista_other
A0A6A3M7F9	unassigned	none	module	ryr.hmm matched only 59 profile positions (< 200) — a shared module, not a family assignment	0.0	61.3	61.3	1.0		2e-15	2e-15	0.0	0.012	0	59	0.189	961	PR003_g13173	Phytophthora rubi	129364	0	Serine/threonine-protein phosphatase	protista_other
A0A6A3MJ00	ITPR	medium	partial	itpr.hmm wins by 166.8 bits (100.0% of 166.8) over 209 profile positions; no ryr.hmm hit	166.8	0.0	166.8	1.0	5.8e-47		5.8e-47	0.078	0.0	209	0	0.569	408	PR003_g9621	Phytophthora rubi	129364	0	MIR domain-containing protein	protista_other
A0A6A3MJ05	ITPR	medium	partial	itpr.hmm wins by 220.6 bits (54.7% of 403.0) over 378 profile positions	403.0	182.4	220.6	0.5474	4e-118	6.9e-52	4e-118	0.141	0.048	378	237	0.808	749	PR003_g9622	Phytophthora rubi	129364	0	Ion transport domain-containing protein	protista_other
A0A6A3NL09	RYR	medium	partial	ryr.hmm wins by 115.9 bits (100.0% of 115.9) over 217 profile positions; no itpr.hmm hit	0.0	115.9	115.9	1.0		7.3e-32	7.3e-32	0.0	0.044	0	217	0.263	757	PR003_g5678	Phytophthora rubi	129364	0	Protein kinase domain-containing protein	protista_other
A0A6A3P1D7	unassigned	none	module	ryr.hmm matched only 138 profile positions (< 200) — a shared module, not a family assignment	0.0	99.2	99.2	1.0		7.9e-27	7.9e-27	0.0	0.028	0	138	0.222	635	PR003_g1344	Phytophthora rubi	129364	0	C3H1-type domain-containing protein	protista_other
A0A6A3TZM0	unassigned	none	module	ryr.hmm matched only 182 profile positions (< 200) — a shared module, not a family assignment	0.0	40.3	40.3	1.0		4.5e-09	4.5e-09	0.0	0.037	0	182	0.068	2749	PF005_g1642	Phytophthora fragariae	53985	0	HECT-type E3 ubiquitin transferase	protista_other
A0A6A3XZ48	ITPR	medium	partial	itpr.hmm wins by 166.8 bits (100.0% of 166.8) over 209 profile positions; no ryr.hmm hit	166.8	0.0	166.8	1.0	5.8e-47		5.8e-47	0.078	0.0	209	0	0.569	408	PF005_g11246	Phytophthora fragariae	53985	0	MIR domain-containing protein	protista_other
A0A6A3YNJ7	unassigned	none	module	ryr.hmm matched only 59 profile positions (< 200) — a shared module, not a family assignment	0.0	42.9	42.9	1.0		7.2e-10	7.2e-10	0.0	0.012	0	59	0.111	1552	PF005_g7365	Phytophthora fragariae	53985	0	EF-hand domain-containing protein	protista_other
A0A6A3Z1C1	unassigned	none	module	ryr.hmm matched only 133 profile positions (< 200) — a shared module, not a family assignment	0.0	98.7	98.7	1.0		1.1e-26	1.1e-26	0.0	0.027	0	133	0.216	631	PF005_g4958	Phytophthora fragariae	53985	0	C3H1-type domain-containing protein	protista_other
A0A6A3ZCN2	unassigned	none	module	ryr.hmm matched only 133 profile positions (< 200) — a shared module, not a family assignment	0.0	105.9	105.9	1.0		7.6e-29	7.6e-29	0.0	0.027	0	133	0.053	4476	PF005_g2867	Phytophthora fragariae	53985	0	B30.2/SPRY domain-containing protein	protista_other
A0A6A4A937	RYR	medium	partial	ryr.hmm wins by 176.3 bits (100.0% of 176.3) over 217 profile positions; no itpr.hmm hit	0.0	176.3	176.3	1.0		4.9e-50	4.9e-50	0.0	0.044	0	217	0.16	1347	PF005_g4357	Phytophthora fragariae	53985	0	Polycystin-2	protista_other
A0A6A4CMF7	unassigned	none	module	ryr.hmm matched only 59 profile positions (< 200) — a shared module, not a family assignment	0.0	50.6	50.6	1.0		3.5e-12	3.5e-12	0.0	0.012	0	59	0.213	559	PR003_g25163	Phytophthora rubi	129364	0	Uncharacterized protein	protista_other
A0A6A4DQU5	ITPR	medium	partial	itpr.hmm wins by 206.8 bits (53.1% of 389.2) over 327 profile positions	389.2	182.4	206.8	0.5313	5.7e-114	6.9e-52	5.7e-114	0.122	0.048	327	237	0.743	642	PF005_g11248	Phytophthora fragariae	53985	0	Ion transport domain-containing protein	protista_other
A0A6A4DSC4	unassigned	none	module	ryr.hmm matched only 59 profile positions (< 200) — a shared module, not a family assignment	0.0	98.5	98.5	1.0		1.3e-26	1.3e-26	0.0	0.012	0	59	0.417	1241	PF005_g9585	Phytophthora fragariae	53985	0	EF-hand domain-containing protein	protista_other
A0A6A4EXJ7	unassigned	none	module	ryr.hmm matched only 59 profile positions (< 200) — a shared module, not a family assignment	0.0	61.3	61.3	1.0		2e-15	2e-15	0.0	0.012	0	59	0.189	961	PF005_g1372	Phytophthora fragariae	53985	0	Serine/threonine-protein phosphatase	protista_other
A0A6A4FIL7	unassigned	none	module	ryr.hmm matched only 59 profile positions (< 200) — a shared module, not a family assignment	0.0	89.2	89.2	1.0		8e-24	8e-24	0.0	0.012	0	59	0.398	1156	PR003_g12372	Phytophthora rubi	129364	0	EF-hand domain-containing protein (Fragment)	protista_other
A0A6A4FJ50	unassigned	none	module	ryr.hmm matched only 64 profile positions (< 200) — a shared module, not a family assignment	0.0	30.4	30.4	1.0		4.3e-06	4.3e-06	0.0	0.013	0	64	0.197	650	PR003_g7727	Phytophthora rubi	129364	0	EF-hand domain-containing protein	protista_other
A0A6A4FJQ4	unassigned	none	module	ryr.hmm matched only 133 profile positions (< 200) — a shared module, not a family assignment	0.0	181.7	181.7	1.0		1.1e-51	1.1e-51	0.0	0.027	0	133	0.161	1391	PR003_g8366	Phytophthora rubi	129364	0	Ryanodine-inositol 1,4,5-triphosphate receptor Ca2 channel (RIR-CaC) family protein	protista_other
A0A6A4FLE8	unassigned	none	module	best profile score 29.9 < 30 bits	0.0	29.9	29.9	1.0		5.9e-06	5.9e-06	0.0	0.013	0	64	0.13	2874	PR003_g4738	Phytophthora rubi	129364	0	EF-hand domain-containing protein	protista_other
A0A6A4FMF0	unassigned	none	module	ryr.hmm matched only 133 profile positions (< 200) — a shared module, not a family assignment	0.0	35.7	35.7	1.0		1.1e-07	1.1e-07	0.0	0.027	0	133	0.027	5129	PR003_g8042	Phytophthora rubi	129364	0	B30.2/SPRY domain-containing protein	protista_other
A0A6A4FN92	unassigned	none	module	ryr.hmm matched only 133 profile positions (< 200) — a shared module, not a family assignment	0.0	101.3	101.3	1.0		1.9e-27	1.9e-27	0.0	0.027	0	133	0.049	4831	PR003_g7132	Phytophthora rubi	129364	0	B30.2/SPRY domain-containing protein	protista_other
A0A6A4G5D0	unassigned	none	module	ryr.hmm matched only 54 profile positions (< 200) — a shared module, not a family assignment	0.0	32.0	32.0	1.0		1.4e-06	1.4e-06	0.0	0.011	0	54	0.095	1181	PR003_g4272	Phytophthora rubi	129364	0	EF-hand domain-containing protein	protista_other
A0A6A4G777	RYR	medium	partial	ryr.hmm wins by 178.4 bits (100.0% of 178.4) over 217 profile positions; no itpr.hmm hit	0.0	178.4	178.4	1.0		1.1e-50	1.1e-50	0.0	0.044	0	217	0.163	1319	PR003_g2865	Phytophthora rubi	129364	0	Polycystin-2	protista_other
A0A6A5B5Q0	ITPR	medium	partial	itpr.hmm wins by 384.4 bits (54.1% of 710.3) over 835 profile positions	710.3	325.9	384.4	0.5412	8.8e-211	4.1e-95	8.8e-211	0.311	0.133	835	656	0.873	1517	FDP41_007005	Naegleria fowleri	5763	0	Ion transport domain-containing protein	protista_other
A0A6A5B8I2	unassigned	none	module	ryr.hmm matched only 64 profile positions (< 200) — a shared module, not a family assignment	0.0	53.2	53.2	1.0		5.8e-13	5.8e-13	0.0	0.013	0	64	0.8	155	FDP41_006625	Naegleria fowleri	5763	0	EF-hand domain-containing protein	protista_other
A0A6A5BAN4	ITPR	medium	partial	itpr.hmm wins by 149.3 bits (46.6% of 320.7) over 499 profile positions	320.7	171.4	149.3	0.4655	2.4e-93	1.4e-48	2.4e-93	0.186	0.06	499	296	0.89	581	FDP41_006877	Naegleria fowleri	5763	0	Ion transport domain-containing protein	protista_other
A0A6A5BAS4	ITPR	medium	partial	itpr.hmm wins by 87.0 bits (34.2% of 254.3) over 341 profile positions	254.3	167.3	87.0	0.3421	2.6e-73	2.5e-47	2.6e-73	0.127	0.051	341	251	0.74	442	FDP41_006907	Naegleria fowleri	5763	0	Ion transport domain-containing protein	protista_other
A0A6A5BJM4	ITPR	medium	partial	itpr.hmm wins by 100.6 bits (65.0% of 154.8) over 301 profile positions	154.8	54.2	100.6	0.6499	2.5e-43	2.8e-13	2.5e-43	0.112	0.067	301	330	0.942	364	FDP41_006908	Naegleria fowleri	5763	0	RyR/IP3R Homology associated domain-containing protein	protista_other
A0A6A5BJU9	ITPR	medium	partial	itpr.hmm wins by 423.6 bits (100.0% of 423.6) over 886 profile positions; no ryr.hmm hit	423.6	0.0	423.6	1.0	2.4e-124		2.4e-124	0.33	0.0	886	0	0.907	1238	FDP41_006910	Naegleria fowleri	5763	0	MIR domain-containing protein	protista_other
A0A6A5BK41	ITPR	high	architecture	itpr.hmm wins by 675.5 bits (100.0% of 675.5) over 1388 profile positions; no ryr.hmm hit	675.5	0.0	675.5	1.0	2.9e-200		2.9e-200	0.517	0.0	1388	0	0.934	1767	FDP41_007007	Naegleria fowleri	5763	0	MIR domain-containing protein	protista_other
A0A6A5BMM6	ITPR	high	architecture	itpr.hmm wins by 806.0 bits (75.6% of 1066.1) over 2287 profile positions	1066.1	260.1	806.0	0.756	0	2.6e-75	0	0.852	0.231	2287	1139	0.908	2556	FDP41_005992	Naegleria fowleri	5763	0	MIR domain-containing protein	protista_other
A0A6A5BN11	ITPR	medium	partial	itpr.hmm wins by 286.8 bits (100.0% of 286.8) over 647 profile positions; no ryr.hmm hit	286.8	0.0	286.8	1.0	4.1e-83		4.1e-83	0.241	0.0	647	0	0.864	807	FDP41_006909	Naegleria fowleri	5763	0	RIH domain-containing protein	protista_other
A0A6A5BTS4	unassigned	none	module	ryr.hmm matched only 59 profile positions (< 200) — a shared module, not a family assignment	0.0	43.8	43.8	1.0		3.9e-10	3.9e-10	0.0	0.012	0	59	0.772	149	FDP41_003073	Naegleria fowleri	5763	0	EF-hand domain-containing protein	protista_other
A0A6A5BXM3	ITPR	high	architecture	itpr.hmm wins by 734.9 bits (73.5% of 1000.6) over 2335 profile positions	1000.6	265.7	734.9	0.7345	2.9e-298	5.5e-77	2.9e-298	0.87	0.246	2335	1213	0.926	2753	FDP41_011878	Naegleria fowleri	5763	0	Uncharacterized protein	protista_other
A0A6A5BZM1	unassigned	none	module	ryr.hmm matched only 59 profile positions (< 200) — a shared module, not a family assignment	0.0	42.7	42.7	1.0		8.5e-10	8.5e-10	0.0	0.012	0	59	0.744	160	FDP41_002178	Naegleria fowleri	5763	0	EF-hand domain-containing protein	protista_other
A0A6A5C2J4	ITPR	high	architecture	itpr.hmm wins by 822.3 bits (70.1% of 1172.5) over 2362 profile positions	1172.5	350.2	822.3	0.7013	0	1.9e-102	0	0.88	0.337	2362	1661	0.93	2801	FDP41_001802	Naegleria fowleri	5763	0	MIR domain-containing protein	protista_other
A0A6A5C524	ITPR	high	architecture	itpr.hmm wins by 1697.9 bits (81.6% of 2081.0) over 2534 profile positions	2081.0	383.1	1697.9	0.8159	0	2.4e-112	0	0.944	0.29	2534	1430	0.971	3056	FDP41_012062	Naegleria fowleri	5763	0	MIR domain-containing protein	protista_other
A0A6G0WE71	ITPR	medium	partial	itpr.hmm wins by 140.8 bits (53.0% of 265.6) over 604 profile positions	265.6	124.8	140.8	0.5301	1e-76	1.6e-34	1e-76	0.225	0.043	604	212	0.74	970	Ae201684_016750	Aphanomyces euteiches	100861	0	Ion transport domain-containing protein	protista_other
A0A6G0WFQ1	ITPR	medium	partial	itpr.hmm wins by 189.8 bits (55.8% of 340.0) over 1114 profile positions	340.0	150.2	189.8	0.5582	3.6e-99	3.4e-42	3.6e-99	0.415	0.051	1114	251	0.41	2808	Ae201684_015750	Aphanomyces euteiches	100861	0	Uncharacterized protein	protista_other
A0A6G0WH03	ITPR	high	architecture	itpr.hmm wins by 795.4 bits (70.7% of 1124.4) over 2104 profile positions	1124.4	329.0	795.4	0.7074	0	4.6e-96	0	0.784	0.207	2104	1021	0.795	2697	Ae201684_015318	Aphanomyces euteiches	100861	0	MIR domain-containing protein	protista_other
A0A6G0WK34	unassigned	none	module	ryr.hmm matched only 104 profile positions (< 200) — a shared module, not a family assignment	0.0	185.1	185.1	1.0		1.1e-52	1.1e-52	0.0	0.021	0	104	0.807	244	Ae201684_014433	Aphanomyces euteiches	100861	0	Ryanodine receptor Ryr domain-containing protein	protista_other
A0A6G0WLG0	unassigned	none	module	ryr.hmm matched only 59 profile positions (< 200) — a shared module, not a family assignment	0.0	32.7	32.7	1.0		8.4e-07	8.4e-07	0.0	0.012	0	59	0.057	1986	Ae201684_013986	Aphanomyces euteiches	100861	0	EF-hand domain-containing protein	protista_other
A0A6G0WQ81	RYR	medium	partial	ryr.hmm wins by 192.8 bits (100.0% of 192.8) over 212 profile positions; no itpr.hmm hit	0.0	192.8	192.8	1.0		5.1e-55	5.1e-55	0.0	0.043	0	212	0.183	1164	Ae201684_012823	Aphanomyces euteiches	100861	0	Polycystin cation channel PKD1/PKD2 domain-containing protein	protista_other
A0A6G0WRA2	unassigned	none	module	ryr.hmm matched only 123 profile positions (< 200) — a shared module, not a family assignment	0.0	96.6	96.6	1.0		5e-26	5e-26	0.0	0.025	0	123	0.057	3765	Ae201684_012586	Aphanomyces euteiches	100861	0	UBA domain-containing protein	protista_other
A0A6G0WS72	unassigned	none	module	ryr.hmm matched only 133 profile positions (< 200) — a shared module, not a family assignment	0.0	90.3	90.3	1.0		3.9e-24	3.9e-24	0.0	0.027	0	133	0.22	622	Ae201684_012295	Aphanomyces euteiches	100861	0	C3H1-type domain-containing protein	protista_other
A0A6G0WS83	unassigned	none	module	ryr.hmm matched only 123 profile positions (< 200) — a shared module, not a family assignment	0.0	68.5	68.5	1.0		1.4e-17	1.4e-17	0.0	0.025	0	123	0.461	280	Ae201684_012304	Aphanomyces euteiches	100861	0	B30.2/SPRY domain-containing protein	protista_other
A0A6G0WS96	unassigned	none	module	ryr.hmm matched only 128 profile positions (< 200) — a shared module, not a family assignment	0.0	54.4	54.4	1.0		2.5e-13	2.5e-13	0.0	0.026	0	128	0.438	272	Ae201684_012300	Aphanomyces euteiches	100861	0	B30.2/SPRY domain-containing protein	protista_other
A0A6G0WV12	RYR	medium	partial	ryr.hmm wins by 183.5 bits (100.0% of 183.5) over 232 profile positions; no itpr.hmm hit	0.0	183.5	183.5	1.0		3.1e-52	3.1e-52	0.0	0.047	0	232	0.196	1251	Ae201684_011405	Aphanomyces euteiches	100861	0	Ryanodine receptor Ryr domain-containing protein	protista_other
A0A6G0X3Z7	unassigned	none	module	ryr.hmm matched only 74 profile positions (< 200) — a shared module, not a family assignment	0.0	57.6	57.6	1.0		2.7e-14	2.7e-14	0.0	0.015	0	74	0.872	149	Ae201684_008727	Aphanomyces euteiches	100861	0	Calmodulin	protista_other
A0A6G0X4Z1	unassigned	none	module	ryr.hmm matched only 94 profile positions (< 200) — a shared module, not a family assignment	0.0	53.5	53.5	1.0		4.5e-13	4.5e-13	0.0	0.019	0	94	0.022	4571	Ae201684_008427	Aphanomyces euteiches	100861	0	HECT domain-containing protein	protista_other
A0A6G0XB17	ITPR	medium	partial	itpr.hmm wins by 115.9 bits (42.8% of 270.6) over 668 profile positions	270.6	154.7	115.9	0.4283	3.1e-78	1.5e-43	3.1e-78	0.249	0.048	668	237	0.757	1048	Ae201684_006384	Aphanomyces euteiches	100861	0	Ion transport domain-containing protein	protista_other
A0A6G0XB70	unassigned	none	module	ryr.hmm matched only 54 profile positions (< 200) — a shared module, not a family assignment	0.0	42.1	42.1	1.0		1.3e-09	1.3e-09	0.0	0.011	0	54	0.201	542	Ae201684_006530	Aphanomyces euteiches	100861	0	EF-hand domain-containing protein	protista_other
A0A6G0XBK3	unassigned	none	module	ryr.hmm matched only 89 profile positions (< 200) — a shared module, not a family assignment	0.0	40.3	40.3	1.0		4.3e-09	4.3e-09	0.0	0.018	0	89	0.219	1080	Ae201684_006692	Aphanomyces euteiches	100861	0	EF-hand domain-containing protein	protista_other
A0A6G0XCW2	unassigned	none	module	ryr.hmm matched only 133 profile positions (< 200) — a shared module, not a family assignment	0.0	84.5	84.5	1.0		2.2e-22	2.2e-22	0.0	0.027	0	133	0.091	4887	Ae201684_005970	Aphanomyces euteiches	100861	0	HECT domain-containing protein	protista_other
A0A6G0XG54	ITPR	high	architecture	itpr.hmm wins by 587.6 bits (70.2% of 837.1) over 2222 profile positions	837.1	249.5	587.6	0.7019	5.5e-249	4.2e-72	5.5e-249	0.828	0.182	2222	897	0.864	2775	Ae201684_005054	Aphanomyces euteiches	100861	0	MIR domain-containing protein	protista_other
A0A6G0XGG8	ITPR	medium	partial	itpr.hmm wins by 161.7 bits (46.0% of 351.2) over 443 profile positions	351.2	189.5	161.7	0.4604	1.6e-102	5e-54	1.6e-102	0.165	0.05	443	246	0.982	555	Ae201684_005053	Aphanomyces euteiches	100861	0	Ion transport domain-containing protein	protista_other
A0A6G0XHJ9	unassigned	none	module	ryr.hmm matched only 59 profile positions (< 200) — a shared module, not a family assignment	0.0	66.3	66.3	1.0		6.5e-17	6.5e-17	0.0	0.012	0	59	0.202	912	Ae201684_004686	Aphanomyces euteiches	100861	0	Serine/threonine-protein phosphatase	protista_other
A0A6G0XQC2	unassigned	none	module	ryr.hmm matched only 59 profile positions (< 200) — a shared module, not a family assignment	0.0	52.3	52.3	1.0		1.1e-12	1.1e-12	0.0	0.012	0	59	0.264	435	Ae201684_002351	Aphanomyces euteiches	100861	0	Uncharacterized protein	protista_other
A0A6G0XRH0	unassigned	none	module	ryr.hmm matched only 113 profile positions (< 200) — a shared module, not a family assignment	0.0	191.5	191.5	1.0		1.3e-54	1.3e-54	0.0	0.023	0	113	0.173	1223	Ae201684_002210	Aphanomyces euteiches	100861	0	Ryanodine-inositol 1,4,5-triphosphate receptor Ca2 channel (RIR-CaC) family protein	protista_other
A0A6G0XRM3	RYR	medium	partial	ryr.hmm wins by 129.0 bits (100.0% of 129.0) over 202 profile positions; no itpr.hmm hit	0.0	129.0	129.0	1.0		8.6e-36	8.6e-36	0.0	0.041	0	202	0.049	6360	Ae201684_002147	Aphanomyces euteiches	100861	0	B30.2/SPRY domain-containing protein	protista_other
A0A6G0XSF2	unassigned	none	module	ryr.hmm matched only 123 profile positions (< 200) — a shared module, not a family assignment	0.0	77.6	77.6	1.0		2.6e-20	2.6e-20	0.0	0.025	0	123	0.036	3456	Ae201684_001893	Aphanomyces euteiches	100861	0	B30.2/SPRY domain-containing protein	protista_other
A0A6G0XSM6	RYR	medium	partial	ryr.hmm wins by 109.7 bits (100.0% of 109.7) over 232 profile positions; no itpr.hmm hit	0.0	109.7	109.7	1.0		5.3e-30	5.3e-30	0.0	0.047	0	232	0.323	675	Ae201684_001882	Aphanomyces euteiches	100861	0	Protein kinase domain-containing protein	protista_other
A0A6G0XW75	unassigned	none	module	ryr.hmm matched only 153 profile positions (< 200) — a shared module, not a family assignment	0.0	109.0	109.0	1.0		8.8e-30	8.8e-30	0.0	0.031	0	153	0.102	2292	Ae201684_001230	Aphanomyces euteiches	100861	0	HECT E3 ubiquitin ligase	protista_other
A0A6G0XXV1	unassigned	none	module	ryr.hmm matched only 94 profile positions (< 200) — a shared module, not a family assignment	0.0	44.2	44.2	1.0		2.9e-10	2.9e-10	0.0	0.019	0	94	0.187	3291	Ae201684_000325	Aphanomyces euteiches	100861	0	EF-hand domain-containing protein	protista_other
A0A6G0XYB3	unassigned	none	module	ryr.hmm matched only 133 profile positions (< 200) — a shared module, not a family assignment	0.0	34.4	34.4	1.0		2.6e-07	2.6e-07	0.0	0.027	0	133	0.542	251	Ae201684_000065	Aphanomyces euteiches	100861	0	B30.2/SPRY domain-containing protein	protista_other
A0A6P6RQD9	unassigned	none	module	ryr.hmm matched only 59 profile positions (< 200) — a shared module, not a family assignment	0.0	34.8	34.8	1.0		2e-07	2e-07	0.0	0.012	0	59	0.17	669	LOC34622733	Cyclospora cayetanensis	88456	0	non-specific serine/threonine protein kinase	protista_other
A0A6P6RU98	unassigned	none	module	ryr.hmm matched only 59 profile positions (< 200) — a shared module, not a family assignment	0.0	30.0	30.0	1.0		5.4e-06	5.4e-06	0.0	0.012	0	59	0.449	254	LOC34622591	Cyclospora cayetanensis	88456	0	Caltractin	protista_other
A0A6P6S3S9	unassigned	none	module	ryr.hmm matched only 89 profile positions (< 200) — a shared module, not a family assignment	0.0	30.7	30.7	1.0		3.3e-06	3.3e-06	0.0	0.018	0	89	0.295	465	LOC34621033	Cyclospora cayetanensis	88456	0	Uncharacterized protein LOC34621033	protista_other
A0A6P6S3Y7	unassigned	none	module	ryr.hmm matched only 69 profile positions (< 200) — a shared module, not a family assignment	0.0	57.0	57.0	1.0		4.2e-14	4.2e-14	0.0	0.014	0	69	0.866	149	LOC34618580	Cyclospora cayetanensis	88456	0	Calmodulin	protista_other
A0A6U3W6N8	unassigned	none	module	ryr.hmm matched only 74 profile positions (< 200) — a shared module, not a family assignment	0.0	53.5	53.5	1.0		4.6e-13	4.6e-13	0.0	0.015	0	74	0.872	149	QTG54_011971	Skeletonema marinoi	267567	0	Calmodulin	protista_other
A0A6U3Y0G8	unassigned	none	module	best profile score 29.8 < 30 bits	0.0	29.8	29.8	1.0		6.5e-06	6.5e-06	0.0	0.012	0	59	0.699	163	QTG54_001305	Skeletonema marinoi	267567	0	Centrin-1	protista_other
A0A7G2C0E9	ITPR	medium	partial	itpr.hmm wins by 34.9 bits (16.5% of 211.4) over 419 profile positions	211.4	176.5	34.9	0.1651	2.2e-60	4.2e-50	2.2e-60	0.156	0.053	419	261	0.911	482	ADEAN_000008300	Angomonas deanei	59799	0	Ion transport protein, putative	protista_other
A0A7G2C3D8	unassigned	none	module	ryr.hmm matched only 148 profile positions (< 200) — a shared module, not a family assignment	0.0	85.8	85.8	1.0		8.5e-23	8.5e-23	0.0	0.03	0	148	0.186	1547	ADEAN_000069000	Angomonas deanei	59799	0	SPRY domain/HECT-domain (Ubiquitin-transferase), putative	protista_other
A0A7G2C430	ITPR	high	architecture	itpr.hmm wins by 212.9 bits (83.3% of 255.5) over 1377 profile positions	255.5	42.6	212.9	0.8333	1.1e-73	8.6e-10	1.1e-73	0.513	0.079	1377	389	0.735	2214	ADEAN_000008400	Angomonas deanei	59799	0	Inositol 1,4,5-trisphosphate/ryanodine receptor/RyR and IP3R Homology associated, putative	protista_other
A0A7G2CIQ0	unassigned	none	module	ryr.hmm matched only 104 profile positions (< 200) — a shared module, not a family assignment	0.0	44.8	44.8	1.0		1.9e-10	1.9e-10	0.0	0.021	0	104	0.131	864	ADEAN_000716500	Angomonas deanei	59799	0	SPRY domain/HECT-domain (Ubiquitin-transferase), putative	protista_other
A0A7G2CLF3	ITPR	medium	partial	itpr.hmm wins by 149.2 bits (100.0% of 149.2) over 781 profile positions; no ryr.hmm hit	149.2	0.0	149.2	1.0	1.2e-41		1.2e-41	0.291	0.0	781	0	0.895	1315	ADEAN_000821000	Angomonas deanei	59799	0	Inositol 1,4,5-trisphosphate/ryanodine receptor, putative	protista_other
A0A7G2CNL1	ITPR	medium	partial	itpr.hmm wins by 40.4 bits (20.6% of 196.5) over 295 profile positions	196.5	156.1	40.4	0.2056	6.7e-56	5.8e-44	6.7e-56	0.11	0.037	295	182	0.856	334	ADEAN_000820900	Angomonas deanei	59799	0	Ion transport protein, putative	protista_other
A0A7J6JV60	unassigned	none	module	best profile score 29.7 < 30 bits	0.0	29.7	29.7	1.0		6.9e-06	6.9e-06	0.0	0.012	0	59	0.665	170	TGRH88_063870	Toxoplasma gondii	5811	0	Centrin 2	protista_other
A0A7J6JVC7	unassigned	none	module	ryr.hmm matched only 69 profile positions (< 200) — a shared module, not a family assignment	0.0	57.6	57.6	1.0		2.7e-14	2.7e-14	0.0	0.014	0	69	0.872	149	TGRH88_062970	Toxoplasma gondii	5811	0	Calmodulin	protista_other
A0A7J6K0A7	unassigned	none	module	ryr.hmm matched only 59 profile positions (< 200) — a shared module, not a family assignment	0.0	45.3	45.3	1.0		1.4e-10	1.4e-10	0.0	0.012	0	59	0.167	682	TGRH88_044630	Toxoplasma gondii	5811	0	non-specific serine/threonine protein kinase	protista_other
A0A7J6KF38	unassigned	none	module	ryr.hmm matched only 158 profile positions (< 200) — a shared module, not a family assignment	0.0	31.5	31.5	1.0		2e-06	2e-06	0.0	0.032	0	158	0.393	521	TGRH88_000510	Toxoplasma gondii	5811	0	SPRY domain-containing protein	protista_other
A0A7J6KGF0	unassigned	none	module	ryr.hmm matched only 89 profile positions (< 200) — a shared module, not a family assignment	0.0	58.2	58.2	1.0		1.8e-14	1.8e-14	0.0	0.018	0	89	0.117	768	TGRH88_023110	Toxoplasma gondii	5811	0	ATP-dependent RNA helicase DDX1	protista_other
A0A7J6L825	unassigned	none	module	ryr.hmm matched only 79 profile positions (< 200) — a shared module, not a family assignment	0.0	38.7	38.7	1.0		1.3e-08	1.3e-08	0.0	0.016	0	79	0.233	331	SSH4	Perkinsus chesapeaki	330153	0	Rsp5p-dependent ubiquitination, sorting of cargo proteins at the multivesicular body (Fragment)	protista_other
A0A7J6LY52	unassigned	none	module	ryr.hmm matched only 138 profile positions (< 200) — a shared module, not a family assignment	0.0	30.5	30.5	1.0		3.9e-06	3.9e-06	0.0	0.028	0	138	0.445	337	ASH2L	Perkinsus chesapeaki	330153	0	Set1/Ash2 histone methyltransferase complex subunit ASH2	protista_other
A0A7J6M245	unassigned	none	module	ryr.hmm matched only 69 profile positions (< 200) — a shared module, not a family assignment	0.0	57.3	57.3	1.0		3.3e-14	3.3e-14	0.0	0.014	0	69	0.872	149	FOL47_002382	Perkinsus chesapeaki	330153	0	Calmodulin	protista_other
A0A7J6MH59	ITPR	medium	partial	itpr.hmm wins by 111.7 bits (36.7% of 304.2) over 671 profile positions	304.2	192.5	111.7	0.3672	2.3e-88	6.3e-55	2.3e-88	0.25	0.09	671	444	0.961	724	FOL47_001750	Perkinsus chesapeaki	330153	0	Ion transport domain-containing protein	protista_other
A0A7J6MZ95	unassigned	none	module	ryr.hmm matched only 123 profile positions (< 200) — a shared module, not a family assignment	0.0	40.5	40.5	1.0		3.8e-09	3.8e-09	0.0	0.025	0	123	0.244	520	FOL47_005431	Perkinsus chesapeaki	330153	0	B30.2/SPRY domain-containing protein	protista_other
A0A7J6N3C6	unassigned	none	module	ryr.hmm matched only 59 profile positions (< 200) — a shared module, not a family assignment	0.0	39.4	39.4	1.0		8.4e-09	8.4e-09	0.0	0.012	0	59	0.253	466	FOL47_008064	Perkinsus chesapeaki	330153	0	Calcium-dependent protein kinase 1	protista_other
A0A7J6PYS0	unassigned	none	module	ryr.hmm matched only 59 profile positions (< 200) — a shared module, not a family assignment	0.0	31.1	31.1	1.0		2.6e-06	2.6e-06	0.0	0.012	0	59	0.459	244	FOZ63_004536	Perkinsus olseni	32597	0	Calcium-dependent protein kinase (Fragment)	protista_other
A0A7J6PYS2	unassigned	none	module	ryr.hmm matched only 54 profile positions (< 200) — a shared module, not a family assignment	0.0	31.3	31.3	1.0		2.3e-06	2.3e-06	0.0	0.011	0	54	0.379	285	FOZ63_026202	Perkinsus olseni	32597	0	EF-hand domain-containing protein (Fragment)	protista_other
A0A7J6QA95	unassigned	none	module	ryr.hmm matched only 143 profile positions (< 200) — a shared module, not a family assignment	0.0	31.5	31.5	1.0		1.9e-06	1.9e-06	0.0	0.029	0	143	0.246	613	ASH2L	Perkinsus olseni	32597	0	Set1/Ash2 histone methyltransferase complex subunit ASH2 (Fragment)	protista_other
A0A7J6QVG5	ITPR	medium	partial	itpr.hmm wins by 51.7 bits (100.0% of 51.7) over 271 profile positions; no ryr.hmm hit	51.7	0.0	51.7	1.0	3e-12		3e-12	0.101	0.0	271	0	0.633	411	FOZ63_032080	Perkinsus olseni	32597	0	Uncharacterized protein (Fragment)	protista_other
A0A7J6R6R8	unassigned	none	module	ryr.hmm matched only 64 profile positions (< 200) — a shared module, not a family assignment	0.0	35.1	35.1	1.0		1.6e-07	1.6e-07	0.0	0.013	0	64	0.793	87	PCM3	Perkinsus olseni	32597	0	Putative calmodulin-3 (Fragment)	protista_other
A0A7J6SVQ1	unassigned	none	module	ryr.hmm matched only 69 profile positions (< 200) — a shared module, not a family assignment	0.0	46.8	46.8	1.0		4.7e-11	4.7e-11	0.0	0.014	0	69	0.177	733	DDX1	Perkinsus olseni	32597	0	Calmodulin	protista_other
A0A7J6TBL8	unassigned	none	module	ryr.hmm matched only 64 profile positions (< 200) — a shared module, not a family assignment	0.0	35.2	35.2	1.0		1.5e-07	1.5e-07	0.0	0.013	0	64	0.896	77	CAM1	Perkinsus olseni	32597	0	Calmodulin	protista_other
A0A7J6TDB0	unassigned	none	module	ryr.hmm matched only 79 profile positions (< 200) — a shared module, not a family assignment	0.0	30.8	30.8	1.0		3.3e-06	3.3e-06	0.0	0.016	0	79	0.387	199	SSH4_1	Perkinsus olseni	32597	0	Rsp5p-dependent ubiquitination, sorting of cargo proteins at the multivesicular body (Fragment)	protista_other
A0A7J6TIQ9	unassigned	none	module	ryr.hmm matched only 69 profile positions (< 200) — a shared module, not a family assignment	0.0	57.3	57.3	1.0		3.3e-14	3.3e-14	0.0	0.014	0	69	0.872	149	FOZ63_002200	Perkinsus olseni	32597	0	Calmodulin	protista_other
A0A7J6UHL1	unassigned	none	module	ryr.hmm matched only 59 profile positions (< 200) — a shared module, not a family assignment	0.0	36.4	36.4	1.0		6.8e-08	6.8e-08	0.0	0.012	0	59	0.305	384	FOZ63_031318	Perkinsus olseni	32597	0	Calcium-dependent protein kinase 1 (Fragment)	protista_other
A0A7J7IF23	unassigned	none	module	ryr.hmm matched only 59 profile positions (< 200) — a shared module, not a family assignment	0.0	40.7	40.7	1.0		3.3e-09	3.3e-09	0.0	0.012	0	59	0.708	161	F1559_001725	Cyanidiococcus yangmingshanensis	2690220	0	EF-hand domain-containing protein	protista_other
A0A7J7IH63	unassigned	none	module	ryr.hmm matched only 74 profile positions (< 200) — a shared module, not a family assignment	0.0	50.8	50.8	1.0		3e-12	3e-12	0.0	0.015	0	74	0.844	154	CAM2	Cyanidiococcus yangmingshanensis	2690220	0	Myosin I light chain Cam2	protista_other
A0A812G3X0	unassigned	none	module	ryr.hmm matched only 84 profile positions (< 200) — a shared module, not a family assignment	0.0	41.8	41.8	1.0		1.6e-09	1.6e-09	0.0	0.017	0	84	0.339	236	ddx1	Symbiodinium natans	878477	0	Ddx1 protein	protista_other
A0A812G6I6	unassigned	none	module	ryr.hmm matched only 104 profile positions (< 200) — a shared module, not a family assignment	0.0	56.5	56.5	1.0		6e-14	6e-14	0.0	0.021	0	104	0.114	866	DDX1	Symbiodinium natans	878477	0	ATP-dependent RNA helicase	protista_other
A0A812H9D0	unassigned	none	module	ryr.hmm matched only 59 profile positions (< 200) — a shared module, not a family assignment	0.0	45.7	45.7	1.0		1e-10	1e-10	0.0	0.012	0	59	0.222	537	CPK3	Symbiodinium natans	878477	0	non-specific serine/threonine protein kinase	protista_other
A0A812HV19	unassigned	none	module	ryr.hmm matched only 54 profile positions (< 200) — a shared module, not a family assignment	0.0	32.6	32.6	1.0		9.1e-07	9.1e-07	0.0	0.011	0	54	0.651	166	CML10	Symbiodinium natans	878477	0	CML10 protein	protista_other
A0A812HZ40	unassigned	none	module	ryr.hmm matched only 84 profile positions (< 200) — a shared module, not a family assignment	0.0	69.3	69.3	1.0		8.1e-18	8.1e-18	0.0	0.017	0	84	0.297	579	kidins220	Symbiodinium natans	878477	0	Kidins220 protein	protista_other
A0A812IAH5	unassigned	none	module	best profile score 29.2 < 30 bits	0.0	29.2	29.2	1.0		9.7e-06	9.7e-06	0.0	0.011	0	54	0.147	389	alxA	Symbiodinium natans	878477	0	AlxA protein	protista_other
A0A812IQK3	unassigned	none	module	ryr.hmm matched only 59 profile positions (< 200) — a shared module, not a family assignment	0.0	30.7	30.7	1.0		3.3e-06	3.3e-06	0.0	0.012	0	59	0.239	482	CPK2	Symbiodinium natans	878477	0	non-specific serine/threonine protein kinase	protista_other
A0A812IXU6	unassigned	none	module	ryr.hmm matched only 84 profile positions (< 200) — a shared module, not a family assignment	0.0	37.7	37.7	1.0		2.6e-08	2.6e-08	0.0	0.017	0	84	0.075	1109	DNAH7	Symbiodinium pilosum	2952	0	DNAH7 protein	protista_other
A0A812J375	unassigned	none	module	itpr.hmm matched only 115 profile positions (< 200) — a shared module, not a family assignment	33.7	0.0	33.7	1.0	7.8e-07		7.8e-07	0.043	0.0	115	0	0.496	224	RYR1	Symbiodinium pilosum	2952	0	RYR1 protein (Fragment)	protista_other
A0A812JA97	ITPR	medium	partial	itpr.hmm wins by 57.2 bits (35.6% of 160.8) over 464 profile positions	160.8	103.6	57.2	0.3557	3.9e-45	3.9e-28	3.9e-45	0.173	0.049	464	242	0.783	600	itr-1	Symbiodinium pilosum	2952	0	Itr-1 protein (Fragment)	protista_other
A0A812JD20	unassigned	none	module	ryr.hmm matched only 69 profile positions (< 200) — a shared module, not a family assignment	0.0	57.7	57.7	1.0		2.5e-14	2.5e-14	0.0	0.014	0	69	0.872	149	SPIL2461_LOCUS1760	Symbiodinium pilosum	2952	0	Calmodulin	protista_other
A0A812JVL7	unassigned	none	module	ryr.hmm matched only 69 profile positions (< 200) — a shared module, not a family assignment	0.0	36.2	36.2	1.0		7.5e-08	7.5e-08	0.0	0.014	0	69	0.25	492	CPK2	Symbiodinium natans	878477	0	non-specific serine/threonine protein kinase	protista_other
A0A812K6W3	ITPR	medium	partial	itpr.hmm wins by 61.2 bits (100.0% of 61.2) over 258 profile positions; no ryr.hmm hit	61.2	0.0	61.2	1.0	4.1e-15		4.1e-15	0.096	0.0	258	0	0.871	279	SNAT2548_LOCUS8197	Symbiodinium natans	878477	0	Uncharacterized protein (Fragment)	protista_other
A0A812KH31	unassigned	none	module	ryr.hmm matched only 64 profile positions (< 200) — a shared module, not a family assignment	0.0	33.0	33.0	1.0		7e-07	7e-07	0.0	0.013	0	64	0.817	153	calA	Symbiodinium pilosum	2952	0	Calmodulin (Fragment)	protista_other
A0A812KI05	unassigned	none	module	ryr.hmm matched only 54 profile positions (< 200) — a shared module, not a family assignment	0.0	32.2	32.2	1.0		1.2e-06	1.2e-06	0.0	0.011	0	54	0.229	493	CML12	Symbiodinium pilosum	2952	0	CML12 protein	protista_other
A0A812KNU8	unassigned	none	module	ryr.hmm matched only 69 profile positions (< 200) — a shared module, not a family assignment	0.0	36.0	36.0	1.0		8.7e-08	8.7e-08	0.0	0.014	0	69	0.793	164	calm	Symbiodinium natans	878477	0	Calmodulin	protista_other
A0A812KVT5	ITPR	medium	partial	itpr.hmm wins by 157.3 bits (54.0% of 291.4) over 929 profile positions	291.4	134.1	157.3	0.5398	1.7e-84	2.4e-37	1.7e-84	0.346	0.055	929	271	0.327	3168	itr-1	Symbiodinium natans	878477	0	Itr-1 protein	protista_other
A0A812L1Y8	unassigned	none	module	ryr.hmm matched only 84 profile positions (< 200) — a shared module, not a family assignment	0.0	38.4	38.4	1.0		1.7e-08	1.7e-08	0.0	0.017	0	84	0.203	403	Hnrnpul1	Symbiodinium natans	878477	0	Hnrnpul1 protein	protista_other
A0A812L420	ITPR	medium	partial	itpr.hmm wins by 156.9 bits (54.5% of 288.1) over 701 profile positions	288.1	131.2	156.9	0.5446	1.6e-83	1.8e-36	1.6e-83	0.261	0.071	701	350	0.681	1148	IP3R	Symbiodinium pilosum	2952	0	IP3R protein	protista_other
A0A812LS43	unassigned	none	module	ryr.hmm matched only 84 profile positions (< 200) — a shared module, not a family assignment	0.0	40.4	40.4	1.0		4.2e-09	4.2e-09	0.0	0.017	0	84	0.099	819	UPF1	Symbiodinium necroappetens	1628268	0	UPF1 protein (Fragment)	protista_other
A0A812M1D0	unassigned	none	module	ryr.hmm matched only 59 profile positions (< 200) — a shared module, not a family assignment	0.0	33.3	33.3	1.0		5.7e-07	5.7e-07	0.0	0.012	0	59	0.232	508	CPK2	Symbiodinium pilosum	2952	0	non-specific serine/threonine protein kinase	protista_other
A0A812MNR6	ITPR	medium	partial	itpr.hmm wins by 37.0 bits (23.9% of 154.8) over 319 profile positions	154.8	117.8	37.0	0.239	2.4e-43	2e-32	2.4e-43	0.119	0.053	319	261	0.932	355	itr-1	Symbiodinium natans	878477	0	Itr-1 protein	protista_other
A0A812N3Q8	ITPR	medium	partial	itpr.hmm wins by 71.9 bits (36.1% of 199.3) over 287 profile positions	199.3	127.4	71.9	0.3608	1e-56	2.5e-35	1e-56	0.107	0.044	287	217	0.24	1149	IP3R	Symbiodinium necroappetens	1628268	0	IP3R protein (Fragment)	protista_other
A0A812N5I9	unassigned	none	module	ryr.hmm matched only 59 profile positions (< 200) — a shared module, not a family assignment	0.0	31.6	31.6	1.0		1.9e-06	1.9e-06	0.0	0.012	0	59	0.064	909	ppt1	Symbiodinium necroappetens	1628268	0	Ppt1 protein	protista_other
A0A812NST9	unassigned	none	module	ryr.hmm matched only 69 profile positions (< 200) — a shared module, not a family assignment	0.0	36.6	36.6	1.0		5.9e-08	5.9e-08	0.0	0.014	0	69	0.25	492	CPK2	Symbiodinium pilosum	2952	0	non-specific serine/threonine protein kinase	protista_other
A0A812PCF6	ITPR	medium	partial	itpr.hmm wins by 60.9 bits (100.0% of 60.9) over 403 profile positions; no ryr.hmm hit	60.9	0.0	60.9	1.0	5.2e-15		5.2e-15	0.15	0.0	403	0	0.149	3197	RYR1	Symbiodinium necroappetens	1628268	0	RYR1 protein (Fragment)	protista_other
A0A812PFE7	unassigned	none	module	ryr.hmm matched only 69 profile positions (< 200) — a shared module, not a family assignment	0.0	31.9	31.9	1.0		1.5e-06	1.5e-06	0.0	0.014	0	69	0.192	656	CPK2	Symbiodinium natans	878477	0	non-specific serine/threonine protein kinase	protista_other
A0A812PRV7	unassigned	none	module	ryr.hmm matched only 89 profile positions (< 200) — a shared module, not a family assignment	0.0	42.7	42.7	1.0		8.3e-10	8.3e-10	0.0	0.018	0	89	0.142	654	RSPRY1	Symbiodinium natans	878477	0	RSPRY1 protein	protista_other
A0A812Q8M9	unassigned	none	module	ryr.hmm matched only 64 profile positions (< 200) — a shared module, not a family assignment	0.0	36.4	36.4	1.0		6.6e-08	6.6e-08	0.0	0.013	0	64	0.716	176	calA	Symbiodinium necroappetens	1628268	0	Calmodulin (Fragment)	protista_other
A0A812Q924	unassigned	none	module	ryr.hmm matched only 59 profile positions (< 200) — a shared module, not a family assignment	0.0	40.7	40.7	1.0		3.4e-09	3.4e-09	0.0	0.012	0	59	0.734	154	SNEC2469_LOCUS10403	Symbiodinium necroappetens	1628268	0	EF-hand domain-containing protein	protista_other
A0A812QDW6	unassigned	none	module	ryr.hmm matched only 59 profile positions (< 200) — a shared module, not a family assignment	0.0	30.9	30.9	1.0		3.1e-06	3.1e-06	0.0	0.012	0	59	0.722	162	CPK2	Symbiodinium necroappetens	1628268	0	CPK2 protein (Fragment)	protista_other
A0A812QIU8	ITPR	medium	partial	itpr.hmm wins by 126.5 bits (44.8% of 282.7) over 505 profile positions	282.7	156.2	126.5	0.4475	7e-82	5.4e-44	7e-82	0.188	0.052	505	256	0.828	609	ITPR1	Symbiodinium pilosum	2952	0	ITPR1 protein	protista_other
A0A812QPA5	unassigned	none	module	ryr.hmm matched only 89 profile positions (< 200) — a shared module, not a family assignment	0.0	30.4	30.4	1.0		4.3e-06	4.3e-06	0.0	0.018	0	89	0.159	560	prsW	Symbiodinium natans	878477	0	PrsW protein	protista_other
A0A812QQK9	unassigned	none	module	ryr.hmm matched only 69 profile positions (< 200) — a shared module, not a family assignment	0.0	137.8	137.8	1.0		1.9e-38	1.9e-38	0.0	0.014	0	69	0.571	893	SNAT2548_LOCUS21707	Symbiodinium natans	878477	0	Calmodulin	protista_other
A0A812QQT3	unassigned	none	module	ryr.hmm matched only 69 profile positions (< 200) — a shared module, not a family assignment	0.0	77.2	77.2	1.0		3.3e-20	3.3e-20	0.0	0.014	0	69	0.57	400	SNAT2548_LOCUS21706	Symbiodinium natans	878477	0	Calmodulin	protista_other
A0A812TF19	unassigned	none	module	ryr.hmm matched only 104 profile positions (< 200) — a shared module, not a family assignment	0.0	57.6	57.6	1.0		2.8e-14	2.8e-14	0.0	0.021	0	104	0.113	873	DDX1	Symbiodinium pilosum	2952	0	ATP-dependent RNA helicase	protista_other
A0A812TNC7	unassigned	none	module	ryr.hmm matched only 59 profile positions (< 200) — a shared module, not a family assignment	0.0	30.7	30.7	1.0		3.5e-06	3.5e-06	0.0	0.012	0	59	0.765	149	SPIL2461_LOCUS14305	Symbiodinium pilosum	2952	0	EF-hand domain-containing protein	protista_other
A0A812U8U2	unassigned	none	module	ryr.hmm matched only 54 profile positions (< 200) — a shared module, not a family assignment	0.0	31.1	31.1	1.0		2.5e-06	2.5e-06	0.0	0.011	0	54	0.299	378	CPK25	Symbiodinium necroappetens	1628268	0	CPK25 protein	protista_other
A0A812UBX4	ITPR	medium	partial	itpr.hmm wins by 60.8 bits (100.0% of 60.8) over 236 profile positions; no ryr.hmm hit	60.8	0.0	60.8	1.0	5.3e-15		5.3e-15	0.088	0.0	236	0	0.415	590	RYR1	Symbiodinium natans	878477	0	RYR1 protein	protista_other
A0A812UW99	ITPR	medium	partial	itpr.hmm wins by 63.5 bits (100.0% of 63.5) over 236 profile positions; no ryr.hmm hit	63.5	0.0	63.5	1.0	8e-16		8e-16	0.088	0.0	236	0	0.038	6253	SNAT2548_LOCUS34261	Symbiodinium natans	878477	0	Protein kinase domain-containing protein	protista_other
A0A812V1H5	unassigned	none	module	ryr.hmm matched only 54 profile positions (< 200) — a shared module, not a family assignment	0.0	32.7	32.7	1.0		8.4e-07	8.4e-07	0.0	0.011	0	54	0.222	510	CPK2	Symbiodinium natans	878477	0	non-specific serine/threonine protein kinase	protista_other
A0A812V2R9	ITPR	medium	partial	itpr.hmm wins by 131.2 bits (58.2% of 225.5) over 891 profile positions	225.5	94.3	131.2	0.5818	1.2e-64	2.3e-25	1.2e-64	0.332	0.077	891	380	0.545	1871	Itpr1	Symbiodinium natans	878477	0	Itpr1 protein	protista_other
A0A812VAY3	unassigned	none	module	ryr.hmm matched only 64 profile positions (< 200) — a shared module, not a family assignment	0.0	34.5	34.5	1.0		2.5e-07	2.5e-07	0.0	0.013	0	64	0.049	2383	CPK2	Symbiodinium pilosum	2952	0	CPK2 protein	protista_other
A0A812VCH5	unassigned	none	module	ryr.hmm matched only 69 profile positions (< 200) — a shared module, not a family assignment	0.0	86.7	86.7	1.0		4.8e-23	4.8e-23	0.0	0.014	0	69	0.765	327	SNAT2548_LOCUS35270	Symbiodinium natans	878477	0	Calmodulin	protista_other
A0A812VJP7	unassigned	none	module	ryr.hmm matched only 148 profile positions (< 200) — a shared module, not a family assignment	0.0	49.8	49.8	1.0		6.2e-12	6.2e-12	0.0	0.03	0	148	0.288	713	Ankrd17	Symbiodinium necroappetens	1628268	0	Ankrd17 protein (Fragment)	protista_other
A0A812W7L1	unassigned	none	module	ryr.hmm matched only 99 profile positions (< 200) — a shared module, not a family assignment	0.0	53.5	53.5	1.0		4.5e-13	4.5e-13	0.0	0.02	0	99	0.287	341	DDX1	Symbiodinium necroappetens	1628268	0	DDX1 protein (Fragment)	protista_other
A0A812WMS4	unassigned	none	module	ryr.hmm matched only 59 profile positions (< 200) — a shared module, not a family assignment	0.0	30.5	30.5	1.0		3.9e-06	3.9e-06	0.0	0.012	0	59	0.227	525	CPK2	Symbiodinium pilosum	2952	0	Calcium-dependent protein kinase 1	protista_other
A0A812XF58	unassigned	none	module	ryr.hmm matched only 84 profile positions (< 200) — a shared module, not a family assignment	0.0	39.1	39.1	1.0		1e-08	1e-08	0.0	0.017	0	84	0.078	1045	Upf1	Symbiodinium pilosum	2952	0	Upf1 protein (Fragment)	protista_other
A0A812XPT9	unassigned	none	module	best profile score 29.8 < 30 bits	0.0	29.8	29.8	1.0		6.5e-06	6.5e-06	0.0	0.012	0	59	0.285	425	CPK2	Symbiodinium pilosum	2952	0	CPK2 protein	protista_other
A0A812YRZ0	unassigned	none	module	ryr.hmm matched only 84 profile positions (< 200) — a shared module, not a family assignment	0.0	32.3	32.3	1.0		1.1e-06	1.1e-06	0.0	0.017	0	84	0.024	3832	hecd-1	Symbiodinium necroappetens	1628268	0	Hecd-1 protein	protista_other
A0A812ZJ92	ITPR	medium	partial	itpr.hmm wins by 73.6 bits (100.0% of 73.6) over 228 profile positions; no ryr.hmm hit	73.6	0.0	73.6	1.0	7.6e-19		7.6e-19	0.085	0.0	228	0	0.148	1724	SNEC2469_LOCUS24838	Symbiodinium necroappetens	1628268	0	Uncharacterized protein	protista_other
A0A813BXR6	unassigned	none	module	ryr.hmm matched only 89 profile positions (< 200) — a shared module, not a family assignment	0.0	38.4	38.4	1.0		1.6e-08	1.6e-08	0.0	0.018	0	89	0.049	1705	DNAH7	Symbiodinium necroappetens	1628268	0	DNAH7 protein (Fragment)	protista_other
A0A813C2T1	ITPR	medium	partial	itpr.hmm wins by 52.9 bits (35.1% of 150.7) over 494 profile positions	150.7	97.8	52.9	0.351	4.4e-42	2.1e-26	4.4e-42	0.184	0.05	494	246	0.87	571	Itpr1	Symbiodinium necroappetens	1628268	0	Itpr1 protein	protista_other
A0A813CFU2	ITPR	medium	partial	itpr.hmm wins by 125.8 bits (48.4% of 259.7) over 502 profile positions	259.7	133.9	125.8	0.4844	5.8e-75	2.7e-37	5.8e-75	0.187	0.05	502	246	0.905	546	IP3R	Symbiodinium necroappetens	1628268	0	IP3R protein	protista_other
A0A813CJB8	unassigned	none	module	ryr.hmm matched only 64 profile positions (< 200) — a shared module, not a family assignment	0.0	39.1	39.1	1.0		1e-08	1e-08	0.0	0.013	0	64	0.274	427	CPK3	Symbiodinium necroappetens	1628268	0	CPK3 protein	protista_other
A0A813D0Q4	unassigned	none	module	ryr.hmm matched only 64 profile positions (< 200) — a shared module, not a family assignment	0.0	47.1	47.1	1.0		4e-11	4e-11	0.0	0.013	0	64	0.727	165	PGLA1383_LOCUS113	Polarella glacialis	89957	0	EF-hand domain-containing protein	protista_other
A0A813D5T5	unassigned	none	module	ryr.hmm matched only 89 profile positions (< 200) — a shared module, not a family assignment	0.0	49.3	49.3	1.0		8.3e-12	8.3e-12	0.0	0.018	0	89	0.117	734	PGLA1383_LOCUS79	Polarella glacialis	89957	0	ATP-dependent RNA helicase DDX1	protista_other
A0A813DND2	unassigned	none	module	ryr.hmm matched only 69 profile positions (< 200) — a shared module, not a family assignment	0.0	57.7	57.7	1.0		2.5e-14	2.5e-14	0.0	0.014	0	69	0.872	149	PGLA1383_LOCUS1330	Polarella glacialis	89957	0	Calmodulin	protista_other
A0A813EEA4	unassigned	none	module	ryr.hmm matched only 69 profile positions (< 200) — a shared module, not a family assignment	0.0	30.4	30.4	1.0		4.2e-06	4.2e-06	0.0	0.014	0	69	0.571	198	PGLA1383_LOCUS15949	Polarella glacialis	89957	0	EF-hand domain-containing protein (Fragment)	protista_other
A0A813EIW9	unassigned	none	module	ryr.hmm matched only 113 profile positions (< 200) — a shared module, not a family assignment	0.0	38.2	38.2	1.0		1.8e-08	1.8e-08	0.0	0.023	0	113	0.32	347	PGLA1383_LOCUS16043	Polarella glacialis	89957	0	B30.2/SPRY domain-containing protein	protista_other
A0A813EJ99	unassigned	none	module	ryr.hmm matched only 54 profile positions (< 200) — a shared module, not a family assignment	0.0	40.7	40.7	1.0		3.4e-09	3.4e-09	0.0	0.011	0	54	0.268	421	PGLA1383_LOCUS17395	Polarella glacialis	89957	0	EF-hand domain-containing protein (Fragment)	protista_other
A0A813ENF1	ITPR	medium	partial	itpr.hmm wins by 144.6 bits (55.0% of 263.1) over 899 profile positions	263.1	118.5	144.6	0.5496	5.6e-76	1.2e-32	5.6e-76	0.335	0.064	899	316	0.263	3852	PGLA1383_LOCUS18267	Polarella glacialis	89957	0	RyR/IP3R Homology associated domain-containing protein	protista_other
A0A813ESF0	unassigned	none	module	ryr.hmm matched only 69 profile positions (< 200) — a shared module, not a family assignment	0.0	47.8	47.8	1.0		2.4e-11	2.4e-11	0.0	0.014	0	69	0.069	1925	PGLA1383_LOCUS21836	Polarella glacialis	89957	0	Calmodulin (Fragment)	protista_other
A0A813FLW5	ITPR	medium	partial	itpr.hmm wins by 137.9 bits (48.0% of 287.0) over 658 profile positions	287.0	149.1	137.9	0.4805	3.5e-83	7.3e-42	3.5e-83	0.245	0.057	658	281	0.988	773	PGLA1383_LOCUS31530	Polarella glacialis	89957	0	Ion transport domain-containing protein	protista_other
A0A813FP61	unassigned	none	module	ryr.hmm matched only 84 profile positions (< 200) — a shared module, not a family assignment	0.0	37.3	37.3	1.0		3.6e-08	3.6e-08	0.0	0.017	0	84	0.052	1564	PGLA1383_LOCUS31686	Polarella glacialis	89957	0	Uncharacterized protein	protista_other
A0A813G3X2	unassigned	none	module	ryr.hmm matched only 84 profile positions (< 200) — a shared module, not a family assignment	0.0	39.3	39.3	1.0		8.8e-09	8.8e-09	0.0	0.017	0	84	0.106	847	PGLA1383_LOCUS38793	Polarella glacialis	89957	0	B30.2/SPRY domain-containing protein (Fragment)	protista_other
A0A813G414	unassigned	none	module	ryr.hmm matched only 54 profile positions (< 200) — a shared module, not a family assignment	0.0	36.2	36.2	1.0		7.3e-08	7.3e-08	0.0	0.011	0	54	0.657	169	PGLA1383_LOCUS35094	Polarella glacialis	89957	0	EF-hand domain-containing protein	protista_other
A0A813GES0	unassigned	none	module	ryr.hmm matched only 128 profile positions (< 200) — a shared module, not a family assignment	0.0	45.7	45.7	1.0		1e-10	1e-10	0.0	0.026	0	128	0.112	1156	PGLA1383_LOCUS40729	Polarella glacialis	89957	0	B30.2/SPRY domain-containing protein	protista_other
A0A813GIV2	unassigned	none	module	ryr.hmm matched only 54 profile positions (< 200) — a shared module, not a family assignment	0.0	41.2	41.2	1.0		2.4e-09	2.4e-09	0.0	0.011	0	54	0.284	398	PGLA1383_LOCUS43081	Polarella glacialis	89957	0	EF-hand domain-containing protein (Fragment)	protista_other
A0A813HIU0	unassigned	none	module	ryr.hmm matched only 64 profile positions (< 200) — a shared module, not a family assignment	0.0	38.4	38.4	1.0		1.6e-08	1.6e-08	0.0	0.013	0	64	0.418	287	PGLA1383_LOCUS53177	Polarella glacialis	89957	0	EF-hand domain-containing protein	protista_other
A0A813HSA7	unassigned	none	module	ryr.hmm matched only 54 profile positions (< 200) — a shared module, not a family assignment	0.0	34.4	34.4	1.0		2.7e-07	2.7e-07	0.0	0.011	0	54	0.246	224	PGLA1383_LOCUS55847	Polarella glacialis	89957	0	EF-hand domain-containing protein (Fragment)	protista_other
A0A833S1E5	unassigned	none	module	ryr.hmm matched only 128 profile positions (< 200) — a shared module, not a family assignment	0.0	87.6	87.6	1.0		2.4e-23	2.4e-23	0.0	0.026	0	128	0.212	619	GN244_ATG16777	Phytophthora infestans	4787	0	Telomere stability C-terminal	protista_other
A0A833S6Z2	unassigned	none	module	ryr.hmm matched only 69 profile positions (< 200) — a shared module, not a family assignment	0.0	40.8	40.8	1.0		3.1e-09	3.1e-09	0.0	0.014	0	69	0.118	1988	GN244_ATG13049	Phytophthora infestans	4787	0	EF-hand domain pair	protista_other
A0A833SDT0	RYR	medium	partial	ryr.hmm wins by 114.8 bits (100.0% of 114.8) over 217 profile positions; no itpr.hmm hit	0.0	114.8	114.8	1.0		1.6e-31	1.6e-31	0.0	0.044	0	217	0.273	739	GN244_ATG08124	Phytophthora infestans	4787	0	RyR domain	protista_other
A0A833SI81	unassigned	none	module	ryr.hmm matched only 74 profile positions (< 200) — a shared module, not a family assignment	0.0	57.6	57.6	1.0		2.7e-14	2.7e-14	0.0	0.015	0	74	0.872	149	GN244_ATG19872	Phytophthora infestans	4787	0	Calmodulin	protista_other
A0A833SQE8	unassigned	none	module	ryr.hmm matched only 59 profile positions (< 200) — a shared module, not a family assignment	0.0	45.1	45.1	1.0		1.5e-10	1.5e-10	0.0	0.012	0	59	0.217	549	GN244_ATG16537	Phytophthora infestans	4787	0	EF-hand domain pair	protista_other
A0A833SSF1	unassigned	none	module	ryr.hmm matched only 59 profile positions (< 200) — a shared module, not a family assignment	0.0	102.2	102.2	1.0		9.9e-28	9.9e-28	0.0	0.012	0	59	0.374	1227	GN244_ATG17445	Phytophthora infestans	4787	0	EF-hand domain pair	protista_other
A0A833SU25	unassigned	none	module	ryr.hmm matched only 148 profile positions (< 200) — a shared module, not a family assignment	0.0	104.2	104.2	1.0		2.4e-28	2.4e-28	0.0	0.03	0	148	0.056	4241	GN244_ATG09900	Phytophthora infestans	4787	0	HECT domain-containing protein	protista_other
A0A833SWX6	unassigned	none	module	ryr.hmm matched only 59 profile positions (< 200) — a shared module, not a family assignment	0.0	47.8	47.8	1.0		2.4e-11	2.4e-11	0.0	0.012	0	59	0.409	291	GN244_ATG07697	Phytophthora infestans	4787	0	EF-hand domain pair	protista_other
A0A833SZN2	unassigned	none	module	ryr.hmm matched only 118 profile positions (< 200) — a shared module, not a family assignment	0.0	181.6	181.6	1.0		1.2e-51	1.2e-51	0.0	0.024	0	118	0.147	1423	GN244_ATG06638	Phytophthora infestans	4787	0	RyR domain	protista_other
A0A833T5R4	RYR	medium	partial	ryr.hmm wins by 125.6 bits (100.0% of 125.6) over 256 profile positions; no itpr.hmm hit	0.0	125.6	125.6	1.0		8.7e-35	8.7e-35	0.0	0.052	0	256	0.05	6715	GN244_ATG03865	Phytophthora infestans	4787	0	HECT domain-containing protein	protista_other
A0A833TAT2	unassigned	none	module	ryr.hmm matched only 133 profile positions (< 200) — a shared module, not a family assignment	0.0	107.1	107.1	1.0		3.4e-29	3.4e-29	0.0	0.027	0	133	0.05	4791	GN244_ATG01285	Phytophthora infestans	4787	0	HECT domain-containing protein	protista_other
A0A833TJ41	ITPR	high	architecture	itpr.hmm wins by 1644.7 bits (83.3% of 1974.7) over 2641 profile positions	1974.7	330.0	1644.7	0.8329	0	2.4e-96	0	0.984	0.23	2641	1134	0.934	3786	GN244_ATG03275	Phytophthora infestans	4787	0	Ion transport protein	protista_other
A0A833W4L3	unassigned	none	module	ryr.hmm matched only 64 profile positions (< 200) — a shared module, not a family assignment	0.0	32.8	32.8	1.0		8.2e-07	8.2e-07	0.0	0.013	0	64	0.176	735	GN244_ATG05459	Phytophthora infestans	4787	0	EF-hand domain pair	protista_other
A0A833WG73	unassigned	none	module	ryr.hmm matched only 59 profile positions (< 200) — a shared module, not a family assignment	0.0	63.4	63.4	1.0		4.8e-16	4.8e-16	0.0	0.012	0	59	0.194	938	GN244_ATG07052	Phytophthora infestans	4787	0	Serine/threonine-protein phosphatase	protista_other
A0A833WM90	RYR	medium	partial	ryr.hmm wins by 175.0 bits (100.0% of 175.0) over 212 profile positions; no itpr.hmm hit	0.0	175.0	175.0	1.0		1.2e-49	1.2e-49	0.0	0.043	0	212	0.16	1335	GN244_ATG16587	Phytophthora infestans	4787	0	RyR domain	protista_other
A0A833WRD3	unassigned	none	module	ryr.hmm matched only 69 profile positions (< 200) — a shared module, not a family assignment	0.0	65.2	65.2	1.0		1.4e-16	1.4e-16	0.0	0.014	0	69	0.15	2981	GN244_ATG13384	Phytophthora infestans	4787	0	EF-hand domain pair	protista_other
A0A835YJL0	unassigned	none	module	ryr.hmm matched only 74 profile positions (< 200) — a shared module, not a family assignment	0.0	56.4	56.4	1.0		6.1e-14	6.1e-14	0.0	0.015	0	74	0.872	149	JKP88DRAFT_184960	Tribonema minus	303371	0	Calmodulin	protista_other
A0A835YPM5	unassigned	none	module	ryr.hmm matched only 123 profile positions (< 200) — a shared module, not a family assignment	0.0	87.3	87.3	1.0		3e-23	3e-23	0.0	0.025	0	123	0.771	153	JKP88DRAFT_146741	Tribonema minus	303371	0	Concanavalin A-like lectin/glucanase domain-containing protein (Fragment)	protista_other
A0A835YQF5	unassigned	none	module	ryr.hmm matched only 74 profile positions (< 200) — a shared module, not a family assignment	0.0	50.4	50.4	1.0		4e-12	4e-12	0.0	0.015	0	74	0.22	891	JKP88DRAFT_258286	Tribonema minus	303371	0	Serine/threonine-protein phosphatase	protista_other
A0A835YSC8	unassigned	none	module	ryr.hmm matched only 133 profile positions (< 200) — a shared module, not a family assignment	0.0	45.4	45.4	1.0		1.3e-10	1.3e-10	0.0	0.027	0	133	0.783	180	JKP88DRAFT_136192	Tribonema minus	303371	0	Concanavalin A-like lectin/glucanase domain-containing protein (Fragment)	protista_other
A0A835YU49	unassigned	none	module	ryr.hmm matched only 59 profile positions (< 200) — a shared module, not a family assignment	0.0	32.5	32.5	1.0		9.8e-07	9.8e-07	0.0	0.012	0	59	0.05	3584	JKP88DRAFT_349186	Tribonema minus	303371	0	EF-hand domain-containing protein	protista_other
A0A835YUT0	unassigned	none	module	ryr.hmm matched only 59 profile positions (< 200) — a shared module, not a family assignment	0.0	36.9	36.9	1.0		4.7e-08	4.7e-08	0.0	0.012	0	59	0.735	155	JKP88DRAFT_222072	Tribonema minus	303371	0	Calmodulin	protista_other
A0A835YVF8	unassigned	none	module	ryr.hmm matched only 59 profile positions (< 200) — a shared module, not a family assignment	0.0	36.0	36.0	1.0		8.5e-08	8.5e-08	0.0	0.012	0	59	0.762	151	JKP88DRAFT_270024	Tribonema minus	303371	0	Calmodulin	protista_other
A0A835YZE6	unassigned	none	module	ryr.hmm matched only 64 profile positions (< 200) — a shared module, not a family assignment	0.0	38.7	38.7	1.0		1.4e-08	1.4e-08	0.0	0.013	0	64	0.177	643	JKP88DRAFT_245204	Tribonema minus	303371	0	Uncharacterized protein	protista_other
A0A835ZBA3	unassigned	none	module	ryr.hmm matched only 128 profile positions (< 200) — a shared module, not a family assignment	0.0	64.0	64.0	1.0		3.2e-16	3.2e-16	0.0	0.026	0	128	0.201	800	JKP88DRAFT_300276	Tribonema minus	303371	0	SPRY domain-containing protein	protista_other
A0A835ZBE0	ITPR	medium	partial	itpr.hmm wins by 73.0 bits (39.7% of 183.7) over 306 profile positions	183.7	110.7	73.0	0.3974	5e-52	2.7e-30	5e-52	0.114	0.044	306	217	0.892	342	JKP88DRAFT_304976	Tribonema minus	303371	0	Ion transport domain-containing protein	protista_other
A0A836CEX3	unassigned	none	module	ryr.hmm matched only 64 profile positions (< 200) — a shared module, not a family assignment	0.0	35.7	35.7	1.0		1e-07	1e-07	0.0	0.013	0	64	0.148	1670	JKP88DRAFT_241452	Tribonema minus	303371	0	EF-hand domain-containing protein	protista_other
A0A836CFN6	unassigned	none	module	ryr.hmm matched only 54 profile positions (< 200) — a shared module, not a family assignment	0.0	36.8	36.8	1.0		5.1e-08	5.1e-08	0.0	0.011	0	54	0.177	649	JKP88DRAFT_289709	Tribonema minus	303371	0	EF-hand domain-containing protein	protista_other
A0A836G1B8	unassigned	none	module	ryr.hmm matched only 153 profile positions (< 200) — a shared module, not a family assignment	0.0	96.8	96.8	1.0		4.2e-26	4.2e-26	0.0	0.031	0	153	0.06	4167	CUR178_00676	Leishmania enriettii	5663	0	Ubiquitin-protein ligase	protista_other
A0A836G414	unassigned	none	module	best profile score 29.6 < 30 bits	0.0	29.6	29.6	1.0		7.5e-06	7.5e-06	0.0	0.013	0	64	0.813	155	LSCM4_00397	Leishmania orientalis	2249476	0	EF-hand domain-containing protein	protista_other
A0A836G8Z8	unassigned	none	module	ryr.hmm matched only 143 profile positions (< 200) — a shared module, not a family assignment	0.0	31.8	31.8	1.0		1.6e-06	1.6e-06	0.0	0.029	0	143	0.037	4148	LSCM4_03082	Leishmania orientalis	2249476	0	B30.2/SPRY domain-containing protein	protista_other
A0A836GHV8	ITPR	high	architecture	itpr.hmm wins by 275.2 bits (60.5% of 454.8) over 1648 profile positions	454.8	179.6	275.2	0.6051	9.2e-134	4.9e-51	9.2e-134	0.614	0.088	1648	434	0.659	2900	LSCM4_05560	Leishmania orientalis	2249476	0	MIR domain-containing protein	protista_other
A0A836GUD5	unassigned	none	module	ryr.hmm matched only 168 profile positions (< 200) — a shared module, not a family assignment	0.0	101.7	101.7	1.0		1.4e-27	1.4e-27	0.0	0.034	0	168	0.064	4170	LSCM4_00675	Leishmania orientalis	2249476	0	Ubiquitin-protein ligase	protista_other
A0A836H4L7	unassigned	none	module	ryr.hmm matched only 84 profile positions (< 200) — a shared module, not a family assignment	0.0	32.4	32.4	1.0		1e-06	1e-06	0.0	0.017	0	84	0.021	4148	LSCM1_02051	Leishmania martiniquensis	1580590	0	Uncharacterized protein	protista_other
A0A836H6C0	unassigned	none	module	ryr.hmm matched only 84 profile positions (< 200) — a shared module, not a family assignment	0.0	32.3	32.3	1.0		1.2e-06	1.2e-06	0.0	0.017	0	84	0.022	4148	CUR178_02531	Leishmania enriettii	5663	0	Uncharacterized protein	protista_other
A0A836HD65	ITPR	high	architecture	itpr.hmm wins by 278.6 bits (59.4% of 469.2) over 1495 profile positions	469.2	190.6	278.6	0.5938	4.3e-138	2.3e-54	4.3e-138	0.557	0.107	1495	528	0.591	2853	LSCM1_05662	Leishmania martiniquensis	1580590	0	MIR domain-containing protein	protista_other
A0A836HN39	RYR	medium	partial	ryr.hmm wins by 78.4 bits (100.0% of 78.4) over 251 profile positions; no itpr.hmm hit	0.0	78.4	78.4	1.0		1.5e-20	1.5e-20	0.0	0.051	0	251	0.054	5629	LSCM4_07980	Leishmania orientalis	2249476	0	Uncharacterized protein	protista_other
A0A836HP82	unassigned	none	module	ryr.hmm matched only 84 profile positions (< 200) — a shared module, not a family assignment	0.0	35.7	35.7	1.0		1.1e-07	1.1e-07	0.0	0.017	0	84	0.021	4148	JKF63_02756	Porcisia hertigi	2761500	0	Uncharacterized protein	protista_other
A0A836HTT5	RYR	medium	partial	ryr.hmm wins by 76.6 bits (100.0% of 76.6) over 246 profile positions; no itpr.hmm hit	0.0	76.6	76.6	1.0		5.2e-20	5.2e-20	0.0	0.05	0	246	0.062	4912	LSCM1_05961	Leishmania martiniquensis	1580590	0	HECT domain-containing protein	protista_other
A0A836IAG9	unassigned	none	module	ryr.hmm matched only 163 profile positions (< 200) — a shared module, not a family assignment	0.0	101.8	101.8	1.0		1.3e-27	1.3e-27	0.0	0.033	0	163	0.062	4166	JKF63_00920	Porcisia hertigi	2761500	0	Ubiquitin-protein ligase	protista_other
A0A836K646	unassigned	none	module	ryr.hmm matched only 163 profile positions (< 200) — a shared module, not a family assignment	0.0	97.3	97.3	1.0		3e-26	3e-26	0.0	0.033	0	163	0.063	4174	LSCM1_00669	Leishmania martiniquensis	1580590	0	Ubiquitin-protein ligase	protista_other
A0A836KP41	ITPR	high	architecture	itpr.hmm wins by 270.6 bits (60.0% of 451.2) over 1586 profile positions	451.2	180.6	270.6	0.5997	1.1e-132	2.4e-51	1.1e-132	0.591	0.091	1586	449	0.615	2901	CUR178_05618	Leishmania enriettii	5663	0	MIR domain-containing protein	protista_other
A0A836KZE9	RYR	medium	partial	ryr.hmm wins by 77.7 bits (100.0% of 77.7) over 256 profile positions; no itpr.hmm hit	0.0	77.7	77.7	1.0		2.4e-20	2.4e-20	0.0	0.052	0	256	0.055	5627	CUR178_07855	Leishmania enriettii	5663	0	Uncharacterized protein	protista_other
A0A836LGV1	unassigned	none	module	itpr.hmm matched only 86 profile positions (< 200) — a shared module, not a family assignment	35.8	0.0	35.8	1.0	1.8e-07		1.8e-07	0.032	0.0	86	0	0.395	223	JKF63_05228	Porcisia hertigi	2761500	0	MIR domain-containing protein	protista_other
A0A836LIY1	RYR	medium	partial	ryr.hmm wins by 67.5 bits (100.0% of 67.5) over 261 profile positions; no itpr.hmm hit	0.0	67.5	67.5	1.0		2.8e-17	2.8e-17	0.0	0.053	0	261	0.058	4979	JKF63_06338	Porcisia hertigi	2761500	0	HECT domain-containing protein	protista_other
A0A8J2SVC2	unassigned	none	module	ryr.hmm matched only 123 profile positions (< 200) — a shared module, not a family assignment	0.0	89.0	89.0	1.0		9.6e-24	9.6e-24	0.0	0.025	0	123	0.375	352	PECAL_4P07250	Pelagomonas calceolata	35677	0	RING-type E3 ubiquitin transferase	protista_other
A0A8J2SZT2	unassigned	none	module	ryr.hmm matched only 59 profile positions (< 200) — a shared module, not a family assignment	0.0	30.0	30.0	1.0		5.4e-06	5.4e-06	0.0	0.012	0	59	0.21	848	PECAL_5P09450	Pelagomonas calceolata	35677	0	EF-hand domain-containing protein	protista_other
A0A8J2WE44	ITPR	medium	partial	itpr.hmm wins by 277.0 bits (79.3% of 349.5) over 1170 profile positions	349.5	72.5	277.0	0.7926	5.2e-102	8.7e-19	5.2e-102	0.436	0.088	1170	434	0.447	3143	PECAL_1P10570	Pelagomonas calceolata	35677	0	Uncharacterized protein	protista_other
A0A8J2WG33	unassigned	none	module	ryr.hmm matched only 153 profile positions (< 200) — a shared module, not a family assignment	0.0	71.9	71.9	1.0		1.3e-18	1.3e-18	0.0	0.031	0	153	0.211	677	PECAL_2P00300	Pelagomonas calceolata	35677	0	B30.2/SPRY domain-containing protein	protista_other
A0A8J2WIB3	unassigned	none	module	ryr.hmm matched only 74 profile positions (< 200) — a shared module, not a family assignment	0.0	57.6	57.6	1.0		2.7e-14	2.7e-14	0.0	0.015	0	74	0.828	157	PECAL_2P28070	Pelagomonas calceolata	35677	0	Calmodulin (Fragment)	protista_other
A0A8J2WX70	unassigned	none	module	ryr.hmm matched only 59 profile positions (< 200) — a shared module, not a family assignment	0.0	34.8	34.8	1.0		1.9e-07	1.9e-07	0.0	0.012	0	59	0.132	1744	PECAL_3P10180	Pelagomonas calceolata	35677	0	EF-hand domain-containing protein	protista_other
A0A8J2X6A9	unassigned	none	module	ryr.hmm matched only 104 profile positions (< 200) — a shared module, not a family assignment	0.0	35.7	35.7	1.0		1.1e-07	1.1e-07	0.0	0.021	0	104	0.132	772	PECAL_5P21770	Pelagomonas calceolata	35677	0	ATP-dependent RNA helicase DDX1	protista_other
A0A8J4PQG9	unassigned	none	module	ryr.hmm matched only 148 profile positions (< 200) — a shared module, not a family assignment	0.0	35.4	35.4	1.0		1.3e-07	1.3e-07	0.0	0.03	0	148	0.327	447	CYY_007409	Polysphondylium violaceum	133409	0	Uncharacterized protein	protista_other
A0A8J4PYE0	unassigned	none	module	ryr.hmm matched only 89 profile positions (< 200) — a shared module, not a family assignment	0.0	49.1	49.1	1.0		9.9e-12	9.9e-12	0.0	0.018	0	89	0.114	755	CYY_003447	Polysphondylium violaceum	133409	0	ATP-dependent RNA helicase	protista_other
A0A8J4UVY9	unassigned	none	module	ryr.hmm matched only 59 profile positions (< 200) — a shared module, not a family assignment	0.0	54.1	54.1	1.0		3.1e-13	3.1e-13	0.0	0.012	0	59	0.762	151	CYY_009501	Polysphondylium violaceum	133409	0	EF-hand domain-containing protein	protista_other
A0A8J4VAF2	ITPR	high	architecture	itpr.hmm wins by 1176.0 bits (86.2% of 1364.1) over 2620 profile positions	1364.1	188.1	1176.0	0.8621	0	1.3e-53	0	0.976	0.259	2620	1277	1.0	2866	CYY_001636	Polysphondylium violaceum	133409	0	Inositol 1	protista_other
A0A8J5IB40	RYR	medium	partial	ryr.hmm wins by 107.0 bits (100.0% of 107.0) over 207 profile positions; no itpr.hmm hit	0.0	107.0	107.0	1.0		3.6e-29	3.6e-29	0.0	0.042	0	207	0.208	927	JG688_00012516	Phytophthora aleatoria	2496075	0	Protein kinase domain-containing protein	protista_other
A0A8J5IPG2	unassigned	none	module	ryr.hmm matched only 133 profile positions (< 200) — a shared module, not a family assignment	0.0	108.2	108.2	1.0		1.6e-29	1.6e-29	0.0	0.027	0	133	0.063	3771	JG688_00011093	Phytophthora aleatoria	2496075	0	HECT E3 ubiquitin ligase	protista_other
A0A8J5IQ00	RYR	medium	partial	ryr.hmm wins by 39.0 bits (100.0% of 39.0) over 212 profile positions; no itpr.hmm hit	0.0	39.0	39.0	1.0		1.1e-08	1.1e-08	0.0	0.043	0	212	0.082	2584	JG688_00005242	Phytophthora aleatoria	2496075	0	HECT E3 ubiquitin ligase	protista_other
A0A8J5J691	unassigned	none	module	ryr.hmm matched only 113 profile positions (< 200) — a shared module, not a family assignment	0.0	184.0	184.0	1.0		2.3e-52	2.3e-52	0.0	0.023	0	113	0.147	1385	JG688_00000531	Phytophthora aleatoria	2496075	0	Ryanodine-inositol 1,4,5-triphosphate receptor Ca2 channel (RIR-CaC) family protein	protista_other
A0A8J5J9B8	unassigned	none	module	ryr.hmm matched only 59 profile positions (< 200) — a shared module, not a family assignment	0.0	61.8	61.8	1.0		1.5e-15	1.5e-15	0.0	0.012	0	59	0.195	940	JG688_00005449	Phytophthora aleatoria	2496075	0	Serine/threonine-protein phosphatase	protista_other
A0A8J5JF89	unassigned	none	module	itpr.hmm matched only 121 profile positions (< 200) — a shared module, not a family assignment	72.3	0.0	72.3	1.0	1.8e-18		1.8e-18	0.045	0.0	121	0	0.415	342	JG688_00002489	Phytophthora aleatoria	2496075	0	Uncharacterized protein	protista_other
A0A8J5M9K8	RYR	medium	partial	ryr.hmm wins by 175.0 bits (100.0% of 175.0) over 212 profile positions; no itpr.hmm hit	0.0	175.0	175.0	1.0		1.1e-49	1.1e-49	0.0	0.043	0	212	0.23	931	JG688_00004136	Phytophthora aleatoria	2496075	0	Ryanodine-inositol 1,4,5-triphosphate receptor Ca2 channel (RIR-CaC) family protein	protista_other
A0A8J5MB82	unassigned	none	module	ryr.hmm matched only 138 profile positions (< 200) — a shared module, not a family assignment	0.0	93.2	93.2	1.0		5.2e-25	5.2e-25	0.0	0.028	0	138	0.226	625	JG688_00001788	Phytophthora aleatoria	2496075	0	Uncharacterized protein	protista_other
A0A8J5MC92	unassigned	none	module	ryr.hmm matched only 64 profile positions (< 200) — a shared module, not a family assignment	0.0	58.1	58.1	1.0		1.9e-14	1.9e-14	0.0	0.013	0	64	0.15	2963	JG688_00003196	Phytophthora aleatoria	2496075	0	EF-hand domain-containing protein	protista_other
A0A8J5MHX1	unassigned	none	module	ryr.hmm matched only 59 profile positions (< 200) — a shared module, not a family assignment	0.0	66.5	66.5	1.0		5.5e-17	5.5e-17	0.0	0.012	0	59	0.455	737	JG688_00004729	Phytophthora aleatoria	2496075	0	EF-hand domain-containing protein	protista_other
A0A8J5MIQ5	ITPR	medium	partial	itpr.hmm wins by 389.0 bits (66.9% of 581.5) over 636 profile positions	581.5	192.5	389.0	0.669	6e-172	6.3e-55	6e-172	0.237	0.057	636	281	0.862	948	JG688_00002488	Phytophthora aleatoria	2496075	0	Ion transport domain-containing protein	protista_other
A0A8J5X9P1	unassigned	none	module	ryr.hmm matched only 69 profile positions (< 200) — a shared module, not a family assignment	0.0	56.8	56.8	1.0		4.6e-14	4.6e-14	0.0	0.014	0	69	0.861	151	KFE25_014173	Diacronema lutheri	2081491	0	Calmodulin	protista_other
A0A8J5XEZ5	unassigned	none	module	ryr.hmm matched only 59 profile positions (< 200) — a shared module, not a family assignment	0.0	35.6	35.6	1.0		1.2e-07	1.2e-07	0.0	0.012	0	59	0.646	181	KFE25_004860	Diacronema lutheri	2081491	0	EF-hand domain-containing protein	protista_other
A0A8J5XI98	unassigned	none	module	ryr.hmm matched only 59 profile positions (< 200) — a shared module, not a family assignment	0.0	38.2	38.2	1.0		1.9e-08	1.9e-08	0.0	0.012	0	59	0.461	128	KFE25_002743	Diacronema lutheri	2081491	0	EF-hand domain-containing protein	protista_other
A0A8J5XJH2	unassigned	none	module	ryr.hmm matched only 54 profile positions (< 200) — a shared module, not a family assignment	0.0	116.9	116.9	1.0		3.7e-32	3.7e-32	0.0	0.011	0	54	0.428	1178	KFE25_009948	Diacronema lutheri	2081491	0	EF-hand domain-containing protein	protista_other
A0A8J5XP79	unassigned	none	module	ryr.hmm matched only 54 profile positions (< 200) — a shared module, not a family assignment	0.0	34.3	34.3	1.0		2.9e-07	2.9e-07	0.0	0.011	0	54	0.292	579	KFE25_001683	Diacronema lutheri	2081491	0	EF-hand domain-containing protein	protista_other
A0A8J5XUV8	unassigned	none	module	ryr.hmm matched only 84 profile positions (< 200) — a shared module, not a family assignment	0.0	42.4	42.4	1.0		1e-09	1e-09	0.0	0.017	0	84	0.142	646	KFE25_005420	Diacronema lutheri	2081491	0	B30.2/SPRY domain-containing protein	protista_other
A0A8J6AWQ5	unassigned	none	module	ryr.hmm matched only 69 profile positions (< 200) — a shared module, not a family assignment	0.0	53.1	53.1	1.0		6e-13	6e-13	0.0	0.014	0	69	0.872	149	J8273_4029	Carpediemonas membranifera	201153	0	Calmodulin-like protein	protista_other
A0A8J6C144	unassigned	none	module	ryr.hmm matched only 79 profile positions (< 200) — a shared module, not a family assignment	0.0	40.1	40.1	1.0		5.1e-09	5.1e-09	0.0	0.016	0	79	0.225	382	J8273_1115	Carpediemonas membranifera	201153	0	Set1/Ash2 histone methyltransferase complex subunit ASH2	protista_other
A0A8J6CC86	unassigned	none	module	ryr.hmm matched only 59 profile positions (< 200) — a shared module, not a family assignment	0.0	44.4	44.4	1.0		2.5e-10	2.5e-10	0.0	0.012	0	59	0.26	439	KFE25_006082	Diacronema lutheri	2081491	0	EF-hand domain-containing protein	protista_other
A0A8J6CEB4	ITPR	medium	partial	itpr.hmm wins by 174.9 bits (44.7% of 391.0) over 980 profile positions	391.0	216.1	174.9	0.4473	1.6e-114	5e-62	1.6e-114	0.365	0.127	980	626	0.278	3716	KFE25_008124	Diacronema lutheri	2081491	0	Uncharacterized protein	protista_other
A0A8J6E239	unassigned	none	module	ryr.hmm matched only 64 profile positions (< 200) — a shared module, not a family assignment	0.0	34.8	34.8	1.0		1.9e-07	1.9e-07	0.0	0.013	0	64	0.628	113	J8273_4699	Carpediemonas membranifera	201153	0	Calmodulin-like protein	protista_other
A0A8J8NDT1	ITPR	medium	partial	itpr.hmm wins by 60.9 bits (21.5% of 283.0) over 260 profile positions	283.0	222.1	60.9	0.2152	5.6e-82	7.4e-64	5.6e-82	0.097	0.049	260	242	0.948	267	FGO68_gene15359	Halteria grandinella	5974	0	Ion transport domain-containing protein	protista_other
A0A8J8NK78	unassigned	none	module	ryr.hmm matched only 89 profile positions (< 200) — a shared module, not a family assignment	0.0	37.3	37.3	1.0		3.6e-08	3.6e-08	0.0	0.018	0	89	0.386	228	FGO68_gene7058	Halteria grandinella	5974	0	B30.2/SPRY domain-containing protein	protista_other
A0A8J8NPX7	unassigned	none	module	ryr.hmm matched only 59 profile positions (< 200) — a shared module, not a family assignment	0.0	40.8	40.8	1.0		3.1e-09	3.1e-09	0.0	0.012	0	59	0.253	459	FGO68_gene8048	Halteria grandinella	5974	0	non-specific serine/threonine protein kinase	protista_other
A0A8J8NRH0	unassigned	none	module	ryr.hmm matched only 59 profile positions (< 200) — a shared module, not a family assignment	0.0	30.3	30.3	1.0		4.6e-06	4.6e-06	0.0	0.012	0	59	0.711	166	FGO68_gene9658	Halteria grandinella	5974	0	EF-hand domain-containing protein	protista_other
A0A8J8NY23	unassigned	none	module	ryr.hmm matched only 59 profile positions (< 200) — a shared module, not a family assignment	0.0	43.4	43.4	1.0		5e-10	5e-10	0.0	0.012	0	59	0.355	487	FGO68_gene969	Halteria grandinella	5974	0	EF-hand domain-containing protein	protista_other
A0A8J8P032	unassigned	none	module	ryr.hmm matched only 74 profile positions (< 200) — a shared module, not a family assignment	0.0	45.7	45.7	1.0		1e-10	1e-10	0.0	0.015	0	74	0.253	513	FGO68_gene687	Halteria grandinella	5974	0	non-specific serine/threonine protein kinase	protista_other
A0A8J8SVQ3	ITPR	medium	partial	itpr.hmm wins by 83.1 bits (26.5% of 314.1) over 266 profile positions	314.1	231.0	83.1	0.2646	2.4e-91	1.5e-66	2.4e-91	0.099	0.051	266	251	0.847	308	FGO68_gene15268	Halteria grandinella	5974	0	Ion transport domain-containing protein	protista_other
A0A8J8SXM7	ITPR	medium	partial	itpr.hmm wins by 254.2 bits (45.4% of 559.4) over 851 profile positions	559.4	305.2	254.2	0.4544	2.8e-165	7e-89	2.8e-165	0.317	0.14	851	690	0.97	902	FGO68_gene7615	Halteria grandinella	5974	0	RyR/IP3R Homology associated domain-containing protein	protista_other
A0A8J8SXZ7	unassigned	none	module	itpr.hmm matched only 193 profile positions (< 200) — a shared module, not a family assignment	140.9	99.6	41.3	0.2931	3.7e-39	6.2e-27	3.7e-39	0.072	0.035	193	173	0.812	224	FGO68_gene1011	Halteria grandinella	5974	0	Ion transport domain-containing protein	protista_other
A0A8J8SYG1	unassigned	none	module	ryr.hmm matched only 64 profile positions (< 200) — a shared module, not a family assignment	0.0	32.8	32.8	1.0		7.9e-07	7.9e-07	0.0	0.013	0	64	0.816	152	FGO68_gene10885	Halteria grandinella	5974	0	Calmodulin	protista_other
A0A8J8SYJ5	ITPR	high	architecture	itpr.hmm wins by 198.5 bits (100.0% of 198.5) over 1935 profile positions; no ryr.hmm hit	198.5	0.0	198.5	1.0	1.7e-56		1.7e-56	0.721	0.0	1935	0	0.877	2767	FGO68_gene1012	Halteria grandinella	5974	0	Uncharacterized protein	protista_other
A0A8J8SZ35	unassigned	none	module	ryr.hmm matched only 69 profile positions (< 200) — a shared module, not a family assignment	0.0	57.9	57.9	1.0		2.2e-14	2.2e-14	0.0	0.014	0	69	0.872	149	FGO68_gene7106	Halteria grandinella	5974	0	Calmodulin	protista_other
A0A8J8T443	unassigned	none	module	ryr.hmm matched only 143 profile positions (< 200) — a shared module, not a family assignment	0.0	30.4	30.4	1.0		4.3e-06	4.3e-06	0.0	0.029	0	143	0.65	294	FGO68_gene14568	Halteria grandinella	5974	0	B30.2/SPRY domain-containing protein	protista_other
A0A8J8T4C1	unassigned	none	module	ryr.hmm matched only 59 profile positions (< 200) — a shared module, not a family assignment	0.0	30.6	30.6	1.0		3.6e-06	3.6e-06	0.0	0.012	0	59	0.444	243	FGO68_gene14906	Halteria grandinella	5974	0	EF-hand domain-containing protein	protista_other
A0A8J8T5A3	unassigned	none	module	ryr.hmm matched only 59 profile positions (< 200) — a shared module, not a family assignment	0.0	31.5	31.5	1.0		2e-06	2e-06	0.0	0.012	0	59	0.208	543	FGO68_gene3979	Halteria grandinella	5974	0	Calcium-dependent protein kinase 1	protista_other
A0A8J8T5B2	unassigned	none	module	ryr.hmm matched only 59 profile positions (< 200) — a shared module, not a family assignment	0.0	44.3	44.3	1.0		2.8e-10	2.8e-10	0.0	0.012	0	59	0.621	195	FGO68_gene16683	Halteria grandinella	5974	0	EF-hand domain-containing protein	protista_other
A0A8J8T5X0	unassigned	none	module	ryr.hmm matched only 128 profile positions (< 200) — a shared module, not a family assignment	0.0	46.0	46.0	1.0		8.5e-11	8.5e-11	0.0	0.026	0	128	0.227	565	FGO68_gene3104	Halteria grandinella	5974	0	B30.2/SPRY domain-containing protein	protista_other
A0A8K1C608	unassigned	none	module	ryr.hmm matched only 59 profile positions (< 200) — a shared module, not a family assignment	0.0	53.3	53.3	1.0		5.4e-13	5.4e-13	0.0	0.012	0	59	0.196	927	Poli38472_003010	Pythium oligandrum	41045	0	Serine/threonine-protein phosphatase	protista_other
A0A8K1C8H9	unassigned	none	module	ryr.hmm matched only 104 profile positions (< 200) — a shared module, not a family assignment	0.0	183.6	183.6	1.0		2.9e-52	2.9e-52	0.0	0.021	0	104	0.174	1147	Poli38472_013386	Pythium oligandrum	41045	0	Ryanodine-inositol 1,4,5-triphosphate receptor Ca2 channel (RIR-CaC) family protein	protista_other
A0A8K1C933	unassigned	none	module	ryr.hmm matched only 133 profile positions (< 200) — a shared module, not a family assignment	0.0	108.1	108.1	1.0		1.7e-29	1.7e-29	0.0	0.027	0	133	0.049	3990	Poli38472_010220	Pythium oligandrum	41045	0	HECT-type E3 ubiquitin transferase	protista_other
A0A8K1CC09	RYR	medium	partial	ryr.hmm wins by 123.9 bits (100.0% of 123.9) over 207 profile positions; no itpr.hmm hit	0.0	123.9	123.9	1.0		2.9e-34	2.9e-34	0.0	0.042	0	207	0.046	6335	Poli38472_000651	Pythium oligandrum	41045	0	Uncharacterized protein	protista_other
A0A8K1CHF8	unassigned	none	module	ryr.hmm matched only 138 profile positions (< 200) — a shared module, not a family assignment	0.0	94.9	94.9	1.0		1.6e-25	1.6e-25	0.0	0.028	0	138	0.091	2493	Poli38472_002236	Pythium oligandrum	41045	0	Uncharacterized protein	protista_other
A0A8K1CJ69	unassigned	none	module	ryr.hmm matched only 54 profile positions (< 200) — a shared module, not a family assignment	0.0	39.3	39.3	1.0		8.9e-09	8.9e-09	0.0	0.011	0	54	0.087	1952	Poli38472_014813	Pythium oligandrum	41045	0	EF-hand domain-containing protein	protista_other
A0A8K1CQC8	unassigned	none	module	ryr.hmm matched only 74 profile positions (< 200) — a shared module, not a family assignment	0.0	57.6	57.6	1.0		2.7e-14	2.7e-14	0.0	0.015	0	74	0.872	149	Poli38472_011309	Pythium oligandrum	41045	0	Calmodulin	protista_other
A0A8K1CQJ2	unassigned	none	module	ryr.hmm matched only 64 profile positions (< 200) — a shared module, not a family assignment	0.0	55.1	55.1	1.0		1.6e-13	1.6e-13	0.0	0.013	0	64	0.819	149	Poli38472_011310	Pythium oligandrum	41045	0	Calmodulin	protista_other
A0A8K1CUC2	unassigned	none	module	ryr.hmm matched only 123 profile positions (< 200) — a shared module, not a family assignment	0.0	100.0	100.0	1.0		4.5e-27	4.5e-27	0.0	0.025	0	123	0.218	588	Poli38472_005876	Pythium oligandrum	41045	0	Uncharacterized protein	protista_other
A0A8K1FAK7	RYR	medium	partial	ryr.hmm wins by 175.4 bits (100.0% of 175.4) over 232 profile positions; no itpr.hmm hit	0.0	175.4	175.4	1.0		8.9e-50	8.9e-50	0.0	0.047	0	232	0.174	1330	Poli38472_006350	Pythium oligandrum	41045	0	Ryanodine-inositol 1,4,5-triphosphate receptor Ca2 channel (RIR-CaC) family protein	protista_other
A0A8K1FBW1	unassigned	none	module	ryr.hmm matched only 59 profile positions (< 200) — a shared module, not a family assignment	0.0	46.3	46.3	1.0		6.7e-11	6.7e-11	0.0	0.012	0	59	0.209	559	Poli38472_006531	Pythium oligandrum	41045	0	Calmodulin	protista_other
A0A8K1FC08	unassigned	none	module	ryr.hmm matched only 108 profile positions (< 200) — a shared module, not a family assignment	0.0	174.4	174.4	1.0		1.7e-49	1.7e-49	0.0	0.022	0	108	0.145	1352	Poli38472_006681	Pythium oligandrum	41045	0	Uncharacterized protein	protista_other
A0A8K1FFZ7	unassigned	none	module	ryr.hmm matched only 59 profile positions (< 200) — a shared module, not a family assignment	0.0	38.8	38.8	1.0		1.2e-08	1.2e-08	0.0	0.012	0	59	0.135	2557	Poli38472_009713	Pythium oligandrum	41045	0	EF-hand domain-containing protein	protista_other
A0A8K1FGM3	unassigned	none	module	ryr.hmm matched only 123 profile positions (< 200) — a shared module, not a family assignment	0.0	93.3	93.3	1.0		4.9e-25	4.9e-25	0.0	0.025	0	123	0.608	255	Poli38472_013387	Pythium oligandrum	41045	0	Ryanodine receptor Ryr domain-containing protein	protista_other
A0A8K1FGR8	ITPR	medium	partial	itpr.hmm wins by 486.1 bits (66.3% of 733.3) over 923 profile positions	733.3	247.2	486.1	0.6629	1e-217	2e-71	1e-217	0.344	0.112	923	552	0.892	1269	Poli38472_000341	Pythium oligandrum	41045	0	Ion transport domain-containing protein	protista_other
A0A8K1FIR1	unassigned	none	module	ryr.hmm matched only 59 profile positions (< 200) — a shared module, not a family assignment	0.0	47.1	47.1	1.0		4e-11	4e-11	0.0	0.012	0	59	0.198	1194	Poli38472_014468	Pythium oligandrum	41045	0	EF-hand domain-containing protein	protista_other
A0A8K1FJ16	unassigned	none	module	itpr.hmm matched only 193 profile positions (< 200) — a shared module, not a family assignment	127.1	0.0	127.1	1.0	5.7e-35		5.7e-35	0.072	0.0	193	0	0.64	339	Poli38472_000340	Pythium oligandrum	41045	0	Inositol 1,4,5-trisphosphate/ryanodine receptor domain-containing protein	protista_other
A0A8K1FLU8	RYR	medium	partial	ryr.hmm wins by 127.0 bits (100.0% of 127.0) over 217 profile positions; no itpr.hmm hit	0.0	127.0	127.0	1.0		3.4e-35	3.4e-35	0.0	0.044	0	217	0.289	768	Poli38472_005661	Pythium oligandrum	41045	0	Non-specific serine/threonine protein kinase	protista_other
A0A8K1FLW8	unassigned	none	module	ryr.hmm matched only 59 profile positions (< 200) — a shared module, not a family assignment	0.0	31.1	31.1	1.0		2.6e-06	2.6e-06	0.0	0.012	0	59	0.17	687	Poli38472_002044	Pythium oligandrum	41045	0	EF-hand domain-containing protein	protista_other
A0A8S1JML9	ITPR	high	architecture	itpr.hmm wins by 251.7 bits (69.0% of 364.5) over 2477 profile positions	364.5	112.8	251.7	0.6905	1.5e-106	6.4e-31	1.5e-106	0.923	0.162	2477	799	0.976	3131	PPRIM_AZ9-3.1.T0040210	Paramecium primaurelia	5886	0	Uncharacterized protein	protista_other
A0A8S1JNB6	unassigned	none	module	best profile score 29.3 < 30 bits	0.0	29.3	29.3	1.0		8.8e-06	8.8e-06	0.0	0.013	0	64	0.256	472	PPRIM_AZ9-3.1.T0040429	Paramecium primaurelia	5886	0	Calcium-dependent protein kinase 1	protista_other
A0A8S1JRU7	ITPR	high	architecture	itpr.hmm wins by 429.3 bits (71.4% of 601.6) over 2499 profile positions	601.6	172.3	429.3	0.7136	5.3e-178	7.4e-49	5.3e-178	0.931	0.128	2499	631	0.989	3043	PPRIM_AZ9-3.1.T0080490	Paramecium primaurelia	5886	0	MIR domain-containing protein	protista_other
A0A8S1JS52	ITPR	high	architecture	itpr.hmm wins by 238.9 bits (67.8% of 352.6) over 2472 profile positions	352.6	113.7	238.9	0.6775	6.1e-103	3.4e-31	6.1e-103	0.921	0.156	2472	769	0.975	3132	PPRIM_AZ9-3.1.T0080434	Paramecium primaurelia	5886	0	Uncharacterized protein	protista_other
A0A8S1JTH6	ITPR	high	architecture	itpr.hmm wins by 649.3 bits (75.5% of 860.0) over 2536 profile positions	860.0	210.7	649.3	0.755	6.6e-256	2e-60	6.6e-256	0.945	0.212	2536	1045	0.995	2925	PPRIM_AZ9-3.1.T0050545	Paramecium primaurelia	5886	0	MIR domain-containing protein	protista_other
A0A8S1K148	unassigned	none	module	ryr.hmm matched only 64 profile positions (< 200) — a shared module, not a family assignment	0.0	31.3	31.3	1.0		2.3e-06	2.3e-06	0.0	0.013	0	64	0.254	472	PPRIM_AZ9-3.1.T0120326	Paramecium primaurelia	5886	0	Calcium-dependent protein kinase 1	protista_other
A0A8S1K2E8	ITPR	high	architecture	itpr.hmm wins by 291.8 bits (61.6% of 473.4) over 2561 profile positions	473.4	181.6	291.8	0.6164	2.3e-139	1.2e-51	2.3e-139	0.954	0.167	2561	823	0.986	2666	PPRIM_AZ9-3.1.T0080062	Paramecium primaurelia	5886	0	Uncharacterized protein	protista_other
A0A8S1K2N6	unassigned	none	module	best profile score 29.3 < 30 bits	0.0	29.3	29.3	1.0		8.8e-06	8.8e-06	0.0	0.013	0	64	0.256	472	PPRIM_AZ9-3.1.T0080152	Paramecium primaurelia	5886	0	Calcium-dependent protein kinase 1	protista_other
A0A8S1K505	ITPR	high	architecture	itpr.hmm wins by 271.6 bits (64.7% of 419.8) over 2561 profile positions	419.8	148.2	271.6	0.647	3.4e-123	1.4e-41	3.4e-123	0.954	0.189	2561	932	0.986	2669	PSON_ATCC_30995.1.T0050015	Paramecium sonneborni	65129	0	Uncharacterized protein	protista_other
A0A8S1K961	ITPR	high	architecture	itpr.hmm wins by 624.2 bits (74.7% of 835.7) over 2539 profile positions	835.7	211.5	624.2	0.7469	1.4e-248	1.1e-60	1.4e-248	0.946	0.233	2539	1149	0.996	2948	PSON_ATCC_30995.1.T0030559	Paramecium sonneborni	65129	0	MIR domain-containing protein	protista_other
A0A8S1KAQ5	ITPR	high	architecture	itpr.hmm wins by 430.9 bits (72.1% of 597.3) over 2501 profile positions	597.3	166.4	430.9	0.7214	1e-176	4.4e-47	1e-176	0.932	0.129	2501	636	0.989	3042	PSON_ATCC_30995.1.T0070052	Paramecium sonneborni	65129	0	MIR domain-containing protein	protista_other
A0A8S1KEK2	ITPR	high	architecture	itpr.hmm wins by 255.2 bits (61.5% of 414.7) over 2561 profile positions	414.7	159.5	255.2	0.6154	1.1e-121	5.5e-45	1.1e-121	0.954	0.184	2561	907	0.986	2659	PSON_ATCC_30995.1.T0040010	Paramecium sonneborni	65129	0	Uncharacterized protein	protista_other
A0A8S1KHB0	ITPR	high	architecture	itpr.hmm wins by 309.9 bits (63.8% of 485.5) over 2561 profile positions	485.5	175.6	309.9	0.6383	5.3e-143	7.9e-50	5.3e-143	0.954	0.154	2561	759	0.986	2666	PSON_ATCC_30995.1.T0070488	Paramecium sonneborni	65129	0	Uncharacterized protein	protista_other
A0A8S1KKT6	unassigned	none	module	ryr.hmm matched only 64 profile positions (< 200) — a shared module, not a family assignment	0.0	31.5	31.5	1.0		2e-06	2e-06	0.0	0.013	0	64	0.256	473	PPRIM_AZ9-3.1.T0200352	Paramecium primaurelia	5886	0	Calcium-dependent protein kinase 1	protista_other
A0A8S1KMX0	ITPR	high	architecture	itpr.hmm wins by 494.6 bits (72.4% of 683.6) over 2609 profile positions	683.6	189.0	494.6	0.7235	1e-202	7.1e-54	1e-202	0.972	0.209	2609	1030	0.999	3001	PPRIM_AZ9-3.1.T0250006	Paramecium primaurelia	5886	0	MIR domain-containing protein	protista_other
A0A8S1KPN8	ITPR	high	architecture	itpr.hmm wins by 219.1 bits (64.0% of 342.2) over 2472 profile positions	342.2	123.1	219.1	0.6403	8e-100	5e-34	8e-100	0.921	0.123	2472	606	0.978	3124	PSON_ATCC_30995.1.T0070109	Paramecium sonneborni	65129	0	Uncharacterized protein	protista_other
A0A8S1KQY9	ITPR	high	architecture	itpr.hmm wins by 551.3 bits (73.6% of 749.4) over 2504 profile positions	749.4	198.1	551.3	0.7357	1.5e-222	1.3e-56	1.5e-222	0.933	0.212	2504	1045	0.983	3009	PPRIM_AZ9-3.1.T0230042	Paramecium primaurelia	5886	0	Uncharacterized protein	protista_other
A0A8S1KSU7	ITPR	high	architecture	itpr.hmm wins by 480.7 bits (77.2% of 623.0) over 2437 profile positions	623.0	142.3	480.7	0.7716	1.9e-184	8.4e-40	1.9e-184	0.908	0.159	2437	784	0.989	2834	PPRIM_AZ9-3.1.T0270236	Paramecium primaurelia	5886	0	Uncharacterized protein	protista_other
A0A8S1KU60	ITPR	high	architecture	itpr.hmm wins by 194.2 bits (58.9% of 329.9) over 2115 profile positions	329.9	135.7	194.2	0.5887	4.1e-96	7.9e-38	4.1e-96	0.788	0.162	2115	799	0.877	2682	PPRIM_AZ9-3.1.T0280013	Paramecium primaurelia	5886	0	MIR domain protein	protista_other
A0A8S1KUZ1	unassigned	none	module	best profile score 29.8 < 30 bits	0.0	29.8	29.8	1.0		6.6e-06	6.6e-06	0.0	0.013	0	64	0.733	165	PSON_ATCC_30995.1.T0120317	Paramecium sonneborni	65129	0	Calmodulin	protista_other
A0A8S1L0A5	unassigned	none	module	ryr.hmm matched only 64 profile positions (< 200) — a shared module, not a family assignment	0.0	32.7	32.7	1.0		8.3e-07	8.3e-07	0.0	0.013	0	64	0.254	472	PSON_ATCC_30995.1.T0130349	Paramecium sonneborni	65129	0	Calcium-dependent protein kinase 1	protista_other
A0A8S1L0V2	ITPR	high	architecture	itpr.hmm wins by 501.5 bits (77.7% of 645.6) over 2397 profile positions	645.6	144.1	501.5	0.7768	2.8e-191	2.3e-40	2.8e-191	0.893	0.131	2397	646	0.974	2834	PPRIM_AZ9-3.1.T0300161	Paramecium primaurelia	5886	0	MIR domain protein	protista_other
A0A8S1L1J9	unassigned	none	module	ryr.hmm matched only 64 profile positions (< 200) — a shared module, not a family assignment	0.0	32.7	32.7	1.0		8.3e-07	8.3e-07	0.0	0.013	0	64	0.254	472	PSON_ATCC_30995.1.T0100377	Paramecium sonneborni	65129	0	Calcium-dependent protein kinase 1	protista_other
A0A8S1L1R8	ITPR	high	architecture	itpr.hmm wins by 464.5 bits (62.0% of 749.6) over 2574 profile positions	749.6	285.1	464.5	0.6197	1.3e-222	8.1e-83	1.3e-222	0.959	0.221	2574	1090	1.0	2974	PPRIM_AZ9-3.1.T0280348	Paramecium primaurelia	5886	0	Uncharacterized protein	protista_other
A0A8S1L357	unassigned	none	module	ryr.hmm matched only 79 profile positions (< 200) — a shared module, not a family assignment	0.0	43.0	43.0	1.0		6.9e-10	6.9e-10	0.0	0.016	0	79	0.477	174	PPRIM_AZ9-3.1.T0320248	Paramecium primaurelia	5886	0	B30.2/SPRY domain-containing protein	protista_other
A0A8S1L3C5	ITPR	high	architecture	itpr.hmm wins by 533.1 bits (73.2% of 728.6) over 2504 profile positions	728.6	195.5	533.1	0.7317	2.7e-216	7.7e-56	2.7e-216	0.933	0.216	2504	1065	0.983	3016	PSON_ATCC_30995.1.T0160398	Paramecium sonneborni	65129	0	Uncharacterized protein	protista_other
A0A8S1L5H6	ITPR	high	architecture	itpr.hmm wins by 513.4 bits (72.8% of 705.0) over 2590 profile positions	705.0	191.6	513.4	0.7282	3.6e-209	1.2e-54	3.6e-209	0.965	0.207	2590	1021	0.993	2982	PSON_ATCC_30995.1.T0170015	Paramecium sonneborni	65129	0	MIR domain-containing protein	protista_other
A0A8S1L6P3	ITPR	high	architecture	itpr.hmm wins by 301.3 bits (69.2% of 435.1) over 2107 profile positions	435.1	133.8	301.3	0.6925	8.1e-128	2.9e-37	8.1e-128	0.785	0.206	2107	1016	0.833	3122	PPRIM_AZ9-3.1.T0310186	Paramecium primaurelia	5886	0	Uncharacterized protein	protista_other
A0A8S1L7R5	ITPR	high	architecture	itpr.hmm wins by 290.6 bits (62.1% of 468.2) over 2561 profile positions	468.2	177.6	290.6	0.6207	8.7e-138	1.9e-50	8.7e-138	0.954	0.153	2561	754	0.986	2663	PSON_ATCC_30995.1.T0150421	Paramecium sonneborni	65129	0	Uncharacterized protein	protista_other
A0A8S1L9N3	ITPR	high	architecture	itpr.hmm wins by 497.3 bits (77.5% of 641.3) over 2088 profile positions	641.3	144.0	497.3	0.7755	5.7e-190	2.5e-40	5.7e-190	0.778	0.148	2088	730	0.856	2831	PSON_ATCC_30995.1.T0190186	Paramecium sonneborni	65129	0	MIR domain protein	protista_other
A0A8S1LA31	ITPR	high	architecture	itpr.hmm wins by 158.1 bits (55.2% of 286.2) over 2120 profile positions	286.2	128.1	158.1	0.5524	6e-83	1.6e-35	6e-83	0.79	0.08	2120	394	0.864	2771	PPRIM_AZ9-3.1.T0320075	Paramecium primaurelia	5886	0	RyR/IP3R Homology associated domain-containing protein	protista_other
A0A8S1LD01	ITPR	high	architecture	itpr.hmm wins by 347.5 bits (71.4% of 487.0) over 2413 profile positions	487.0	139.5	347.5	0.7136	1.8e-143	5.6e-39	1.8e-143	0.899	0.181	2413	892	0.929	2704	PPRIM_AZ9-3.1.T0380196	Paramecium primaurelia	5886	0	MIR domain protein	protista_other
A0A8S1LDJ1	ITPR	high	architecture	itpr.hmm wins by 206.0 bits (64.0% of 321.9) over 2563 profile positions	321.9	115.9	206.0	0.64	1e-93	7.3e-32	1e-93	0.955	0.165	2563	813	0.961	3424	PSON_ATCC_30995.1.T0150056	Paramecium sonneborni	65129	0	Uncharacterized protein	protista_other
A0A8S1LDX7	unassigned	none	module	itpr.hmm matched only 67 profile positions (< 200) — a shared module, not a family assignment	58.5	0.0	58.5	1.0	2.6e-14		2.6e-14	0.025	0.0	67	0	0.823	79	PSON_ATCC_30995.1.T0190190	Paramecium sonneborni	65129	0	Uncharacterized protein	protista_other
A0A8S1LEV5	ITPR	high	architecture	itpr.hmm wins by 514.1 bits (73.1% of 703.5) over 2609 profile positions	703.5	189.4	514.1	0.7308	1e-208	5.5e-54	1e-208	0.972	0.191	2609	942	0.999	2981	PSON_ATCC_30995.1.T0220006	Paramecium sonneborni	65129	0	MIR domain-containing protein	protista_other
A0A8S1LF51	unassigned	none	module	best profile score 29.3 < 30 bits	0.0	29.3	29.3	1.0		8.8e-06	8.8e-06	0.0	0.013	0	64	0.256	472	PSON_ATCC_30995.1.T0150333	Paramecium sonneborni	65129	0	Calcium-dependent protein kinase 1	protista_other
A0A8S1LIM4	ITPR	high	architecture	itpr.hmm wins by 556.8 bits (76.0% of 732.2) over 2426 profile positions	732.2	175.4	556.8	0.7604	2.3e-217	8.7e-50	2.3e-217	0.904	0.162	2426	799	0.986	2737	PPRIM_AZ9-3.1.T0410034	Paramecium primaurelia	5886	0	Uncharacterized protein	protista_other
A0A8S1LJY2	ITPR	medium	partial	itpr.hmm wins by 195.4 bits (59.3% of 329.4) over 794 profile positions	329.4	134.0	195.4	0.5932	5.7e-96	2.6e-37	5.7e-96	0.296	0.075	794	370	0.87	1081	PPRIM_AZ9-3.1.T0400141	Paramecium primaurelia	5886	0	MIR domain protein	protista_other
A0A8S1LL04	ITPR	medium	partial	itpr.hmm wins by 83.0 bits (100.0% of 83.0) over 440 profile positions; no ryr.hmm hit	83.0	0.0	83.0	1.0	1.1e-21		1.1e-21	0.164	0.0	440	0	0.457	1220	PPRIM_AZ9-3.1.T0400139	Paramecium primaurelia	5886	0	Inositol 1,4,5-trisphosphate/ryanodine receptor domain-containing protein	protista_other
A0A8S1LMP6	ITPR	high	architecture	itpr.hmm wins by 214.2 bits (62.4% of 343.1) over 2150 profile positions	343.1	128.9	214.2	0.6243	4.5e-100	9.2e-36	4.5e-100	0.801	0.151	2150	744	0.888	2694	PSON_ATCC_30995.1.T0230019	Paramecium sonneborni	65129	0	MIR domain protein	protista_other
A0A8S1LP49	ITPR	high	architecture	itpr.hmm wins by 193.2 bits (60.0% of 321.9) over 1543 profile positions	321.9	128.7	193.2	0.6002	1.1e-93	1e-35	1.1e-93	0.575	0.074	1543	365	0.939	2038	PPRIM_AZ9-3.1.T0400138	Paramecium primaurelia	5886	0	MIR domain protein	protista_other
A0A8S1LP58	ITPR	medium	partial	itpr.hmm wins by 82.4 bits (100.0% of 82.4) over 564 profile positions; no ryr.hmm hit	82.4	0.0	82.4	1.0	1.7e-21		1.7e-21	0.21	0.0	564	0	0.733	881	PPRIM_AZ9-3.1.T0400143	Paramecium primaurelia	5886	0	Inositol 1,4,5-trisphosphate/ryanodine receptor domain-containing protein	protista_other
A0A8S1LPC9	ITPR	high	architecture	itpr.hmm wins by 182.0 bits (61.6% of 295.5) over 1527 profile positions	295.5	113.5	182.0	0.6159	9.5e-86	4e-31	9.5e-86	0.569	0.16	1527	789	0.629	2623	PSON_ATCC_30995.1.T0240029	Paramecium sonneborni	65129	0	MIR domain protein	protista_other
A0A8S1LRF7	ITPR	high	architecture	itpr.hmm wins by 467.2 bits (62.4% of 748.8) over 2579 profile positions	748.8	281.6	467.2	0.6239	2.2e-222	9.2e-82	2.2e-222	0.961	0.224	2579	1104	0.996	2977	PSON_ATCC_30995.1.T0240380	Paramecium sonneborni	65129	0	MIR motif	protista_other
A0A8S1LRK6	unassigned	none	module	ryr.hmm matched only 104 profile positions (< 200) — a shared module, not a family assignment	0.0	34.3	34.3	1.0		2.8e-07	2.8e-07	0.0	0.021	0	104	0.307	355	PSON_ATCC_30995.1.T0270152	Paramecium sonneborni	65129	0	B30.2/SPRY domain-containing protein	protista_other
A0A8S1LTI1	ITPR	high	architecture	itpr.hmm wins by 504.7 bits (73.0% of 691.8) over 2469 profile positions	691.8	187.1	504.7	0.7295	3.4e-205	2.6e-53	3.4e-205	0.92	0.244	2469	1203	0.986	2888	PPRIM_AZ9-3.1.T0430105	Paramecium primaurelia	5886	0	Uncharacterized protein	protista_other
A0A8S1LTU3	unassigned	none	module	itpr.hmm matched only 188 profile positions (< 200) — a shared module, not a family assignment	56.5	0.0	56.5	1.0	1.1e-13		1.1e-13	0.07	0.0	188	0	0.822	276	PPRIM_AZ9-3.1.T0460189	Paramecium primaurelia	5886	0	Inositol 1,4,5-trisphosphate/ryanodine receptor domain-containing protein	protista_other
A0A8S1LUH9	ITPR	high	architecture	itpr.hmm wins by 502.6 bits (72.1% of 696.8) over 2416 profile positions	696.8	194.2	502.6	0.7213	1e-206	1.9e-55	1e-206	0.9	0.2	2416	986	0.985	2889	PPRIM_AZ9-3.1.T0460190	Paramecium primaurelia	5886	0	Uncharacterized protein	protista_other
A0A8S1LVR4	ITPR	high	architecture	itpr.hmm wins by 564.6 bits (77.5% of 728.3) over 2434 profile positions	728.3	163.7	564.6	0.7752	3.3e-216	3e-46	3.3e-216	0.907	0.179	2434	882	0.989	2733	PSON_ATCC_30995.1.T0260356	Paramecium sonneborni	65129	0	Uncharacterized protein	protista_other
A0A8S1LVY3	ITPR	high	architecture	itpr.hmm wins by 490.6 bits (63.7% of 770.7) over 2579 profile positions	770.7	280.1	490.6	0.6366	5.7e-229	2.6e-81	5.7e-229	0.961	0.202	2579	996	1.0	2973	PPRIM_AZ9-3.1.T0450076	Paramecium primaurelia	5886	0	Uncharacterized protein	protista_other
A0A8S1M1S8	ITPR	high	architecture	itpr.hmm wins by 511.3 bits (79.9% of 639.8) over 2182 profile positions	639.8	128.5	511.3	0.7992	1.6e-189	1.2e-35	1.6e-189	0.813	0.14	2182	690	0.881	3162	PSON_ATCC_30995.1.T0320246	Paramecium sonneborni	65129	0	Uncharacterized protein	protista_other
A0A8S1M577	ITPR	high	architecture	itpr.hmm wins by 562.2 bits (76.9% of 730.9) over 2437 profile positions	730.9	168.7	562.2	0.7692	5.5e-217	9.3e-48	5.5e-217	0.908	0.132	2437	651	0.99	2730	PSON_ATCC_30995.1.T0320343	Paramecium sonneborni	65129	0	Uncharacterized protein	protista_other
A0A8S1M6T5	unassigned	none	module	ryr.hmm matched only 79 profile positions (< 200) — a shared module, not a family assignment	0.0	43.8	43.8	1.0		3.9e-10	3.9e-10	0.0	0.016	0	79	0.477	174	PPRIM_AZ9-3.1.T0540226	Paramecium primaurelia	5886	0	B30.2/SPRY domain-containing protein	protista_other
A0A8S1MBK9	ITPR	high	architecture	itpr.hmm wins by 152.4 bits (57.4% of 265.5) over 1347 profile positions	265.5	113.1	152.4	0.574	1.1e-76	5.1e-31	1.1e-76	0.502	0.07	1347	345	0.587	2780	PPRIM_AZ9-3.1.T0540046	Paramecium primaurelia	5886	0	Uncharacterized protein	protista_other
A0A8S1MBP9	ITPR	high	architecture	itpr.hmm wins by 159.4 bits (55.0% of 289.6) over 2244 profile positions	289.6	130.2	159.4	0.5504	5.8e-84	3.6e-36	5.8e-84	0.836	0.072	2244	355	0.971	2775	PPRIM_AZ9-3.1.T0540055	Paramecium primaurelia	5886	0	RyR/IP3R Homology associated domain-containing protein	protista_other
A0A8S1MDC1	ITPR	high	architecture	itpr.hmm wins by 375.0 bits (71.6% of 523.8) over 2319 profile positions	523.8	148.8	375.0	0.7159	1.5e-154	8.8e-42	1.5e-154	0.864	0.173	2319	853	0.91	2707	PSON_ATCC_30995.1.T0370224	Paramecium sonneborni	65129	0	MIR domain protein	protista_other
A0A8S1MG90	unassigned	none	module	ryr.hmm matched only 64 profile positions (< 200) — a shared module, not a family assignment	0.0	30.8	30.8	1.0		3.2e-06	3.2e-06	0.0	0.013	0	64	0.241	498	PPRIM_AZ9-3.1.T0620019	Paramecium primaurelia	5886	0	Calcium-dependent protein kinase 1	protista_other
A0A8S1MHM6	ITPR	high	architecture	itpr.hmm wins by 125.5 bits (51.3% of 244.8) over 2212 profile positions	244.8	119.3	125.5	0.5127	1.8e-70	7e-33	1.8e-70	0.824	0.069	2212	340	0.947	2766	PSON_ATCC_30995.1.T0400063	Paramecium sonneborni	65129	0	RyR/IP3R Homology associated domain-containing protein	protista_other
A0A8S1MIA9	ITPR	high	architecture	itpr.hmm wins by 558.3 bits (72.0% of 775.5) over 2520 profile positions	775.5	217.2	558.3	0.7199	2e-230	2.3e-62	2e-230	0.939	0.307	2520	1514	0.991	2847	PPRIM_AZ9-3.1.T0630161	Paramecium primaurelia	5886	0	MIR domain protein	protista_other
A0A8S1MKS7	ITPR	high	architecture	itpr.hmm wins by 438.3 bits (75.9% of 577.1) over 2298 profile positions	577.1	138.8	438.3	0.7595	1.3e-170	9.4e-39	1.3e-170	0.856	0.182	2298	897	0.847	3360	PSON_ATCC_30995.1.T0360208	Paramecium sonneborni	65129	0	MIR domain protein	protista_other
A0A8S1MMN7	ITPR	high	architecture	itpr.hmm wins by 487.3 bits (76.5% of 636.7) over 2488 profile positions	636.7	149.4	487.3	0.7654	1.4e-188	5.8e-42	1.4e-188	0.927	0.116	2488	572	0.977	2827	PSON_ATCC_30995.1.T0340200	Paramecium sonneborni	65129	0	MIR domain protein	protista_other
A0A8S1MP22	unassigned	none	module	ryr.hmm matched only 54 profile positions (< 200) — a shared module, not a family assignment	0.0	35.8	35.8	1.0		1e-07	1e-07	0.0	0.011	0	54	0.245	458	PSON_ATCC_30995.1.T0350091	Paramecium sonneborni	65129	0	Protein kinase domain containing protein	protista_other
A0A8S1MQ99	ITPR	high	architecture	itpr.hmm wins by 153.4 bits (54.3% of 282.4) over 2185 profile positions	282.4	129.0	153.4	0.5432	8.3e-82	8.5e-36	8.3e-82	0.814	0.075	2185	370	0.951	2766	PSON_ATCC_30995.1.T0420090	Paramecium sonneborni	65129	0	RyR/IP3R Homology associated domain-containing protein	protista_other
A0A8S1MRK5	ITPR	high	architecture	itpr.hmm wins by 280.6 bits (69.1% of 406.1) over 2327 profile positions	406.1	125.5	280.6	0.691	4.4e-119	9.4e-35	4.4e-119	0.867	0.168	2327	828	0.91	3133	PSON_ATCC_30995.1.T0410169	Paramecium sonneborni	65129	0	Uncharacterized protein	protista_other
A0A8S1MRM3	unassigned	none	module	ryr.hmm matched only 64 profile positions (< 200) — a shared module, not a family assignment	0.0	31.9	31.9	1.0		1.5e-06	1.5e-06	0.0	0.013	0	64	0.819	144	PPRIM_AZ9-3.1.T0580151	Paramecium primaurelia	5886	0	Calmodulin	protista_other
A0A8S1MSB6	ITPR	high	architecture	itpr.hmm wins by 160.5 bits (56.1% of 286.2) over 1683 profile positions	286.2	125.7	160.5	0.5608	6.4e-83	8.3e-35	6.4e-83	0.627	0.074	1683	365	0.757	2777	PSON_ATCC_30995.1.T0400071	Paramecium sonneborni	65129	0	RyR/IP3R Homology associated domain-containing protein	protista_other
A0A8S1MUN7	unassigned	none	module	ryr.hmm matched only 79 profile positions (< 200) — a shared module, not a family assignment	0.0	44.2	44.2	1.0		3e-10	3e-10	0.0	0.016	0	79	0.477	174	PSON_ATCC_30995.1.T0400257	Paramecium sonneborni	65129	0	B30.2/SPRY domain-containing protein	protista_other
A0A8S1MVH7	unassigned	none	module	best profile score 29.6 < 30 bits	0.0	29.6	29.6	1.0		7.3e-06	7.3e-06	0.0	0.018	0	89	0.252	365	PPRIM_AZ9-3.1.T0730150	Paramecium primaurelia	5886	0	B30.2/SPRY domain-containing protein	protista_other
A0A8S1N1P6	unassigned	none	module	ryr.hmm matched only 59 profile positions (< 200) — a shared module, not a family assignment	0.0	34.9	34.9	1.0		1.9e-07	1.9e-07	0.0	0.012	0	59	0.235	497	PPRIM_AZ9-3.1.T0770082	Paramecium primaurelia	5886	0	Calcium-dependent protein kinase 1	protista_other
A0A8S1N287	unassigned	none	module	ryr.hmm matched only 113 profile positions (< 200) — a shared module, not a family assignment	0.0	32.8	32.8	1.0		8.2e-07	8.2e-07	0.0	0.023	0	113	0.281	395	PPRIM_AZ9-3.1.T0750097	Paramecium primaurelia	5886	0	B30.2/SPRY domain-containing protein	protista_other
A0A8S1N2W9	unassigned	none	module	ryr.hmm matched only 64 profile positions (< 200) — a shared module, not a family assignment	0.0	31.5	31.5	1.0		2e-06	2e-06	0.0	0.013	0	64	0.256	473	PPRIM_AZ9-3.1.T0760057	Paramecium primaurelia	5886	0	Calcium-dependent protein kinase 1	protista_other
A0A8S1N3J2	ITPR	high	architecture	itpr.hmm wins by 288.7 bits (69.4% of 415.8) over 2204 profile positions	415.8	127.1	288.7	0.6943	5.5e-122	3.1e-35	5.5e-122	0.821	0.152	2204	749	0.865	3131	PSON_ATCC_30995.1.T0510171	Paramecium sonneborni	65129	0	Uncharacterized protein	protista_other
A0A8S1N4L9	unassigned	none	module	ryr.hmm matched only 59 profile positions (< 200) — a shared module, not a family assignment	0.0	54.9	54.9	1.0		1.7e-13	1.7e-13	0.0	0.012	0	59	0.785	149	PSON_ATCC_30995.1.T0470161	Paramecium sonneborni	65129	0	Calmodulin	protista_other
A0A8S1N6K0	unassigned	none	module	ryr.hmm matched only 59 profile positions (< 200) — a shared module, not a family assignment	0.0	34.8	34.8	1.0		1.9e-07	1.9e-07	0.0	0.012	0	59	0.235	497	PPRIM_AZ9-3.1.T0820149	Paramecium primaurelia	5886	0	Calcium-dependent protein kinase 1	protista_other
A0A8S1NC54	unassigned	none	module	ryr.hmm matched only 59 profile positions (< 200) — a shared module, not a family assignment	0.0	40.8	40.8	1.0		3.2e-09	3.2e-09	0.0	0.012	0	59	0.24	470	PSON_ATCC_30995.1.T0460177	Paramecium sonneborni	65129	0	Calcium-dependent protein kinase 1	protista_other
A0A8S1NC83	ITPR	high	architecture	itpr.hmm wins by 496.2 bits (71.9% of 690.6) over 2534 profile positions	690.6	194.4	496.2	0.7185	7.8e-205	1.7e-55	7.8e-205	0.944	0.198	2534	976	0.992	2892	PSON_ATCC_30995.1.T0500118	Paramecium sonneborni	65129	0	Uncharacterized protein	protista_other
A0A8S1NDF5	unassigned	none	module	ryr.hmm matched only 64 profile positions (< 200) — a shared module, not a family assignment	0.0	30.5	30.5	1.0		3.9e-06	3.9e-06	0.0	0.013	0	64	0.239	498	PPRIM_AZ9-3.1.T0800020	Paramecium primaurelia	5886	0	Calcium-dependent protein kinase 1	protista_other
A0A8S1NIF7	ITPR	high	architecture	itpr.hmm wins by 362.5 bits (68.5% of 529.4) over 2461 profile positions	529.4	166.9	362.5	0.6847	3.1e-156	3.3e-47	3.1e-156	0.917	0.239	2461	1178	0.938	2590	PPRIM_AZ9-3.1.T0920010	Paramecium primaurelia	5886	0	Uncharacterized protein	protista_other
A0A8S1NKE6	unassigned	none	module	ryr.hmm matched only 104 profile positions (< 200) — a shared module, not a family assignment	0.0	33.0	33.0	1.0		6.9e-07	6.9e-07	0.0	0.021	0	104	0.304	355	PSON_ATCC_30995.1.T0560126	Paramecium sonneborni	65129	0	B30.2/SPRY domain-containing protein	protista_other
A0A8S1NKU8	unassigned	none	module	ryr.hmm matched only 108 profile positions (< 200) — a shared module, not a family assignment	0.0	32.9	32.9	1.0		7.5e-07	7.5e-07	0.0	0.022	0	108	0.312	356	PPRIM_AZ9-3.1.T0940107	Paramecium primaurelia	5886	0	Uncharacterized protein	protista_other
A0A8S1NLG3	unassigned	none	module	best profile score 29.8 < 30 bits	0.0	29.8	29.8	1.0		6.5e-06	6.5e-06	0.0	0.013	0	64	0.254	473	PPRIM_AZ9-3.1.T0900041	Paramecium primaurelia	5886	0	Calcium-dependent protein kinase 1	protista_other
A0A8S1NS63	ITPR	high	architecture	itpr.hmm wins by 460.3 bits (61.9% of 744.2) over 2590 profile positions	744.2	283.9	460.3	0.6185	5.5e-221	1.8e-82	5.5e-221	0.965	0.188	2590	927	0.998	2979	PSON_ATCC_30995.1.T0540302	Paramecium sonneborni	65129	0	MIR motif	protista_other
A0A8S1NUC4	ITPR	high	architecture	itpr.hmm wins by 361.2 bits (68.2% of 529.9) over 2595 profile positions	529.9	168.7	361.2	0.6816	2.1e-156	8.9e-48	2.1e-156	0.967	0.2	2595	986	0.998	2589	PPRIM_AZ9-3.1.T1020182	Paramecium primaurelia	5886	0	Uncharacterized protein	protista_other
A0A8S1NVQ6	unassigned	none	module	ryr.hmm matched only 59 profile positions (< 200) — a shared module, not a family assignment	0.0	40.0	40.0	1.0		5.3e-09	5.3e-09	0.0	0.012	0	59	0.243	470	PPRIM_AZ9-3.1.T0930153	Paramecium primaurelia	5886	0	Calcium-dependent protein kinase 1	protista_other
A0A8S1NVX5	unassigned	none	module	ryr.hmm matched only 59 profile positions (< 200) — a shared module, not a family assignment	0.0	34.6	34.6	1.0		2.2e-07	2.2e-07	0.0	0.012	0	59	0.236	496	PSON_ATCC_30995.1.T0640186	Paramecium sonneborni	65129	0	Calcium-dependent protein kinase 1	protista_other
A0A8S1NYE0	unassigned	none	module	ryr.hmm matched only 59 profile positions (< 200) — a shared module, not a family assignment	0.0	43.1	43.1	1.0		6.1e-10	6.1e-10	0.0	0.012	0	59	0.243	470	PPRIM_AZ9-3.1.T1010083	Paramecium primaurelia	5886	0	Calcium-dependent protein kinase 1	protista_other
A0A8S1P340	unassigned	none	module	ryr.hmm matched only 59 profile positions (< 200) — a shared module, not a family assignment	0.0	34.9	34.9	1.0		1.8e-07	1.8e-07	0.0	0.012	0	59	0.232	496	PSON_ATCC_30995.1.T0680149	Paramecium sonneborni	65129	0	Calcium-dependent protein kinase 1	protista_other
A0A8S1P801	unassigned	none	module	ryr.hmm matched only 104 profile positions (< 200) — a shared module, not a family assignment	0.0	34.2	34.2	1.0		3.1e-07	3.1e-07	0.0	0.021	0	104	0.332	352	PPRIM_AZ9-3.1.T1080092	Paramecium primaurelia	5886	0	B30.2/SPRY domain-containing protein	protista_other
A0A8S1PC86	unassigned	none	module	ryr.hmm matched only 64 profile positions (< 200) — a shared module, not a family assignment	0.0	31.5	31.5	1.0		2e-06	2e-06	0.0	0.013	0	64	0.256	473	PSON_ATCC_30995.1.T0740216	Paramecium sonneborni	65129	0	Calcium-dependent protein kinase 1	protista_other
A0A8S1PEJ2	ITPR	high	architecture	itpr.hmm wins by 149.0 bits (100.0% of 149.0) over 2257 profile positions; no ryr.hmm hit	149.0	0.0	149.0	1.0	1.4e-41		1.4e-41	0.841	0.0	2257	0	0.881	2976	PPRIM_AZ9-3.1.T1160021	Paramecium primaurelia	5886	0	Inositol 1,4,5-trisphosphate/ryanodine receptor domain-containing protein	protista_other
A0A8S1PJU8	ITPR	high	architecture	itpr.hmm wins by 191.0 bits (60.7% of 314.5) over 2190 profile positions	314.5	123.5	191.0	0.6073	1.8e-91	3.8e-34	1.8e-91	0.816	0.132	2190	651	0.912	2693	PSON_ATCC_30995.1.T0780230	Paramecium sonneborni	65129	0	MIR domain protein	protista_other
A0A8S1PK34	ITPR	high	architecture	itpr.hmm wins by 483.9 bits (63.5% of 762.0) over 2579 profile positions	762.0	278.1	483.9	0.635	2.4e-226	1e-80	2.4e-226	0.961	0.183	2579	902	0.999	2981	PSON_ATCC_30995.1.T0800148	Paramecium sonneborni	65129	0	MIR motif	protista_other
A0A8S1PM86	unassigned	none	module	ryr.hmm matched only 64 profile positions (< 200) — a shared module, not a family assignment	0.0	30.8	30.8	1.0		3.2e-06	3.2e-06	0.0	0.013	0	64	0.241	498	PSON_ATCC_30995.1.T0810186	Paramecium sonneborni	65129	0	Calcium-dependent protein kinase 1	protista_other
A0A8S1PR80	ITPR	high	architecture	itpr.hmm wins by 359.9 bits (82.2% of 437.9) over 1935 profile positions	437.9	78.0	359.9	0.8219	1.2e-128	1.9e-20	1.2e-128	0.721	0.058	1935	286	0.82	2535	PPRIM_AZ9-3.1.T1270109	Paramecium primaurelia	5886	0	RyR/IP3R Homology associated domain-containing protein	protista_other
A0A8S1PSS2	unassigned	none	module	ryr.hmm matched only 59 profile positions (< 200) — a shared module, not a family assignment	0.0	39.3	39.3	1.0		8.6e-09	8.6e-09	0.0	0.012	0	59	0.238	470	PPRIM_AZ9-3.1.T1290071	Paramecium primaurelia	5886	0	Calcium-dependent protein kinase 1	protista_other
A0A8S1PUK4	unassigned	none	module	ryr.hmm matched only 59 profile positions (< 200) — a shared module, not a family assignment	0.0	39.8	39.8	1.0		6.2e-09	6.2e-09	0.0	0.012	0	59	0.24	470	PSON_ATCC_30995.1.T0870104	Paramecium sonneborni	65129	0	Calcium-dependent protein kinase 1	protista_other
A0A8S1PUV5	unassigned	none	module	itpr.hmm matched only 156 profile positions (< 200) — a shared module, not a family assignment	135.7	70.3	65.4	0.4819	1.5e-37	4e-18	1.5e-37	0.058	0.019	156	94	0.949	175	PSON_ATCC_30995.1.T0870192	Paramecium sonneborni	65129	0	Uncharacterized protein	protista_other
A0A8S1PVL0	unassigned	none	module	ryr.hmm matched only 64 profile positions (< 200) — a shared module, not a family assignment	0.0	31.5	31.5	1.0		2e-06	2e-06	0.0	0.013	0	64	0.256	473	PSON_ATCC_30995.1.T0880216	Paramecium sonneborni	65129	0	Calcium-dependent protein kinase 1	protista_other
A0A8S1PW77	unassigned	none	module	itpr.hmm matched only 51 profile positions (< 200) — a shared module, not a family assignment	32.3	0.0	32.3	1.0	2.2e-06		2.2e-06	0.019	0.0	51	0	0.537	95	PSON_ATCC_30995.1.T0870191	Paramecium sonneborni	65129	0	Uncharacterized protein	protista_other
A0A8S1PXB8	ITPR	high	architecture	itpr.hmm wins by 360.8 bits (69.5% of 519.5) over 2595 profile positions	519.5	158.7	360.8	0.6945	2.9e-153	9.8e-45	2.9e-153	0.967	0.249	2595	1228	0.996	2585	PSON_ATCC_30995.1.T0890202	Paramecium sonneborni	65129	0	Uncharacterized protein	protista_other
A0A8S1PY12	ITPR	medium	partial	itpr.hmm wins by 112.7 bits (51.0% of 221.0) over 612 profile positions	221.0	108.3	112.7	0.51	2.8e-63	1.4e-29	2.8e-63	0.228	0.046	612	227	0.317	2020	PPRIM_AZ9-3.1.T1330154	Paramecium primaurelia	5886	0	Ion transport domain-containing protein	protista_other
A0A8S1PYZ9	ITPR	high	architecture	itpr.hmm wins by 370.6 bits (68.8% of 538.4) over 2595 profile positions	538.4	167.8	370.6	0.6883	5.8e-159	1.7e-47	5.8e-159	0.967	0.257	2595	1267	0.998	2588	PSON_ATCC_30995.1.T0900220	Paramecium sonneborni	65129	0	Uncharacterized protein	protista_other
A0A8S1Q0J6	unassigned	none	module	ryr.hmm matched only 64 profile positions (< 200) — a shared module, not a family assignment	0.0	32.4	32.4	1.0		1.1e-06	1.1e-06	0.0	0.013	0	64	0.241	498	PSON_ATCC_30995.1.T0920060	Paramecium sonneborni	65129	0	Calcium-dependent protein kinase 1	protista_other
A0A8S1Q1H0	ITPR	high	architecture	itpr.hmm wins by 527.7 bits (71.9% of 733.9) over 2485 profile positions	733.9	206.2	527.7	0.719	7e-218	4.8e-59	7e-218	0.926	0.217	2485	1070	0.952	3009	PPRIM_AZ9-3.1.T1400052	Paramecium primaurelia	5886	0	MIR domain protein	protista_other
A0A8S1Q1V6	unassigned	none	module	ryr.hmm matched only 59 profile positions (< 200) — a shared module, not a family assignment	0.0	37.8	37.8	1.0		2.4e-08	2.4e-08	0.0	0.012	0	59	0.801	146	PPRIM_AZ9-3.1.T1380071	Paramecium primaurelia	5886	0	Calmodulin	protista_other
A0A8S1Q238	ITPR	medium	partial	itpr.hmm wins by 268.3 bits (56.1% of 478.5) over 829 profile positions	478.5	210.2	268.3	0.5607	6.5e-141	2.9e-60	6.5e-141	0.309	0.144	829	710	0.293	2997	PPRIM_AZ9-3.1.T1410084	Paramecium primaurelia	5886	0	Uncharacterized protein	protista_other
A0A8S1Q361	unassigned	none	module	ryr.hmm matched only 104 profile positions (< 200) — a shared module, not a family assignment	0.0	30.4	30.4	1.0		4.3e-06	4.3e-06	0.0	0.021	0	104	0.298	356	PSON_ATCC_30995.1.T0930117	Paramecium sonneborni	65129	0	B30.2/SPRY domain-containing protein	protista_other
A0A8S1Q3G1	ITPR	high	architecture	itpr.hmm wins by 152.4 bits (100.0% of 152.4) over 2201 profile positions; no ryr.hmm hit	152.4	0.0	152.4	1.0	1.4e-42		1.4e-42	0.82	0.0	2201	0	0.863	2983	PPRIM_AZ9-3.1.T1430056	Paramecium primaurelia	5886	0	Inositol 1,4,5-trisphosphate/ryanodine receptor domain-containing protein	protista_other
A0A8S1Q5Y0	unassigned	none	module	itpr.hmm matched only 191 profile positions (< 200) — a shared module, not a family assignment	87.2	62.6	24.6	0.2821	6e-23	8.6e-16	6e-23	0.071	0.045	191	222	0.764	242	PPRIM_AZ9-3.1.T1430057	Paramecium primaurelia	5886	0	Ion transport domain-containing protein	protista_other
A0A8S1Q5Z2	unassigned	none	module	ryr.hmm matched only 69 profile positions (< 200) — a shared module, not a family assignment	0.0	44.0	44.0	1.0		3.3e-10	3.3e-10	0.0	0.014	0	69	0.263	471	PPRIM_AZ9-3.1.T1460037	Paramecium primaurelia	5886	0	Calcium-dependent protein kinase 1	protista_other
A0A8S1Q7A0	ITPR	high	architecture	itpr.hmm wins by 550.1 bits (69.6% of 789.9) over 2523 profile positions	789.9	239.8	550.1	0.6964	9.4e-235	3.6e-69	9.4e-235	0.94	0.267	2523	1316	0.993	2843	PSON_ATCC_30995.1.T0970136	Paramecium sonneborni	65129	0	MIR domain protein	protista_other
A0A8S1Q8M8	ITPR	high	architecture	itpr.hmm wins by 594.3 bits (69.2% of 858.2) over 2577 profile positions	858.2	263.9	594.3	0.6925	2.3e-255	2e-76	2.3e-255	0.96	0.274	2577	1351	0.995	2886	PPRIM_AZ9-3.1.T1480012	Paramecium primaurelia	5886	0	MIR domain-containing protein	protista_other
A0A8S1QA23	ITPR	high	architecture	itpr.hmm wins by 367.4 bits (82.5% of 445.6) over 1983 profile positions	445.6	78.2	367.4	0.8245	5.6e-131	1.6e-20	5.6e-131	0.739	0.111	1983	547	0.821	2598	PPRIM_AZ9-3.1.T1510096	Paramecium primaurelia	5886	0	RyR/IP3R Homology associated domain-containing protein	protista_other
A0A8S1QAQ5	ITPR	high	architecture	itpr.hmm wins by 285.0 bits (57.9% of 492.6) over 2410 profile positions	492.6	207.6	285.0	0.5786	3.9e-145	1.7e-59	3.9e-145	0.898	0.147	2410	725	0.913	2994	PPRIM_AZ9-3.1.T1490071	Paramecium primaurelia	5886	0	Uncharacterized protein	protista_other
A0A8S1QBN9	ITPR	medium	partial	itpr.hmm wins by 275.2 bits (57.3% of 480.2) over 832 profile positions	480.2	205.0	275.2	0.5731	2.1e-141	1e-58	2.1e-141	0.31	0.138	832	680	0.295	2994	PSON_ATCC_30995.1.T1000096	Paramecium sonneborni	65129	0	Uncharacterized protein	protista_other
A0A8S1QHI7	ITPR	medium	partial	itpr.hmm wins by 130.2 bits (55.5% of 234.8) over 617 profile positions	234.8	104.6	130.2	0.5545	2e-67	1.9e-28	2e-67	0.23	0.047	617	232	0.319	2022	PSON_ATCC_30995.1.T1080031	Paramecium sonneborni	65129	0	Uncharacterized protein	protista_other
A0A8S1QII6	unassigned	none	module	ryr.hmm matched only 64 profile positions (< 200) — a shared module, not a family assignment	0.0	31.6	31.6	1.0		1.8e-06	1.8e-06	0.0	0.013	0	64	0.254	473	PSON_ATCC_30995.1.T1070171	Paramecium sonneborni	65129	0	Calcium-dependent protein kinase 1	protista_other
A0A8S1QPG6	unassigned	none	module	ryr.hmm matched only 69 profile positions (< 200) — a shared module, not a family assignment	0.0	44.5	44.5	1.0		2.4e-10	2.4e-10	0.0	0.014	0	69	0.268	471	PSON_ATCC_30995.1.T1140150	Paramecium sonneborni	65129	0	Calcium-dependent protein kinase 1	protista_other
A0A8S1QQ41	unassigned	none	module	ryr.hmm matched only 104 profile positions (< 200) — a shared module, not a family assignment	0.0	31.8	31.8	1.0		1.6e-06	1.6e-06	0.0	0.021	0	104	0.302	358	PSON_ATCC_30995.1.T1110101	Paramecium sonneborni	65129	0	Uncharacterized protein	protista_other
A0A8S1QQZ7	unassigned	none	module	ryr.hmm matched only 59 profile positions (< 200) — a shared module, not a family assignment	0.0	40.3	40.3	1.0		4.5e-09	4.5e-09	0.0	0.012	0	59	0.24	470	PSON_ATCC_30995.1.T1120178	Paramecium sonneborni	65129	0	Calcium-dependent protein kinase 1	protista_other
A0A8S1QUA2	unassigned	none	module	ryr.hmm matched only 64 profile positions (< 200) — a shared module, not a family assignment	0.0	31.6	31.6	1.0		1.8e-06	1.8e-06	0.0	0.013	0	64	0.254	473	PSON_ATCC_30995.1.T1180173	Paramecium sonneborni	65129	0	Calcium-dependent protein kinase 1	protista_other
A0A8S1QWI6	ITPR	medium	partial	itpr.hmm wins by 268.2 bits (56.5% of 475.0) over 1057 profile positions	475.0	206.8	268.2	0.5646	7.6e-140	3e-59	7.6e-140	0.394	0.18	1057	887	0.398	3010	PSON_ATCC_30995.1.T1250092	Paramecium sonneborni	65129	0	Uncharacterized protein	protista_other
A0A8S1QYF4	ITPR	high	architecture	itpr.hmm wins by 374.4 bits (83.4% of 448.7) over 2013 profile positions	448.7	74.3	374.4	0.8344	6.5e-132	2.5e-19	6.5e-132	0.75	0.08	2013	394	0.833	2604	PSON_ATCC_30995.1.T1230125	Paramecium sonneborni	65129	0	RyR/IP3R Homology associated domain-containing protein	protista_other
A0A8S1QZK2	unassigned	none	module	best profile score 29.5 < 30 bits	0.0	29.5	29.5	1.0		7.8e-06	7.8e-06	0.0	0.013	0	64	0.241	498	PSON_ATCC_30995.1.T1270051	Paramecium sonneborni	65129	0	Calcium-dependent protein kinase 1	protista_other
A0A8S1R0D6	unassigned	none	module	ryr.hmm matched only 59 profile positions (< 200) — a shared module, not a family assignment	0.0	39.4	39.4	1.0		8.4e-09	8.4e-09	0.0	0.012	0	59	0.24	470	PSON_ATCC_30995.1.T1280085	Paramecium sonneborni	65129	0	Calcium-dependent protein kinase 1	protista_other
A0A8S1R832	ITPR	high	architecture	itpr.hmm wins by 602.4 bits (71.8% of 838.8) over 2609 profile positions	838.8	236.4	602.4	0.7182	1.7e-249	3.6e-68	1.7e-249	0.972	0.275	2609	1356	0.997	2893	PSON_ATCC_30995.1.T1510010	Paramecium sonneborni	65129	0	MIR domain-containing protein	protista_other
A0A8S1R8X1	unassigned	none	module	itpr.hmm matched only 86 profile positions (< 200) — a shared module, not a family assignment	49.5	29.5	20.0	0.404	1.4e-11	7.8e-06	1.4e-11	0.032	0.017	86	84	0.802	106	PSON_ATCC_30995.1.T1470090	Paramecium sonneborni	65129	0	Uncharacterized protein	protista_other
A0A8S1R905	unassigned	none	module	itpr.hmm matched only 142 profile positions (< 200) — a shared module, not a family assignment	54.9	0.0	54.9	1.0	3.1e-13		3.1e-13	0.053	0.0	142	0	0.084	1583	PSON_ATCC_30995.1.T1470089	Paramecium sonneborni	65129	0	RyR/IP3R Homology associated domain-containing protein	protista_other
A0A8S1R9I2	unassigned	none	module	ryr.hmm matched only 59 profile positions (< 200) — a shared module, not a family assignment	0.0	37.8	37.8	1.0		2.4e-08	2.4e-08	0.0	0.012	0	59	0.801	146	PSON_ATCC_30995.1.T1370095	Paramecium sonneborni	65129	0	Calmodulin	protista_other
A0A8S1RB72	ITPR	high	architecture	itpr.hmm wins by 149.7 bits (100.0% of 149.7) over 2201 profile positions; no ryr.hmm hit	149.7	0.0	149.7	1.0	8.9e-42		8.9e-42	0.82	0.0	2201	0	0.864	2979	PSON_ATCC_30995.1.T1520049	Paramecium sonneborni	65129	0	Inositol 1,4,5-trisphosphate/ryanodine receptor domain-containing protein	protista_other
A0A8S1RQN1	unassigned	none	module	itpr.hmm matched only 70 profile positions (< 200) — a shared module, not a family assignment	83.4	42.3	41.1	0.4928	8.4e-22	1.1e-09	8.4e-22	0.026	0.014	70	69	0.728	103	PSON_ATCC_30995.1.T3790001	Paramecium sonneborni	65129	0	Uncharacterized protein	protista_other
A0A8S1RUJ2	ITPR	high	architecture	itpr.hmm wins by 296.0 bits (62.6% of 472.8) over 2561 profile positions	472.8	176.8	296.0	0.6261	3.6e-139	3.4e-50	3.6e-139	0.954	0.165	2561	813	0.986	2666	POCTA_138.1.T0040072	Paramecium octaurelia	43137	0	Uncharacterized protein	protista_other
A0A8S1RVS8	ITPR	high	architecture	itpr.hmm wins by 505.2 bits (72.8% of 693.9) over 2469 profile positions	693.9	188.7	505.2	0.7281	7.8e-206	8.8e-54	7.8e-206	0.92	0.204	2469	1006	0.986	2888	PPENT_87.1.T0010099	Paramecium pentaurelia	43138	0	Uncharacterized protein	protista_other
A0A8S1RZ52	unassigned	none	module	ryr.hmm matched only 64 profile positions (< 200) — a shared module, not a family assignment	0.0	32.2	32.2	1.0		1.2e-06	1.2e-06	0.0	0.013	0	64	0.256	473	POCTA_138.1.T0040111	Paramecium octaurelia	43137	0	Calcium-dependent protein kinase 1	protista_other
A0A8S1RZ85	unassigned	none	module	itpr.hmm matched only 177 profile positions (< 200) — a shared module, not a family assignment	67.4	0.0	67.4	1.0	5.3e-17		5.3e-17	0.066	0.0	177	0	0.866	238	PPENT_87.1.T0020068	Paramecium pentaurelia	43138	0	Inositol 1,4,5-trisphosphate/ryanodine receptor domain-containing protein	protista_other
A0A8S1RZC4	unassigned	none	module	best profile score 29.3 < 30 bits	0.0	29.3	29.3	1.0		9.1e-06	9.1e-06	0.0	0.013	0	64	0.256	472	POCTA_138.1.T0040157	Paramecium octaurelia	43137	0	Calcium-dependent protein kinase 1	protista_other
A0A8S1S0V9	ITPR	high	architecture	itpr.hmm wins by 237.1 bits (67.7% of 350.4) over 2472 profile positions	350.4	113.3	237.1	0.6767	2.7e-102	4.5e-31	2.7e-102	0.921	0.179	2472	882	0.975	3130	POCTA_138.1.T0040420	Paramecium octaurelia	43137	0	Uncharacterized protein	protista_other
A0A8S1S1K7	ITPR	high	architecture	itpr.hmm wins by 489.4 bits (63.2% of 774.7) over 2579 profile positions	774.7	285.3	489.4	0.6317	3.6e-230	6.9e-83	3.6e-230	0.961	0.202	2579	996	1.0	2973	PPENT_87.1.T0020069	Paramecium pentaurelia	43138	0	Uncharacterized protein	protista_other
A0A8S1S1P5	ITPR	high	architecture	itpr.hmm wins by 429.7 bits (72.3% of 594.3) over 2501 profile positions	594.3	164.6	429.7	0.723	8.5e-176	1.6e-46	8.5e-176	0.932	0.733	2501	3614	0.988	3042	POCTA_138.1.T0040478	Paramecium octaurelia	43137	0	MIR domain-containing protein	protista_other
A0A8S1S284	ITPR	high	architecture	itpr.hmm wins by 220.6 bits (55.5% of 397.5) over 2561 profile positions	397.5	176.9	220.6	0.555	1.8e-116	3.1e-50	1.8e-116	0.954	0.185	2561	912	0.985	2657	POCTA_138.1.T0050015	Paramecium octaurelia	43137	0	Uncharacterized protein	protista_other
A0A8S1S4F9	unassigned	none	module	ryr.hmm matched only 54 profile positions (< 200) — a shared module, not a family assignment	0.0	37.1	37.1	1.0		4e-08	4e-08	0.0	0.011	0	54	0.245	458	POCTA_138.1.T0070282	Paramecium octaurelia	43137	0	Protein kinase domain containing protein	protista_other
A0A8S1S4J1	ITPR	high	architecture	itpr.hmm wins by 249.2 bits (60.4% of 412.8) over 2561 profile positions	412.8	163.6	249.2	0.6037	4.3e-121	3.2e-46	4.3e-121	0.954	0.185	2561	912	0.987	2664	PPENT_87.1.T0030013	Paramecium pentaurelia	43138	0	Uncharacterized protein	protista_other
A0A8S1S6F2	unassigned	none	module	best profile score 29.3 < 30 bits	0.0	29.3	29.3	1.0		8.8e-06	8.8e-06	0.0	0.013	0	64	0.256	472	PPENT_87.1.T0040146	Paramecium pentaurelia	43138	0	Calcium-dependent protein kinase 1	protista_other
A0A8S1S9W6	ITPR	high	architecture	itpr.hmm wins by 257.0 bits (69.5% of 369.8) over 2477 profile positions	369.8	112.8	257.0	0.695	3.8e-108	6.4e-31	3.8e-108	0.923	0.163	2477	804	0.976	3131	PPENT_87.1.T0040367	Paramecium pentaurelia	43138	0	Uncharacterized protein	protista_other
A0A8S1SBL5	unassigned	none	module	ryr.hmm matched only 64 profile positions (< 200) — a shared module, not a family assignment	0.0	34.8	34.8	1.0		2e-07	2e-07	0.0	0.013	0	64	0.202	856	POCTA_138.1.T0080362	Paramecium octaurelia	43137	0	Calcium-dependent protein kinase 1	protista_other
A0A8S1SDZ9	ITPR	high	architecture	itpr.hmm wins by 432.6 bits (72.0% of 600.8) over 2499 profile positions	600.8	168.2	432.6	0.72	9.3e-178	1.3e-47	9.3e-178	0.931	0.128	2499	631	0.989	3043	PPENT_87.1.T0080055	Paramecium pentaurelia	43138	0	MIR domain-containing protein	protista_other
A0A8S1SFF1	ITPR	high	architecture	itpr.hmm wins by 648.1 bits (75.4% of 860.0) over 2542 profile positions	860.0	211.9	648.1	0.7536	7e-256	8.9e-61	7e-256	0.947	0.211	2542	1040	0.997	2925	PPENT_87.1.T0050530	Paramecium pentaurelia	43138	0	MIR domain-containing protein	protista_other
A0A8S1SFJ8	unassigned	none	module	ryr.hmm matched only 54 profile positions (< 200) — a shared module, not a family assignment	0.0	34.8	34.8	1.0		1.9e-07	1.9e-07	0.0	0.011	0	54	0.245	458	PPENT_87.1.T0070241	Paramecium pentaurelia	43138	0	Protein kinase domain containing protein	protista_other
A0A8S1SHV8	unassigned	none	module	best profile score 29.5 < 30 bits	0.0	29.5	29.5	1.0		7.9e-06	7.9e-06	0.0	0.013	0	64	0.256	472	POCTA_138.1.T0100183	Paramecium octaurelia	43137	0	Calcium-dependent protein kinase 1	protista_other
A0A8S1SJB1	ITPR	high	architecture	itpr.hmm wins by 245.0 bits (68.6% of 357.0) over 2475 profile positions	357.0	112.0	245.0	0.6863	2.9e-104	1.1e-30	2.9e-104	0.922	0.156	2475	769	0.976	3132	PPENT_87.1.T0080108	Paramecium pentaurelia	43138	0	Uncharacterized protein	protista_other
A0A8S1SLV8	ITPR	high	architecture	itpr.hmm wins by 257.4 bits (68.8% of 374.2) over 2343 profile positions	374.2	116.8	257.4	0.6879	1.8e-109	4e-32	1.8e-109	0.873	0.15	2343	740	0.913	3126	POCTA_138.1.T0100420	Paramecium octaurelia	43137	0	Uncharacterized protein	protista_other
A0A8S1SNB9	unassigned	none	module	best profile score 29.2 < 30 bits	0.0	29.2	29.2	1.0		9.9e-06	9.9e-06	0.0	0.013	0	64	0.254	472	PPENT_87.1.T0080379	Paramecium pentaurelia	43138	0	Calcium-dependent protein kinase 1	protista_other
A0A8S1SNX6	ITPR	high	architecture	itpr.hmm wins by 289.9 bits (61.3% of 472.8) over 2561 profile positions	472.8	182.9	289.9	0.6132	3.6e-139	4.8e-52	3.6e-139	0.954	0.168	2561	828	0.986	2666	PPENT_87.1.T0080458	Paramecium pentaurelia	43138	0	Uncharacterized protein	protista_other
A0A8S1SPW2	unassigned	none	module	ryr.hmm matched only 64 profile positions (< 200) — a shared module, not a family assignment	0.0	31.3	31.3	1.0		2.3e-06	2.3e-06	0.0	0.013	0	64	0.254	472	PPENT_87.1.T0100338	Paramecium pentaurelia	43138	0	Calcium-dependent protein kinase 1	protista_other
A0A8S1SYQ4	ITPR	high	architecture	itpr.hmm wins by 498.9 bits (77.2% of 645.8) over 2394 profile positions	645.8	146.9	498.9	0.7725	2.5e-191	3.3e-41	2.5e-191	0.892	0.12	2394	592	0.972	2822	POCTA_138.1.T0180166	Paramecium octaurelia	43137	0	Uncharacterized protein	protista_other
A0A8S1SZW1	ITPR	high	architecture	itpr.hmm wins by 563.6 bits (77.6% of 726.6) over 2426 profile positions	726.6	163.0	563.6	0.7757	1.1e-215	4.8e-46	1.1e-215	0.904	0.144	2426	710	0.986	2736	POCTA_138.1.T0170405	Paramecium octaurelia	43137	0	Uncharacterized protein	protista_other
A0A8S1T158	ITPR	high	architecture	itpr.hmm wins by 503.7 bits (77.8% of 647.7) over 2381 profile positions	647.7	144.0	503.7	0.7777	6.8e-192	2.6e-40	6.8e-192	0.887	0.122	2381	601	0.969	2824	PPENT_87.1.T0140163	Paramecium pentaurelia	43138	0	Uncharacterized protein	protista_other
A0A8S1TAM6	ITPR	high	architecture	itpr.hmm wins by 456.2 bits (60.7% of 751.8) over 2558 profile positions	751.8	295.6	456.2	0.6068	2.9e-223	5.4e-86	2.9e-223	0.953	0.203	2558	1001	0.996	2970	POCTA_138.1.T0210030	Paramecium octaurelia	43137	0	Uncharacterized protein	protista_other
A0A8S1TAX4	ITPR	high	architecture	itpr.hmm wins by 198.9 bits (60.1% of 331.1) over 2083 profile positions	331.1	132.2	198.9	0.6007	1.8e-96	9.2e-37	1.8e-96	0.776	0.162	2083	799	0.863	2692	POCTA_138.1.T0210395	Paramecium octaurelia	43137	0	MIR domain protein	protista_other
A0A8S1TBN3	ITPR	high	architecture	itpr.hmm wins by 494.6 bits (72.4% of 683.6) over 2609 profile positions	683.6	189.0	494.6	0.7235	1e-202	7.1e-54	1e-202	0.972	0.209	2609	1030	0.999	3001	PPENT_87.1.T0190004	Paramecium pentaurelia	43138	0	MIR domain-containing protein	protista_other
A0A8S1TGH7	ITPR	high	architecture	itpr.hmm wins by 482.7 bits (77.4% of 623.5) over 2448 profile positions	623.5	140.8	482.7	0.7742	1.3e-184	2.4e-39	1.3e-184	0.912	0.143	2448	705	0.989	2834	PPENT_87.1.T0240103	Paramecium pentaurelia	43138	0	Uncharacterized protein	protista_other
A0A8S1TGK7	ITPR	high	architecture	itpr.hmm wins by 160.1 bits (55.9% of 286.2) over 2204 profile positions	286.2	126.1	160.1	0.5594	6e-83	6.4e-35	6e-83	0.821	0.083	2204	409	0.948	2770	POCTA_138.1.T0230112	Paramecium octaurelia	43137	0	RyR/IP3R Homology associated domain-containing protein	protista_other
A0A8S1THP0	unassigned	none	module	ryr.hmm matched only 79 profile positions (< 200) — a shared module, not a family assignment	0.0	42.9	42.9	1.0		7.2e-10	7.2e-10	0.0	0.016	0	79	0.477	174	POCTA_138.1.T0230303	Paramecium octaurelia	43137	0	B30.2/SPRY domain-containing protein	protista_other
A0A8S1TI16	ITPR	high	architecture	itpr.hmm wins by 302.0 bits (68.9% of 438.1) over 2324 profile positions	438.1	136.1	302.0	0.6893	9.8e-129	6.2e-38	9.8e-129	0.866	0.169	2324	833	0.908	3124	POCTA_138.1.T0250174	Paramecium octaurelia	43137	0	Uncharacterized protein	protista_other
A0A8S1TRM9	ITPR	high	architecture	itpr.hmm wins by 460.6 bits (61.5% of 749.3) over 2579 profile positions	749.3	288.7	460.6	0.6147	1.6e-222	6.6e-84	1.6e-222	0.961	0.221	2579	1090	1.0	2972	PPENT_87.1.T0260031	Paramecium pentaurelia	43138	0	Uncharacterized protein	protista_other
A0A8S1TTK3	ITPR	high	architecture	itpr.hmm wins by 494.2 bits (72.7% of 679.4) over 2609 profile positions	679.4	185.2	494.2	0.7274	1.9e-201	9.5e-53	1.9e-201	0.972	0.19	2609	937	0.999	3001	POCTA_138.1.T0300005	Paramecium octaurelia	43137	0	MIR domain-containing protein	protista_other
A0A8S1TTM9	ITPR	high	architecture	itpr.hmm wins by 525.8 bits (71.1% of 739.3) over 2464 profile positions	739.3	213.5	525.8	0.7112	1.6e-219	3e-61	1.6e-219	0.918	0.217	2464	1070	0.968	3009	POCTA_138.1.T0310051	Paramecium octaurelia	43137	0	Uncharacterized protein	protista_other
A0A8S1TTN2	ITPR	high	architecture	itpr.hmm wins by 545.3 bits (72.8% of 748.7) over 2485 profile positions	748.7	203.4	545.3	0.7283	2.4e-222	3.2e-58	2.4e-222	0.926	0.211	2485	1040	0.952	3009	PPENT_87.1.T0300023	Paramecium pentaurelia	43138	0	Uncharacterized protein	protista_other
A0A8S1TUI7	ITPR	high	architecture	itpr.hmm wins by 189.8 bits (58.4% of 324.8) over 2163 profile positions	324.8	135.0	189.8	0.5844	1.5e-94	1.3e-37	1.5e-94	0.806	0.059	2163	291	0.897	2682	PPENT_87.1.T0260366	Paramecium pentaurelia	43138	0	MIR domain protein	protista_other
A0A8S1TVB9	ITPR	high	architecture	itpr.hmm wins by 338.5 bits (70.6% of 479.6) over 2308 profile positions	479.6	141.1	338.5	0.7058	3.1e-141	1.8e-39	3.1e-141	0.86	0.175	2308	863	0.913	2704	PPENT_87.1.T0280165	Paramecium pentaurelia	43138	0	MIR domain protein	protista_other
A0A8S1U396	ITPR	high	architecture	itpr.hmm wins by 490.7 bits (78.3% of 626.6) over 2448 profile positions	626.6	135.9	490.7	0.7831	1.6e-185	6.9e-38	1.6e-185	0.912	0.111	2448	547	0.983	2835	POCTA_138.1.T0350235	Paramecium octaurelia	43137	0	Uncharacterized protein	protista_other
A0A8S1U4K7	ITPR	high	architecture	itpr.hmm wins by 535.9 bits (72.4% of 740.4) over 2480 profile positions	740.4	204.5	535.9	0.7238	7.4e-220	1.5e-58	7.4e-220	0.924	0.202	2480	996	0.951	3009	POCTA_138.1.T0370029	Paramecium octaurelia	43137	0	Uncharacterized protein	protista_other
A0A8S1U672	ITPR	high	architecture	itpr.hmm wins by 506.8 bits (78.1% of 648.6) over 2437 profile positions	648.6	141.8	506.8	0.7814	3.6e-192	1.2e-39	3.6e-192	0.908	0.131	2437	646	0.978	2834	PPENT_87.1.T0340186	Paramecium pentaurelia	43138	0	MIR domain protein	protista_other
A0A8S1U7F4	ITPR	high	architecture	itpr.hmm wins by 557.9 bits (76.4% of 730.5) over 2426 profile positions	730.5	172.6	557.9	0.7637	7.3e-217	6.2e-49	7.3e-217	0.904	0.147	2426	725	0.986	2737	PPENT_87.1.T0320040	Paramecium pentaurelia	43138	0	Uncharacterized protein	protista_other
A0A8S1U8E4	ITPR	high	architecture	itpr.hmm wins by 157.5 bits (54.6% of 288.3) over 2021 profile positions	288.3	130.8	157.5	0.5463	1.4e-83	2.4e-36	1.4e-83	0.753	0.074	2021	365	0.895	2767	POCTA_138.1.T0380089	Paramecium octaurelia	43137	0	RyR/IP3R Homology associated domain-containing protein	protista_other
A0A8S1U8N4	ITPR	high	architecture	itpr.hmm wins by 155.3 bits (58.0% of 267.7) over 2077 profile positions	267.7	112.4	155.3	0.5801	2.3e-77	8.6e-31	2.3e-77	0.774	0.072	2077	355	0.882	2768	POCTA_138.1.T0380081	Paramecium octaurelia	43137	0	RyR/IP3R Homology associated domain-containing protein	protista_other
A0A8S1U8R5	unassigned	none	module	ryr.hmm matched only 79 profile positions (< 200) — a shared module, not a family assignment	0.0	43.9	43.9	1.0		3.6e-10	3.6e-10	0.0	0.016	0	79	0.477	174	PPENT_87.1.T0360076	Paramecium pentaurelia	43138	0	B30.2/SPRY domain-containing protein	protista_other
A0A8S1U9M5	unassigned	none	module	ryr.hmm matched only 79 profile positions (< 200) — a shared module, not a family assignment	0.0	43.8	43.8	1.0		3.9e-10	3.9e-10	0.0	0.016	0	79	0.477	174	POCTA_138.1.T0380245	Paramecium octaurelia	43137	0	B30.2/SPRY domain-containing protein	protista_other
A0A8S1UB42	ITPR	high	architecture	itpr.hmm wins by 273.7 bits (67.5% of 405.8) over 2340 profile positions	405.8	132.1	273.7	0.6745	5.5e-119	9.8e-37	5.5e-119	0.872	0.151	2340	744	0.913	3127	PPENT_87.1.T0370184	Paramecium pentaurelia	43138	0	MIR domain protein	protista_other
A0A8S1UC63	ITPR	medium	partial	itpr.hmm wins by 158.7 bits (55.1% of 287.9) over 1189 profile positions	287.9	129.2	158.7	0.5512	1.8e-83	7e-36	1.8e-83	0.443	0.072	1189	355	0.509	2771	PPENT_87.1.T0360249	Paramecium pentaurelia	43138	0	RyR/IP3R Homology associated domain-containing protein	protista_other
A0A8S1UCK1	ITPR	high	architecture	itpr.hmm wins by 284.0 bits (69.0% of 411.5) over 2091 profile positions	411.5	127.5	284.0	0.6902	1e-120	2.4e-35	1e-120	0.779	0.169	2091	833	0.832	3086	PPENT_87.1.T0370187	Paramecium pentaurelia	43138	0	MIR domain protein	protista_other
A0A8S1UIJ9	ITPR	high	architecture	itpr.hmm wins by 361.5 bits (71.2% of 508.1) over 2330 profile positions	508.1	146.6	361.5	0.7115	8.2e-150	4.2e-41	8.2e-150	0.868	0.171	2330	843	0.92	2709	POCTA_138.1.T0440123	Paramecium octaurelia	43137	0	MIR domain protein	protista_other
A0A8S1UN53	ITPR	high	architecture	itpr.hmm wins by 469.0 bits (62.7% of 748.4) over 2563 profile positions	748.4	279.4	469.0	0.6267	2.9e-222	4.1e-81	2.9e-222	0.955	0.203	2563	1001	0.997	2977	POCTA_138.1.T0460318	Paramecium octaurelia	43137	0	Uncharacterized protein	protista_other
A0A8S1UQ95	ITPR	high	architecture	itpr.hmm wins by 495.5 bits (76.7% of 645.9) over 2394 profile positions	645.9	150.4	495.5	0.7671	2.4e-191	3e-42	2.4e-191	0.892	0.123	2394	606	0.972	2836	POCTA_138.1.T0480073	Paramecium octaurelia	43137	0	Uncharacterized protein	protista_other
A0A8S1UTU8	ITPR	high	architecture	itpr.hmm wins by 160.4 bits (55.2% of 290.5) over 2177 profile positions	290.5	130.1	160.4	0.5522	3.2e-84	3.9e-36	3.2e-84	0.811	0.072	2177	355	0.943	2767	PPENT_87.1.T0490231	Paramecium pentaurelia	43138	0	RyR/IP3R Homology associated domain-containing protein	protista_other
A0A8S1UU93	ITPR	high	architecture	itpr.hmm wins by 531.4 bits (71.8% of 740.6) over 2483 profile positions	740.6	209.2	531.4	0.7175	6.7e-220	5.6e-60	6.7e-220	0.925	0.217	2483	1070	0.952	3009	PPENT_87.1.T0480200	Paramecium pentaurelia	43138	0	MIR domain protein	protista_other
A0A8S1UUQ6	unassigned	none	module	ryr.hmm matched only 79 profile positions (< 200) — a shared module, not a family assignment	0.0	43.8	43.8	1.0		4e-10	4e-10	0.0	0.016	0	79	0.477	174	PPENT_87.1.T0490074	Paramecium pentaurelia	43138	0	B30.2/SPRY domain-containing protein	protista_other
A0A8S1UWP0	ITPR	high	architecture	itpr.hmm wins by 513.7 bits (73.1% of 702.9) over 2472 profile positions	702.9	189.2	513.7	0.7308	1.6e-208	6.2e-54	1.6e-208	0.921	0.195	2472	961	0.987	2888	POCTA_138.1.T0490105	Paramecium octaurelia	43137	0	Uncharacterized protein	protista_other
A0A8S1UZQ3	ITPR	high	architecture	itpr.hmm wins by 498.1 bits (72.1% of 690.8) over 2480 profile positions	690.8	192.7	498.1	0.721	6.9e-205	5.2e-55	6.9e-205	0.924	0.202	2480	996	0.992	2889	PPENT_87.1.T0530175	Paramecium pentaurelia	43138	0	Uncharacterized protein	protista_other
A0A8S1UZX4	unassigned	none	module	ryr.hmm matched only 64 profile positions (< 200) — a shared module, not a family assignment	0.0	31.5	31.5	1.0		2e-06	2e-06	0.0	0.013	0	64	0.256	473	PPENT_87.1.T0520201	Paramecium pentaurelia	43138	0	Calcium-dependent protein kinase 1	protista_other
A0A8S1V199	unassigned	none	module	ryr.hmm matched only 128 profile positions (< 200) — a shared module, not a family assignment	0.0	36.6	36.6	1.0		5.9e-08	5.9e-08	0.0	0.026	0	128	0.428	353	POCTA_138.1.T0550109	Paramecium octaurelia	43137	0	B30.2/SPRY domain-containing protein	protista_other
A0A8S1V1R4	ITPR	high	architecture	itpr.hmm wins by 133.1 bits (54.3% of 245.1) over 2064 profile positions	245.1	112.0	133.1	0.543	1.5e-70	1.1e-30	1.5e-70	0.769	0.07	2064	345	0.874	2782	PPENT_87.1.T0490240	Paramecium pentaurelia	43138	0	Uncharacterized protein	protista_other
A0A8S1V4H3	unassigned	none	module	itpr.hmm matched only 145 profile positions (< 200) — a shared module, not a family assignment	147.9	78.5	69.4	0.4692	3e-41	1.3e-20	3e-41	0.054	0.022	145	108	0.891	175	PPENT_87.1.T0530176	Paramecium pentaurelia	43138	0	Uncharacterized protein	protista_other
A0A8S1V852	ITPR	medium	partial	itpr.hmm wins by 80.3 bits (100.0% of 80.3) over 1326 profile positions; no ryr.hmm hit	80.3	0.0	80.3	1.0	7e-21		7e-21	0.494	0.0	1326	0	0.787	1935	POCTA_138.1.T0610149	Paramecium octaurelia	43137	0	Inositol 1,4,5-trisphosphate/ryanodine receptor domain-containing protein	protista_other
A0A8S1V9Z3	unassigned	none	module	ryr.hmm matched only 59 profile positions (< 200) — a shared module, not a family assignment	0.0	36.0	36.0	1.0		8.7e-08	8.7e-08	0.0	0.012	0	59	0.236	496	POCTA_138.1.T0620176	Paramecium octaurelia	43137	0	Calcium-dependent protein kinase 1	protista_other
A0A8S1VBI4	ITPR	medium	partial	itpr.hmm wins by 182.7 bits (59.2% of 308.9) over 910 profile positions	308.9	126.2	182.7	0.5915	8.7e-90	5.8e-35	8.7e-90	0.339	0.073	910	360	0.944	1159	POCTA_138.1.T0610148	Paramecium octaurelia	43137	0	MIR domain protein	protista_other
A0A8S1VCW9	ITPR	high	architecture	itpr.hmm wins by 526.6 bits (73.7% of 714.9) over 2418 profile positions	714.9	188.3	526.6	0.7366	3.7e-212	1.1e-53	3.7e-212	0.901	0.201	2418	991	0.985	2890	POCTA_138.1.T0640176	Paramecium octaurelia	43137	0	Uncharacterized protein	protista_other
A0A8S1VFK1	ITPR	high	architecture	itpr.hmm wins by 362.4 bits (68.6% of 528.6) over 2595 profile positions	528.6	166.2	362.4	0.6856	5.4e-156	5.1e-47	5.4e-156	0.967	0.229	2595	1129	0.996	2589	PPENT_87.1.T0630022	Paramecium pentaurelia	43138	0	Uncharacterized protein	protista_other
A0A8S1VH15	ITPR	high	architecture	itpr.hmm wins by 448.6 bits (87.8% of 511.2) over 2247 profile positions	511.2	62.6	448.6	0.8775	9.4e-151	8.4e-16	9.4e-151	0.837	0.236	2247	1163	0.995	2577	POCTA_138.1.T0680154	Paramecium octaurelia	43137	0	Inositol 1,4,5-trisphosphate receptor	protista_other
A0A8S1VIW9	ITPR	medium	partial	itpr.hmm wins by 73.0 bits (32.5% of 224.6) over 263 profile positions	224.6	151.6	73.0	0.325	2.4e-64	1.3e-42	2.4e-64	0.098	0.042	263	207	0.973	255	POCTA_138.1.T0680155	Paramecium octaurelia	43137	0	Ion transport domain-containing protein	protista_other
A0A8S1VK13	unassigned	none	module	ryr.hmm matched only 59 profile positions (< 200) — a shared module, not a family assignment	0.0	54.9	54.9	1.0		1.7e-13	1.7e-13	0.0	0.012	0	59	0.785	149	PPENT_87.1.T0620131	Paramecium pentaurelia	43138	0	Calmodulin	protista_other
A0A8S1VKV1	unassigned	none	module	ryr.hmm matched only 59 profile positions (< 200) — a shared module, not a family assignment	0.0	36.0	36.0	1.0		8.7e-08	8.7e-08	0.0	0.012	0	59	0.236	496	POCTA_138.1.T0700074	Paramecium octaurelia	43137	0	Calcium-dependent protein kinase 1	protista_other
A0A8S1VMB0	unassigned	none	module	ryr.hmm matched only 64 profile positions (< 200) — a shared module, not a family assignment	0.0	35.1	35.1	1.0		1.6e-07	1.6e-07	0.0	0.013	0	64	0.826	144	PPENT_87.1.T0670145	Paramecium pentaurelia	43138	0	Calmodulin	protista_other
A0A8S1VP50	unassigned	none	module	ryr.hmm matched only 64 profile positions (< 200) — a shared module, not a family assignment	0.0	31.5	31.5	1.0		2e-06	2e-06	0.0	0.013	0	64	0.256	473	POCTA_138.1.T0710237	Paramecium octaurelia	43137	0	Calcium-dependent protein kinase 1	protista_other
A0A8S1VS16	unassigned	none	module	ryr.hmm matched only 59 profile positions (< 200) — a shared module, not a family assignment	0.0	40.5	40.5	1.0		3.9e-09	3.9e-09	0.0	0.012	0	59	0.727	161	PPENT_87.1.T0720079	Paramecium pentaurelia	43138	0	EF-hand domain-containing protein	protista_other
A0A8S1VS67	unassigned	none	module	ryr.hmm matched only 59 profile positions (< 200) — a shared module, not a family assignment	0.0	54.9	54.9	1.0		1.7e-13	1.7e-13	0.0	0.012	0	59	0.785	149	POCTA_138.1.T0740150	Paramecium octaurelia	43137	0	Calmodulin	protista_other
A0A8S1VTF4	unassigned	none	module	ryr.hmm matched only 59 profile positions (< 200) — a shared module, not a family assignment	0.0	34.8	34.8	1.0		2e-07	2e-07	0.0	0.012	0	59	0.235	497	PPENT_87.1.T0720080	Paramecium pentaurelia	43138	0	Calcium-dependent protein kinase 1	protista_other
A0A8S1VZC9	ITPR	high	architecture	itpr.hmm wins by 148.0 bits (100.0% of 148.0) over 2257 profile positions; no ryr.hmm hit	148.0	0.0	148.0	1.0	2.7e-41		2.7e-41	0.841	0.0	2257	0	0.881	2976	PPENT_87.1.T0790076	Paramecium pentaurelia	43138	0	Inositol 1,4,5-trisphosphate/ryanodine receptor domain-containing protein	protista_other
A0A8S1W258	ITPR	high	architecture	itpr.hmm wins by 379.7 bits (82.5% of 460.4) over 2008 profile positions	460.4	80.7	379.7	0.8247	1.9e-135	3e-21	1.9e-135	0.748	0.081	2008	399	0.83	2598	POCTA_138.1.T0790203	Paramecium octaurelia	43137	0	RyR/IP3R Homology associated domain-containing protein	protista_other
A0A8S1W630	unassigned	none	module	best profile score 29.4 < 30 bits	0.0	29.4	29.4	1.0		8.5e-06	8.5e-06	0.0	0.012	0	59	0.238	499	POCTA_138.1.T0840045	Paramecium octaurelia	43137	0	Calcium-dependent protein kinase 1	protista_other
A0A8S1W8A0	ITPR	high	architecture	itpr.hmm wins by 301.2 bits (69.0% of 436.3) over 2083 profile positions	436.3	135.1	301.2	0.6904	3.4e-128	1.2e-37	3.4e-128	0.776	0.207	2083	1021	0.83	3122	PPENT_87.1.T0840139	Paramecium pentaurelia	43138	0	Uncharacterized protein	protista_other
A0A8S1WB53	unassigned	none	module	ryr.hmm matched only 64 profile positions (< 200) — a shared module, not a family assignment	0.0	31.5	31.5	1.0		2e-06	2e-06	0.0	0.013	0	64	0.256	473	PPENT_87.1.T0850214	Paramecium pentaurelia	43138	0	Calcium-dependent protein kinase 1	protista_other
A0A8S1WC30	unassigned	none	module	ryr.hmm matched only 59 profile positions (< 200) — a shared module, not a family assignment	0.0	39.0	39.0	1.0		1.1e-08	1.1e-08	0.0	0.012	0	59	0.24	470	POCTA_138.1.T0910091	Paramecium octaurelia	43137	0	Calcium-dependent protein kinase 1	protista_other
A0A8S1WDH4	unassigned	none	module	ryr.hmm matched only 59 profile positions (< 200) — a shared module, not a family assignment	0.0	39.7	39.7	1.0		6.7e-09	6.7e-09	0.0	0.012	0	59	0.24	470	POCTA_138.1.T0890089	Paramecium octaurelia	43137	0	Calcium-dependent protein kinase 1	protista_other
A0A8S1WEK5	ITPR	high	architecture	itpr.hmm wins by 544.4 bits (70.4% of 773.2) over 2526 profile positions	773.2	228.8	544.4	0.7041	9.7e-230	7.1e-66	9.7e-230	0.941	0.32	2526	1578	0.993	2847	PPENT_87.1.T0870151	Paramecium pentaurelia	43138	0	MIR domain protein	protista_other
A0A8S1WID3	ITPR	high	architecture	itpr.hmm wins by 367.1 bits (68.3% of 537.4) over 2595 profile positions	537.4	170.3	367.1	0.6831	1.2e-158	2.9e-48	1.2e-158	0.967	0.302	2595	1489	0.998	2589	POCTA_138.1.T0930016	Paramecium octaurelia	43137	0	Uncharacterized protein	protista_other
A0A8S1WJ11	unassigned	none	module	ryr.hmm matched only 64 profile positions (< 200) — a shared module, not a family assignment	0.0	30.3	30.3	1.0		4.5e-06	4.5e-06	0.0	0.013	0	64	0.239	498	PPENT_87.1.T0910022	Paramecium pentaurelia	43138	0	Calcium-dependent protein kinase 1	protista_other
A0A8S1WJB5	unassigned	none	module	ryr.hmm matched only 108 profile positions (< 200) — a shared module, not a family assignment	0.0	32.8	32.8	1.0		7.7e-07	7.7e-07	0.0	0.022	0	108	0.312	356	PPENT_87.1.T0920115	Paramecium pentaurelia	43138	0	Uncharacterized protein	protista_other
A0A8S1WKD2	unassigned	none	module	ryr.hmm matched only 64 profile positions (< 200) — a shared module, not a family assignment	0.0	30.8	30.8	1.0		3.2e-06	3.2e-06	0.0	0.013	0	64	0.241	498	PPENT_87.1.T0860227	Paramecium pentaurelia	43138	0	Calcium-dependent protein kinase 1	protista_other
A0A8S1WLE2	unassigned	none	module	ryr.hmm matched only 59 profile positions (< 200) — a shared module, not a family assignment	0.0	43.0	43.0	1.0		6.7e-10	6.7e-10	0.0	0.012	0	59	0.24	470	PPENT_87.1.T0960091	Paramecium pentaurelia	43138	0	Calcium-dependent protein kinase 1	protista_other
A0A8S1WXC8	ITPR	high	architecture	itpr.hmm wins by 358.2 bits (68.5% of 523.1) over 2595 profile positions	523.1	164.9	358.2	0.6848	2.4e-154	1.3e-46	2.4e-154	0.967	0.295	2595	1454	0.997	2590	PPENT_87.1.T1030190	Paramecium pentaurelia	43138	0	Uncharacterized protein	protista_other
A0A8S1WXY2	ITPR	medium	partial	itpr.hmm wins by 113.0 bits (50.9% of 221.9) over 615 profile positions	221.9	108.9	113.0	0.5092	1.5e-63	9.7e-30	1.5e-63	0.229	0.046	615	227	0.318	2020	PPENT_87.1.T1070167	Paramecium pentaurelia	43138	0	Ion transport domain-containing protein	protista_other
A0A8S1X054	ITPR	high	architecture	itpr.hmm wins by 275.9 bits (56.6% of 487.5) over 2193 profile positions	487.5	211.6	275.9	0.5659	1.3e-143	1.1e-60	1.3e-143	0.817	0.144	2193	710	0.815	3000	POCTA_138.1.T1060162	Paramecium octaurelia	43137	0	Uncharacterized protein	protista_other
A0A8S1X4X1	unassigned	none	module	best profile score 29.4 < 30 bits	0.0	29.4	29.4	1.0		8.4e-06	8.4e-06	0.0	0.013	0	64	0.254	473	POCTA_138.1.T1130171	Paramecium octaurelia	43137	0	Calcium-dependent protein kinase 1	protista_other
A0A8S1X5X4	unassigned	none	module	best profile score 29.8 < 30 bits	0.0	29.8	29.8	1.0		6.5e-06	6.5e-06	0.0	0.013	0	64	0.254	473	PPENT_87.1.T1130030	Paramecium pentaurelia	43138	0	Calcium-dependent protein kinase 1	protista_other
A0A8S1X7D7	unassigned	none	module	ryr.hmm matched only 59 profile positions (< 200) — a shared module, not a family assignment	0.0	40.0	40.0	1.0		5.3e-09	5.3e-09	0.0	0.012	0	59	0.243	470	PPENT_87.1.T1140050	Paramecium pentaurelia	43138	0	Calcium-dependent protein kinase 1	protista_other
A0A8S1X8N2	unassigned	none	module	ryr.hmm matched only 64 profile positions (< 200) — a shared module, not a family assignment	0.0	31.5	31.5	1.0		2e-06	2e-06	0.0	0.013	0	64	0.256	473	POCTA_138.1.T1140070	Paramecium octaurelia	43137	0	Calcium-dependent protein kinase 1	protista_other
A0A8S1XA61	ITPR	high	architecture	itpr.hmm wins by 353.3 bits (66.6% of 530.7) over 2595 profile positions	530.7	177.4	353.3	0.6657	1.3e-156	2.2e-50	1.3e-156	0.967	0.304	2595	1499	0.998	2583	POCTA_138.1.T1160014	Paramecium octaurelia	43137	0	Uncharacterized protein	protista_other
A0A8S1XB25	unassigned	none	module	ryr.hmm matched only 59 profile positions (< 200) — a shared module, not a family assignment	0.0	37.8	37.8	1.0		2.4e-08	2.4e-08	0.0	0.012	0	59	0.801	146	PPENT_87.1.T1170074	Paramecium pentaurelia	43138	0	Calmodulin	protista_other
A0A8S1XBJ3	unassigned	none	module	ryr.hmm matched only 104 profile positions (< 200) — a shared module, not a family assignment	0.0	33.3	33.3	1.0		5.5e-07	5.5e-07	0.0	0.021	0	104	0.315	343	PPENT_87.1.T1190094	Paramecium pentaurelia	43138	0	B30.2/SPRY domain-containing protein	protista_other
A0A8S1XBU6	ITPR	high	architecture	itpr.hmm wins by 144.8 bits (100.0% of 144.8) over 2201 profile positions; no ryr.hmm hit	144.8	0.0	144.8	1.0	2.5e-40		2.5e-40	0.82	0.0	2201	0	0.863	2983	PPENT_87.1.T1180050	Paramecium pentaurelia	43138	0	Inositol 1,4,5-trisphosphate/ryanodine receptor domain-containing protein	protista_other
A0A8S1XDK7	unassigned	none	module	ryr.hmm matched only 59 profile positions (< 200) — a shared module, not a family assignment	0.0	39.3	39.3	1.0		8.6e-09	8.6e-09	0.0	0.012	0	59	0.238	470	PPENT_87.1.T1200087	Paramecium pentaurelia	43138	0	Calcium-dependent protein kinase 1	protista_other
A0A8S1XER9	unassigned	none	module	ryr.hmm matched only 59 profile positions (< 200) — a shared module, not a family assignment	0.0	30.2	30.2	1.0		4.8e-06	4.8e-06	0.0	0.012	0	59	0.237	498	PPENT_87.1.T1220030	Paramecium pentaurelia	43138	0	Calcium-dependent protein kinase 1	protista_other
A0A8S1XGV4	ITPR	medium	partial	itpr.hmm wins by 108.5 bits (50.0% of 217.2) over 682 profile positions	217.2	108.7	108.5	0.4995	3.9e-62	1.1e-29	3.9e-62	0.254	0.047	682	232	0.35	2021	POCTA_138.1.T1220057	Paramecium octaurelia	43137	0	Ion transport domain-containing protein	protista_other
A0A8S1XJF1	unassigned	none	module	ryr.hmm matched only 104 profile positions (< 200) — a shared module, not a family assignment	0.0	34.4	34.4	1.0		2.6e-07	2.6e-07	0.0	0.021	0	104	0.332	352	PPENT_87.1.T1260091	Paramecium pentaurelia	43138	0	B30.2/SPRY domain-containing protein	protista_other
A0A8S1XK37	ITPR	high	architecture	itpr.hmm wins by 374.5 bits (82.9% of 451.9) over 1983 profile positions	451.9	77.4	374.5	0.8287	6.9e-133	2.9e-20	6.9e-133	0.739	0.07	1983	345	0.821	2598	PPENT_87.1.T1270016	Paramecium pentaurelia	43138	0	RyR/IP3R Homology associated domain-containing protein	protista_other
A0A8S1XSU7	ITPR	high	architecture	itpr.hmm wins by 377.5 bits (82.7% of 456.3) over 2013 profile positions	456.3	78.8	377.5	0.8273	3.2e-134	1.1e-20	3.2e-134	0.75	0.058	2013	286	0.831	2598	PPENT_87.1.T1370129	Paramecium pentaurelia	43138	0	RyR/IP3R Homology associated domain-containing protein	protista_other
A0A8S1XUF0	unassigned	none	module	ryr.hmm matched only 104 profile positions (< 200) — a shared module, not a family assignment	0.0	31.7	31.7	1.0		1.7e-06	1.7e-06	0.0	0.021	0	104	0.327	364	POCTA_138.1.T1330095	Paramecium octaurelia	43137	0	B30.2/SPRY domain-containing protein	protista_other
A0A8S1XV53	ITPR	high	architecture	itpr.hmm wins by 282.8 bits (57.6% of 491.1) over 2418 profile positions	491.1	208.3	282.8	0.5759	1.1e-144	1.1e-59	1.1e-144	0.901	0.147	2418	725	0.915	2994	PPENT_87.1.T1390094	Paramecium pentaurelia	43138	0	Uncharacterized protein	protista_other
A0A8S1Y1H9	unassigned	none	module	ryr.hmm matched only 69 profile positions (< 200) — a shared module, not a family assignment	0.0	47.9	47.9	1.0		2.2e-11	2.2e-11	0.0	0.014	0	69	0.265	471	POCTA_138.1.T1410126	Paramecium octaurelia	43137	0	Calcium-dependent protein kinase 1	protista_other
A0A8S1Y214	ITPR	high	architecture	itpr.hmm wins by 151.3 bits (100.0% of 151.3) over 2257 profile positions; no ryr.hmm hit	151.3	0.0	151.3	1.0	2.9e-42		2.9e-42	0.841	0.0	2257	0	0.881	2975	POCTA_138.1.T1380154	Paramecium octaurelia	43137	0	TAP-C domain-containing protein	protista_other
A0A8S1Y2A8	ITPR	high	architecture	itpr.hmm wins by 513.6 bits (66.4% of 773.1) over 2550 profile positions	773.1	259.5	513.6	0.6643	1.1e-229	4.1e-75	1.1e-229	0.95	0.206	2550	1016	0.982	3015	POCTA_138.1.T1360064	Paramecium octaurelia	43137	0	Uncharacterized protein	protista_other
A0A8S1Y2F0	unassigned	none	module	ryr.hmm matched only 59 profile positions (< 200) — a shared module, not a family assignment	0.0	37.8	37.8	1.0		2.4e-08	2.4e-08	0.0	0.012	0	59	0.801	146	POCTA_138.1.T1420052	Paramecium octaurelia	43137	0	Calmodulin	protista_other
A0A8S1Y2L8	unassigned	none	module	ryr.hmm matched only 59 profile positions (< 200) — a shared module, not a family assignment	0.0	43.5	43.5	1.0		4.8e-10	4.8e-10	0.0	0.012	0	59	0.244	471	PPENT_87.1.T1470041	Paramecium pentaurelia	43138	0	Calcium-dependent protein kinase 1	protista_other
A0A8S1Y3M9	unassigned	none	module	best profile score 29.5 < 30 bits	0.0	29.5	29.5	1.0		7.6e-06	7.6e-06	0.0	0.018	0	89	0.252	365	PPENT_87.1.T1440005	Paramecium pentaurelia	43138	0	B30.2/SPRY domain-containing protein	protista_other
A0A8S1Y4U0	ITPR	medium	partial	itpr.hmm wins by 267.0 bits (55.9% of 477.3) over 856 profile positions	477.3	210.3	267.0	0.5594	1.5e-140	2.6e-60	1.5e-140	0.319	0.168	856	828	0.3	2999	PPENT_87.1.T1490078	Paramecium pentaurelia	43138	0	Uncharacterized protein	protista_other
A0A8S1Y5I9	ITPR	high	architecture	itpr.hmm wins by 272.3 bits (56.7% of 480.6) over 1672 profile positions	480.6	208.3	272.3	0.5666	1.5e-141	1.1e-59	1.5e-141	0.623	0.186	1672	917	0.56	3369	POCTA_138.1.T1400082	Paramecium octaurelia	43137	0	Uncharacterized protein	protista_other
A0A8S1Y7D1	ITPR	high	architecture	itpr.hmm wins by 374.0 bits (82.6% of 453.0) over 1978 profile positions	453.0	79.0	374.0	0.8256	3.3e-133	9.7e-21	3.3e-133	0.737	0.08	1978	394	0.819	2598	POCTA_138.1.T1460024	Paramecium octaurelia	43137	0	RyR/IP3R Homology associated domain-containing protein	protista_other
A0A8S1Y933	ITPR	high	architecture	itpr.hmm wins by 141.5 bits (100.0% of 141.5) over 2201 profile positions; no ryr.hmm hit	141.5	0.0	141.5	1.0	2.5e-39		2.5e-39	0.82	0.0	2201	0	0.847	3045	POCTA_138.1.T1480067	Paramecium octaurelia	43137	0	Inositol 1,4,5-trisphosphate/ryanodine receptor domain-containing protein	protista_other
A0A8S1Y9E8	ITPR	high	architecture	itpr.hmm wins by 596.3 bits (69.2% of 861.4) over 2603 profile positions	861.4	265.1	596.3	0.6922	2.6e-256	8.4e-77	2.6e-256	0.97	0.275	2603	1356	0.995	2886	POCTA_138.1.T1500131	Paramecium octaurelia	43137	0	MIR domain-containing protein	protista_other
A0A8S1YAA8	ITPR	high	architecture	itpr.hmm wins by 598.0 bits (69.3% of 863.3) over 2603 profile positions	863.3	265.3	598.0	0.6927	6.9e-257	7.4e-77	6.9e-257	0.97	0.274	2603	1351	0.995	2886	PPENT_87.1.T1610106	Paramecium pentaurelia	43138	0	MIR domain-containing protein	protista_other
A0A8S1YG86	unassigned	none	module	ryr.hmm matched only 59 profile positions (< 200) — a shared module, not a family assignment	0.0	49.0	49.0	1.0		1e-11	1e-11	0.0	0.012	0	59	0.258	875	PPENT_87.1.T1720065	Paramecium pentaurelia	43138	0	Calcium-dependent protein kinase 1	protista_other
A0A8T1V8J1	unassigned	none	module	ryr.hmm matched only 59 profile positions (< 200) — a shared module, not a family assignment	0.0	42.3	42.3	1.0		1.1e-09	1.1e-09	0.0	0.012	0	59	0.098	1758	PHYPSEUDO_011387	Phytophthora pseudosyringae	221518	0	EF-hand domain-containing protein	protista_other
A0A8T1V962	RYR	medium	partial	ryr.hmm wins by 112.4 bits (100.0% of 112.4) over 222 profile positions; no itpr.hmm hit	0.0	112.4	112.4	1.0		8.2e-31	8.2e-31	0.0	0.045	0	222	0.268	760	RYR3_1	Phytophthora pseudosyringae	221518	0	Ryanodine receptor 3	protista_other
A0A8T1VLH2	unassigned	none	module	ryr.hmm matched only 59 profile positions (< 200) — a shared module, not a family assignment	0.0	58.4	58.4	1.0		1.5e-14	1.5e-14	0.0	0.012	0	59	0.19	956	PPEF2_1	Phytophthora pseudosyringae	221518	0	Serine/threonine-protein phosphatase	protista_other
A0A8T1VSH3	RYR	medium	partial	ryr.hmm wins by 176.6 bits (100.0% of 176.6) over 212 profile positions; no itpr.hmm hit	0.0	176.6	176.6	1.0		3.8e-50	3.8e-50	0.0	0.043	0	212	0.159	1349	PHYPSEUDO_004885	Phytophthora pseudosyringae	221518	0	Ryanodine-inositol 1,4,5-triphosphate receptor Ca2 channel (RIR-CaC) family protein	protista_other
A0A8T1VVQ1	unassigned	none	module	ryr.hmm matched only 143 profile positions (< 200) — a shared module, not a family assignment	0.0	96.4	96.4	1.0		5.7e-26	5.7e-26	0.0	0.029	0	143	0.054	4461	PHYPSEUDO_001613	Phytophthora pseudosyringae	221518	0	HECT E3 ubiquitin ligase	protista_other
A0A8T1VWZ2	unassigned	none	module	ryr.hmm matched only 133 profile positions (< 200) — a shared module, not a family assignment	0.0	90.1	90.1	1.0		4.4e-24	4.4e-24	0.0	0.027	0	133	0.213	633	PHYPSEUDO_001175	Phytophthora pseudosyringae	221518	0	Sde2 N-terminal ubiquitin domain-containing protein	protista_other
A0A8T1VXA6	unassigned	none	module	ryr.hmm matched only 74 profile positions (< 200) — a shared module, not a family assignment	0.0	100.4	100.4	1.0		3.6e-27	3.6e-27	0.0	0.015	0	74	0.424	1263	PHYPSEUDO_002109	Phytophthora pseudosyringae	221518	0	EF-hand domain-containing protein	protista_other
A0A8T1W1U0	ITPR	high	architecture	itpr.hmm wins by 1843.2 bits (85.4% of 2158.5) over 2671 profile positions	2158.5	315.3	1843.2	0.8539	0	6.5e-92	0	0.995	0.205	2671	1011	0.956	3854	PHYPSEUDO_000592	Phytophthora pseudosyringae	221518	0	MIR domain-containing protein	protista_other
A0A8T1W327	unassigned	none	module	ryr.hmm matched only 74 profile positions (< 200) — a shared module, not a family assignment	0.0	57.6	57.6	1.0		2.7e-14	2.7e-14	0.0	0.015	0	74	0.872	149	CMD1	Phytophthora pseudosyringae	221518	0	Calmodulin	protista_other
A0A8T1W5G0	unassigned	none	module	ryr.hmm matched only 69 profile positions (< 200) — a shared module, not a family assignment	0.0	47.3	47.3	1.0		3.5e-11	3.5e-11	0.0	0.014	0	69	0.123	3076	PHYPSEUDO_012292	Phytophthora pseudosyringae	221518	0	EF-hand domain-containing protein	protista_other
A0A8T1W7Y4	unassigned	none	module	ryr.hmm matched only 128 profile positions (< 200) — a shared module, not a family assignment	0.0	179.2	179.2	1.0		6.3e-51	6.3e-51	0.0	0.026	0	128	0.157	1405	PHYPSEUDO_010024	Phytophthora pseudosyringae	221518	0	Ryanodine-inositol 1,4,5-triphosphate receptor Ca2 channel (RIR-CaC) family protein	protista_other
A0A8T1WBC4	unassigned	none	module	ryr.hmm matched only 133 profile positions (< 200) — a shared module, not a family assignment	0.0	108.2	108.2	1.0		1.6e-29	1.6e-29	0.0	0.027	0	133	0.05	4803	RSPRY1	Phytophthora pseudosyringae	221518	0	RING finger and SPRY domain-containing protein 1	protista_other
A0A8T1WIY1	RYR	medium	partial	ryr.hmm wins by 124.3 bits (100.0% of 124.3) over 256 profile positions; no itpr.hmm hit	0.0	124.3	124.3	1.0		2.2e-34	2.2e-34	0.0	0.052	0	256	0.051	6509	PHYPSEUDO_000166	Phytophthora pseudosyringae	221518	0	HECT E3 ubiquitin ligase	protista_other
A0A8T1WJ25	unassigned	none	module	ryr.hmm matched only 74 profile positions (< 200) — a shared module, not a family assignment	0.0	57.6	57.6	1.0		2.7e-14	2.7e-14	0.0	0.015	0	74	0.872	149	CMD1_2	Phytophthora boehmeriae	109152	0	Calmodulin	protista_other
A0A8T1WKY3	unassigned	none	module	ryr.hmm matched only 59 profile positions (< 200) — a shared module, not a family assignment	0.0	42.4	42.4	1.0		9.9e-10	9.9e-10	0.0	0.012	0	59	0.208	583	PHYPSEUDO_000018	Phytophthora pseudosyringae	221518	0	Calmodulin	protista_other
A0A8T1WR36	unassigned	none	module	ryr.hmm matched only 69 profile positions (< 200) — a shared module, not a family assignment	0.0	71.6	71.6	1.0		1.7e-18	1.7e-18	0.0	0.014	0	69	0.402	1143	PHYBOEH_004630	Phytophthora boehmeriae	109152	0	EF-hand domain-containing protein	protista_other
A0A8T1WUV2	unassigned	none	module	ryr.hmm matched only 59 profile positions (< 200) — a shared module, not a family assignment	0.0	58.0	58.0	1.0		2e-14	2e-14	0.0	0.012	0	59	0.195	934	PPEF2_1	Phytophthora boehmeriae	109152	0	Serine/threonine-protein phosphatase	protista_other
A0A8T1X047	unassigned	none	module	ryr.hmm matched only 163 profile positions (< 200) — a shared module, not a family assignment	0.0	96.5	96.5	1.0		5.3e-26	5.3e-26	0.0	0.033	0	163	0.264	605	PHYBOEH_000851	Phytophthora boehmeriae	109152	0	Sde2 N-terminal ubiquitin domain-containing protein	protista_other
A0A8T1X0W1	unassigned	none	module	ryr.hmm matched only 64 profile positions (< 200) — a shared module, not a family assignment	0.0	49.9	49.9	1.0		5.7e-12	5.7e-12	0.0	0.013	0	64	0.195	2609	PHYBOEH_007598	Phytophthora boehmeriae	109152	0	EF-hand domain-containing protein	protista_other
A0A8T1X2B6	unassigned	none	module	ryr.hmm matched only 133 profile positions (< 200) — a shared module, not a family assignment	0.0	182.4	182.4	1.0		6.6e-52	6.6e-52	0.0	0.027	0	133	0.161	1389	PHYBOEH_011562	Phytophthora boehmeriae	109152	0	Ryanodine-inositol 1,4,5-triphosphate receptor Ca2 channel (RIR-CaC) family protein	protista_other
A0A8T1X2Q0	unassigned	none	module	best profile score 29.5 < 30 bits	0.0	29.5	29.5	1.0		7.8e-06	7.8e-06	0.0	0.012	0	59	0.113	1046	PHYBOEH_011512	Phytophthora boehmeriae	109152	0	EF-hand domain-containing protein	protista_other
A0A8T1X417	unassigned	none	module	itpr.hmm matched only 145 profile positions (< 200) — a shared module, not a family assignment	83.6	0.0	83.6	1.0	7.4e-22		7.4e-22	0.054	0.0	145	0	0.47	349	PHYBOEH_004742	Phytophthora boehmeriae	109152	0	MIR domain-containing protein	protista_other
A0A8T1X4A0	RYR	medium	partial	ryr.hmm wins by 115.2 bits (100.0% of 115.2) over 222 profile positions; no itpr.hmm hit	0.0	115.2	115.2	1.0		1.2e-31	1.2e-31	0.0	0.045	0	222	0.269	759	RYR3_2	Phytophthora boehmeriae	109152	0	Ryanodine receptor 3	protista_other
A0A8T1X9X1	unassigned	none	module	ryr.hmm matched only 64 profile positions (< 200) — a shared module, not a family assignment	0.0	52.9	52.9	1.0		7e-13	7e-13	0.0	0.013	0	64	0.221	562	PHYBOEH_004064	Phytophthora boehmeriae	109152	0	Calmodulin	protista_other
A0A8T1XDM5	RYR	medium	partial	ryr.hmm wins by 179.3 bits (100.0% of 179.3) over 222 profile positions; no itpr.hmm hit	0.0	179.3	179.3	1.0		5.7e-51	5.7e-51	0.0	0.045	0	222	0.175	1252	PHYBOEH_001025	Phytophthora boehmeriae	109152	0	Ryanodine-inositol 1,4,5-triphosphate receptor Ca2 channel (RIR-CaC) family protein	protista_other
A0A976FDW6	unassigned	none	module	ryr.hmm matched only 197 profile positions (< 200) — a shared module, not a family assignment	0.0	118.3	118.3	1.0		1.4e-32	1.4e-32	0.0	0.04	0	197	0.041	6727	CCR75_002142	Bremia lactucae	4779	0	B30.2/SPRY domain-containing protein	protista_other
A0A976FJ32	unassigned	none	module	ryr.hmm matched only 133 profile positions (< 200) — a shared module, not a family assignment	0.0	99.4	99.4	1.0		6.9e-27	6.9e-27	0.0	0.027	0	133	0.05	4798	CCR75_004250	Bremia lactucae	4779	0	HECT E3 ubiquitin ligase	protista_other
A0A976FJT1	RYR	medium	partial	ryr.hmm wins by 183.3 bits (100.0% of 183.3) over 242 profile positions; no itpr.hmm hit	0.0	183.3	183.3	1.0		3.7e-52	3.7e-52	0.0	0.049	0	242	0.199	1239	CCR75_004201	Bremia lactucae	4779	0	Uncharacterized protein	protista_other
A0A976FK03	unassigned	none	module	ryr.hmm matched only 69 profile positions (< 200) — a shared module, not a family assignment	0.0	63.8	63.8	1.0		3.7e-16	3.7e-16	0.0	0.014	0	69	0.203	935	CCR75_004762	Bremia lactucae	4779	0	Serine/threonine-protein phosphatase	protista_other
A0A976IBM4	unassigned	none	module	ryr.hmm matched only 123 profile positions (< 200) — a shared module, not a family assignment	0.0	176.6	176.6	1.0		3.8e-50	3.8e-50	0.0	0.025	0	123	0.15	1404	CCR75_003900	Bremia lactucae	4779	0	Ryanodine-inositol 1,4,5-triphosphate receptor Ca2 channel (RIR-CaC) family protein	protista_other
A0A976IJ93	unassigned	none	module	ryr.hmm matched only 128 profile positions (< 200) — a shared module, not a family assignment	0.0	89.4	89.4	1.0		7.3e-24	7.3e-24	0.0	0.026	0	128	0.213	623	CCR75_008296	Bremia lactucae	4779	0	Uncharacterized protein	protista_other
A0A976NYW3	unassigned	none	module	ryr.hmm matched only 74 profile positions (< 200) — a shared module, not a family assignment	0.0	57.6	57.6	1.0		2.7e-14	2.7e-14	0.0	0.015	0	74	0.872	149	CCR75_001036	Bremia lactucae	4779	0	Calmodulin	protista_other
A0A9C7PT97	unassigned	none	module	ryr.hmm matched only 89 profile positions (< 200) — a shared module, not a family assignment	0.0	65.7	65.7	1.0		1e-16	1e-16	0.0	0.018	0	89	0.121	720	GpartN1_g2159.t1	Galdieria partita	83374	0	ATP-dependent RNA helicase	protista_other
A0A9C7Q2S1	unassigned	none	module	ryr.hmm matched only 59 profile positions (< 200) — a shared module, not a family assignment	0.0	51.8	51.8	1.0		1.5e-12	1.5e-12	0.0	0.012	0	59	0.723	159	GpartN1_g6947.t1	Galdieria partita	83374	0	EF-hand domain-containing protein	protista_other
A0A9C7UQ21	unassigned	none	module	ryr.hmm matched only 79 profile positions (< 200) — a shared module, not a family assignment	0.0	39.5	39.5	1.0		7.7e-09	7.7e-09	0.0	0.016	0	79	0.199	413	GpartN1_g1985.t1	Galdieria partita	83374	0	B30.2/SPRY domain-containing protein	protista_other
A0A9C7USX3	unassigned	none	module	ryr.hmm matched only 59 profile positions (< 200) — a shared module, not a family assignment	0.0	52.3	52.3	1.0		1e-12	1e-12	0.0	0.012	0	59	0.723	159	GpartN1_g6079.t1	Galdieria partita	83374	0	EF-hand domain-containing protein	protista_other
A0A9D5HXV5	unassigned	none	module	ryr.hmm matched only 69 profile positions (< 200) — a shared module, not a family assignment	0.0	50.2	50.2	1.0		4.5e-12	4.5e-12	0.0	0.014	0	69	0.872	149	OJ252_2287	Cryptosporidium canis	195482	0	Calmodulin	protista_other
A0A9K3KZL0	unassigned	none	module	ryr.hmm matched only 59 profile positions (< 200) — a shared module, not a family assignment	0.0	50.7	50.7	1.0		3.2e-12	3.2e-12	0.0	0.012	0	59	0.804	148	IV203_008407	Nitzschia inconspicua	303405	0	Calmodulin	protista_other
A0A9K3L0N9	unassigned	none	module	ryr.hmm matched only 84 profile positions (< 200) — a shared module, not a family assignment	0.0	40.2	40.2	1.0		4.7e-09	4.7e-09	0.0	0.017	0	84	0.102	938	IV203_008624	Nitzschia inconspicua	303405	0	Telomere stability protein	protista_other
A0A9K3L107	unassigned	none	module	ryr.hmm matched only 138 profile positions (< 200) — a shared module, not a family assignment	0.0	69.7	69.7	1.0		6.3e-18	6.3e-18	0.0	0.028	0	138	0.028	5060	IV203_009202	Nitzschia inconspicua	303405	0	HECT-domain ubiquitin-transferase	protista_other
A0A9K3L5D1	unassigned	none	module	ryr.hmm matched only 64 profile positions (< 200) — a shared module, not a family assignment	0.0	40.5	40.5	1.0		3.7e-09	3.7e-09	0.0	0.013	0	64	0.197	595	IV203_004487	Nitzschia inconspicua	303405	0	Serine/threonine protein kinase	protista_other
A0A9K3LCF8	unassigned	none	module	ryr.hmm matched only 64 profile positions (< 200) — a shared module, not a family assignment	0.0	40.5	40.5	1.0		3.7e-09	3.7e-09	0.0	0.013	0	64	0.196	596	IV203_015764	Nitzschia inconspicua	303405	0	Serine/threonine protein kinase	protista_other
A0A9K3LJL2	unassigned	none	module	ryr.hmm matched only 74 profile positions (< 200) — a shared module, not a family assignment	0.0	52.4	52.4	1.0		9.6e-13	9.6e-13	0.0	0.015	0	74	0.872	149	IV203_026243	Nitzschia inconspicua	303405	0	Calmodulin	protista_other
A0A9K3LLY5	unassigned	none	module	ryr.hmm matched only 54 profile positions (< 200) — a shared module, not a family assignment	0.0	42.8	42.8	1.0		7.7e-10	7.7e-10	0.0	0.011	0	54	0.752	149	IV203_026241	Nitzschia inconspicua	303405	0	Calmodulin	protista_other
A0A9K3LQJ6	unassigned	none	module	ryr.hmm matched only 59 profile positions (< 200) — a shared module, not a family assignment	0.0	51.2	51.2	1.0		2.3e-12	2.3e-12	0.0	0.012	0	59	0.804	148	IV203_029112	Nitzschia inconspicua	303405	0	Calmodulin	protista_other
A0A9K3Q374	unassigned	none	module	ryr.hmm matched only 84 profile positions (< 200) — a shared module, not a family assignment	0.0	38.6	38.6	1.0		1.5e-08	1.5e-08	0.0	0.017	0	84	0.102	940	IV203_029314	Nitzschia inconspicua	303405	0	Telomere stability protein	protista_other
A0A9K3Q3P6	unassigned	none	module	ryr.hmm matched only 138 profile positions (< 200) — a shared module, not a family assignment	0.0	69.5	69.5	1.0		7.2e-18	7.2e-18	0.0	0.028	0	138	0.028	5060	IV203_029854	Nitzschia inconspicua	303405	0	HECT-domain ubiquitin-transferase	protista_other
A0A9N8D4S3	unassigned	none	module	ryr.hmm matched only 94 profile positions (< 200) — a shared module, not a family assignment	0.0	60.7	60.7	1.0		3.2e-15	3.2e-15	0.0	0.019	0	94	0.169	587	SEMRO_4_G003730.1	Seminavis robusta	568900	0	RING finger and SPRY domain-containing protein 1	protista_other
A0A9N8DCD4	unassigned	none	module	ryr.hmm matched only 84 profile positions (< 200) — a shared module, not a family assignment	0.0	75.1	75.1	1.0		1.5e-19	1.5e-19	0.0	0.017	0	84	0.018	5192	SEMRO_79_G042900.1	Seminavis robusta	568900	0	Probable E3 ubiquitin-protein ligase hulA	protista_other
A0A9N8DW93	unassigned	none	module	ryr.hmm matched only 54 profile positions (< 200) — a shared module, not a family assignment	0.0	41.4	41.4	1.0		2.1e-09	2.1e-09	0.0	0.011	0	54	0.737	152	SEMRO_321_G116830.1	Seminavis robusta	568900	0	Calmodulin	protista_other
A0A9N8DWX7	unassigned	none	module	ryr.hmm matched only 59 profile positions (< 200) — a shared module, not a family assignment	0.0	37.2	37.2	1.0		3.9e-08	3.9e-08	0.0	0.012	0	59	0.205	542	SEMRO_414_G138230.1	Seminavis robusta	568900	0	MAP kinase-activated protein kinase 2	protista_other
A0A9N8EEM0	unassigned	none	module	ryr.hmm matched only 74 profile positions (< 200) — a shared module, not a family assignment	0.0	52.4	52.4	1.0		9.6e-13	9.6e-13	0.0	0.015	0	74	0.872	149	SEMRO_1012_G231150.1	Seminavis robusta	568900	0	Calmodulin	protista_other
A0A9N8EJ10	unassigned	none	module	ryr.hmm matched only 54 profile positions (< 200) — a shared module, not a family assignment	0.0	45.3	45.3	1.0		1.4e-10	1.4e-10	0.0	0.011	0	54	0.758	149	SEMRO_1012_G231170.1	Seminavis robusta	568900	0	Calmodulin-1	protista_other
A0A9N8EML1	unassigned	none	module	ryr.hmm matched only 54 profile positions (< 200) — a shared module, not a family assignment	0.0	39.6	39.6	1.0		7e-09	7e-09	0.0	0.011	0	54	0.737	152	SEMRO_1478_G276060.1	Seminavis robusta	568900	0	Calmodulin	protista_other
A0A9N8HCK6	unassigned	none	module	ryr.hmm matched only 59 profile positions (< 200) — a shared module, not a family assignment	0.0	37.2	37.2	1.0		3.7e-08	3.7e-08	0.0	0.012	0	59	0.182	600	SEMRO_414_G138220.1	Seminavis robusta	568900	0	MAP kinase-activated protein kinase 2	protista_other
A0A9P1BTT4	unassigned	none	module	ryr.hmm matched only 54 profile positions (< 200) — a shared module, not a family assignment	0.0	39.1	39.1	1.0		9.8e-09	9.8e-09	0.0	0.011	0	54	0.214	541	C1SCF055_LOCUS7460	Cladocopium goreaui	2562237	0	non-specific serine/threonine protein kinase	protista_other
A0A9P1BVX3	unassigned	none	module	ryr.hmm matched only 64 profile positions (< 200) — a shared module, not a family assignment	0.0	30.0	30.0	1.0		5.7e-06	5.7e-06	0.0	0.013	0	64	0.131	489	C1SCF055_LOCUS7032	Cladocopium goreaui	2562237	0	Calmodulin (Fragment)	protista_other
A0A9P1C2C7	unassigned	none	module	ryr.hmm matched only 84 profile positions (< 200) — a shared module, not a family assignment	0.0	35.7	35.7	1.0		1.1e-07	1.1e-07	0.0	0.017	0	84	0.052	1551	C1SCF055_LOCUS11124	Cladocopium goreaui	2562237	0	Regulator of nonsense transcripts 1	protista_other
A0A9P1C866	unassigned	none	module	ryr.hmm matched only 59 profile positions (< 200) — a shared module, not a family assignment	0.0	35.9	35.9	1.0		9.1e-08	9.1e-08	0.0	0.012	0	59	0.161	1107	C1SCF055_LOCUS13889	Cladocopium goreaui	2562237	0	Calcium-dependent protein kinase 1	protista_other
A0A9P1CNL7	unassigned	none	module	ryr.hmm matched only 59 profile positions (< 200) — a shared module, not a family assignment	0.0	34.0	34.0	1.0		3.6e-07	3.6e-07	0.0	0.012	0	59	0.634	183	C1SCF055_LOCUS21503	Cladocopium goreaui	2562237	0	Calcium-dependent protein kinase 2 (PfCDPK2) (Fragment)	protista_other
A0A9P1CNX6	unassigned	none	module	ryr.hmm matched only 79 profile positions (< 200) — a shared module, not a family assignment	0.0	35.7	35.7	1.0		1.1e-07	1.1e-07	0.0	0.016	0	79	0.08	1086	C1SCF055_LOCUS22173	Cladocopium goreaui	2562237	0	Ankyrin repeat domain-containing protein 17	protista_other
A0A9P1CPL3	unassigned	none	module	ryr.hmm matched only 69 profile positions (< 200) — a shared module, not a family assignment	0.0	38.3	38.3	1.0		1.8e-08	1.8e-08	0.0	0.014	0	69	0.796	152	C1SCF055_LOCUS22678	Cladocopium goreaui	2562237	0	Calmodulin	protista_other
A0A9P1CPU7	unassigned	none	module	best profile score 29.9 < 30 bits	0.0	29.9	29.9	1.0		6e-06	6e-06	0.0	0.013	0	64	0.579	209	C1SCF055_LOCUS22047	Cladocopium goreaui	2562237	0	Calmodulin	protista_other
A0A9P1CWV3	unassigned	none	module	ryr.hmm matched only 54 profile positions (< 200) — a shared module, not a family assignment	0.0	32.3	32.3	1.0		1.1e-06	1.1e-06	0.0	0.011	0	54	0.234	492	C1SCF055_LOCUS25182	Cladocopium goreaui	2562237	0	Calcium-dependent protein kinase 1 (Fragment)	protista_other
A0A9P1CX26	unassigned	none	module	ryr.hmm matched only 69 profile positions (< 200) — a shared module, not a family assignment	0.0	57.7	57.7	1.0		2.5e-14	2.5e-14	0.0	0.014	0	69	0.872	149	C1SCF055_LOCUS25477	Cladocopium goreaui	2562237	0	Calmodulin	protista_other
A0A9P1D8Y4	unassigned	none	module	ryr.hmm matched only 89 profile positions (< 200) — a shared module, not a family assignment	0.0	38.0	38.0	1.0		2.2e-08	2.2e-08	0.0	0.018	0	89	0.043	2170	C1SCF055_LOCUS31100	Cladocopium goreaui	2562237	0	RING-type E3 ubiquitin transferase	protista_other
A0A9P1DBA1	unassigned	none	module	ryr.hmm matched only 64 profile positions (< 200) — a shared module, not a family assignment	0.0	30.6	30.6	1.0		3.7e-06	3.7e-06	0.0	0.013	0	64	0.148	809	C1SCF055_LOCUS32718	Cladocopium goreaui	2562237	0	non-specific serine/threonine protein kinase (Fragment)	protista_other
A0A9P1DMI3	unassigned	none	module	ryr.hmm matched only 79 profile positions (< 200) — a shared module, not a family assignment	0.0	35.7	35.7	1.0		1.1e-07	1.1e-07	0.0	0.016	0	79	0.08	1086	C1SCF055_LOCUS37860	Cladocopium goreaui	2562237	0	Ankyrin repeat domain-containing protein 17	protista_other
A0A9P1FDP6	unassigned	none	module	best profile score 29.8 < 30 bits	0.0	29.8	29.8	1.0		6.3e-06	6.3e-06	0.0	0.013	0	64	0.789	161	C1SCF055_LOCUS1583	Cladocopium goreaui	2562237	0	Calmodulin	protista_other
A0A9P1FU08	unassigned	none	module	ryr.hmm matched only 104 profile positions (< 200) — a shared module, not a family assignment	0.0	54.4	54.4	1.0		2.6e-13	2.6e-13	0.0	0.021	0	104	0.051	1954	C1SCF055_LOCUS15576	Cladocopium goreaui	2562237	0	ATP-dependent RNA helicase	protista_other
A0A9P1FUX3	unassigned	none	module	ryr.hmm matched only 89 profile positions (< 200) — a shared module, not a family assignment	0.0	50.9	50.9	1.0		2.9e-12	2.9e-12	0.0	0.018	0	89	0.086	2104	C1SCF055_LOCUS14978	Cladocopium goreaui	2562237	0	Ankyrin repeat domain-containing protein 17	protista_other
A0A9P1FWY7	unassigned	none	module	ryr.hmm matched only 104 profile positions (< 200) — a shared module, not a family assignment	0.0	58.5	58.5	1.0		1.5e-14	1.5e-14	0.0	0.021	0	104	0.337	297	C1SCF055_LOCUS18570	Cladocopium goreaui	2562237	0	DEAD box protein 1	protista_other
A0A9P1FZ39	unassigned	none	module	ryr.hmm matched only 54 profile positions (< 200) — a shared module, not a family assignment	0.0	33.8	33.8	1.0		4e-07	4e-07	0.0	0.011	0	54	0.239	482	C1SCF055_LOCUS20217	Cladocopium goreaui	2562237	0	non-specific serine/threonine protein kinase	protista_other
A0A9P1GCQ6	unassigned	none	module	ryr.hmm matched only 54 profile positions (< 200) — a shared module, not a family assignment	0.0	38.2	38.2	1.0		1.9e-08	1.9e-08	0.0	0.011	0	54	0.653	170	C1SCF055_LOCUS34005	Cladocopium goreaui	2562237	0	EF-hand domain-containing protein	protista_other
A0A9P1GGB2	unassigned	none	module	ryr.hmm matched only 64 profile positions (< 200) — a shared module, not a family assignment	0.0	33.5	33.5	1.0		4.8e-07	4.8e-07	0.0	0.013	0	64	0.176	680	C1SCF055_LOCUS37535	Cladocopium goreaui	2562237	0	Calcium-dependent protein kinase 3	protista_other
A0A9P1GQI5	unassigned	none	module	ryr.hmm matched only 143 profile positions (< 200) — a shared module, not a family assignment	0.0	30.3	30.3	1.0		4.6e-06	4.6e-06	0.0	0.029	0	143	0.624	234	C1SCF055_LOCUS43689	Cladocopium goreaui	2562237	0	B30.2/SPRY domain-containing protein	protista_other
A0A9P1M5K2	unassigned	none	module	ryr.hmm matched only 64 profile positions (< 200) — a shared module, not a family assignment	0.0	36.4	36.4	1.0		6.7e-08	6.7e-08	0.0	0.013	0	64	0.349	338	C1SCF055_LOCUS44581	Cladocopium goreaui	2562237	0	Calcium-dependent protein kinase 3 (OsCDPK3) (OsCPK3)	protista_other
A0A9Q0L7C7	unassigned	none	module	ryr.hmm matched only 54 profile positions (< 200) — a shared module, not a family assignment	0.0	44.9	44.9	1.0		1.8e-10	1.8e-10	0.0	0.011	0	54	0.755	151	M0811_13155	Anaeramoeba ignava	1746090	0	Calmodulin-7	protista_other
A0A9Q0L7D7	unassigned	none	module	ryr.hmm matched only 153 profile positions (< 200) — a shared module, not a family assignment	0.0	36.2	36.2	1.0		7.7e-08	7.7e-08	0.0	0.031	0	153	0.109	1384	M0811_13170	Anaeramoeba ignava	1746090	0	Ran-binding protein	protista_other
A0A9Q0L9W7	unassigned	none	module	ryr.hmm matched only 94 profile positions (< 200) — a shared module, not a family assignment	0.0	43.5	43.5	1.0		4.6e-10	4.6e-10	0.0	0.019	0	94	0.329	310	M0811_12641	Anaeramoeba ignava	1746090	0	Ran-binding protein m	protista_other
A0A9Q0LUH4	unassigned	none	module	ryr.hmm matched only 64 profile positions (< 200) — a shared module, not a family assignment	0.0	32.6	32.6	1.0		9.4e-07	9.4e-07	0.0	0.013	0	64	0.83	147	M0811_04299	Anaeramoeba ignava	1746090	0	Calmodulin-1	protista_other
A0A9Q0R6P3	unassigned	none	module	ryr.hmm matched only 84 profile positions (< 200) — a shared module, not a family assignment	0.0	32.1	32.1	1.0		1.3e-06	1.3e-06	0.0	0.017	0	84	0.164	532	M0811_02406	Anaeramoeba ignava	1746090	0	Ran-binding protein m	protista_other
A0A9Q0RBM1	unassigned	none	module	ryr.hmm matched only 138 profile positions (< 200) — a shared module, not a family assignment	0.0	37.5	37.5	1.0		3e-08	3e-08	0.0	0.028	0	138	0.187	705	M0811_00891	Anaeramoeba ignava	1746090	0	ATP-dependent RNA helicase DDX1	protista_other
A0A9W5TCD2	unassigned	none	module	ryr.hmm matched only 54 profile positions (< 200) — a shared module, not a family assignment	0.0	52.2	52.2	1.0		1.1e-12	1.1e-12	0.0	0.011	0	54	0.758	149	BaOVIS_012410	Babesia ovis	5869	0	Calmodulin	protista_other
A0A9W5WUB0	unassigned	none	module	ryr.hmm matched only 79 profile positions (< 200) — a shared module, not a family assignment	0.0	33.9	33.9	1.0		3.6e-07	3.6e-07	0.0	0.016	0	79	0.154	953	BaOVIS_011320	Babesia ovis	5869	0	Serine/threonine-protein phosphatase	protista_other
A0A9W6TC91	RYR	medium	partial	ryr.hmm wins by 110.0 bits (100.0% of 110.0) over 207 profile positions; no itpr.hmm hit	0.0	110.0	110.0	1.0		4.4e-30	4.4e-30	0.0	0.042	0	207	0.194	974	Plil01_000085600	Phytophthora lilii	2077276	0	Unnamed protein product	protista_other
A0A9W6TGM9	unassigned	none	module	ryr.hmm matched only 133 profile positions (< 200) — a shared module, not a family assignment	0.0	90.6	90.6	1.0		3.2e-24	3.2e-24	0.0	0.027	0	133	0.227	612	Plil01_000339500	Phytophthora lilii	2077276	0	Unnamed protein product	protista_other
A0A9W6TLX1	unassigned	none	module	ryr.hmm matched only 64 profile positions (< 200) — a shared module, not a family assignment	0.0	49.2	49.2	1.0		9.3e-12	9.3e-12	0.0	0.013	0	64	0.102	3110	Plil01_000566300	Phytophthora lilii	2077276	0	Unnamed protein product	protista_other
A0A9W6TQ80	unassigned	none	module	ryr.hmm matched only 143 profile positions (< 200) — a shared module, not a family assignment	0.0	106.4	106.4	1.0		5.2e-29	5.2e-29	0.0	0.029	0	143	0.071	3473	Pfra01_000135600	Phytophthora fragariaefolia	1490495	0	Unnamed protein product	protista_other
A0A9W6TRE8	RYR	medium	partial	ryr.hmm wins by 130.2 bits (100.0% of 130.2) over 256 profile positions; no itpr.hmm hit	0.0	130.2	130.2	1.0		3.7e-36	3.7e-36	0.0	0.052	0	256	0.051	6538	Plil01_000677400	Phytophthora lilii	2077276	0	Unnamed protein product	protista_other
A0A9W6TTJ9	RYR	medium	partial	ryr.hmm wins by 96.7 bits (100.0% of 96.7) over 202 profile positions; no itpr.hmm hit	0.0	96.7	96.7	1.0		4.5e-26	4.5e-26	0.0	0.041	0	202	0.384	529	Pfra01_000182700	Phytophthora fragariaefolia	1490495	0	Unnamed protein product	protista_other
A0A9W6U0J1	unassigned	none	module	ryr.hmm matched only 79 profile positions (< 200) — a shared module, not a family assignment	0.0	40.7	40.7	1.0		3.3e-09	3.3e-09	0.0	0.016	0	79	0.164	1499	Pfra01_000371600	Phytophthora fragariaefolia	1490495	0	Unnamed protein product	protista_other
A0A9W6U273	unassigned	none	module	ryr.hmm matched only 69 profile positions (< 200) — a shared module, not a family assignment	0.0	66.8	66.8	1.0		4.4e-17	4.4e-17	0.0	0.014	0	69	0.228	837	Plil01_001005100	Phytophthora lilii	2077276	0	Serine/threonine-protein phosphatase	protista_other
A0A9W6U7T9	ITPR	high	architecture	itpr.hmm wins by 1441.6 bits (82.9% of 1739.7) over 2442 profile positions	1739.7	298.1	1441.6	0.8286	0	9.5e-87	0	0.91	0.23	2442	1134	0.951	3461	Pfra01_000567300	Phytophthora fragariaefolia	1490495	0	Unnamed protein product	protista_other
A0A9W6U9S9	unassigned	none	module	itpr.hmm matched only 121 profile positions (< 200) — a shared module, not a family assignment	67.9	0.0	67.9	1.0	4e-17		4e-17	0.045	0.0	121	0	0.502	283	Pfra01_000567400	Phytophthora fragariaefolia	1490495	0	Unnamed protein product	protista_other
A0A9W6WFJ7	unassigned	none	module	itpr.hmm matched only 188 profile positions (< 200) — a shared module, not a family assignment	122.2	0.0	122.2	1.0	1.7e-33		1.7e-33	0.07	0.0	188	0	0.995	202	Plil01_000142100	Phytophthora lilii	2077276	0	Unnamed protein product	protista_other
A0A9W6WLT8	unassigned	none	module	ryr.hmm matched only 123 profile positions (< 200) — a shared module, not a family assignment	0.0	183.1	183.1	1.0		4.2e-52	4.2e-52	0.0	0.025	0	123	0.153	1390	Plil01_000039700	Phytophthora lilii	2077276	0	Unnamed protein product	protista_other
A0A9W6WMY3	unassigned	none	module	itpr.hmm matched only 148 profile positions (< 200) — a shared module, not a family assignment	97.1	0.0	97.1	1.0	6e-26		6e-26	0.055	0.0	148	0	0.479	355	Plil01_000142200	Phytophthora lilii	2077276	0	Unnamed protein product	protista_other
A0A9W6WNM1	ITPR	high	architecture	itpr.hmm wins by 1385.2 bits (82.9% of 1671.0) over 2257 profile positions	1671.0	285.8	1385.2	0.829	0	4.8e-83	0	0.841	0.23	2257	1134	0.944	3332	Plil01_000142000	Phytophthora lilii	2077276	0	Unnamed protein product	protista_other
A0A9W6WPA3	RYR	medium	partial	ryr.hmm wins by 115.1 bits (100.0% of 115.1) over 212 profile positions; no itpr.hmm hit	0.0	115.1	115.1	1.0		1.3e-31	1.3e-31	0.0	0.043	0	212	0.258	761	Pfra01_000288100	Phytophthora fragariaefolia	1490495	0	Unnamed protein product	protista_other
A0A9W6WUY2	RYR	medium	partial	ryr.hmm wins by 183.7 bits (100.0% of 183.7) over 217 profile positions; no itpr.hmm hit	0.0	183.7	183.7	1.0		2.8e-52	2.8e-52	0.0	0.044	0	217	0.166	1298	Plil01_000652900	Phytophthora lilii	2077276	0	Unnamed protein product	protista_other
A0A9W6X2X5	unassigned	none	module	ryr.hmm matched only 64 profile positions (< 200) — a shared module, not a family assignment	0.0	31.9	31.9	1.0		1.5e-06	1.5e-06	0.0	0.013	0	64	0.175	737	Plil01_001164600	Phytophthora lilii	2077276	0	Unnamed protein product	protista_other
A0A9W6X3U4	unassigned	none	module	ryr.hmm matched only 143 profile positions (< 200) — a shared module, not a family assignment	0.0	107.6	107.6	1.0		2.3e-29	2.3e-29	0.0	0.029	0	143	0.073	3184	Plil01_001243100	Phytophthora lilii	2077276	0	Unnamed protein product	protista_other
A0A9W6X7R1	unassigned	none	module	ryr.hmm matched only 79 profile positions (< 200) — a shared module, not a family assignment	0.0	103.1	103.1	1.0		5.2e-28	5.2e-28	0.0	0.016	0	79	0.436	1219	Pfra01_000814500	Phytophthora fragariaefolia	1490495	0	Unnamed protein product	protista_other
A0A9W6XGT7	unassigned	none	module	ryr.hmm matched only 59 profile positions (< 200) — a shared module, not a family assignment	0.0	61.0	61.0	1.0		2.5e-15	2.5e-15	0.0	0.012	0	59	0.223	815	Pfra01_001091600	Phytophthora fragariaefolia	1490495	0	Serine/threonine-protein phosphatase	protista_other
A0A9W6XGT8	unassigned	none	module	ryr.hmm matched only 123 profile positions (< 200) — a shared module, not a family assignment	0.0	181.4	181.4	1.0		1.4e-51	1.4e-51	0.0	0.025	0	123	0.152	1396	Pfra01_001135600	Phytophthora fragariaefolia	1490495	0	Unnamed protein product	protista_other
A0A9W6XLM7	RYR	medium	partial	ryr.hmm wins by 49.0 bits (100.0% of 49.0) over 212 profile positions; no itpr.hmm hit	0.0	49.0	49.0	1.0		1.1e-11	1.1e-11	0.0	0.043	0	212	0.103	2045	Pfra01_001294400	Phytophthora fragariaefolia	1490495	0	Unnamed protein product	protista_other
A0A9W6XZ10	unassigned	none	module	ryr.hmm matched only 133 profile positions (< 200) — a shared module, not a family assignment	0.0	109.2	109.2	1.0		7.8e-30	7.8e-30	0.0	0.027	0	133	0.05	4737	Pfra01_001834500	Phytophthora fragariaefolia	1490495	0	Unnamed protein product	protista_other
A0A9W6YEV6	unassigned	none	module	ryr.hmm matched only 74 profile positions (< 200) — a shared module, not a family assignment	0.0	57.6	57.6	1.0		2.7e-14	2.7e-14	0.0	0.015	0	74	0.872	149	Plil01_001830200	Phytophthora lilii	2077276	0	Calmodulin	protista_other
A0A9W6YGZ0	unassigned	none	module	ryr.hmm matched only 133 profile positions (< 200) — a shared module, not a family assignment	0.0	108.4	108.4	1.0		1.3e-29	1.3e-29	0.0	0.027	0	133	0.049	4823	Plil01_001731600	Phytophthora lilii	2077276	0	Unnamed protein product	protista_other
A0A9W6YI02	unassigned	none	module	ryr.hmm matched only 74 profile positions (< 200) — a shared module, not a family assignment	0.0	50.9	50.9	1.0		2.9e-12	2.9e-12	0.0	0.015	0	74	0.184	1340	Plil01_001757800	Phytophthora lilii	2077276	0	Unnamed protein product	protista_other
A0A9W6Z8R5	unassigned	none	module	ryr.hmm matched only 113 profile positions (< 200) — a shared module, not a family assignment	0.0	58.9	58.9	1.0		1.1e-14	1.1e-14	0.0	0.023	0	113	0.071	3902	TrRE_jg11483	Triparma retinervis	2557542	0	Uncharacterized protein	protista_other
A0A9W6Z993	ITPR	high	architecture	itpr.hmm wins by 376.5 bits (58.1% of 648.2) over 2061 profile positions	648.2	271.7	376.5	0.5808	4.6e-192	8.7e-79	4.6e-192	0.768	0.141	2061	695	0.73	3864	TrLO_g2543	Triparma laevis f. longispina	1714387	0	MIR domain-containing protein	protista_other
A0A9W6ZBW9	unassigned	none	module	ryr.hmm matched only 64 profile positions (< 200) — a shared module, not a family assignment	0.0	30.1	30.1	1.0		5.2e-06	5.2e-06	0.0	0.013	0	64	0.212	542	TrLO_g8204	Triparma laevis f. longispina	1714387	0	Calmodulin	protista_other
A0A9W6ZFP1	ITPR	high	architecture	itpr.hmm wins by 575.0 bits (68.2% of 843.3) over 2276 profile positions	843.3	268.3	575.0	0.6818	7.4e-251	9.4e-78	7.4e-251	0.848	0.194	2276	956	0.856	3122	TrRE_jg4446	Triparma retinervis	2557542	0	Uncharacterized protein	protista_other
A0A9W6ZI47	ITPR	medium	partial	itpr.hmm wins by 105.5 bits (43.9% of 240.5) over 741 profile positions	240.5	135.0	105.5	0.4387	3.6e-69	1.3e-37	3.6e-69	0.276	0.072	741	355	0.6	1379	TrRE_jg740	Triparma retinervis	2557542	0	Ion transport domain-containing protein	protista_other
A0A9W6ZK35	ITPR	high	architecture	itpr.hmm wins by 721.2 bits (100.0% of 721.2) over 1916 profile positions; no ryr.hmm hit	721.2	0.0	721.2	1.0	4.5e-214		4.5e-214	0.714	0.0	1916	0	0.834	2416	TrRE_jg12234	Triparma retinervis	2557542	0	MIR domain-containing protein (Fragment)	protista_other
A0A9W6ZTK7	ITPR	high	architecture	itpr.hmm wins by 381.6 bits (62.4% of 611.7) over 2147 profile positions	611.7	230.1	381.6	0.6238	4.9e-181	2.9e-66	4.9e-181	0.8	0.135	2147	666	0.69	4070	TrRE_jg3548	Triparma retinervis	2557542	0	Uncharacterized protein	protista_other
A0A9W6ZTP6	ITPR	high	architecture	itpr.hmm wins by 520.4 bits (68.7% of 757.5) over 2303 profile positions	757.5	237.1	520.4	0.687	5.2e-225	2.3e-68	5.2e-225	0.858	0.174	2303	858	0.848	3189	TrST_g13318	Triparma strigata	1606541	0	MIR domain-containing protein	protista_other
A0A9W6ZWI3	unassigned	none	module	ryr.hmm matched only 74 profile positions (< 200) — a shared module, not a family assignment	0.0	56.9	56.9	1.0		4.5e-14	4.5e-14	0.0	0.015	0	74	0.872	149	TrST_g13007	Triparma strigata	1606541	0	Calmodulin	protista_other
A0A9W6ZZ43	unassigned	none	module	ryr.hmm matched only 59 profile positions (< 200) — a shared module, not a family assignment	0.0	32.0	32.0	1.0		1.4e-06	1.4e-06	0.0	0.012	0	59	0.259	455	TrST_g13593	Triparma strigata	1606541	0	EF-hand domain-containing protein	protista_other
A0A9W7A4T1	ITPR	high	architecture	itpr.hmm wins by 524.5 bits (72.6% of 722.8) over 2083 profile positions	722.8	198.3	524.5	0.7257	1.5e-214	1.1e-56	1.5e-214	0.776	0.112	2083	552	0.814	3080	TrRE_jg4419	Triparma retinervis	2557542	0	MIR domain-containing protein	protista_other
A0A9W7A541	ITPR	high	architecture	itpr.hmm wins by 392.4 bits (58.7% of 669.0) over 2265 profile positions	669.0	276.6	392.4	0.5865	2.5e-198	2.9e-80	2.5e-198	0.844	0.156	2265	769	0.748	3934	TrST_g8005	Triparma strigata	1606541	0	MIR domain-containing protein	protista_other
A0A9W7A5M1	unassigned	none	module	ryr.hmm matched only 59 profile positions (< 200) — a shared module, not a family assignment	0.0	45.3	45.3	1.0		1.3e-10	1.3e-10	0.0	0.012	0	59	0.095	1870	TrRE_jg1457	Triparma retinervis	2557542	0	EF-hand domain-containing protein (Fragment)	protista_other
A0A9W7A638	ITPR	high	architecture	itpr.hmm wins by 329.4 bits (77.9% of 423.0) over 2324 profile positions	423.0	93.6	329.4	0.7787	3.5e-124	3.7e-25	3.5e-124	0.866	0.102	2324	503	0.77	3878	TrRE_jg11557	Triparma retinervis	2557542	0	Uncharacterized protein	protista_other
A0A9W7A7Q7	ITPR	high	architecture	itpr.hmm wins by 386.7 bits (65.4% of 591.6) over 1895 profile positions	591.6	204.9	386.7	0.6537	5.4e-175	1.1e-58	5.4e-175	0.706	0.103	1895	508	0.828	2639	TrLO_g4007	Triparma laevis f. longispina	1714387	0	RyR/IP3R Homology associated domain-containing protein (Fragment)	protista_other
A0A9W7A812	ITPR	high	architecture	itpr.hmm wins by 513.1 bits (68.4% of 749.8) over 2228 profile positions	749.8	236.7	513.1	0.6843	1.1e-222	3e-68	1.1e-222	0.83	0.198	2228	976	0.82	3258	TrST_g2071	Triparma strigata	1606541	0	MIR domain-containing protein	protista_other
A0A9W7AFH6	ITPR	high	architecture	itpr.hmm wins by 557.8 bits (76.5% of 729.0) over 2247 profile positions	729.0	171.2	557.8	0.7652	2.1e-216	1.6e-48	2.1e-216	0.837	0.169	2247	833	0.823	2897	TrRE_jg211	Triparma retinervis	2557542	0	EF-hand domain-containing protein	protista_other
A0A9W7ANQ3	ITPR	high	architecture	itpr.hmm wins by 806.4 bits (74.6% of 1080.5) over 2432 profile positions	1080.5	274.1	806.4	0.7463	0	1.6e-79	0	0.906	0.231	2432	1139	0.793	3252	TrST_g12108	Triparma strigata	1606541	0	Uncharacterized protein	protista_other
A0A9W7ANS9	ITPR	high	architecture	itpr.hmm wins by 522.1 bits (68.3% of 764.7) over 2335 profile positions	764.7	242.6	522.1	0.6828	3.5e-227	4.9e-70	3.5e-227	0.87	0.252	2335	1242	0.857	3168	TrLO_g505	Triparma laevis f. longispina	1714387	0	MIR domain-containing protein	protista_other
A0A9W7AUZ5	unassigned	none	module	ryr.hmm matched only 133 profile positions (< 200) — a shared module, not a family assignment	0.0	46.0	46.0	1.0		8.6e-11	8.6e-11	0.0	0.027	0	133	0.162	792	TrLO_g3433	Triparma laevis f. longispina	1714387	0	ATP-dependent RNA helicase DDX1	protista_other
A0A9W7B4W5	unassigned	none	module	ryr.hmm matched only 59 profile positions (< 200) — a shared module, not a family assignment	0.0	46.5	46.5	1.0		5.8e-11	5.8e-11	0.0	0.012	0	59	0.732	157	TrST_g5594	Triparma strigata	1606541	0	Calmodulin	protista_other
A0A9W7B572	unassigned	none	module	ryr.hmm matched only 133 profile positions (< 200) — a shared module, not a family assignment	0.0	49.7	49.7	1.0		6.6e-12	6.6e-12	0.0	0.027	0	133	0.162	792	TrST_g2117	Triparma strigata	1606541	0	ATP-dependent RNA helicase DDX1	protista_other
A0A9W7B7J7	unassigned	none	module	ryr.hmm matched only 59 profile positions (< 200) — a shared module, not a family assignment	0.0	33.9	33.9	1.0		3.8e-07	3.8e-07	0.0	0.012	0	59	0.06	1991	TrST_g3600	Triparma strigata	1606541	0	EF-hand domain-containing protein	protista_other
A0A9W7B9D6	ITPR	high	architecture	itpr.hmm wins by 345.3 bits (73.6% of 469.5) over 1836 profile positions	469.5	124.2	345.3	0.7355	3.5e-138	2.4e-34	3.5e-138	0.684	0.109	1836	537	0.569	4084	TrVE_jg11908	Triparma verrucosa	1606542	0	Uncharacterized protein	protista_other
A0A9W7BA16	ITPR	high	architecture	itpr.hmm wins by 586.4 bits (76.0% of 772.0) over 2346 profile positions	772.0	185.6	586.4	0.7596	2.3e-229	7.5e-53	2.3e-229	0.874	0.141	2346	695	0.84	3117	TrST_g12561	Triparma strigata	1606541	0	Calmodulin	protista_other
A0A9W7BH94	ITPR	high	architecture	itpr.hmm wins by 534.3 bits (69.8% of 765.3) over 2386 profile positions	765.3	231.0	534.3	0.6982	2.4e-227	1.6e-66	2.4e-227	0.889	0.205	2386	1011	0.884	3134	TrVE_jg1961	Triparma verrucosa	1606542	0	MIR domain-containing protein	protista_other
A0A9W7BJR0	unassigned	none	module	ryr.hmm matched only 138 profile positions (< 200) — a shared module, not a family assignment	0.0	85.6	85.6	1.0		9.7e-23	9.7e-23	0.0	0.028	0	138	0.043	5345	TrST_g12966	Triparma strigata	1606541	0	B30.2/SPRY domain-containing protein	protista_other
A0A9W7BKW3	ITPR	high	architecture	itpr.hmm wins by 340.4 bits (73.0% of 466.5) over 1833 profile positions	466.5	126.1	340.4	0.7297	2.8e-137	6.4e-35	2.8e-137	0.683	0.109	1833	537	0.568	4084	TrST_g7260	Triparma strigata	1606541	0	Uncharacterized protein	protista_other
A0A9W7C0V7	unassigned	none	module	ryr.hmm matched only 69 profile positions (< 200) — a shared module, not a family assignment	0.0	32.0	32.0	1.0		1.4e-06	1.4e-06	0.0	0.014	0	69	0.275	448	TrST_g826	Triparma strigata	1606541	0	EF-hand domain-containing protein	protista_other
A0A9W7C295	unassigned	none	module	ryr.hmm matched only 64 profile positions (< 200) — a shared module, not a family assignment	0.0	31.2	31.2	1.0		2.3e-06	2.3e-06	0.0	0.013	0	64	0.211	544	TrVE_jg13289	Triparma verrucosa	1606542	0	Calmodulin	protista_other
A0A9W7C6W9	unassigned	none	module	ryr.hmm matched only 133 profile positions (< 200) — a shared module, not a family assignment	0.0	50.0	50.0	1.0		5.4e-12	5.4e-12	0.0	0.027	0	133	0.162	789	TrVE_jg4114	Triparma verrucosa	1606542	0	ATP-dependent RNA helicase DDX1	protista_other
A0A9W7CHI4	unassigned	none	module	ryr.hmm matched only 128 profile positions (< 200) — a shared module, not a family assignment	0.0	63.4	63.4	1.0		5e-16	5e-16	0.0	0.026	0	128	0.047	3635	TrLO_g359	Triparma laevis f. longispina	1714387	0	Uncharacterized protein	protista_other
A0A9W7CKT7	ITPR	high	architecture	itpr.hmm wins by 509.3 bits (68.2% of 746.2) over 2230 profile positions	746.2	236.9	509.3	0.6825	1.3e-221	2.7e-68	1.3e-221	0.831	0.198	2230	976	0.831	3217	TrVE_jg11753	Triparma verrucosa	1606542	0	MIR domain-containing protein	protista_other
A0A9W7CRM6	unassigned	none	module	ryr.hmm matched only 59 profile positions (< 200) — a shared module, not a family assignment	0.0	32.5	32.5	1.0		9.7e-07	9.7e-07	0.0	0.012	0	59	0.169	745	Pfra01_001222900	Phytophthora fragariaefolia	1490495	0	Unnamed protein product	protista_other
A0A9W7CUP0	unassigned	none	module	ryr.hmm matched only 123 profile positions (< 200) — a shared module, not a family assignment	0.0	95.6	95.6	1.0		9.5e-26	9.5e-26	0.0	0.025	0	123	0.027	4692	Pfra01_001294300	Phytophthora fragariaefolia	1490495	0	Unnamed protein product	protista_other
A0A9W7D1Z9	unassigned	none	module	ryr.hmm matched only 74 profile positions (< 200) — a shared module, not a family assignment	0.0	57.6	57.6	1.0		2.7e-14	2.7e-14	0.0	0.015	0	74	0.872	149	Pfra01_001993000	Phytophthora fragariaefolia	1490495	0	Calmodulin	protista_other
A0A9W7D744	RYR	medium	partial	ryr.hmm wins by 177.5 bits (100.0% of 177.5) over 217 profile positions; no itpr.hmm hit	0.0	177.5	177.5	1.0		2.1e-50	2.1e-50	0.0	0.044	0	217	0.102	2132	Pfra01_002682900	Phytophthora fragariaefolia	1490495	0	Unnamed protein product	protista_other
A0A9W7DC60	unassigned	none	module	ryr.hmm matched only 59 profile positions (< 200) — a shared module, not a family assignment	0.0	73.7	73.7	1.0		3.8e-19	3.8e-19	0.0	0.012	0	59	0.151	3429	Plil01_001741100	Phytophthora lilii	2077276	0	Unnamed protein product	protista_other
A0A9W7DQE7	unassigned	none	module	itpr.hmm matched only 196 profile positions (< 200) — a shared module, not a family assignment	100.4	0.0	100.4	1.0	6e-27		6e-27	0.073	0.0	196	0	0.85	233	TrLO_g7659	Triparma laevis f. longispina	1714387	0	MIR domain-containing protein (Fragment)	protista_other
A0A9W7DQG0	unassigned	none	module	ryr.hmm matched only 79 profile positions (< 200) — a shared module, not a family assignment	0.0	49.2	49.2	1.0		9.2e-12	9.2e-12	0.0	0.016	0	79	0.15	2082	TrRE_jg5132	Triparma retinervis	2557542	0	EF-hand domain-containing protein	protista_other
A0A9W7DSD7	ITPR	high	architecture	itpr.hmm wins by 586.3 bits (76.1% of 770.6) over 2340 profile positions	770.6	184.3	586.3	0.7608	5.8e-229	1.8e-52	5.8e-229	0.872	0.2	2340	986	0.854	3057	TrLO_g6616	Triparma laevis f. longispina	1714387	0	EF-hand domain-containing protein	protista_other
A0A9W7DVF0	unassigned	none	module	ryr.hmm matched only 74 profile positions (< 200) — a shared module, not a family assignment	0.0	56.9	56.9	1.0		4.5e-14	4.5e-14	0.0	0.015	0	74	0.872	149	TrRE_jg9131	Triparma retinervis	2557542	0	Calmodulin	protista_other
A0A9W7DVL5	ITPR	medium	partial	itpr.hmm wins by 170.2 bits (84.9% of 200.5) over 529 profile positions	200.5	30.3	170.2	0.8489	4.3e-57	4.4e-06	4.3e-57	0.197	0.033	529	163	0.707	785	TrRE_jg11316	Triparma retinervis	2557542	0	MIR domain-containing protein (Fragment)	protista_other
A0A9W7EC20	unassigned	none	module	ryr.hmm matched only 59 profile positions (< 200) — a shared module, not a family assignment	0.0	33.0	33.0	1.0		6.8e-07	6.8e-07	0.0	0.012	0	59	0.254	448	TrLO_g13248	Triparma laevis f. longispina	1714387	0	EF-hand domain-containing protein	protista_other
A0A9W7EC51	ITPR	high	architecture	itpr.hmm wins by 577.4 bits (75.4% of 765.3) over 2311 profile positions	765.3	187.9	577.4	0.7545	2.4e-227	1.5e-53	2.4e-227	0.861	0.159	2311	784	0.842	3258	TrST_g121	Triparma strigata	1606541	0	MIR domain-containing protein	protista_other
A0A9W7EJV0	unassigned	none	module	ryr.hmm matched only 69 profile positions (< 200) — a shared module, not a family assignment	0.0	34.7	34.7	1.0		2.1e-07	2.1e-07	0.0	0.014	0	69	0.139	2080	TrST_g2958	Triparma strigata	1606541	0	EF-hand domain-containing protein	protista_other
A0A9W7EL04	unassigned	none	module	ryr.hmm matched only 69 profile positions (< 200) — a shared module, not a family assignment	0.0	34.6	34.6	1.0		2.2e-07	2.2e-07	0.0	0.014	0	69	0.138	2080	TrVE_jg5248	Triparma verrucosa	1606542	0	EF-hand domain-containing protein	protista_other
A0A9W7ELY7	unassigned	none	module	ryr.hmm matched only 128 profile positions (< 200) — a shared module, not a family assignment	0.0	87.1	87.1	1.0		3.5e-23	3.5e-23	0.0	0.026	0	128	0.039	3471	TrVE_jg6353	Triparma verrucosa	1606542	0	B30.2/SPRY domain-containing protein	protista_other
A0A9W7ENJ5	ITPR	high	architecture	itpr.hmm wins by 521.7 bits (69.0% of 755.9) over 2295 profile positions	755.9	234.2	521.7	0.6902	1.6e-224	1.6e-67	1.6e-224	0.855	0.174	2295	858	0.843	3199	TrVE_jg3510	Triparma verrucosa	1606542	0	MIR domain-containing protein	protista_other
A0A9W7ENP3	unassigned	none	module	ryr.hmm matched only 104 profile positions (< 200) — a shared module, not a family assignment	0.0	64.3	64.3	1.0		2.5e-16	2.5e-16	0.0	0.021	0	104	0.028	3798	TrST_g10915	Triparma strigata	1606541	0	HECT-type E3 ubiquitin transferase	protista_other
A0A9W7EPJ1	unassigned	none	module	ryr.hmm matched only 69 profile positions (< 200) — a shared module, not a family assignment	0.0	32.4	32.4	1.0		1.1e-06	1.1e-06	0.0	0.014	0	69	0.279	448	TrVE_jg741	Triparma verrucosa	1606542	0	EF-hand domain-containing protein	protista_other
A0A9W7ERM1	unassigned	none	module	ryr.hmm matched only 59 profile positions (< 200) — a shared module, not a family assignment	0.0	32.0	32.0	1.0		1.4e-06	1.4e-06	0.0	0.012	0	59	0.259	455	TrVE_jg13191	Triparma verrucosa	1606542	0	EF-hand domain-containing protein	protista_other
A0A9W7ERZ4	unassigned	none	module	ryr.hmm matched only 74 profile positions (< 200) — a shared module, not a family assignment	0.0	56.9	56.9	1.0		4.5e-14	4.5e-14	0.0	0.015	0	74	0.872	149	TrVE_jg13089	Triparma verrucosa	1606542	0	Calmodulin	protista_other
A0A9W7EWU3	ITPR	high	architecture	itpr.hmm wins by 582.4 bits (75.6% of 770.6) over 2324 profile positions	770.6	188.2	582.4	0.7558	6e-229	1.2e-53	6e-229	0.866	0.155	2324	764	0.833	3117	TrVE_jg485	Triparma verrucosa	1606542	0	Calmodulin	protista_other
A0A9W7F0U1	ITPR	high	architecture	itpr.hmm wins by 393.1 bits (59.4% of 661.6) over 2225 profile positions	661.6	268.5	393.1	0.5942	4.4e-196	7.9e-78	4.4e-196	0.829	0.155	2225	764	0.736	3967	TrVE_jg3229	Triparma verrucosa	1606542	0	MIR domain-containing protein	protista_other
A0A9W7F156	unassigned	none	module	ryr.hmm matched only 64 profile positions (< 200) — a shared module, not a family assignment	0.0	32.1	32.1	1.0		1.3e-06	1.3e-06	0.0	0.013	0	64	0.211	544	TrST_g12650	Triparma strigata	1606541	0	Calmodulin	protista_other
A0A9W7F2G5	ITPR	high	architecture	itpr.hmm wins by 524.5 bits (68.8% of 762.6) over 2330 profile positions	762.6	238.1	524.5	0.6878	1.6e-226	1.1e-68	1.6e-226	0.868	0.206	2330	1016	0.865	3134	TrST_g8820	Triparma strigata	1606541	0	MIR domain-containing protein	protista_other
A0A9W7F662	ITPR	high	architecture	itpr.hmm wins by 573.4 bits (75.3% of 761.7) over 2311 profile positions	761.7	188.3	573.4	0.7528	3e-226	1.1e-53	3e-226	0.861	0.159	2311	784	0.842	3258	TrVE_jg12128	Triparma verrucosa	1606542	0	MIR domain-containing protein	protista_other
A0A9W7F6L8	unassigned	none	module	ryr.hmm matched only 84 profile positions (< 200) — a shared module, not a family assignment	0.0	57.5	57.5	1.0		2.9e-14	2.9e-14	0.0	0.017	0	84	0.35	1317	TrVE_jg3817	Triparma verrucosa	1606542	0	EF-hand domain-containing protein	protista_other
A0A9W7F7V3	unassigned	none	module	ryr.hmm matched only 74 profile positions (< 200) — a shared module, not a family assignment	0.0	56.9	56.9	1.0		4.5e-14	4.5e-14	0.0	0.015	0	74	0.872	149	TrLO_g4087	Triparma laevis f. longispina	1714387	0	Calmodulin	protista_other
A0A9W7F905	ITPR	high	architecture	itpr.hmm wins by 329.4 bits (71.1% of 463.5) over 1981 profile positions	463.5	134.1	329.4	0.7107	2.3e-136	2.4e-37	2.3e-136	0.738	0.122	1981	601	0.575	3991	TrLO_g13235	Triparma laevis f. longispina	1714387	0	Uncharacterized protein	protista_other
A0A9W7F990	unassigned	none	module	ryr.hmm matched only 113 profile positions (< 200) — a shared module, not a family assignment	0.0	31.0	31.0	1.0		2.9e-06	2.9e-06	0.0	0.023	0	113	0.084	1373	TrLO_g11611	Triparma laevis f. longispina	1714387	0	HECT domain-containing protein	protista_other
A0A9W7F9N4	unassigned	none	module	ryr.hmm matched only 64 profile positions (< 200) — a shared module, not a family assignment	0.0	35.9	35.9	1.0		9.3e-08	9.3e-08	0.0	0.013	0	64	0.228	1555	TrRE_jg7355	Triparma retinervis	2557542	0	EF-hand domain-containing protein	protista_other
A0A9W7FDP9	unassigned	none	module	ryr.hmm matched only 168 profile positions (< 200) — a shared module, not a family assignment	0.0	97.6	97.6	1.0		2.4e-26	2.4e-26	0.0	0.034	0	168	0.056	4933	TrRE_jg6430	Triparma retinervis	2557542	0	B30.2/SPRY domain-containing protein (Fragment)	protista_other
A0A9W7FHS4	unassigned	none	module	ryr.hmm matched only 59 profile positions (< 200) — a shared module, not a family assignment	0.0	47.0	47.0	1.0		4.2e-11	4.2e-11	0.0	0.012	0	59	0.732	157	TrVE_jg3124	Triparma verrucosa	1606542	0	Calmodulin	protista_other
A0A9W7FI75	unassigned	none	module	ryr.hmm matched only 104 profile positions (< 200) — a shared module, not a family assignment	0.0	63.5	63.5	1.0		4.4e-16	4.4e-16	0.0	0.021	0	104	0.027	3992	TrVE_jg5405	Triparma verrucosa	1606542	0	HECT-type E3 ubiquitin transferase	protista_other
A0A9W7FJQ9	ITPR	medium	partial	itpr.hmm wins by 63.8 bits (100.0% of 63.8) over 268 profile positions; no ryr.hmm hit	63.8	0.0	63.8	1.0	6.8e-16		6.8e-16	0.1	0.0	268	0	0.694	421	TrLO_g11454	Triparma laevis f. longispina	1714387	0	MIR domain-containing protein	protista_other
A0A9W7FMR6	unassigned	none	module	ryr.hmm matched only 59 profile positions (< 200) — a shared module, not a family assignment	0.0	33.9	33.9	1.0		3.8e-07	3.8e-07	0.0	0.012	0	59	0.06	1991	TrVE_jg9020	Triparma verrucosa	1606542	0	EF-hand domain-containing protein	protista_other
A0A9W7FNE3	ITPR	high	architecture	itpr.hmm wins by 762.9 bits (73.5% of 1038.4) over 2448 profile positions	1038.4	275.5	762.9	0.7347	1.2e-309	6.3e-80	1.2e-309	0.912	0.231	2448	1139	0.796	3222	TrVE_jg258	Triparma verrucosa	1606542	0	Uncharacterized protein	protista_other
A0A9W7FSS9	unassigned	none	module	ryr.hmm matched only 59 profile positions (< 200) — a shared module, not a family assignment	0.0	44.9	44.9	1.0		1.9e-10	1.9e-10	0.0	0.012	0	59	0.061	1955	TrLO_g1871	Triparma laevis f. longispina	1714387	0	EF-hand domain-containing protein (Fragment)	protista_other
A0A9W7FTD6	ITPR	high	architecture	itpr.hmm wins by 564.6 bits (74.6% of 756.7) over 2319 profile positions	756.7	192.1	564.6	0.7461	9.1e-225	8.3e-55	9.1e-225	0.864	0.17	2319	838	0.83	3256	TrLO_g6323	Triparma laevis f. longispina	1714387	0	MIR domain-containing protein	protista_other
A0A9W7FTI7	ITPR	high	architecture	itpr.hmm wins by 486.8 bits (65.9% of 739.0) over 2163 profile positions	739.0	252.2	486.8	0.6587	2.1e-219	6.6e-73	2.1e-219	0.806	0.24	2163	1183	0.731	3564	TrLO_g4475	Triparma laevis f. longispina	1714387	0	MIR domain-containing protein	protista_other
A0A9W7FU53	ITPR	high	architecture	itpr.hmm wins by 728.7 bits (73.1% of 996.3) over 2319 profile positions	996.3	267.6	728.7	0.7314	5.6e-297	1.5e-77	5.6e-297	0.864	0.245	2319	1208	0.789	3078	TrLO_g8656	Triparma laevis f. longispina	1714387	0	Uncharacterized protein (Fragment)	protista_other
A0A9W7FZG1	unassigned	none	module	ryr.hmm matched only 69 profile positions (< 200) — a shared module, not a family assignment	0.0	43.5	43.5	1.0		4.7e-10	4.7e-10	0.0	0.014	0	69	0.062	1198	TrCOL_g6083	Triparma columacea	722753	0	HECT domain-containing protein	protista_other
A0A9W7FZG4	ITPR	medium	partial	itpr.hmm wins by 136.0 bits (100.0% of 136.0) over 507 profile positions; no ryr.hmm hit	136.0	0.0	136.0	1.0	1.1e-37		1.1e-37	0.189	0.0	507	0	0.905	770	TrRE_jg1514	Triparma retinervis	2557542	0	RIH domain-containing protein (Fragment)	protista_other
A0A9W7FZT2	ITPR	medium	partial	itpr.hmm wins by 167.1 bits (50.2% of 332.8) over 486 profile positions	332.8	165.7	167.1	0.5021	5.7e-97	7.4e-47	5.7e-97	0.181	0.062	486	306	0.691	906	TrRE_jg11506	Triparma retinervis	2557542	0	C2 domain-containing protein	protista_other
A0A9W7G2Y0	unassigned	none	module	ryr.hmm matched only 59 profile positions (< 200) — a shared module, not a family assignment	0.0	50.2	50.2	1.0		4.6e-12	4.6e-12	0.0	0.012	0	59	0.091	1939	TrCOL_g853	Triparma columacea	722753	0	EF-hand domain-containing protein	protista_other
A0A9W7G9R3	unassigned	none	module	ryr.hmm matched only 64 profile positions (< 200) — a shared module, not a family assignment	0.0	32.1	32.1	1.0		1.3e-06	1.3e-06	0.0	0.013	0	64	0.229	511	TrCOL_g5796	Triparma columacea	722753	0	Calmodulin	protista_other
A0A9W7GAU2	unassigned	none	module	ryr.hmm matched only 99 profile positions (< 200) — a shared module, not a family assignment	0.0	59.3	59.3	1.0		8.6e-15	8.6e-15	0.0	0.02	0	99	0.048	3964	TrCOL_g812	Triparma columacea	722753	0	HECT-type E3 ubiquitin transferase	protista_other
A0A9W7GB56	ITPR	medium	partial	itpr.hmm wins by 73.3 bits (54.8% of 133.7) over 548 profile positions	133.7	60.4	73.3	0.5482	5.9e-37	3.8e-15	5.9e-37	0.204	0.046	548	227	0.58	1064	TrCOL_g965	Triparma columacea	722753	0	Uncharacterized protein (Fragment)	protista_other
A0A9W7GBV2	unassigned	none	module	ryr.hmm matched only 59 profile positions (< 200) — a shared module, not a family assignment	0.0	31.0	31.0	1.0		2.7e-06	2.7e-06	0.0	0.012	0	59	0.254	461	TrCOL_g10662	Triparma columacea	722753	0	EF-hand domain-containing protein	protista_other
A0A9W7GCC0	ITPR	high	architecture	itpr.hmm wins by 797.3 bits (74.9% of 1064.5) over 2507 profile positions	1064.5	267.2	797.3	0.749	1.8e-317	1.9e-77	1.8e-317	0.934	0.205	2507	1011	0.827	3288	TrCOL_g8184	Triparma columacea	722753	0	Uncharacterized protein	protista_other
A0A9W7GD81	unassigned	none	module	ryr.hmm matched only 64 profile positions (< 200) — a shared module, not a family assignment	0.0	48.7	48.7	1.0		1.3e-11	1.3e-11	0.0	0.013	0	64	0.164	1768	TrCOL_g7878	Triparma columacea	722753	0	EF-hand domain-containing protein	protista_other
A0A9W7GE28	ITPR	high	architecture	itpr.hmm wins by 400.8 bits (76.6% of 523.4) over 2399 profile positions	523.4	122.6	400.8	0.7658	2e-154	7.1e-34	2e-154	0.894	0.126	2399	621	0.756	3993	TrCOL_g494	Triparma columacea	722753	0	Uncharacterized protein	protista_other
A0A9W7GFP3	ITPR	high	architecture	itpr.hmm wins by 556.7 bits (71.2% of 782.1) over 2260 profile positions	782.1	225.4	556.7	0.7118	2e-232	7.8e-65	2e-232	0.842	0.195	2260	961	0.811	3236	TrCOL_g5474	Triparma columacea	722753	0	MIR domain-containing protein	protista_other
A0A9W7GGY7	ITPR	medium	partial	itpr.hmm wins by 56.1 bits (100.0% of 56.1) over 255 profile positions; no ryr.hmm hit	56.1	0.0	56.1	1.0	1.4e-13		1.4e-13	0.095	0.0	255	0	0.897	310	TrCOL_g7246	Triparma columacea	722753	0	RIH domain-containing protein	protista_other
A0A9W7GIU5	unassigned	none	module	itpr.hmm matched only 166 profile positions (< 200) — a shared module, not a family assignment	87.2	0.0	87.2	1.0	6e-23		6e-23	0.062	0.0	166	0	0.954	194	TrCOL_g7245	Triparma columacea	722753	0	Uncharacterized protein (Fragment)	protista_other
A0A9W7GNB4	unassigned	none	module	ryr.hmm matched only 74 profile positions (< 200) — a shared module, not a family assignment	0.0	56.9	56.9	1.0		4.5e-14	4.5e-14	0.0	0.015	0	74	0.872	149	TrCOL_g7151	Triparma columacea	722753	0	Calmodulin	protista_other
A0A9W7KTJ2	unassigned	none	module	ryr.hmm matched only 69 profile positions (< 200) — a shared module, not a family assignment	0.0	48.2	48.2	1.0		1.8e-11	1.8e-11	0.0	0.014	0	69	0.065	1145	TrRE_jg12880	Triparma retinervis	2557542	0	HECT domain-containing protein	protista_other
A0A9W7KTN7	unassigned	none	module	ryr.hmm matched only 59 profile positions (< 200) — a shared module, not a family assignment	0.0	46.4	46.4	1.0		6.4e-11	6.4e-11	0.0	0.012	0	59	0.732	157	TrLO_g9293	Triparma laevis f. longispina	1714387	0	Calmodulin	protista_other
A0A9W7KX60	unassigned	none	module	ryr.hmm matched only 128 profile positions (< 200) — a shared module, not a family assignment	0.0	99.7	99.7	1.0		5.7e-27	5.7e-27	0.0	0.026	0	128	0.041	5303	TrLO_g2623	Triparma laevis f. longispina	1714387	0	B30.2/SPRY domain-containing protein	protista_other
A0A9W7L1H6	unassigned	none	module	ryr.hmm matched only 173 profile positions (< 200) — a shared module, not a family assignment	0.0	94.5	94.5	1.0		2.1e-25	2.1e-25	0.0	0.035	0	173	0.05	5504	TrCOL_g7931	Triparma columacea	722753	0	B30.2/SPRY domain-containing protein	protista_other
A0A9W7L6N3	ITPR	high	architecture	itpr.hmm wins by 555.1 bits (74.0% of 750.1) over 2289 profile positions	750.1	195.0	555.1	0.74	9e-223	1.1e-55	9e-223	0.853	0.157	2289	774	0.843	3190	TrCOL_g13133	Triparma columacea	722753	0	MIR domain-containing protein	protista_other
A0A9W7L7V1	ITPR	high	architecture	itpr.hmm wins by 386.7 bits (62.4% of 619.3) over 2163 profile positions	619.3	232.6	386.7	0.6244	2.4e-183	5.1e-67	2.4e-183	0.806	0.157	2163	774	0.714	4083	TrCOL_g1972	Triparma columacea	722753	0	Uncharacterized protein	protista_other
A0A9W7LA91	unassigned	none	module	ryr.hmm matched only 59 profile positions (< 200) — a shared module, not a family assignment	0.0	40.2	40.2	1.0		4.7e-09	4.7e-09	0.0	0.012	0	59	0.732	157	TrCOL_g3851	Triparma columacea	722753	0	Calmodulin	protista_other
A0A9W7LDV6	ITPR	medium	partial	itpr.hmm wins by 88.9 bits (42.5% of 209.0) over 435 profile positions	209.0	120.1	88.9	0.4254	1.1e-59	4.1e-33	1.1e-59	0.162	0.057	435	281	0.949	546	TrCOL_g9418	Triparma columacea	722753	0	Ion transport domain-containing protein	protista_other
A0A9W7LEE0	ITPR	high	architecture	itpr.hmm wins by 467.8 bits (88.9% of 526.1) over 1798 profile positions	526.1	58.3	467.8	0.8892	3e-155	1.7e-14	3e-155	0.67	0.111	1798	547	0.758	2593	TrCOL_g9417	Triparma columacea	722753	0	EF-hand domain-containing protein	protista_other
A0AA36HKZ2	unassigned	none	module	best profile score 29.8 < 30 bits	0.0	29.8	29.8	1.0		6.3e-06	6.3e-06	0.0	0.007	0	35	0.113	1114	EVOR1521_LOCUS1511	Effrenium voratum	2562239	0	EF-hand domain-containing protein	protista_other
A0AA36I0S5	unassigned	none	module	ryr.hmm matched only 64 profile positions (< 200) — a shared module, not a family assignment	0.0	33.4	33.4	1.0		5.2e-07	5.2e-07	0.0	0.013	0	64	0.244	492	EVOR1521_LOCUS6753	Effrenium voratum	2562239	0	non-specific serine/threonine protein kinase	protista_other
A0AA36I1W8	unassigned	none	module	ryr.hmm matched only 54 profile positions (< 200) — a shared module, not a family assignment	0.0	30.8	30.8	1.0		3.1e-06	3.1e-06	0.0	0.011	0	54	0.773	216	EVOR1521_LOCUS6812	Effrenium voratum	2562239	0	Calmodulin	protista_other
A0AA36I266	unassigned	none	module	ryr.hmm matched only 59 profile positions (< 200) — a shared module, not a family assignment	0.0	32.4	32.4	1.0		1.1e-06	1.1e-06	0.0	0.012	0	59	0.405	420	EVOR1521_LOCUS7775	Effrenium voratum	2562239	0	EF-hand domain-containing protein	protista_other
A0AA36I397	ITPR	medium	partial	itpr.hmm wins by 59.2 bits (100.0% of 59.2) over 217 profile positions; no ryr.hmm hit	59.2	0.0	59.2	1.0	1.6e-14		1.6e-14	0.081	0.0	217	0	0.377	634	EVOR1521_LOCUS8037	Effrenium voratum	2562239	0	Uncharacterized protein	protista_other
A0AA36I5B4	ITPR	medium	partial	itpr.hmm wins by 99.0 bits (49.1% of 201.8) over 695 profile positions	201.8	102.8	99.0	0.4906	1.7e-57	6.4e-28	1.7e-57	0.259	0.048	695	237	0.922	867	EVOR1521_LOCUS8034	Effrenium voratum	2562239	0	Uncharacterized protein	protista_other
A0AA36IT23	unassigned	none	module	ryr.hmm matched only 99 profile positions (< 200) — a shared module, not a family assignment	0.0	59.4	59.4	1.0		7.5e-15	7.5e-15	0.0	0.02	0	99	0.12	811	EVOR1521_LOCUS17497	Effrenium voratum	2562239	0	ATP-dependent RNA helicase	protista_other
A0AA36IT39	unassigned	none	module	itpr.hmm matched only 129 profile positions (< 200) — a shared module, not a family assignment	69.3	0.0	69.3	1.0	1.4e-17		1.4e-17	0.048	0.0	129	0	0.868	152	EVOR1521_LOCUS18277	Effrenium voratum	2562239	0	Inositol 1,4,5-trisphosphate/ryanodine receptor domain-containing protein	protista_other
A0AA36J0U9	unassigned	none	module	ryr.hmm matched only 64 profile positions (< 200) — a shared module, not a family assignment	0.0	30.4	30.4	1.0		4.2e-06	4.2e-06	0.0	0.013	0	64	0.2	584	EVOR1521_LOCUS21225	Effrenium voratum	2562239	0	Calcium-dependent protein kinase	protista_other
A0AA36J4L9	unassigned	none	module	itpr.hmm matched only 113 profile positions (< 200) — a shared module, not a family assignment	32.4	0.0	32.4	1.0	2e-06		2e-06	0.042	0.0	113	0	0.221	484	EVOR1521_LOCUS23038	Effrenium voratum	2562239	0	RyR/IP3R Homology associated domain-containing protein	protista_other
A0AA36J5K9	ITPR	medium	partial	itpr.hmm wins by 124.7 bits (43.5% of 286.4) over 502 profile positions	286.4	161.7	124.7	0.4354	5.3e-83	1.1e-45	5.3e-83	0.187	0.052	502	256	0.937	536	EVOR1521_LOCUS23042	Effrenium voratum	2562239	0	Ion transport domain-containing protein	protista_other
A0AA36J6Q0	unassigned	none	module	ryr.hmm matched only 59 profile positions (< 200) — a shared module, not a family assignment	0.0	33.2	33.2	1.0		5.9e-07	5.9e-07	0.0	0.012	0	59	0.319	360	EVOR1521_LOCUS23593	Effrenium voratum	2562239	0	EF-hand domain-containing protein	protista_other
A0AA36J798	unassigned	none	module	ryr.hmm matched only 59 profile positions (< 200) — a shared module, not a family assignment	0.0	31.6	31.6	1.0		1.8e-06	1.8e-06	0.0	0.012	0	59	0.259	436	EVOR1521_LOCUS24184	Effrenium voratum	2562239	0	Calmodulin	protista_other
A0AA36JF11	unassigned	none	module	ryr.hmm matched only 84 profile positions (< 200) — a shared module, not a family assignment	0.0	33.7	33.7	1.0		4.2e-07	4.2e-07	0.0	0.017	0	84	0.084	1075	EVOR1521_LOCUS26902	Effrenium voratum	2562239	0	Uncharacterized protein	protista_other
A0AA36JII8	unassigned	none	module	ryr.hmm matched only 123 profile positions (< 200) — a shared module, not a family assignment	0.0	41.8	41.8	1.0		1.5e-09	1.5e-09	0.0	0.025	0	123	0.08	1589	EVOR1521_LOCUS28253	Effrenium voratum	2562239	0	Uncharacterized protein	protista_other
A0AA36JL52	ITPR	medium	partial	itpr.hmm wins by 177.5 bits (59.1% of 300.3) over 926 profile positions	300.3	122.8	177.5	0.5911	3.5e-87	6.2e-34	3.5e-87	0.345	0.055	926	271	0.131	8243	EVOR1521_LOCUS28813	Effrenium voratum	2562239	0	RyR/IP3R Homology associated domain-containing protein	protista_other
A0AA36JQH7	unassigned	none	module	ryr.hmm matched only 54 profile positions (< 200) — a shared module, not a family assignment	0.0	52.6	52.6	1.0		8.5e-13	8.5e-13	0.0	0.011	0	54	0.395	281	EVOR1521_LOCUS30874	Effrenium voratum	2562239	0	EF-hand domain-containing protein	protista_other
A0AA36MJ90	unassigned	none	module	ryr.hmm matched only 84 profile positions (< 200) — a shared module, not a family assignment	0.0	31.4	31.4	1.0		2.1e-06	2.1e-06	0.0	0.017	0	84	0.121	726	EVOR1521_LOCUS910	Effrenium voratum	2562239	0	Calmodulin	protista_other
A0AA36MM58	ITPR	medium	partial	itpr.hmm wins by 17.5 bits (15.4% of 113.3) over 239 profile positions	113.3	95.8	17.5	0.1545	8.3e-31	8.3e-26	8.3e-31	0.089	0.043	239	212	0.683	331	EVOR1521_LOCUS2363	Effrenium voratum	2562239	0	Ion transport domain-containing protein	protista_other
A0AA36MR87	unassigned	none	module	ryr.hmm matched only 59 profile positions (< 200) — a shared module, not a family assignment	0.0	36.4	36.4	1.0		6.5e-08	6.5e-08	0.0	0.012	0	59	0.23	530	EVOR1521_LOCUS9930	Effrenium voratum	2562239	0	non-specific serine/threonine protein kinase	protista_other
A0AA36MVM3	unassigned	none	module	ryr.hmm matched only 54 profile positions (< 200) — a shared module, not a family assignment	0.0	45.4	45.4	1.0		1.2e-10	1.2e-10	0.0	0.011	0	54	0.219	530	EVOR1521_LOCUS12034	Effrenium voratum	2562239	0	non-specific serine/threonine protein kinase	protista_other
A0AA36MX99	unassigned	none	module	ryr.hmm matched only 84 profile positions (< 200) — a shared module, not a family assignment	0.0	38.1	38.1	1.0		2e-08	2e-08	0.0	0.017	0	84	0.054	1487	EVOR1521_LOCUS10382	Effrenium voratum	2562239	0	B30.2/SPRY domain-containing protein	protista_other
A0AA36N0D7	unassigned	none	module	ryr.hmm matched only 89 profile positions (< 200) — a shared module, not a family assignment	0.0	33.3	33.3	1.0		5.7e-07	5.7e-07	0.0	0.018	0	89	0.146	727	EVOR1521_LOCUS12624	Effrenium voratum	2562239	0	Uncharacterized protein	protista_other
A0AA36NAI6	unassigned	none	module	ryr.hmm matched only 64 profile positions (< 200) — a shared module, not a family assignment	0.0	36.2	36.2	1.0		7.4e-08	7.4e-08	0.0	0.013	0	64	0.792	159	EVOR1521_LOCUS22464	Effrenium voratum	2562239	0	Calmodulin	protista_other
A0AA36NGP7	unassigned	none	module	ryr.hmm matched only 89 profile positions (< 200) — a shared module, not a family assignment	0.0	33.0	33.0	1.0		6.8e-07	6.8e-07	0.0	0.018	0	89	0.137	659	EVOR1521_LOCUS27968	Effrenium voratum	2562239	0	SPRY domain-containing protein	protista_other
A0AA86P874	unassigned	none	module	ryr.hmm matched only 59 profile positions (< 200) — a shared module, not a family assignment	0.0	34.8	34.8	1.0		2e-07	2e-07	0.0	0.012	0	59	0.78	150	HINF_LOCUS57625	Hexamita inflata	28002	0	Centrin	protista_other
A0AA86UB76	unassigned	none	module	ryr.hmm matched only 64 profile positions (< 200) — a shared module, not a family assignment	0.0	43.4	43.4	1.0		5.1e-10	5.1e-10	0.0	0.013	0	64	0.796	152	HINF_LOCUS40422	Hexamita inflata	28002	0	Calmodulin	protista_other
A0AA88GC01	unassigned	none	module	ryr.hmm matched only 64 profile positions (< 200) — a shared module, not a family assignment	0.0	53.2	53.2	1.0		5.8e-13	5.8e-13	0.0	0.013	0	64	0.8	155	C9374_011965	Naegleria lovaniensis	51637	0	EF-hand domain-containing protein	protista_other
A0AA88GKJ4	unassigned	none	module	ryr.hmm matched only 59 profile positions (< 200) — a shared module, not a family assignment	0.0	45.0	45.0	1.0		1.7e-10	1.7e-10	0.0	0.012	0	59	0.744	160	C9374_005214	Naegleria lovaniensis	51637	0	EF-hand domain-containing protein	protista_other
A0AA88GN53	ITPR	high	architecture	itpr.hmm wins by 885.5 bits (76.0% of 1165.1) over 2410 profile positions	1165.1	279.6	885.5	0.76	0	3.5e-81	0	0.898	0.247	2410	1218	0.936	2976	C9374_006563	Naegleria lovaniensis	51637	0	MIR domain-containing protein	protista_other
A0AA88GP54	unassigned	none	module	best profile score 29.1 < 30 bits	0.0	29.1	29.1	1.0		1e-05	1e-05	0.0	0.014	0	69	0.463	281	C9374_005805	Naegleria lovaniensis	51637	0	EF-hand domain-containing protein	protista_other
A0AA88GTG0	ITPR	high	architecture	itpr.hmm wins by 729.5 bits (74.2% of 983.0) over 2298 profile positions	983.0	253.5	729.5	0.7421	5.6e-293	2.6e-73	5.6e-293	0.856	0.277	2298	1366	0.89	2730	C9374_000931	Naegleria lovaniensis	51637	0	Uncharacterized protein	protista_other
A0AA88H4K2	ITPR	high	architecture	itpr.hmm wins by 794.8 bits (75.2% of 1057.4) over 2292 profile positions	1057.4	262.6	794.8	0.7517	2.1e-315	4.7e-76	2.1e-315	0.854	0.226	2292	1114	0.916	2535	C9374_011527	Naegleria lovaniensis	51637	0	MIR domain-containing protein	protista_other
A0AA88KB99	ITPR	high	architecture	itpr.hmm wins by 793.7 bits (75.1% of 1056.2) over 2289 profile positions	1056.2	262.5	793.7	0.7515	4.8e-315	5.1e-76	4.8e-315	0.853	0.226	2289	1114	0.928	2503	C9374_014272	Naegleria lovaniensis	51637	0	MIR domain-containing protein (Fragment)	protista_other
A0AA88KD28	ITPR	high	architecture	itpr.hmm wins by 853.1 bits (70.7% of 1205.9) over 2322 profile positions	1205.9	352.8	853.1	0.7074	0	3.2e-103	0	0.865	0.357	2322	1760	0.934	2800	C9374_011703	Naegleria lovaniensis	51637	0	MIR domain-containing protein	protista_other
A0AA88KEU5	ITPR	high	architecture	itpr.hmm wins by 1754.8 bits (82.7% of 2121.8) over 2552 profile positions	2121.8	367.0	1754.8	0.827	0	1.7e-107	0	0.951	0.292	2552	1440	0.975	3074	C9374_011999	Naegleria lovaniensis	51637	0	MIR domain-containing protein	protista_other
A0AA88KMC8	unassigned	none	module	ryr.hmm matched only 59 profile positions (< 200) — a shared module, not a family assignment	0.0	43.8	43.8	1.0		3.9e-10	3.9e-10	0.0	0.012	0	59	0.772	149	C9374_000264	Naegleria lovaniensis	51637	0	EF-hand domain-containing protein	protista_other
A0AAD1U3F3	ITPR	medium	partial	itpr.hmm wins by 97.8 bits (60.0% of 163.1) over 752 profile positions	163.1	65.3	97.8	0.5996	8e-46	1.3e-16	8e-46	0.28	0.042	752	207	0.366	2205	ECRASSUSDP1_LOCUS2868	Euplotes crassus	5936	0	Uncharacterized protein	protista_other
A0AAD1U747	unassigned	none	module	best profile score 29.5 < 30 bits	0.0	29.5	29.5	1.0		8e-06	8e-06	0.0	0.012	0	59	0.343	327	ECRASSUSDP1_LOCUS3135	Euplotes crassus	5936	0	Uncharacterized protein	protista_other
A0AAD1U8A9	unassigned	none	module	ryr.hmm matched only 64 profile positions (< 200) — a shared module, not a family assignment	0.0	42.2	42.2	1.0		1.1e-09	1.1e-09	0.0	0.013	0	64	0.28	657	ECRASSUSDP1_LOCUS2212	Euplotes crassus	5936	0	EF-hand domain-containing protein	protista_other
A0AAD1U8G1	ITPR	medium	partial	itpr.hmm wins by 68.7 bits (63.9% of 107.5) over 650 profile positions	107.5	38.8	68.7	0.6391	4.4e-29	1.3e-08	4.4e-29	0.242	0.02	650	99	0.744	1035	ECRASSUSDP1_LOCUS3414	Euplotes crassus	5936	0	Uncharacterized protein	protista_other
A0AAD1U8G2	ITPR	high	architecture	itpr.hmm wins by 351.7 bits (73.8% of 476.6) over 1763 profile positions	476.6	124.9	351.7	0.7379	2.5e-140	1.4e-34	2.5e-140	0.657	0.058	1763	286	0.673	2853	ECRASSUSDP1_LOCUS4635	Euplotes crassus	5936	0	Uncharacterized protein	protista_other
A0AAD1UB97	unassigned	none	module	ryr.hmm matched only 54 profile positions (< 200) — a shared module, not a family assignment	0.0	43.0	43.0	1.0		6.8e-10	6.8e-10	0.0	0.011	0	54	0.219	508	ECRASSUSDP1_LOCUS7260	Euplotes crassus	5936	0	non-specific serine/threonine protein kinase	protista_other
A0AAD1UBM1	unassigned	none	module	best profile score 29.6 < 30 bits	0.0	29.6	29.6	1.0		7.3e-06	7.3e-06	0.0	0.014	0	69	0.305	614	ECRASSUSDP1_LOCUS3772	Euplotes crassus	5936	0	EF-hand domain-containing protein	protista_other
A0AAD1UBZ1	unassigned	none	module	ryr.hmm matched only 64 profile positions (< 200) — a shared module, not a family assignment	0.0	39.5	39.5	1.0		7.5e-09	7.5e-09	0.0	0.013	0	64	0.339	366	ECRASSUSDP1_LOCUS7283	Euplotes crassus	5936	0	Calcium-dependent protein kinase	protista_other
A0AAD1UCF6	unassigned	none	module	ryr.hmm matched only 54 profile positions (< 200) — a shared module, not a family assignment	0.0	38.8	38.8	1.0		1.2e-08	1.2e-08	0.0	0.011	0	54	0.208	543	ECRASSUSDP1_LOCUS5386	Euplotes crassus	5936	0	non-specific serine/threonine protein kinase	protista_other
A0AAD1UCM2	unassigned	none	module	ryr.hmm matched only 59 profile positions (< 200) — a shared module, not a family assignment	0.0	32.2	32.2	1.0		1.2e-06	1.2e-06	0.0	0.012	0	59	0.239	472	ECRASSUSDP1_LOCUS5493	Euplotes crassus	5936	0	Calcium-dependent protein kinase 1	protista_other
A0AAD1UDQ6	unassigned	none	module	ryr.hmm matched only 54 profile positions (< 200) — a shared module, not a family assignment	0.0	33.3	33.3	1.0		5.5e-07	5.5e-07	0.0	0.011	0	54	0.212	533	ECRASSUSDP1_LOCUS6279	Euplotes crassus	5936	0	non-specific serine/threonine protein kinase	protista_other
A0AAD1UE84	unassigned	none	module	ryr.hmm matched only 54 profile positions (< 200) — a shared module, not a family assignment	0.0	45.6	45.6	1.0		1.1e-10	1.1e-10	0.0	0.011	0	54	0.212	537	ECRASSUSDP1_LOCUS6326	Euplotes crassus	5936	0	non-specific serine/threonine protein kinase	protista_other
A0AAD1UE96	unassigned	none	module	ryr.hmm matched only 69 profile positions (< 200) — a shared module, not a family assignment	0.0	37.0	37.0	1.0		4.2e-08	4.2e-08	0.0	0.014	0	69	0.274	471	ECRASSUSDP1_LOCUS8961	Euplotes crassus	5936	0	non-specific serine/threonine protein kinase	protista_other
A0AAD1UFH2	ITPR	high	architecture	itpr.hmm wins by 819.6 bits (73.2% of 1120.0) over 2346 profile positions	1120.0	300.4	819.6	0.7318	0	2e-87	0	0.874	0.285	2346	1405	0.977	2696	ECRASSUSDP1_LOCUS9132	Euplotes crassus	5936	0	Uncharacterized protein	protista_other
A0AAD1UQK6	ITPR	medium	partial	itpr.hmm wins by 77.9 bits (46.2% of 168.8) over 679 profile positions	168.8	90.9	77.9	0.4615	1.5e-47	2.4e-24	1.5e-47	0.253	0.053	679	261	0.621	1176	ECRASSUSDP1_LOCUS12547	Euplotes crassus	5936	0	Uncharacterized protein	protista_other
A0AAD1X2A3	unassigned	none	module	ryr.hmm matched only 59 profile positions (< 200) — a shared module, not a family assignment	0.0	34.9	34.9	1.0		1.8e-07	1.8e-07	0.0	0.012	0	59	0.223	497	ECRASSUSDP1_LOCUS1767	Euplotes crassus	5936	0	non-specific serine/threonine protein kinase	protista_other
A0AAD1X2P0	ITPR	medium	partial	itpr.hmm wins by 117.6 bits (63.7% of 184.6) over 725 profile positions	184.6	67.0	117.6	0.6371	2.6e-52	3.9e-17	2.6e-52	0.27	0.049	725	242	0.339	2381	ECRASSUSDP1_LOCUS2145	Euplotes crassus	5936	0	Uncharacterized protein	protista_other
A0AAD1X422	unassigned	none	module	ryr.hmm matched only 54 profile positions (< 200) — a shared module, not a family assignment	0.0	34.3	34.3	1.0		2.8e-07	2.8e-07	0.0	0.011	0	54	0.208	529	ECRASSUSDP1_LOCUS1233	Euplotes crassus	5936	0	non-specific serine/threonine protein kinase	protista_other
A0AAD1X7S9	unassigned	none	module	ryr.hmm matched only 59 profile positions (< 200) — a shared module, not a family assignment	0.0	33.8	33.8	1.0		4e-07	4e-07	0.0	0.012	0	59	0.216	515	ECRASSUSDP1_LOCUS2163	Euplotes crassus	5936	0	non-specific serine/threonine protein kinase	protista_other
A0AAD1X955	unassigned	none	module	ryr.hmm matched only 54 profile positions (< 200) — a shared module, not a family assignment	0.0	36.5	36.5	1.0		6.1e-08	6.1e-08	0.0	0.011	0	54	0.238	470	ECRASSUSDP1_LOCUS4680	Euplotes crassus	5936	0	Calcium-dependent protein kinase 1	protista_other
A0AAD1X9F6	unassigned	none	module	ryr.hmm matched only 69 profile positions (< 200) — a shared module, not a family assignment	0.0	32.0	32.0	1.0		1.4e-06	1.4e-06	0.0	0.014	0	69	0.3	613	ECRASSUSDP1_LOCUS3905	Euplotes crassus	5936	0	EF-hand domain-containing protein	protista_other
A0AAD1XAZ3	unassigned	none	module	ryr.hmm matched only 54 profile positions (< 200) — a shared module, not a family assignment	0.0	36.3	36.3	1.0		7.1e-08	7.1e-08	0.0	0.011	0	54	0.339	327	ECRASSUSDP1_LOCUS5634	Euplotes crassus	5936	0	Uncharacterized protein	protista_other
A0AAD1XB50	unassigned	none	module	ryr.hmm matched only 54 profile positions (< 200) — a shared module, not a family assignment	0.0	31.7	31.7	1.0		1.7e-06	1.7e-06	0.0	0.011	0	54	0.211	532	ECRASSUSDP1_LOCUS6678	Euplotes crassus	5936	0	non-specific serine/threonine protein kinase	protista_other
A0AAD1XC48	ITPR	high	architecture	itpr.hmm wins by 823.2 bits (73.9% of 1114.4) over 2233 profile positions	1114.4	291.2	823.2	0.7387	0	1.2e-84	0	0.832	0.237	2233	1168	0.878	2694	ECRASSUSDP1_LOCUS7706	Euplotes crassus	5936	0	Uncharacterized protein	protista_other
A0AAD1XCG6	ITPR	medium	partial	itpr.hmm wins by 91.6 bits (51.2% of 178.8) over 717 profile positions	178.8	87.2	91.6	0.5123	1.4e-50	3.3e-23	1.4e-50	0.267	0.049	717	242	0.369	2193	ECRASSUSDP1_LOCUS7266	Euplotes crassus	5936	0	Uncharacterized protein	protista_other
A0AAD1XH47	unassigned	none	module	ryr.hmm matched only 59 profile positions (< 200) — a shared module, not a family assignment	0.0	56.6	56.6	1.0		5.5e-14	5.5e-14	0.0	0.012	0	59	0.781	151	ECRASSUSDP1_LOCUS13926	Euplotes crassus	5936	0	Calmodulin	protista_other
A0AAD1Y275	unassigned	none	module	ryr.hmm matched only 54 profile positions (< 200) — a shared module, not a family assignment	0.0	35.8	35.8	1.0		1e-07	1e-07	0.0	0.011	0	54	0.208	528	ECRASSUSDP1_LOCUS24914	Euplotes crassus	5936	0	non-specific serine/threonine protein kinase	protista_other
A0AAD1Y3C6	ITPR	medium	partial	itpr.hmm wins by 115.4 bits (63.4% of 182.1) over 663 profile positions	182.1	66.7	115.4	0.6337	1.5e-51	5e-17	1.5e-51	0.247	0.048	663	237	0.311	2294	ECRASSUSDP1_LOCUS24654	Euplotes crassus	5936	0	RyR/IP3R Homology associated domain-containing protein	protista_other
A0AAD1Y5B6	ITPR	medium	partial	itpr.hmm wins by 63.4 bits (42.3% of 149.9) over 620 profile positions	149.9	86.5	63.4	0.4229	7.3e-42	5.4e-23	7.3e-42	0.231	0.05	620	246	0.287	2388	ECRASSUSDP1_LOCUS25672	Euplotes crassus	5936	0	Uncharacterized protein	protista_other
A0AAD1Y638	ITPR	medium	partial	itpr.hmm wins by 81.0 bits (71.7% of 113.0) over 550 profile positions	113.0	32.0	81.0	0.7168	1e-30	1.4e-06	1e-30	0.205	0.013	550	64	0.726	847	ECRASSUSDP1_LOCUS27430	Euplotes crassus	5936	0	Uncharacterized protein	protista_other
A0AAD1Y6B6	ITPR	medium	partial	itpr.hmm wins by 105.3 bits (53.9% of 195.4) over 703 profile positions	195.4	90.1	105.3	0.5389	1.4e-55	4.5e-24	1.4e-55	0.262	0.051	703	251	0.331	2399	ECRASSUSDP1_LOCUS27168	Euplotes crassus	5936	0	RyR/IP3R Homology associated domain-containing protein	protista_other
A0AAD1Y9H2	ITPR	medium	partial	itpr.hmm wins by 78.3 bits (44.0% of 178.0) over 703 profile positions	178.0	99.7	78.3	0.4399	2.5e-50	5.5e-27	2.5e-50	0.262	0.049	703	242	0.328	2399	ECRASSUSDP1_LOCUS28158	Euplotes crassus	5936	0	Uncharacterized protein	protista_other
A0AAD1YC61	ITPR	high	architecture	itpr.hmm wins by 307.9 bits (72.1% of 427.1) over 2233 profile positions	427.1	119.2	307.9	0.7209	2.1e-125	7.6e-33	2.1e-125	0.832	0.096	2233	473	0.822	3034	ECRASSUSDP1_LOCUS28628	Euplotes crassus	5936	0	Uncharacterized protein	protista_other
A0AAD2CPP1	unassigned	none	module	ryr.hmm matched only 64 profile positions (< 200) — a shared module, not a family assignment	0.0	35.3	35.3	1.0		1.4e-07	1.4e-07	0.0	0.013	0	64	0.207	552	CYCCA115_LOCUS5059	Cylindrotheca closterium	2856	0	Calmodulin	protista_other
A0AAD2D764	unassigned	none	module	ryr.hmm matched only 54 profile positions (< 200) — a shared module, not a family assignment	0.0	32.0	32.0	1.0		1.4e-06	1.4e-06	0.0	0.011	0	54	0.745	153	ECRASSUSDP1_LOCUS23750	Euplotes crassus	5936	0	Calmodulin	protista_other
A0AAD2D7M0	unassigned	none	module	ryr.hmm matched only 54 profile positions (< 200) — a shared module, not a family assignment	0.0	31.7	31.7	1.0		1.7e-06	1.7e-06	0.0	0.011	0	54	0.739	153	ECRASSUSDP1_LOCUS23921	Euplotes crassus	5936	0	EF-hand domain-containing protein	protista_other
A0AAD2FIA4	unassigned	none	module	ryr.hmm matched only 148 profile positions (< 200) — a shared module, not a family assignment	0.0	77.3	77.3	1.0		3.1e-20	3.1e-20	0.0	0.03	0	148	0.03	5004	CYCCA115_LOCUS3515	Cylindrotheca closterium	2856	0	HECT-type E3 ubiquitin transferase	protista_other
A0AAD2FZA0	unassigned	none	module	ryr.hmm matched only 54 profile positions (< 200) — a shared module, not a family assignment	0.0	50.4	50.4	1.0		3.9e-12	3.9e-12	0.0	0.011	0	54	0.755	151	CYCCA115_LOCUS16653	Cylindrotheca closterium	2856	0	Calmodulin	protista_other
A0AAD2G4C7	unassigned	none	module	ryr.hmm matched only 54 profile positions (< 200) — a shared module, not a family assignment	0.0	41.4	41.4	1.0		2.1e-09	2.1e-09	0.0	0.011	0	54	0.752	149	CYCCA115_LOCUS19692	Cylindrotheca closterium	2856	0	EF-hand domain-containing protein	protista_other
A0AAD2JLS5	unassigned	none	module	ryr.hmm matched only 74 profile positions (< 200) — a shared module, not a family assignment	0.0	52.4	52.4	1.0		9.6e-13	9.6e-13	0.0	0.015	0	74	0.872	149	CYCCA115_LOCUS19689	Cylindrotheca closterium	2856	0	Calmodulin	protista_other
A0AAD2JMV9	unassigned	none	module	ryr.hmm matched only 158 profile positions (< 200) — a shared module, not a family assignment	0.0	40.7	40.7	1.0		3.3e-09	3.3e-09	0.0	0.032	0	158	0.3	537	CYCCA115_LOCUS21466	Cylindrotheca closterium	2856	0	B30.2/SPRY domain-containing protein	protista_other
A0AAD3CI01	unassigned	none	module	ryr.hmm matched only 74 profile positions (< 200) — a shared module, not a family assignment	0.0	55.6	55.6	1.0		1.1e-13	1.1e-13	0.0	0.015	0	74	0.872	149	CTEN210_02921	Chaetoceros tenuissimus	426638	0	Calmodulin	protista_other
A0AAD3CIV4	unassigned	none	module	best profile score 29.6 < 30 bits	0.0	29.6	29.6	1.0		7.4e-06	7.4e-06	0.0	0.018	0	89	0.865	111	CTEN210_02927	Chaetoceros tenuissimus	426638	0	Calmodulin	protista_other
A0AAD3CZV5	RYR	medium	partial	ryr.hmm wins by 63.1 bits (100.0% of 63.1) over 202 profile positions; no itpr.hmm hit	0.0	63.1	63.1	1.0		5.8e-16	5.8e-16	0.0	0.041	0	202	0.283	619	CTEN210_11505	Chaetoceros tenuissimus	426638	0	B30.2/SPRY domain-containing protein	protista_other
A0AAD3DAF2	unassigned	none	module	ryr.hmm matched only 64 profile positions (< 200) — a shared module, not a family assignment	0.0	37.3	37.3	1.0		3.4e-08	3.4e-08	0.0	0.013	0	64	0.204	568	CTEN210_16092	Chaetoceros tenuissimus	426638	0	Calmodulin	protista_other
A0AAD3H1A0	unassigned	none	module	ryr.hmm matched only 74 profile positions (< 200) — a shared module, not a family assignment	0.0	45.5	45.5	1.0		1.2e-10	1.2e-10	0.0	0.015	0	74	0.862	152	CTEN210_02932	Chaetoceros tenuissimus	426638	0	Calmodulin	protista_other
A0AAD3H2P6	unassigned	none	module	ryr.hmm matched only 64 profile positions (< 200) — a shared module, not a family assignment	0.0	37.7	37.7	1.0		2.7e-08	2.7e-08	0.0	0.013	0	64	0.215	535	CTEN210_04179	Chaetoceros tenuissimus	426638	0	Calmodulin	protista_other
A0AAD3H3U6	unassigned	none	module	ryr.hmm matched only 69 profile positions (< 200) — a shared module, not a family assignment	0.0	49.7	49.7	1.0		6.5e-12	6.5e-12	0.0	0.014	0	69	0.857	147	CTEN210_05797	Chaetoceros tenuissimus	426638	0	EF-hand domain-containing protein	protista_other
A0AAD3H6C4	unassigned	none	module	ryr.hmm matched only 54 profile positions (< 200) — a shared module, not a family assignment	0.0	43.1	43.1	1.0		6.5e-10	6.5e-10	0.0	0.011	0	54	0.76	146	CTEN210_08050	Chaetoceros tenuissimus	426638	0	Calmodulin	protista_other
A0AAD3HBB3	unassigned	none	module	ryr.hmm matched only 133 profile positions (< 200) — a shared module, not a family assignment	0.0	81.3	81.3	1.0		2e-21	2e-21	0.0	0.027	0	133	0.039	4655	CTEN210_13751	Chaetoceros tenuissimus	426638	0	HECT-type E3 ubiquitin transferase	protista_other
A0AAD5L8I2	unassigned	none	module	ryr.hmm matched only 123 profile positions (< 200) — a shared module, not a family assignment	0.0	97.2	97.2	1.0		3.1e-26	3.1e-26	0.0	0.025	0	123	0.052	2406	P43SY_003510	Pythium insidiosum	114742	0	B30.2/SPRY domain-containing protein	protista_other
A0AAD5LED1	unassigned	none	module	ryr.hmm matched only 64 profile positions (< 200) — a shared module, not a family assignment	0.0	39.0	39.0	1.0		1.1e-08	1.1e-08	0.0	0.013	0	64	0.115	3195	P43SY_000462	Pythium insidiosum	114742	0	EF-hand domain-containing protein	protista_other
A0AAD5LHU8	unassigned	none	module	ryr.hmm matched only 74 profile positions (< 200) — a shared module, not a family assignment	0.0	57.6	57.6	1.0		2.7e-14	2.7e-14	0.0	0.015	0	74	0.872	149	P43SY_003588	Pythium insidiosum	114742	0	Calmodulin	protista_other
A0AAD5LLQ5	unassigned	none	module	ryr.hmm matched only 59 profile positions (< 200) — a shared module, not a family assignment	0.0	54.6	54.6	1.0		2.2e-13	2.2e-13	0.0	0.012	0	59	0.199	924	P43SY_005913	Pythium insidiosum	114742	0	Serine/threonine-protein phosphatase	protista_other
A0AAD5LLY0	unassigned	none	module	ryr.hmm matched only 64 profile positions (< 200) — a shared module, not a family assignment	0.0	37.9	37.9	1.0		2.3e-08	2.3e-08	0.0	0.013	0	64	0.211	579	P43SY_005169	Pythium insidiosum	114742	0	Calmodulin	protista_other
A0AAD5LN67	RYR	medium	partial	ryr.hmm wins by 180.4 bits (100.0% of 180.4) over 232 profile positions; no itpr.hmm hit	0.0	180.4	180.4	1.0		2.8e-51	2.8e-51	0.0	0.047	0	232	0.159	1428	P43SY_008807	Pythium insidiosum	114742	0	Ryanodine-inositol 1,4,5-triphosphate receptor Ca2 channel (RIR-CaC) family protein	protista_other
A0AAD5M469	ITPR	high	architecture	itpr.hmm wins by 1183.6 bits (78.2% of 1512.9) over 2488 profile positions	1512.9	329.3	1183.6	0.7823	0	3.8e-96	0	0.927	0.215	2488	1060	0.825	3660	P43SY_003040	Pythium insidiosum	114742	0	MIR domain-containing protein	protista_other
A0AAD5Q448	unassigned	none	module	ryr.hmm matched only 173 profile positions (< 200) — a shared module, not a family assignment	0.0	36.7	36.7	1.0		5.2e-08	5.2e-08	0.0	0.035	0	173	0.041	4345	P43SY_009330	Pythium insidiosum	114742	0	FHA domain-containing protein	protista_other
A0AAD5QCC2	unassigned	none	module	best profile score 29.7 < 30 bits	0.0	29.7	29.7	1.0		7e-06	7e-06	0.0	0.012	0	59	0.178	673	P43SY_003079	Pythium insidiosum	114742	0	EF-hand domain-containing protein	protista_other
A0AAD5QCH0	unassigned	none	module	ryr.hmm matched only 128 profile positions (< 200) — a shared module, not a family assignment	0.0	81.7	81.7	1.0		1.4e-21	1.4e-21	0.0	0.026	0	128	0.214	598	P43SY_003222	Pythium insidiosum	114742	0	C3H1-type domain-containing protein	protista_other
A0AAD5QDC1	unassigned	none	module	ryr.hmm matched only 113 profile positions (< 200) — a shared module, not a family assignment	0.0	180.2	180.2	1.0		3.2e-51	3.2e-51	0.0	0.023	0	113	0.196	1023	P43SY_010104	Pythium insidiosum	114742	0	Ryanodine receptor Ryr domain-containing protein	protista_other
A0AAD7U867	unassigned	none	module	ryr.hmm matched only 84 profile positions (< 200) — a shared module, not a family assignment	0.0	69.0	69.0	1.0		1e-17	1e-17	0.0	0.017	0	84	0.172	540	CTAYLR_010759	Chrysophaeum taylorii	2483200	0	B30.2/SPRY domain-containing protein	protista_other
A0AAD7U887	unassigned	none	module	ryr.hmm matched only 64 profile positions (< 200) — a shared module, not a family assignment	0.0	40.1	40.1	1.0		4.9e-09	4.9e-09	0.0	0.013	0	64	0.071	2566	CTAYLR_001845	Chrysophaeum taylorii	2483200	0	EF-hand domain-containing protein	protista_other
A0AAD7U8K0	ITPR	medium	partial	itpr.hmm wins by 67.2 bits (100.0% of 67.2) over 483 profile positions; no ryr.hmm hit	67.2	0.0	67.2	1.0	6.4e-17		6.4e-17	0.18	0.0	483	0	0.836	689	CTAYLR_009815	Chrysophaeum taylorii	2483200	0	Inositol 1,4,5-trisphosphate/ryanodine receptor domain-containing protein	protista_other
A0AAD7UC35	unassigned	none	module	ryr.hmm matched only 59 profile positions (< 200) — a shared module, not a family assignment	0.0	30.2	30.2	1.0		5e-06	5e-06	0.0	0.012	0	59	0.102	1127	CTAYLR_010078	Chrysophaeum taylorii	2483200	0	EF-hand domain-containing protein	protista_other
A0AAD7UCJ3	ITPR	medium	partial	itpr.hmm wins by 69.1 bits (31.8% of 217.4) over 260 profile positions	217.4	148.3	69.1	0.3178	3.4e-62	1.3e-41	3.4e-62	0.097	0.049	260	242	0.473	588	CTAYLR_005917	Chrysophaeum taylorii	2483200	0	Ion transport domain-containing protein	protista_other
A0AAD7UD70	ITPR	high	architecture	itpr.hmm wins by 650.3 bits (74.1% of 877.4) over 2418 profile positions	877.4	227.1	650.3	0.7412	3.8e-261	2.4e-65	3.8e-261	0.901	0.183	2418	902	0.801	3368	CTAYLR_006814	Chrysophaeum taylorii	2483200	0	Inositol 1,4,5-trisphosphate receptor	protista_other
A0AAD7XET7	unassigned	none	module	ryr.hmm matched only 123 profile positions (< 200) — a shared module, not a family assignment	0.0	52.6	52.6	1.0		8.5e-13	8.5e-13	0.0	0.025	0	123	0.741	162	CTAYLR_001722	Chrysophaeum taylorii	2483200	0	B30.2/SPRY domain-containing protein	protista_other
A0AAD7XTE8	unassigned	none	module	ryr.hmm matched only 84 profile positions (< 200) — a shared module, not a family assignment	0.0	41.2	41.2	1.0		2.4e-09	2.4e-09	0.0	0.017	0	84	0.117	698	CTAYLR_005777	Chrysophaeum taylorii	2483200	0	ATP-dependent RNA helicase DDX1	protista_other
A0AAD8PD82	unassigned	none	module	ryr.hmm matched only 54 profile positions (< 200) — a shared module, not a family assignment	0.0	49.8	49.8	1.0		6.2e-12	6.2e-12	0.0	0.011	0	54	0.758	149	BgAZ_501430	Babesia gibsoni	33632	0	Calmodulin	protista_other
A0AAD8US90	unassigned	none	module	ryr.hmm matched only 89 profile positions (< 200) — a shared module, not a family assignment	0.0	43.0	43.0	1.0		6.7e-10	6.7e-10	0.0	0.018	0	89	0.118	718	BgAZ_107260	Babesia gibsoni	33632	0	ATP-dependent RNA helicase	protista_other
A0AAD8Y0V8	unassigned	none	module	ryr.hmm matched only 54 profile positions (< 200) — a shared module, not a family assignment	0.0	85.1	85.1	1.0		1.4e-22	1.4e-22	0.0	0.011	0	54	0.687	492	QTG54_011970	Skeletonema marinoi	267567	0	Calmodulin	protista_other
A0AAD8Y898	unassigned	none	module	ryr.hmm matched only 59 profile positions (< 200) — a shared module, not a family assignment	0.0	45.5	45.5	1.0		1.2e-10	1.2e-10	0.0	0.012	0	59	0.203	562	QTG54_008691	Skeletonema marinoi	267567	0	Calcium-dependent protein kinase	protista_other
A0AAD8YHM3	unassigned	none	module	ryr.hmm matched only 163 profile positions (< 200) — a shared module, not a family assignment	0.0	81.1	81.1	1.0		2.2e-21	2.2e-21	0.0	0.033	0	163	0.031	4944	QTG54_004556	Skeletonema marinoi	267567	0	HECT domain-containing protein	protista_other
A0AAD9GGU2	unassigned	none	module	ryr.hmm matched only 59 profile positions (< 200) — a shared module, not a family assignment	0.0	107.3	107.3	1.0		2.8e-29	2.8e-29	0.0	0.012	0	59	0.413	1253	P3T76_009325	Phytophthora citrophthora	4793	0	Calmodulin	protista_other
A0AAD9GIL7	unassigned	none	module	ryr.hmm matched only 69 profile positions (< 200) — a shared module, not a family assignment	0.0	35.9	35.9	1.0		9.5e-08	9.5e-08	0.0	0.014	0	69	0.182	741	P3T76_008619	Phytophthora citrophthora	4793	0	Squidulin	protista_other
A0AAD9GIM8	unassigned	none	module	ryr.hmm matched only 143 profile positions (< 200) — a shared module, not a family assignment	0.0	109.5	109.5	1.0		6.4e-30	6.4e-30	0.0	0.029	0	143	0.073	3266	P3T76_008575	Phytophthora citrophthora	4793	0	E3 ubiquitin-protein ligase	protista_other
A0AAD9GJX5	unassigned	none	module	ryr.hmm matched only 54 profile positions (< 200) — a shared module, not a family assignment	0.0	53.8	53.8	1.0		3.8e-13	3.8e-13	0.0	0.011	0	54	0.758	149	X943_003701	Babesia divergens	32595	0	Calmodulin	protista_other
A0AAD9GL81	unassigned	none	module	ryr.hmm matched only 59 profile positions (< 200) — a shared module, not a family assignment	0.0	44.8	44.8	1.0		1.9e-10	1.9e-10	0.0	0.012	0	59	0.086	1995	P3T76_007936	Phytophthora citrophthora	4793	0	Calcium-dependent protein kinase 11	protista_other
A0AAD9GLS2	unassigned	none	module	ryr.hmm matched only 74 profile positions (< 200) — a shared module, not a family assignment	0.0	57.6	57.6	1.0		2.7e-14	2.7e-14	0.0	0.015	0	74	0.872	149	P3T76_008024	Phytophthora citrophthora	4793	0	Calmodulin	protista_other
A0AAD9GU83	RYR	medium	partial	ryr.hmm wins by 180.6 bits (100.0% of 180.6) over 217 profile positions; no itpr.hmm hit	0.0	180.6	180.6	1.0		2.4e-51	2.4e-51	0.0	0.044	0	217	0.161	1338	P3T76_003400	Phytophthora citrophthora	4793	0	Polycystin-2	protista_other
A0AAD9GUR2	unassigned	none	module	ryr.hmm matched only 59 profile positions (< 200) — a shared module, not a family assignment	0.0	47.6	47.6	1.0		2.9e-11	2.9e-11	0.0	0.012	0	59	0.211	573	P3T76_003488	Phytophthora citrophthora	4793	0	Calcium-dependent protein kinase 19	protista_other
A0AAD9GUV8	unassigned	none	module	ryr.hmm matched only 133 profile positions (< 200) — a shared module, not a family assignment	0.0	102.0	102.0	1.0		1.2e-27	1.2e-27	0.0	0.027	0	133	0.096	2469	P3T76_002527	Phytophthora citrophthora	4793	0	E3 ubiquitin-protein ligase HERC2	protista_other
A0AAD9GZW5	unassigned	none	module	ryr.hmm matched only 133 profile positions (< 200) — a shared module, not a family assignment	0.0	90.6	90.6	1.0		3.2e-24	3.2e-24	0.0	0.027	0	133	0.217	627	P3T76_000054	Phytophthora citrophthora	4793	0	E3 ubiquitin-protein ligase	protista_other
A0AAD9H1S6	RYR	medium	partial	ryr.hmm wins by 126.0 bits (100.0% of 126.0) over 232 profile positions; no itpr.hmm hit	0.0	126.0	126.0	1.0		6.5e-35	6.5e-35	0.0	0.047	0	232	0.046	6792	P3T76_000473	Phytophthora citrophthora	4793	0	E3 ubiquitin-protein ligase HERC1	protista_other
A0AAD9LFE9	unassigned	none	module	ryr.hmm matched only 84 profile positions (< 200) — a shared module, not a family assignment	0.0	41.2	41.2	1.0		2.3e-09	2.3e-09	0.0	0.017	0	84	0.112	740	X943_003929	Babesia divergens	32595	0	ATP-dependent RNA helicase	protista_other
A0AAD9LIJ6	ITPR	high	architecture	itpr.hmm wins by 1623.1 bits (82.7% of 1961.9) over 2625 profile positions	1961.9	338.8	1623.1	0.8273	0	5.4e-99	0	0.978	0.226	2625	1114	0.918	3785	P3T76_010134	Phytophthora citrophthora	4793	0	Inositol 1	protista_other
A0AAD9LJ54	unassigned	none	module	ryr.hmm matched only 64 profile positions (< 200) — a shared module, not a family assignment	0.0	64.0	64.0	1.0		3.3e-16	3.3e-16	0.0	0.013	0	64	0.198	955	P3T76_009421	Phytophthora citrophthora	4793	0	Serine/threonine-protein phosphatase	protista_other
A0AAD9LM89	unassigned	none	module	ryr.hmm matched only 69 profile positions (< 200) — a shared module, not a family assignment	0.0	49.3	49.3	1.0		8.6e-12	8.6e-12	0.0	0.014	0	69	0.149	2911	P3T76_006372	Phytophthora citrophthora	4793	0	Nephrocystin-4	protista_other
A0AAD9LQ66	RYR	medium	partial	ryr.hmm wins by 116.5 bits (100.0% of 116.5) over 217 profile positions; no itpr.hmm hit	0.0	116.5	116.5	1.0		4.9e-32	4.9e-32	0.0	0.044	0	217	0.248	803	P3T76_002608	Phytophthora citrophthora	4793	0	Ryanodine receptor 3	protista_other
A0AAD9LSJ1	unassigned	none	module	ryr.hmm matched only 197 profile positions (< 200) — a shared module, not a family assignment	0.0	182.8	182.8	1.0		5.1e-52	5.1e-52	0.0	0.04	0	197	0.142	1390	P3T76_003692	Phytophthora citrophthora	4793	0	Polycystin-2	protista_other
A0AAD9PLG5	unassigned	none	module	ryr.hmm matched only 84 profile positions (< 200) — a shared module, not a family assignment	0.0	41.0	41.0	1.0		2.8e-09	2.8e-09	0.0	0.017	0	84	0.124	676	BdWA1_002252	Babesia duncani	323732	0	ATP-dependent RNA helicase DDX1	protista_other
A0AAD9PNY6	unassigned	none	module	ryr.hmm matched only 59 profile positions (< 200) — a shared module, not a family assignment	0.0	38.6	38.6	1.0		1.4e-08	1.4e-08	0.0	0.012	0	59	0.279	420	BdWA1_000885	Babesia duncani	323732	0	Calmodulin	protista_other
A0AAD9UML4	unassigned	none	module	ryr.hmm matched only 54 profile positions (< 200) — a shared module, not a family assignment	0.0	50.4	50.4	1.0		4e-12	4e-12	0.0	0.011	0	54	0.758	149	BdWA1_003697	Babesia duncani	323732	0	Calmodulin	protista_other
A0AAN7U8N4	unassigned	none	module	ryr.hmm matched only 89 profile positions (< 200) — a shared module, not a family assignment	0.0	32.5	32.5	1.0		1e-06	1e-06	0.0	0.018	0	89	0.198	464	RB653_003806	Dictyostelium firmibasis	79012	0	Uncharacterized protein	protista_other
A0AAN7UA14	unassigned	none	module	ryr.hmm matched only 64 profile positions (< 200) — a shared module, not a family assignment	0.0	54.6	54.6	1.0		2.2e-13	2.2e-13	0.0	0.013	0	64	0.789	152	RB653_004125	Dictyostelium firmibasis	79012	0	EF-hand domain-containing protein	protista_other
A0AAN7YNG6	unassigned	none	module	ryr.hmm matched only 84 profile positions (< 200) — a shared module, not a family assignment	0.0	44.7	44.7	1.0		2.1e-10	2.1e-10	0.0	0.017	0	84	0.11	755	RB653_006835	Dictyostelium firmibasis	79012	0	ATP-dependent RNA helicase	protista_other
A0AAN7YWK4	ITPR	high	architecture	itpr.hmm wins by 1478.2 bits (88.5% of 1669.8) over 2617 profile positions	1669.8	191.6	1478.2	0.8853	0	1.2e-54	0	0.975	0.179	2617	882	1.0	3071	RB653_003929	Dictyostelium firmibasis	79012	0	Uncharacterized protein	protista_other
A0AAU9I3T8	unassigned	none	module	ryr.hmm matched only 59 profile positions (< 200) — a shared module, not a family assignment	0.0	30.9	30.9	1.0		2.9e-06	2.9e-06	0.0	0.012	0	59	0.237	498	BSTOLATCC_MIC294	Blepharisma stoltei	1481888	0	EF-hand domain-containing protein	protista_other
A0AAU9I9Q8	unassigned	none	module	ryr.hmm matched only 59 profile positions (< 200) — a shared module, not a family assignment	0.0	35.2	35.2	1.0		1.5e-07	1.5e-07	0.0	0.012	0	59	0.282	659	BSTOLATCC_MIC5291	Blepharisma stoltei	1481888	0	EF-hand domain-containing protein	protista_other
A0AAU9IGQ0	unassigned	none	module	best profile score 29.6 < 30 bits	0.0	29.6	29.6	1.0		7.2e-06	7.2e-06	0.0	0.014	0	69	0.258	492	BSTOLATCC_MIC7183	Blepharisma stoltei	1481888	0	non-specific serine/threonine protein kinase	protista_other
A0AAU9IGZ8	unassigned	none	module	ryr.hmm matched only 54 profile positions (< 200) — a shared module, not a family assignment	0.0	55.9	55.9	1.0		8.6e-14	8.6e-14	0.0	0.011	0	54	0.758	149	BSTOLATCC_MIC2767	Blepharisma stoltei	1481888	0	Calmodulin	protista_other
A0AAU9IHR1	unassigned	none	module	ryr.hmm matched only 64 profile positions (< 200) — a shared module, not a family assignment	0.0	32.0	32.0	1.0		1.4e-06	1.4e-06	0.0	0.013	0	64	0.268	462	BSTOLATCC_MIC9436	Blepharisma stoltei	1481888	0	non-specific serine/threonine protein kinase	protista_other
A0AAU9IIJ9	unassigned	none	module	ryr.hmm matched only 59 profile positions (< 200) — a shared module, not a family assignment	0.0	30.9	30.9	1.0		3e-06	3e-06	0.0	0.012	0	59	0.299	793	BSTOLATCC_MIC9434	Blepharisma stoltei	1481888	0	EF-hand domain-containing protein	protista_other
A0AAU9IK84	ITPR	high	architecture	itpr.hmm wins by 600.0 bits (73.0% of 821.8) over 2236 profile positions	821.8	221.8	600.0	0.7301	2.2e-244	9.5e-64	2.2e-244	0.833	0.255	2236	1257	0.916	2629	BSTOLATCC_MIC11466	Blepharisma stoltei	1481888	0	MIR domain-containing protein	protista_other
A0AAU9IKS2	unassigned	none	module	best profile score 29.1 < 30 bits	0.0	29.1	29.1	1.0		1e-05	1e-05	0.0	0.012	0	59	0.718	170	BSTOLATCC_MIC11351	Blepharisma stoltei	1481888	0	EF-hand domain-containing protein	protista_other
A0AAU9IKY6	unassigned	none	module	best profile score 29.9 < 30 bits	0.0	29.9	29.9	1.0		6e-06	6e-06	0.0	0.012	0	59	0.223	498	BSTOLATCC_MIC9642	Blepharisma stoltei	1481888	0	non-specific serine/threonine protein kinase	protista_other
A0AAU9IL20	unassigned	none	module	ryr.hmm matched only 54 profile positions (< 200) — a shared module, not a family assignment	0.0	32.1	32.1	1.0		1.3e-06	1.3e-06	0.0	0.011	0	54	0.234	483	BSTOLATCC_MIC9743	Blepharisma stoltei	1481888	0	Calcium-dependent protein kinase 1	protista_other
A0AAU9ILF4	unassigned	none	module	best profile score 29.4 < 30 bits	0.0	29.4	29.4	1.0		8.6e-06	8.6e-06	0.0	0.017	0	84	0.876	97	BSTOLATCC_MIC15815	Blepharisma stoltei	1481888	0	EF-hand domain-containing protein	protista_other
A0AAU9INA5	unassigned	none	module	ryr.hmm matched only 54 profile positions (< 200) — a shared module, not a family assignment	0.0	32.4	32.4	1.0		1e-06	1e-06	0.0	0.011	0	54	0.22	509	BSTOLATCC_MIC11690	Blepharisma stoltei	1481888	0	Calcium-dependent protein kinase 1	protista_other
A0AAU9IPG3	unassigned	none	module	ryr.hmm matched only 54 profile positions (< 200) — a shared module, not a family assignment	0.0	33.5	33.5	1.0		5e-07	5e-07	0.0	0.011	0	54	0.234	483	BSTOLATCC_MIC14632	Blepharisma stoltei	1481888	0	Calcium-dependent protein kinase 1	protista_other
A0AAU9IPQ2	unassigned	none	module	ryr.hmm matched only 79 profile positions (< 200) — a shared module, not a family assignment	0.0	38.3	38.3	1.0		1.7e-08	1.7e-08	0.0	0.016	0	79	0.165	1670	BSTOLATCC_MIC12917	Blepharisma stoltei	1481888	0	EF-hand domain-containing protein	protista_other
A0AAU9IPW6	unassigned	none	module	ryr.hmm matched only 59 profile positions (< 200) — a shared module, not a family assignment	0.0	30.2	30.2	1.0		4.9e-06	4.9e-06	0.0	0.012	0	59	0.824	142	BSTOLATCC_MIC14533	Blepharisma stoltei	1481888	0	Calmodulin	protista_other
A0AAU9IPZ7	unassigned	none	module	ryr.hmm matched only 64 profile positions (< 200) — a shared module, not a family assignment	0.0	36.0	36.0	1.0		8.8e-08	8.8e-08	0.0	0.013	0	64	0.265	464	BSTOLATCC_MIC3833	Blepharisma stoltei	1481888	0	non-specific serine/threonine protein kinase	protista_other
A0AAU9ISK5	unassigned	none	module	ryr.hmm matched only 59 profile positions (< 200) — a shared module, not a family assignment	0.0	37.2	37.2	1.0		3.9e-08	3.9e-08	0.0	0.012	0	59	0.232	495	BSTOLATCC_MIC16822	Blepharisma stoltei	1481888	0	Calcium-dependent protein kinase 1	protista_other
A0AAU9IV95	unassigned	none	module	ryr.hmm matched only 64 profile positions (< 200) — a shared module, not a family assignment	0.0	31.7	31.7	1.0		1.7e-06	1.7e-06	0.0	0.013	0	64	0.273	462	BSTOLATCC_MIC17649	Blepharisma stoltei	1481888	0	non-specific serine/threonine protein kinase	protista_other
A0AAU9IVG5	unassigned	none	module	ryr.hmm matched only 59 profile positions (< 200) — a shared module, not a family assignment	0.0	31.3	31.3	1.0		2.3e-06	2.3e-06	0.0	0.012	0	59	0.248	468	BSTOLATCC_MIC18721	Blepharisma stoltei	1481888	0	Calcium-dependent protein kinase 1	protista_other
A0AAU9IW05	unassigned	none	module	ryr.hmm matched only 59 profile positions (< 200) — a shared module, not a family assignment	0.0	34.4	34.4	1.0		2.7e-07	2.7e-07	0.0	0.012	0	59	0.785	149	BSTOLATCC_MIC22079	Blepharisma stoltei	1481888	0	Calmodulin	protista_other
A0AAU9IW32	unassigned	none	module	ryr.hmm matched only 64 profile positions (< 200) — a shared module, not a family assignment	0.0	30.3	30.3	1.0		4.5e-06	4.5e-06	0.0	0.013	0	64	0.218	527	BSTOLATCC_MIC18571	Blepharisma stoltei	1481888	0	Calcium-dependent protein kinase	protista_other
A0AAU9IW57	unassigned	none	module	ryr.hmm matched only 54 profile positions (< 200) — a shared module, not a family assignment	0.0	30.5	30.5	1.0		4e-06	4e-06	0.0	0.011	0	54	0.228	482	BSTOLATCC_MIC18987	Blepharisma stoltei	1481888	0	non-specific serine/threonine protein kinase	protista_other
A0AAU9IYH7	unassigned	none	module	ryr.hmm matched only 64 profile positions (< 200) — a shared module, not a family assignment	0.0	40.1	40.1	1.0		5.1e-09	5.1e-09	0.0	0.013	0	64	0.793	150	BSTOLATCC_MIC27391	Blepharisma stoltei	1481888	0	Calmodulin	protista_other
A0AAU9IYX2	unassigned	none	module	best profile score 29.4 < 30 bits	0.0	29.4	29.4	1.0		8.3e-06	8.3e-06	0.0	0.011	0	54	0.232	479	BSTOLATCC_MIC20843	Blepharisma stoltei	1481888	0	Calcium-dependent protein kinase	protista_other
A0AAU9IZ48	unassigned	none	module	ryr.hmm matched only 59 profile positions (< 200) — a shared module, not a family assignment	0.0	46.9	46.9	1.0		4.5e-11	4.5e-11	0.0	0.012	0	59	0.225	516	BSTOLATCC_MIC22117	Blepharisma stoltei	1481888	0	non-specific serine/threonine protein kinase	protista_other
A0AAU9IZF9	unassigned	none	module	ryr.hmm matched only 59 profile positions (< 200) — a shared module, not a family assignment	0.0	31.3	31.3	1.0		2.3e-06	2.3e-06	0.0	0.012	0	59	0.241	468	BSTOLATCC_MIC22423	Blepharisma stoltei	1481888	0	non-specific serine/threonine protein kinase	protista_other
A0AAU9IZP8	ITPR	high	architecture	itpr.hmm wins by 674.7 bits (72.7% of 928.4) over 2220 profile positions	928.4	253.7	674.7	0.7267	1.7e-276	2.3e-73	1.7e-276	0.827	0.19	2220	937	0.909	2709	BSTOLATCC_MIC16888	Blepharisma stoltei	1481888	0	MIR domain-containing protein	protista_other
A0AAU9J038	ITPR	high	architecture	itpr.hmm wins by 376.5 bits (53.9% of 697.9) over 1965 profile positions	697.9	321.4	376.5	0.5395	4.9e-207	9.4e-94	4.9e-207	0.732	0.216	1965	1065	0.78	2697	BSTOLATCC_MIC22001	Blepharisma stoltei	1481888	0	Uncharacterized protein	protista_other
A0AAU9J0J3	unassigned	none	module	ryr.hmm matched only 54 profile positions (< 200) — a shared module, not a family assignment	0.0	32.8	32.8	1.0		7.8e-07	7.8e-07	0.0	0.011	0	54	0.228	501	BSTOLATCC_MIC22212	Blepharisma stoltei	1481888	0	non-specific serine/threonine protein kinase	protista_other
A0AAU9J0Z4	unassigned	none	module	best profile score 29.1 < 30 bits	0.0	29.1	29.1	1.0		1e-05	1e-05	0.0	0.012	0	59	0.722	169	BSTOLATCC_MIC24085	Blepharisma stoltei	1481888	0	EF-hand domain-containing protein	protista_other
A0AAU9J229	unassigned	none	module	ryr.hmm matched only 59 profile positions (< 200) — a shared module, not a family assignment	0.0	34.7	34.7	1.0		2.1e-07	2.1e-07	0.0	0.012	0	59	0.214	543	BSTOLATCC_MIC20481	Blepharisma stoltei	1481888	0	EF-hand domain-containing protein	protista_other
A0AAU9J2K1	unassigned	none	module	best profile score 29.3 < 30 bits	0.0	29.3	29.3	1.0		8.9e-06	8.9e-06	0.0	0.011	0	54	0.233	484	BSTOLATCC_MIC24092	Blepharisma stoltei	1481888	0	non-specific serine/threonine protein kinase	protista_other
A0AAU9J2M8	unassigned	none	module	ryr.hmm matched only 69 profile positions (< 200) — a shared module, not a family assignment	0.0	85.7	85.7	1.0		9.2e-23	9.2e-23	0.0	0.014	0	69	0.502	769	BSTOLATCC_MIC19034	Blepharisma stoltei	1481888	0	EF-hand domain-containing protein	protista_other
A0AAU9J441	unassigned	none	module	ryr.hmm matched only 79 profile positions (< 200) — a shared module, not a family assignment	0.0	44.0	44.0	1.0		3.4e-10	3.4e-10	0.0	0.016	0	79	0.287	515	BSTOLATCC_MIC25290	Blepharisma stoltei	1481888	0	non-specific serine/threonine protein kinase	protista_other
A0AAU9J4M8	unassigned	none	module	ryr.hmm matched only 59 profile positions (< 200) — a shared module, not a family assignment	0.0	31.1	31.1	1.0		2.7e-06	2.7e-06	0.0	0.012	0	59	0.12	510	BSTOLATCC_MIC33085	Blepharisma stoltei	1481888	0	Calcium-dependent protein kinase	protista_other
A0AAU9J521	unassigned	none	module	ryr.hmm matched only 84 profile positions (< 200) — a shared module, not a family assignment	0.0	43.6	43.6	1.0		4.4e-10	4.4e-10	0.0	0.017	0	84	0.122	3489	BSTOLATCC_MIC30393	Blepharisma stoltei	1481888	0	EF-hand domain-containing protein	protista_other
A0AAU9J6K4	ITPR	high	architecture	itpr.hmm wins by 634.8 bits (68.4% of 928.3) over 2236 profile positions	928.3	293.5	634.8	0.6838	1.7e-276	2.3e-85	1.7e-276	0.833	0.281	2236	1385	0.917	2652	BSTOLATCC_MIC29752	Blepharisma stoltei	1481888	0	MIR domain-containing protein	protista_other
A0AAU9J864	ITPR	high	architecture	itpr.hmm wins by 445.4 bits (58.6% of 759.5) over 2292 profile positions	759.5	314.1	445.4	0.5864	1.3e-225	1.4e-91	1.3e-225	0.854	0.181	2292	892	0.844	2867	BSTOLATCC_MIC17532	Blepharisma stoltei	1481888	0	MIR domain-containing protein	protista_other
A0AAU9J8L3	unassigned	none	module	ryr.hmm matched only 54 profile positions (< 200) — a shared module, not a family assignment	0.0	32.5	32.5	1.0		1e-06	1e-06	0.0	0.011	0	54	0.233	490	BSTOLATCC_MIC30404	Blepharisma stoltei	1481888	0	non-specific serine/threonine protein kinase	protista_other
A0AAU9J9A7	unassigned	none	module	ryr.hmm matched only 59 profile positions (< 200) — a shared module, not a family assignment	0.0	30.6	30.6	1.0		3.7e-06	3.7e-06	0.0	0.012	0	59	0.248	468	BSTOLATCC_MIC29729	Blepharisma stoltei	1481888	0	Calcium-dependent protein kinase 1	protista_other
A0AAU9J9E8	unassigned	none	module	ryr.hmm matched only 54 profile positions (< 200) — a shared module, not a family assignment	0.0	34.5	34.5	1.0		2.5e-07	2.5e-07	0.0	0.011	0	54	0.23	486	BSTOLATCC_MIC20832	Blepharisma stoltei	1481888	0	non-specific serine/threonine protein kinase	protista_other
A0AAU9JAM1	ITPR	high	architecture	itpr.hmm wins by 659.9 bits (68.0% of 971.0) over 2217 profile positions	971.0	311.1	659.9	0.6796	2.3e-289	1.1e-90	2.3e-289	0.826	0.257	2217	1267	0.908	2683	BSTOLATCC_MIC18998	Blepharisma stoltei	1481888	0	MIR domain-containing protein	protista_other
A0AAU9JBA5	unassigned	none	module	ryr.hmm matched only 54 profile positions (< 200) — a shared module, not a family assignment	0.0	33.6	33.6	1.0		4.5e-07	4.5e-07	0.0	0.011	0	54	0.23	483	BSTOLATCC_MIC31544	Blepharisma stoltei	1481888	0	non-specific serine/threonine protein kinase	protista_other
A0AAU9JC24	unassigned	none	module	ryr.hmm matched only 69 profile positions (< 200) — a shared module, not a family assignment	0.0	33.8	33.8	1.0		4e-07	4e-07	0.0	0.014	0	69	0.277	660	BSTOLATCC_MIC39457	Blepharisma stoltei	1481888	0	EF-hand domain-containing protein	protista_other
A0AAU9JCI9	unassigned	none	module	ryr.hmm matched only 54 profile positions (< 200) — a shared module, not a family assignment	0.0	44.6	44.6	1.0		2.3e-10	2.3e-10	0.0	0.011	0	54	0.76	150	BSTOLATCC_MIC34098	Blepharisma stoltei	1481888	0	Calmodulin	protista_other
A0AAU9JCX0	unassigned	none	module	ryr.hmm matched only 54 profile positions (< 200) — a shared module, not a family assignment	0.0	31.8	31.8	1.0		1.6e-06	1.6e-06	0.0	0.011	0	54	0.22	509	BSTOLATCC_MIC34867	Blepharisma stoltei	1481888	0	Calcium-dependent protein kinase 1	protista_other
A0AAU9JE75	unassigned	none	module	ryr.hmm matched only 64 profile positions (< 200) — a shared module, not a family assignment	0.0	55.9	55.9	1.0		8.5e-14	8.5e-14	0.0	0.013	0	64	0.805	149	BSTOLATCC_MIC2768	Blepharisma stoltei	1481888	0	Calmodulin	protista_other
A0AAU9JEC2	unassigned	none	module	best profile score 29.9 < 30 bits	0.0	29.9	29.9	1.0		5.8e-06	5.8e-06	0.0	0.012	0	59	0.236	496	BSTOLATCC_MIC36394	Blepharisma stoltei	1481888	0	non-specific serine/threonine protein kinase	protista_other
A0AAU9JER1	unassigned	none	module	ryr.hmm matched only 59 profile positions (< 200) — a shared module, not a family assignment	0.0	32.3	32.3	1.0		1.1e-06	1.1e-06	0.0	0.012	0	59	0.249	470	BSTOLATCC_MIC30436	Blepharisma stoltei	1481888	0	non-specific serine/threonine protein kinase	protista_other
A0AAU9JII2	unassigned	none	module	ryr.hmm matched only 54 profile positions (< 200) — a shared module, not a family assignment	0.0	34.6	34.6	1.0		2.4e-07	2.4e-07	0.0	0.011	0	54	0.226	492	BSTOLATCC_MIC38727	Blepharisma stoltei	1481888	0	non-specific serine/threonine protein kinase	protista_other
A0AAU9JJ11	unassigned	none	module	ryr.hmm matched only 59 profile positions (< 200) — a shared module, not a family assignment	0.0	31.6	31.6	1.0		1.9e-06	1.9e-06	0.0	0.012	0	59	0.248	468	BSTOLATCC_MIC29618	Blepharisma stoltei	1481888	0	Calcium-dependent protein kinase 1	protista_other
A0AAU9JMW0	unassigned	none	module	ryr.hmm matched only 59 profile positions (< 200) — a shared module, not a family assignment	0.0	44.5	44.5	1.0		2.3e-10	2.3e-10	0.0	0.012	0	59	0.248	468	BSTOLATCC_MIC40738	Blepharisma stoltei	1481888	0	Calcium-dependent protein kinase 1	protista_other
A0AAU9JNF7	unassigned	none	module	ryr.hmm matched only 54 profile positions (< 200) — a shared module, not a family assignment	0.0	35.2	35.2	1.0		1.5e-07	1.5e-07	0.0	0.011	0	54	0.22	500	BSTOLATCC_MIC44448	Blepharisma stoltei	1481888	0	Calcium-dependent protein kinase 1	protista_other
A0AAU9JNS0	unassigned	none	module	ryr.hmm matched only 64 profile positions (< 200) — a shared module, not a family assignment	0.0	31.9	31.9	1.0		1.5e-06	1.5e-06	0.0	0.013	0	64	0.263	486	BSTOLATCC_MIC41913	Blepharisma stoltei	1481888	0	non-specific serine/threonine protein kinase	protista_other
A0AAU9JQT3	ITPR	high	architecture	itpr.hmm wins by 545.7 bits (70.6% of 773.4) over 2182 profile positions	773.4	227.7	545.7	0.7056	8.5e-230	1.6e-65	8.5e-230	0.813	0.228	2182	1124	0.964	2521	BSTOLATCC_MIC33165	Blepharisma stoltei	1481888	0	MIR domain-containing protein	protista_other
A0AAU9JRC0	unassigned	none	module	ryr.hmm matched only 54 profile positions (< 200) — a shared module, not a family assignment	0.0	32.7	32.7	1.0		8.4e-07	8.4e-07	0.0	0.011	0	54	0.234	466	BSTOLATCC_MIC42142	Blepharisma stoltei	1481888	0	non-specific serine/threonine protein kinase	protista_other
A0AAU9JRX0	unassigned	none	module	ryr.hmm matched only 54 profile positions (< 200) — a shared module, not a family assignment	0.0	32.3	32.3	1.0		1.2e-06	1.2e-06	0.0	0.011	0	54	0.236	484	BSTOLATCC_MIC40629	Blepharisma stoltei	1481888	0	non-specific serine/threonine protein kinase	protista_other
A0AAU9JRX9	unassigned	none	module	best profile score 29.2 < 30 bits	0.0	29.2	29.2	1.0		9.9e-06	9.9e-06	0.0	0.012	0	59	0.726	168	BSTOLATCC_MIC36309	Blepharisma stoltei	1481888	0	EF-hand domain-containing protein	protista_other
A0AAU9JUK2	unassigned	none	module	ryr.hmm matched only 64 profile positions (< 200) — a shared module, not a family assignment	0.0	31.4	31.4	1.0		2e-06	2e-06	0.0	0.013	0	64	0.329	547	BSTOLATCC_MIC53513	Blepharisma stoltei	1481888	0	EF-hand domain-containing protein	protista_other
A0AAU9JUN3	unassigned	none	module	ryr.hmm matched only 59 profile positions (< 200) — a shared module, not a family assignment	0.0	51.5	51.5	1.0		1.8e-12	1.8e-12	0.0	0.012	0	59	0.781	151	BSTOLATCC_MIC52357	Blepharisma stoltei	1481888	0	Calmodulin	protista_other
A0AAU9JUY4	unassigned	none	module	ryr.hmm matched only 54 profile positions (< 200) — a shared module, not a family assignment	0.0	37.1	37.1	1.0		4e-08	4e-08	0.0	0.011	0	54	0.312	349	BSTOLATCC_MIC52459	Blepharisma stoltei	1481888	0	Calcium-dependent protein kinase	protista_other
A0AAU9JVI1	unassigned	none	module	best profile score 29.5 < 30 bits	0.0	29.5	29.5	1.0		7.9e-06	7.9e-06	0.0	0.014	0	69	0.253	742	BSTOLATCC_MIC46504	Blepharisma stoltei	1481888	0	EF-hand domain-containing protein	protista_other
A0AAU9JX02	unassigned	none	module	ryr.hmm matched only 59 profile positions (< 200) — a shared module, not a family assignment	0.0	30.6	30.6	1.0		3.8e-06	3.8e-06	0.0	0.012	0	59	0.244	471	BSTOLATCC_MIC52296	Blepharisma stoltei	1481888	0	Calcium-dependent protein kinase 1	protista_other
A0AAU9JZK0	unassigned	none	module	ryr.hmm matched only 74 profile positions (< 200) — a shared module, not a family assignment	0.0	40.5	40.5	1.0		3.9e-09	3.9e-09	0.0	0.015	0	74	0.251	514	BSTOLATCC_MIC52462	Blepharisma stoltei	1481888	0	Calcium-dependent protein kinase	protista_other
A0AAU9K0H3	unassigned	none	module	ryr.hmm matched only 54 profile positions (< 200) — a shared module, not a family assignment	0.0	34.3	34.3	1.0		2.8e-07	2.8e-07	0.0	0.011	0	54	0.214	504	BSTOLATCC_MIC50950	Blepharisma stoltei	1481888	0	Calcium-dependent protein kinase 1	protista_other
A0AAU9K1L3	ITPR	high	architecture	itpr.hmm wins by 453.8 bits (59.2% of 766.4) over 2059 profile positions	766.4	312.6	453.8	0.5921	1.1e-227	4e-91	1.1e-227	0.767	0.168	2059	828	0.718	3101	BSTOLATCC_MIC59556	Blepharisma stoltei	1481888	0	Uncharacterized protein	protista_other
A0AAU9K1U5	unassigned	none	module	ryr.hmm matched only 54 profile positions (< 200) — a shared module, not a family assignment	0.0	38.5	38.5	1.0		1.5e-08	1.5e-08	0.0	0.011	0	54	0.236	466	BSTOLATCC_MIC53941	Blepharisma stoltei	1481888	0	non-specific serine/threonine protein kinase	protista_other
A0AAU9K1Z5	ITPR	high	architecture	itpr.hmm wins by 432.4 bits (58.1% of 744.7) over 2198 profile positions	744.7	312.3	432.4	0.5806	3.8e-221	5e-91	3.8e-221	0.819	0.256	2198	1262	0.83	2688	BSTOLATCC_MIC52347	Blepharisma stoltei	1481888	0	Uncharacterized protein	protista_other
A0AAU9K3X8	unassigned	none	module	ryr.hmm matched only 54 profile positions (< 200) — a shared module, not a family assignment	0.0	31.8	31.8	1.0		1.6e-06	1.6e-06	0.0	0.011	0	54	0.218	496	BSTOLATCC_MIC56016	Blepharisma stoltei	1481888	0	non-specific serine/threonine protein kinase	protista_other
A0AAU9K5A5	unassigned	none	module	ryr.hmm matched only 59 profile positions (< 200) — a shared module, not a family assignment	0.0	31.0	31.0	1.0		2.8e-06	2.8e-06	0.0	0.012	0	59	0.248	468	BSTOLATCC_MIC60838	Blepharisma stoltei	1481888	0	Calcium-dependent protein kinase 1	protista_other
A0AAU9K6E6	ITPR	high	architecture	itpr.hmm wins by 524.8 bits (75.5% of 695.1) over 2201 profile positions	695.1	170.3	524.8	0.755	3.4e-206	2.9e-48	3.4e-206	0.82	0.163	2201	804	0.918	2524	BSTOLATCC_MIC49161	Blepharisma stoltei	1481888	0	MIR domain-containing protein	protista_other
A0AAU9K6J5	unassigned	none	module	ryr.hmm matched only 59 profile positions (< 200) — a shared module, not a family assignment	0.0	52.6	52.6	1.0		8.5e-13	8.5e-13	0.0	0.012	0	59	0.781	151	BSTOLATCC_MIC57101	Blepharisma stoltei	1481888	0	Calmodulin	protista_other
A0AAU9K785	unassigned	none	module	ryr.hmm matched only 54 profile positions (< 200) — a shared module, not a family assignment	0.0	31.7	31.7	1.0		1.8e-06	1.8e-06	0.0	0.011	0	54	0.201	547	BSTOLATCC_MIC58364	Blepharisma stoltei	1481888	0	non-specific serine/threonine protein kinase	protista_other
A0AAU9K8W7	unassigned	none	module	ryr.hmm matched only 59 profile positions (< 200) — a shared module, not a family assignment	0.0	32.8	32.8	1.0		8e-07	8e-07	0.0	0.012	0	59	0.257	463	BSTOLATCC_MIC63910	Blepharisma stoltei	1481888	0	non-specific serine/threonine protein kinase	protista_other
A0AAU9K9N3	unassigned	none	module	ryr.hmm matched only 54 profile positions (< 200) — a shared module, not a family assignment	0.0	36.2	36.2	1.0		7.7e-08	7.7e-08	0.0	0.011	0	54	0.221	502	BSTOLATCC_MIC59922	Blepharisma stoltei	1481888	0	Calcium-dependent protein kinase 1	protista_other
A0AAU9K9P7	unassigned	none	module	ryr.hmm matched only 59 profile positions (< 200) — a shared module, not a family assignment	0.0	34.9	34.9	1.0		1.9e-07	1.9e-07	0.0	0.012	0	59	0.232	495	BSTOLATCC_MIC64200	Blepharisma stoltei	1481888	0	Calcium-dependent protein kinase 1	protista_other
A0AAU9KBY0	unassigned	none	module	ryr.hmm matched only 59 profile positions (< 200) — a shared module, not a family assignment	0.0	33.4	33.4	1.0		5.4e-07	5.4e-07	0.0	0.012	0	59	0.241	468	BSTOLATCC_MIC60999	Blepharisma stoltei	1481888	0	non-specific serine/threonine protein kinase	protista_other
A0AAU9KD30	unassigned	none	module	ryr.hmm matched only 59 profile positions (< 200) — a shared module, not a family assignment	0.0	34.0	34.0	1.0		3.5e-07	3.5e-07	0.0	0.012	0	59	0.243	486	BSTOLATCC_MIC58337	Blepharisma stoltei	1481888	0	non-specific serine/threonine protein kinase	protista_other
A0AAU9KDX6	unassigned	none	module	ryr.hmm matched only 69 profile positions (< 200) — a shared module, not a family assignment	0.0	36.5	36.5	1.0		6.2e-08	6.2e-08	0.0	0.014	0	69	0.258	493	BSTOLATCC_MIC55594	Blepharisma stoltei	1481888	0	non-specific serine/threonine protein kinase	protista_other
A0AAU9KG06	unassigned	none	module	ryr.hmm matched only 64 profile positions (< 200) — a shared module, not a family assignment	0.0	31.6	31.6	1.0		1.9e-06	1.9e-06	0.0	0.013	0	64	0.447	521	BSTOLATCC_MIC61234	Blepharisma stoltei	1481888	0	EF-hand domain-containing protein	protista_other
A0AAU9KH24	unassigned	none	module	ryr.hmm matched only 74 profile positions (< 200) — a shared module, not a family assignment	0.0	34.0	34.0	1.0		3.6e-07	3.6e-07	0.0	0.015	0	74	0.293	464	BSTOLATCC_MIC58125	Blepharisma stoltei	1481888	0	non-specific serine/threonine protein kinase	protista_other
A0AAU9KH42	unassigned	none	module	ryr.hmm matched only 59 profile positions (< 200) — a shared module, not a family assignment	0.0	31.1	31.1	1.0		2.6e-06	2.6e-06	0.0	0.012	0	59	0.221	498	BSTOLATCC_MIC56017	Blepharisma stoltei	1481888	0	non-specific serine/threonine protein kinase	protista_other
A0AAU9KJK7	unassigned	none	module	ryr.hmm matched only 59 profile positions (< 200) — a shared module, not a family assignment	0.0	33.4	33.4	1.0		5.1e-07	5.1e-07	0.0	0.012	0	59	0.234	487	BSTOLATCC_MIC58345	Blepharisma stoltei	1481888	0	Calcium-dependent protein kinase	protista_other
A0AAU9L052	unassigned	none	module	ryr.hmm matched only 74 profile positions (< 200) — a shared module, not a family assignment	0.0	57.6	57.6	1.0		2.7e-14	2.7e-14	0.0	0.015	0	74	0.872	149	PBS001_LOCUS6999	Peronospora belbahrii	622444	0	Calmodulin	protista_other
A0AAV0SP63	unassigned	none	module	ryr.hmm matched only 59 profile positions (< 200) — a shared module, not a family assignment	0.0	51.0	51.0	1.0		2.6e-12	2.6e-12	0.0	0.012	0	59	0.216	556	PFR001_LOCUS8625	Peronospora farinosa	134698	0	Calmodulin	protista_other
A0AAV0SYT5	unassigned	none	module	ryr.hmm matched only 133 profile positions (< 200) — a shared module, not a family assignment	0.0	93.1	93.1	1.0		5.6e-25	5.6e-25	0.0	0.027	0	133	0.251	545	HBR001_LOCUS206	Hyaloperonospora brassicae	162125	0	Sde2 N-terminal ubiquitin domain-containing protein	protista_other
A0AAV0T019	unassigned	none	module	ryr.hmm matched only 59 profile positions (< 200) — a shared module, not a family assignment	0.0	62.6	62.6	1.0		8.5e-16	8.5e-16	0.0	0.012	0	59	0.193	946	PFR001_LOCUS8563	Peronospora farinosa	134698	0	Serine/threonine-protein phosphatase	protista_other
A0AAV0T4W9	unassigned	none	module	ryr.hmm matched only 74 profile positions (< 200) — a shared module, not a family assignment	0.0	57.6	57.6	1.0		2.7e-14	2.7e-14	0.0	0.015	0	74	0.872	149	PDE001_LOCUS913	Peronospora destructor	86335	0	Calmodulin	protista_other
A0AAV0T8M4	unassigned	none	module	ryr.hmm matched only 133 profile positions (< 200) — a shared module, not a family assignment	0.0	103.0	103.0	1.0		5.6e-28	5.6e-28	0.0	0.027	0	133	0.049	4771	PDE001_LOCUS1307	Peronospora destructor	86335	0	B30.2/SPRY domain-containing protein	protista_other
A0AAV0TCU4	unassigned	none	module	ryr.hmm matched only 74 profile positions (< 200) — a shared module, not a family assignment	0.0	57.6	57.6	1.0		2.7e-14	2.7e-14	0.0	0.015	0	74	0.872	149	HBR001_LOCUS1757	Hyaloperonospora brassicae	162125	0	Calmodulin	protista_other
A0AAV0TMA4	unassigned	none	module	ryr.hmm matched only 59 profile positions (< 200) — a shared module, not a family assignment	0.0	60.7	60.7	1.0		3.2e-15	3.2e-15	0.0	0.012	0	59	0.191	959	HBR001_LOCUS3126	Hyaloperonospora brassicae	162125	0	Serine/threonine-protein phosphatase	protista_other
A0AAV0TVP1	unassigned	none	module	ryr.hmm matched only 197 profile positions (< 200) — a shared module, not a family assignment	0.0	175.0	175.0	1.0		1.2e-49	1.2e-49	0.0	0.04	0	197	0.138	1425	HBR001_LOCUS3872	Hyaloperonospora brassicae	162125	0	Ion transport domain-containing protein	protista_other
A0AAV0U2F2	unassigned	none	module	ryr.hmm matched only 133 profile positions (< 200) — a shared module, not a family assignment	0.0	106.3	106.3	1.0		5.7e-29	5.7e-29	0.0	0.027	0	133	0.049	4810	HBR001_LOCUS5092	Hyaloperonospora brassicae	162125	0	B30.2/SPRY domain-containing protein	protista_other
A0AAV0U4D2	unassigned	none	module	ryr.hmm matched only 59 profile positions (< 200) — a shared module, not a family assignment	0.0	60.7	60.7	1.0		3.2e-15	3.2e-15	0.0	0.012	0	59	0.191	959	HBR001_LOCUS5005	Hyaloperonospora brassicae	162125	0	Serine/threonine-protein phosphatase	protista_other
A0AAV0U6U6	unassigned	none	module	ryr.hmm matched only 59 profile positions (< 200) — a shared module, not a family assignment	0.0	59.1	59.1	1.0		9.3e-15	9.3e-15	0.0	0.012	0	59	0.193	946	PDE001_LOCUS5122	Peronospora destructor	86335	0	Serine/threonine-protein phosphatase	protista_other
A0AAV0UBR2	unassigned	none	module	ryr.hmm matched only 133 profile positions (< 200) — a shared module, not a family assignment	0.0	89.3	89.3	1.0		7.4e-24	7.4e-24	0.0	0.027	0	133	0.456	298	PDE001_LOCUS5636	Peronospora destructor	86335	0	B30.2/SPRY domain-containing protein	protista_other
A0AAV0UES3	unassigned	none	module	ryr.hmm matched only 182 profile positions (< 200) — a shared module, not a family assignment	0.0	96.8	96.8	1.0		4.1e-26	4.1e-26	0.0	0.037	0	182	0.033	6663	PDE001_LOCUS5380	Peronospora destructor	86335	0	B30.2/SPRY domain-containing protein	protista_other
A0AAV0UFS0	RYR	medium	partial	ryr.hmm wins by 165.5 bits (100.0% of 165.5) over 217 profile positions; no itpr.hmm hit	0.0	165.5	165.5	1.0		8.2e-47	8.2e-47	0.0	0.044	0	217	0.167	1288	HBR001_LOCUS6174	Hyaloperonospora brassicae	162125	0	Polycystin cation channel PKD1/PKD2 domain-containing protein	protista_other
A0AAV0UP54	RYR	medium	partial	ryr.hmm wins by 176.9 bits (100.0% of 176.9) over 222 profile positions; no itpr.hmm hit	0.0	176.9	176.9	1.0		3e-50	3e-50	0.0	0.045	0	222	0.179	1241	PDE001_LOCUS6592	Peronospora destructor	86335	0	Uncharacterized protein	protista_other
A0AAV0URA7	unassigned	none	module	ryr.hmm matched only 74 profile positions (< 200) — a shared module, not a family assignment	0.0	57.6	57.6	1.0		2.7e-14	2.7e-14	0.0	0.015	0	74	0.872	149	PFR001_LOCUS2835	Peronospora farinosa	134698	0	Calmodulin	protista_other
A0AAV0UTS0	unassigned	none	module	ryr.hmm matched only 64 profile positions (< 200) — a shared module, not a family assignment	0.0	45.1	45.1	1.0		1.6e-10	1.6e-10	0.0	0.013	0	64	0.224	554	HBR001_LOCUS8113	Hyaloperonospora brassicae	162125	0	Calmodulin	protista_other
A0AAV0VJ84	unassigned	none	module	ryr.hmm matched only 192 profile positions (< 200) — a shared module, not a family assignment	0.0	179.1	179.1	1.0		6.8e-51	6.8e-51	0.0	0.039	0	192	0.15	1276	PDE001_LOCUS11689	Peronospora destructor	86335	0	Ryanodine-inositol 1,4,5-triphosphate receptor Ca2 channel (RIR-CaC) family protein	protista_other
A0AAV2YFJ4	unassigned	none	module	ryr.hmm matched only 74 profile positions (< 200) — a shared module, not a family assignment	0.0	57.6	57.6	1.0		2.7e-14	2.7e-14	0.0	0.015	0	74	0.872	149	N0F65_012997	Lagenidium giganteum	4803	0	Calmodulin	protista_other
A0AAV2YG60	unassigned	none	module	ryr.hmm matched only 128 profile positions (< 200) — a shared module, not a family assignment	0.0	96.8	96.8	1.0		4.3e-26	4.3e-26	0.0	0.026	0	128	0.229	595	N0F65_003776	Lagenidium giganteum	4803	0	Uncharacterized protein	protista_other
A0AAV2YGD6	unassigned	none	module	ryr.hmm matched only 143 profile positions (< 200) — a shared module, not a family assignment	0.0	96.1	96.1	1.0		7e-26	7e-26	0.0	0.029	0	143	0.067	3416	N0F65_010376	Lagenidium giganteum	4803	0	B30.2/SPRY domain-containing protein	protista_other
A0AAV2YI60	RYR	medium	partial	ryr.hmm wins by 178.2 bits (100.0% of 178.2) over 222 profile positions; no itpr.hmm hit	0.0	178.2	178.2	1.0		1.3e-50	1.3e-50	0.0	0.045	0	222	0.069	3159	N0F65_004903	Lagenidium giganteum	4803	0	urease	protista_other
A0AAV2YK03	RYR	medium	partial	ryr.hmm wins by 178.6 bits (100.0% of 178.6) over 222 profile positions; no itpr.hmm hit	0.0	178.6	178.6	1.0		9.9e-51	9.9e-51	0.0	0.045	0	222	0.097	2265	N0F65_010876	Lagenidium giganteum	4803	0	urease (Fragment)	protista_other
A0AAV2YLN2	unassigned	none	module	ryr.hmm matched only 59 profile positions (< 200) — a shared module, not a family assignment	0.0	43.8	43.8	1.0		3.8e-10	3.8e-10	0.0	0.012	0	59	0.146	1209	N0F65_006055	Lagenidium giganteum	4803	0	EF-hand domain-containing protein	protista_other
A0AAV2YQV6	unassigned	none	module	ryr.hmm matched only 138 profile positions (< 200) — a shared module, not a family assignment	0.0	102.1	102.1	1.0		1.1e-27	1.1e-27	0.0	0.028	0	138	0.043	4650	N0F65_006070	Lagenidium giganteum	4803	0	Uncharacterized protein	protista_other
A0AAV2YRE7	unassigned	none	module	ryr.hmm matched only 64 profile positions (< 200) — a shared module, not a family assignment	0.0	100.6	100.6	1.0		3.1e-27	3.1e-27	0.0	0.013	0	64	0.473	1118	N0F65_010274	Lagenidium giganteum	4803	0	EF-hand domain-containing protein	protista_other
A0AAV2YXT0	unassigned	none	module	ryr.hmm matched only 108 profile positions (< 200) — a shared module, not a family assignment	0.0	178.3	178.3	1.0		1.2e-50	1.2e-50	0.0	0.022	0	108	0.162	1209	N0F65_005335	Lagenidium giganteum	4803	0	Uncharacterized protein	protista_other
A0AAV2Z2Q5	unassigned	none	module	ryr.hmm matched only 59 profile positions (< 200) — a shared module, not a family assignment	0.0	45.3	45.3	1.0		1.3e-10	1.3e-10	0.0	0.012	0	59	0.111	2046	N0F65_001519	Lagenidium giganteum	4803	0	EF-hand domain-containing protein	protista_other
A0AAV2Z5E8	unassigned	none	module	ryr.hmm matched only 59 profile positions (< 200) — a shared module, not a family assignment	0.0	54.1	54.1	1.0		3.1e-13	3.1e-13	0.0	0.012	0	59	0.26	924	N0F65_004818	Lagenidium giganteum	4803	0	Serine/threonine-protein phosphatase	protista_other
A0AAV2Z5M0	unassigned	none	module	ryr.hmm matched only 54 profile positions (< 200) — a shared module, not a family assignment	0.0	47.7	47.7	1.0		2.6e-11	2.6e-11	0.0	0.011	0	54	0.237	480	N0F65_002008	Lagenidium giganteum	4803	0	Calmodulin	protista_other
A0AAV2Z7N7	unassigned	none	module	ryr.hmm matched only 64 profile positions (< 200) — a shared module, not a family assignment	0.0	32.3	32.3	1.0		1.1e-06	1.1e-06	0.0	0.013	0	64	0.086	1461	N0F65_002841	Lagenidium giganteum	4803	0	EF-hand domain-containing protein	protista_other
A0AAV2Z892	RYR	medium	partial	ryr.hmm wins by 123.0 bits (100.0% of 123.0) over 232 profile positions; no itpr.hmm hit	0.0	123.0	123.0	1.0		5.2e-34	5.2e-34	0.0	0.047	0	232	0.28	762	N0F65_008488	Lagenidium giganteum	4803	0	non-specific serine/threonine protein kinase	protista_other
A0AAV2Z9P9	unassigned	none	module	best profile score 29.2 < 30 bits	0.0	29.2	29.2	1.0		9.7e-06	9.7e-06	0.0	0.012	0	59	0.039	2878	N0F65_004261	Lagenidium giganteum	4803	0	Calmodulin	protista_other
A0AAV2ZB16	unassigned	none	module	ryr.hmm matched only 59 profile positions (< 200) — a shared module, not a family assignment	0.0	47.1	47.1	1.0		4e-11	4e-11	0.0	0.012	0	59	0.198	1194	N0F65_011964	Lagenidium giganteum	4803	0	EF-hand domain-containing protein	protista_other
A0AAV2ZCN3	ITPR	high	architecture	itpr.hmm wins by 1297.7 bits (78.9% of 1644.9) over 2445 profile positions	1644.9	347.2	1297.7	0.7889	0	1.6e-101	0	0.911	0.236	2445	1163	0.835	3684	N0F65_004162	Lagenidium giganteum	4803	0	MIR domain-containing protein	protista_other
A0AAV2ZDL3	unassigned	none	module	ryr.hmm matched only 192 profile positions (< 200) — a shared module, not a family assignment	0.0	130.0	130.0	1.0		4.2e-36	4.2e-36	0.0	0.039	0	192	0.04	6687	N0F65_011617	Lagenidium giganteum	4803	0	Uncharacterized protein	protista_other
A0AAV4LPY7	unassigned	none	module	ryr.hmm matched only 84 profile positions (< 200) — a shared module, not a family assignment	0.0	41.2	41.2	1.0		2.3e-09	2.3e-09	0.0	0.017	0	84	0.115	713	BcabD6B2_11120	Babesia caballi	5871	0	ATP-dependent RNA helicase	protista_other
A0AAV4M0T8	unassigned	none	module	ryr.hmm matched only 54 profile positions (< 200) — a shared module, not a family assignment	0.0	50.5	50.5	1.0		3.8e-12	3.8e-12	0.0	0.011	0	54	0.758	149	BcabD6B2_51410	Babesia caballi	5871	0	Calmodulin	protista_other
A0AAV7Y7B3	unassigned	none	module	ryr.hmm matched only 69 profile positions (< 200) — a shared module, not a family assignment	0.0	32.3	32.3	1.0		1.1e-06	1.1e-06	0.0	0.014	0	69	0.895	143	M0813_13398	Anaeramoeba flamelloides	1746091	0	Calmodulin-related	protista_other
A0AAV7YBL3	unassigned	none	module	ryr.hmm matched only 59 profile positions (< 200) — a shared module, not a family assignment	0.0	37.8	37.8	1.0		2.5e-08	2.5e-08	0.0	0.012	0	59	0.827	139	M0813_22372	Anaeramoeba flamelloides	1746091	0	Calcium binding protein	protista_other
A0AAV7YDC5	unassigned	none	module	ryr.hmm matched only 59 profile positions (< 200) — a shared module, not a family assignment	0.0	37.8	37.8	1.0		2.5e-08	2.5e-08	0.0	0.012	0	59	0.792	149	M0813_03961	Anaeramoeba flamelloides	1746091	0	Calmodulin-1	protista_other
A0AAV7Z227	unassigned	none	module	ryr.hmm matched only 59 profile positions (< 200) — a shared module, not a family assignment	0.0	35.6	35.6	1.0		1.1e-07	1.1e-07	0.0	0.012	0	59	0.837	147	M0813_00854	Anaeramoeba flamelloides	1746091	0	Calmodulin	protista_other
A0AAV7ZZP5	unassigned	none	module	ryr.hmm matched only 59 profile positions (< 200) — a shared module, not a family assignment	0.0	37.5	37.5	1.0		3e-08	3e-08	0.0	0.012	0	59	0.827	139	M0813_02939	Anaeramoeba flamelloides	1746091	0	Calcium binding protein	protista_other
A0AAV8A0K1	unassigned	none	module	ryr.hmm matched only 84 profile positions (< 200) — a shared module, not a family assignment	0.0	39.1	39.1	1.0		1e-08	1e-08	0.0	0.017	0	84	0.527	165	M0813_27293	Anaeramoeba flamelloides	1746091	0	Spry domain-containing socs box protein	protista_other
A0AAV8AGK5	unassigned	none	module	ryr.hmm matched only 59 profile positions (< 200) — a shared module, not a family assignment	0.0	34.0	34.0	1.0		3.4e-07	3.4e-07	0.0	0.012	0	59	0.83	147	M0813_13881	Anaeramoeba flamelloides	1746091	0	Calmodulin	protista_other
A0AAV8UH42	unassigned	none	module	ryr.hmm matched only 79 profile positions (< 200) — a shared module, not a family assignment	0.0	36.1	36.1	1.0		8.2e-08	8.2e-08	0.0	0.016	0	79	0.128	654	NDN08_000152	Rhodosorus marinus	101924	0	B30.2/SPRY domain-containing protein	protista_other
A0AAV8UKH8	unassigned	none	module	ryr.hmm matched only 59 profile positions (< 200) — a shared module, not a family assignment	0.0	30.2	30.2	1.0		4.8e-06	4.8e-06	0.0	0.012	0	59	0.781	151	NDN08_006491	Rhodosorus marinus	101924	0	EF-hand domain-containing protein	protista_other
A0AAV8UMB9	unassigned	none	module	best profile score 29.9 < 30 bits	0.0	29.9	29.9	1.0		5.8e-06	5.8e-06	0.0	0.013	0	64	0.217	535	NDN08_003987	Rhodosorus marinus	101924	0	Calmodulin	protista_other
A0AAV8USB9	unassigned	none	module	ryr.hmm matched only 54 profile positions (< 200) — a shared module, not a family assignment	0.0	47.5	47.5	1.0		2.9e-11	2.9e-11	0.0	0.011	0	54	0.745	153	NDN08_000900	Rhodosorus marinus	101924	0	EF-hand domain-containing protein	protista_other
A0AAV8UVP5	unassigned	none	module	ryr.hmm matched only 64 profile positions (< 200) — a shared module, not a family assignment	0.0	42.8	42.8	1.0		8e-10	8e-10	0.0	0.013	0	64	0.23	525	NDN08_003150	Rhodosorus marinus	101924	0	Calmodulin	protista_other
A0AAV8V091	unassigned	none	module	ryr.hmm matched only 69 profile positions (< 200) — a shared module, not a family assignment	0.0	30.4	30.4	1.0		4.2e-06	4.2e-06	0.0	0.014	0	69	0.241	510	NDN08_003147	Rhodosorus marinus	101924	0	Calmodulin	protista_other
A0AAV8V362	unassigned	none	module	ryr.hmm matched only 69 profile positions (< 200) — a shared module, not a family assignment	0.0	33.4	33.4	1.0		5.4e-07	5.4e-07	0.0	0.014	0	69	0.258	480	NDN08_007727	Rhodosorus marinus	101924	0	Calmodulin	protista_other
A0AAV8V3T5	unassigned	none	module	ryr.hmm matched only 89 profile positions (< 200) — a shared module, not a family assignment	0.0	47.4	47.4	1.0		3.3e-11	3.3e-11	0.0	0.018	0	89	0.136	653	NDN08_005418	Rhodosorus marinus	101924	0	ATP-dependent RNA helicase	protista_other
A0AAV8V427	unassigned	none	module	ryr.hmm matched only 59 profile positions (< 200) — a shared module, not a family assignment	0.0	56.6	56.6	1.0		5.4e-14	5.4e-14	0.0	0.012	0	59	0.763	152	NDN08_005598	Rhodosorus marinus	101924	0	EF-hand domain-containing protein	protista_other
A0AAV9I6T3	unassigned	none	module	ryr.hmm matched only 79 profile positions (< 200) — a shared module, not a family assignment	0.0	44.1	44.1	1.0		3.1e-10	3.1e-10	0.0	0.016	0	79	0.2	410	GAYE_HPESCF16G0171	Galdieria yellowstonensis	3028027	0	B30.2/SPRY domain-containing protein	protista_other
A0AAV9I9U9	unassigned	none	module	ryr.hmm matched only 79 profile positions (< 200) — a shared module, not a family assignment	0.0	43.5	43.5	1.0		4.9e-10	4.9e-10	0.0	0.016	0	79	0.198	410	GAYE_SCF01G2032	Galdieria yellowstonensis	3028027	0	B30.2/SPRY domain-containing protein	protista_other
A0AAV9ICP5	unassigned	none	module	ryr.hmm matched only 123 profile positions (< 200) — a shared module, not a family assignment	0.0	56.9	56.9	1.0		4.4e-14	4.4e-14	0.0	0.025	0	123	0.159	728	GAYE_SCF08G3044	Galdieria yellowstonensis	3028027	0	ATP-dependent RNA helicase DDX1	protista_other
A0AAV9IJR8	unassigned	none	module	ryr.hmm matched only 59 profile positions (< 200) — a shared module, not a family assignment	0.0	52.1	52.1	1.0		1.2e-12	1.2e-12	0.0	0.012	0	59	0.719	160	GAYE_SCF43G5667	Galdieria yellowstonensis	3028027	0	EF-hand domain-containing protein	protista_other
A0AAV9IKU1	unassigned	none	module	ryr.hmm matched only 59 profile positions (< 200) — a shared module, not a family assignment	0.0	48.3	48.3	1.0		1.7e-11	1.7e-11	0.0	0.012	0	59	0.719	160	GAYE_SCF46G5821	Galdieria yellowstonensis	3028027	0	EF-hand domain-containing protein	protista_other
A0AAV9ISX3	unassigned	none	module	ryr.hmm matched only 59 profile positions (< 200) — a shared module, not a family assignment	0.0	53.8	53.8	1.0		3.7e-13	3.7e-13	0.0	0.012	0	59	0.796	152	CDCA_CDCA04G1306	Cyanidium caldarium	2771	0	EF-hand domain-containing protein	protista_other
A0AAV9IUJ0	unassigned	none	module	ryr.hmm matched only 84 profile positions (< 200) — a shared module, not a family assignment	0.0	44.7	44.7	1.0		2.1e-10	2.1e-10	0.0	0.017	0	84	0.107	768	CDCA_CDCA06G1939	Cyanidium caldarium	2771	0	ATP-dependent RNA helicase	protista_other
A0AAV9J157	unassigned	none	module	ryr.hmm matched only 59 profile positions (< 200) — a shared module, not a family assignment	0.0	48.7	48.7	1.0		1.3e-11	1.3e-11	0.0	0.012	0	59	0.724	163	CDCA_CDCA17G4357	Cyanidium caldarium	2771	0	EF-hand domain-containing protein	protista_other
A0AAV9XUS4	unassigned	none	module	ryr.hmm matched only 54 profile positions (< 200) — a shared module, not a family assignment	0.0	46.0	46.0	1.0		8.3e-11	8.3e-11	0.0	0.011	0	54	0.171	677	RS030_4686	Cryptosporidium xiaoi	659607	0	Calcium-dependent protein kinase 1	protista_other
A0AAV9XUW4	unassigned	none	module	ryr.hmm matched only 69 profile positions (< 200) — a shared module, not a family assignment	0.0	50.2	50.2	1.0		4.5e-12	4.5e-12	0.0	0.014	0	69	0.872	149	RS030_4638	Cryptosporidium xiaoi	659607	0	Calmodulin	protista_other
A0AAW0ELY8	ITPR	high	architecture	itpr.hmm wins by 393.5 bits (60.1% of 654.4) over 2083 profile positions	654.4	260.9	393.5	0.6013	6.3e-194	1.6e-75	6.3e-194	0.776	0.137	2083	675	0.751	3836	NESM_000344200	Novymonas esmeraldas	1808958	0	Inositol 1,4,5-trisphosphate/ryanodine receptor	protista_other
A0AAW0EPU4	unassigned	none	module	best profile score 29.1 < 30 bits	0.0	29.1	29.1	1.0		1e-05	1e-05	0.0	0.017	0	84	0.021	4151	NESM_000546100	Novymonas esmeraldas	1808958	0	SPRY domain/HECT-domain (Ubiquitin-transferase)	protista_other
A0AAW0ET38	RYR	medium	partial	ryr.hmm wins by 63.3 bits (100.0% of 63.3) over 202 profile positions; no itpr.hmm hit	0.0	63.3	63.3	1.0		5e-16	5e-16	0.0	0.041	0	202	0.039	5647	NESM_000606200	Novymonas esmeraldas	1808958	0	SPRY domain/HECT-domain (Ubiquitin-transferase)	protista_other
A0AAW0EUE4	ITPR	high	architecture	itpr.hmm wins by 274.5 bits (58.6% of 468.8) over 1750 profile positions	468.8	194.3	274.5	0.5855	5.6e-138	1.7e-55	5.6e-138	0.652	0.094	1750	463	0.728	2930	NESM_000719400	Novymonas esmeraldas	1808958	0	Inositol 1,4,5-trisphosphate receptor	protista_other
A0AAW0EW08	unassigned	none	module	ryr.hmm matched only 59 profile positions (< 200) — a shared module, not a family assignment	0.0	53.2	53.2	1.0		5.7e-13	5.7e-13	0.0	0.012	0	59	0.779	149	NESM_000809400	Novymonas esmeraldas	1808958	0	Calmodulin	protista_other
A0AAW0FEL9	unassigned	none	module	ryr.hmm matched only 182 profile positions (< 200) — a shared module, not a family assignment	0.0	96.0	96.0	1.0		7.3e-26	7.3e-26	0.0	0.037	0	182	0.066	4156	NESM_000297300	Novymonas esmeraldas	1808958	0	Ubiquitin-protein ligase	protista_other
A0AAW2YUH3	unassigned	none	module	ryr.hmm matched only 64 profile positions (< 200) — a shared module, not a family assignment	0.0	63.9	63.9	1.0		3.4e-16	3.4e-16	0.0	0.013	0	64	0.805	149	AKO1_012877	Acrasis kona	1008807	0	Calmodulin	protista_other
A0AAW2YVB5	unassigned	none	module	ryr.hmm matched only 69 profile positions (< 200) — a shared module, not a family assignment	0.0	59.2	59.2	1.0		9e-15	9e-15	0.0	0.014	0	69	0.872	149	AKO1_002447	Acrasis kona	1008807	0	Calmodulin	protista_other
A0AAW2Z063	unassigned	none	module	ryr.hmm matched only 54 profile positions (< 200) — a shared module, not a family assignment	0.0	33.4	33.4	1.0		5.3e-07	5.3e-07	0.0	0.011	0	54	0.708	161	AKO1_014822	Acrasis kona	1008807	0	Calmodulin	protista_other
A0AAW2Z1G8	unassigned	none	module	ryr.hmm matched only 59 profile positions (< 200) — a shared module, not a family assignment	0.0	37.3	37.3	1.0		3.6e-08	3.6e-08	0.0	0.012	0	59	0.785	144	AKO1_014124	Acrasis kona	1008807	0	Calmodulin (Fragment)	protista_other
A0AAW2Z5T4	unassigned	none	module	ryr.hmm matched only 59 profile positions (< 200) — a shared module, not a family assignment	0.0	31.9	31.9	1.0		1.5e-06	1.5e-06	0.0	0.012	0	59	0.785	149	AKO1_004825	Acrasis kona	1008807	0	Calmodulin	protista_other
A0AAW2Z9J3	unassigned	none	module	ryr.hmm matched only 54 profile positions (< 200) — a shared module, not a family assignment	0.0	52.3	52.3	1.0		1.1e-12	1.1e-12	0.0	0.011	0	54	0.729	155	AKO1_012298	Acrasis kona	1008807	0	Calmodulin	protista_other
A0AAW2ZIZ4	unassigned	none	module	ryr.hmm matched only 59 profile positions (< 200) — a shared module, not a family assignment	0.0	37.0	37.0	1.0		4.2e-08	4.2e-08	0.0	0.012	0	59	0.766	145	AKO1_009052	Acrasis kona	1008807	0	Calmodulin	protista_other
A0AAW2ZKL3	unassigned	none	module	ryr.hmm matched only 59 profile positions (< 200) — a shared module, not a family assignment	0.0	31.2	31.2	1.0		2.4e-06	2.4e-06	0.0	0.012	0	59	0.77	152	AKO1_003214	Acrasis kona	1008807	0	Calmodulin	protista_other
A0AAW2ZS51	unassigned	none	module	ryr.hmm matched only 168 profile positions (< 200) — a shared module, not a family assignment	0.0	103.5	103.5	1.0		4e-28	4e-28	0.0	0.034	0	168	0.064	4169	Q4I31_008388	Leishmania lindenbergi	651832	0	Concanavalin A-like lectin/glucanases superfamily/SPRY domain	protista_other
A0AAW2ZTZ0	unassigned	none	module	ryr.hmm matched only 163 profile positions (< 200) — a shared module, not a family assignment	0.0	102.5	102.5	1.0		7.8e-28	7.8e-28	0.0	0.033	0	163	0.063	4169	Q4I30_008387	Leishmania utingensis	653362	0	Concanavalin A-like lectin/glucanases superfamily/SPRY domain	protista_other
A0AAW3A225	unassigned	none	module	ryr.hmm matched only 123 profile positions (< 200) — a shared module, not a family assignment	0.0	33.2	33.2	1.0		6e-07	6e-07	0.0	0.025	0	123	0.051	4087	Q4I31_006899	Leishmania lindenbergi	651832	0	SPRY domain/HECT-domain (Ubiquitin-transferase)	protista_other
A0AAW3A4H2	unassigned	none	module	ryr.hmm matched only 123 profile positions (< 200) — a shared module, not a family assignment	0.0	35.4	35.4	1.0		1.3e-07	1.3e-07	0.0	0.025	0	123	0.051	4087	Q4I30_006883	Leishmania utingensis	653362	0	SPRY domain/HECT-domain (Ubiquitin-transferase)	protista_other
A0AAW3APF8	RYR	medium	partial	ryr.hmm wins by 67.7 bits (100.0% of 67.7) over 251 profile positions; no itpr.hmm hit	0.0	67.7	67.7	1.0		2.4e-17	2.4e-17	0.0	0.051	0	251	0.055	5596	Q4I31_002065	Leishmania lindenbergi	651832	0	SPRY domain/HECT-domain (Ubiquitin-transferase)	protista_other
A0AAW3ARS1	unassigned	none	module	ryr.hmm matched only 59 profile positions (< 200) — a shared module, not a family assignment	0.0	33.8	33.8	1.0		3.9e-07	3.9e-07	0.0	0.012	0	59	0.66	159	Q4I31_001549	Leishmania lindenbergi	651832	0	EF hand/EF-hand domain/EF-hand domain pair (Fragment)	protista_other
A0AAW3AU31	unassigned	none	module	ryr.hmm matched only 59 profile positions (< 200) — a shared module, not a family assignment	0.0	53.6	53.6	1.0		4.3e-13	4.3e-13	0.0	0.012	0	59	0.779	149	Q4I31_001548	Leishmania lindenbergi	651832	0	Calmodulin	protista_other
A0AAW3AUR5	unassigned	none	module	ryr.hmm matched only 59 profile positions (< 200) — a shared module, not a family assignment	0.0	53.6	53.6	1.0		4.3e-13	4.3e-13	0.0	0.012	0	59	0.779	149	Q4I30_001518	Leishmania utingensis	653362	0	Calmodulin	protista_other
A0AAW3AUV6	unassigned	none	module	ryr.hmm matched only 59 profile positions (< 200) — a shared module, not a family assignment	0.0	37.5	37.5	1.0		3.1e-08	3.1e-08	0.0	0.012	0	59	0.787	136	Q4I31_001551	Leishmania lindenbergi	651832	0	EF hand/EF-hand domain/EF-hand domain pair (Fragment)	protista_other
A0AAW3AVD0	RYR	medium	partial	ryr.hmm wins by 66.9 bits (100.0% of 66.9) over 251 profile positions; no itpr.hmm hit	0.0	66.9	66.9	1.0		4.2e-17	4.2e-17	0.0	0.051	0	251	0.055	5596	Q4I30_002056	Leishmania utingensis	653362	0	SPRY domain/HECT-domain (Ubiquitin-transferase)	protista_other
A0AAW3AWQ5	unassigned	none	module	ryr.hmm matched only 54 profile positions (< 200) — a shared module, not a family assignment	0.0	34.1	34.1	1.0		3.3e-07	3.3e-07	0.0	0.011	0	54	0.74	77	Q4I30_001516	Leishmania utingensis	653362	0	EF-hand domain pair/Ca2+ insensitive EF hand/Cytoskeletal-regulatory complex EF hand	protista_other
A0AAW3AX60	unassigned	none	module	ryr.hmm matched only 59 profile positions (< 200) — a shared module, not a family assignment	0.0	39.2	39.2	1.0		9.5e-09	9.5e-09	0.0	0.012	0	59	0.68	225	Q4I30_001517	Leishmania utingensis	653362	0	EF hand/EF-hand domain/EF-hand domain pair (Fragment)	protista_other
A0AAW3B167	unassigned	none	module	ryr.hmm matched only 54 profile positions (< 200) — a shared module, not a family assignment	0.0	33.0	33.0	1.0		6.9e-07	6.9e-07	0.0	0.011	0	54	0.543	105	Q4I31_000415	Leishmania lindenbergi	651832	0	EF-hand domain pair/Ca2+ insensitive EF hand/Cytoskeletal-regulatory complex EF hand	protista_other
A0AAW3B3L8	unassigned	none	module	ryr.hmm matched only 54 profile positions (< 200) — a shared module, not a family assignment	0.0	33.5	33.5	1.0		4.8e-07	4.8e-07	0.0	0.011	0	54	0.576	99	Q4I30_000545	Leishmania utingensis	653362	0	EF hand/EF-hand domain pair/Ca2+ insensitive EF hand (Fragment)	protista_other
A0AAW3B5U3	unassigned	none	module	ryr.hmm matched only 163 profile positions (< 200) — a shared module, not a family assignment	0.0	102.3	102.3	1.0		9.2e-28	9.2e-28	0.0	0.033	0	163	0.063	4168	Q4I28_008451	Leishmania naiffi	5678	0	Concanavalin A-like lectin/glucanases superfamily/SPRY domain	protista_other
A0AAW3BBY9	unassigned	none	module	ryr.hmm matched only 123 profile positions (< 200) — a shared module, not a family assignment	0.0	36.0	36.0	1.0		8.6e-08	8.6e-08	0.0	0.025	0	123	0.051	4087	Q4I28_006847	Leishmania naiffi	5678	0	SPRY domain/HECT-domain (Ubiquitin-transferase)	protista_other
A0AAW3C1F6	RYR	medium	partial	ryr.hmm wins by 65.3 bits (100.0% of 65.3) over 207 profile positions; no itpr.hmm hit	0.0	65.3	65.3	1.0		1.3e-16	1.3e-16	0.0	0.042	0	207	0.045	5596	Q4I28_001973	Leishmania naiffi	5678	0	SPRY domain/HECT-domain (Ubiquitin-transferase)	protista_other
A0AB34ICE9	unassigned	none	module	ryr.hmm matched only 148 profile positions (< 200) — a shared module, not a family assignment	0.0	65.8	65.8	1.0		8.9e-17	8.9e-17	0.0	0.03	0	148	0.265	565	AB1Y20_016685	Prymnesium parvum	97485	0	B30.2/SPRY domain-containing protein	protista_other
A0AB34IEG2	unassigned	none	module	ryr.hmm matched only 54 profile positions (< 200) — a shared module, not a family assignment	0.0	38.4	38.4	1.0		1.6e-08	1.6e-08	0.0	0.011	0	54	0.225	488	AB1Y20_014729	Prymnesium parvum	97485	0	EF-hand domain-containing protein	protista_other
A0AB34IL00	unassigned	none	module	ryr.hmm matched only 59 profile positions (< 200) — a shared module, not a family assignment	0.0	35.2	35.2	1.0		1.5e-07	1.5e-07	0.0	0.012	0	59	0.607	369	AB1Y20_011141	Prymnesium parvum	97485	0	EF-hand domain-containing protein	protista_other
A0AB34ILG2	unassigned	none	module	ryr.hmm matched only 59 profile positions (< 200) — a shared module, not a family assignment	0.0	34.8	34.8	1.0		2e-07	2e-07	0.0	0.012	0	59	0.16	1422	AB1Y20_013183	Prymnesium parvum	97485	0	EF-hand domain-containing protein	protista_other
A0AB34IMC1	unassigned	none	module	ryr.hmm matched only 69 profile positions (< 200) — a shared module, not a family assignment	0.0	56.9	56.9	1.0		4.4e-14	4.4e-14	0.0	0.014	0	69	0.867	150	AB1Y20_013005	Prymnesium parvum	97485	0	Calmodulin	protista_other
A0AB34IQH2	unassigned	none	module	ryr.hmm matched only 118 profile positions (< 200) — a shared module, not a family assignment	0.0	30.7	30.7	1.0		3.5e-06	3.5e-06	0.0	0.024	0	118	0.231	510	AB1Y20_011400	Prymnesium parvum	97485	0	Ran-binding protein 10	protista_other
A0AB34IS99	ITPR	high	architecture	itpr.hmm wins by 857.7 bits (74.2% of 1155.1) over 2386 profile positions	1155.1	297.4	857.7	0.7425	0	1.6e-86	0	0.889	0.206	2386	1016	0.957	2751	AB1Y20_010572	Prymnesium parvum	97485	0	Inositol 1,4,5-trisphosphate receptor	protista_other
A0AB34ISF1	unassigned	none	module	ryr.hmm matched only 54 profile positions (< 200) — a shared module, not a family assignment	0.0	37.6	37.6	1.0		2.8e-08	2.8e-08	0.0	0.011	0	54	0.384	432	AB1Y20_010762	Prymnesium parvum	97485	0	EF-hand domain-containing protein	protista_other
A0AB34IST3	unassigned	none	module	ryr.hmm matched only 64 profile positions (< 200) — a shared module, not a family assignment	0.0	32.2	32.2	1.0		1.2e-06	1.2e-06	0.0	0.013	0	64	0.572	208	AB1Y20_007869	Prymnesium parvum	97485	0	EF-hand domain-containing protein	protista_other
A0AB34IY65	ITPR	high	architecture	itpr.hmm wins by 874.2 bits (78.0% of 1120.6) over 2322 profile positions	1120.6	246.4	874.2	0.7801	0	3.7e-71	0	0.865	0.198	2322	976	0.953	2685	AB1Y20_006454	Prymnesium parvum	97485	0	MIR domain-containing protein	protista_other
A0AB34IYJ0	ITPR	medium	partial	itpr.hmm wins by 179.4 bits (100.0% of 179.4) over 811 profile positions; no ryr.hmm hit	179.4	0.0	179.4	1.0	9.6e-51		9.6e-51	0.302	0.0	811	0	0.634	1529	AB1Y20_004595	Prymnesium parvum	97485	0	PH domain-containing protein	protista_other
A0AB34IZB0	unassigned	none	module	best profile score 29.5 < 30 bits	0.0	29.5	29.5	1.0		8e-06	8e-06	0.0	0.011	0	54	0.281	398	AB1Y20_006761	Prymnesium parvum	97485	0	EF-hand domain-containing protein	protista_other
A0AB34IZK4	ITPR	medium	partial	itpr.hmm wins by 49.9 bits (100.0% of 49.9) over 282 profile positions; no ryr.hmm hit	49.9	0.0	49.9	1.0	1e-11		1e-11	0.105	0.0	282	0	0.514	644	AB1Y20_004594	Prymnesium parvum	97485	0	Uncharacterized protein	protista_other
A0AB34JBD5	unassigned	none	module	ryr.hmm matched only 59 profile positions (< 200) — a shared module, not a family assignment	0.0	32.1	32.1	1.0		1.3e-06	1.3e-06	0.0	0.012	0	59	0.26	246	AB1Y20_003369	Prymnesium parvum	97485	0	EF-hand domain-containing protein	protista_other
A0AB34JD06	unassigned	none	module	ryr.hmm matched only 69 profile positions (< 200) — a shared module, not a family assignment	0.0	49.2	49.2	1.0		9.3e-12	9.3e-12	0.0	0.014	0	69	0.285	681	AB1Y20_023145	Prymnesium parvum	97485	0	EF-hand domain-containing protein	protista_other
A0AB34JDU8	ITPR	high	architecture	itpr.hmm wins by 316.9 bits (74.0% of 428.2) over 1833 profile positions	428.2	111.3	316.9	0.7401	9.8e-126	1.7e-30	9.8e-126	0.683	0.103	1833	508	0.806	2715	AB1Y20_003350	Prymnesium parvum	97485	0	WWE domain-containing protein	protista_other
A0AB34JEB5	unassigned	none	module	itpr.hmm matched only 148 profile positions (< 200) — a shared module, not a family assignment	66.7	0.0	66.7	1.0	9.2e-17		9.2e-17	0.055	0.0	148	0	0.617	334	AB1Y20_003349	Prymnesium parvum	97485	0	Inositol 1,4,5-trisphosphate/ryanodine receptor domain-containing protein	protista_other
A0AB34JEY5	unassigned	none	module	ryr.hmm matched only 59 profile positions (< 200) — a shared module, not a family assignment	0.0	40.1	40.1	1.0		5.1e-09	5.1e-09	0.0	0.012	0	59	0.242	484	AB1Y20_022021	Prymnesium parvum	97485	0	EF-hand domain-containing protein	protista_other
A0AB34JMA3	unassigned	none	module	ryr.hmm matched only 69 profile positions (< 200) — a shared module, not a family assignment	0.0	56.2	56.2	1.0		7.2e-14	7.2e-14	0.0	0.014	0	69	0.788	165	AB1Y20_017811	Prymnesium parvum	97485	0	Calmodulin	protista_other
A0AB34JX80	unassigned	none	module	ryr.hmm matched only 64 profile positions (< 200) — a shared module, not a family assignment	0.0	77.0	77.0	1.0		3.8e-20	3.8e-20	0.0	0.013	0	64	0.382	685	AB1Y20_020191	Prymnesium parvum	97485	0	EF-hand domain-containing protein	protista_other
A0AB34JYI4	unassigned	none	module	ryr.hmm matched only 64 profile positions (< 200) — a shared module, not a family assignment	0.0	33.4	33.4	1.0		5.4e-07	5.4e-07	0.0	0.013	0	64	0.15	959	AB1Y20_015929	Prymnesium parvum	97485	0	Serine/threonine-protein phosphatase	protista_other
A0AB34K5R9	ITPR	high	architecture	itpr.hmm wins by 698.8 bits (63.8% of 1095.4) over 2319 profile positions	1095.4	396.6	698.8	0.6379	0	2.1e-116	0	0.864	0.204	2319	1006	0.957	2629	AB1Y20_000761	Prymnesium parvum	97485	0	MIR domain-containing protein	protista_other
A0ABD3ERQ1	unassigned	none	module	ryr.hmm matched only 133 profile positions (< 200) — a shared module, not a family assignment	0.0	108.1	108.1	1.0		1.6e-29	1.6e-29	0.0	0.027	0	133	0.049	4799	V7S43_018209	Phytophthora oleae	2107226	0	HECT E3 ubiquitin ligase	protista_other
A0ABD3EYU9	unassigned	none	module	ryr.hmm matched only 59 profile positions (< 200) — a shared module, not a family assignment	0.0	41.4	41.4	1.0		2.1e-09	2.1e-09	0.0	0.012	0	59	0.087	1963	V7S43_016217	Phytophthora oleae	2107226	0	EF-hand domain-containing protein	protista_other
A0ABD3F9A4	unassigned	none	module	ryr.hmm matched only 59 profile positions (< 200) — a shared module, not a family assignment	0.0	91.9	91.9	1.0		1.3e-24	1.3e-24	0.0	0.012	0	59	0.415	1247	V7S43_011983	Phytophthora oleae	2107226	0	EF-hand domain-containing protein	protista_other
A0ABD3FCS8	unassigned	none	module	ryr.hmm matched only 64 profile positions (< 200) — a shared module, not a family assignment	0.0	63.1	63.1	1.0		6e-16	6e-16	0.0	0.013	0	64	0.201	941	V7S43_011394	Phytophthora oleae	2107226	0	Serine/threonine-protein phosphatase	protista_other
A0ABD3FM07	unassigned	none	module	ryr.hmm matched only 133 profile positions (< 200) — a shared module, not a family assignment	0.0	90.9	90.9	1.0		2.5e-24	2.5e-24	0.0	0.027	0	133	0.224	615	V7S43_008383	Phytophthora oleae	2107226	0	C3H1-type domain-containing protein	protista_other
A0ABD3FNR6	unassigned	none	module	ryr.hmm matched only 143 profile positions (< 200) — a shared module, not a family assignment	0.0	110.9	110.9	1.0		2.3e-30	2.3e-30	0.0	0.029	0	143	0.057	4297	V7S43_006828	Phytophthora oleae	2107226	0	E3 ubiquitin-protein ligase HERC2	protista_other
A0ABD3FRU2	unassigned	none	module	itpr.hmm matched only 145 profile positions (< 200) — a shared module, not a family assignment	97.7	0.0	97.7	1.0	4.1e-26		4.1e-26	0.054	0.0	145	0	0.456	364	V7S43_005031	Phytophthora oleae	2107226	0	Inositol 1,4,5-trisphosphate/ryanodine receptor domain-containing protein	protista_other
A0ABD3FSQ2	unassigned	none	module	ryr.hmm matched only 69 profile positions (< 200) — a shared module, not a family assignment	0.0	32.9	32.9	1.0		7.5e-07	7.5e-07	0.0	0.014	0	69	0.189	731	V7S43_006872	Phytophthora oleae	2107226	0	EF-hand domain-containing protein	protista_other
A0ABD3FTD2	RYR	medium	partial	ryr.hmm wins by 118.7 bits (100.0% of 118.7) over 217 profile positions; no itpr.hmm hit	0.0	118.7	118.7	1.0		1.1e-32	1.1e-32	0.0	0.044	0	217	0.266	753	V7S43_006268	Phytophthora oleae	2107226	0	Protein kinase domain-containing protein	protista_other
A0ABD3FTP6	ITPR	medium	partial	itpr.hmm wins by 699.8 bits (72.1% of 970.1) over 1329 profile positions	970.1	270.3	699.8	0.7214	4.5e-289	2.2e-78	4.5e-289	0.495	0.113	1329	557	0.975	1869	V7S43_005030	Phytophthora oleae	2107226	0	Ion transport domain-containing protein	protista_other
A0ABD3FXF6	unassigned	none	module	ryr.hmm matched only 64 profile positions (< 200) — a shared module, not a family assignment	0.0	44.6	44.6	1.0		2.3e-10	2.3e-10	0.0	0.013	0	64	0.128	2914	V7S43_004250	Phytophthora oleae	2107226	0	EF-hand domain-containing protein	protista_other
A0ABD3FXS8	unassigned	none	module	ryr.hmm matched only 113 profile positions (< 200) — a shared module, not a family assignment	0.0	181.5	181.5	1.0		1.3e-51	1.3e-51	0.0	0.023	0	113	0.147	1390	V7S43_003640	Phytophthora oleae	2107226	0	Ryanodine-inositol 1,4,5-triphosphate receptor Ca2 channel (RIR-CaC) family protein	protista_other
A0ABD3FZS3	unassigned	none	module	ryr.hmm matched only 59 profile positions (< 200) — a shared module, not a family assignment	0.0	47.9	47.9	1.0		2.3e-11	2.3e-11	0.0	0.012	0	59	0.211	570	V7S43_003404	Phytophthora oleae	2107226	0	Calmodulin	protista_other
A0ABD3G0E4	RYR	medium	partial	ryr.hmm wins by 175.8 bits (100.0% of 175.8) over 212 profile positions; no itpr.hmm hit	0.0	175.8	175.8	1.0		6.5e-50	6.5e-50	0.0	0.043	0	212	0.159	1338	V7S43_003307	Phytophthora oleae	2107226	0	Ryanodine-inositol 1,4,5-triphosphate receptor Ca2 channel (RIR-CaC) family protein	protista_other
A0ABD3G397	unassigned	none	module	ryr.hmm matched only 74 profile positions (< 200) — a shared module, not a family assignment	0.0	57.6	57.6	1.0		2.7e-14	2.7e-14	0.0	0.015	0	74	0.872	149	V7S43_002246	Phytophthora oleae	2107226	0	Calmodulin	protista_other
A0ABD3G3B8	RYR	medium	partial	ryr.hmm wins by 126.9 bits (100.0% of 126.9) over 232 profile positions; no itpr.hmm hit	0.0	126.9	126.9	1.0		3.6e-35	3.6e-35	0.0	0.047	0	232	0.046	6784	V7S43_001188	Phytophthora oleae	2107226	0	B30.2/SPRY domain-containing protein	protista_other
A0ABD3M189	unassigned	none	module	best profile score 29.3 < 30 bits	0.0	29.3	29.3	1.0		8.8e-06	8.8e-06	0.0	0.011	0	54	0.579	178	ACHAWU_009900	Discostella pseudostelligera	259834	0	Calmodulin	protista_other
A0ABD3MNY0	unassigned	none	module	ryr.hmm matched only 173 profile positions (< 200) — a shared module, not a family assignment	0.0	76.9	76.9	1.0		4.1e-20	4.1e-20	0.0	0.035	0	173	0.032	5107	ACHAWU_001496	Discostella pseudostelligera	259834	0	B30.2/SPRY domain-containing protein	protista_other
A0ABD3N6N1	unassigned	none	module	ryr.hmm matched only 74 profile positions (< 200) — a shared module, not a family assignment	0.0	53.5	53.5	1.0		4.6e-13	4.6e-13	0.0	0.015	0	74	0.872	149	ACHAWO_001733	Cyclotella atomus	382360	0	Calmodulin	protista_other
A0ABD3NCC7	unassigned	none	module	ryr.hmm matched only 118 profile positions (< 200) — a shared module, not a family assignment	0.0	73.7	73.7	1.0		3.9e-19	3.9e-19	0.0	0.024	0	118	0.025	5020	ACHAWO_000679	Cyclotella atomus	382360	0	HECT-type E3 ubiquitin transferase	protista_other
A0ABD3NEH3	unassigned	none	module	ryr.hmm matched only 59 profile positions (< 200) — a shared module, not a family assignment	0.0	32.3	32.3	1.0		1.1e-06	1.1e-06	0.0	0.012	0	59	0.704	162	ACHAWO_002208	Cyclotella atomus	382360	0	EF-hand domain-containing protein	protista_other
A0ABD3NRJ0	unassigned	none	module	ryr.hmm matched only 74 profile positions (< 200) — a shared module, not a family assignment	0.0	53.5	53.5	1.0		4.6e-13	4.6e-13	0.0	0.015	0	74	0.872	149	ACHAW5_002604	Stephanodiscus triporus	2934178	0	Calmodulin	protista_other
A0ABD3P156	unassigned	none	module	ryr.hmm matched only 163 profile positions (< 200) — a shared module, not a family assignment	0.0	74.7	74.7	1.0		1.9e-19	1.9e-19	0.0	0.033	0	163	0.028	5317	ACHAW5_010626	Stephanodiscus triporus	2934178	0	HECT-type E3 ubiquitin transferase	protista_other
A0ABD3PPZ8	unassigned	none	module	ryr.hmm matched only 59 profile positions (< 200) — a shared module, not a family assignment	0.0	31.0	31.0	1.0		2.8e-06	2.8e-06	0.0	0.012	0	59	0.191	585	HJC23_002909	Cyclotella cryptica	29204	0	Calmodulin	protista_other
A0ABD3PQS4	unassigned	none	module	ryr.hmm matched only 64 profile positions (< 200) — a shared module, not a family assignment	0.0	36.6	36.6	1.0		5.7e-08	5.7e-08	0.0	0.013	0	64	0.24	492	ACHAW5_001541	Stephanodiscus triporus	2934178	0	Calmodulin (Fragment)	protista_other
A0ABD3Q369	unassigned	none	module	best profile score 29.3 < 30 bits	0.0	29.3	29.3	1.0		8.9e-06	8.9e-06	0.0	0.014	0	69	0.122	680	HJC23_010058	Cyclotella cryptica	29204	0	SPRY domain-containing protein	protista_other
A0ABD3Q3A0	unassigned	none	module	ryr.hmm matched only 54 profile positions (< 200) — a shared module, not a family assignment	0.0	32.4	32.4	1.0		1.1e-06	1.1e-06	0.0	0.011	0	54	0.661	171	HJC23_008008	Cyclotella cryptica	29204	0	EF-hand domain-containing protein	protista_other
A0ABD3QG39	unassigned	none	module	ryr.hmm matched only 128 profile positions (< 200) — a shared module, not a family assignment	0.0	88.1	88.1	1.0		1.7e-23	1.7e-23	0.0	0.026	0	128	0.026	5187	HJC23_000468	Cyclotella cryptica	29204	0	Uncharacterized protein	protista_other
A0ABD3QH30	unassigned	none	module	ryr.hmm matched only 113 profile positions (< 200) — a shared module, not a family assignment	0.0	33.5	33.5	1.0		4.9e-07	4.9e-07	0.0	0.023	0	113	0.184	690	ACHAWO_008463	Cyclotella atomus	382360	0	Uncharacterized protein	protista_other
A0ABD3QTY2	unassigned	none	module	ryr.hmm matched only 54 profile positions (< 200) — a shared module, not a family assignment	0.0	31.1	31.1	1.0		2.6e-06	2.6e-06	0.0	0.011	0	54	0.564	181	HJC23_003991	Cyclotella cryptica	29204	0	Calmodulin	protista_other
A0ABD3QUA9	unassigned	none	module	ryr.hmm matched only 74 profile positions (< 200) — a shared module, not a family assignment	0.0	53.5	53.5	1.0		4.6e-13	4.6e-13	0.0	0.015	0	74	0.872	149	HJC23_003986	Cyclotella cryptica	29204	0	Calmodulin	protista_other
A0ABD3R230	unassigned	none	module	ryr.hmm matched only 54 profile positions (< 200) — a shared module, not a family assignment	0.0	34.2	34.2	1.0		3.1e-07	3.1e-07	0.0	0.011	0	54	0.498	207	ACHAXA_003518	Cyclostephanos tholiformis	382380	0	Calmodulin	protista_other
A0ABD3RA49	unassigned	none	module	ryr.hmm matched only 64 profile positions (< 200) — a shared module, not a family assignment	0.0	38.1	38.1	1.0		2.1e-08	2.1e-08	0.0	0.013	0	64	0.225	516	ACHAXA_010498	Cyclostephanos tholiformis	382380	0	Calmodulin	protista_other
A0ABD3RM92	unassigned	none	module	ryr.hmm matched only 163 profile positions (< 200) — a shared module, not a family assignment	0.0	73.1	73.1	1.0		5.9e-19	5.9e-19	0.0	0.033	0	163	0.048	5234	ACHAXA_001237	Cyclostephanos tholiformis	382380	0	Uncharacterized protein	protista_other
A0ABD3SGV7	unassigned	none	module	ryr.hmm matched only 74 profile positions (< 200) — a shared module, not a family assignment	0.0	53.5	53.5	1.0		4.6e-13	4.6e-13	0.0	0.015	0	74	0.872	149	ACHAXA_011596	Cyclostephanos tholiformis	382380	0	Calmodulin	protista_other
A0ABN8BT32	RYR	medium	partial	ryr.hmm wins by 182.3 bits (100.0% of 182.3) over 212 profile positions; no itpr.hmm hit	0.0	182.3	182.3	1.0		7.2e-52	7.2e-52	0.0	0.043	0	212	0.171	1241	PFR001_LOCUS718	Peronospora farinosa	134698	0	Uncharacterized protein	protista_other
A0ABN8BUM3	unassigned	none	module	ryr.hmm matched only 197 profile positions (< 200) — a shared module, not a family assignment	0.0	180.7	180.7	1.0		2.3e-51	2.3e-51	0.0	0.04	0	197	0.211	921	PFR001_LOCUS1217	Peronospora farinosa	134698	0	Ion transport domain-containing protein	protista_other
A0ABN8C5P5	RYR	medium	partial	ryr.hmm wins by 121.9 bits (100.0% of 121.9) over 256 profile positions; no itpr.hmm hit	0.0	121.9	121.9	1.0		1.1e-33	1.1e-33	0.0	0.052	0	256	0.05	6742	PFR001_LOCUS4806	Peronospora farinosa	134698	0	B30.2/SPRY domain-containing protein	protista_other
A0ABN8CGH9	unassigned	none	module	ryr.hmm matched only 133 profile positions (< 200) — a shared module, not a family assignment	0.0	94.2	94.2	1.0		2.6e-25	2.6e-25	0.0	0.027	0	133	0.294	463	PFR001_LOCUS8330	Peronospora farinosa	134698	0	Uncharacterized protein	protista_other
A0ABN8CJT2	unassigned	none	module	ryr.hmm matched only 133 profile positions (< 200) — a shared module, not a family assignment	0.0	94.1	94.1	1.0		2.8e-25	2.8e-25	0.0	0.027	0	133	0.214	637	PBS001_LOCUS180	Peronospora belbahrii	622444	0	Sde2 N-terminal ubiquitin domain-containing protein	protista_other
A0ABN8CLK3	unassigned	none	module	ryr.hmm matched only 133 profile positions (< 200) — a shared module, not a family assignment	0.0	104.9	104.9	1.0		1.6e-28	1.6e-28	0.0	0.027	0	133	0.049	4787	PFR001_LOCUS8918	Peronospora farinosa	134698	0	B30.2/SPRY domain-containing protein	protista_other
A0ABN8CXJ9	unassigned	none	module	ryr.hmm matched only 133 profile positions (< 200) — a shared module, not a family assignment	0.0	102.3	102.3	1.0		9.5e-28	9.5e-28	0.0	0.027	0	133	0.049	4791	PBS001_LOCUS3901	Peronospora belbahrii	622444	0	B30.2/SPRY domain-containing protein	protista_other
A0ABN8CYQ6	RYR	medium	partial	ryr.hmm wins by 121.9 bits (100.0% of 121.9) over 217 profile positions; no itpr.hmm hit	0.0	121.9	121.9	1.0		1.2e-33	1.2e-33	0.0	0.044	0	217	0.044	6790	PBS001_LOCUS4570	Peronospora belbahrii	622444	0	B30.2/SPRY domain-containing protein	protista_other
A0ABN8D1L6	unassigned	none	module	ryr.hmm matched only 64 profile positions (< 200) — a shared module, not a family assignment	0.0	35.3	35.3	1.0		1.4e-07	1.4e-07	0.0	0.013	0	64	0.223	400	PBS001_LOCUS5024	Peronospora belbahrii	622444	0	Calmodulin	protista_other
A0ABN8D656	unassigned	none	module	ryr.hmm matched only 108 profile positions (< 200) — a shared module, not a family assignment	0.0	144.4	144.4	1.0		1.9e-40	1.9e-40	0.0	0.022	0	108	0.122	1365	PBS001_LOCUS6530	Peronospora belbahrii	622444	0	Uncharacterized protein	protista_other
A0ABN8D697	unassigned	none	module	ryr.hmm matched only 59 profile positions (< 200) — a shared module, not a family assignment	0.0	61.0	61.0	1.0		2.6e-15	2.6e-15	0.0	0.012	0	59	0.191	954	PBS001_LOCUS7150	Peronospora belbahrii	622444	0	Serine/threonine-protein phosphatase	protista_other
A0ABN9PWL7	unassigned	none	module	ryr.hmm matched only 94 profile positions (< 200) — a shared module, not a family assignment	0.0	55.6	55.6	1.0		1.1e-13	1.1e-13	0.0	0.019	0	94	0.11	833	PCOR1329_LOCUS5528	Prorocentrum cordatum	2364126	0	ATP-dependent RNA helicase DDX1 (Fragment)	protista_other
A0ABN9PXF5	unassigned	none	module	ryr.hmm matched only 182 profile positions (< 200) — a shared module, not a family assignment	0.0	41.5	41.5	1.0		1.9e-09	1.9e-09	0.0	0.037	0	182	0.152	2830	PCOR1329_LOCUS5991	Prorocentrum cordatum	2364126	0	Calmodulin	protista_other
A0ABN9QQU5	unassigned	none	module	ryr.hmm matched only 54 profile positions (< 200) — a shared module, not a family assignment	0.0	30.1	30.1	1.0		5.3e-06	5.3e-06	0.0	0.011	0	54	0.757	152	PCOR1329_LOCUS14149	Prorocentrum cordatum	2364126	0	Calmodulin	protista_other
A0ABN9R383	unassigned	none	module	best profile score 29.6 < 30 bits	0.0	29.6	29.6	1.0		7.4e-06	7.4e-06	0.0	0.013	0	64	0.24	508	PCOR1329_LOCUS17204	Prorocentrum cordatum	2364126	0	Calcium-dependent protein kinase 1	protista_other
A0ABN9R976	unassigned	none	module	ryr.hmm matched only 118 profile positions (< 200) — a shared module, not a family assignment	0.0	57.5	57.5	1.0		2.9e-14	2.9e-14	0.0	0.024	0	118	0.141	853	PCOR1329_LOCUS17043	Prorocentrum cordatum	2364126	0	ATP-dependent RNA helicase DDX1	protista_other
A0ABN9RXX8	unassigned	none	module	ryr.hmm matched only 84 profile positions (< 200) — a shared module, not a family assignment	0.0	37.5	37.5	1.0		3.1e-08	3.1e-08	0.0	0.017	0	84	0.068	1239	PCOR1329_LOCUS24146	Prorocentrum cordatum	2364126	0	B30.2/SPRY domain-containing protein	protista_other
A0ABN9TAQ2	unassigned	none	module	ryr.hmm matched only 69 profile positions (< 200) — a shared module, not a family assignment	0.0	53.0	53.0	1.0		6.7e-13	6.7e-13	0.0	0.014	0	69	0.873	150	PCOR1329_LOCUS37278	Prorocentrum cordatum	2364126	0	Calmodulin	protista_other
A0ABN9TBH4	unassigned	none	module	ryr.hmm matched only 54 profile positions (< 200) — a shared module, not a family assignment	0.0	30.9	30.9	1.0		3e-06	3e-06	0.0	0.011	0	54	0.366	317	PCOR1329_LOCUS37495	Prorocentrum cordatum	2364126	0	Calmodulin	protista_other
A0ABN9TDH2	unassigned	none	module	ryr.hmm matched only 54 profile positions (< 200) — a shared module, not a family assignment	0.0	30.9	30.9	1.0		3e-06	3e-06	0.0	0.011	0	54	0.233	485	PCOR1329_LOCUS37610	Prorocentrum cordatum	2364126	0	non-specific serine/threonine protein kinase	protista_other
A0ABN9TFP4	unassigned	none	module	ryr.hmm matched only 59 profile positions (< 200) — a shared module, not a family assignment	0.0	37.1	37.1	1.0		4e-08	4e-08	0.0	0.012	0	59	0.474	251	PCOR1329_LOCUS38687	Prorocentrum cordatum	2364126	0	EF-hand domain-containing protein	protista_other
A0ABN9TJ44	unassigned	none	module	ryr.hmm matched only 54 profile positions (< 200) — a shared module, not a family assignment	0.0	34.6	34.6	1.0		2.3e-07	2.3e-07	0.0	0.011	0	54	0.316	177	PCOR1329_LOCUS39574	Prorocentrum cordatum	2364126	0	EF-hand domain-containing protein	protista_other
A0ABN9UHJ8	unassigned	none	module	ryr.hmm matched only 69 profile positions (< 200) — a shared module, not a family assignment	0.0	32.1	32.1	1.0		1.3e-06	1.3e-06	0.0	0.014	0	69	0.07	1749	PCOR1329_LOCUS47639	Prorocentrum cordatum	2364126	0	Uncharacterized protein	protista_other
A0ABN9V0D8	unassigned	none	module	best profile score 29.4 < 30 bits	0.0	29.4	29.4	1.0		8.4e-06	8.4e-06	0.0	0.014	0	69	0.734	154	PCOR1329_LOCUS52926	Prorocentrum cordatum	2364126	0	Calmodulin	protista_other
A0ABN9V351	unassigned	none	module	ryr.hmm matched only 64 profile positions (< 200) — a shared module, not a family assignment	0.0	39.5	39.5	1.0		7.8e-09	7.8e-09	0.0	0.013	0	64	0.382	319	PCOR1329_LOCUS54208	Prorocentrum cordatum	2364126	0	Calmodulin	protista_other
A0ABN9VGH5	unassigned	none	module	ryr.hmm matched only 168 profile positions (< 200) — a shared module, not a family assignment	0.0	32.0	32.0	1.0		1.4e-06	1.4e-06	0.0	0.034	0	168	0.161	1077	PCOR1329_LOCUS57708	Prorocentrum cordatum	2364126	0	Calmodulin (Fragment)	protista_other
A0ABN9VUB7	unassigned	none	module	ryr.hmm matched only 54 profile positions (< 200) — a shared module, not a family assignment	0.0	33.7	33.7	1.0		4.4e-07	4.4e-07	0.0	0.011	0	54	0.214	505	PCOR1329_LOCUS61199	Prorocentrum cordatum	2364126	0	non-specific serine/threonine protein kinase	protista_other
A0ABN9VZ40	unassigned	none	module	ryr.hmm matched only 64 profile positions (< 200) — a shared module, not a family assignment	0.0	30.5	30.5	1.0		4e-06	4e-06	0.0	0.013	0	64	0.349	335	PCOR1329_LOCUS62552	Prorocentrum cordatum	2364126	0	Calmodulin	protista_other
A0ABN9W913	unassigned	none	module	ryr.hmm matched only 84 profile positions (< 200) — a shared module, not a family assignment	0.0	46.5	46.5	1.0		6e-11	6e-11	0.0	0.017	0	84	0.182	461	PCOR1329_LOCUS64318	Prorocentrum cordatum	2364126	0	B30.2/SPRY domain-containing protein	protista_other
A0ABN9X0C8	unassigned	none	module	ryr.hmm matched only 69 profile positions (< 200) — a shared module, not a family assignment	0.0	49.0	49.0	1.0		1.1e-11	1.1e-11	0.0	0.014	0	69	0.728	180	PCOR1329_LOCUS72294	Prorocentrum cordatum	2364126	0	Calmodulin (Fragment)	protista_other
A0ABN9XG65	unassigned	none	module	ryr.hmm matched only 54 profile positions (< 200) — a shared module, not a family assignment	0.0	31.3	31.3	1.0		2.2e-06	2.2e-06	0.0	0.011	0	54	0.753	150	PCOR1329_LOCUS75371	Prorocentrum cordatum	2364126	0	EF-hand domain-containing protein	protista_other
A0ABN9XK44	unassigned	none	module	ryr.hmm matched only 173 profile positions (< 200) — a shared module, not a family assignment	0.0	37.2	37.2	1.0		3.7e-08	3.7e-08	0.0	0.035	0	173	0.187	1593	PCOR1329_LOCUS76305	Prorocentrum cordatum	2364126	0	Calmodulin (Fragment)	protista_other
A0ABN9Y5T5	unassigned	none	module	best profile score 29.8 < 30 bits	0.0	29.8	29.8	1.0		6.3e-06	6.3e-06	0.0	0.012	0	59	0.432	257	PCOR1329_LOCUS82764	Prorocentrum cordatum	2364126	0	EF-hand domain-containing protein	protista_other
A0ABP0HD54	ITPR	medium	partial	itpr.hmm wins by 220.0 bits (68.3% of 322.2) over 1280 profile positions	322.2	102.2	220.0	0.6828	8.8e-94	1e-27	8.8e-94	0.477	0.08	1280	394	0.724	1868	SCF082_LOCUS1260	Durusdinium trenchii	1381693	0	4	protista_other
A0ABP0HD91	ITPR	medium	partial	itpr.hmm wins by 50.6 bits (100.0% of 50.6) over 411 profile positions; no ryr.hmm hit	50.6	0.0	50.6	1.0	6.4e-12		6.4e-12	0.153	0.0	411	0	0.748	614	SCF082_LOCUS1258	Durusdinium trenchii	1381693	0	Uncharacterized protein	protista_other
A0ABP0HEM4	unassigned	none	module	ryr.hmm matched only 128 profile positions (< 200) — a shared module, not a family assignment	0.0	51.5	51.5	1.0		1.8e-12	1.8e-12	0.0	0.026	0	128	0.093	1408	SCF082_LOCUS1047	Durusdinium trenchii	1381693	0	Probable E3 ubiquitin-protein ligase ipaH7.8 (Probable RING-type E3 ubiquitin transferase ipaH7.8)	protista_other
A0ABP0HHZ8	unassigned	none	module	ryr.hmm matched only 59 profile positions (< 200) — a shared module, not a family assignment	0.0	33.1	33.1	1.0		6.5e-07	6.5e-07	0.0	0.012	0	59	0.321	364	CCMP2556_LOCUS1811	Durusdinium trenchii	1381693	0	EF-hand domain-containing protein	protista_other
A0ABP0HNL1	unassigned	none	module	ryr.hmm matched only 84 profile positions (< 200) — a shared module, not a family assignment	0.0	39.1	39.1	1.0		1e-08	1e-08	0.0	0.017	0	84	0.143	623	SCF082_LOCUS2610	Durusdinium trenchii	1381693	0	E3 ubiquitin-protein ligase hecd-1	protista_other
A0ABP0HPV3	unassigned	none	module	ryr.hmm matched only 84 profile positions (< 200) — a shared module, not a family assignment	0.0	38.8	38.8	1.0		1.2e-08	1.2e-08	0.0	0.017	0	84	0.125	710	SCF082_LOCUS2640	Durusdinium trenchii	1381693	0	E3 ubiquitin-protein ligase hecd-1	protista_other
A0ABP0HVJ3	unassigned	none	module	ryr.hmm matched only 104 profile positions (< 200) — a shared module, not a family assignment	0.0	60.1	60.1	1.0		4.7e-15	4.7e-15	0.0	0.021	0	104	0.115	860	SCF082_LOCUS3838	Durusdinium trenchii	1381693	0	ATP-dependent RNA helicase	protista_other
A0ABP0I2G0	unassigned	none	module	ryr.hmm matched only 64 profile positions (< 200) — a shared module, not a family assignment	0.0	39.9	39.9	1.0		5.7e-09	5.7e-09	0.0	0.013	0	64	0.142	831	SCF082_LOCUS4933	Durusdinium trenchii	1381693	0	Calcium-dependent protein kinase 1	protista_other
A0ABP0I4Q9	unassigned	none	module	best profile score 29.9 < 30 bits	0.0	29.9	29.9	1.0		5.9e-06	5.9e-06	0.0	0.013	0	64	0.286	413	CCMP2556_LOCUS4387	Durusdinium trenchii	1381693	0	Calmodulin	protista_other
A0ABP0ID87	unassigned	none	module	ryr.hmm matched only 59 profile positions (< 200) — a shared module, not a family assignment	0.0	35.0	35.0	1.0		1.8e-07	1.8e-07	0.0	0.012	0	59	0.404	421	SCF082_LOCUS6007	Durusdinium trenchii	1381693	0	Calmodulin-like protein 12 (Touch-induced calmodulin-related protein 3)	protista_other
A0ABP0IG91	unassigned	none	module	ryr.hmm matched only 84 profile positions (< 200) — a shared module, not a family assignment	0.0	36.7	36.7	1.0		5.3e-08	5.3e-08	0.0	0.017	0	84	0.052	1546	SCF082_LOCUS6989	Durusdinium trenchii	1381693	0	Regulator of nonsense transcripts 1 (ATP-dependent helicase RENT1) (Nonsense mRNA reducing factor 1) (NORF1) (Up-frameshift suppressor 1 homolog) (MUpf1)	protista_other
A0ABP0IIM2	unassigned	none	module	ryr.hmm matched only 84 profile positions (< 200) — a shared module, not a family assignment	0.0	36.7	36.7	1.0		5.3e-08	5.3e-08	0.0	0.017	0	84	0.052	1546	SCF082_LOCUS6836	Durusdinium trenchii	1381693	0	Regulator of nonsense transcripts 1 (ATP-dependent helicase RENT1) (Nonsense mRNA reducing factor 1) (NORF1) (Up-frameshift suppressor 1 homolog) (MUpf1)	protista_other
A0ABP0IKR8	unassigned	none	module	ryr.hmm matched only 104 profile positions (< 200) — a shared module, not a family assignment	0.0	60.4	60.4	1.0		4e-15	4e-15	0.0	0.021	0	104	0.14	707	SCF082_LOCUS7123	Durusdinium trenchii	1381693	0	ATP-dependent RNA helicase DDX1 (Fragment)	protista_other
A0ABP0IL70	unassigned	none	module	ryr.hmm matched only 69 profile positions (< 200) — a shared module, not a family assignment	0.0	36.4	36.4	1.0		6.6e-08	6.6e-08	0.0	0.014	0	69	0.583	206	CCMP2556_LOCUS7121	Durusdinium trenchii	1381693	0	EF-hand domain-containing protein	protista_other
A0ABP0IMH6	unassigned	none	module	ryr.hmm matched only 84 profile positions (< 200) — a shared module, not a family assignment	0.0	36.7	36.7	1.0		5.2e-08	5.2e-08	0.0	0.017	0	84	0.041	2181	CCMP2556_LOCUS7119	Durusdinium trenchii	1381693	0	RING-type E3 ubiquitin transferase	protista_other
A0ABP0JLZ4	unassigned	none	module	ryr.hmm matched only 59 profile positions (< 200) — a shared module, not a family assignment	0.0	31.9	31.9	1.0		1.5e-06	1.5e-06	0.0	0.012	0	59	0.176	647	CCMP2556_LOCUS12109	Durusdinium trenchii	1381693	0	EF-hand domain-containing protein	protista_other
A0ABP0JM21	unassigned	none	module	ryr.hmm matched only 79 profile positions (< 200) — a shared module, not a family assignment	0.0	36.6	36.6	1.0		5.6e-08	5.6e-08	0.0	0.016	0	79	0.205	1027	SCF082_LOCUS12786	Durusdinium trenchii	1381693	0	EF-hand domain-containing family member C2	protista_other
A0ABP0JMZ9	unassigned	none	module	ryr.hmm matched only 59 profile positions (< 200) — a shared module, not a family assignment	0.0	34.1	34.1	1.0		3.3e-07	3.3e-07	0.0	0.012	0	59	0.309	369	CCMP2556_LOCUS12120	Durusdinium trenchii	1381693	0	EF-hand domain-containing protein	protista_other
A0ABP0K5B0	unassigned	none	module	ryr.hmm matched only 79 profile positions (< 200) — a shared module, not a family assignment	0.0	38.6	38.6	1.0		1.4e-08	1.4e-08	0.0	0.016	0	79	0.217	400	SCF082_LOCUS15570	Durusdinium trenchii	1381693	0	RING finger and SPRY domain-containing protein 1	protista_other
A0ABP0K5T3	unassigned	none	module	ryr.hmm matched only 69 profile positions (< 200) — a shared module, not a family assignment	0.0	45.1	45.1	1.0		1.6e-10	1.6e-10	0.0	0.014	0	69	0.227	1097	SCF082_LOCUS15665	Durusdinium trenchii	1381693	0	Serine/threonine-protein phosphatase	protista_other
A0ABP0K6W9	unassigned	none	module	ryr.hmm matched only 84 profile positions (< 200) — a shared module, not a family assignment	0.0	44.1	44.1	1.0		3.2e-10	3.2e-10	0.0	0.017	0	84	0.016	5071	SCF082_LOCUS15599	Durusdinium trenchii	1381693	0	Dynein axonemal heavy chain 7 (Axonemal beta dynein heavy chain 7) (Ciliary dynein heavy chain 7) (Dynein heavy chain-like protein 2) (HDHC2)	protista_other
A0ABP0KEI7	unassigned	none	module	ryr.hmm matched only 79 profile positions (< 200) — a shared module, not a family assignment	0.0	36.6	36.6	1.0		5.8e-08	5.8e-08	0.0	0.016	0	79	0.078	1111	SCF082_LOCUS16980	Durusdinium trenchii	1381693	0	SAM and U-box domain-containing protein 1	protista_other
A0ABP0KEN0	unassigned	none	module	ryr.hmm matched only 89 profile positions (< 200) — a shared module, not a family assignment	0.0	41.6	41.6	1.0		1.7e-09	1.7e-09	0.0	0.018	0	89	0.033	2703	SCF082_LOCUS17001	Durusdinium trenchii	1381693	0	Dynein axonemal heavy chain 7 (Axonemal beta dynein heavy chain 7) (Ciliary dynein heavy chain 7) (Dynein heavy chain-like protein 2) (HDHC2)	protista_other
A0ABP0KH78	unassigned	none	module	ryr.hmm matched only 59 profile positions (< 200) — a shared module, not a family assignment	0.0	38.6	38.6	1.0		1.5e-08	1.5e-08	0.0	0.012	0	59	0.338	346	CCMP2556_LOCUS16192	Durusdinium trenchii	1381693	0	Calmodulin	protista_other
A0ABP0KIW5	unassigned	none	module	ryr.hmm matched only 59 profile positions (< 200) — a shared module, not a family assignment	0.0	39.2	39.2	1.0		9.7e-09	9.7e-09	0.0	0.012	0	59	0.206	568	CCMP2556_LOCUS16513	Durusdinium trenchii	1381693	0	EF-hand domain-containing protein	protista_other
A0ABP0KKA7	unassigned	none	module	ryr.hmm matched only 64 profile positions (< 200) — a shared module, not a family assignment	0.0	36.4	36.4	1.0		6.4e-08	6.4e-08	0.0	0.013	0	64	0.567	217	SCF082_LOCUS17833	Durusdinium trenchii	1381693	0	Calcium-dependent protein kinase 2 (PfCDPK2)	protista_other
A0ABP0KKJ8	ITPR	medium	partial	itpr.hmm wins by 105.9 bits (100.0% of 105.9) over 470 profile positions; no ryr.hmm hit	105.9	0.0	105.9	1.0	1.4e-28		1.4e-28	0.175	0.0	470	0	0.441	1277	CCMP2556_LOCUS16732	Durusdinium trenchii	1381693	0	RyR/IP3R Homology associated domain-containing protein	protista_other
A0ABP0KN26	ITPR	medium	partial	itpr.hmm wins by 39.5 bits (27.8% of 142.3) over 276 profile positions	142.3	102.8	39.5	0.2776	1.4e-39	6.5e-28	1.4e-39	0.103	0.043	276	212	0.883	300	CCMP2556_LOCUS16945	Durusdinium trenchii	1381693	0	Ion transport domain-containing protein	protista_other
A0ABP0KNG0	ITPR	medium	partial	itpr.hmm wins by 105.2 bits (100.0% of 105.2) over 459 profile positions; no ryr.hmm hit	105.2	0.0	105.2	1.0	2.2e-28		2.2e-28	0.171	0.0	459	0	0.485	1140	CCMP2556_LOCUS16946	Durusdinium trenchii	1381693	0	RyR/IP3R Homology associated domain-containing protein	protista_other
A0ABP0KPH2	ITPR	medium	partial	itpr.hmm wins by 160.2 bits (54.5% of 293.9) over 851 profile positions	293.9	133.7	160.2	0.5451	2.9e-85	3.2e-37	2.9e-85	0.317	0.062	851	306	0.37	2590	SCF082_LOCUS18509	Durusdinium trenchii	1381693	0	4	protista_other
A0ABP0KPK9	ITPR	medium	partial	itpr.hmm wins by 158.7 bits (54.3% of 292.4) over 717 profile positions	292.4	133.7	158.7	0.5427	8.2e-85	3.2e-37	8.2e-85	0.267	0.062	717	306	0.31	2590	SCF082_LOCUS18516	Durusdinium trenchii	1381693	0	4	protista_other
A0ABP0KR53	ITPR	medium	partial	itpr.hmm wins by 110.2 bits (100.0% of 110.2) over 521 profile positions; no ryr.hmm hit	110.2	0.0	110.2	1.0	7e-30		7e-30	0.194	0.0	521	0	0.663	709	CCMP2556_LOCUS17450	Durusdinium trenchii	1381693	0	Uncharacterized protein (Fragment)	protista_other
A0ABP0KUQ3	unassigned	none	module	ryr.hmm matched only 59 profile positions (< 200) — a shared module, not a family assignment	0.0	39.3	39.3	1.0		8.5e-09	8.5e-09	0.0	0.012	0	59	0.402	291	CCMP2556_LOCUS17942	Durusdinium trenchii	1381693	0	Calmodulin	protista_other
A0ABP0KZZ9	unassigned	none	module	ryr.hmm matched only 69 profile positions (< 200) — a shared module, not a family assignment	0.0	57.7	57.7	1.0		2.5e-14	2.5e-14	0.0	0.014	0	69	0.872	149	SCF082_LOCUS19699	Durusdinium trenchii	1381693	0	Calmodulin	protista_other
A0ABP0L2E7	unassigned	none	module	ryr.hmm matched only 54 profile positions (< 200) — a shared module, not a family assignment	0.0	32.8	32.8	1.0		8.1e-07	8.1e-07	0.0	0.011	0	54	0.221	494	SCF082_LOCUS20451	Durusdinium trenchii	1381693	0	non-specific serine/threonine protein kinase	protista_other
A0ABP0L7K4	ITPR	medium	partial	itpr.hmm wins by 159.9 bits (54.5% of 293.6) over 851 profile positions	293.6	133.7	159.9	0.5446	3.6e-85	3.2e-37	3.6e-85	0.317	0.062	851	306	0.37	2590	CCMP2556_LOCUS19786	Durusdinium trenchii	1381693	0	RyR/IP3R Homology associated domain-containing protein	protista_other
A0ABP0L825	ITPR	medium	partial	itpr.hmm wins by 163.3 bits (54.8% of 297.8) over 717 profile positions	297.8	134.5	163.3	0.5484	2e-86	1.9e-37	2e-86	0.267	0.062	717	306	0.464	1730	CCMP2556_LOCUS19710	Durusdinium trenchii	1381693	0	RyR/IP3R Homology associated domain-containing protein	protista_other
A0ABP0LI82	unassigned	none	module	best profile score 29.5 < 30 bits	0.0	29.5	29.5	1.0		7.8e-06	7.8e-06	0.0	0.012	0	59	0.143	820	CCMP2556_LOCUS21197	Durusdinium trenchii	1381693	0	Calmodulin	protista_other
A0ABP0LN51	unassigned	none	module	itpr.hmm matched only 70 profile positions (< 200) — a shared module, not a family assignment	44.0	0.0	44.0	1.0	6.2e-10		6.2e-10	0.026	0.0	70	0	0.097	713	SCF082_LOCUS23587	Durusdinium trenchii	1381693	0	PHD finger-like domain-containing protein 5B	protista_other
A0ABP0LXD2	unassigned	none	module	ryr.hmm matched only 69 profile positions (< 200) — a shared module, not a family assignment	0.0	32.1	32.1	1.0		1.3e-06	1.3e-06	0.0	0.014	0	69	0.247	497	SCF082_LOCUS25014	Durusdinium trenchii	1381693	0	non-specific serine/threonine protein kinase	protista_other
A0ABP0LXS9	unassigned	none	module	ryr.hmm matched only 104 profile positions (< 200) — a shared module, not a family assignment	0.0	61.1	61.1	1.0		2.4e-15	2.4e-15	0.0	0.021	0	104	0.188	532	CCMP2556_LOCUS23231	Durusdinium trenchii	1381693	0	ATP-dependent RNA helicase	protista_other
A0ABP0LY39	unassigned	none	module	ryr.hmm matched only 54 profile positions (< 200) — a shared module, not a family assignment	0.0	31.3	31.3	1.0		2.3e-06	2.3e-06	0.0	0.011	0	54	0.237	480	SCF082_LOCUS25131	Durusdinium trenchii	1381693	0	non-specific serine/threonine protein kinase	protista_other
A0ABP0M0L7	unassigned	none	module	ryr.hmm matched only 54 profile positions (< 200) — a shared module, not a family assignment	0.0	34.2	34.2	1.0		3.1e-07	3.1e-07	0.0	0.011	0	54	0.253	451	SCF082_LOCUS25307	Durusdinium trenchii	1381693	0	non-specific serine/threonine protein kinase	protista_other
A0ABP0M8B7	unassigned	none	module	ryr.hmm matched only 59 profile positions (< 200) — a shared module, not a family assignment	0.0	37.5	37.5	1.0		3e-08	3e-08	0.0	0.012	0	59	0.261	448	SCF082_LOCUS26562	Durusdinium trenchii	1381693	0	Calcium-dependent protein kinase 1 (Fragment)	protista_other
A0ABP0MCP1	unassigned	none	module	itpr.hmm matched only 196 profile positions (< 200) — a shared module, not a family assignment	47.5	0.0	47.5	1.0	5.4e-11		5.4e-11	0.073	0.0	196	0	0.246	798	CCMP2556_LOCUS24994	Durusdinium trenchii	1381693	0	RyR/IP3R Homology associated domain-containing protein	protista_other
A0ABP0MMG3	unassigned	none	module	best profile score 29.4 < 30 bits	0.0	29.4	29.4	1.0		8.7e-06	8.7e-06	0.0	0.012	0	59	0.763	152	SCF082_LOCUS28787	Durusdinium trenchii	1381693	0	Calmodulin	protista_other
A0ABP0MNA9	unassigned	none	module	ryr.hmm matched only 54 profile positions (< 200) — a shared module, not a family assignment	0.0	44.0	44.0	1.0		3.3e-10	3.3e-10	0.0	0.011	0	54	0.645	172	SCF082_LOCUS28300	Durusdinium trenchii	1381693	0	Probable calcium-binding protein CML16 (Calmodulin-like protein 16)	protista_other
A0ABP0MNN4	unassigned	none	module	ryr.hmm matched only 138 profile positions (< 200) — a shared module, not a family assignment	0.0	47.1	47.1	1.0		4e-11	4e-11	0.0	0.028	0	138	0.062	2459	CCMP2556_LOCUS26404	Durusdinium trenchii	1381693	0	B30.2/SPRY domain-containing protein	protista_other
A0ABP0NAB8	unassigned	none	module	ryr.hmm matched only 79 profile positions (< 200) — a shared module, not a family assignment	0.0	37.7	37.7	1.0		2.7e-08	2.7e-08	0.0	0.016	0	79	0.209	412	CCMP2556_LOCUS29778	Durusdinium trenchii	1381693	0	B30.2/SPRY domain-containing protein	protista_other
A0ABP0NAC4	unassigned	none	module	ryr.hmm matched only 79 profile positions (< 200) — a shared module, not a family assignment	0.0	37.0	37.0	1.0		4.3e-08	4.3e-08	0.0	0.016	0	79	0.099	879	CCMP2556_LOCUS29837	Durusdinium trenchii	1381693	0	RING-type E3 ubiquitin transferase	protista_other
A0ABP0NCJ2	unassigned	none	module	ryr.hmm matched only 54 profile positions (< 200) — a shared module, not a family assignment	0.0	35.8	35.8	1.0		1e-07	1e-07	0.0	0.011	0	54	0.213	545	CCMP2556_LOCUS29914	Durusdinium trenchii	1381693	0	non-specific serine/threonine protein kinase	protista_other
A0ABP0NFS8	unassigned	none	module	ryr.hmm matched only 54 profile positions (< 200) — a shared module, not a family assignment	0.0	39.0	39.0	1.0		1.1e-08	1.1e-08	0.0	0.011	0	54	0.133	624	CCMP2556_LOCUS30648	Durusdinium trenchii	1381693	0	EF-hand domain-containing protein	protista_other
A0ABP0NQS2	unassigned	none	module	best profile score 29.8 < 30 bits	0.0	29.8	29.8	1.0		6.6e-06	6.6e-06	0.0	0.012	0	59	0.133	875	SCF082_LOCUS33498	Durusdinium trenchii	1381693	0	EF-hand domain-containing protein (Fragment)	protista_other
A0ABP0PB55	RYR	medium	partial	ryr.hmm wins by 165.3 bits (100.0% of 165.3) over 227 profile positions; no itpr.hmm hit	0.0	165.3	165.3	1.0		1e-46	1e-46	0.0	0.046	0	227	0.126	2027	SCF082_LOCUS35910	Durusdinium trenchii	1381693	0	Ryanodine receptor 3 (RYR-3) (RyR3) (Brain ryanodine receptor-calcium release channel) (Brain-type ryanodine receptor) (Type 3 ryanodine receptor)	protista_other
A0ABP0PB78	unassigned	none	module	ryr.hmm matched only 54 profile positions (< 200) — a shared module, not a family assignment	0.0	44.0	44.0	1.0		3.3e-10	3.3e-10	0.0	0.011	0	54	0.645	172	CCMP2556_LOCUS35504	Durusdinium trenchii	1381693	0	EF-hand domain-containing protein	protista_other
A0ABP0PGT6	unassigned	none	module	ryr.hmm matched only 84 profile positions (< 200) — a shared module, not a family assignment	0.0	36.7	36.7	1.0		5.3e-08	5.3e-08	0.0	0.017	0	84	0.052	1546	CCMP2556_LOCUS36532	Durusdinium trenchii	1381693	0	Uncharacterized protein	protista_other
A0ABP0PH65	unassigned	none	module	ryr.hmm matched only 54 profile positions (< 200) — a shared module, not a family assignment	0.0	30.3	30.3	1.0		4.7e-06	4.7e-06	0.0	0.011	0	54	0.086	665	SCF082_LOCUS36179	Durusdinium trenchii	1381693	0	Slow skeletal and cardiac muscles (TN-C)	protista_other
A0ABP0PNF8	unassigned	none	module	ryr.hmm matched only 79 profile positions (< 200) — a shared module, not a family assignment	0.0	34.2	34.2	1.0		3e-07	3e-07	0.0	0.016	0	79	0.09	944	SCF082_LOCUS37137	Durusdinium trenchii	1381693	0	Ankyrin-2 (ANK-2) (Ankyrin-B) (Brain ankyrin) (Non-erythroid ankyrin)	protista_other
A0ABP0PSB9	unassigned	none	module	ryr.hmm matched only 79 profile positions (< 200) — a shared module, not a family assignment	0.0	33.5	33.5	1.0		5e-07	5e-07	0.0	0.016	0	79	0.056	1507	SCF082_LOCUS37206	Durusdinium trenchii	1381693	0	Death-associated protein kinase 1 (DAP kinase 1)	protista_other
A0ABP0PZ98	unassigned	none	module	ryr.hmm matched only 54 profile positions (< 200) — a shared module, not a family assignment	0.0	35.5	35.5	1.0		1.2e-07	1.2e-07	0.0	0.011	0	54	0.352	324	CCMP2556_LOCUS39808	Durusdinium trenchii	1381693	0	Calmodulin	protista_other
A0ABP0Q157	unassigned	none	module	ryr.hmm matched only 54 profile positions (< 200) — a shared module, not a family assignment	0.0	31.3	31.3	1.0		2.3e-06	2.3e-06	0.0	0.011	0	54	0.237	480	CCMP2556_LOCUS39862	Durusdinium trenchii	1381693	0	non-specific serine/threonine protein kinase	protista_other
A0ABP0Q3Q9	unassigned	none	module	ryr.hmm matched only 59 profile positions (< 200) — a shared module, not a family assignment	0.0	38.1	38.1	1.0		2.1e-08	2.1e-08	0.0	0.012	0	59	0.661	186	SCF082_LOCUS39376	Durusdinium trenchii	1381693	0	Calcium-dependent protein kinase 2 (PfCDPK2)	protista_other
A0ABP0Q4A1	unassigned	none	module	best profile score 29.1 < 30 bits	0.0	29.1	29.1	1.0		1e-05	1e-05	0.0	0.018	0	89	0.197	457	CCMP2556_LOCUS40541	Durusdinium trenchii	1381693	0	B30.2/SPRY domain-containing protein	protista_other
A0ABP0Q4I3	unassigned	none	module	ryr.hmm matched only 79 profile positions (< 200) — a shared module, not a family assignment	0.0	47.7	47.7	1.0		2.7e-11	2.7e-11	0.0	0.016	0	79	0.109	3244	SCF082_LOCUS39032	Durusdinium trenchii	1381693	0	EF-hand calcium-binding domain-containing protein 6 (CAP-binding protein complex-interacting protein 1) (DJ-1-binding protein) (DJBP)	protista_other
A0ABP0Q656	unassigned	none	module	ryr.hmm matched only 54 profile positions (< 200) — a shared module, not a family assignment	0.0	32.8	32.8	1.0		8.1e-07	8.1e-07	0.0	0.011	0	54	0.221	494	CCMP2556_LOCUS40369	Durusdinium trenchii	1381693	0	non-specific serine/threonine protein kinase	protista_other
A0ABP0Q7N1	unassigned	none	module	ryr.hmm matched only 64 profile positions (< 200) — a shared module, not a family assignment	0.0	56.0	56.0	1.0		8e-14	8e-14	0.0	0.013	0	64	0.36	328	SCF082_LOCUS39433	Durusdinium trenchii	1381693	0	EF-hand domain-containing protein	protista_other
A0ABP0R010	unassigned	none	module	ryr.hmm matched only 59 profile positions (< 200) — a shared module, not a family assignment	0.0	33.7	33.7	1.0		4.4e-07	4.4e-07	0.0	0.012	0	59	0.659	176	SCF082_LOCUS44152	Durusdinium trenchii	1381693	0	Calmodulin	protista_other
A0ABP0R740	unassigned	none	module	ryr.hmm matched only 79 profile positions (< 200) — a shared module, not a family assignment	0.0	34.0	34.0	1.0		3.5e-07	3.5e-07	0.0	0.016	0	79	0.079	1075	CCMP2556_LOCUS45698	Durusdinium trenchii	1381693	0	B30.2/SPRY domain-containing protein	protista_other
A0ABP0R8G1	ITPR	medium	partial	itpr.hmm wins by 180.1 bits (54.1% of 332.6) over 1006 profile positions	332.6	152.5	180.1	0.5415	6.3e-97	6.8e-43	6.3e-97	0.375	0.052	1006	256	0.287	3967	SCF082_LOCUS45335	Durusdinium trenchii	1381693	0	4	protista_other
A0ABP0RAX4	unassigned	none	module	ryr.hmm matched only 79 profile positions (< 200) — a shared module, not a family assignment	0.0	34.1	34.1	1.0		3.2e-07	3.2e-07	0.0	0.016	0	79	0.081	1053	CCMP2556_LOCUS45817	Durusdinium trenchii	1381693	0	B30.2/SPRY domain-containing protein	protista_other
A0ABP0RCC1	ITPR	medium	partial	itpr.hmm wins by 166.8 bits (51.9% of 321.2) over 741 profile positions	321.2	154.4	166.8	0.5193	1.7e-93	1.9e-43	1.7e-93	0.276	0.057	741	281	0.547	1521	SCF082_LOCUS45445	Durusdinium trenchii	1381693	0	4	protista_other
A0ABP0RLE2	unassigned	none	module	ryr.hmm matched only 54 profile positions (< 200) — a shared module, not a family assignment	0.0	30.3	30.3	1.0		4.7e-06	4.7e-06	0.0	0.011	0	54	0.086	665	CCMP2556_LOCUS47829	Durusdinium trenchii	1381693	0	EF-hand domain-containing protein	protista_other
A0ABP0RQ48	unassigned	none	module	ryr.hmm matched only 59 profile positions (< 200) — a shared module, not a family assignment	0.0	34.2	34.2	1.0		3.1e-07	3.1e-07	0.0	0.012	0	59	0.231	532	CCMP2556_LOCUS48312	Durusdinium trenchii	1381693	0	non-specific serine/threonine protein kinase	protista_other
A0ABP0RS89	ITPR	medium	partial	itpr.hmm wins by 169.1 bits (62.5% of 270.5) over 888 profile positions	270.5	101.4	169.1	0.6251	3.3e-78	1.8e-27	3.3e-78	0.331	0.08	888	394	0.64	1553	SCF082_LOCUS48343	Durusdinium trenchii	1381693	0	4	protista_other
A0ABP0RU10	unassigned	none	module	itpr.hmm matched only 105 profile positions (< 200) — a shared module, not a family assignment	34.0	0.0	34.0	1.0	6.7e-07		6.7e-07	0.039	0.0	105	0	0.474	247	SCF082_LOCUS48338	Durusdinium trenchii	1381693	0	Uncharacterized protein	protista_other
A0ABP0RX16	unassigned	none	module	ryr.hmm matched only 54 profile positions (< 200) — a shared module, not a family assignment	0.0	35.8	35.8	1.0		1e-07	1e-07	0.0	0.011	0	54	0.213	545	SCF082_LOCUS48460	Durusdinium trenchii	1381693	0	non-specific serine/threonine protein kinase	protista_other
A0ABP0S6S9	unassigned	none	module	ryr.hmm matched only 59 profile positions (< 200) — a shared module, not a family assignment	0.0	30.9	30.9	1.0		2.9e-06	2.9e-06	0.0	0.012	0	59	0.212	552	CCMP2556_LOCUS50382	Durusdinium trenchii	1381693	0	Calmodulin	protista_other
A0ABP0S780	ITPR	medium	partial	itpr.hmm wins by 178.7 bits (54.0% of 331.2) over 1006 profile positions	331.2	152.5	178.7	0.5396	1.7e-96	6.8e-43	1.7e-96	0.375	0.057	1006	281	0.285	3990	CCMP2556_LOCUS50432	Durusdinium trenchii	1381693	0	RyR/IP3R Homology associated domain-containing protein	protista_other
A0ABP0S9C1	ITPR	medium	partial	itpr.hmm wins by 155.9 bits (50.3% of 310.1) over 695 profile positions	310.1	154.2	155.9	0.5027	3.8e-90	2.1e-43	3.8e-90	0.259	0.057	695	281	0.472	1635	CCMP2556_LOCUS50732	Durusdinium trenchii	1381693	0	RyR/IP3R Homology associated domain-containing protein	protista_other
A0ABP0SKJ3	unassigned	none	module	ryr.hmm matched only 64 profile positions (< 200) — a shared module, not a family assignment	0.0	36.4	36.4	1.0		6.4e-08	6.4e-08	0.0	0.013	0	64	0.567	217	CCMP2556_LOCUS52255	Durusdinium trenchii	1381693	0	EF-hand domain-containing protein	protista_other
A0ABP0SUW3	unassigned	none	module	ryr.hmm matched only 59 profile positions (< 200) — a shared module, not a family assignment	0.0	33.7	33.7	1.0		4.4e-07	4.4e-07	0.0	0.012	0	59	0.659	176	CCMP2556_LOCUS53848	Durusdinium trenchii	1381693	0	Calmodulin	protista_other
A0ABP0SWZ8	unassigned	none	module	ryr.hmm matched only 54 profile positions (< 200) — a shared module, not a family assignment	0.0	30.3	30.3	1.0		4.5e-06	4.5e-06	0.0	0.011	0	54	0.454	262	CCMP2556_LOCUS54366	Durusdinium trenchii	1381693	0	EF-hand domain-containing protein	protista_other
A0ABQ0DA50	unassigned	none	module	ryr.hmm matched only 123 profile positions (< 200) — a shared module, not a family assignment	0.0	41.9	41.9	1.0		1.5e-09	1.5e-09	0.0	0.025	0	123	0.118	1034	ENUP19_0041G0083	Entamoeba nuttalli	412467	0	SPRY domain containing protein	protista_other
A0ABQ6M8X2	unassigned	none	module	ryr.hmm matched only 54 profile positions (< 200) — a shared module, not a family assignment	0.0	30.5	30.5	1.0		4e-06	4e-06	0.0	0.011	0	54	0.296	378	TeGR_g5734	Tetraparma gracilis	2962635	0	EF-hand domain-containing protein (Fragment)	protista_other
A0ABQ6MG27	unassigned	none	module	ryr.hmm matched only 74 profile positions (< 200) — a shared module, not a family assignment	0.0	39.1	39.1	1.0		1e-08	1e-08	0.0	0.015	0	74	0.38	988	TeGR_g13964	Tetraparma gracilis	2962635	0	EF-hand domain-containing protein (Fragment)	protista_other
A0ABQ6MG63	unassigned	none	module	ryr.hmm matched only 123 profile positions (< 200) — a shared module, not a family assignment	0.0	68.3	68.3	1.0		1.6e-17	1.6e-17	0.0	0.025	0	123	0.043	3032	TeGR_g9459	Tetraparma gracilis	2962635	0	HECT-type E3 ubiquitin transferase (Fragment)	protista_other
A0ABQ6MIL6	unassigned	none	module	ryr.hmm matched only 74 profile positions (< 200) — a shared module, not a family assignment	0.0	52.1	52.1	1.0		1.2e-12	1.2e-12	0.0	0.015	0	74	0.344	378	TeGR_g1034	Tetraparma gracilis	2962635	0	Calmodulin	protista_other
A0ABQ6MJU4	ITPR	high	architecture	itpr.hmm wins by 551.8 bits (79.0% of 698.1) over 2102 profile positions	698.1	146.3	551.8	0.7904	4.4e-207	5e-41	4.4e-207	0.783	0.093	2102	458	0.845	2879	TeGR_g2493	Tetraparma gracilis	2962635	0	Uncharacterized protein	protista_other
A0ABQ6MK54	ITPR	high	architecture	itpr.hmm wins by 690.0 bits (75.9% of 909.3) over 2284 profile positions	909.3	219.3	690.0	0.7588	9.7e-271	5.4e-63	9.7e-271	0.851	0.23	2284	1134	0.798	3075	TeGR_g3634	Tetraparma gracilis	2962635	0	C2 domain-containing protein (Fragment)	protista_other
A0ABQ6MPK5	ITPR	medium	partial	itpr.hmm wins by 232.0 bits (86.8% of 267.2) over 953 profile positions	267.2	35.2	232.0	0.8683	3.3e-77	1.6e-07	3.3e-77	0.355	0.066	953	325	0.599	2020	TeGR_g2263	Tetraparma gracilis	2962635	0	Calmodulin	protista_other
A0ABQ6MQV0	ITPR	high	architecture	itpr.hmm wins by 352.3 bits (57.1% of 616.4) over 1809 profile positions	616.4	264.1	352.3	0.5715	1.8e-182	1.7e-76	1.8e-182	0.674	0.111	1809	547	0.677	3403	TeGR_g1844	Tetraparma gracilis	2962635	0	Peroxin/Ferlin domain-containing protein (Fragment)	protista_other
A0ABQ6MR15	ITPR	medium	partial	itpr.hmm wins by 101.5 bits (100.0% of 101.5) over 746 profile positions; no ryr.hmm hit	101.5	0.0	101.5	1.0	2.9e-27		2.9e-27	0.278	0.0	746	0	0.633	1726	TeGR_g2262	Tetraparma gracilis	2962635	0	RyR/IP3R Homology associated domain-containing protein	protista_other
A0ABQ6MSK0	unassigned	none	module	ryr.hmm matched only 64 profile positions (< 200) — a shared module, not a family assignment	0.0	34.4	34.4	1.0		2.7e-07	2.7e-07	0.0	0.013	0	64	0.031	2118	TeGR_g11552	Tetraparma gracilis	2962635	0	EF-hand domain-containing protein	protista_other
A0ABQ6MVX5	ITPR	high	architecture	itpr.hmm wins by 377.7 bits (72.8% of 518.6) over 1822 profile positions	518.6	140.9	377.7	0.7283	5.5e-153	2.2e-39	5.5e-153	0.679	0.116	1822	572	0.745	2800	TeGR_g9101	Tetraparma gracilis	2962635	0	Uncharacterized protein (Fragment)	protista_other
A0ABQ6MWG0	unassigned	none	module	ryr.hmm matched only 128 profile positions (< 200) — a shared module, not a family assignment	0.0	91.4	91.4	1.0		1.8e-24	1.8e-24	0.0	0.026	0	128	0.054	4268	TeGR_g14288	Tetraparma gracilis	2962635	0	B30.2/SPRY domain-containing protein (Fragment)	protista_other
A0ABQ6MYA6	unassigned	none	module	ryr.hmm matched only 99 profile positions (< 200) — a shared module, not a family assignment	0.0	34.6	34.6	1.0		2.3e-07	2.3e-07	0.0	0.02	0	99	0.166	633	TeGR_g12273	Tetraparma gracilis	2962635	0	Sde2 N-terminal ubiquitin domain-containing protein	protista_other
A0ABQ6MYB0	unassigned	none	module	itpr.hmm matched only 115 profile positions (< 200) — a shared module, not a family assignment	35.3	0.0	35.3	1.0	2.6e-07		2.6e-07	0.043	0.0	115	0	0.634	175	TeGR_g14298	Tetraparma gracilis	2962635	0	Inositol 1,4,5-trisphosphate/ryanodine receptor domain-containing protein (Fragment)	protista_other
A0ABQ6MZF9	unassigned	none	module	ryr.hmm matched only 59 profile positions (< 200) — a shared module, not a family assignment	0.0	52.0	52.0	1.0		1.3e-12	1.3e-12	0.0	0.012	0	59	0.091	1900	TeGR_g8823	Tetraparma gracilis	2962635	0	EF-hand domain-containing protein	protista_other
A0ABQ6N5G9	unassigned	none	module	ryr.hmm matched only 59 profile positions (< 200) — a shared module, not a family assignment	0.0	46.7	46.7	1.0		5.1e-11	5.1e-11	0.0	0.012	0	59	0.71	162	TeGR_g10340	Tetraparma gracilis	2962635	0	Calmodulin	protista_other
A0ABQ6N695	unassigned	none	module	ryr.hmm matched only 128 profile positions (< 200) — a shared module, not a family assignment	0.0	36.5	36.5	1.0		6.3e-08	6.3e-08	0.0	0.026	0	128	0.239	1967	TeGR_g10627	Tetraparma gracilis	2962635	0	EF-hand domain-containing protein	protista_other
A0ABQ6N6P8	ITPR	high	architecture	itpr.hmm wins by 519.3 bits (74.7% of 695.0) over 2010 profile positions	695.0	175.7	519.3	0.7472	3.6e-206	7.4e-50	3.6e-206	0.749	0.131	2010	646	0.86	2689	TeGR_g13219	Tetraparma gracilis	2962635	0	Uncharacterized protein (Fragment)	protista_other
A0ABQ7J7D5	unassigned	none	module	ryr.hmm matched only 84 profile positions (< 200) — a shared module, not a family assignment	0.0	34.3	34.3	1.0		2.8e-07	2.8e-07	0.0	0.017	0	84	0.232	547	CDPK4A	Cardiosporidium cionae	476202	0	Calcium-dependent protein kinase CDPK4A	protista_other
A0ABQ7J985	unassigned	none	module	ryr.hmm matched only 84 profile positions (< 200) — a shared module, not a family assignment	0.0	41.3	41.3	1.0		2.2e-09	2.2e-09	0.0	0.017	0	84	0.107	778	IE077_003080	Cardiosporidium cionae	476202	0	ATP-dependent RNA helicase DDX1	protista_other
A0ABQ7JCI2	unassigned	none	module	ryr.hmm matched only 94 profile positions (< 200) — a shared module, not a family assignment	0.0	32.9	32.9	1.0		7.7e-07	7.7e-07	0.0	0.019	0	94	0.242	662	CDPK2B	Cardiosporidium cionae	476202	0	Calcium-dependent protein kinase 1	protista_other
A0ABQ7JF05	unassigned	none	module	ryr.hmm matched only 54 profile positions (< 200) — a shared module, not a family assignment	0.0	54.5	54.5	1.0		2.3e-13	2.3e-13	0.0	0.011	0	54	0.765	149	IE077_003387	Cardiosporidium cionae	476202	0	Calmodulin	protista_other
A0ABQ8PAP6	unassigned	none	module	ryr.hmm matched only 54 profile positions (< 200) — a shared module, not a family assignment	0.0	46.7	46.7	1.0		5.1e-11	5.1e-11	0.0	0.011	0	54	0.171	677	OJ252_588	Cryptosporidium canis	195482	0	Calcium-dependent protein kinase 1	protista_other
A0ABQ8UK39	unassigned	none	module	ryr.hmm matched only 59 profile positions (< 200) — a shared module, not a family assignment	0.0	43.1	43.1	1.0		6.4e-10	6.4e-10	0.0	0.012	0	59	0.554	213	PAPYR_4310	Paratrimastix pyriformis	342808	0	EF-hand domain-containing protein	protista_other
A0ABQ8UM40	unassigned	none	module	ryr.hmm matched only 74 profile positions (< 200) — a shared module, not a family assignment	0.0	46.2	46.2	1.0		7.4e-11	7.4e-11	0.0	0.015	0	74	0.086	1550	PAPYR_3630	Paratrimastix pyriformis	342808	0	Calmodulin-related protein	protista_other
A0ABQ8UMF3	unassigned	none	module	ryr.hmm matched only 138 profile positions (< 200) — a shared module, not a family assignment	0.0	68.4	68.4	1.0		1.5e-17	1.5e-17	0.0	0.028	0	138	0.086	1622	PAPYR_5721	Paratrimastix pyriformis	342808	0	E3 ubiquitin-protein ligase	protista_other
A0ABQ8UZI5	ITPR	medium	partial	itpr.hmm wins by 113.3 bits (41.5% of 272.7) over 851 profile positions	272.7	159.4	113.3	0.4155	7e-79	5.8e-45	7e-79	0.317	0.083	851	409	0.28	3476	PAPYR_211	Paratrimastix pyriformis	342808	0	Inositol 1	protista_other
A0ABQ8UZM6	ITPR	high	architecture	itpr.hmm wins by 355.3 bits (62.1% of 571.9) over 1417 profile positions	571.9	216.6	355.3	0.6213	4.6e-169	3.4e-62	4.6e-169	0.528	0.161	1417	794	0.529	2857	PAPYR_841	Paratrimastix pyriformis	342808	0	Cation channel family protein	protista_other
A0ABQ8X6I1	unassigned	none	module	ryr.hmm matched only 84 profile positions (< 200) — a shared module, not a family assignment	0.0	41.9	41.9	1.0		1.4e-09	1.4e-09	0.0	0.017	0	84	0.527	165	M0813_09093	Anaeramoeba flamelloides	1746091	0	Spry domain-containing socs box protein	protista_other
A0ABQ8XXL8	unassigned	none	module	ryr.hmm matched only 59 profile positions (< 200) — a shared module, not a family assignment	0.0	34.3	34.3	1.0		2.9e-07	2.9e-07	0.0	0.012	0	59	0.631	187	M0813_26911	Anaeramoeba flamelloides	1746091	0	Calcium-binding protein cml45-related	protista_other
A0ABQ8Y2L9	unassigned	none	module	ryr.hmm matched only 69 profile positions (< 200) — a shared module, not a family assignment	0.0	32.7	32.7	1.0		8.3e-07	8.3e-07	0.0	0.014	0	69	0.895	143	M0813_26050	Anaeramoeba flamelloides	1746091	0	Calmodulin-related	protista_other
A0ABQ8Y4C2	unassigned	none	module	ryr.hmm matched only 64 profile positions (< 200) — a shared module, not a family assignment	0.0	31.7	31.7	1.0		1.7e-06	1.7e-06	0.0	0.013	0	64	0.837	147	M0813_03168	Anaeramoeba flamelloides	1746091	0	Calmodulin	protista_other
A0ABQ8YK42	unassigned	none	module	ryr.hmm matched only 59 profile positions (< 200) — a shared module, not a family assignment	0.0	38.1	38.1	1.0		2.1e-08	2.1e-08	0.0	0.012	0	59	0.83	147	M0813_20729	Anaeramoeba flamelloides	1746091	0	Calmodulin	protista_other
A0ABQ8YVR4	RYR	medium	partial	ryr.hmm wins by 42.1 bits (100.0% of 42.1) over 217 profile positions; no itpr.hmm hit	0.0	42.1	42.1	1.0		1.3e-09	1.3e-09	0.0	0.044	0	217	0.19	1182	M0813_17441	Anaeramoeba flamelloides	1746091	0	Ran-binding protein m	protista_other
A0ABQ8YX19	unassigned	none	module	ryr.hmm matched only 64 profile positions (< 200) — a shared module, not a family assignment	0.0	34.6	34.6	1.0		2.3e-07	2.3e-07	0.0	0.013	0	64	0.837	147	M0813_01758	Anaeramoeba flamelloides	1746091	0	Calmodulin	protista_other
A0ABQ8ZBJ1	unassigned	none	module	ryr.hmm matched only 69 profile positions (< 200) — a shared module, not a family assignment	0.0	31.6	31.6	1.0		1.8e-06	1.8e-06	0.0	0.014	0	69	0.895	143	M0813_12596	Anaeramoeba flamelloides	1746091	0	Calmodulin-related	protista_other
A0ABQ9WTH5	unassigned	none	module	ryr.hmm matched only 143 profile positions (< 200) — a shared module, not a family assignment	0.0	40.0	40.0	1.0		5.5e-09	5.5e-09	0.0	0.029	0	143	0.119	1159	BLNAU_22276	Blattamonas nauphoetae	2049346	0	ATP-dependent RNA helicase DDX1	protista_other
A0ABQ9X6Q9	ITPR	medium	partial	itpr.hmm wins by 53.3 bits (100.0% of 53.3) over 625 profile positions; no ryr.hmm hit	53.3	0.0	53.3	1.0	1e-12		1e-12	0.233	0.0	625	0	0.198	3420	BLNAU_17609	Blattamonas nauphoetae	2049346	0	Uncharacterized protein	protista_other
A0ABQ9XGF4	unassigned	none	module	ryr.hmm matched only 74 profile positions (< 200) — a shared module, not a family assignment	0.0	55.4	55.4	1.0		1.2e-13	1.2e-13	0.0	0.015	0	74	0.872	149	BLNAU_14644	Blattamonas nauphoetae	2049346	0	Calmodulin, striated muscle	protista_other
A0ABQ9XIY2	unassigned	none	module	ryr.hmm matched only 64 profile positions (< 200) — a shared module, not a family assignment	0.0	46.9	46.9	1.0		4.7e-11	4.7e-11	0.0	0.013	0	64	0.8	150	BLNAU_14815	Blattamonas nauphoetae	2049346	0	Calmodulin	protista_other
A0ABQ9XKS8	ITPR	medium	partial	itpr.hmm wins by 47.2 bits (54.6% of 86.5) over 754 profile positions	86.5	39.3	47.2	0.5457	9.6e-23	8.7e-09	9.6e-23	0.281	0.054	754	266	0.23	3610	BLNAU_13092	Blattamonas nauphoetae	2049346	0	HECT-type E3 ubiquitin transferase	protista_other
A0ABQ9XM55	ITPR	medium	partial	itpr.hmm wins by 72.0 bits (48.2% of 149.4) over 711 profile positions	149.4	77.4	72.0	0.4819	1.1e-41	3e-20	1.1e-41	0.265	0.041	711	202	0.248	3175	BLNAU_13314	Blattamonas nauphoetae	2049346	0	Inositol 1,4,5-triphosphate receptor	protista_other
A0ABQ9XQC5	unassigned	none	module	ryr.hmm matched only 59 profile positions (< 200) — a shared module, not a family assignment	0.0	44.2	44.2	1.0		3e-10	3e-10	0.0	0.012	0	59	0.784	148	BLNAU_10464	Blattamonas nauphoetae	2049346	0	Calmodulin, striated muscle	protista_other
A0ABQ9XWJ3	unassigned	none	module	ryr.hmm matched only 59 profile positions (< 200) — a shared module, not a family assignment	0.0	38.5	38.5	1.0		1.5e-08	1.5e-08	0.0	0.012	0	59	0.478	247	BLNAU_9204	Blattamonas nauphoetae	2049346	0	Calmodulin	protista_other
A0ABQ9Y4L8	ITPR	high	architecture	itpr.hmm wins by 152.2 bits (57.8% of 263.3) over 1691 profile positions	263.3	111.1	152.2	0.578	5.1e-76	2.1e-30	5.1e-76	0.63	0.069	1691	340	0.616	3301	BLNAU_6456	Blattamonas nauphoetae	2049346	0	Inositol 1,4,5-trisphosphate receptor itr-1	protista_other
A0ABQ9Y9C8	ITPR	medium	partial	itpr.hmm wins by 31.4 bits (31.2% of 100.7) over 741 profile positions	100.7	69.3	31.4	0.3118	5e-27	8.3e-18	5e-27	0.276	0.094	741	463	0.224	3702	BLNAU_4862	Blattamonas nauphoetae	2049346	0	Uncharacterized protein	protista_other
A0ABQ9YA27	ITPR	medium	partial	itpr.hmm wins by 80.0 bits (43.8% of 182.6) over 851 profile positions	182.6	102.6	80.0	0.4381	1e-51	7.6e-28	1e-51	0.317	0.076	851	375	0.446	2379	BLNAU_4444	Blattamonas nauphoetae	2049346	0	Ryanodine receptor type 1	protista_other
A0ABQ9YL63	ITPR	medium	partial	itpr.hmm wins by 56.8 bits (43.5% of 130.6) over 886 profile positions	130.6	73.8	56.8	0.4349	5.1e-36	3.6e-19	5.1e-36	0.33	0.078	886	385	0.227	4571	BLNAU_412	Blattamonas nauphoetae	2049346	0	Uncharacterized protein	protista_other
A0ABQ9YL99	ITPR	medium	partial	itpr.hmm wins by 112.6 bits (57.9% of 194.5) over 668 profile positions	194.5	81.9	112.6	0.5789	2.7e-55	1.3e-21	2.7e-55	0.249	0.043	668	212	0.2	3566	BLNAU_448	Blattamonas nauphoetae	2049346	0	Inositol 1,4,5-trisphosphate receptor itr-1	protista_other
A0ABR1FHN7	unassigned	none	module	ryr.hmm matched only 123 profile positions (< 200) — a shared module, not a family assignment	0.0	57.2	57.2	1.0		3.6e-14	3.6e-14	0.0	0.025	0	123	0.573	232	SO694_00077019	Aureococcus anophagefferens	44056	0	B30.2/SPRY domain-containing protein	protista_other
A0ABR1FLJ2	unassigned	none	module	ryr.hmm matched only 133 profile positions (< 200) — a shared module, not a family assignment	0.0	57.0	57.0	1.0		4.2e-14	4.2e-14	0.0	0.027	0	133	0.466	283	SO694_00039115	Aureococcus anophagefferens	44056	0	B30.2/SPRY domain-containing protein	protista_other
A0ABR1FLQ7	unassigned	none	module	ryr.hmm matched only 163 profile positions (< 200) — a shared module, not a family assignment	0.0	63.6	63.6	1.0		4.2e-16	4.2e-16	0.0	0.033	0	163	0.371	410	SO694_00039214	Aureococcus anophagefferens	44056	0	B30.2/SPRY domain-containing protein	protista_other
A0ABR1FN83	ITPR	high	architecture	itpr.hmm wins by 696.6 bits (79.1% of 880.9) over 1965 profile positions	880.9	184.3	696.6	0.7908	3.5e-262	1.8e-52	3.5e-262	0.732	0.182	1965	897	0.67	3165	SO694_00102021	Aureococcus anophagefferens	44056	0	Uncharacterized protein	protista_other
A0ABR1FND5	unassigned	none	module	ryr.hmm matched only 128 profile positions (< 200) — a shared module, not a family assignment	0.0	82.0	82.0	1.0		1.2e-21	1.2e-21	0.0	0.026	0	128	0.355	363	SO694_00146032	Aureococcus anophagefferens	44056	0	RING-type domain-containing protein	protista_other
A0ABR1FU72	unassigned	none	module	ryr.hmm matched only 153 profile positions (< 200) — a shared module, not a family assignment	0.0	50.5	50.5	1.0		3.6e-12	3.6e-12	0.0	0.031	0	153	0.431	348	SO694_0002609	Aureococcus anophagefferens	44056	0	B30.2/SPRY domain-containing protein	protista_other
A0ABR1FUG1	unassigned	none	module	ryr.hmm matched only 59 profile positions (< 200) — a shared module, not a family assignment	0.0	34.5	34.5	1.0		2.5e-07	2.5e-07	0.0	0.012	0	59	0.2	862	SO694_00020357	Aureococcus anophagefferens	44056	0	Calcium-binding protein	protista_other
A0ABR1FV28	unassigned	none	module	ryr.hmm matched only 69 profile positions (< 200) — a shared module, not a family assignment	0.0	35.8	35.8	1.0		1e-07	1e-07	0.0	0.014	0	69	0.196	1929	SO694_00027156	Aureococcus anophagefferens	44056	0	EF-hand domain-containing protein	protista_other
A0ABR1FVQ3	ITPR	medium	partial	itpr.hmm wins by 100.5 bits (63.3% of 158.7) over 440 profile positions	158.7	58.2	100.5	0.6333	1.7e-44	1.8e-14	1.7e-44	0.164	0.074	440	365	0.192	2252	RYR1	Aureococcus anophagefferens	44056	0	Inositol 1,4,5-trisphosphate-sensitive calcium-release channel	protista_other
A0ABR1FXY8	unassigned	none	module	ryr.hmm matched only 128 profile positions (< 200) — a shared module, not a family assignment	0.0	82.6	82.6	1.0		7.7e-22	7.7e-22	0.0	0.026	0	128	0.221	587	SO694_00053294	Aureococcus anophagefferens	44056	0	B30.2/SPRY domain-containing protein	protista_other
A0ABR1FY06	ITPR	medium	partial	itpr.hmm wins by 73.8 bits (51.7% of 142.8) over 368 profile positions	142.8	69.0	73.8	0.5168	1.1e-39	9.8e-18	1.1e-39	0.137	0.025	368	123	0.195	2021	RYR1	Aureococcus anophagefferens	44056	0	Inositol 1,4,5-trisphosphate-sensitive calcium-release channel	protista_other
A0ABR1FZL6	unassigned	none	module	ryr.hmm matched only 84 profile positions (< 200) — a shared module, not a family assignment	0.0	38.0	38.0	1.0		2.2e-08	2.2e-08	0.0	0.017	0	84	0.652	227	SO694_00070192	Aureococcus anophagefferens	44056	0	EF-hand domain-containing protein	protista_other
A0ABR1FZP4	ITPR	medium	partial	itpr.hmm wins by 54.0 bits (46.4% of 116.5) over 349 profile positions	116.5	62.5	54.0	0.4635	8.7e-32	8.9e-16	8.7e-32	0.13	0.046	349	227	0.469	752	RYR1	Aureococcus anophagefferens	44056	0	Ryanodine receptor	protista_other
A0ABR1G1K4	unassigned	none	module	ryr.hmm matched only 123 profile positions (< 200) — a shared module, not a family assignment	0.0	78.9	78.9	1.0		1e-20	1e-20	0.0	0.025	0	123	0.434	286	SO694_000134100	Aureococcus anophagefferens	44056	0	B30.2/SPRY domain-containing protein	protista_other
A0ABR1G3P1	unassigned	none	module	ryr.hmm matched only 54 profile positions (< 200) — a shared module, not a family assignment	0.0	39.9	39.9	1.0		5.8e-09	5.8e-09	0.0	0.011	0	54	0.165	1359	SO694_00015492	Aureococcus anophagefferens	44056	0	EF-hand domain-containing protein	protista_other
A0ABR1G3T0	ITPR	high	architecture	itpr.hmm wins by 659.9 bits (75.5% of 874.4) over 2220 profile positions	874.4	214.5	659.9	0.7547	3.1e-260	1.4e-61	3.1e-260	0.827	0.171	2220	843	0.75	3171	SO694_00086026	Aureococcus anophagefferens	44056	0	Uncharacterized protein	protista_other
A0ABR1G5C5	unassigned	none	module	ryr.hmm matched only 108 profile positions (< 200) — a shared module, not a family assignment	0.0	72.3	72.3	1.0		9.9e-19	9.9e-19	0.0	0.022	0	108	0.15	1070	SO694_0022202	Aureococcus anophagefferens	44056	0	B30.2/SPRY domain-containing protein	protista_other
A0ABR1G5K9	unassigned	none	module	ryr.hmm matched only 64 profile positions (< 200) — a shared module, not a family assignment	0.0	33.4	33.4	1.0		5.4e-07	5.4e-07	0.0	0.013	0	64	0.408	174	SO694_00129020	Aureococcus anophagefferens	44056	0	Calmodulin	protista_other
A0ABR1G5W9	ITPR	medium	partial	itpr.hmm wins by 78.0 bits (100.0% of 78.0) over 910 profile positions; no ryr.hmm hit	78.0	0.0	78.0	1.0	3.6e-20		3.6e-20	0.339	0.0	910	0	0.158	3150	cbhC	Aureococcus anophagefferens	44056	0	Cellulose 1,4-beta-cellobiosidase	protista_other
A0ABR1G801	ITPR	medium	partial	itpr.hmm wins by 139.2 bits (100.0% of 139.2) over 1041 profile positions; no ryr.hmm hit	139.2	0.0	139.2	1.0	1.3e-38		1.3e-38	0.388	0.0	1041	0	0.374	3450	SO694_00048111	Aureococcus anophagefferens	44056	0	Inositol 1,4,5-trisphosphate/ryanodine receptor domain-containing protein	protista_other
A0ABR1GA19	unassigned	none	module	ryr.hmm matched only 84 profile positions (< 200) — a shared module, not a family assignment	0.0	44.9	44.9	1.0		1.8e-10	1.8e-10	0.0	0.017	0	84	0.118	696	DDX1	Aureococcus anophagefferens	44056	0	ATP-dependent RNA helicase DDX1	protista_other
A0ABR1GB69	unassigned	none	module	ryr.hmm matched only 59 profile positions (< 200) — a shared module, not a family assignment	0.0	70.4	70.4	1.0		3.7e-18	3.7e-18	0.0	0.012	0	59	0.137	2906	SO694_00007552	Aureococcus anophagefferens	44056	0	Calmodulin	protista_other
A0ABR2J0D6	unassigned	none	module	ryr.hmm matched only 54 profile positions (< 200) — a shared module, not a family assignment	0.0	35.8	35.8	1.0		1e-07	1e-07	0.0	0.011	0	54	0.752	149	M9Y10_008914	Tritrichomonas musculus	1915356	0	EF-hand domain-containing protein	protista_other
A0ABR2JRV1	unassigned	none	module	ryr.hmm matched only 59 profile positions (< 200) — a shared module, not a family assignment	0.0	30.3	30.3	1.0		4.6e-06	4.6e-06	0.0	0.012	0	59	0.707	167	M9Y10_004286	Tritrichomonas musculus	1915356	0	EF-hand domain-containing protein	protista_other
A0ABR2JW89	unassigned	none	module	ryr.hmm matched only 59 profile positions (< 200) — a shared module, not a family assignment	0.0	47.1	47.1	1.0		3.9e-11	3.9e-11	0.0	0.012	0	59	0.757	152	M9Y10_045736	Tritrichomonas musculus	1915356	0	Calmodulin-like 3	protista_other
A0ABR2JWA2	unassigned	none	module	ryr.hmm matched only 54 profile positions (< 200) — a shared module, not a family assignment	0.0	51.7	51.7	1.0		1.7e-12	1.7e-12	0.0	0.011	0	54	0.755	151	M9Y10_043734	Tritrichomonas musculus	1915356	0	EF-hand domain-containing protein	protista_other
A0ABR2K2I4	unassigned	none	module	ryr.hmm matched only 59 profile positions (< 200) — a shared module, not a family assignment	0.0	30.2	30.2	1.0		5e-06	5e-06	0.0	0.012	0	59	0.711	166	M9Y10_043821	Tritrichomonas musculus	1915356	0	Centrin-1	protista_other
A0ABR2K8Y3	unassigned	none	module	ryr.hmm matched only 54 profile positions (< 200) — a shared module, not a family assignment	0.0	37.3	37.3	1.0		3.6e-08	3.6e-08	0.0	0.011	0	54	0.752	149	M9Y10_038626	Tritrichomonas musculus	1915356	0	EF-hand domain-containing protein	protista_other
A0ABR2KCX4	unassigned	none	module	ryr.hmm matched only 59 profile positions (< 200) — a shared module, not a family assignment	0.0	37.8	37.8	1.0		2.6e-08	2.6e-08	0.0	0.012	0	59	0.781	146	M9Y10_033725	Tritrichomonas musculus	1915356	0	Calmodulin-like 3	protista_other
A0ABR2KCY8	unassigned	none	module	ryr.hmm matched only 59 profile positions (< 200) — a shared module, not a family assignment	0.0	30.1	30.1	1.0		5.1e-06	5.1e-06	0.0	0.012	0	59	0.707	167	M9Y10_033741	Tritrichomonas musculus	1915356	0	Centrin-1	protista_other
A0ABR2KQE3	unassigned	none	module	ryr.hmm matched only 59 profile positions (< 200) — a shared module, not a family assignment	0.0	30.1	30.1	1.0		5.1e-06	5.1e-06	0.0	0.012	0	59	0.707	167	M9Y10_021678	Tritrichomonas musculus	1915356	0	Centrin-1	protista_other
A0ABR2KU81	unassigned	none	module	ryr.hmm matched only 59 profile positions (< 200) — a shared module, not a family assignment	0.0	54.0	54.0	1.0		3.3e-13	3.3e-13	0.0	0.012	0	59	0.76	154	M9Y10_023017	Tritrichomonas musculus	1915356	0	EF-hand domain-containing protein	protista_other
A0ABR2L8Z9	unassigned	none	module	ryr.hmm matched only 54 profile positions (< 200) — a shared module, not a family assignment	0.0	36.2	36.2	1.0		7.4e-08	7.4e-08	0.0	0.011	0	54	0.752	149	M9Y10_002156	Tritrichomonas musculus	1915356	0	EF-hand domain-containing protein	protista_other
A0ABR2LAF7	unassigned	none	module	ryr.hmm matched only 54 profile positions (< 200) — a shared module, not a family assignment	0.0	35.0	35.0	1.0		1.7e-07	1.7e-07	0.0	0.011	0	54	0.753	150	M9Y10_002667	Tritrichomonas musculus	1915356	0	Calmodulin	protista_other
A0ABR3DW40	unassigned	none	module	ryr.hmm matched only 163 profile positions (< 200) — a shared module, not a family assignment	0.0	101.5	101.5	1.0		1.6e-27	1.6e-27	0.0	0.033	0	163	0.063	4169	Q4I29_008353	Leishmania shawi	5680	0	Concanavalin A-like lectin/glucanases superfamily/SPRY domain	protista_other
A0ABR3DZU5	unassigned	none	module	ryr.hmm matched only 123 profile positions (< 200) — a shared module, not a family assignment	0.0	35.4	35.4	1.0		1.3e-07	1.3e-07	0.0	0.025	0	123	0.051	4087	Q4I29_006817	Leishmania shawi	5680	0	SPRY domain/HECT-domain (Ubiquitin-transferase)	protista_other
A0ABR3EC64	RYR	medium	partial	ryr.hmm wins by 68.8 bits (100.0% of 68.8) over 251 profile positions; no itpr.hmm hit	0.0	68.8	68.8	1.0		1.1e-17	1.1e-17	0.0	0.051	0	251	0.055	5596	Q4I29_001992	Leishmania shawi	5680	0	SPRY domain/HECT-domain (Ubiquitin-transferase)	protista_other
A0ABR3EDF1	unassigned	none	module	ryr.hmm matched only 54 profile positions (< 200) — a shared module, not a family assignment	0.0	33.6	33.6	1.0		4.7e-07	4.7e-07	0.0	0.011	0	54	0.582	98	Q4I29_001459	Leishmania shawi	5680	0	EF hand/EF-hand domain pair/Ca2+ insensitive EF hand	protista_other
A0ABR3EDG3	unassigned	none	module	ryr.hmm matched only 59 profile positions (< 200) — a shared module, not a family assignment	0.0	30.7	30.7	1.0		3.4e-06	3.4e-06	0.0	0.012	0	59	0.785	130	Q4I29_001460	Leishmania shawi	5680	0	EF hand/EF-hand domain/EF-hand domain pair (Fragment)	protista_other
A0ABR3EGA9	unassigned	none	module	ryr.hmm matched only 59 profile positions (< 200) — a shared module, not a family assignment	0.0	53.5	53.5	1.0		4.5e-13	4.5e-13	0.0	0.012	0	59	0.768	151	Q4I29_000107	Leishmania shawi	5680	0	Calmodulin (Fragment)	protista_other
A0ABR3EGC5	unassigned	none	module	ryr.hmm matched only 59 profile positions (< 200) — a shared module, not a family assignment	0.0	53.0	53.0	1.0		6.7e-13	6.7e-13	0.0	0.012	0	59	0.799	144	Q4I29_000106	Leishmania shawi	5680	0	Calmodulin (Fragment)	protista_other
A0ABV2ARQ4	unassigned	none	module	ryr.hmm matched only 59 profile positions (< 200) — a shared module, not a family assignment	0.0	54.6	54.6	1.0		2.1e-13	2.1e-13	0.0	0.012	0	59	0.773	150	CALML3	Bonamia ostreae	126728	0	Calmodulin-like 3	protista_other
A0ABV2AUI4	unassigned	none	module	ryr.hmm matched only 54 profile positions (< 200) — a shared module, not a family assignment	0.0	34.3	34.3	1.0		2.9e-07	2.9e-07	0.0	0.011	0	54	0.354	158	MHBO_004888	Bonamia ostreae	126728	0	B30.2/SPRY domain-containing protein (Fragment)	protista_other
A0ACB9Y2N8	unassigned	none	module	ryr.hmm matched only 64 profile positions (< 200) — a shared module, not a family assignment	0.0	58.6	58.6	1.0		1.3e-14	1.3e-14	0.0	0.013	0	64	0.846	149	MKS88_004898	Plasmodium brasilianum	5824	0	Calmodulin	protista_other
A0ACB9Y5F3	unassigned	none	module	ryr.hmm matched only 94 profile positions (< 200) — a shared module, not a family assignment	0.0	43.5	43.5	1.0		4.6e-10	4.6e-10	0.0	0.019	0	94	0.292	568	MKS88_004201	Plasmodium brasilianum	5824	0	non-specific serine/threonine protein kinase	protista_other
A0ACC0VFG6	unassigned	none	module	ryr.hmm matched only 59 profile positions (< 200) — a shared module, not a family assignment	0.0	61.3	61.3	1.0		2.1e-15	2.1e-15	0.0	0.012	0	59	0.203	910	PsorP6_014155	Peronosclerospora sorghi	230839	0	Serine/threonine-protein phosphatase	protista_other
A0ACC0VGN1	unassigned	none	module	ryr.hmm matched only 64 profile positions (< 200) — a shared module, not a family assignment	0.0	56.5	56.5	1.0		5.9e-14	5.9e-14	0.0	0.013	0	64	0.338	560	PsorP6_014128	Peronosclerospora sorghi	230839	0	EF-hand domain-containing protein	protista_other
A0ACC0VKE1	RYR	medium	partial	ryr.hmm wins by 109.0 bits (100.0% of 109.0) over 217 profile positions; no itpr.hmm hit	0.0	109.0	109.0	1.0		8.8e-30	8.8e-30	0.0	0.044	0	217	0.045	6635	PsorP6_004192	Peronosclerospora sorghi	230839	0	Uncharacterized protein	protista_other
A0ACC0VQ07	unassigned	none	module	ryr.hmm matched only 148 profile positions (< 200) — a shared module, not a family assignment	0.0	89.1	89.1	1.0		8.6e-24	8.6e-24	0.0	0.03	0	148	0.26	577	PsorP6_003697	Peronosclerospora sorghi	230839	0	Uncharacterized protein	protista_other
A0ACC0W735	unassigned	none	module	ryr.hmm matched only 108 profile positions (< 200) — a shared module, not a family assignment	0.0	182.3	182.3	1.0		7.2e-52	7.2e-52	0.0	0.022	0	108	0.145	1382	PsorP6_008375	Peronosclerospora sorghi	230839	0	Uncharacterized protein	protista_other
A0ACC0WEJ5	unassigned	none	module	ryr.hmm matched only 74 profile positions (< 200) — a shared module, not a family assignment	0.0	54.7	54.7	1.0		2e-13	2e-13	0.0	0.015	0	74	0.516	252	PsorP6_017160	Peronosclerospora sorghi	230839	0	Calmodulin	protista_other
A0ACC3BR62	unassigned	none	module	ryr.hmm matched only 54 profile positions (< 200) — a shared module, not a family assignment	0.0	44.7	44.7	1.0		2e-10	2e-10	0.0	0.011	0	54	0.755	151	I4F81_002976	Pyropia yezoensis	2788	0	EF-hand domain-containing protein	protista_other
A0ACC3BWJ5	unassigned	none	module	ryr.hmm matched only 59 profile positions (< 200) — a shared module, not a family assignment	0.0	42.6	42.6	1.0		9.2e-10	9.2e-10	0.0	0.012	0	59	0.78	150	I4F81_004988	Pyropia yezoensis	2788	0	EF-hand domain-containing protein	protista_other
A0ACF7TXY6	unassigned	none	module	ryr.hmm matched only 64 profile positions (< 200) — a shared module, not a family assignment	0.0	37.6	37.6	1.0		2.8e-08	2.8e-08	0.0	0.013	0	64	0.421	285	ABPG74_004438	Tetrahymena malaccensis	5901	0	Uncharacterized protein	protista_other
A0ACF7TYV6	ITPR	high	architecture	itpr.hmm wins by 277.2 bits (100.0% of 277.2) over 1975 profile positions; no ryr.hmm hit	277.2	0.0	277.2	1.0	3.2e-80		3.2e-80	0.736	0.0	1975	0	0.506	3953	ABPG74_012931	Tetrahymena malaccensis	5901	0	Uncharacterized protein	protista_other
A0ACF7U043	ITPR	high	architecture	itpr.hmm wins by 252.1 bits (63.1% of 399.2) over 2464 profile positions	399.2	147.1	252.1	0.6315	5.2e-117	3e-41	5.2e-117	0.918	0.368	2464	1814	0.982	3334	ABPG74_012977	Tetrahymena malaccensis	5901	0	Uncharacterized protein (Fragment)	protista_other
A0ACF7U087	ITPR	medium	partial	itpr.hmm wins by 133.7 bits (54.1% of 247.0) over 620 profile positions	247.0	113.3	133.7	0.5413	4.2e-71	4.5e-31	4.2e-71	0.231	0.053	620	261	0.31	2146	ABPG74_011490	Tetrahymena malaccensis	5901	0	Uncharacterized protein	protista_other
A0ACF7U6J7	ITPR	high	architecture	itpr.hmm wins by 334.0 bits (63.5% of 525.6) over 1535 profile positions	525.6	191.6	334.0	0.6355	4.2e-155	1.2e-54	4.2e-155	0.572	0.139	1535	685	0.576	3060	ABPG74_005399	Tetrahymena malaccensis	5901	0	Uncharacterized protein	protista_other
A0ACF7UA24	ITPR	high	architecture	itpr.hmm wins by 291.6 bits (56.8% of 513.3) over 2464 profile positions	513.3	221.7	291.6	0.5681	2.1e-151	1e-63	2.1e-151	0.918	0.123	2464	606	0.967	3045	ABPG74_005400	Tetrahymena malaccensis	5901	0	Uncharacterized protein	protista_other
A0ACF7UHF0	ITPR	high	architecture	itpr.hmm wins by 218.6 bits (68.8% of 317.5) over 2413 profile positions	317.5	98.9	218.6	0.6885	2.2e-92	1e-26	2.2e-92	0.899	0.092	2413	454	0.818	3385	ABPG74_017741	Tetrahymena malaccensis	5901	0	Uncharacterized protein	protista_other
A0ACF7UHJ6	ITPR	high	architecture	itpr.hmm wins by 310.5 bits (100.0% of 310.5) over 2201 profile positions; no ryr.hmm hit	310.5	0.0	310.5	1.0	2.9e-90		2.9e-90	0.82	0.0	2201	0	0.771	3345	ABPG74_017740	Tetrahymena malaccensis	5901	0	Uncharacterized protein	protista_other
A0ACF7UJ32	unassigned	none	module	ryr.hmm matched only 64 profile positions (< 200) — a shared module, not a family assignment	0.0	34.7	34.7	1.0		2.2e-07	2.2e-07	0.0	0.013	0	64	0.254	477	ABPG74_022256	Tetrahymena malaccensis	5901	0	Uncharacterized protein	protista_other
A0ACF7UMV5	unassigned	none	module	ryr.hmm matched only 64 profile positions (< 200) — a shared module, not a family assignment	0.0	37.4	37.4	1.0		3.3e-08	3.3e-08	0.0	0.013	0	64	0.306	581	ABPG74_017890	Tetrahymena malaccensis	5901	0	Uncharacterized protein	protista_other
A0ACF7UN93	ITPR	high	architecture	itpr.hmm wins by 190.8 bits (100.0% of 190.8) over 1726 profile positions; no ryr.hmm hit	190.8	0.0	190.8	1.0	3.5e-54		3.5e-54	0.643	0.0	1726	0	0.542	3492	ABPG74_001038	Tetrahymena malaccensis	5901	0	Uncharacterized protein	protista_other
A0ACF7UNK4	ITPR	high	architecture	itpr.hmm wins by 508.1 bits (66.1% of 768.8) over 2504 profile positions	768.8	260.7	508.1	0.6609	2.1e-228	1.7e-75	2.1e-228	0.933	0.219	2504	1080	0.972	3163	ABPG74_016865	Tetrahymena malaccensis	5901	0	Uncharacterized protein	protista_other
A0ACF7UP55	ITPR	high	architecture	itpr.hmm wins by 511.4 bits (75.6% of 676.4) over 2542 profile positions	676.4	165.0	511.4	0.7561	1.5e-200	1.2e-46	1.5e-200	0.947	0.199	2542	981	0.893	3492	ABPG74_009439	Tetrahymena malaccensis	5901	0	Uncharacterized protein	protista_other
A0ACF7UPQ8	ITPR	high	architecture	itpr.hmm wins by 483.4 bits (69.8% of 692.6) over 2300 profile positions	692.6	209.2	483.4	0.6979	2e-205	5.7e-60	2e-205	0.857	0.169	2300	833	0.805	3569	ABPG74_013422	Tetrahymena malaccensis	5901	0	Uncharacterized protein	protista_other
A0ACF7UVP7	ITPR	high	architecture	itpr.hmm wins by 726.5 bits (76.0% of 956.1) over 2601 profile positions	956.1	229.6	726.5	0.7599	7.4e-285	4.2e-66	7.4e-285	0.969	0.163	2601	804	0.995	2854	ABPG74_021559	Tetrahymena malaccensis	5901	0	Uncharacterized protein	protista_other
A0ACF7UXB7	ITPR	medium	partial	itpr.hmm wins by 193.3 bits (61.8% of 312.9) over 709 profile positions	312.9	119.6	193.3	0.6178	5.6e-91	5.5e-33	5.6e-91	0.264	0.094	709	463	0.264	3525	ABPG74_006930	Tetrahymena malaccensis	5901	0	Uncharacterized protein	protista_other
A0ACF7UY09	ITPR	high	architecture	itpr.hmm wins by 253.0 bits (100.0% of 253.0) over 1965 profile positions; no ryr.hmm hit	253.0	0.0	253.0	1.0	6.2e-73		6.2e-73	0.732	0.0	1965	0	0.661	3724	ABPG74_002138	Tetrahymena malaccensis	5901	0	Uncharacterized protein	protista_other
A0ACF7V4W2	ITPR	high	architecture	itpr.hmm wins by 455.9 bits (69.2% of 658.4) over 2469 profile positions	658.4	202.5	455.9	0.6924	3.9e-195	6.1e-58	3.9e-195	0.92	0.13	2469	641	0.91	3262	ABPG74_021671	Tetrahymena malaccensis	5901	0	Uncharacterized protein	protista_other
A0ACF7V5U3	ITPR	high	architecture	itpr.hmm wins by 228.3 bits (64.3% of 355.3) over 2424 profile positions	355.3	127.0	228.3	0.6426	8.9e-104	3.3e-35	8.9e-104	0.903	0.199	2424	981	0.934	3454	ABPG74_005588	Tetrahymena malaccensis	5901	0	Uncharacterized protein	protista_other
A0ACF7V6G6	ITPR	high	architecture	itpr.hmm wins by 439.1 bits (76.1% of 577.0) over 2504 profile positions	577.0	137.9	439.1	0.761	1.4e-170	1.8e-38	1.4e-170	0.933	0.225	2504	1109	0.93	3236	ABPG74_013921	Tetrahymena malaccensis	5901	0	Uncharacterized protein	protista_other
A0ACF7VEN6	ITPR	high	architecture	itpr.hmm wins by 595.0 bits (75.4% of 788.7) over 2544 profile positions	788.7	193.7	595.0	0.7544	2.1e-234	2.7e-55	2.1e-234	0.948	0.196	2544	966	0.99	3074	ABPG74_021386	Tetrahymena malaccensis	5901	0	Uncharacterized protein	protista_other
A0ACF7VJC9	ITPR	high	architecture	itpr.hmm wins by 355.8 bits (64.8% of 549.1) over 2501 profile positions	549.1	193.3	355.8	0.648	3.5e-162	3.6e-55	3.5e-162	0.932	0.15	2501	740	0.978	3657	ABPG74_015314	Tetrahymena malaccensis	5901	0	Uncharacterized protein	protista_other
A0ACF7VRB9	ITPR	high	architecture	itpr.hmm wins by 297.4 bits (59.1% of 503.1) over 2397 profile positions	503.1	205.7	297.4	0.5911	2.6e-148	6.7e-59	2.6e-148	0.893	0.088	2397	434	0.874	3117	ABPG74_014739	Tetrahymena malaccensis	5901	0	Uncharacterized protein	protista_other
A0ACF7VY67	ITPR	high	architecture	itpr.hmm wins by 344.5 bits (69.5% of 495.5) over 2542 profile positions	495.5	151.0	344.5	0.6953	4.9e-146	2e-42	4.9e-146	0.947	0.31	2542	1528	0.967	3637	ABPG74_000006	Tetrahymena malaccensis	5901	0	Uncharacterized protein	protista_other
A0ACF7VY78	ITPR	high	architecture	itpr.hmm wins by 416.7 bits (73.0% of 570.6) over 2469 profile positions	570.6	153.9	416.7	0.7303	1.1e-168	2.6e-43	1.1e-168	0.92	0.264	2469	1302	0.971	3236	ABPG74_003530	Tetrahymena malaccensis	5901	0	Uncharacterized protein	protista_other
A0ACF7VYB3	ITPR	high	architecture	itpr.hmm wins by 422.8 bits (74.0% of 571.2) over 2437 profile positions	571.2	148.4	422.8	0.7402	7.7e-169	1.2e-41	7.7e-169	0.908	0.235	2437	1159	0.986	3101	ABPG74_018135	Tetrahymena malaccensis	5901	0	Uncharacterized protein	protista_other
A0ACF7W256	unassigned	none	module	ryr.hmm matched only 69 profile positions (< 200) — a shared module, not a family assignment	0.0	57.1	57.1	1.0		3.9e-14	3.9e-14	0.0	0.014	0	69	0.872	149	ABPG72_003275	Tetrahymena utriculariae	2486642	0	Uncharacterized protein	protista_other
A0ACF7W2C3	ITPR	high	architecture	itpr.hmm wins by 289.8 bits (64.0% of 452.5) over 2518 profile positions	452.5	162.7	289.8	0.6404	4.7e-133	5.9e-46	4.7e-133	0.938	0.197	2518	971	0.983	3396	ABPG72_009117	Tetrahymena utriculariae	2486642	0	Uncharacterized protein	protista_other
A0ACF7W2G9	unassigned	none	module	ryr.hmm matched only 69 profile positions (< 200) — a shared module, not a family assignment	0.0	56.0	56.0	1.0		8.2e-14	8.2e-14	0.0	0.014	0	69	0.714	182	ABPG74_000767	Tetrahymena malaccensis	5901	0	Uncharacterized protein	protista_other
A0ACF7W2S6	ITPR	high	architecture	itpr.hmm wins by 552.7 bits (74.7% of 739.6) over 2437 profile positions	739.6	186.9	552.7	0.7473	1.3e-219	3e-53	1.3e-219	0.908	0.254	2437	1252	0.924	3418	ABPG74_000354	Tetrahymena malaccensis	5901	0	Uncharacterized protein	protista_other
A0ACF7W468	ITPR	high	architecture	itpr.hmm wins by 254.0 bits (100.0% of 254.0) over 2088 profile positions; no ryr.hmm hit	254.0	0.0	254.0	1.0	3e-73		3e-73	0.778	0.0	2088	0	0.692	3725	ABPG72_019582	Tetrahymena utriculariae	2486642	0	Uncharacterized protein	protista_other
A0ACF7W5Z1	ITPR	medium	partial	itpr.hmm wins by 130.8 bits (54.3% of 240.7) over 620 profile positions	240.7	109.9	130.8	0.5434	3.3e-69	4.8e-30	3.3e-69	0.231	0.053	620	261	0.31	2146	ABPG72_010894	Tetrahymena utriculariae	2486642	0	Uncharacterized protein	protista_other
A0ACF7W650	ITPR	medium	partial	itpr.hmm wins by 195.6 bits (61.2% of 319.5) over 690 profile positions	319.5	123.9	195.6	0.6122	5.5e-93	2.9e-34	5.5e-93	0.257	0.094	690	463	0.209	4355	ABPG72_011749	Tetrahymena utriculariae	2486642	0	Uncharacterized protein	protista_other
A0ACF7W7V8	ITPR	high	architecture	itpr.hmm wins by 71.8 bits (37.5% of 191.5) over 1608 profile positions	191.5	119.7	71.8	0.3749	2.1e-54	5.3e-33	2.1e-54	0.599	0.139	1608	685	0.77	2505	ABPG72_016746	Tetrahymena utriculariae	2486642	0	Uncharacterized protein (Fragment)	protista_other
A0ACF7W8H0	unassigned	none	module	ryr.hmm matched only 64 profile positions (< 200) — a shared module, not a family assignment	0.0	31.0	31.0	1.0		2.8e-06	2.8e-06	0.0	0.013	0	64	0.255	471	ABPG74_004065	Tetrahymena malaccensis	5901	0	Uncharacterized protein	protista_other
A0ACF7W9S6	ITPR	high	architecture	itpr.hmm wins by 481.5 bits (72.4% of 665.5) over 2174 profile positions	665.5	184.0	481.5	0.7235	2.9e-197	2.2e-52	2.9e-197	0.81	0.169	2174	833	0.261	10324	ABPG72_001033	Tetrahymena utriculariae	2486642	0	Uncharacterized protein	protista_other
A0ACF7WAT9	ITPR	high	architecture	itpr.hmm wins by 760.1 bits (70.8% of 1073.5) over 2609 profile positions	1073.5	313.4	760.1	0.7081	0	2.3e-91	0	0.972	0.25	2609	1232	0.999	2859	ABPG74_010538	Tetrahymena malaccensis	5901	0	Uncharacterized protein	protista_other
A0ACF7WI16	unassigned	none	module	ryr.hmm matched only 64 profile positions (< 200) — a shared module, not a family assignment	0.0	31.7	31.7	1.0		1.7e-06	1.7e-06	0.0	0.013	0	64	0.255	471	ABPG72_016713	Tetrahymena utriculariae	2486642	0	Uncharacterized protein	protista_other
A0ACF7WJ37	ITPR	high	architecture	itpr.hmm wins by 551.8 bits (74.9% of 736.8) over 2437 profile positions	736.8	185.0	551.8	0.7489	9e-219	1.1e-52	9e-219	0.908	0.241	2437	1188	0.924	3422	ABPG72_011116	Tetrahymena utriculariae	2486642	0	Uncharacterized protein	protista_other
A0ACF7WJD8	ITPR	high	architecture	itpr.hmm wins by 479.6 bits (79.9% of 600.1) over 2209 profile positions	600.1	120.5	479.6	0.7992	1.5e-177	3.1e-33	1.5e-177	0.823	0.167	2209	823	0.8	3430	ABPG74_008357	Tetrahymena malaccensis	5901	0	Uncharacterized protein	protista_other
A0ACF7WKQ5	unassigned	none	module	ryr.hmm matched only 59 profile positions (< 200) — a shared module, not a family assignment	0.0	30.9	30.9	1.0		3e-06	3e-06	0.0	0.012	0	59	0.25	468	ABPG72_001082	Tetrahymena utriculariae	2486642	0	Uncharacterized protein	protista_other
A0ACF7WP30	ITPR	high	architecture	itpr.hmm wins by 263.4 bits (64.0% of 411.8) over 2523 profile positions	411.8	148.4	263.4	0.6396	8.6e-121	1.2e-41	8.6e-121	0.94	0.173	2523	853	0.974	3251	ABPG74_022642	Tetrahymena malaccensis	5901	0	Uncharacterized protein	protista_other
A0ACF7WTE0	ITPR	high	architecture	itpr.hmm wins by 315.9 bits (60.5% of 522.6) over 2496 profile positions	522.6	206.7	315.9	0.6045	3.3e-154	3.2e-59	3.3e-154	0.93	0.073	2496	360	0.984	3030	ABPG72_009219	Tetrahymena utriculariae	2486642	0	Uncharacterized protein	protista_other
A0ACF7WTE5	ITPR	high	architecture	itpr.hmm wins by 345.1 bits (64.2% of 537.8) over 2088 profile positions	537.8	192.7	345.1	0.6417	9.1e-159	5.3e-55	9.1e-159	0.778	0.139	2088	685	0.785	3029	ABPG72_009218	Tetrahymena utriculariae	2486642	0	Uncharacterized protein	protista_other
A0ACF7X2H5	ITPR	high	architecture	itpr.hmm wins by 305.1 bits (100.0% of 305.1) over 2421 profile positions; no ryr.hmm hit	305.1	0.0	305.1	1.0	1.3e-88		1.3e-88	0.902	0.0	2421	0	0.82	3384	ABPG72_001698	Tetrahymena utriculariae	2486642	0	Uncharacterized protein	protista_other
A0ACF7X2Z6	ITPR	high	architecture	itpr.hmm wins by 510.5 bits (66.5% of 767.1) over 2515 profile positions	767.1	256.6	510.5	0.6655	7e-228	3.1e-74	7e-228	0.937	0.252	2515	1242	0.974	3160	ABPG72_022252	Tetrahymena utriculariae	2486642	0	Uncharacterized protein	protista_other
A0ACF7X3G0	ITPR	high	architecture	itpr.hmm wins by 301.7 bits (100.0% of 301.7) over 2544 profile positions; no ryr.hmm hit	301.7	0.0	301.7	1.0	1.3e-87		1.3e-87	0.948	0.0	2544	0	0.879	3346	ABPG72_001697	Tetrahymena utriculariae	2486642	0	Uncharacterized protein	protista_other
A0ACF7XD53	ITPR	high	architecture	itpr.hmm wins by 482.8 bits (74.0% of 652.5) over 2552 profile positions	652.5	169.7	482.8	0.7399	2.3e-193	4.7e-48	2.3e-193	0.951	0.197	2552	971	0.898	3508	ABPG72_018427	Tetrahymena utriculariae	2486642	0	Uncharacterized protein	protista_other
A0ACF7XD85	unassigned	none	module	ryr.hmm matched only 64 profile positions (< 200) — a shared module, not a family assignment	0.0	34.7	34.7	1.0		2.2e-07	2.2e-07	0.0	0.013	0	64	0.254	477	ABPG72_003966	Tetrahymena utriculariae	2486642	0	Uncharacterized protein	protista_other
A0ACF7XEU2	unassigned	none	module	ryr.hmm matched only 64 profile positions (< 200) — a shared module, not a family assignment	0.0	37.7	37.7	1.0		2.6e-08	2.6e-08	0.0	0.013	0	64	0.306	581	ABPG72_017348	Tetrahymena utriculariae	2486642	0	Uncharacterized protein	protista_other
A0ACF7XFD0	ITPR	high	architecture	itpr.hmm wins by 174.4 bits (100.0% of 174.4) over 1876 profile positions; no ryr.hmm hit	174.4	0.0	174.4	1.0	3.2e-49		3.2e-49	0.699	0.0	1876	0	0.595	3570	ABPG72_006985	Tetrahymena utriculariae	2486642	0	Uncharacterized protein	protista_other
A0ACF7XJQ8	ITPR	high	architecture	itpr.hmm wins by 613.0 bits (75.6% of 811.3) over 2544 profile positions	811.3	198.3	613.0	0.7556	3.2e-241	1.1e-56	3.2e-241	0.948	0.172	2544	848	0.99	3053	ABPG72_008634	Tetrahymena utriculariae	2486642	0	Uncharacterized protein	protista_other
A0ACF7XM66	ITPR	high	architecture	itpr.hmm wins by 462.7 bits (68.8% of 672.3) over 2491 profile positions	672.3	209.6	462.7	0.6882	2.5e-199	4.3e-60	2.5e-199	0.928	0.119	2491	587	0.942	3244	ABPG72_007675	Tetrahymena utriculariae	2486642	0	Uncharacterized protein	protista_other
A0ACF7XN37	ITPR	high	architecture	itpr.hmm wins by 695.1 bits (73.5% of 946.0) over 2617 profile positions	946.0	250.9	695.1	0.7348	7.8e-282	1.6e-72	7.8e-282	0.975	0.246	2617	1213	0.994	2852	ABPG72_003203	Tetrahymena utriculariae	2486642	0	Uncharacterized protein	protista_other
A0ACF7XSS0	ITPR	high	architecture	itpr.hmm wins by 234.6 bits (66.2% of 354.1) over 2424 profile positions	354.1	119.5	234.6	0.6625	2.1e-103	6.2e-33	2.1e-103	0.903	0.2	2424	986	0.935	3457	ABPG72_012989	Tetrahymena utriculariae	2486642	0	Uncharacterized protein	protista_other
A0ACF7XUA4	ITPR	high	architecture	itpr.hmm wins by 346.3 bits (64.4% of 537.9) over 2518 profile positions	537.9	191.6	346.3	0.6438	8.3e-159	1.2e-54	8.3e-159	0.938	0.204	2518	1006	0.982	3665	ABPG72_019544	Tetrahymena utriculariae	2486642	0	Uncharacterized protein	protista_other
A0ACF7XUK5	ITPR	high	architecture	itpr.hmm wins by 406.3 bits (75.1% of 540.8) over 2499 profile positions	540.8	134.5	406.3	0.7513	1.1e-159	1.9e-37	1.1e-159	0.931	0.22	2499	1085	0.926	3252	ABPG72_011287	Tetrahymena utriculariae	2486642	0	Uncharacterized protein	protista_other
A0ACF7Y4C9	ITPR	high	architecture	itpr.hmm wins by 300.8 bits (67.5% of 445.8) over 2496 profile positions	445.8	145.0	300.8	0.6747	4.8e-131	1.3e-40	4.8e-131	0.93	0.159	2496	784	0.975	3263	ABPG72_022716	Tetrahymena utriculariae	2486642	0	Uncharacterized protein	protista_other
A0ACF7Y4J9	ITPR	high	architecture	itpr.hmm wins by 438.6 bits (75.1% of 583.8) over 2477 profile positions	583.8	145.2	438.6	0.7513	1.2e-172	1.1e-40	1.2e-172	0.923	0.213	2477	1050	0.984	3139	ABPG72_020932	Tetrahymena utriculariae	2486642	0	Uncharacterized protein	protista_other
A0ACF7Y7W5	ITPR	high	architecture	itpr.hmm wins by 353.4 bits (83.8% of 421.6) over 2265 profile positions	421.6	68.2	353.4	0.8382	9.7e-124	1.8e-17	9.7e-124	0.844	0.167	2265	823	0.963	3065	ABPG72_000043	Tetrahymena utriculariae	2486642	0	Uncharacterized protein (Fragment)	protista_other
A0ACF7YA30	ITPR	high	architecture	itpr.hmm wins by 352.5 bits (70.8% of 497.9) over 2542 profile positions	497.9	145.4	352.5	0.708	9.7e-147	9.4e-41	9.7e-147	0.947	0.176	2542	868	0.951	3626	ABPG72_002087	Tetrahymena utriculariae	2486642	0	Uncharacterized protein	protista_other
A0ACF7YAZ6	ITPR	high	architecture	itpr.hmm wins by 300.9 bits (59.6% of 505.3) over 2177 profile positions	505.3	204.4	300.9	0.5955	5.7e-149	1.6e-58	5.7e-149	0.811	0.078	2177	385	0.724	3115	ABPG72_003560	Tetrahymena utriculariae	2486642	0	Uncharacterized protein	protista_other
A0ACF7YDB1	ITPR	high	architecture	itpr.hmm wins by 776.0 bits (72.0% of 1078.6) over 2609 profile positions	1078.6	302.6	776.0	0.7195	0	4.3e-88	0	0.972	0.297	2609	1464	0.999	2860	ABPG72_010305	Tetrahymena utriculariae	2486642	0	Uncharacterized protein	protista_other
A0ACF7YFV8	ITPR	high	architecture	itpr.hmm wins by 455.1 bits (76.2% of 597.1) over 2247 profile positions	597.1	142.0	455.1	0.7622	1.2e-176	9.9e-40	1.2e-176	0.837	0.147	2247	725	0.797	3430	ABPG72_012532	Tetrahymena utriculariae	2486642	0	Uncharacterized protein	protista_other
A0BDK2	unassigned	none	module	ryr.hmm matched only 59 profile positions (< 200) — a shared module, not a family assignment	0.0	39.8	39.8	1.0		6.3e-09	6.3e-09	0.0	0.012	0	59	0.244	463	GSPATT00027648001	Paramecium tetraurelia	5888	0	Calcium-dependent protein kinase 1	protista_other
A0BEL1	unassigned	none	module	ryr.hmm matched only 99 profile positions (< 200) — a shared module, not a family assignment	0.0	32.6	32.6	1.0		9.2e-07	9.2e-07	0.0	0.02	0	99	0.316	364	GSPATT00028011001	Paramecium tetraurelia	5888	0	B30.2/SPRY domain-containing protein	protista_other
A0BGS6	ITPR	high	architecture	itpr.hmm wins by 367.0 bits (68.0% of 539.4) over 2595 profile positions	539.4	172.4	367.0	0.6804	3e-159	6.9e-49	3e-159	0.967	0.263	2595	1297	0.998	2598	GSPATT00028778001	Paramecium tetraurelia	5888	0	Uncharacterized protein	protista_other
A0BMM0	ITPR	high	architecture	itpr.hmm wins by 144.6 bits (100.0% of 144.6) over 2257 profile positions; no ryr.hmm hit	144.6	0.0	144.6	1.0	2.9e-40		2.9e-40	0.841	0.0	2257	0	0.881	2975	GSPATT00030423001	Paramecium tetraurelia	5888	0	Inositol 1,4,5-trisphosphate/ryanodine receptor domain-containing protein	protista_other
A0BWL4	unassigned	none	module	ryr.hmm matched only 59 profile positions (< 200) — a shared module, not a family assignment	0.0	40.0	40.0	1.0		5.4e-09	5.4e-09	0.0	0.012	0	59	0.24	470	GSPATT00032783001	Paramecium tetraurelia	5888	0	Calcium-dependent protein kinase 1	protista_other
A0BXK5	ITPR	medium	partial	itpr.hmm wins by 109.0 bits (49.7% of 219.3) over 679 profile positions	219.3	110.3	109.0	0.497	9.1e-63	3.5e-30	9.1e-63	0.253	0.047	679	232	0.578	1221	GSPATT00033125001	Paramecium tetraurelia	5888	0	Ion transport domain-containing protein	protista_other
A0BZ03	ITPR	high	architecture	itpr.hmm wins by 293.0 bits (58.4% of 501.7) over 2346 profile positions	501.7	208.7	293.0	0.584	6.8e-148	8.5e-60	6.8e-148	0.874	0.147	2346	725	0.886	3019	GSPATT00033623001	Paramecium tetraurelia	5888	0	Inositol 1,4,5-trisphosphate/ryanodine receptor domain-containing protein	protista_other
A0C2J2	ITPR	high	architecture	itpr.hmm wins by 600.6 bits (69.3% of 866.6) over 2603 profile positions	866.6	266.0	600.6	0.6931	7.1e-258	4.4e-77	7.1e-258	0.97	0.275	2603	1356	0.995	2886	GSPATT00034487001	Paramecium tetraurelia	5888	0	MIR domain-containing protein	protista_other
A0C3C4	unassigned	none	module	ryr.hmm matched only 64 profile positions (< 200) — a shared module, not a family assignment	0.0	30.8	30.8	1.0		3.2e-06	3.2e-06	0.0	0.013	0	64	0.241	498	GSPATT00034770001	Paramecium tetraurelia	5888	0	Calcium-dependent protein kinase 1	protista_other
A0C7E4	unassigned	none	module	ryr.hmm matched only 69 profile positions (< 200) — a shared module, not a family assignment	0.0	46.5	46.5	1.0		5.8e-11	5.8e-11	0.0	0.014	0	69	0.263	471	GSPATT00035841001	Paramecium tetraurelia	5888	0	Calcium-dependent protein kinase 1	protista_other
A0C8C7	ITPR	high	architecture	itpr.hmm wins by 352.1 bits (81.5% of 432.0) over 1978 profile positions	432.0	79.9	352.1	0.815	7.1e-127	5.1e-21	7.1e-127	0.737	0.077	1978	380	0.818	2583	GSPATT00036177001	Paramecium tetraurelia	5888	0	RyR/IP3R Homology associated domain-containing protein	protista_other
A0CB50	unassigned	none	module	ryr.hmm matched only 59 profile positions (< 200) — a shared module, not a family assignment	0.0	40.6	40.6	1.0		3.6e-09	3.6e-09	0.0	0.012	0	59	0.24	470	GSPATT00036800001	Paramecium tetraurelia	5888	0	Calcium-dependent protein kinase 1	protista_other
A0CDK1	ITPR	high	architecture	itpr.hmm wins by 498.5 bits (77.3% of 645.0) over 2397 profile positions	645.0	146.5	498.5	0.7729	4.4e-191	4.6e-41	4.4e-191	0.893	0.116	2397	572	0.973	2822	GSPATT00007079001	Paramecium tetraurelia	5888	0	Uncharacterized protein	protista_other
A0CGJ4	ITPR	high	architecture	itpr.hmm wins by 155.6 bits (54.5% of 285.3) over 2281 profile positions	285.3	129.7	155.6	0.5454	1.1e-82	5e-36	1.1e-82	0.85	0.081	2281	399	0.975	2773	GSPATT00007351001	Paramecium tetraurelia	5888	0	RyR/IP3R Homology associated domain-containing protein	protista_other
A0CH27	unassigned	none	module	ryr.hmm matched only 79 profile positions (< 200) — a shared module, not a family assignment	0.0	36.6	36.6	1.0		5.7e-08	5.7e-08	0.0	0.016	0	79	0.449	178	GSPATT00007534001	Paramecium tetraurelia	5888	0	B30.2/SPRY domain-containing protein	protista_other
A0CJA4	ITPR	high	architecture	itpr.hmm wins by 237.0 bits (58.2% of 407.1) over 2561 profile positions	407.1	170.1	237.0	0.5822	2.3e-119	3.4e-48	2.3e-119	0.954	0.185	2561	912	0.987	2654	GSPATT00000582001	Paramecium tetraurelia	5888	0	Uncharacterized protein	protista_other
A0CLM4	ITPR	high	architecture	itpr.hmm wins by 547.3 bits (72.9% of 751.2) over 2491 profile positions	751.2	203.9	547.3	0.7286	4.3e-223	2.3e-58	4.3e-223	0.928	0.196	2491	966	0.954	2999	GSPATT00008240001	Paramecium tetraurelia	5888	0	Uncharacterized protein	protista_other
A0CPP6	unassigned	none	module	ryr.hmm matched only 54 profile positions (< 200) — a shared module, not a family assignment	0.0	37.1	37.1	1.0		4e-08	4e-08	0.0	0.011	0	54	0.245	458	GSPATT00009155001	Paramecium tetraurelia	5888	0	Protein kinase domain containing protein	protista_other
A0CQH2	ITPR	high	architecture	itpr.hmm wins by 291.4 bits (68.4% of 426.2) over 2324 profile positions	426.2	134.8	291.4	0.6837	3.8e-125	1.5e-37	3.8e-125	0.866	0.167	2324	823	0.908	3121	GSPATT00009387001	Paramecium tetraurelia	5888	0	Uncharacterized protein	protista_other
A0CS29	ITPR	high	architecture	itpr.hmm wins by 472.3 bits (62.5% of 755.4) over 2577 profile positions	755.4	283.1	472.3	0.6252	2.3e-224	3.2e-82	2.3e-224	0.96	0.202	2577	996	0.999	2977	GSPATT00009868001	Paramecium tetraurelia	5888	0	Uncharacterized protein	protista_other
A0CW00	ITPR	high	architecture	itpr.hmm wins by 303.2 bits (62.9% of 481.9) over 2561 profile positions	481.9	178.7	303.2	0.6292	6.4e-142	9e-51	6.4e-142	0.954	0.164	2561	809	0.987	2674	GSPATT00001169001	Paramecium tetraurelia	5888	0	Uncharacterized protein	protista_other
A0CW38	unassigned	none	module	ryr.hmm matched only 64 profile positions (< 200) — a shared module, not a family assignment	0.0	32.1	32.1	1.0		1.3e-06	1.3e-06	0.0	0.013	0	64	0.247	490	GSPATT00001207001	Paramecium tetraurelia	5888	0	Calcium-dependent protein kinase 1	protista_other
A0CW86	unassigned	none	module	ryr.hmm matched only 64 profile positions (< 200) — a shared module, not a family assignment	0.0	30.2	30.2	1.0		4.7e-06	4.7e-06	0.0	0.013	0	64	0.256	472	GSPATT00001255001	Paramecium tetraurelia	5888	0	Calcium-dependent protein kinase 1	protista_other
A0CWY9	ITPR	high	architecture	itpr.hmm wins by 248.5 bits (69.3% of 358.4) over 2472 profile positions	358.4	109.9	248.5	0.6934	1e-104	4.9e-30	1e-104	0.921	0.155	2472	764	0.975	3130	GSPATT00001509001	Paramecium tetraurelia	5888	0	Uncharacterized protein	protista_other
A0CX44	ITPR	high	architecture	itpr.hmm wins by 431.8 bits (72.6% of 594.9) over 2501 profile positions	594.9	163.1	431.8	0.7258	5.5e-176	4.6e-46	5.5e-176	0.932	0.163	2501	804	0.988	3036	GSPATT00001565001	Paramecium tetraurelia	5888	0	MIR domain-containing protein	protista_other
A0CY56	ITPR	high	architecture	itpr.hmm wins by 492.5 bits (73.0% of 675.0) over 2609 profile positions	675.0	182.5	492.5	0.7296	4e-200	6.4e-52	4e-200	0.972	0.19	2609	937	0.999	3017	GSPATT00011355001	Paramecium tetraurelia	5888	0	MIR domain-containing protein	protista_other
A0CZX3	ITPR	high	architecture	itpr.hmm wins by 533.7 bits (71.9% of 742.7) over 2464 profile positions	742.7	209.0	533.7	0.7186	1.6e-220	6.9e-60	1.6e-220	0.918	0.192	2464	947	0.968	3009	GSPATT00011913001	Paramecium tetraurelia	5888	0	Uncharacterized protein	protista_other
A0D1M8	ITPR	high	architecture	itpr.hmm wins by 511.6 bits (73.4% of 697.5) over 2472 profile positions	697.5	185.9	511.6	0.7335	6.7e-207	6e-53	6.7e-207	0.921	0.23	2472	1134	0.987	2890	GSPATT00012469001	Paramecium tetraurelia	5888	0	Uncharacterized protein	protista_other
A0D2S3	ITPR	medium	partial	itpr.hmm wins by 45.3 bits (57.1% of 79.3) over 521 profile positions	79.3	34.0	45.3	0.5712	1.5e-20	3.6e-07	1.5e-20	0.194	0.047	521	232	0.931	609	GSPATT00012848001	Paramecium tetraurelia	5888	0	Uncharacterized protein	protista_other
A0D2S4	ITPR	high	architecture	itpr.hmm wins by 459.2 bits (75.2% of 610.8) over 1806 profile positions	610.8	151.6	459.2	0.7518	9e-181	1.3e-42	9e-181	0.673	0.109	1806	537	0.976	2059	GSPATT00012849001	Paramecium tetraurelia	5888	0	Uncharacterized protein	protista_other
A0D416	ITPR	high	architecture	itpr.hmm wins by 463.2 bits (76.1% of 608.8) over 2499 profile positions	608.8	145.6	463.2	0.7608	3.6e-180	8.6e-41	3.6e-180	0.931	0.142	2499	700	0.983	2832	GSPATT00013248001	Paramecium tetraurelia	5888	0	Uncharacterized protein	protista_other
A0D4X7	ITPR	high	architecture	itpr.hmm wins by 352.5 bits (72.2% of 488.1) over 2338 profile positions	488.1	135.6	352.5	0.7222	8.4e-144	8.7e-38	8.4e-144	0.871	0.169	2338	833	0.908	2707	GSPATT00013541001	Paramecium tetraurelia	5888	0	MIR domain protein	protista_other
A0D7U5	unassigned	none	module	ryr.hmm matched only 104 profile positions (< 200) — a shared module, not a family assignment	0.0	33.1	33.1	1.0		6.4e-07	6.4e-07	0.0	0.021	0	104	0.309	353	GSPATT00014079001	Paramecium tetraurelia	5888	0	B30.2/SPRY domain-containing protein	protista_other
A0DB79	unassigned	none	module	ryr.hmm matched only 59 profile positions (< 200) — a shared module, not a family assignment	0.0	32.9	32.9	1.0		7.5e-07	7.5e-07	0.0	0.012	0	59	0.422	147	GSPATT00015190001	Paramecium tetraurelia	5888	0	B30.2/SPRY domain-containing protein	protista_other
A0DBM4	ITPR	high	architecture	itpr.hmm wins by 169.5 bits (56.4% of 300.7) over 1463 profile positions	300.7	131.2	169.5	0.5637	2.7e-87	1.8e-36	2.7e-87	0.545	0.052	1463	256	0.642	2769	GSPATT00015337001	Paramecium tetraurelia	5888	0	RyR/IP3R Homology associated domain-containing protein	protista_other
A0DBN2	ITPR	high	architecture	itpr.hmm wins by 158.9 bits (57.7% of 275.2) over 2067 profile positions	275.2	116.3	158.9	0.5774	1.3e-79	5.7e-32	1.3e-79	0.77	0.077	2067	380	0.879	2774	GSPATT00015346001	Paramecium tetraurelia	5888	0	RyR/IP3R Homology associated domain-containing protein	protista_other
A0DE46	ITPR	high	architecture	itpr.hmm wins by 147.8 bits (100.0% of 147.8) over 2201 profile positions; no ryr.hmm hit	147.8	0.0	147.8	1.0	3.1e-41		3.1e-41	0.82	0.0	2201	0	0.863	2982	GSPATT00016155001	Paramecium tetraurelia	5888	0	Inositol 1,4,5-trisphosphate/ryanodine receptor domain-containing protein	protista_other
A0DEL2	ITPR	high	architecture	itpr.hmm wins by 536.5 bits (75.0% of 714.9) over 2418 profile positions	714.9	178.4	536.5	0.7505	3.8e-212	1.1e-50	3.8e-212	0.901	0.233	2418	1149	0.986	2890	GSPATT00016305001	Paramecium tetraurelia	5888	0	Uncharacterized protein	protista_other
A0DFF6	ITPR	high	architecture	itpr.hmm wins by 502.2 bits (76.6% of 655.3) over 2399 profile positions	655.3	153.1	502.2	0.7664	3.4e-194	4.5e-43	3.4e-194	0.894	0.124	2399	611	0.974	2835	GSPATT00016586001	Paramecium tetraurelia	5888	0	Uncharacterized protein	protista_other
A0DQ32	ITPR	high	architecture	itpr.hmm wins by 251.6 bits (68.3% of 368.3) over 2475 profile positions	368.3	116.7	251.6	0.6831	1.1e-107	4.3e-32	1.1e-107	0.922	0.167	2475	823	0.976	3125	GSPATT00002549001	Paramecium tetraurelia	5888	0	Uncharacterized protein	protista_other
A0DQQ9	unassigned	none	module	best profile score 29.5 < 30 bits	0.0	29.5	29.5	1.0		7.9e-06	7.9e-06	0.0	0.013	0	64	0.256	472	GSPATT00002776001	Paramecium tetraurelia	5888	0	Calcium-dependent protein kinase 1	protista_other
A0DT05	ITPR	high	architecture	itpr.hmm wins by 259.0 bits (66.5% of 389.5) over 2327 profile positions	389.5	130.5	259.0	0.665	4.4e-114	2.9e-36	4.4e-114	0.867	0.167	2327	823	0.909	3118	GSPATT00019865001	Paramecium tetraurelia	5888	0	Uncharacterized protein	protista_other
A0DVL8	unassigned	none	module	ryr.hmm matched only 59 profile positions (< 200) — a shared module, not a family assignment	0.0	31.5	31.5	1.0		2e-06	2e-06	0.0	0.012	0	59	0.243	474	GSPATT00020738001	Paramecium tetraurelia	5888	0	Calcium-dependent protein kinase 1	protista_other
A0DYJ2	unassigned	none	module	ryr.hmm matched only 64 profile positions (< 200) — a shared module, not a family assignment	0.0	32.4	32.4	1.0		1e-06	1e-06	0.0	0.013	0	64	0.254	472	GSPATT00003077001	Paramecium tetraurelia	5888	0	Calcium-dependent protein kinase 1	protista_other
A0DZS4	unassigned	none	module	ryr.hmm matched only 59 profile positions (< 200) — a shared module, not a family assignment	0.0	36.0	36.0	1.0		8.6e-08	8.6e-08	0.0	0.012	0	59	0.236	496	GSPATT00021709001	Paramecium tetraurelia	5888	0	Calcium-dependent protein kinase 1	protista_other
A0E4J9	unassigned	none	module	ryr.hmm matched only 59 profile positions (< 200) — a shared module, not a family assignment	0.0	36.2	36.2	1.0		7.4e-08	7.4e-08	0.0	0.012	0	59	0.236	496	GSPATT00023391001	Paramecium tetraurelia	5888	0	Calcium-dependent protein kinase 1	protista_other
A0E570	ITPR	high	architecture	itpr.hmm wins by 540.1 bits (69.4% of 777.8) over 2526 profile positions	777.8	237.7	540.1	0.6944	4.2e-231	1.5e-68	4.2e-231	0.941	0.314	2526	1548	0.993	2847	GSPATT00023614001	Paramecium tetraurelia	5888	0	MIR domain protein	protista_other
A0E750	ITPR	high	architecture	itpr.hmm wins by 293.5 bits (58.6% of 500.8) over 1723 profile positions	500.8	207.3	293.5	0.5861	1.3e-147	2.2e-59	1.3e-147	0.642	0.144	1723	710	0.683	2838	GSPATT00023845001	Paramecium tetraurelia	5888	0	RyR/IP3R Homology associated domain-containing protein	protista_other
A0EAQ9	ITPR	high	architecture	itpr.hmm wins by 381.6 bits (82.3% of 463.5) over 1978 profile positions	463.5	81.9	381.6	0.8233	2.3e-136	1.3e-21	2.3e-136	0.737	0.081	1978	399	0.882	2595	GSPATT00025110001	Paramecium tetraurelia	5888	0	RyR/IP3R Homology associated domain-containing protein	protista_other
A0ECH3	ITPR	high	architecture	itpr.hmm wins by 361.5 bits (59.7% of 605.8) over 2139 profile positions	605.8	244.3	361.5	0.5967	2.8e-179	1.6e-70	2.8e-179	0.797	0.117	2139	577	0.981	2519	GSPATT00003859001	Paramecium tetraurelia	5888	0	Uncharacterized protein	protista_other
A0ECH4	ITPR	medium	partial	itpr.hmm wins by 102.7 bits (100.0% of 102.7) over 252 profile positions; no ryr.hmm hit	102.7	0.0	102.7	1.0	1.2e-27		1.2e-27	0.094	0.0	252	0	0.721	427	GSPATT00003860001	Paramecium tetraurelia	5888	0	Inositol 1,4,5-trisphosphate/ryanodine receptor domain-containing protein	protista_other
A0EDH7	ITPR	high	architecture	itpr.hmm wins by 195.9 bits (60.1% of 326.2) over 2220 profile positions	326.2	130.3	195.9	0.6006	5.3e-95	3.5e-36	5.3e-95	0.827	0.161	2220	794	0.915	2691	GSPATT00004213001	Paramecium tetraurelia	5888	0	MIR domain protein	protista_other
A0EGR9	ITPR	high	architecture	itpr.hmm wins by 354.8 bits (67.0% of 529.6) over 2595 profile positions	529.6	174.8	354.8	0.6699	2.6e-156	1.3e-49	2.6e-156	0.967	0.304	2595	1499	0.998	2583	GSPATT00026834001	Paramecium tetraurelia	5888	0	Uncharacterized protein	protista_other
A0EI63	ITPR	high	architecture	itpr.hmm wins by 502.8 bits (65.2% of 770.9) over 2561 profile positions	770.9	268.1	502.8	0.6522	4.9e-229	1.1e-77	4.9e-229	0.954	0.202	2561	996	0.98	3036	GSPATT00027332001	Paramecium tetraurelia	5888	0	Uncharacterized protein	protista_other
A2DG97	unassigned	none	module	ryr.hmm matched only 59 profile positions (< 200) — a shared module, not a family assignment	0.0	33.1	33.1	1.0		6.5e-07	6.5e-07	0.0	0.012	0	59	0.738	160	TVAG_238650	Trichomonas vaginalis (strain ATCC PRA-98 / G3)	412133	0	Centrin, putative	protista_other
A2DSC4	unassigned	none	module	ryr.hmm matched only 54 profile positions (< 200) — a shared module, not a family assignment	0.0	39.2	39.2	1.0		9.4e-09	9.4e-09	0.0	0.011	0	54	0.752	149	TVAG_067080	Trichomonas vaginalis (strain ATCC PRA-98 / G3)	412133	0	Calmodulin, putative	protista_other
A2DXW5	unassigned	none	module	ryr.hmm matched only 59 profile positions (< 200) — a shared module, not a family assignment	0.0	50.0	50.0	1.0		5.4e-12	5.4e-12	0.0	0.012	0	59	0.765	153	TVAG_038070	Trichomonas vaginalis (strain ATCC PRA-98 / G3)	412133	0	Calmodulin, putative	protista_other
A2FCX5	unassigned	none	module	ryr.hmm matched only 59 profile positions (< 200) — a shared module, not a family assignment	0.0	45.5	45.5	1.0		1.2e-10	1.2e-10	0.0	0.012	0	59	0.755	155	TVAG_037680	Trichomonas vaginalis (strain ATCC PRA-98 / G3)	412133	0	EF hand family protein	protista_other
A2FU76	unassigned	none	module	best profile score 29.3 < 30 bits	0.0	29.3	29.3	1.0		9.1e-06	9.1e-06	0.0	0.012	0	59	0.785	149	TVAG_376480	Trichomonas vaginalis (strain ATCC PRA-98 / G3)	412133	0	EF hand family protein	protista_other
A2FX58	unassigned	none	module	ryr.hmm matched only 59 profile positions (< 200) — a shared module, not a family assignment	0.0	35.3	35.3	1.0		1.5e-07	1.5e-07	0.0	0.012	0	59	0.738	160	TVAG_311320	Trichomonas vaginalis (strain ATCC PRA-98 / G3)	412133	0	Centrin, putative	protista_other
A2FZT8	unassigned	none	module	ryr.hmm matched only 64 profile positions (< 200) — a shared module, not a family assignment	0.0	37.4	37.4	1.0		3.3e-08	3.3e-08	0.0	0.013	0	64	0.831	148	TVAG_444980	Trichomonas vaginalis (strain ATCC PRA-98 / G3)	412133	0	EF hand family protein	protista_other
A2G200	unassigned	none	module	ryr.hmm matched only 64 profile positions (< 200) — a shared module, not a family assignment	0.0	39.9	39.9	1.0		5.8e-09	5.8e-09	0.0	0.013	0	64	0.819	149	TVAG_300130	Trichomonas vaginalis (strain ATCC PRA-98 / G3)	412133	0	EF hand family protein	protista_other
A3FQ56	unassigned	none	module	ryr.hmm matched only 69 profile positions (< 200) — a shared module, not a family assignment	0.0	50.2	50.2	1.0		4.5e-12	4.5e-12	0.0	0.014	0	69	0.872	149	cgd2_810	Cryptosporidium parvum (strain Iowa II)	353152	0	Calmodulin	protista_other
A4H5R9	unassigned	none	module	ryr.hmm matched only 59 profile positions (< 200) — a shared module, not a family assignment	0.0	53.6	53.6	1.0		4.3e-13	4.3e-13	0.0	0.012	0	59	0.779	149	LBRM_09_0960	Leishmania braziliensis	5660	0	Calmodulin	protista_other
A4H7C8	RYR	medium	partial	ryr.hmm wins by 68.7 bits (100.0% of 68.7) over 251 profile positions; no itpr.hmm hit	0.0	68.7	68.7	1.0		1.3e-17	1.3e-17	0.0	0.051	0	251	0.055	5596	LBRM_13_1230	Leishmania braziliensis	5660	0	Uncharacterized protein	protista_other
A4HL30	unassigned	none	module	ryr.hmm matched only 123 profile positions (< 200) — a shared module, not a family assignment	0.0	35.8	35.8	1.0		9.7e-08	9.7e-08	0.0	0.025	0	123	0.051	4087	LBRM_32_4170	Leishmania braziliensis	5660	0	Uncharacterized protein	protista_other
A4HQF1	unassigned	none	module	ryr.hmm matched only 163 profile positions (< 200) — a shared module, not a family assignment	0.0	102.6	102.6	1.0		7.7e-28	7.7e-28	0.0	0.033	0	163	0.063	4169	LBRM_35_6640	Leishmania braziliensis	5660	0	Ubiquitin-protein ligase	protista_other
A4HU13	unassigned	none	module	ryr.hmm matched only 59 profile positions (< 200) — a shared module, not a family assignment	0.0	53.6	53.6	1.0		4.3e-13	4.3e-13	0.0	0.012	0	59	0.779	149	LINJ_09_0970	Leishmania infantum	5671	0	Calmodulin	protista_other
A4HVS5	RYR	medium	partial	ryr.hmm wins by 66.5 bits (100.0% of 66.5) over 261 profile positions; no itpr.hmm hit	0.0	66.5	66.5	1.0		5.6e-17	5.6e-17	0.0	0.053	0	261	0.056	5144	LINJ_13_1520	Leishmania infantum	5671	0	B30.2/SPRY domain-containing protein	protista_other
A4HWS7	ITPR	high	architecture	itpr.hmm wins by 263.9 bits (59.2% of 445.7) over 1527 profile positions	445.7	181.8	263.9	0.5921	5.2e-131	1e-51	5.2e-131	0.569	0.076	1527	375	0.57	2874	LINJ_16_0290	Leishmania infantum	5671	0	Uncharacterized protein	protista_other
A4I8L1	unassigned	none	module	ryr.hmm matched only 143 profile positions (< 200) — a shared module, not a family assignment	0.0	31.8	31.8	1.0		1.6e-06	1.6e-06	0.0	0.029	0	143	0.038	4087	LINJ_32_4080	Leishmania infantum	5671	0	Uncharacterized protein	protista_other
A4IC88	unassigned	none	module	ryr.hmm matched only 168 profile positions (< 200) — a shared module, not a family assignment	0.0	97.6	97.6	1.0		2.5e-26	2.5e-26	0.0	0.034	0	168	0.063	4164	LINJ_36_6600	Leishmania infantum	5671	0	Putative ubiquitin-protein ligase	protista_other
A4VD65	ITPR	high	architecture	itpr.hmm wins by 196.0 bits (100.0% of 196.0) over 1516 profile positions; no ryr.hmm hit	196.0	0.0	196.0	1.0	9.6e-56		9.6e-56	0.565	0.0	1516	0	0.504	3414	TTHERM_00565661	Tetrahymena thermophila (strain SB210)	312017	0	Transmembrane protein, putative	protista_other
A5K0Q8	unassigned	none	module	ryr.hmm matched only 69 profile positions (< 200) — a shared module, not a family assignment	0.0	58.4	58.4	1.0		1.6e-14	1.6e-14	0.0	0.014	0	69	0.872	149	PVX_084825	Plasmodium vivax (strain Salvador I)	126793	0	Calmodulin	protista_other
A5K822	unassigned	none	module	ryr.hmm matched only 64 profile positions (< 200) — a shared module, not a family assignment	0.0	39.5	39.5	1.0		7.6e-09	7.6e-09	0.0	0.013	0	64	0.229	563	PVX_082820	Plasmodium vivax (strain Salvador I)	126793	0	non-specific serine/threonine protein kinase	protista_other
A5K9U4	unassigned	none	module	ryr.hmm matched only 59 profile positions (< 200) — a shared module, not a family assignment	0.0	30.2	30.2	1.0		4.7e-06	4.7e-06	0.0	0.012	0	59	0.685	168	PVX_081420	Plasmodium vivax (strain Salvador I)	126793	0	Centrin, putative	protista_other
A7AN17	unassigned	none	module	ryr.hmm matched only 84 profile positions (< 200) — a shared module, not a family assignment	0.0	33.4	33.4	1.0		5.4e-07	5.4e-07	0.0	0.017	0	84	0.121	693	BBOV_III003880	Babesia bovis	5865	0	ATP-dependent RNA helicase DDX1	protista_other
A7AWR1	unassigned	none	module	ryr.hmm matched only 54 profile positions (< 200) — a shared module, not a family assignment	0.0	49.9	49.9	1.0		5.5e-12	5.5e-12	0.0	0.011	0	54	0.758	149	BBOV_I004080	Babesia bovis	5865	0	Calmodulin	protista_other
A9UP17	unassigned	none	module	ryr.hmm matched only 54 profile positions (< 200) — a shared module, not a family assignment	0.0	30.7	30.7	1.0		3.5e-06	3.5e-06	0.0	0.011	0	54	0.394	142	MONBRDRAFT_21933	Monosiga brevicollis	81824	0	EF-hand domain-containing protein	protista_other
A9US90	unassigned	none	module	best profile score 29.9 < 30 bits	0.0	29.9	29.9	1.0		5.8e-06	5.8e-06	0.0	0.011	0	54	0.681	166	MONBRDRAFT_19580	Monosiga brevicollis	81824	0	EF-hand domain-containing protein	protista_other
A9UT84	unassigned	none	module	best profile score 29.9 < 30 bits	0.0	29.9	29.9	1.0		5.8e-06	5.8e-06	0.0	0.026	0	128	0.233	558	MONBRDRAFT_31450	Monosiga brevicollis	81824	0	B30.2/SPRY domain-containing protein	protista_other
A9UV31	ITPR	high	architecture	itpr.hmm wins by 876.6 bits (71.7% of 1222.4) over 2453 profile positions	1222.4	345.8	876.6	0.7171	0	4e-101	0	0.914	0.186	2453	917	0.943	2571	MONBRDRAFT_31670	Monosiga brevicollis	81824	0	MIR domain-containing protein	protista_other
A9UVX3	unassigned	none	module	ryr.hmm matched only 123 profile positions (< 200) — a shared module, not a family assignment	0.0	45.2	45.2	1.0		1.5e-10	1.5e-10	0.0	0.025	0	123	0.061	2074	MONBRDRAFT_31870	Monosiga brevicollis	81824	0	B30.2/SPRY domain-containing protein	protista_other
A9V1H6	ITPR	high	architecture	itpr.hmm wins by 948.6 bits (74.7% of 1270.7) over 2421 profile positions	1270.7	322.1	948.6	0.7465	0	5.6e-94	0	0.902	0.245	2421	1208	0.946	2614	MONBRDRAFT_26146	Monosiga brevicollis	81824	0	MIR domain-containing protein	protista_other
A9V1H7	unassigned	none	module	ryr.hmm matched only 123 profile positions (< 200) — a shared module, not a family assignment	0.0	79.6	79.6	1.0		6.2e-21	6.2e-21	0.0	0.025	0	123	0.173	727	MONBRDRAFT_26147	Monosiga brevicollis	81824	0	RING-type domain-containing protein	protista_other
A9V4T6	ITPR	high	architecture	itpr.hmm wins by 1803.9 bits (81.7% of 2208.1) over 2496 profile positions	2208.1	404.2	1803.9	0.8169	0	1e-118	0	0.93	0.253	2496	1247	0.992	2669	MONBRDRAFT_37956	Monosiga brevicollis	81824	0	MIR domain-containing protein	protista_other
A9V8J8	unassigned	none	module	ryr.hmm matched only 64 profile positions (< 200) — a shared module, not a family assignment	0.0	56.7	56.7	1.0		5e-14	5e-14	0.0	0.013	0	64	0.826	149	MONBRDRAFT_11217	Monosiga brevicollis	81824	0	EF-hand domain-containing protein	protista_other
A9VBU8	ITPR	high	architecture	itpr.hmm wins by 344.0 bits (72.3% of 475.8) over 1817 profile positions	475.8	131.8	344.0	0.723	4.4e-140	1.2e-36	4.4e-140	0.677	0.12	1817	592	0.637	2869	MONBRDRAFT_29689	Monosiga brevicollis	81824	0	Uncharacterized protein	protista_other
A9VEI7	unassigned	none	module	ryr.hmm matched only 84 profile positions (< 200) — a shared module, not a family assignment	0.0	61.3	61.3	1.0		2e-15	2e-15	0.0	0.017	0	84	0.285	295	MONBRDRAFT_30634	Monosiga brevicollis	81824	0	B30.2/SPRY domain-containing protein (Fragment)	protista_other
B0E743	unassigned	none	module	ryr.hmm matched only 123 profile positions (< 200) — a shared module, not a family assignment	0.0	41.5	41.5	1.0		1.9e-09	1.9e-09	0.0	0.025	0	123	0.118	1034	EDI_060600	Entamoeba dispar (strain ATCC PRA-260 / SAW760)	370354	0	SPRY domain containing protein	protista_other
B5Y3G3	unassigned	none	module	ryr.hmm matched only 64 profile positions (< 200) — a shared module, not a family assignment	0.0	47.4	47.4	1.0		3.2e-11	3.2e-11	0.0	0.013	0	64	0.245	466	PHATR_21006	Phaeodactylum tricornutum (strain CCAP 1055/1)	556484	0	Uncharacterized protein (Fragment)	protista_other
B5Y4U0	unassigned	none	module	ryr.hmm matched only 59 profile positions (< 200) — a shared module, not a family assignment	0.0	37.6	37.6	1.0		2.8e-08	2.8e-08	0.0	0.012	0	59	0.833	132	CBP	Phaeodactylum tricornutum (strain CCAP 1055/1)	556484	0	Calcium binding protein (Fragment)	protista_other
B5YMJ5	unassigned	none	module	ryr.hmm matched only 54 profile positions (< 200) — a shared module, not a family assignment	0.0	46.7	46.7	1.0		5.1e-11	5.1e-11	0.0	0.011	0	54	0.732	153	THAPS_23399	Thalassiosira pseudonana	35128	0	Calmodulin	protista_other
B5YMJ6	unassigned	none	module	ryr.hmm matched only 74 profile positions (< 200) — a shared module, not a family assignment	0.0	53.5	53.5	1.0		4.6e-13	4.6e-13	0.0	0.015	0	74	0.872	149	CAM1	Thalassiosira pseudonana	35128	0	Calmodulin	protista_other
B5YN41	unassigned	none	module	ryr.hmm matched only 54 profile positions (< 200) — a shared module, not a family assignment	0.0	31.6	31.6	1.0		1.8e-06	1.8e-06	0.0	0.011	0	54	0.706	160	CEN1	Thalassiosira pseudonana	35128	0	Centrin-like protein (Fragment)	protista_other
B6ABG0	unassigned	none	module	ryr.hmm matched only 118 profile positions (< 200) — a shared module, not a family assignment	0.0	39.5	39.5	1.0		7.8e-09	7.8e-09	0.0	0.024	0	118	0.188	628	CMU_027210	Cryptosporidium muris (strain RN66)	441375	0	SPRY domain-containing protein	protista_other
B6ADX0	unassigned	none	module	ryr.hmm matched only 59 profile positions (< 200) — a shared module, not a family assignment	0.0	47.9	47.9	1.0		2.3e-11	2.3e-11	0.0	0.012	0	59	0.173	664	CMU_009030	Cryptosporidium muris (strain RN66)	441375	0	non-specific serine/threonine protein kinase	protista_other
B6AE25	unassigned	none	module	ryr.hmm matched only 69 profile positions (< 200) — a shared module, not a family assignment	0.0	49.2	49.2	1.0		8.9e-12	8.9e-12	0.0	0.014	0	69	0.872	149	CMU_009580	Cryptosporidium muris (strain RN66)	441375	0	Calmodulin	protista_other
B7FVB2	unassigned	none	module	ryr.hmm matched only 118 profile positions (< 200) — a shared module, not a family assignment	0.0	68.7	68.7	1.0		1.2e-17	1.2e-17	0.0	0.024	0	118	0.198	592	PHATRDRAFT_45020	Phaeodactylum tricornutum (strain CCAP 1055/1)	556484	0	B30.2/SPRY domain-containing protein	protista_other
B7G029	unassigned	none	module	ryr.hmm matched only 64 profile positions (< 200) — a shared module, not a family assignment	0.0	44.7	44.7	1.0		2e-10	2e-10	0.0	0.013	0	64	0.286	402	CDPK1	Phaeodactylum tricornutum (strain CCAP 1055/1)	556484	0	Calcium dependent protein kinase (Fragment)	protista_other
B7GD06	unassigned	none	module	ryr.hmm matched only 54 profile positions (< 200) — a shared module, not a family assignment	0.0	47.8	47.8	1.0		2.4e-11	2.4e-11	0.0	0.011	0	54	0.734	154	CaM2	Phaeodactylum tricornutum (strain CCAP 1055/1)	556484	0	Calmodulin	protista_other
B7GD08	unassigned	none	module	ryr.hmm matched only 74 profile positions (< 200) — a shared module, not a family assignment	0.0	52.4	52.4	1.0		9.6e-13	9.6e-13	0.0	0.015	0	74	0.872	149	CaM1	Phaeodactylum tricornutum (strain CCAP 1055/1)	556484	0	Calmodulin	protista_other
B8C723	unassigned	none	module	ryr.hmm matched only 123 profile positions (< 200) — a shared module, not a family assignment	0.0	37.4	37.4	1.0		3.2e-08	3.2e-08	0.0	0.025	0	123	0.225	649	THAPSDRAFT_7627	Thalassiosira pseudonana	35128	0	SPRY domain-containing protein	protista_other
B9PR42	unassigned	none	module	ryr.hmm matched only 69 profile positions (< 200) — a shared module, not a family assignment	0.0	57.6	57.6	1.0		2.7e-14	2.7e-14	0.0	0.014	0	69	0.872	149	TGVEG_249240	Toxoplasma gondii (strain ATCC 50861 / VEG)	432359	0	Calmodulin	protista_other
C4M6N2	unassigned	none	module	ryr.hmm matched only 123 profile positions (< 200) — a shared module, not a family assignment	0.0	40.9	40.9	1.0		2.9e-09	2.9e-09	0.0	0.025	0	123	0.118	1034	EHI_161890	Entamoeba histolytica (strain ATCC 30459 / HM-1:IMSS / ABRM)	294381	0	SPRY domain protein	protista_other
C5KAT4	unassigned	none	module	ryr.hmm matched only 59 profile positions (< 200) — a shared module, not a family assignment	0.0	31.8	31.8	1.0		1.6e-06	1.6e-06	0.0	0.012	0	59	0.252	464	Pmar_PMAR005165	Perkinsus marinus (strain ATCC 50983 / TXsc)	423536	0	Calcium-dependent protein kinase 1	protista_other
C5KDU9	unassigned	none	module	ryr.hmm matched only 69 profile positions (< 200) — a shared module, not a family assignment	0.0	57.3	57.3	1.0		3.3e-14	3.3e-14	0.0	0.014	0	69	0.872	149	Pmar_PMAR006570	Perkinsus marinus (strain ATCC 50983 / TXsc)	423536	0	Calmodulin	protista_other
C5KM11	unassigned	none	module	ryr.hmm matched only 59 profile positions (< 200) — a shared module, not a family assignment	0.0	34.0	34.0	1.0		3.5e-07	3.5e-07	0.0	0.012	0	59	0.251	466	Pmar_PMAR024413	Perkinsus marinus (strain ATCC 50983 / TXsc)	423536	0	Calcium-dependent protein kinase 1	protista_other
C5L3Z6	unassigned	none	module	ryr.hmm matched only 79 profile positions (< 200) — a shared module, not a family assignment	0.0	31.6	31.6	1.0		1.8e-06	1.8e-06	0.0	0.016	0	79	0.282	273	Pmar_PMAR017784	Perkinsus marinus (strain ATCC 50983 / TXsc)	423536	0	B30.2/SPRY domain-containing protein	protista_other
C5LD00	unassigned	none	module	ryr.hmm matched only 138 profile positions (< 200) — a shared module, not a family assignment	0.0	31.2	31.2	1.0		2.4e-06	2.4e-06	0.0	0.028	0	138	0.469	320	Pmar_PMAR029508	Perkinsus marinus (strain ATCC 50983 / TXsc)	423536	0	Trithorax protein ash2, putative	protista_other
C5LDS5	unassigned	none	module	ryr.hmm matched only 54 profile positions (< 200) — a shared module, not a family assignment	0.0	31.9	31.9	1.0		1.5e-06	1.5e-06	0.0	0.011	0	54	0.243	469	Pmar_PMAR026523	Perkinsus marinus (strain ATCC 50983 / TXsc)	423536	0	Calcium-dependent protein kinase 1	protista_other
C5LQI5	ITPR	medium	partial	itpr.hmm wins by 85.5 bits (38.7% of 220.7) over 440 profile positions	220.7	135.2	85.5	0.3874	3.4e-63	1.1e-37	3.4e-63	0.164	0.062	440	306	0.906	583	Pmar_PMAR025129	Perkinsus marinus (strain ATCC 50983 / TXsc)	423536	0	Inositol 1,4,5-trisphosphate receptor, putative	protista_other
D0MQE0	unassigned	none	module	ryr.hmm matched only 118 profile positions (< 200) — a shared module, not a family assignment	0.0	181.6	181.6	1.0		1.2e-51	1.2e-51	0.0	0.024	0	118	0.147	1420	PITG_00274	Phytophthora infestans (strain T30-4)	403677	0	Ryanodine-inositol 1,4,5-triphosphate receptor Ca2 channel (RIR-CaC) family protein	protista_other
D0MR11	unassigned	none	module	ryr.hmm matched only 59 profile positions (< 200) — a shared module, not a family assignment	0.0	45.4	45.4	1.0		1.3e-10	1.3e-10	0.0	0.012	0	59	0.233	510	PITG_00525	Phytophthora infestans (strain T30-4)	403677	0	Protein kinase, putative	protista_other
D0MRA9	RYR	medium	partial	ryr.hmm wins by 174.9 bits (100.0% of 174.9) over 212 profile positions; no itpr.hmm hit	0.0	174.9	174.9	1.0		1.2e-49	1.2e-49	0.0	0.043	0	212	0.165	1293	PITG_00635	Phytophthora infestans (strain T30-4)	403677	0	Ryanodine-inositol 1,4,5-triphosphate receptor Ca2 channel (RIR-CaC) family protein	protista_other
D0MSD5	ITPR	high	architecture	itpr.hmm wins by 1093.6 bits (80.6% of 1356.6) over 1927 profile positions	1356.6	263.0	1093.6	0.8061	0	3.7e-76	0	0.718	0.135	1927	666	0.898	2916	PITG_01069	Phytophthora infestans (strain T30-4)	403677	0	Ryanodine-inositol 1,4,5-triphosphate receptor Ca2 channel (RIR-CaC) family protein	protista_other
D0MTA1	unassigned	none	module	ryr.hmm matched only 133 profile positions (< 200) — a shared module, not a family assignment	0.0	107.1	107.1	1.0		3.3e-29	3.3e-29	0.0	0.027	0	133	0.052	4610	PITG_01450	Phytophthora infestans (strain T30-4)	403677	0	HECT E3 ubiquitin ligase, putative	protista_other
D0MUH8	unassigned	none	module	ryr.hmm matched only 59 profile positions (< 200) — a shared module, not a family assignment	0.0	63.4	63.4	1.0		4.8e-16	4.8e-16	0.0	0.012	0	59	0.194	936	PITG_01953	Phytophthora infestans (strain T30-4)	403677	0	Serine/threonine-protein phosphatase	protista_other
D0MYX5	unassigned	none	module	ryr.hmm matched only 128 profile positions (< 200) — a shared module, not a family assignment	0.0	86.6	86.6	1.0		4.9e-23	4.9e-23	0.0	0.026	0	128	0.228	574	PITG_03939	Phytophthora infestans (strain T30-4)	403677	0	Uncharacterized protein	protista_other
D0N087	unassigned	none	module	ryr.hmm matched only 123 profile positions (< 200) — a shared module, not a family assignment	0.0	99.6	99.6	1.0		6e-27	6e-27	0.0	0.025	0	123	0.074	1711	PITG_03432	Phytophthora infestans (strain T30-4)	403677	0	B30.2/SPRY domain-containing protein	protista_other
D0N088	RYR	medium	partial	ryr.hmm wins by 34.3 bits (100.0% of 34.3) over 207 profile positions; no itpr.hmm hit	0.0	34.3	34.3	1.0		2.8e-07	2.8e-07	0.0	0.042	0	207	0.051	4048	PITG_03433	Phytophthora infestans (strain T30-4)	403677	0	Regulator of chromosome condensation (RCC1)-like protein	protista_other
D0N2X0	unassigned	none	module	ryr.hmm matched only 64 profile positions (< 200) — a shared module, not a family assignment	0.0	33.0	33.0	1.0		6.9e-07	6.9e-07	0.0	0.013	0	64	0.203	635	PITG_05477	Phytophthora infestans (strain T30-4)	403677	0	EF-hand domain-containing protein	protista_other
D0N511	unassigned	none	module	ryr.hmm matched only 74 profile positions (< 200) — a shared module, not a family assignment	0.0	57.6	57.6	1.0		2.7e-14	2.7e-14	0.0	0.015	0	74	0.872	149	PITG_06514	Phytophthora infestans (strain T30-4)	403677	0	Calmodulin	protista_other
D0N5A6	unassigned	none	module	ryr.hmm matched only 69 profile positions (< 200) — a shared module, not a family assignment	0.0	41.3	41.3	1.0		2.2e-09	2.2e-09	0.0	0.014	0	69	0.128	1843	PITG_06630	Phytophthora infestans (strain T30-4)	403677	0	EF-hand domain-containing protein	protista_other
D0NEF7	unassigned	none	module	ryr.hmm matched only 59 profile positions (< 200) — a shared module, not a family assignment	0.0	98.6	98.6	1.0		1.2e-26	1.2e-26	0.0	0.012	0	59	0.444	1017	PITG_10150	Phytophthora infestans (strain T30-4)	403677	0	EF-hand domain-containing protein	protista_other
D0NJT8	RYR	medium	partial	ryr.hmm wins by 113.9 bits (100.0% of 113.9) over 217 profile positions; no itpr.hmm hit	0.0	113.9	113.9	1.0		3e-31	3e-31	0.0	0.044	0	217	0.273	739	PITG_12903	Phytophthora infestans (strain T30-4)	403677	0	Protein kinase	protista_other
D2UYG7	unassigned	none	module	ryr.hmm matched only 64 profile positions (< 200) — a shared module, not a family assignment	0.0	53.2	53.2	1.0		5.7e-13	5.7e-13	0.0	0.013	0	64	0.8	155	NAEGRDRAFT_55564	Naegleria gruberi	5762	0	Flagellar calmodulin	protista_other
D2V2W7	ITPR	high	architecture	itpr.hmm wins by 794.7 bits (74.6% of 1064.8) over 2359 profile positions	1064.8	270.1	794.7	0.7463	1.8e-317	2.6e-78	1.8e-317	0.879	0.281	2359	1385	0.927	2538	NAEGRDRAFT_78345	Naegleria gruberi	5762	0	Inositol 1,4,5-triphosphate receptor 2	protista_other
D2VGX1	unassigned	none	module	ryr.hmm matched only 59 profile positions (< 200) — a shared module, not a family assignment	0.0	50.2	50.2	1.0		4.6e-12	4.6e-12	0.0	0.012	0	59	0.772	149	NAEGRDRAFT_60668	Naegleria gruberi	5762	0	Predicted protein	protista_other
D2VIZ5	unassigned	none	module	ryr.hmm matched only 64 profile positions (< 200) — a shared module, not a family assignment	0.0	30.7	30.7	1.0		3.4e-06	3.4e-06	0.0	0.013	0	64	0.814	156	NAEGRDRAFT_34466	Naegleria gruberi	5762	0	Predicted protein	protista_other
D2VKL2	ITPR	high	architecture	itpr.hmm wins by 1479.0 bits (80.7% of 1831.9) over 2394 profile positions	1831.9	352.9	1479.0	0.8074	0	2.9e-103	0	0.892	0.294	2394	1449	0.959	2827	NAEGRDRAFT_80324	Naegleria gruberi	5762	0	Predicted protein	protista_other
D2VKY9	unassigned	none	module	best profile score 29.1 < 30 bits	0.0	29.1	29.1	1.0		1e-05	1e-05	0.0	0.012	0	59	0.701	164	NAEGRDRAFT_69599	Naegleria gruberi	5762	0	Predicted protein	protista_other
D2VLG5	ITPR	high	architecture	itpr.hmm wins by 863.9 bits (74.9% of 1153.5) over 2351 profile positions	1153.5	289.6	863.9	0.7489	0	3.4e-84	0	0.876	0.243	2351	1198	0.971	2713	NAEGRDRAFT_50531	Naegleria gruberi	5762	0	Predicted protein	protista_other
D2VTL3	ITPR	high	architecture	itpr.hmm wins by 879.5 bits (73.2% of 1202.2) over 2402 profile positions	1202.2	322.7	879.5	0.7316	0	3.9e-94	0	0.895	0.268	2402	1321	0.941	2753	NAEGRDRAFT_52142	Naegleria gruberi	5762	0	Predicted protein	protista_other
D2VWW0	unassigned	none	module	ryr.hmm matched only 59 profile positions (< 200) — a shared module, not a family assignment	0.0	43.3	43.3	1.0		5.6e-10	5.6e-10	0.0	0.012	0	59	0.756	156	NAEGRDRAFT_83288	Naegleria gruberi	5762	0	Predicted protein	protista_other
D2W2F5	ITPR	high	architecture	itpr.hmm wins by 729.8 bits (74.2% of 984.1) over 2332 profile positions	984.1	254.3	729.8	0.7416	2.7e-293	1.5e-73	2.7e-293	0.869	0.281	2332	1385	0.923	2777	NAEGRDRAFT_59928	Naegleria gruberi	5762	0	Inositol 1,4,5-triphosphate receptor	protista_other
D3AX88	ITPR	high	architecture	itpr.hmm wins by 973.1 bits (85.4% of 1139.5) over 2354 profile positions	1139.5	166.4	973.1	0.854	0	4.5e-47	0	0.877	0.17	2354	838	0.961	2616	iplA	Heterostelium pallidum (strain ATCC 26659 / Pp 5 / PN500)	670386	0	Inositol 1,4,5-trisphosphate receptor-like protein	protista_other
D3BBP5	unassigned	none	module	ryr.hmm matched only 59 profile positions (< 200) — a shared module, not a family assignment	0.0	53.5	53.5	1.0		4.5e-13	4.5e-13	0.0	0.012	0	59	0.785	149	calA	Heterostelium pallidum (strain ATCC 26659 / Pp 5 / PN500)	670386	0	Calmodulin	protista_other
D7FKA0	unassigned	none	module	ryr.hmm matched only 59 profile positions (< 200) — a shared module, not a family assignment	0.0	39.5	39.5	1.0		7.9e-09	7.9e-09	0.0	0.012	0	59	0.189	936	PP	Ectocarpus siliculosus	2880	0	Serine/threonine-protein phosphatase	protista_other
D7FKJ2	unassigned	none	module	ryr.hmm matched only 89 profile positions (< 200) — a shared module, not a family assignment	0.0	44.6	44.6	1.0		2.3e-10	2.3e-10	0.0	0.018	0	89	0.024	4224	Esi_0144_0066	Ectocarpus siliculosus	2880	0	Fibronectin type-III domain-containing protein	protista_other
D7FMW8	ITPR	high	architecture	itpr.hmm wins by 310.0 bits (63.7% of 486.7) over 1656 profile positions	486.7	176.7	310.0	0.6369	2.2e-143	3.6e-50	2.2e-143	0.617	0.092	1656	454	0.652	4347	Esi_0171_0052	Ectocarpus siliculosus	2880	0	Inositol triphosphate receptor (IP3R)/ Ryanodine receptor like protein	protista_other
D7FR08	unassigned	none	module	ryr.hmm matched only 69 profile positions (< 200) — a shared module, not a family assignment	0.0	31.4	31.4	1.0		2.1e-06	2.1e-06	0.0	0.014	0	69	0.119	1877	Esi_0021_0156	Ectocarpus siliculosus	2880	0	EF-hand domain-containing protein	protista_other
D7FVC4	RYR	medium	partial	ryr.hmm wins by 34.9 bits (100.0% of 34.9) over 202 profile positions; no itpr.hmm hit	0.0	34.9	34.9	1.0		1.9e-07	1.9e-07	0.0	0.041	0	202	0.041	6601	Esi_0029_0083	Ectocarpus siliculosus	2880	0	HECT E3 ubiquitin ligase	protista_other
D7G3B7	unassigned	none	module	ryr.hmm matched only 74 profile positions (< 200) — a shared module, not a family assignment	0.0	56.4	56.4	1.0		6.1e-14	6.1e-14	0.0	0.015	0	74	0.872	149	Calmodulin	Ectocarpus siliculosus	2880	0	Calmodulin	protista_other
D7G597	unassigned	none	module	ryr.hmm matched only 143 profile positions (< 200) — a shared module, not a family assignment	0.0	96.1	96.1	1.0		7e-26	7e-26	0.0	0.029	0	143	0.103	2217	Esi_0063_0073	Ectocarpus siliculosus	2880	0	B30.2/SPRY domain-containing protein	protista_other
D7G771	unassigned	none	module	ryr.hmm matched only 123 profile positions (< 200) — a shared module, not a family assignment	0.0	61.0	61.0	1.0		2.6e-15	2.6e-15	0.0	0.025	0	123	0.314	401	Esi_0008_0235	Ectocarpus siliculosus	2880	0	Similar to ring finger protein 123	protista_other
D7G7Q3	unassigned	none	module	ryr.hmm matched only 84 profile positions (< 200) — a shared module, not a family assignment	0.0	36.0	36.0	1.0		8.4e-08	8.4e-08	0.0	0.017	0	84	0.156	518	Esi_0085_0011	Ectocarpus siliculosus	2880	0	ATP-dependent RNA helicase	protista_other
D8LEW6	unassigned	none	module	ryr.hmm matched only 128 profile positions (< 200) — a shared module, not a family assignment	0.0	91.6	91.6	1.0		1.5e-24	1.5e-24	0.0	0.026	0	128	0.228	635	Esi_0014_0098	Ectocarpus siliculosus	2880	0	B30.2/SPRY domain-containing protein	protista_other
D8LH46	unassigned	none	module	ryr.hmm matched only 59 profile positions (< 200) — a shared module, not a family assignment	0.0	43.9	43.9	1.0		3.7e-10	3.7e-10	0.0	0.012	0	59	0.748	155	Esi_0019_0013	Ectocarpus siliculosus	2880	0	Calmodulin	protista_other
D8LJU6	unassigned	none	module	ryr.hmm matched only 59 profile positions (< 200) — a shared module, not a family assignment	0.0	33.2	33.2	1.0		6.3e-07	6.3e-07	0.0	0.012	0	59	0.74	154	Esi_0271_0046	Ectocarpus siliculosus	2880	0	Calmodulin	protista_other
D8LL15	unassigned	none	module	ryr.hmm matched only 64 profile positions (< 200) — a shared module, not a family assignment	0.0	31.5	31.5	1.0		2e-06	2e-06	0.0	0.013	0	64	0.24	491	CDPK:6	Ectocarpus siliculosus	2880	0	non-specific serine/threonine protein kinase	protista_other
D8LMA4	unassigned	none	module	ryr.hmm matched only 89 profile positions (< 200) — a shared module, not a family assignment	0.0	45.1	45.1	1.0		1.5e-10	1.5e-10	0.0	0.018	0	89	0.291	326	Esi_0004_0064	Ectocarpus siliculosus	2880	0	B30.2/SPRY domain-containing protein	protista_other
D8LV79	unassigned	none	module	ryr.hmm matched only 108 profile positions (< 200) — a shared module, not a family assignment	0.0	56.0	56.0	1.0		8.1e-14	8.1e-14	0.0	0.022	0	108	0.093	1069	GSBLH_T00000148001	Blastocystis hominis	12968	0	ATP-dependent RNA helicase DDX1	protista_other
D8LW02	unassigned	none	module	ryr.hmm matched only 59 profile positions (< 200) — a shared module, not a family assignment	0.0	58.0	58.0	1.0		2.1e-14	2.1e-14	0.0	0.012	0	59	0.563	206	GSBLH_T00000385001	Blastocystis hominis	12968	0	EF-hand domain-containing protein	protista_other
D8M2Q5	unassigned	none	module	ryr.hmm matched only 123 profile positions (< 200) — a shared module, not a family assignment	0.0	82.3	82.3	1.0		9.7e-22	9.7e-22	0.0	0.025	0	123	0.298	416	GSBLH_T00002727001	Blastocystis hominis	12968	0	B30.2/SPRY domain-containing protein	protista_other
E2RTT2	unassigned	none	module	ryr.hmm matched only 54 profile positions (< 200) — a shared module, not a family assignment	0.0	38.7	38.7	1.0		1.4e-08	1.4e-08	0.0	0.011	0	54	0.745	153	GL50803_005333	Giardia intestinalis (strain ATCC 50803 / WB clone C6)	184922	0	Calmodulin	protista_other
E9AMU3	unassigned	none	module	ryr.hmm matched only 59 profile positions (< 200) — a shared module, not a family assignment	0.0	53.6	53.6	1.0		4.3e-13	4.3e-13	0.0	0.012	0	59	0.779	149	LMXM_09_0910	Leishmania mexicana (strain MHOM/GT/2001/U1103)	929439	0	Calmodulin	protista_other
E9APH1	RYR	medium	partial	ryr.hmm wins by 63.9 bits (100.0% of 63.9) over 256 profile positions; no itpr.hmm hit	0.0	63.9	63.9	1.0		3.5e-16	3.5e-16	0.0	0.052	0	256	0.05	5610	LMXM_13_1470	Leishmania mexicana (strain MHOM/GT/2001/U1103)	929439	0	Uncharacterized protein	protista_other
E9AQI5	ITPR	high	architecture	itpr.hmm wins by 262.9 bits (59.4% of 443.0) over 1514 profile positions	443.0	180.1	262.9	0.5935	3.3e-130	3.3e-51	3.3e-130	0.564	0.077	1514	380	0.589	2873	LMXM_16_0280	Leishmania mexicana (strain MHOM/GT/2001/U1103)	929439	0	MIR domain-containing protein	protista_other
E9AU68	unassigned	none	module	ryr.hmm matched only 163 profile positions (< 200) — a shared module, not a family assignment	0.0	95.2	95.2	1.0		1.2e-25	1.2e-25	0.0	0.033	0	163	0.063	4166	LMXM_36_6340	Leishmania mexicana (strain MHOM/GT/2001/U1103)	929439	0	Ubiquitin-protein ligase	protista_other
E9B3H1	unassigned	none	module	ryr.hmm matched only 143 profile positions (< 200) — a shared module, not a family assignment	0.0	31.4	31.4	1.0		2.1e-06	2.1e-06	0.0	0.029	0	143	0.038	4087	LMXM_31_3930	Leishmania mexicana (strain MHOM/GT/2001/U1103)	929439	0	B30.2/SPRY domain-containing protein	protista_other
F0V7S2	unassigned	none	module	ryr.hmm matched only 89 profile positions (< 200) — a shared module, not a family assignment	0.0	60.9	60.9	1.0		2.6e-15	2.6e-15	0.0	0.018	0	89	0.117	762	NCLIV_002510	Neospora caninum (strain Liverpool)	572307	0	ATP-dependent RNA helicase DDX1	protista_other
F0VCN4	unassigned	none	module	ryr.hmm matched only 69 profile positions (< 200) — a shared module, not a family assignment	0.0	36.6	36.6	1.0		5.8e-08	5.8e-08	0.0	0.014	0	69	0.168	1076	NCLIV_015170	Neospora caninum (strain Liverpool)	572307	0	Putative EF hand domain-containing protein	protista_other
F0VM66	unassigned	none	module	ryr.hmm matched only 54 profile positions (< 200) — a shared module, not a family assignment	0.0	45.1	45.1	1.0		1.6e-10	1.6e-10	0.0	0.011	0	54	0.182	622	NCLIV_047750	Neospora caninum (strain Liverpool)	572307	0	non-specific serine/threonine protein kinase	protista_other
F0VQX1	unassigned	none	module	ryr.hmm matched only 69 profile positions (< 200) — a shared module, not a family assignment	0.0	57.6	57.6	1.0		2.7e-14	2.7e-14	0.0	0.014	0	69	0.872	149	NCLIV_065440	Neospora caninum (strain Liverpool)	572307	0	Calmodulin	protista_other
F0VR46	unassigned	none	module	best profile score 29.7 < 30 bits	0.0	29.7	29.7	1.0		6.9e-06	6.9e-06	0.0	0.012	0	59	0.665	170	NCLIV_066190	Neospora caninum (strain Liverpool)	572307	0	Putative caltractin	protista_other
F0XVF1	unassigned	none	module	ryr.hmm matched only 54 profile positions (< 200) — a shared module, not a family assignment	0.0	30.4	30.4	1.0		4.1e-06	4.1e-06	0.0	0.011	0	54	0.703	158	AURANDRAFT_16033	Aureococcus anophagefferens	44056	0	EF-hand domain-containing protein (Fragment)	protista_other
F0XX51	ITPR	medium	partial	itpr.hmm wins by 153.1 bits (79.4% of 192.9) over 1243 profile positions	192.9	39.8	153.1	0.7937	8.1e-55	6.2e-09	8.1e-55	0.463	0.149	1243	735	0.428	3812	AURANDRAFT_60438	Aureococcus anophagefferens	44056	0	Inositol 1,4,5-trisphosphate/ryanodine receptor domain-containing protein	protista_other
F0Y004	unassigned	none	module	ryr.hmm matched only 74 profile positions (< 200) — a shared module, not a family assignment	0.0	57.9	57.9	1.0		2.2e-14	2.2e-14	0.0	0.015	0	74	0.872	149	AURANDRAFT_36419	Aureococcus anophagefferens	44056	0	Calmodulin	protista_other
F0Y0W8	unassigned	none	module	ryr.hmm matched only 94 profile positions (< 200) — a shared module, not a family assignment	0.0	72.2	72.2	1.0		1.1e-18	1.1e-18	0.0	0.019	0	94	0.146	676	AURANDRAFT_70837	Aureococcus anophagefferens	44056	0	B30.2/SPRY domain-containing protein	protista_other
F0Y1H4	unassigned	none	module	ryr.hmm matched only 64 profile positions (< 200) — a shared module, not a family assignment	0.0	30.8	30.8	1.0		3.1e-06	3.1e-06	0.0	0.013	0	64	0.294	411	AURANDRAFT_71079	Aureococcus anophagefferens	44056	0	EF-hand domain-containing protein	protista_other
F0Y265	ITPR	medium	partial	itpr.hmm wins by 77.4 bits (100.0% of 77.4) over 915 profile positions; no ryr.hmm hit	77.4	0.0	77.4	1.0	5.4e-20		5.4e-20	0.341	0.0	915	0	0.142	3535	AURANDRAFT_62046	Aureococcus anophagefferens	44056	0	Ion transport domain-containing protein	protista_other
F0Y2M8	unassigned	none	module	ryr.hmm matched only 123 profile positions (< 200) — a shared module, not a family assignment	0.0	56.2	56.2	1.0		7.3e-14	7.3e-14	0.0	0.025	0	123	0.436	305	AURANDRAFT_36550	Aureococcus anophagefferens	44056	0	Expressed protein	protista_other
F0Y8L3	unassigned	none	module	itpr.hmm matched only 126 profile positions (< 200) — a shared module, not a family assignment	74.4	29.6	44.8	0.6022	4.2e-19	7.4e-06	4.2e-19	0.047	0.018	126	89	0.182	705	AURANDRAFT_64020	Aureococcus anophagefferens	44056	0	NAD-dependent epimerase/dehydratase domain-containing protein	protista_other
F0YFF7	unassigned	none	module	ryr.hmm matched only 59 profile positions (< 200) — a shared module, not a family assignment	0.0	45.0	45.0	1.0		1.7e-10	1.7e-10	0.0	0.012	0	59	0.854	137	AURANDRAFT_29651	Aureococcus anophagefferens	44056	0	EF-hand domain-containing protein (Fragment)	protista_other
F0YHK2	ITPR	medium	partial	itpr.hmm wins by 186.3 bits (100.0% of 186.3) over 931 profile positions; no ryr.hmm hit	186.3	0.0	186.3	1.0	8e-53		8e-53	0.347	0.0	931	0	0.4	2587	AURANDRAFT_72245	Aureococcus anophagefferens	44056	0	MIR domain-containing protein (Fragment)	protista_other
F0YHR0	unassigned	none	module	ryr.hmm matched only 84 profile positions (< 200) — a shared module, not a family assignment	0.0	44.9	44.9	1.0		1.7e-10	1.7e-10	0.0	0.017	0	84	0.124	670	AURANDRAFT_733	Aureococcus anophagefferens	44056	0	ATP-dependent RNA helicase DDX1 (Fragment)	protista_other
F0YK71	unassigned	none	module	ryr.hmm matched only 54 profile positions (< 200) — a shared module, not a family assignment	0.0	31.9	31.9	1.0		1.5e-06	1.5e-06	0.0	0.011	0	54	0.799	139	AURANDRAFT_7796	Aureococcus anophagefferens	44056	0	EF-hand domain-containing protein (Fragment)	protista_other
F0YK98	unassigned	none	module	ryr.hmm matched only 54 profile positions (< 200) — a shared module, not a family assignment	0.0	32.4	32.4	1.0		1e-06	1e-06	0.0	0.011	0	54	0.821	134	AURANDRAFT_15750	Aureococcus anophagefferens	44056	0	EF-hand domain-containing protein (Fragment)	protista_other
F0YLV9	ITPR	medium	partial	itpr.hmm wins by 131.5 bits (66.8% of 196.8) over 907 profile positions	196.8	65.3	131.5	0.6682	5.5e-56	1.3e-16	5.5e-56	0.338	0.094	907	463	0.177	5282	AURANDRAFT_72645	Aureococcus anophagefferens	44056	0	Uncharacterized protein	protista_other
F0YMU4	unassigned	none	module	itpr.hmm matched only 199 profile positions (< 200) — a shared module, not a family assignment	160.5	110.2	50.3	0.3134	4.7e-45	3.8e-30	4.7e-45	0.074	0.037	199	182	0.995	183	AURANDRAFT_33820	Aureococcus anophagefferens	44056	0	Ion transport domain-containing protein (Fragment)	protista_other
F0YP06	unassigned	none	module	itpr.hmm matched only 83 profile positions (< 200) — a shared module, not a family assignment	88.8	66.8	22.0	0.2477	2e-23	4.4e-17	2e-23	0.031	0.017	83	84	0.988	85	AURANDRAFT_9313	Aureococcus anophagefferens	44056	0	Ion transport domain-containing protein (Fragment)	protista_other
F0YQ23	ITPR	medium	partial	itpr.hmm wins by 53.4 bits (31.1% of 172.0) over 207 profile positions	172.0	118.6	53.4	0.3105	1.7e-48	1.1e-32	1.7e-48	0.077	0.039	207	192	0.995	195	AURANDRAFT_34885	Aureococcus anophagefferens	44056	0	Ion transport domain-containing protein (Fragment)	protista_other
F0Z8W1	ITPR	high	architecture	itpr.hmm wins by 1191.6 bits (89.8% of 1326.4) over 2617 profile positions	1326.4	134.8	1191.6	0.8984	0	1.5e-37	0	0.975	0.23	2617	1134	1.0	3089	DICPUDRAFT_45096	Dictyostelium purpureum	5786	0	Uncharacterized protein	protista_other
F0ZDM8	unassigned	none	module	ryr.hmm matched only 148 profile positions (< 200) — a shared module, not a family assignment	0.0	54.1	54.1	1.0		3.1e-13	3.1e-13	0.0	0.03	0	148	0.17	1420	DICPUDRAFT_53617	Dictyostelium purpureum	5786	0	B30.2/SPRY domain-containing protein	protista_other
F0ZQ02	unassigned	none	module	ryr.hmm matched only 84 profile positions (< 200) — a shared module, not a family assignment	0.0	31.2	31.2	1.0		2.4e-06	2.4e-06	0.0	0.017	0	84	0.194	468	DICPUDRAFT_48646	Dictyostelium purpureum	5786	0	B30.2/SPRY domain-containing protein	protista_other
F0ZQN9	unassigned	none	module	ryr.hmm matched only 128 profile positions (< 200) — a shared module, not a family assignment	0.0	53.3	53.3	1.0		5.2e-13	5.2e-13	0.0	0.026	0	128	0.157	750	DICPUDRAFT_154178	Dictyostelium purpureum	5786	0	ATP-dependent RNA helicase	protista_other
F1A0N9	unassigned	none	module	ryr.hmm matched only 59 profile positions (< 200) — a shared module, not a family assignment	0.0	56.1	56.1	1.0		7.8e-14	7.8e-14	0.0	0.012	0	59	0.788	151	DICPUDRAFT_93011	Dictyostelium purpureum	5786	0	Calmodulin	protista_other
F1A5P8	unassigned	none	module	ryr.hmm matched only 138 profile positions (< 200) — a shared module, not a family assignment	0.0	41.3	41.3	1.0		2.2e-09	2.2e-09	0.0	0.028	0	138	0.258	561	DICPUDRAFT_93323	Dictyostelium purpureum	5786	0	B30.2/SPRY domain-containing protein (Fragment)	protista_other
F2TWF8	unassigned	none	module	ryr.hmm matched only 59 profile positions (< 200) — a shared module, not a family assignment	0.0	32.9	32.9	1.0		7.3e-07	7.3e-07	0.0	0.012	0	59	0.707	167	PTSG_00424	Salpingoeca rosetta	946362	0	Centrin-1	protista_other
F2U297	ITPR	high	architecture	itpr.hmm wins by 943.2 bits (69.0% of 1367.7) over 2461 profile positions	1367.7	424.5	943.2	0.6896	0	8e-125	0	0.917	0.233	2461	1149	0.943	2595	PTSG_02461	Salpingoeca rosetta	946362	0	MIR domain-containing protein	protista_other
F2U4M0	unassigned	none	module	ryr.hmm matched only 133 profile positions (< 200) — a shared module, not a family assignment	0.0	85.1	85.1	1.0		1.4e-22	1.4e-22	0.0	0.027	0	133	0.11	1179	PTSG_03239	Salpingoeca rosetta	946362	0	Uncharacterized protein	protista_other
F2U743	ITPR	high	architecture	itpr.hmm wins by 420.2 bits (72.6% of 578.6) over 1930 profile positions	578.6	158.4	420.2	0.7262	4.4e-171	1.2e-44	4.4e-171	0.719	0.167	1930	823	0.697	2909	PTSG_04281	Salpingoeca rosetta	946362	0	Uncharacterized protein	protista_other
F2U850	ITPR	medium	partial	itpr.hmm wins by 161.5 bits (55.6% of 290.7) over 674 profile positions	290.7	129.2	161.5	0.5556	2.7e-84	7.4e-36	2.7e-84	0.251	0.054	674	266	0.883	798	PTSG_04686	Salpingoeca rosetta	946362	0	Ion transport domain-containing protein	protista_other
F2U851	ITPR	medium	partial	itpr.hmm wins by 94.2 bits (100.0% of 94.2) over 682 profile positions; no ryr.hmm hit	94.2	0.0	94.2	1.0	4.7e-25		4.7e-25	0.254	0.0	682	0	0.717	936	PTSG_04687	Salpingoeca rosetta	946362	0	Uncharacterized protein	protista_other
F2U852	unassigned	none	module	itpr.hmm matched only 169 profile positions (< 200) — a shared module, not a family assignment	103.2	0.0	103.2	1.0	9.1e-28		9.1e-28	0.063	0.0	169	0	0.76	225	PTSG_04688	Salpingoeca rosetta	946362	0	RIH domain-containing protein	protista_other
F2U853	ITPR	medium	partial	itpr.hmm wins by 100.3 bits (75.7% of 132.5) over 365 profile positions	132.5	32.2	100.3	0.757	1.3e-36	1.2e-06	1.3e-36	0.136	0.046	365	227	0.745	525	PTSG_04689	Salpingoeca rosetta	946362	0	MIR domain-containing protein	protista_other
F2UC37	RYR	high	architecture	ryr.hmm wins by 904.3 bits (65.2% of 1387.2) over 2894 profile positions	482.9	1387.2	904.3	0.6519	3.2e-142	0	0	0.537	0.587	1441	2894	0.602	5340	PTSG_06153	Salpingoeca rosetta	946362	0	Ryanodine receptor type 1	protista_other
F2UCM3	unassigned	none	module	ryr.hmm matched only 74 profile positions (< 200) — a shared module, not a family assignment	0.0	56.3	56.3	1.0		6.5e-14	6.5e-14	0.0	0.015	0	74	0.872	149	PTSG_06340	Salpingoeca rosetta	946362	0	Calmodulin	protista_other
F2UDQ9	ITPR	high	architecture	itpr.hmm wins by 1009.5 bits (75.8% of 1332.5) over 2327 profile positions	1332.5	323.0	1009.5	0.7576	0	3e-94	0	0.867	0.195	2327	961	0.893	2539	PTSG_06996	Salpingoeca rosetta	946362	0	Inositol 1,4,5-trisphosphate receptor type 3	protista_other
F2UFB2	ITPR	high	architecture	itpr.hmm wins by 327.9 bits (75.2% of 436.0) over 1586 profile positions	436.0	108.1	327.9	0.7521	4.3e-128	1.6e-29	4.3e-128	0.591	0.16	1586	789	0.685	2479	PTSG_06962	Salpingoeca rosetta	946362	0	Cardiac ryanodine receptor	protista_other
F2UGH5	unassigned	none	module	ryr.hmm matched only 133 profile positions (< 200) — a shared module, not a family assignment	0.0	59.6	59.6	1.0		6.6e-15	6.6e-15	0.0	0.027	0	133	0.224	590	PTSG_07841	Salpingoeca rosetta	946362	0	B30.2/SPRY domain-containing protein	protista_other
F2UHE1	ITPR	high	architecture	itpr.hmm wins by 1932.0 bits (82.3% of 2347.1) over 2515 profile positions	2347.1	415.1	1932.0	0.8231	0	5.5e-122	0	0.937	0.257	2515	1267	0.999	2612	PTSG_07655	Salpingoeca rosetta	946362	0	Type I inositol triphosphate receptor	protista_other
F2ULG4	ITPR	high	architecture	itpr.hmm wins by 356.1 bits (66.0% of 539.9) over 2158 profile positions	539.9	183.8	356.1	0.6596	2e-159	2.7e-52	2e-159	0.804	0.197	2158	971	0.877	2637	PTSG_09597	Salpingoeca rosetta	946362	0	Cardiac ryanodine receptor	protista_other
F2UNU5	unassigned	none	module	ryr.hmm matched only 118 profile positions (< 200) — a shared module, not a family assignment	0.0	49.3	49.3	1.0		8.4e-12	8.4e-12	0.0	0.024	0	118	0.036	3299	PTSG_09716	Salpingoeca rosetta	946362	0	B30.2/SPRY domain-containing protein	protista_other
F2UQV4	ITPR	medium	partial	itpr.hmm wins by 278.9 bits (89.8% of 310.6) over 1025 profile positions	310.6	31.7	278.9	0.8979	2.8e-90	1.8e-06	2.8e-90	0.382	0.085	1025	419	0.703	1585	PTSG_13018	Salpingoeca rosetta	946362	0	Uncharacterized protein	protista_other
F2UQV5	ITPR	medium	partial	itpr.hmm wins by 90.6 bits (45.8% of 198.0) over 722 profile positions	198.0	107.4	90.6	0.4576	2.3e-56	2.7e-29	2.3e-56	0.269	0.044	722	217	0.693	1051	PTSG_13019	Salpingoeca rosetta	946362	0	RyR/IP3R Homology associated domain-containing protein	protista_other
F2US89	unassigned	none	module	ryr.hmm matched only 133 profile positions (< 200) — a shared module, not a family assignment	0.0	45.7	45.7	1.0		1.1e-10	1.1e-10	0.0	0.027	0	133	0.322	419	PTSG_10942	Salpingoeca rosetta	946362	0	Ran-binding protein 10	protista_other
F4PJT6	unassigned	none	module	ryr.hmm matched only 153 profile positions (< 200) — a shared module, not a family assignment	0.0	30.7	30.7	1.0		3.4e-06	3.4e-06	0.0	0.031	0	153	0.188	800	DFA_05996	Cavenderia fasciculata	261658	0	B30.2/SPRY domain-containing protein	protista_other
F4PKJ3	unassigned	none	module	ryr.hmm matched only 59 profile positions (< 200) — a shared module, not a family assignment	0.0	50.9	50.9	1.0		2.8e-12	2.8e-12	0.0	0.012	0	59	0.811	143	calA	Cavenderia fasciculata	261658	0	Calmodulin	protista_other
F4PMW8	unassigned	none	module	ryr.hmm matched only 148 profile positions (< 200) — a shared module, not a family assignment	0.0	64.7	64.7	1.0		2e-16	2e-16	0.0	0.03	0	148	0.182	771	ddx1	Cavenderia fasciculata	261658	0	ATP-dependent RNA helicase DDX1	protista_other
F4Q324	ITPR	high	architecture	itpr.hmm wins by 1062.1 bits (82.9% of 1281.5) over 2625 profile positions	1281.5	219.4	1062.1	0.8288	0	4.9e-63	0	0.978	0.229	2625	1129	0.996	2843	iplA	Cavenderia fasciculata	261658	0	Inositol 1,4,5-trisphosphate receptor-like protein	protista_other
F4Q7N0	unassigned	none	module	ryr.hmm matched only 108 profile positions (< 200) — a shared module, not a family assignment	0.0	35.5	35.5	1.0		1.2e-07	1.2e-07	0.0	0.022	0	108	0.254	445	DFA_09447	Cavenderia fasciculata	261658	0	Uncharacterized protein	protista_other
G0QIW1	unassigned	none	module	ryr.hmm matched only 59 profile positions (< 200) — a shared module, not a family assignment	0.0	31.2	31.2	1.0		2.4e-06	2.4e-06	0.0	0.012	0	59	0.685	168	IMG5_000740	Ichthyophthirius multifiliis	5932	0	EF-hand domain-containing protein	protista_other
G0QJ57	ITPR	high	architecture	itpr.hmm wins by 161.3 bits (58.6% of 275.1) over 1562 profile positions	275.1	113.8	161.3	0.5863	1.4e-79	3.1e-31	1.4e-79	0.582	0.085	1562	419	0.881	1850	IMG5_002710	Ichthyophthirius multifiliis	5932	0	RyR/IP3R Homology associated domain-containing protein	protista_other
G0QJA1	ITPR	medium	partial	itpr.hmm wins by 41.4 bits (100.0% of 41.4) over 561 profile positions; no ryr.hmm hit	41.4	0.0	41.4	1.0	3.9e-09		3.9e-09	0.209	0.0	561	0	0.721	854	IMG5_003430	Ichthyophthirius multifiliis	5932	0	Uncharacterized protein	protista_other
G0QJA2	unassigned	none	module	itpr.hmm matched only 86 profile positions (< 200) — a shared module, not a family assignment	105.2	72.2	33.0	0.3137	2.3e-28	1.1e-18	2.3e-28	0.032	0.017	86	84	0.885	96	IMG5_003440	Ichthyophthirius multifiliis	5932	0	Uncharacterized protein	protista_other
G0QJB9	ITPR	medium	partial	itpr.hmm wins by 105.2 bits (38.9% of 270.6) over 338 profile positions	270.6	165.4	105.2	0.3888	3.2e-78	8.8e-47	3.2e-78	0.126	0.049	338	242	0.851	383	IMG5_003980	Ichthyophthirius multifiliis	5932	0	MIR domain protein	protista_other
G0QJC1	ITPR	medium	partial	itpr.hmm wins by 159.8 bits (100.0% of 159.8) over 596 profile positions; no ryr.hmm hit	159.8	0.0	159.8	1.0	7.9e-45		7.9e-45	0.222	0.0	596	0	0.896	733	IMG5_004000	Ichthyophthirius multifiliis	5932	0	MIR domain protein	protista_other
G0QJK7	unassigned	none	module	ryr.hmm matched only 69 profile positions (< 200) — a shared module, not a family assignment	0.0	57.1	57.1	1.0		3.9e-14	3.9e-14	0.0	0.014	0	69	0.872	149	IMG5_006070	Ichthyophthirius multifiliis	5932	0	Calmodulin	protista_other
G0QLF6	ITPR	medium	partial	itpr.hmm wins by 189.7 bits (60.3% of 314.4) over 644 profile positions	314.4	124.7	189.7	0.6034	2e-91	1.7e-34	2e-91	0.24	0.059	644	291	0.975	749	IMG5_029930	Ichthyophthirius multifiliis	5932	0	Inositol-triphosphate type 1 isoform 3, putative (Fragment)	protista_other
G0QMJ5	ITPR	medium	partial	itpr.hmm wins by 183.3 bits (100.0% of 183.3) over 1326 profile positions; no ryr.hmm hit	183.3	0.0	183.3	1.0	6.3e-52		6.3e-52	0.494	0.0	1326	0	0.974	1703	IMG5_049370	Ichthyophthirius multifiliis	5932	0	MIR domain protein	protista_other
G0QMJ6	ITPR	medium	partial	itpr.hmm wins by 194.4 bits (73.2% of 265.4) over 588 profile positions	265.4	71.0	194.4	0.7325	1.2e-76	2.5e-18	1.2e-76	0.219	0.061	588	301	0.833	868	IMG5_049380	Ichthyophthirius multifiliis	5932	0	MIR domain protein	protista_other
G0QN33	ITPR	medium	partial	itpr.hmm wins by 41.2 bits (100.0% of 41.2) over 475 profile positions; no ryr.hmm hit	41.2	0.0	41.2	1.0	4.4e-09		4.4e-09	0.177	0.0	475	0	0.587	915	IMG5_055050	Ichthyophthirius multifiliis	5932	0	Uncharacterized protein	protista_other
G0QN34	ITPR	medium	partial	itpr.hmm wins by 125.6 bits (42.0% of 299.3) over 848 profile positions	299.3	173.7	125.6	0.4196	7e-87	2.9e-49	7e-87	0.316	0.055	848	271	0.768	1154	IMG5_055060	Ichthyophthirius multifiliis	5932	0	MIR domain protein	protista_other
G0QNB9	ITPR	medium	partial	itpr.hmm wins by 106.7 bits (100.0% of 106.7) over 279 profile positions; no ryr.hmm hit	106.7	0.0	106.7	1.0	7.8e-29		7.8e-29	0.104	0.0	279	0	0.275	1273	IMG5_057070	Ichthyophthirius multifiliis	5932	0	Inositol 1,4,5-trisphosphate/ryanodine receptor domain-containing protein	protista_other
G0QNC2	ITPR	medium	partial	itpr.hmm wins by 56.7 bits (28.5% of 198.7) over 486 profile positions	198.7	142.0	56.7	0.2854	1.4e-56	1e-39	1.4e-56	0.181	0.049	486	242	0.927	546	IMG5_057100	Ichthyophthirius multifiliis	5932	0	Ion transport domain-containing protein	protista_other
G0QNT3	ITPR	medium	partial	itpr.hmm wins by 43.7 bits (35.2% of 124.3) over 209 profile positions	124.3	80.6	43.7	0.3516	3.8e-34	3.2e-21	3.8e-34	0.078	0.048	209	237	0.756	287	IMG5_061230	Ichthyophthirius multifiliis	5932	0	Inositol-triphosphate receptor 2, putative	protista_other
G0QNX9	ITPR	medium	partial	itpr.hmm wins by 139.3 bits (49.9% of 279.3) over 615 profile positions	279.3	140.0	139.3	0.4987	7.3e-81	4e-39	7.3e-81	0.229	0.052	615	256	0.991	689	IMG5_062440	Ichthyophthirius multifiliis	5932	0	Ion transport domain-containing protein	protista_other
G0QNY8	ITPR	medium	partial	itpr.hmm wins by 139.3 bits (100.0% of 139.3) over 899 profile positions; no ryr.hmm hit	139.3	0.0	139.3	1.0	1.1e-38		1.1e-38	0.335	0.0	899	0	0.851	1238	IMG5_062530	Ichthyophthirius multifiliis	5932	0	MIR domain protein	protista_other
G0QNZ0	ITPR	medium	partial	itpr.hmm wins by 100.0 bits (48.9% of 204.3) over 797 profile positions	204.3	104.3	100.0	0.4895	3e-58	2.3e-28	3e-58	0.297	0.081	797	399	0.748	1193	IMG5_062550	Ichthyophthirius multifiliis	5932	0	MIR domain protein	protista_other
G0QP88	ITPR	medium	partial	itpr.hmm wins by 78.9 bits (36.3% of 217.4) over 338 profile positions	217.4	138.5	78.9	0.3629	3.3e-62	1.2e-38	3.3e-62	0.126	0.049	338	242	0.958	353	IMG5_065360	Ichthyophthirius multifiliis	5932	0	MIR domain protein	protista_other
G0QP89	ITPR	medium	partial	itpr.hmm wins by 90.2 bits (63.7% of 141.6) over 475 profile positions	141.6	51.4	90.2	0.637	2.4e-39	2e-12	2.4e-39	0.177	0.045	475	222	0.888	677	IMG5_065370	Ichthyophthirius multifiliis	5932	0	MIR domain protein	protista_other
G0QP90	ITPR	medium	partial	itpr.hmm wins by 268.6 bits (100.0% of 268.6) over 1318 profile positions; no ryr.hmm hit	268.6	0.0	268.6	1.0	1.2e-77		1.2e-77	0.491	0.0	1318	0	0.945	1836	IMG5_065380	Ichthyophthirius multifiliis	5932	0	MIR domain protein	protista_other
G0QPV9	ITPR	medium	partial	itpr.hmm wins by 160.1 bits (100.0% of 160.1) over 1100 profile positions; no ryr.hmm hit	160.1	0.0	160.1	1.0	6.4e-45		6.4e-45	0.41	0.0	1100	0	0.995	1393	IMG5_071800	Ichthyophthirius multifiliis	5932	0	MIR domain protein	protista_other
G0QPW0	ITPR	medium	partial	itpr.hmm wins by 174.0 bits (49.4% of 352.2) over 832 profile positions	352.2	178.2	174.0	0.494	7.7e-103	1.2e-50	7.7e-103	0.31	0.106	832	523	0.925	1098	IMG5_071810	Ichthyophthirius multifiliis	5932	0	MIR domain protein	protista_other
G0QPX5	ITPR	medium	partial	itpr.hmm wins by 160.8 bits (44.9% of 357.8) over 862 profile positions	357.8	197.0	160.8	0.4494	1.6e-104	2.8e-56	1.6e-104	0.321	0.071	862	350	0.953	964	IMG5_072330	Ichthyophthirius multifiliis	5932	0	MIR domain protein (Fragment)	protista_other
G0QQG0	ITPR	medium	partial	itpr.hmm wins by 202.0 bits (47.9% of 422.1) over 923 profile positions	422.1	220.1	202.0	0.4786	6.5e-124	3.1e-63	6.5e-124	0.344	0.049	923	242	0.912	1099	IMG5_078330	Ichthyophthirius multifiliis	5932	0	MIR domain protein	protista_other
G0QQT7	ITPR	medium	partial	itpr.hmm wins by 60.2 bits (26.7% of 225.6) over 204 profile positions	225.6	165.4	60.2	0.2668	1.1e-64	9e-47	1.1e-64	0.076	0.04	204	197	0.941	203	IMG5_083820	Ichthyophthirius multifiliis	5932	0	Inositol-triphosphate type 3, putative	protista_other
G0QS13	unassigned	none	module	ryr.hmm matched only 69 profile positions (< 200) — a shared module, not a family assignment	0.0	38.7	38.7	1.0		1.3e-08	1.3e-08	0.0	0.014	0	69	0.893	131	IMG5_098790	Ichthyophthirius multifiliis	5932	0	Protein kinase domain protein (Fragment)	protista_other
G0QSX7	unassigned	none	module	ryr.hmm matched only 64 profile positions (< 200) — a shared module, not a family assignment	0.0	33.5	33.5	1.0		4.9e-07	4.9e-07	0.0	0.013	0	64	0.261	468	IMG5_104520	Ichthyophthirius multifiliis	5932	0	Calcium-dependent protein kinase 1	protista_other
G0QTF9	ITPR	medium	partial	itpr.hmm wins by 182.0 bits (100.0% of 182.0) over 760 profile positions; no ryr.hmm hit	182.0	0.0	182.0	1.0	1.6e-51		1.6e-51	0.283	0.0	760	0	0.708	1255	IMG5_108120	Ichthyophthirius multifiliis	5932	0	MIR domain protein	protista_other
G0QTG0	ITPR	medium	partial	itpr.hmm wins by 119.5 bits (41.0% of 291.4) over 510 profile positions	291.4	171.9	119.5	0.4101	1.6e-84	1e-48	1.6e-84	0.19	0.049	510	242	0.807	688	IMG5_108130	Ichthyophthirius multifiliis	5932	0	MIR domain protein	protista_other
G0QU97	ITPR	high	architecture	itpr.hmm wins by 102.9 bits (43.0% of 239.2) over 1519 profile positions	239.2	136.3	102.9	0.4302	9.2e-69	5.4e-38	9.2e-69	0.566	0.114	1519	562	0.949	1639	IMG5_115850	Ichthyophthirius multifiliis	5932	0	RyR/IP3R Homology associated domain-containing protein	protista_other
G0QUB0	ITPR	high	architecture	itpr.hmm wins by 425.5 bits (72.4% of 587.8) over 2185 profile positions	587.8	162.3	425.5	0.7239	7.7e-174	7.9e-46	7.7e-174	0.814	0.155	2185	764	0.933	2830	IMG5_116080	Ichthyophthirius multifiliis	5932	0	MIR domain protein	protista_other
G0QVT5	ITPR	medium	partial	itpr.hmm wins by 176.9 bits (43.0% of 411.7) over 832 profile positions	411.7	234.8	176.9	0.4297	9.5e-121	1.1e-67	9.5e-121	0.31	0.137	832	675	0.891	1083	IMG5_126290	Ichthyophthirius multifiliis	5932	0	MIR domain protein	protista_other
G0QVT7	ITPR	medium	partial	itpr.hmm wins by 178.7 bits (100.0% of 178.7) over 558 profile positions; no ryr.hmm hit	178.7	0.0	178.7	1.0	1.5e-50		1.5e-50	0.208	0.0	558	0	0.84	801	IMG5_126310	Ichthyophthirius multifiliis	5932	0	MIR domain protein	protista_other
G0QVU8	ITPR	medium	partial	itpr.hmm wins by 230.9 bits (72.3% of 319.2) over 692 profile positions	319.2	88.3	230.9	0.7234	7e-93	1.5e-23	7e-93	0.258	0.071	692	350	0.648	1305	IMG5_126610	Ichthyophthirius multifiliis	5932	0	Mir domain protein	protista_other
G0QVU9	ITPR	medium	partial	itpr.hmm wins by 155.8 bits (100.0% of 155.8) over 1304 profile positions; no ryr.hmm hit	155.8	0.0	155.8	1.0	1.2e-43		1.2e-43	0.486	0.0	1304	0	0.972	1697	IMG5_126620	Ichthyophthirius multifiliis	5932	0	MIR domain protein	protista_other
G0QVX6	unassigned	none	module	ryr.hmm matched only 64 profile positions (< 200) — a shared module, not a family assignment	0.0	45.1	45.1	1.0		1.6e-10	1.6e-10	0.0	0.013	0	64	0.258	465	IMG5_127450	Ichthyophthirius multifiliis	5932	0	non-specific serine/threonine protein kinase	protista_other
G0QWJ8	ITPR	high	architecture	itpr.hmm wins by 598.5 bits (73.5% of 814.0) over 2528 profile positions	814.0	215.5	598.5	0.7353	4.9e-242	7.6e-62	4.9e-242	0.942	0.183	2528	902	0.98	2997	IMG5_132830	Ichthyophthirius multifiliis	5932	0	MIR domain protein	protista_other
G0QWU2	ITPR	high	architecture	itpr.hmm wins by 229.1 bits (62.8% of 364.6) over 1412 profile positions	364.6	135.5	229.1	0.6284	1.4e-106	9.5e-38	1.4e-106	0.526	0.121	1412	597	0.632	2530	IMG5_135140	Ichthyophthirius multifiliis	5932	0	MIR domain protein	protista_other
G0QWW7	ITPR	high	architecture	itpr.hmm wins by 391.8 bits (100.0% of 391.8) over 1927 profile positions; no ryr.hmm hit	391.8	0.0	391.8	1.0	9e-115		9e-115	0.718	0.0	1927	0	0.965	2392	IMG5_135840	Ichthyophthirius multifiliis	5932	0	MIR domain protein	protista_other
G0QWW8	ITPR	medium	partial	itpr.hmm wins by 81.2 bits (35.8% of 226.8) over 327 profile positions	226.8	145.6	81.2	0.358	5e-65	8.2e-41	5e-65	0.122	0.05	327	246	0.899	348	IMG5_135850	Ichthyophthirius multifiliis	5932	0	MIR domain protein	protista_other
G0QX38	ITPR	high	architecture	itpr.hmm wins by 301.8 bits (80.4% of 375.4) over 1345 profile positions	375.4	73.6	301.8	0.8039	8.1e-110	4.2e-19	8.1e-110	0.501	0.059	1345	291	0.854	1754	IMG5_137700	Ichthyophthirius multifiliis	5932	0	MIR domain protein	protista_other
G0QX39	ITPR	medium	partial	itpr.hmm wins by 32.5 bits (100.0% of 32.5) over 816 profile positions; no ryr.hmm hit	32.5	0.0	32.5	1.0	1.8e-06		1.8e-06	0.304	0.0	816	0	0.919	1248	IMG5_137710	Ichthyophthirius multifiliis	5932	0	MIR domain protein	protista_other
G0QYT7	unassigned	none	module	itpr.hmm matched only 129 profile positions (< 200) — a shared module, not a family assignment	59.5	44.3	15.2	0.2555	1.3e-14	2.8e-10	1.3e-14	0.048	0.023	129	113	0.876	153	IMG5_152130	Ichthyophthirius multifiliis	5932	0	Ion transport domain-containing protein	protista_other
G0QZT1	ITPR	medium	partial	itpr.hmm wins by 101.3 bits (100.0% of 101.3) over 776 profile positions; no ryr.hmm hit	101.3	0.0	101.3	1.0	3.3e-27		3.3e-27	0.289	0.0	776	0	0.96	1046	IMG5_159630	Ichthyophthirius multifiliis	5932	0	MIR domain protein	protista_other
G0QZT2	ITPR	medium	partial	itpr.hmm wins by 193.6 bits (53.6% of 360.9) over 698 profile positions	360.9	167.3	193.6	0.5364	1.9e-105	2.4e-47	1.9e-105	0.26	0.094	698	463	0.815	959	IMG5_159640	Ichthyophthirius multifiliis	5932	0	MIR domain protein	protista_other
G0R060	ITPR	medium	partial	itpr.hmm wins by 48.8 bits (38.3% of 127.5) over 207 profile positions	127.5	78.7	48.8	0.3827	4.1e-35	1.2e-20	4.1e-35	0.077	0.021	207	104	0.73	289	IMG5_162140	Ichthyophthirius multifiliis	5932	0	MIR domain protein	protista_other
G0R061	ITPR	medium	partial	itpr.hmm wins by 152.2 bits (100.0% of 152.2) over 966 profile positions; no ryr.hmm hit	152.2	0.0	152.2	1.0	1.5e-42		1.5e-42	0.36	0.0	966	0	0.661	1706	IMG5_162150	Ichthyophthirius multifiliis	5932	0	MIR domain protein (Fragment)	protista_other
G0R0G0	ITPR	medium	partial	itpr.hmm wins by 43.2 bits (43.5% of 99.4) over 220 profile positions	99.4	56.2	43.2	0.4346	1.2e-26	7e-14	1.2e-26	0.082	0.041	220	202	0.681	301	IMG5_164510	Ichthyophthirius multifiliis	5932	0	Ion transport domain-containing protein	protista_other
G0R176	unassigned	none	module	ryr.hmm matched only 64 profile positions (< 200) — a shared module, not a family assignment	0.0	31.4	31.4	1.0		2.2e-06	2.2e-06	0.0	0.013	0	64	0.257	474	IMG5_168880	Ichthyophthirius multifiliis	5932	0	Protein kinase domain protein (Fragment)	protista_other
G0R2I0	unassigned	none	module	itpr.hmm matched only 123 profile positions (< 200) — a shared module, not a family assignment	35.5	0.0	35.5	1.0	2.3e-07		2.3e-07	0.046	0.0	123	0	0.597	243	IMG5_178360	Ichthyophthirius multifiliis	5932	0	MIR domain protein (Fragment)	protista_other
G0R2I1	ITPR	medium	partial	itpr.hmm wins by 57.0 bits (100.0% of 57.0) over 585 profile positions; no ryr.hmm hit	57.0	0.0	57.0	1.0	7.4e-14		7.4e-14	0.218	0.0	585	0	0.829	832	IMG5_178370	Ichthyophthirius multifiliis	5932	0	MIR domain protein	protista_other
G0R2I2	ITPR	medium	partial	itpr.hmm wins by 93.5 bits (63.2% of 147.9) over 413 profile positions	147.9	54.4	93.5	0.6322	3e-41	2.5e-13	3e-41	0.154	0.034	413	168	0.535	828	IMG5_178380	Ichthyophthirius multifiliis	5932	0	MIR domain protein	protista_other
G0R2L6	ITPR	medium	partial	itpr.hmm wins by 79.5 bits (36.7% of 216.6) over 207 profile positions	216.6	137.1	79.5	0.367	5.8e-62	3e-38	5.8e-62	0.077	0.038	207	187	0.975	202	IMG5_179370	Ichthyophthirius multifiliis	5932	0	Inositol-trisphosphate receptor, putative	protista_other
G0R3I8	ITPR	medium	partial	itpr.hmm wins by 155.9 bits (100.0% of 155.9) over 870 profile positions; no ryr.hmm hit	155.9	0.0	155.9	1.0	1.1e-43		1.1e-43	0.324	0.0	870	0	0.857	1250	IMG5_185600	Ichthyophthirius multifiliis	5932	0	MIR domain protein	protista_other
G0R3I9	ITPR	medium	partial	itpr.hmm wins by 168.2 bits (55.2% of 304.8) over 585 profile positions	304.8	136.6	168.2	0.5518	1.6e-88	4.2e-38	1.6e-88	0.218	0.048	585	237	0.707	956	IMG5_185610	Ichthyophthirius multifiliis	5932	0	MIR domain protein	protista_other
G0R3P2	ITPR	high	architecture	itpr.hmm wins by 472.6 bits (75.8% of 623.9) over 2306 profile positions	623.9	151.3	472.6	0.7575	1e-184	1.6e-42	1e-184	0.859	0.207	2306	1021	0.967	2771	IMG5_186770	Ichthyophthirius multifiliis	5932	0	MIR domain protein	protista_other
G0R424	ITPR	medium	partial	itpr.hmm wins by 308.4 bits (72.8% of 423.5) over 770 profile positions	423.5	115.1	308.4	0.7282	2.6e-124	1.3e-31	2.6e-124	0.287	0.093	770	458	0.939	928	IMG5_189090	Ichthyophthirius multifiliis	5932	0	MIR domain protein (Fragment)	protista_other
G0R464	ITPR	high	architecture	itpr.hmm wins by 420.6 bits (67.4% of 624.2) over 2378 profile positions	624.2	203.6	420.6	0.6738	8.3e-185	2.8e-58	8.3e-185	0.886	0.177	2378	873	0.945	2894	IMG5_190300	Ichthyophthirius multifiliis	5932	0	MIR domain protein	protista_other
G0R4L7	ITPR	medium	partial	itpr.hmm wins by 230.5 bits (100.0% of 230.5) over 1237 profile positions; no ryr.hmm hit	230.5	0.0	230.5	1.0	3.8e-66		3.8e-66	0.461	0.0	1237	0	0.983	1597	IMG5_193770	Ichthyophthirius multifiliis	5932	0	MIR domain protein	protista_other
G4YJZ1	ITPR	high	architecture	itpr.hmm wins by 1072.9 bits (80.2% of 1338.2) over 1849 profile positions	1338.2	265.3	1072.9	0.8017	0	7.3e-77	0	0.689	0.145	1849	715	0.86	3001	PHYSODRAFT_308549	Phytophthora sojae (strain P6497)	1094619	0	Uncharacterized protein	protista_other
G4YME6	unassigned	none	module	ryr.hmm matched only 123 profile positions (< 200) — a shared module, not a family assignment	0.0	98.2	98.2	1.0		1.6e-26	1.6e-26	0.0	0.025	0	123	0.074	1699	PHYSODRAFT_476799	Phytophthora sojae (strain P6497)	1094619	0	B30.2/SPRY domain-containing protein	protista_other
G4YPH5	RYR	medium	partial	ryr.hmm wins by 42.2 bits (100.0% of 42.2) over 207 profile positions; no itpr.hmm hit	0.0	42.2	42.2	1.0		1.2e-09	1.2e-09	0.0	0.042	0	207	0.049	4167	PHYSODRAFT_309181	Phytophthora sojae (strain P6497)	1094619	0	FHA domain-containing protein	protista_other
G4YWQ0	unassigned	none	module	ryr.hmm matched only 64 profile positions (< 200) — a shared module, not a family assignment	0.0	30.2	30.2	1.0		4.9e-06	4.9e-06	0.0	0.013	0	64	0.2	659	PHYSODRAFT_482336	Phytophthora sojae (strain P6497)	1094619	0	EF-hand domain-containing protein	protista_other
G4Z3C0	unassigned	none	module	ryr.hmm matched only 64 profile positions (< 200) — a shared module, not a family assignment	0.0	93.9	93.9	1.0		3.1e-25	3.1e-25	0.0	0.013	0	64	0.5	1016	PHYSODRAFT_494835	Phytophthora sojae (strain P6497)	1094619	0	EF-hand domain-containing protein	protista_other
G4ZBR5	unassigned	none	module	ryr.hmm matched only 59 profile positions (< 200) — a shared module, not a family assignment	0.0	60.1	60.1	1.0		4.9e-15	4.9e-15	0.0	0.012	0	59	0.192	950	PHYSODRAFT_490512	Phytophthora sojae (strain P6497)	1094619	0	Serine/threonine-protein phosphatase	protista_other
G4ZDA2	unassigned	none	module	ryr.hmm matched only 133 profile positions (< 200) — a shared module, not a family assignment	0.0	108.3	108.3	1.0		1.4e-29	1.4e-29	0.0	0.027	0	133	0.051	4654	PHYSODRAFT_498805	Phytophthora sojae (strain P6497)	1094619	0	B30.2/SPRY domain-containing protein	protista_other
G4ZET6	RYR	medium	partial	ryr.hmm wins by 117.5 bits (100.0% of 117.5) over 212 profile positions; no itpr.hmm hit	0.0	117.5	117.5	1.0		2.4e-32	2.4e-32	0.0	0.043	0	212	0.261	755	PHYSODRAFT_314541	Phytophthora sojae (strain P6497)	1094619	0	Protein kinase domain-containing protein	protista_other
G4ZM15	RYR	medium	partial	ryr.hmm wins by 183.1 bits (100.0% of 183.1) over 217 profile positions; no itpr.hmm hit	0.0	183.1	183.1	1.0		4.2e-52	4.2e-52	0.0	0.044	0	217	0.166	1305	PHYSODRAFT_561359	Phytophthora sojae (strain P6497)	1094619	0	Polycystin cation channel PKD1/PKD2 domain-containing protein	protista_other
G4ZMQ8	unassigned	none	module	ryr.hmm matched only 123 profile positions (< 200) — a shared module, not a family assignment	0.0	181.9	181.9	1.0		9.5e-52	9.5e-52	0.0	0.025	0	123	0.151	1401	PHYSODRAFT_263012	Phytophthora sojae (strain P6497)	1094619	0	Ryanodine-inositol 1,4,5-triphosphate receptor Ca2 channel (RIR-CaC) family protein	protista_other
G4ZP04	unassigned	none	module	ryr.hmm matched only 64 profile positions (< 200) — a shared module, not a family assignment	0.0	52.3	52.3	1.0		1.1e-12	1.1e-12	0.0	0.013	0	64	0.235	510	PHYSODRAFT_315936	Phytophthora sojae (strain P6497)	1094619	0	Uncharacterized protein	protista_other
G5A3I0	unassigned	none	module	ryr.hmm matched only 79 profile positions (< 200) — a shared module, not a family assignment	0.0	50.9	50.9	1.0		2.8e-12	2.8e-12	0.0	0.016	0	79	0.135	1845	PHYSODRAFT_521908	Phytophthora sojae (strain P6497)	1094619	0	EF-hand domain-containing protein	protista_other
G5AET6	unassigned	none	module	ryr.hmm matched only 133 profile positions (< 200) — a shared module, not a family assignment	0.0	92.8	92.8	1.0		6.8e-25	6.8e-25	0.0	0.027	0	133	0.223	609	PHYSODRAFT_362482	Phytophthora sojae (strain P6497)	1094619	0	C3H1-type domain-containing protein	protista_other
G5AIM3	unassigned	none	module	ryr.hmm matched only 74 profile positions (< 200) — a shared module, not a family assignment	0.0	57.6	57.6	1.0		2.7e-14	2.7e-14	0.0	0.015	0	74	0.872	149	PHYSODRAFT_292780	Phytophthora sojae (strain P6497)	1094619	0	Calmodulin	protista_other
H3G9K1	unassigned	none	module	ryr.hmm matched only 74 profile positions (< 200) — a shared module, not a family assignment	0.0	57.6	57.6	1.0		2.7e-14	2.7e-14	0.0	0.015	0	74	0.872	149		Phytophthora ramorum	164328	0	Calmodulin	protista_other
H3GBF6	unassigned	none	module	ryr.hmm matched only 133 profile positions (< 200) — a shared module, not a family assignment	0.0	183.7	183.7	1.0		2.9e-52	2.9e-52	0.0	0.027	0	133	0.16	1388		Phytophthora ramorum	164328	0	Ryanodine-inositol 1,4,5-triphosphate receptor Ca2 channel (RIR-CaC) family protein	protista_other
H3GBZ9	RYR	medium	partial	ryr.hmm wins by 176.8 bits (100.0% of 176.8) over 217 profile positions; no itpr.hmm hit	0.0	176.8	176.8	1.0		3.2e-50	3.2e-50	0.0	0.044	0	217	0.159	1356		Phytophthora ramorum	164328	0	Polycystin cation channel PKD1/PKD2 domain-containing protein	protista_other
H3GJW2	RYR	medium	partial	ryr.hmm wins by 112.0 bits (100.0% of 112.0) over 212 profile positions; no itpr.hmm hit	0.0	112.0	112.0	1.0		1.1e-30	1.1e-30	0.0	0.043	0	212	0.261	759		Phytophthora ramorum	164328	0	Protein kinase domain-containing protein	protista_other
H3GLG1	unassigned	none	module	ryr.hmm matched only 64 profile positions (< 200) — a shared module, not a family assignment	0.0	99.0	99.0	1.0		9e-27	9e-27	0.0	0.013	0	64	0.418	1247		Phytophthora ramorum	164328	0	EF-hand domain-containing protein	protista_other
H3GLM9	unassigned	none	module	ryr.hmm matched only 59 profile positions (< 200) — a shared module, not a family assignment	0.0	57.7	57.7	1.0		2.5e-14	2.5e-14	0.0	0.012	0	59	0.194	941		Phytophthora ramorum	164328	0	Serine/threonine-protein phosphatase	protista_other
H3GSU4	unassigned	none	module	ryr.hmm matched only 64 profile positions (< 200) — a shared module, not a family assignment	0.0	32.4	32.4	1.0		1.1e-06	1.1e-06	0.0	0.013	0	64	0.087	2729		Phytophthora ramorum	164328	0	Eukaryotic translation initiation factor 3 subunit F	protista_other
H3GXJ2	unassigned	none	module	ryr.hmm matched only 133 profile positions (< 200) — a shared module, not a family assignment	0.0	96.6	96.6	1.0		4.8e-26	4.8e-26	0.0	0.027	0	133	0.224	616		Phytophthora ramorum	164328	0	C3H1-type domain-containing protein	protista_other
I7LU07	ITPR	high	architecture	itpr.hmm wins by 322.1 bits (100.0% of 322.1) over 2319 profile positions; no ryr.hmm hit	322.1	0.0	322.1	1.0	9.4e-94		9.4e-94	0.864	0.0	2319	0	0.813	3344	TTHERM_00538870	Tetrahymena thermophila (strain SB210)	312017	0	MIR domain protein	protista_other
I7LUE7	ITPR	high	architecture	itpr.hmm wins by 604.9 bits (75.3% of 803.8) over 2526 profile positions	803.8	198.9	604.9	0.7526	5.9e-239	7.4e-57	5.9e-239	0.941	0.178	2526	878	0.987	3056	TTHERM_00295220	Tetrahymena thermophila (strain SB210)	312017	0	Zinc finger, C2H2 type family protein	protista_other
I7M0A1	ITPR	high	architecture	itpr.hmm wins by 495.4 bits (75.1% of 659.9) over 2555 profile positions	659.9	164.5	495.4	0.7507	1.4e-195	1.7e-46	1.4e-195	0.952	0.2	2555	986	0.897	3489	TTHERM_00545830	Tetrahymena thermophila (strain SB210)	312017	0	MIR domain protein	protista_other
I7M136	ITPR	high	architecture	itpr.hmm wins by 701.7 bits (73.5% of 954.2) over 2617 profile positions	954.2	252.5	701.7	0.7354	2.7e-284	5.3e-73	2.7e-284	0.975	0.255	2617	1257	0.995	2860	TTHERM_00522370	Tetrahymena thermophila (strain SB210)	312017	0	Cation channel family protein	protista_other
I7M298	ITPR	high	architecture	itpr.hmm wins by 310.4 bits (59.8% of 519.1) over 2201 profile positions	519.1	208.7	310.4	0.598	3.9e-153	8e-60	3.9e-153	0.82	0.114	2201	562	0.736	3118	TTHERM_00138560	Tetrahymena thermophila (strain SB210)	312017	0	Inositol 1,4,5-trisphosphate receptor type 3	protista_other
I7M2A9	unassigned	none	module	ryr.hmm matched only 64 profile positions (< 200) — a shared module, not a family assignment	0.0	34.8	34.8	1.0		2e-07	2e-07	0.0	0.013	0	64	0.254	477	TTHERM_00589960	Tetrahymena thermophila (strain SB210)	312017	0	Calcium-dependent protein kinase 1	protista_other
I7M475	ITPR	high	architecture	itpr.hmm wins by 340.9 bits (62.6% of 544.8) over 2115 profile positions	544.8	203.9	340.9	0.6257	6.9e-161	2.2e-58	6.9e-161	0.788	0.141	2115	695	0.777	3030	TTHERM_00762850	Tetrahymena thermophila (strain SB210)	312017	0	Inositol-triphosphate type 1 protein	protista_other
I7M6U5	unassigned	none	module	ryr.hmm matched only 64 profile positions (< 200) — a shared module, not a family assignment	0.0	34.1	34.1	1.0		3.3e-07	3.3e-07	0.0	0.013	0	64	0.255	471	TTHERM_00053930	Tetrahymena thermophila (strain SB210)	312017	0	non-specific serine/threonine protein kinase	protista_other
I7MD35	ITPR	high	architecture	itpr.hmm wins by 253.9 bits (100.0% of 253.9) over 1919 profile positions; no ryr.hmm hit	253.9	0.0	253.9	1.0	3.3e-73		3.3e-73	0.715	0.0	1919	0	0.719	3720	TTHERM_00441700	Tetrahymena thermophila (strain SB210)	312017	0	Transmembrane protein, putative	protista_other
I7MD72	ITPR	high	architecture	itpr.hmm wins by 421.3 bits (75.9% of 554.7) over 2512 profile positions	554.7	133.4	421.3	0.7595	7.2e-164	3.8e-37	7.2e-164	0.936	0.226	2512	1114	0.957	3236	TTHERM_00420230	Tetrahymena thermophila (strain SB210)	312017	0	MIR domain protein	protista_other
I7MDI4	ITPR	high	architecture	itpr.hmm wins by 304.1 bits (100.0% of 304.1) over 2563 profile positions; no ryr.hmm hit	304.1	0.0	304.1	1.0	2.5e-88		2.5e-88	0.955	0.0	2563	0	0.942	3380	TTHERM_00538860	Tetrahymena thermophila (strain SB210)	312017	0	MIR domain protein	protista_other
I7MDJ7	ITPR	high	architecture	itpr.hmm wins by 237.0 bits (65.1% of 364.2) over 2424 profile positions	364.2	127.2	237.0	0.6507	1.9e-106	2.9e-35	1.9e-106	0.903	0.188	2424	927	0.934	3449	TTHERM_00370740	Tetrahymena thermophila (strain SB210)	312017	0	Cation channel family protein	protista_other
I7MEA3	ITPR	high	architecture	itpr.hmm wins by 458.2 bits (75.1% of 610.0) over 2515 profile positions	610.0	151.8	458.2	0.7511	1.5e-180	1.1e-42	1.5e-180	0.937	0.228	2515	1124	0.979	3168	TTHERM_00125140	Tetrahymena thermophila (strain SB210)	312017	0	MIR domain protein	protista_other
I7MJ45	ITPR	high	architecture	itpr.hmm wins by 308.0 bits (58.7% of 525.1) over 2413 profile positions	525.1	217.1	308.0	0.5866	6.2e-155	2.5e-62	6.2e-155	0.899	0.123	2413	606	0.983	2926	TTHERM_00762860	Tetrahymena thermophila (strain SB210)	312017	0	Inositol-triphosphate type 1 protein	protista_other
J4CD27	unassigned	none	module	ryr.hmm matched only 54 profile positions (< 200) — a shared module, not a family assignment	0.0	54.8	54.8	1.0		1.9e-13	1.9e-13	0.0	0.011	0	54	0.758	149	TOT_020000669	Theileria orientalis strain Shintoku	869250	0	Calmodulin	protista_other
K0RWM8	unassigned	none	module	ryr.hmm matched only 74 profile positions (< 200) — a shared module, not a family assignment	0.0	53.5	53.5	1.0		4.6e-13	4.6e-13	0.0	0.015	0	74	0.872	149	THAOC_00268	Thalassiosira oceanica	159749	0	Calmodulin	protista_other
K0SA29	unassigned	none	module	ryr.hmm matched only 64 profile positions (< 200) — a shared module, not a family assignment	0.0	35.2	35.2	1.0		1.6e-07	1.6e-07	0.0	0.013	0	64	0.373	284	THAOC_17678	Thalassiosira oceanica	159749	0	Uncharacterized protein	protista_other
K0ST15	unassigned	none	module	ryr.hmm matched only 123 profile positions (< 200) — a shared module, not a family assignment	0.0	81.9	81.9	1.0		1.3e-21	1.3e-21	0.0	0.025	0	123	0.027	4828	THAOC_10275	Thalassiosira oceanica	159749	0	B30.2/SPRY domain-containing protein	protista_other
K2LW12	ITPR	high	architecture	itpr.hmm wins by 367.1 bits (56.8% of 646.9) over 1887 profile positions	646.9	279.8	367.1	0.5675	1.2e-191	3.2e-81	1.2e-191	0.703	0.129	1887	636	0.724	3014	MOQ_009372	Trypanosoma cruzi marinkellei	85056	0	Inositol 1,4,5-trisphosphate receptor	protista_other
K2MBZ3	unassigned	none	module	ryr.hmm matched only 143 profile positions (< 200) — a shared module, not a family assignment	0.0	100.0	100.0	1.0		4.5e-27	4.5e-27	0.0	0.029	0	143	0.099	3716	MOQ_003432	Trypanosoma cruzi marinkellei	85056	0	Ubiquitin-protein ligase, putative	protista_other
K2MW43	unassigned	none	module	ryr.hmm matched only 128 profile positions (< 200) — a shared module, not a family assignment	0.0	101.7	101.7	1.0		1.4e-27	1.4e-27	0.0	0.026	0	128	0.06	4428	MOQ_006261	Trypanosoma cruzi marinkellei	85056	0	Ubiquitin-protein ligase, putative	protista_other
K2NB84	RYR	medium	partial	ryr.hmm wins by 41.9 bits (100.0% of 41.9) over 784 profile positions; no itpr.hmm hit	0.0	41.9	41.9	1.0		1.4e-09	1.4e-09	0.0	0.159	0	784	0.034	4134	MOQ_004044	Trypanosoma cruzi marinkellei	85056	0	B30.2/SPRY domain-containing protein	protista_other
K3W722	unassigned	none	module	ryr.hmm matched only 123 profile positions (< 200) — a shared module, not a family assignment	0.0	97.6	97.6	1.0		2.4e-26	2.4e-26	0.0	0.025	0	123	0.122	1036		Globisporangium ultimum (strain ATCC 200006 / CBS 805.95 / DAOM BR144)	431595	0	B30.2/SPRY domain-containing protein	protista_other
K3W8N0	unassigned	none	module	ryr.hmm matched only 79 profile positions (< 200) — a shared module, not a family assignment	0.0	38.9	38.9	1.0		1.1e-08	1.1e-08	0.0	0.016	0	79	0.125	3147		Globisporangium ultimum (strain ATCC 200006 / CBS 805.95 / DAOM BR144)	431595	0	EF-hand domain-containing protein	protista_other
K3WA03	ITPR	medium	partial	itpr.hmm wins by 122.3 bits (38.9% of 314.2) over 255 profile positions	314.2	191.9	122.3	0.3892	2.2e-91	9.6e-55	2.2e-91	0.095	0.046	255	227	0.806	310		Globisporangium ultimum (strain ATCC 200006 / CBS 805.95 / DAOM BR144)	431595	0	Ion transport domain-containing protein	protista_other
K3WA04	ITPR	medium	partial	itpr.hmm wins by 261.4 bits (100.0% of 261.4) over 376 profile positions; no ryr.hmm hit	261.4	0.0	261.4	1.0	1.8e-75		1.8e-75	0.14	0.0	376	0	0.987	532		Globisporangium ultimum (strain ATCC 200006 / CBS 805.95 / DAOM BR144)	431595	0	RIH domain-containing protein	protista_other
K3WA05	ITPR	medium	partial	itpr.hmm wins by 250.8 bits (100.0% of 250.8) over 384 profile positions; no ryr.hmm hit	250.8	0.0	250.8	1.0	2.8e-72		2.8e-72	0.143	0.0	384	0	0.851	582		Globisporangium ultimum (strain ATCC 200006 / CBS 805.95 / DAOM BR144)	431595	0	RIH domain-containing protein	protista_other
K3WG63	unassigned	none	module	ryr.hmm matched only 108 profile positions (< 200) — a shared module, not a family assignment	0.0	175.6	175.6	1.0		7.6e-50	7.6e-50	0.0	0.022	0	108	0.172	1179		Globisporangium ultimum (strain ATCC 200006 / CBS 805.95 / DAOM BR144)	431595	0	Ryanodine receptor Ryr domain-containing protein	protista_other
K3WGP0	unassigned	none	module	ryr.hmm matched only 59 profile positions (< 200) — a shared module, not a family assignment	0.0	45.4	45.4	1.0		1.3e-10	1.3e-10	0.0	0.012	0	59	0.358	324		Globisporangium ultimum (strain ATCC 200006 / CBS 805.95 / DAOM BR144)	431595	0	Uncharacterized protein	protista_other
K3WH69	RYR	medium	partial	ryr.hmm wins by 178.9 bits (100.0% of 178.9) over 232 profile positions; no itpr.hmm hit	0.0	178.9	178.9	1.0		7.7e-51	7.7e-51	0.0	0.047	0	232	0.164	1387		Globisporangium ultimum (strain ATCC 200006 / CBS 805.95 / DAOM BR144)	431595	0	Ryanodine-inositol 1,4,5-triphosphate receptor Ca2 channel (RIR-CaC) family protein	protista_other
K3WKH0	unassigned	none	module	ryr.hmm matched only 128 profile positions (< 200) — a shared module, not a family assignment	0.0	90.6	90.6	1.0		3.1e-24	3.1e-24	0.0	0.026	0	128	0.663	193		Globisporangium ultimum (strain ATCC 200006 / CBS 805.95 / DAOM BR144)	431595	0	B30.2/SPRY domain-containing protein	protista_other
K3WLK3	unassigned	none	module	ryr.hmm matched only 59 profile positions (< 200) — a shared module, not a family assignment	0.0	47.7	47.7	1.0		2.5e-11	2.5e-11	0.0	0.012	0	59	0.58	212		Globisporangium ultimum (strain ATCC 200006 / CBS 805.95 / DAOM BR144)	431595	0	EF-hand domain-containing protein	protista_other
K3WRR0	unassigned	none	module	ryr.hmm matched only 153 profile positions (< 200) — a shared module, not a family assignment	0.0	103.5	103.5	1.0		4.1e-28	4.1e-28	0.0	0.031	0	153	0.257	592		Globisporangium ultimum (strain ATCC 200006 / CBS 805.95 / DAOM BR144)	431595	0	C3H1-type domain-containing protein	protista_other
K3WT89	unassigned	none	module	best profile score 29.4 < 30 bits	0.0	29.4	29.4	1.0		8.4e-06	8.4e-06	0.0	0.012	0	59	0.699	166		Globisporangium ultimum (strain ATCC 200006 / CBS 805.95 / DAOM BR144)	431595	0	EF-hand domain-containing protein	protista_other
K3WV29	RYR	medium	partial	ryr.hmm wins by 123.5 bits (100.0% of 123.5) over 217 profile positions; no itpr.hmm hit	0.0	123.5	123.5	1.0		3.8e-34	3.8e-34	0.0	0.044	0	217	0.263	782		Globisporangium ultimum (strain ATCC 200006 / CBS 805.95 / DAOM BR144)	431595	0	Protein kinase domain-containing protein	protista_other
K3WZH3	unassigned	none	module	ryr.hmm matched only 59 profile positions (< 200) — a shared module, not a family assignment	0.0	38.8	38.8	1.0		1.2e-08	1.2e-08	0.0	0.012	0	59	0.139	822		Globisporangium ultimum (strain ATCC 200006 / CBS 805.95 / DAOM BR144)	431595	0	EF-hand domain-containing protein	protista_other
K3X1F8	unassigned	none	module	ryr.hmm matched only 128 profile positions (< 200) — a shared module, not a family assignment	0.0	80.5	80.5	1.0		3.5e-21	3.5e-21	0.0	0.026	0	128	0.417	1288		Globisporangium ultimum (strain ATCC 200006 / CBS 805.95 / DAOM BR144)	431595	0	EF-hand domain-containing protein	protista_other
K3X5P9	unassigned	none	module	ryr.hmm matched only 64 profile positions (< 200) — a shared module, not a family assignment	0.0	45.6	45.6	1.0		1.1e-10	1.1e-10	0.0	0.013	0	64	0.092	2490		Globisporangium ultimum (strain ATCC 200006 / CBS 805.95 / DAOM BR144)	431595	0	EF-hand domain-containing protein	protista_other
K3XB32	unassigned	none	module	ryr.hmm matched only 59 profile positions (< 200) — a shared module, not a family assignment	0.0	36.4	36.4	1.0		6.7e-08	6.7e-08	0.0	0.012	0	59	0.456	263		Globisporangium ultimum (strain ATCC 200006 / CBS 805.95 / DAOM BR144)	431595	0	EF-hand domain-containing protein	protista_other
K3XBA4	unassigned	none	module	ryr.hmm matched only 74 profile positions (< 200) — a shared module, not a family assignment	0.0	57.6	57.6	1.0		2.7e-14	2.7e-14	0.0	0.015	0	74	0.872	149		Globisporangium ultimum (strain ATCC 200006 / CBS 805.95 / DAOM BR144)	431595	0	Calmodulin	protista_other
K6UCC3	unassigned	none	module	ryr.hmm matched only 59 profile positions (< 200) — a shared module, not a family assignment	0.0	30.3	30.3	1.0		4.7e-06	4.7e-06	0.0	0.012	0	59	0.685	168	PCYB_021700	Plasmodium cynomolgi (strain B)	1120755	0	Centrin	protista_other
K6UVT7	unassigned	none	module	ryr.hmm matched only 64 profile positions (< 200) — a shared module, not a family assignment	0.0	39.3	39.3	1.0		8.9e-09	8.9e-09	0.0	0.013	0	64	0.23	564	PCYB_122510	Plasmodium cynomolgi (strain B)	1120755	0	non-specific serine/threonine protein kinase	protista_other
K6VGC1	unassigned	none	module	ryr.hmm matched only 69 profile positions (< 200) — a shared module, not a family assignment	0.0	58.4	58.4	1.0		1.6e-14	1.6e-14	0.0	0.014	0	69	0.872	149	PCYB_132470	Plasmodium cynomolgi (strain B)	1120755	0	Calmodulin	protista_other
L0AVQ8	unassigned	none	module	ryr.hmm matched only 54 profile positions (< 200) — a shared module, not a family assignment	0.0	56.2	56.2	1.0		7e-14	7e-14	0.0	0.011	0	54	0.758	149	BEWA_025410	Theileria equi (strain WA)	1537102	0	Calmodulin	protista_other
L1I6B0	unassigned	none	module	ryr.hmm matched only 138 profile positions (< 200) — a shared module, not a family assignment	0.0	39.9	39.9	1.0		6e-09	6e-09	0.0	0.028	0	138	0.32	431		Guillardia theta (strain CCMP2712)	905079	0	B30.2/SPRY domain-containing protein	protista_other
L1IBJ2	ITPR	high	architecture	itpr.hmm wins by 182.5 bits (70.2% of 259.9) over 2190 profile positions	259.9	77.4	182.5	0.7022	5.3e-75	2.9e-20	5.3e-75	0.816	0.173	2190	853	0.836	2795		Guillardia theta (strain CCMP2712)	905079	0	MIR domain-containing protein	protista_other
L1IFD1	unassigned	none	module	ryr.hmm matched only 59 profile positions (< 200) — a shared module, not a family assignment	0.0	52.9	52.9	1.0		7e-13	7e-13	0.0	0.012	0	59	0.389	450		Guillardia theta (strain CCMP2712)	905079	0	EF-hand domain-containing protein	protista_other
L1IIT6	unassigned	none	module	ryr.hmm matched only 59 profile positions (< 200) — a shared module, not a family assignment	0.0	31.0	31.0	1.0		2.9e-06	2.9e-06	0.0	0.012	0	59	0.414	278		Guillardia theta (strain CCMP2712)	905079	0	EF-hand domain-containing protein	protista_other
L1IK07	unassigned	none	module	itpr.hmm matched only 137 profile positions (< 200) — a shared module, not a family assignment	36.7	0.0	36.7	1.0	9.7e-08		9.7e-08	0.051	0.0	137	0	0.228	635		Guillardia theta (strain CCMP2712)	905079	0	Inositol 1,4,5-trisphosphate/ryanodine receptor domain-containing protein	protista_other
L1IQ61	unassigned	none	module	ryr.hmm matched only 69 profile positions (< 200) — a shared module, not a family assignment	0.0	33.7	33.7	1.0		4.3e-07	4.3e-07	0.0	0.014	0	69	0.147	877		Guillardia theta (strain CCMP2712)	905079	0	Serine/threonine-protein phosphatase	protista_other
L1IQY3	unassigned	none	module	ryr.hmm matched only 59 profile positions (< 200) — a shared module, not a family assignment	0.0	33.2	33.2	1.0		6.3e-07	6.3e-07	0.0	0.012	0	59	0.099	2099		Guillardia theta (strain CCMP2712)	905079	0	SPRY domain-containing protein	protista_other
L1IR91	unassigned	none	module	ryr.hmm matched only 133 profile positions (< 200) — a shared module, not a family assignment	0.0	80.6	80.6	1.0		3.2e-21	3.2e-21	0.0	0.027	0	133	0.11	1163		Guillardia theta (strain CCMP2712)	905079	0	B30.2/SPRY domain-containing protein	protista_other
L1ISI8	ITPR	high	architecture	itpr.hmm wins by 592.1 bits (69.3% of 854.8) over 2477 profile positions	854.8	262.7	592.1	0.6927	2.5e-254	4.4e-76	2.5e-254	0.923	0.205	2477	1011	0.97	2594		Guillardia theta (strain CCMP2712)	905079	0	MIR domain-containing protein	protista_other
L1J002	ITPR	medium	partial	itpr.hmm wins by 261.8 bits (100.0% of 261.8) over 1130 profile positions; no ryr.hmm hit	261.8	0.0	261.8	1.0	1.4e-75		1.4e-75	0.421	0.0	1130	0	0.507	2372		Guillardia theta (strain CCMP2712)	905079	0	Inositol 1,4,5-trisphosphate/ryanodine receptor domain-containing protein	protista_other
L1J2N3	ITPR	medium	partial	itpr.hmm wins by 157.9 bits (64.5% of 245.0) over 851 profile positions	245.0	87.1	157.9	0.6445	1.6e-70	3.5e-23	1.6e-70	0.317	0.086	851	424	0.972	994		Guillardia theta (strain CCMP2712)	905079	0	RyR/IP3R Homology associated domain-containing protein	protista_other
L1J3U3	unassigned	none	module	itpr.hmm matched only 94 profile positions (< 200) — a shared module, not a family assignment	58.6	36.4	22.2	0.3788	2.5e-14	6.5e-08	2.5e-14	0.035	0.015	94	74	0.978	93		Guillardia theta (strain CCMP2712)	905079	0	MIR domain-containing protein	protista_other
L1JC12	ITPR	high	architecture	itpr.hmm wins by 705.5 bits (77.5% of 910.5) over 2442 profile positions	910.5	205.0	705.5	0.7748	4e-271	1.1e-58	4e-271	0.91	0.146	2442	720	0.864	3048		Guillardia theta (strain CCMP2712)	905079	0	Cyclic nucleotide-binding domain-containing protein	protista_other
L1JGV1	unassigned	none	module	ryr.hmm matched only 59 profile positions (< 200) — a shared module, not a family assignment	0.0	48.4	48.4	1.0		1.6e-11	1.6e-11	0.0	0.012	0	59	0.797	148		Guillardia theta (strain CCMP2712)	905079	0	EF-hand domain-containing protein	protista_other
L1JHG3	unassigned	none	module	best profile score 29.6 < 30 bits	0.0	29.6	29.6	1.0		7.3e-06	7.3e-06	0.0	0.013	0	64	0.413	155		Guillardia theta (strain CCMP2712)	905079	0	EF-hand domain-containing protein	protista_other
L1JMS2	unassigned	none	module	ryr.hmm matched only 89 profile positions (< 200) — a shared module, not a family assignment	0.0	43.4	43.4	1.0		5.1e-10	5.1e-10	0.0	0.018	0	89	0.113	772		Guillardia theta (strain CCMP2712)	905079	0	ATP-dependent RNA helicase DDX1	protista_other
L1JMV2	unassigned	none	module	ryr.hmm matched only 69 profile positions (< 200) — a shared module, not a family assignment	0.0	56.9	56.9	1.0		4.3e-14	4.3e-14	0.0	0.014	0	69	0.872	149		Guillardia theta (strain CCMP2712)	905079	0	EF-hand domain-containing protein	protista_other
L1JQ86	ITPR	high	architecture	itpr.hmm wins by 606.3 bits (76.0% of 797.6) over 2340 profile positions	797.6	191.3	606.3	0.7602	4.4e-237	1.5e-54	4.4e-237	0.872	0.19	2340	937	0.948	2663		Guillardia theta (strain CCMP2712)	905079	0	Uncharacterized protein	protista_other
L1JWQ4	ITPR	high	architecture	itpr.hmm wins by 558.2 bits (79.4% of 703.1) over 2327 profile positions	703.1	144.9	558.2	0.7939	1.3e-208	1.3e-40	1.3e-208	0.867	0.165	2327	813	0.934	2873		Guillardia theta (strain CCMP2712)	905079	0	MIR domain-containing protein	protista_other
L1JYA3	ITPR	high	architecture	itpr.hmm wins by 545.3 bits (66.7% of 817.3) over 2510 profile positions	817.3	272.0	545.3	0.6672	4.9e-243	7e-79	4.9e-243	0.935	0.17	2510	838	0.962	2741		Guillardia theta (strain CCMP2712)	905079	0	MIR domain-containing protein	protista_other
L1K020	ITPR	high	architecture	itpr.hmm wins by 577.1 bits (71.8% of 803.3) over 2204 profile positions	803.3	226.2	577.1	0.7184	8.1e-239	4.4e-65	8.1e-239	0.821	0.201	2204	991	0.878	2646		Guillardia theta (strain CCMP2712)	905079	0	MIR domain-containing protein	protista_other
L1K0H2	unassigned	none	module	itpr.hmm matched only 158 profile positions (< 200) — a shared module, not a family assignment	153.5	105.8	47.7	0.3107	6.3e-43	8.4e-29	6.3e-43	0.059	0.021	158	104	0.853	197		Guillardia theta (strain CCMP2712)	905079	0	Ion transport domain-containing protein	protista_other
L8GF85	ITPR	high	architecture	itpr.hmm wins by 1723.2 bits (76.7% of 2247.7) over 2633 profile positions	2247.7	524.5	1723.2	0.7667	0	6.2e-155	0	0.981	0.27	2633	1331	0.803	3344	ACA1_256780	Acanthamoeba castellanii (strain ATCC 30010 / Neff)	1257118	0	Inositol 1,4,5trisphosphate receptor type 2, putative	protista_other
L8GFJ1	unassigned	none	module	ryr.hmm matched only 138 profile positions (< 200) — a shared module, not a family assignment	0.0	65.9	65.9	1.0		8.3e-17	8.3e-17	0.0	0.028	0	138	0.059	2339	ACA1_273520	Acanthamoeba castellanii (strain ATCC 30010 / Neff)	1257118	0	SPRY domain containing protein	protista_other
L8GI85	unassigned	none	module	ryr.hmm matched only 59 profile positions (< 200) — a shared module, not a family assignment	0.0	53.5	53.5	1.0		4.5e-13	4.5e-13	0.0	0.012	0	59	0.779	154	ACA1_091870	Acanthamoeba castellanii (strain ATCC 30010 / Neff)	1257118	0	Calmodulin, putative	protista_other
L8GLW9	unassigned	none	module	ryr.hmm matched only 59 profile positions (< 200) — a shared module, not a family assignment	0.0	49.4	49.4	1.0		8.1e-12	8.1e-12	0.0	0.012	0	59	0.799	149	ACA1_366720	Acanthamoeba castellanii (strain ATCC 30010 / Neff)	1257118	0	Calmodulin	protista_other
L8GLX8	RYR	medium	partial	ryr.hmm wins by 60.4 bits (100.0% of 60.4) over 202 profile positions; no itpr.hmm hit	0.0	60.4	60.4	1.0		4e-15	4e-15	0.0	0.041	0	202	0.171	1222	ACA1_366770	Acanthamoeba castellanii (strain ATCC 30010 / Neff)	1257118	0	SPRY domain containing protein	protista_other
L8GPA7	unassigned	none	module	ryr.hmm matched only 59 profile positions (< 200) — a shared module, not a family assignment	0.0	46.5	46.5	1.0		6.1e-11	6.1e-11	0.0	0.012	0	59	0.788	151	ACA1_192080	Acanthamoeba castellanii (strain ATCC 30010 / Neff)	1257118	0	EF-hand domain-containing protein	protista_other
L8GRW7	unassigned	none	module	ryr.hmm matched only 59 profile positions (< 200) — a shared module, not a family assignment	0.0	32.7	32.7	1.0		8.6e-07	8.6e-07	0.0	0.012	0	59	0.765	153	ACA1_275470	Acanthamoeba castellanii (strain ATCC 30010 / Neff)	1257118	0	Calmodulin 1 isoform 5, putative	protista_other
L8GSS3	unassigned	none	module	ryr.hmm matched only 128 profile positions (< 200) — a shared module, not a family assignment	0.0	76.4	76.4	1.0		5.8e-20	5.8e-20	0.0	0.026	0	128	0.328	378	ACA1_377320	Acanthamoeba castellanii (strain ATCC 30010 / Neff)	1257118	0	SPRY domain containing protein	protista_other
L8GV90	unassigned	none	module	ryr.hmm matched only 113 profile positions (< 200) — a shared module, not a family assignment	0.0	67.8	67.8	1.0		2.4e-17	2.4e-17	0.0	0.023	0	113	0.167	647	ACA1_043660	Acanthamoeba castellanii (strain ATCC 30010 / Neff)	1257118	0	SPRY and ankyrin domain containing protein	protista_other
L8GZ36	unassigned	none	module	ryr.hmm matched only 133 profile positions (< 200) — a shared module, not a family assignment	0.0	57.2	57.2	1.0		3.5e-14	3.5e-14	0.0	0.027	0	133	0.175	753	ACA1_370080	Acanthamoeba castellanii (strain ATCC 30010 / Neff)	1257118	0	ATP-dependent RNA helicase DDX1	protista_other
L8H2U6	unassigned	none	module	ryr.hmm matched only 59 profile positions (< 200) — a shared module, not a family assignment	0.0	33.0	33.0	1.0		6.9e-07	6.9e-07	0.0	0.012	0	59	0.623	191	ACA1_269720	Acanthamoeba castellanii (strain ATCC 30010 / Neff)	1257118	0	EF hand domain containing protein	protista_other
L8H461	unassigned	none	module	ryr.hmm matched only 138 profile positions (< 200) — a shared module, not a family assignment	0.0	101.0	101.0	1.0		2.3e-27	2.3e-27	0.0	0.028	0	138	0.206	674	ACA1_184670	Acanthamoeba castellanii (strain ATCC 30010 / Neff)	1257118	0	SPRY domain containing protein	protista_other
L8HJJ9	unassigned	none	module	itpr.hmm matched only 70 profile positions (< 200) — a shared module, not a family assignment	52.6	0.0	52.6	1.0	1.5e-12		1.5e-12	0.026	0.0	70	0	0.489	139	ACA1_292190	Acanthamoeba castellanii (strain ATCC 30010 / Neff)	1257118	0	Uncharacterized protein	protista_other
M1USC1	unassigned	none	module	ryr.hmm matched only 64 profile positions (< 200) — a shared module, not a family assignment	0.0	34.5	34.5	1.0		2.4e-07	2.4e-07	0.0	0.013	0	64	0.603	116	CYME_CMK219C	Cyanidioschyzon merolae (strain NIES-3377 / 10D)	280699	0	Calmodulin	protista_other
M1V789	unassigned	none	module	ryr.hmm matched only 84 profile positions (< 200) — a shared module, not a family assignment	0.0	56.4	56.4	1.0		6e-14	6e-14	0.0	0.017	0	84	0.109	759	CYME_CMS248C	Cyanidioschyzon merolae (strain NIES-3377 / 10D)	280699	0	ATP-dependent RNA helicase	protista_other
M1VAS4	unassigned	none	module	ryr.hmm matched only 64 profile positions (< 200) — a shared module, not a family assignment	0.0	42.7	42.7	1.0		8.2e-10	8.2e-10	0.0	0.013	0	64	0.738	164	CYME_CME034C	Cyanidioschyzon merolae (strain NIES-3377 / 10D)	280699	0	Similar to calmodulin	protista_other
M2W6J1	unassigned	none	module	ryr.hmm matched only 84 profile positions (< 200) — a shared module, not a family assignment	0.0	41.1	41.1	1.0		2.6e-09	2.6e-09	0.0	0.017	0	84	0.191	434	Gasu_13310	Galdieria sulphuraria	130081	0	B30.2/SPRY domain-containing protein	protista_other
M2WV27	unassigned	none	module	ryr.hmm matched only 59 profile positions (< 200) — a shared module, not a family assignment	0.0	42.5	42.5	1.0		9.4e-10	9.4e-10	0.0	0.012	0	59	0.73	163	Gasu_46430	Galdieria sulphuraria	130081	0	Calmodulin isoform 2	protista_other
M2Y4U2	unassigned	none	module	ryr.hmm matched only 133 profile positions (< 200) — a shared module, not a family assignment	0.0	74.3	74.3	1.0		2.5e-19	2.5e-19	0.0	0.027	0	133	0.169	729	Gasu_17500	Galdieria sulphuraria	130081	0	ATP-dependent RNA helicase	protista_other
M4B409	unassigned	none	module	ryr.hmm matched only 59 profile positions (< 200) — a shared module, not a family assignment	0.0	32.1	32.1	1.0		1.3e-06	1.3e-06	0.0	0.012	0	59	0.492	126		Hyaloperonospora arabidopsidis (strain Emoy2)	559515	0	EF-hand domain-containing protein	protista_other
M4BA09	RYR	medium	partial	ryr.hmm wins by 173.0 bits (100.0% of 173.0) over 207 profile positions; no itpr.hmm hit	0.0	173.0	173.0	1.0		4.6e-49	4.6e-49	0.0	0.042	0	207	0.154	1341		Hyaloperonospora arabidopsidis (strain Emoy2)	559515	0	Polycystin cation channel PKD1/PKD2 domain-containing protein	protista_other
M4BHB1	unassigned	none	module	ryr.hmm matched only 138 profile positions (< 200) — a shared module, not a family assignment	0.0	94.7	94.7	1.0		1.8e-25	1.8e-25	0.0	0.028	0	138	0.258	542		Hyaloperonospora arabidopsidis (strain Emoy2)	559515	0	C3H1-type domain-containing protein	protista_other
M4BKT1	RYR	medium	partial	ryr.hmm wins by 174.4 bits (100.0% of 174.4) over 217 profile positions; no itpr.hmm hit	0.0	174.4	174.4	1.0		1.7e-49	1.7e-49	0.0	0.044	0	217	0.135	1434		Hyaloperonospora arabidopsidis (strain Emoy2)	559515	0	Ryanodine-inositol 1,4,5-triphosphate receptor Ca2 channel (RIR-CaC) family protein	protista_other
M4BRF7	unassigned	none	module	ryr.hmm matched only 64 profile positions (< 200) — a shared module, not a family assignment	0.0	61.2	61.2	1.0		2.3e-15	2.3e-15	0.0	0.013	0	64	0.276	677		Hyaloperonospora arabidopsidis (strain Emoy2)	559515	0	Serine/threonine-protein phosphatase	protista_other
M4BVW6	unassigned	none	module	ryr.hmm matched only 74 profile positions (< 200) — a shared module, not a family assignment	0.0	56.6	56.6	1.0		5.3e-14	5.3e-14	0.0	0.015	0	74	0.72	182		Hyaloperonospora arabidopsidis (strain Emoy2)	559515	0	Calmodulin	protista_other
M4C5C4	unassigned	none	module	ryr.hmm matched only 133 profile positions (< 200) — a shared module, not a family assignment	0.0	107.6	107.6	1.0		2.3e-29	2.3e-29	0.0	0.027	0	133	0.099	2387		Hyaloperonospora arabidopsidis (strain Emoy2)	559515	0	HECT-type E3 ubiquitin transferase	protista_other
P02599	unassigned	none	module	ryr.hmm matched only 64 profile positions (< 200) — a shared module, not a family assignment	0.0	54.6	54.6	1.0		2.2e-13	2.2e-13	0.0	0.013	0	64	0.789	152	calA	Dictyostelium discoideum	44689	1	Calmodulin	protista_other
P07463	unassigned	none	module	ryr.hmm matched only 59 profile positions (< 200) — a shared module, not a family assignment	0.0	54.9	54.9	1.0		1.7e-13	1.7e-13	0.0	0.012	0	59	0.785	149	CAM	Paramecium tetraurelia	5888	1	Calmodulin	protista_other
P62203	unassigned	none	module	ryr.hmm matched only 64 profile positions (< 200) — a shared module, not a family assignment	0.0	58.6	58.6	1.0		1.3e-14	1.3e-14	0.0	0.013	0	64	0.846	149	CAM	Plasmodium falciparum (isolate 3D7)	36329	1	Calmodulin	protista_other
Q22AH6	ITPR	high	architecture	itpr.hmm wins by 307.7 bits (67.8% of 453.8) over 2515 profile positions	453.8	146.1	307.7	0.6781	1.9e-133	6e-41	1.9e-133	0.937	0.195	2515	961	0.983	3412	TTHERM_01205340	Tetrahymena thermophila (strain SB210)	312017	0	IP3 receptor calcium ion channel protein	protista_other
Q22AS9	unassigned	none	module	ryr.hmm matched only 64 profile positions (< 200) — a shared module, not a family assignment	0.0	35.4	35.4	1.0		1.3e-07	1.3e-07	0.0	0.013	0	64	0.26	466	TTHERM_01164090	Tetrahymena thermophila (strain SB210)	312017	0	Calcium-dependent protein kinase 1	protista_other
Q22BP6	ITPR	high	architecture	itpr.hmm wins by 181.1 bits (64.9% of 279.0) over 2332 profile positions	279.0	97.9	181.1	0.6491	9.4e-81	2e-26	9.4e-81	0.869	0.303	2332	1494	0.679	3927	TTHERM_01093490	Tetrahymena thermophila (strain SB210)	312017	0	MIR domain protein	protista_other
Q22C42	ITPR	high	architecture	itpr.hmm wins by 557.4 bits (75.1% of 742.3) over 2440 profile positions	742.3	184.9	557.4	0.7509	2.1e-220	1.2e-52	2.1e-220	0.909	0.248	2440	1223	0.925	3401	TTHERM_01076970	Tetrahymena thermophila (strain SB210)	312017	0	RIH domain protein	protista_other
Q22DA4	ITPR	high	architecture	itpr.hmm wins by 340.1 bits (69.0% of 492.8) over 2542 profile positions	492.8	152.7	340.1	0.6901	3.2e-145	6e-43	3.2e-145	0.947	0.291	2542	1435	0.964	3633	TTHERM_00992990	Tetrahymena thermophila (strain SB210)	312017	0	MIR domain protein	protista_other
Q22GD1	unassigned	none	module	ryr.hmm matched only 64 profile positions (< 200) — a shared module, not a family assignment	0.0	37.0	37.0	1.0		4.2e-08	4.2e-08	0.0	0.013	0	64	0.306	581	TTHERM_00703920	Tetrahymena thermophila (strain SB210)	312017	0	EF-hand pair protein	protista_other
Q22YA6	ITPR	high	architecture	itpr.hmm wins by 309.7 bits (68.7% of 451.1) over 2499 profile positions	451.1	141.4	309.7	0.6865	1.2e-132	1.5e-39	1.2e-132	0.931	0.212	2499	1045	0.958	3260	TTHERM_00354640	Tetrahymena thermophila (strain SB210)	312017	0	IP3 receptor calcium ion channel protein	protista_other
Q238R0	ITPR	high	architecture	itpr.hmm wins by 204.7 bits (63.1% of 324.6) over 2445 profile positions	324.6	119.9	204.7	0.6306	1.6e-94	4.8e-33	1.6e-94	0.911	0.147	2445	725	0.926	3525	TTHERM_00454060	Tetrahymena thermophila (strain SB210)	312017	0	Cation channel family protein	protista_other
Q23A06	ITPR	high	architecture	itpr.hmm wins by 377.7 bits (69.8% of 541.3) over 2518 profile positions	541.3	163.6	377.7	0.6978	8e-160	3.1e-46	8e-160	0.938	0.238	2518	1173	0.939	3659	TTHERM_00885700	Tetrahymena thermophila (strain SB210)	312017	0	MIR domain protein	protista_other
Q23D03	ITPR	high	architecture	itpr.hmm wins by 483.8 bits (80.0% of 605.1) over 2512 profile positions	605.1	121.3	483.8	0.7995	4.7e-179	1.8e-33	4.7e-179	0.936	0.137	2512	675	0.961	3437	TTHERM_00051860	Tetrahymena thermophila (strain SB210)	312017	0	MIR domain protein	protista_other
Q23K98	ITPR	high	architecture	itpr.hmm wins by 785.3 bits (71.9% of 1092.4) over 2609 profile positions	1092.4	307.1	785.3	0.7189	0	1.9e-89	0	0.972	0.258	2609	1272	0.999	2827	TTHERM_00194370	Tetrahymena thermophila (strain SB210)	312017	0	Cation channel family protein	protista_other
Q23R11	ITPR	high	architecture	itpr.hmm wins by 511.7 bits (66.6% of 768.1) over 2507 profile positions	768.1	256.4	511.7	0.6662	3.3e-228	3.6e-74	3.3e-228	0.934	0.221	2507	1090	0.972	3160	TTHERM_00997500	Tetrahymena thermophila (strain SB210)	312017	0	MIR domain protein	protista_other
Q241P0	unassigned	none	module	ryr.hmm matched only 69 profile positions (< 200) — a shared module, not a family assignment	0.0	57.1	57.1	1.0		3.9e-14	3.9e-14	0.0	0.014	0	69	0.872	149	TTHERM_00630500	Tetrahymena thermophila (strain SB210)	312017	0	Calmodulin	protista_other
Q248C2	ITPR	high	architecture	itpr.hmm wins by 462.4 bits (69.0% of 669.7) over 2491 profile positions	669.7	207.3	462.4	0.6905	1.5e-198	2.2e-59	1.5e-198	0.928	0.095	2491	468	0.924	3243	TTHERM_00532470	Tetrahymena thermophila (strain SB210)	312017	0	MIR domain protein	protista_other
Q24CC2	ITPR	medium	partial	itpr.hmm wins by 130.8 bits (53.6% of 243.8) over 620 profile positions	243.8	113.0	130.8	0.5365	3.8e-70	5.6e-31	3.8e-70	0.231	0.053	620	261	0.31	2146	TTHERM_01079290	Tetrahymena thermophila (strain SB210)	312017	0	Cation channel family transporter	protista_other
Q24FR9	unassigned	none	module	ryr.hmm matched only 59 profile positions (< 200) — a shared module, not a family assignment	0.0	30.1	30.1	1.0		5.1e-06	5.1e-06	0.0	0.012	0	59	0.248	468	TTHERM_01344710	Tetrahymena thermophila (strain SB210)	312017	0	Calcium-dependent protein kinase 1	protista_other
Q382N3	unassigned	none	module	ryr.hmm matched only 59 profile positions (< 200) — a shared module, not a family assignment	0.0	54.0	54.0	1.0		3.2e-13	3.2e-13	0.0	0.012	0	59	0.779	149	Tb11.01.4621	Trypanosoma brucei brucei (strain 927/4 GUTat10.1)	185431	0	Calmodulin	protista_other
Q383V0	unassigned	none	module	ryr.hmm matched only 59 profile positions (< 200) — a shared module, not a family assignment	0.0	34.9	34.9	1.0		1.8e-07	1.8e-07	0.0	0.012	0	59	0.718	163	Tb11.01.1550	Trypanosoma brucei brucei (strain 927/4 GUTat10.1)	185431	0	Calmodulin, putative	protista_other
Q386H2	unassigned	none	module	ryr.hmm matched only 143 profile positions (< 200) — a shared module, not a family assignment	0.0	100.9	100.9	1.0		2.5e-27	2.5e-27	0.0	0.029	0	143	0.063	4460	Tb11.02.0880	Trypanosoma brucei brucei (strain 927/4 GUTat10.1)	185431	0	Ubiquitin-protein ligase	protista_other
Q38AC5	unassigned	none	module	ryr.hmm matched only 138 profile positions (< 200) — a shared module, not a family assignment	0.0	106.1	106.1	1.0		6.4e-29	6.4e-29	0.0	0.028	0	138	0.06	3721	Tb10.6k15.2090	Trypanosoma brucei brucei (strain 927/4 GUTat10.1)	185431	0	Ubiquitin-protein ligase	protista_other
Q3SDW5	unassigned	none	module	ryr.hmm matched only 59 profile positions (< 200) — a shared module, not a family assignment	0.0	37.8	37.8	1.0		2.4e-08	2.4e-08	0.0	0.012	0	59	0.801	146	GSPATT00037156001	Paramecium tetraurelia	5888	0	Calmodulin	protista_other
Q4CSZ2	unassigned	none	module	ryr.hmm matched only 59 profile positions (< 200) — a shared module, not a family assignment	0.0	53.6	53.6	1.0		4.3e-13	4.3e-13	0.0	0.012	0	59	0.779	149	Tc00.1047053506391.10	Trypanosoma cruzi (strain CL Brener)	353153	0	Calmodulin	protista_other
Q4CVC2	ITPR	medium	partial	itpr.hmm wins by 135.3 bits (100.0% of 135.3) over 617 profile positions; no ryr.hmm hit	135.3	0.0	135.3	1.0	1.9e-37		1.9e-37	0.23	0.0	617	0	0.893	941	Tc00.1047053510509.9	Trypanosoma cruzi (strain CL Brener)	353153	0	Uncharacterized protein (Fragment)	protista_other
Q4D137	unassigned	none	module	ryr.hmm matched only 59 profile positions (< 200) — a shared module, not a family assignment	0.0	52.0	52.0	1.0		1.3e-12	1.3e-12	0.0	0.012	0	59	0.779	149	Tc00.1047053507483.50	Trypanosoma cruzi (strain CL Brener)	353153	0	Calmodulin	protista_other
Q4D139	unassigned	none	module	ryr.hmm matched only 59 profile positions (< 200) — a shared module, not a family assignment	0.0	51.8	51.8	1.0		1.5e-12	1.5e-12	0.0	0.012	0	59	0.556	207	Tc00.1047053507483.30	Trypanosoma cruzi (strain CL Brener)	353153	0	Calmodulin	protista_other
Q4D547	unassigned	none	module	ryr.hmm matched only 84 profile positions (< 200) — a shared module, not a family assignment	0.0	40.0	40.0	1.0		5.4e-09	5.4e-09	0.0	0.017	0	84	0.032	2780	Tc00.1047053508525.60	Trypanosoma cruzi (strain CL Brener)	353153	0	Ubiquitin-protein ligase (Fragment)	protista_other
Q4D7M2	ITPR	medium	partial	itpr.hmm wins by 208.8 bits (43.0% of 485.2) over 878 profile positions	485.2	276.4	208.8	0.4303	6.2e-143	3.2e-80	6.2e-143	0.327	0.111	878	547	0.8	1130	Tc00.1047053510507.60	Trypanosoma cruzi (strain CL Brener)	353153	0	Ion transport domain-containing protein (Fragment)	protista_other
Q4DBL7	ITPR	high	architecture	itpr.hmm wins by 358.5 bits (55.3% of 648.7) over 1890 profile positions	648.7	290.2	358.5	0.5526	3.4e-192	2.3e-84	3.4e-192	0.704	0.14	1890	690	0.725	3011	Tc00.1047053509461.90	Trypanosoma cruzi (strain CL Brener)	353153	0	Inositol 1,4,5-trisphosphate receptor	protista_other
Q4DSH5	unassigned	none	module	ryr.hmm matched only 128 profile positions (< 200) — a shared module, not a family assignment	0.0	102.1	102.1	1.0		1.1e-27	1.1e-27	0.0	0.026	0	128	0.061	4423	Tc00.1047053507099.40	Trypanosoma cruzi (strain CL Brener)	353153	0	Ubiquitin-protein ligase	protista_other
Q4DW65	unassigned	none	module	ryr.hmm matched only 143 profile positions (< 200) — a shared module, not a family assignment	0.0	102.6	102.6	1.0		7.5e-28	7.5e-28	0.0	0.029	0	143	0.099	3716	Tc00.1047053508231.60	Trypanosoma cruzi (strain CL Brener)	353153	0	Ubiquitin-protein ligase, putative	protista_other
Q4N4C2	unassigned	none	module	ryr.hmm matched only 59 profile positions (< 200) — a shared module, not a family assignment	0.0	58.5	58.5	1.0		1.4e-14	1.4e-14	0.0	0.012	0	59	0.799	149	TP02_0717	Theileria parva	5875	0	Calmodulin	protista_other
Q4Q0C6	unassigned	none	module	ryr.hmm matched only 163 profile positions (< 200) — a shared module, not a family assignment	0.0	103.0	103.0	1.0		5.7e-28	5.7e-28	0.0	0.033	0	163	0.063	4165	LMJF_36_6340	Leishmania major	5664	0	Putative ubiquitin-protein ligase	protista_other
Q4Q4M9	unassigned	none	module	ryr.hmm matched only 84 profile positions (< 200) — a shared module, not a family assignment	0.0	30.0	30.0	1.0		5.7e-06	5.7e-06	0.0	0.017	0	84	0.022	4087	LMJF_32_3930	Leishmania major	5664	0	Uncharacterized protein	protista_other
Q4QEZ2	ITPR	high	architecture	itpr.hmm wins by 263.2 bits (58.9% of 446.9) over 1495 profile positions	446.9	183.7	263.2	0.5889	2.2e-131	2.8e-52	2.2e-131	0.557	0.097	1495	478	0.573	2874	LMJF_16_0280	Leishmania major	5664	0	MIR domain-containing protein	protista_other
Q4QG07	RYR	medium	partial	ryr.hmm wins by 63.2 bits (100.0% of 63.2) over 266 profile positions; no itpr.hmm hit	0.0	63.2	63.2	1.0		5.7e-16	5.7e-16	0.0	0.054	0	266	0.051	5636	LMJF_13_1470	Leishmania major	5664	0	Uncharacterized protein	protista_other
Q4QHT2	unassigned	none	module	ryr.hmm matched only 59 profile positions (< 200) — a shared module, not a family assignment	0.0	53.6	53.6	1.0		4.3e-13	4.3e-13	0.0	0.012	0	59	0.779	149	LMJF_09_0910	Leishmania major	5664	0	Calmodulin	protista_other
Q4UF72	unassigned	none	module	ryr.hmm matched only 54 profile positions (< 200) — a shared module, not a family assignment	0.0	55.8	55.8	1.0		9.7e-14	9.7e-14	0.0	0.011	0	54	0.758	149	TA14735	Theileria annulata	5874	0	Calmodulin	protista_other
Q54CT2	unassigned	none	module	best profile score 29.9 < 30 bits	0.0	29.9	29.9	1.0		5.9e-06	5.9e-06	0.0	0.018	0	89	0.195	471	DDB_G0292780	Dictyostelium discoideum	44689	0	Ran-binding protein 9	protista_other
Q55CP6	unassigned	none	module	ryr.hmm matched only 123 profile positions (< 200) — a shared module, not a family assignment	0.0	44.2	44.2	1.0		2.9e-10	2.9e-10	0.0	0.025	0	123	0.152	765	ddx1	Dictyostelium discoideum	44689	1	ATP-dependent RNA helicase ddx1	protista_other
Q57XB2	ITPR	high	architecture	itpr.hmm wins by 291.9 bits (50.3% of 580.0) over 1704 profile positions	580.0	288.1	291.9	0.5033	1.8e-171	1e-83	1.8e-171	0.635	0.08	1704	394	0.644	3099	Tb08.26A17.880	Trypanosoma brucei brucei (strain 927/4 GUTat10.1)	185431	0	Inositol 1,4,5-trisphosphate receptor	protista_other
Q5CTW4	unassigned	none	module	ryr.hmm matched only 54 profile positions (< 200) — a shared module, not a family assignment	0.0	45.9	45.9	1.0		9.3e-11	9.3e-11	0.0	0.011	0	54	0.171	677	cgd2_1300	Cryptosporidium parvum (strain Iowa II)	353152	0	Calcium-dependent protein kinase 1	protista_other
Q6BFC5	ITPR	high	architecture	itpr.hmm wins by 628.0 bits (74.2% of 846.8) over 2499 profile positions	846.8	218.8	628.0	0.7416	6.6e-252	7.5e-63	6.6e-252	0.931	0.28	2499	1380	0.987	2910	GSPATT00000020001	Paramecium tetraurelia	5888	0	MIR domain-containing protein	protista_other
Q7R9F4	unassigned	none	module	ryr.hmm matched only 69 profile positions (< 200) — a shared module, not a family assignment	0.0	57.9	57.9	1.0		2.2e-14	2.2e-14	0.0	0.014	0	69	0.872	149	PY06908	Plasmodium yoelii yoelii	73239	0	Calmodulin	protista_other
Q7RMR9	unassigned	none	module	ryr.hmm matched only 59 profile positions (< 200) — a shared module, not a family assignment	0.0	38.3	38.3	1.0		1.8e-08	1.8e-08	0.0	0.012	0	59	0.212	565	PY02109	Plasmodium yoelii yoelii	73239	0	non-specific serine/threonine protein kinase	protista_other
Q8I272	unassigned	none	module	ryr.hmm matched only 59 profile positions (< 200) — a shared module, not a family assignment	0.0	30.2	30.2	1.0		4.9e-06	4.9e-06	0.0	0.012	0	59	0.685	168	PF3D7_0107000.1	Plasmodium falciparum (isolate 3D7)	36329	0	Centrin-1	protista_other
Q9NA13	ITPR	high	architecture	itpr.hmm wins by 1552.5 bits (90.4% of 1717.2) over 2617 profile positions	1717.2	164.7	1552.5	0.9041	0	1.5e-46	0	0.975	0.151	2617	744	1.0	3177	iplA	Dictyostelium discoideum	44689	1	Inositol 1,4,5-trisphosphate receptor-like protein A	protista_other
R7Q9C1	unassigned	none	module	ryr.hmm matched only 79 profile positions (< 200) — a shared module, not a family assignment	0.0	36.0	36.0	1.0		8.7e-08	8.7e-08	0.0	0.016	0	79	0.096	789	CHC_T00002736001	Chondrus crispus	2769	0	ATP-dependent RNA helicase DDX1	protista_other
R7QJB2	unassigned	none	module	ryr.hmm matched only 64 profile positions (< 200) — a shared module, not a family assignment	0.0	57.1	57.1	1.0		3.9e-14	3.9e-14	0.0	0.013	0	64	0.793	150	CHC_T00009119001	Chondrus crispus	2769	0	Calmodulin	protista_other
R7QM00	unassigned	none	module	ryr.hmm matched only 84 profile positions (< 200) — a shared module, not a family assignment	0.0	33.6	33.6	1.0		4.4e-07	4.4e-07	0.0	0.017	0	84	0.187	471	CHC_T00006529001	Chondrus crispus	2769	0	B30.2/SPRY domain-containing protein	protista_other
S8FAZ8	unassigned	none	module	ryr.hmm matched only 158 profile positions (< 200) — a shared module, not a family assignment	0.0	31.5	31.5	1.0		2e-06	2e-06	0.0	0.032	0	158	0.393	521	TGME49_221450	Toxoplasma gondii (strain ATCC 50611 / Me49)	508771	0	SPRY domain-containing protein	protista_other
S8FF75	unassigned	none	module	ryr.hmm matched only 89 profile positions (< 200) — a shared module, not a family assignment	0.0	58.2	58.2	1.0		1.8e-14	1.8e-14	0.0	0.018	0	89	0.117	768	TGME49_207430	Toxoplasma gondii (strain ATCC 50611 / Me49)	508771	0	ATP-dependent RNA helicase DDX1	protista_other
S9TJJ1	unassigned	none	module	ryr.hmm matched only 99 profile positions (< 200) — a shared module, not a family assignment	0.0	32.4	32.4	1.0		1e-06	1e-06	0.0	0.02	0	99	0.17	622	STCU_11164	Strigomonas culicis	28005	0	SPRY domain-containing protein	protista_other
S9USB6	unassigned	none	module	ryr.hmm matched only 59 profile positions (< 200) — a shared module, not a family assignment	0.0	53.6	53.6	1.0		4.3e-13	4.3e-13	0.0	0.012	0	59	0.779	149	ADEAN_000791500	Angomonas deanei	59799	0	Calmodulin	protista_other
S9UTV6	ITPR	medium	partial	itpr.hmm wins by 77.4 bits (24.8% of 312.0) over 376 profile positions	312.0	234.6	77.4	0.2481	1e-90	1.3e-67	1e-90	0.14	0.048	376	237	0.852	432	STCU_10277	Strigomonas culicis	28005	0	Ion transport domain-containing protein	protista_other
S9UX90	unassigned	none	module	ryr.hmm matched only 94 profile positions (< 200) — a shared module, not a family assignment	0.0	41.3	41.3	1.0		2.2e-09	2.2e-09	0.0	0.019	0	94	0.37	343	STCU_12328	Strigomonas culicis	28005	0	SPRY domain-containing SOCS box protein 3	protista_other
S9V031	unassigned	none	module	ryr.hmm matched only 59 profile positions (< 200) — a shared module, not a family assignment	0.0	53.6	53.6	1.0		4.3e-13	4.3e-13	0.0	0.012	0	59	0.779	149	STCU_01612	Strigomonas culicis	28005	0	Calmodulin	protista_other
T0PP22	unassigned	none	module	ryr.hmm matched only 89 profile positions (< 200) — a shared module, not a family assignment	0.0	38.8	38.8	1.0		1.2e-08	1.2e-08	0.0	0.018	0	89	0.024	3745	SDRG_14987	Saprolegnia diclina (strain VS20)	1156394	0	CUB domain-containing protein	protista_other
T0PXG3	ITPR	high	architecture	itpr.hmm wins by 1010.3 bits (76.8% of 1316.2) over 2306 profile positions	1316.2	305.9	1010.3	0.7676	0	4.2e-89	0	0.859	0.187	2306	922	0.869	2913	SDRG_16422	Saprolegnia diclina (strain VS20)	1156394	0	Uncharacterized protein	protista_other
T0PY48	unassigned	none	module	ryr.hmm matched only 99 profile positions (< 200) — a shared module, not a family assignment	0.0	61.2	61.2	1.0		2.2e-15	2.2e-15	0.0	0.02	0	99	0.025	4352	SDRG_14984	Saprolegnia diclina (strain VS20)	1156394	0	CUB domain-containing protein	protista_other
T0Q0L4	ITPR	high	architecture	itpr.hmm wins by 524.3 bits (69.2% of 757.6) over 2249 profile positions	757.6	233.3	524.3	0.6921	5.1e-225	3.2e-67	5.1e-225	0.838	0.162	2249	799	0.928	2441	SDRG_14155	Saprolegnia diclina (strain VS20)	1156394	0	Uncharacterized protein	protista_other
T0Q8S5	unassigned	none	module	ryr.hmm matched only 163 profile positions (< 200) — a shared module, not a family assignment	0.0	106.3	106.3	1.0		5.6e-29	5.6e-29	0.0	0.033	0	163	0.072	3710	SDRG_11228	Saprolegnia diclina (strain VS20)	1156394	0	Uncharacterized protein	protista_other
T0QB56	RYR	medium	partial	ryr.hmm wins by 187.6 bits (100.0% of 187.6) over 227 profile positions; no itpr.hmm hit	0.0	187.6	187.6	1.0		1.9e-53	1.9e-53	0.0	0.046	0	227	0.195	1341	SDRG_07353	Saprolegnia diclina (strain VS20)	1156394	0	Ryanodine receptor Ryr domain-containing protein	protista_other
T0QLN2	ITPR	high	architecture	itpr.hmm wins by 630.4 bits (68.8% of 917.0) over 2281 profile positions	917.0	286.6	630.4	0.6875	4.4e-273	2.7e-83	4.4e-273	0.85	0.208	2281	1025	0.882	2786	SDRG_06915	Saprolegnia diclina (strain VS20)	1156394	0	MIR domain-containing protein	protista_other
T0QRS3	unassigned	none	module	ryr.hmm matched only 64 profile positions (< 200) — a shared module, not a family assignment	0.0	34.6	34.6	1.0		2.2e-07	2.2e-07	0.0	0.013	0	64	0.162	790	SDRG_05015	Saprolegnia diclina (strain VS20)	1156394	0	Serine/threonine-protein phosphatase	protista_other
T0QTT8	unassigned	none	module	ryr.hmm matched only 64 profile positions (< 200) — a shared module, not a family assignment	0.0	60.2	60.2	1.0		4.4e-15	4.4e-15	0.0	0.013	0	64	0.208	912	SDRG_05019	Saprolegnia diclina (strain VS20)	1156394	0	Serine/threonine-protein phosphatase	protista_other
T0QU15	ITPR	medium	partial	itpr.hmm wins by 231.1 bits (58.1% of 397.8) over 1162 profile positions	397.8	166.7	231.1	0.5809	1.4e-116	3.8e-47	1.4e-116	0.433	0.052	1162	256	0.429	2930	SDRG_01647	Saprolegnia diclina (strain VS20)	1156394	0	Uncharacterized protein	protista_other
T0QU60	ITPR	medium	partial	itpr.hmm wins by 135.6 bits (52.5% of 258.3) over 666 profile positions	258.3	122.7	135.6	0.525	1.6e-74	6.8e-34	1.6e-74	0.248	0.046	666	227	0.751	1064	SDRG_00608	Saprolegnia diclina (strain VS20)	1156394	0	Ion transport domain-containing protein	protista_other
T0QUK1	unassigned	none	module	ryr.hmm matched only 89 profile positions (< 200) — a shared module, not a family assignment	0.0	57.0	57.0	1.0		4.1e-14	4.1e-14	0.0	0.018	0	89	0.279	1080	SDRG_04080	Saprolegnia diclina (strain VS20)	1156394	0	EF-hand domain-containing protein	protista_other
T0QV62	unassigned	none	module	ryr.hmm matched only 158 profile positions (< 200) — a shared module, not a family assignment	0.0	98.1	98.1	1.0		1.7e-26	1.7e-26	0.0	0.032	0	158	0.055	4017	SDRG_00930	Saprolegnia diclina (strain VS20)	1156394	0	HECT-type E3 ubiquitin transferase	protista_other
T0QVI7	ITPR	medium	partial	itpr.hmm wins by 84.8 bits (100.0% of 84.8) over 513 profile positions; no ryr.hmm hit	84.8	0.0	84.8	1.0	3.1e-22		3.1e-22	0.191	0.0	513	0	0.652	900	SDRG_01078	Saprolegnia diclina (strain VS20)	1156394	0	RyR/IP3R Homology associated domain-containing protein	protista_other
T0QWV0	unassigned	none	module	ryr.hmm matched only 54 profile positions (< 200) — a shared module, not a family assignment	0.0	35.6	35.6	1.0		1.1e-07	1.1e-07	0.0	0.011	0	54	0.195	575	SDRG_04183	Saprolegnia diclina (strain VS20)	1156394	0	Calmodulin	protista_other
T0QYM7	unassigned	none	module	ryr.hmm matched only 74 profile positions (< 200) — a shared module, not a family assignment	0.0	57.6	57.6	1.0		2.7e-14	2.7e-14	0.0	0.015	0	74	0.872	149	SDRG_03224	Saprolegnia diclina (strain VS20)	1156394	0	Calmodulin	protista_other
T0QZS7	unassigned	none	module	ryr.hmm matched only 59 profile positions (< 200) — a shared module, not a family assignment	0.0	40.0	40.0	1.0		5.3e-09	5.3e-09	0.0	0.012	0	59	0.227	506	SDRG_02981	Saprolegnia diclina (strain VS20)	1156394	0	CAMK protein kinase	protista_other
T0R714	ITPR	medium	partial	itpr.hmm wins by 139.8 bits (49.4% of 283.2) over 668 profile positions	283.2	143.4	139.8	0.4936	5e-82	3.9e-40	5e-82	0.249	0.049	668	242	0.818	949	SDRG_01079	Saprolegnia diclina (strain VS20)	1156394	0	Ion transport domain-containing protein	protista_other
T0RA36	unassigned	none	module	ryr.hmm matched only 128 profile positions (< 200) — a shared module, not a family assignment	0.0	94.2	94.2	1.0		2.5e-25	2.5e-25	0.0	0.026	0	128	0.218	610	SDRG_13315	Saprolegnia diclina (strain VS20)	1156394	0	C3H1-type domain-containing protein	protista_other
T0RJ31	RYR	medium	partial	ryr.hmm wins by 82.8 bits (100.0% of 82.8) over 202 profile positions; no itpr.hmm hit	0.0	82.8	82.8	1.0		7e-22	7e-22	0.0	0.041	0	202	0.079	4936	SDRG_12446	Saprolegnia diclina (strain VS20)	1156394	0	HECT domain-containing protein	protista_other
T0RMK3	ITPR	high	architecture	itpr.hmm wins by 629.9 bits (70.3% of 895.4) over 1600 profile positions	895.4	265.5	629.9	0.7035	1.5e-266	6.2e-77	1.5e-266	0.596	0.128	1600	631	0.747	2216	SDRG_09050	Saprolegnia diclina (strain VS20)	1156394	0	RyR/IP3R Homology associated domain-containing protein	protista_other
T0RMX0	unassigned	none	module	ryr.hmm matched only 173 profile positions (< 200) — a shared module, not a family assignment	0.0	118.7	118.7	1.0		1.1e-32	1.1e-32	0.0	0.035	0	173	0.04	6339	SDRG_08797	Saprolegnia diclina (strain VS20)	1156394	0	B30.2/SPRY domain-containing protein	protista_other
T0RSH2	unassigned	none	module	ryr.hmm matched only 69 profile positions (< 200) — a shared module, not a family assignment	0.0	65.5	65.5	1.0		1.1e-16	1.1e-16	0.0	0.014	0	69	0.167	3625	SDRG_09100	Saprolegnia diclina (strain VS20)	1156394	0	EF-hand domain-containing protein	protista_other
T0RTE1	ITPR	medium	partial	itpr.hmm wins by 136.1 bits (71.4% of 190.5) over 317 profile positions	190.5	54.4	136.1	0.7144	4.5e-54	2.4e-13	4.5e-54	0.118	0.054	317	266	0.771	424	SDRG_09049	Saprolegnia diclina (strain VS20)	1156394	0	MIR domain-containing protein	protista_other
T0RTF0	unassigned	none	module	ryr.hmm matched only 89 profile positions (< 200) — a shared module, not a family assignment	0.0	108.6	108.6	1.0		1.2e-29	1.2e-29	0.0	0.018	0	89	0.132	692	SDRG_09063	Saprolegnia diclina (strain VS20)	1156394	0	CAMKK protein kinase	protista_other
T0RVX1	unassigned	none	module	ryr.hmm matched only 123 profile positions (< 200) — a shared module, not a family assignment	0.0	77.6	77.6	1.0		2.5e-20	2.5e-20	0.0	0.025	0	123	0.036	3544	SDRG_06073	Saprolegnia diclina (strain VS20)	1156394	0	B30.2/SPRY domain-containing protein	protista_other
T0RXT4	unassigned	none	module	ryr.hmm matched only 64 profile positions (< 200) — a shared module, not a family assignment	0.0	30.0	30.0	1.0		5.4e-06	5.4e-06	0.0	0.013	0	64	0.126	1885	SDRG_07399	Saprolegnia diclina (strain VS20)	1156394	0	EF-hand domain-containing protein	protista_other
T0RZ64	ITPR	high	architecture	itpr.hmm wins by 523.9 bits (73.6% of 711.9) over 2225 profile positions	711.9	188.0	523.9	0.7359	2.9e-211	1.5e-53	2.9e-211	0.829	0.167	2225	823	0.84	2808	SDRG_06916	Saprolegnia diclina (strain VS20)	1156394	0	Uncharacterized protein	protista_other
T0S2K8	unassigned	none	module	ryr.hmm matched only 104 profile positions (< 200) — a shared module, not a family assignment	0.0	198.9	198.9	1.0		7.1e-57	7.1e-57	0.0	0.021	0	104	0.162	1231	SDRG_03423	Saprolegnia diclina (strain VS20)	1156394	0	Ryanodine receptor Ryr domain-containing protein	protista_other
T0SAP6	ITPR	high	architecture	itpr.hmm wins by 385.9 bits (55.2% of 699.2) over 1839 profile positions	699.2	313.3	385.9	0.5519	1.9e-207	2.6e-91	1.9e-207	0.685	0.223	1839	1099	0.827	2378	SDRG_00149	Saprolegnia diclina (strain VS20)	1156394	0	Uncharacterized protein	protista_other
U6G3P2	unassigned	none	module	ryr.hmm matched only 69 profile positions (< 200) — a shared module, not a family assignment	0.0	33.4	33.4	1.0		5.2e-07	5.2e-07	0.0	0.014	0	69	0.1	1284	EPH_0016690	Eimeria praecox	51316	0	EF hand family protein, related	protista_other
U6GFK8	unassigned	none	module	ryr.hmm matched only 69 profile positions (< 200) — a shared module, not a family assignment	0.0	40.5	40.5	1.0		3.9e-09	3.9e-09	0.0	0.014	0	69	0.913	127	EAH_00007160	Eimeria acervulina	5801	0	Calmodulin	protista_other
U6GH95	unassigned	none	module	ryr.hmm matched only 69 profile positions (< 200) — a shared module, not a family assignment	0.0	55.2	55.2	1.0		1.5e-13	1.5e-13	0.0	0.014	0	69	0.632	204	EPH_0031350	Eimeria praecox	51316	0	Calmodulin	protista_other
U6GNE8	unassigned	none	module	ryr.hmm matched only 59 profile positions (< 200) — a shared module, not a family assignment	0.0	37.3	37.3	1.0		3.5e-08	3.5e-08	0.0	0.012	0	59	0.222	514	EAH_00058820	Eimeria acervulina	5801	0	non-specific serine/threonine protein kinase (Fragment)	protista_other
U6KWV8	unassigned	none	module	ryr.hmm matched only 69 profile positions (< 200) — a shared module, not a family assignment	0.0	57.0	57.0	1.0		4.2e-14	4.2e-14	0.0	0.014	0	69	0.866	149	ETH_00032320	Eimeria tenella	5802	0	Calmodulin, putative	protista_other
U6L0G8	unassigned	none	module	ryr.hmm matched only 59 profile positions (< 200) — a shared module, not a family assignment	0.0	37.0	37.0	1.0		4.5e-08	4.5e-08	0.0	0.012	0	59	0.164	696	ETH_00011250	Eimeria tenella	5802	0	non-specific serine/threonine protein kinase	protista_other
U6LYT4	unassigned	none	module	ryr.hmm matched only 69 profile positions (< 200) — a shared module, not a family assignment	0.0	53.9	53.9	1.0		3.6e-13	3.6e-13	0.0	0.014	0	69	0.866	149	EBH_0005600	Eimeria brunetti	51314	0	Calmodulin	protista_other
U6MGC3	unassigned	none	module	ryr.hmm matched only 69 profile positions (< 200) — a shared module, not a family assignment	0.0	57.0	57.0	1.0		4.2e-14	4.2e-14	0.0	0.014	0	69	0.866	149	EMWEY_00033780	Eimeria maxima	5804	0	Calmodulin	protista_other
U6MJD9	unassigned	none	module	ryr.hmm matched only 59 profile positions (< 200) — a shared module, not a family assignment	0.0	37.0	37.0	1.0		4.5e-08	4.5e-08	0.0	0.012	0	59	0.164	697	ENH_00061110	Eimeria necatrix	51315	0	non-specific serine/threonine protein kinase	protista_other
U6MY33	unassigned	none	module	ryr.hmm matched only 69 profile positions (< 200) — a shared module, not a family assignment	0.0	30.8	30.8	1.0		3.3e-06	3.3e-06	0.0	0.014	0	69	0.611	203	ENH_00022310	Eimeria necatrix	51315	0	Calcium-dependent protein kinase ZmCPK11, related	protista_other
U6N408	unassigned	none	module	ryr.hmm matched only 69 profile positions (< 200) — a shared module, not a family assignment	0.0	57.0	57.0	1.0		4.2e-14	4.2e-14	0.0	0.014	0	69	0.866	149	ENH_00069390	Eimeria necatrix	51315	0	Calmodulin	protista_other
V4Z832	unassigned	none	module	ryr.hmm matched only 158 profile positions (< 200) — a shared module, not a family assignment	0.0	31.5	31.5	1.0		2e-06	2e-06	0.0	0.032	0	158	0.393	521	TGVEG_221450	Toxoplasma gondii (strain ATCC 50861 / VEG)	432359	0	SPRY domain-containing protein	protista_other
V6M5X7	unassigned	none	module	ryr.hmm matched only 64 profile positions (< 200) — a shared module, not a family assignment	0.0	42.2	42.2	1.0		1.2e-09	1.2e-09	0.0	0.013	0	64	0.791	153	SS50377_22906	Spironucleus salmonicida	348837	0	Calmodulin	protista_other
V7PK20	unassigned	none	module	ryr.hmm matched only 69 profile positions (< 200) — a shared module, not a family assignment	0.0	57.9	57.9	1.0		2.2e-14	2.2e-14	0.0	0.014	0	69	0.872	149	YYC_03180	Plasmodium yoelii 17X	1323249	0	Calmodulin	protista_other
V7PQR3	unassigned	none	module	best profile score 29.3 < 30 bits	0.0	29.3	29.3	1.0		8.9e-06	8.9e-06	0.0	0.012	0	59	0.685	168	YYC_02290	Plasmodium yoelii 17X	1323249	0	non-specific serine/threonine protein kinase	protista_other
V7PUA8	unassigned	none	module	ryr.hmm matched only 59 profile positions (< 200) — a shared module, not a family assignment	0.0	38.3	38.3	1.0		1.8e-08	1.8e-08	0.0	0.012	0	59	0.212	565	YYC_00415	Plasmodium yoelii 17X	1323249	0	non-specific serine/threonine protein kinase	protista_other
V9ED21	unassigned	none	module	best profile score 29.2 < 30 bits	0.0	29.2	29.2	1.0		1e-05	1e-05	0.0	0.017	0	84	0.411	180	F443_17648	Phytophthora nicotianae P1569	1317065	0	B30.2/SPRY domain-containing protein (Fragment)	protista_other
V9EGQ7	unassigned	none	module	ryr.hmm matched only 138 profile positions (< 200) — a shared module, not a family assignment	0.0	93.1	93.1	1.0		5.3e-25	5.3e-25	0.0	0.028	0	138	0.224	630	F443_15884	Phytophthora nicotianae P1569	1317065	0	C3H1-type domain-containing protein	protista_other
V9EPW1	RYR	medium	partial	ryr.hmm wins by 125.9 bits (100.0% of 125.9) over 232 profile positions; no itpr.hmm hit	0.0	125.9	125.9	1.0		7.3e-35	7.3e-35	0.0	0.047	0	232	0.047	6742	F443_14081	Phytophthora nicotianae P1569	1317065	0	B30.2/SPRY domain-containing protein	protista_other
V9ESI7	unassigned	none	module	ryr.hmm matched only 69 profile positions (< 200) — a shared module, not a family assignment	0.0	51.8	51.8	1.0		1.5e-12	1.5e-12	0.0	0.014	0	69	0.149	2955	F443_13679	Phytophthora nicotianae P1569	1317065	0	EF-hand domain-containing protein	protista_other
V9ET12	unassigned	none	module	ryr.hmm matched only 74 profile positions (< 200) — a shared module, not a family assignment	0.0	57.6	57.6	1.0		2.7e-14	2.7e-14	0.0	0.015	0	74	0.872	149	F443_12456	Phytophthora nicotianae P1569	1317065	0	Calmodulin	protista_other
V9ETQ2	unassigned	none	module	ryr.hmm matched only 59 profile positions (< 200) — a shared module, not a family assignment	0.0	44.4	44.4	1.0		2.5e-10	2.5e-10	0.0	0.012	0	59	0.087	1971	F443_12258	Phytophthora nicotianae P1569	1317065	0	EF-hand domain-containing protein	protista_other
V9F4G1	unassigned	none	module	ryr.hmm matched only 133 profile positions (< 200) — a shared module, not a family assignment	0.0	108.8	108.8	1.0		1e-29	1e-29	0.0	0.027	0	133	0.049	4810	F443_09604	Phytophthora nicotianae P1569	1317065	0	B30.2/SPRY domain-containing protein	protista_other
V9F5M9	RYR	medium	partial	ryr.hmm wins by 105.3 bits (100.0% of 105.3) over 222 profile positions; no itpr.hmm hit	0.0	105.3	105.3	1.0		1.2e-28	1.2e-28	0.0	0.045	0	222	0.28	732	F443_09520	Phytophthora nicotianae P1569	1317065	0	CAMKK protein kinase	protista_other
V9F6S9	unassigned	none	module	ryr.hmm matched only 74 profile positions (< 200) — a shared module, not a family assignment	0.0	88.5	88.5	1.0		1.4e-23	1.4e-23	0.0	0.015	0	74	0.329	1258	F443_08526	Phytophthora nicotianae P1569	1317065	0	EF-hand domain-containing protein	protista_other
V9FC31	unassigned	none	module	ryr.hmm matched only 118 profile positions (< 200) — a shared module, not a family assignment	0.0	182.5	182.5	1.0		6.6e-52	6.6e-52	0.0	0.024	0	118	0.152	1386	F443_07921	Phytophthora nicotianae P1569	1317065	0	Ryanodine-inositol 1,4,5-triphosphate receptor Ca2 channel (RIR-CaC) family protein	protista_other
V9FEZ9	unassigned	none	module	ryr.hmm matched only 143 profile positions (< 200) — a shared module, not a family assignment	0.0	102.8	102.8	1.0		6.5e-28	6.5e-28	0.0	0.029	0	143	0.054	4338	F443_06486	Phytophthora nicotianae P1569	1317065	0	HECT domain-containing protein	protista_other
V9FG36	unassigned	none	module	ryr.hmm matched only 64 profile positions (< 200) — a shared module, not a family assignment	0.0	30.6	30.6	1.0		3.7e-06	3.7e-06	0.0	0.013	0	64	0.175	737	F443_06534	Phytophthora nicotianae P1569	1317065	0	EF-hand domain-containing protein	protista_other
V9FIB5	ITPR	high	architecture	itpr.hmm wins by 1641.8 bits (82.9% of 1981.2) over 2638 profile positions	1981.2	339.4	1641.8	0.8287	0	3.6e-99	0	0.983	0.254	2638	1252	0.935	3787	F443_05696	Phytophthora nicotianae P1569	1317065	0	MIR domain-containing protein	protista_other
V9FMJ6	unassigned	none	module	ryr.hmm matched only 59 profile positions (< 200) — a shared module, not a family assignment	0.0	47.6	47.6	1.0		2.7e-11	2.7e-11	0.0	0.012	0	59	0.216	560	F443_04238	Phytophthora nicotianae P1569	1317065	0	CAMK protein kinase	protista_other
V9FN52	RYR	medium	partial	ryr.hmm wins by 179.1 bits (100.0% of 179.1) over 212 profile positions; no itpr.hmm hit	0.0	179.1	179.1	1.0		7e-51	7e-51	0.0	0.043	0	212	0.172	1242	F443_04101	Phytophthora nicotianae P1569	1317065	0	Ryanodine receptor Ryr domain-containing protein	protista_other
V9FQ19	RYR	medium	partial	ryr.hmm wins by 178.9 bits (100.0% of 178.9) over 212 profile positions; no itpr.hmm hit	0.0	178.9	178.9	1.0		7.8e-51	7.8e-51	0.0	0.043	0	212	0.16	1334	F443_04103	Phytophthora nicotianae P1569	1317065	0	Polycystin cation channel PKD1/PKD2 domain-containing protein	protista_other
V9FX59	unassigned	none	module	ryr.hmm matched only 59 profile positions (< 200) — a shared module, not a family assignment	0.0	59.0	59.0	1.0		1e-14	1e-14	0.0	0.012	0	59	0.195	935	F443_01319	Phytophthora nicotianae P1569	1317065	0	Serine/threonine-protein phosphatase	protista_other
W4G4P4	unassigned	none	module	ryr.hmm matched only 108 profile positions (< 200) — a shared module, not a family assignment	0.0	190.3	190.3	1.0		2.8e-54	2.8e-54	0.0	0.022	0	108	0.158	1251	B5M09_004357	Aphanomyces astaci	112090	0	Ryanodine-inositol 1,4,5-triphosphate receptor Ca2 channel (RIR-CaC) family protein	protista_other
W4GYZ1	unassigned	none	module	ryr.hmm matched only 59 profile positions (< 200) — a shared module, not a family assignment	0.0	39.5	39.5	1.0		7.7e-09	7.7e-09	0.0	0.012	0	59	0.202	559	B5M09_007367	Aphanomyces astaci	112090	0	EF-hand domain-containing protein	protista_other
W7A463	unassigned	none	module	ryr.hmm matched only 69 profile positions (< 200) — a shared module, not a family assignment	0.0	58.4	58.4	1.0		1.6e-14	1.6e-14	0.0	0.014	0	69	0.872	149	C922_03109	Plasmodium inui San Antonio 1	1237626	0	Calmodulin	protista_other
W7AE96	unassigned	none	module	ryr.hmm matched only 59 profile positions (< 200) — a shared module, not a family assignment	0.0	41.6	41.6	1.0		1.8e-09	1.8e-09	0.0	0.012	0	59	0.211	565	PVPCR_0501670	Plasmodium vinckei petteri	138298	0	non-specific serine/threonine protein kinase	protista_other
W7AHL3	unassigned	none	module	ryr.hmm matched only 59 profile positions (< 200) — a shared module, not a family assignment	0.0	30.2	30.2	1.0		4.7e-06	4.7e-06	0.0	0.012	0	59	0.685	168	C922_04900	Plasmodium inui San Antonio 1	1237626	0	Caltractin	protista_other
W7AQH4	unassigned	none	module	ryr.hmm matched only 64 profile positions (< 200) — a shared module, not a family assignment	0.0	42.3	42.3	1.0		1.1e-09	1.1e-09	0.0	0.013	0	64	0.212	566	C922_01867	Plasmodium inui San Antonio 1	1237626	0	non-specific serine/threonine protein kinase	protista_other
W7AR67	unassigned	none	module	ryr.hmm matched only 69 profile positions (< 200) — a shared module, not a family assignment	0.0	57.9	57.9	1.0		2.2e-14	2.2e-14	0.0	0.014	0	69	0.872	149	PVPCR_1001550	Plasmodium vinckei petteri	138298	0	Calmodulin	protista_other
W7AXP4	unassigned	none	module	best profile score 29.3 < 30 bits	0.0	29.3	29.3	1.0		8.9e-06	8.9e-06	0.0	0.012	0	59	0.685	168	PVPCR_0200700	Plasmodium vinckei petteri	138298	0	non-specific serine/threonine protein kinase	protista_other
W7JY68	unassigned	none	module	ryr.hmm matched only 64 profile positions (< 200) — a shared module, not a family assignment	0.0	58.6	58.6	1.0		1.3e-14	1.3e-14	0.0	0.013	0	64	0.846	149	PFNF54_05371	Plasmodium falciparum (isolate NF54)	5843	0	Calmodulin	protista_other
W7KAG1	unassigned	none	module	ryr.hmm matched only 94 profile positions (< 200) — a shared module, not a family assignment	0.0	38.8	38.8	1.0		1.2e-08	1.2e-08	0.0	0.019	0	94	0.289	568	PFNF54_04638	Plasmodium falciparum (isolate NF54)	5843	0	non-specific serine/threonine protein kinase	protista_other
W7TJD8	unassigned	none	module	ryr.hmm matched only 99 profile positions (< 200) — a shared module, not a family assignment	0.0	48.2	48.2	1.0		1.9e-11	1.9e-11	0.0	0.02	0	99	0.132	772	Naga_100072g7	Nannochloropsis gaditana	72520	0	ATP-dependent RNA helicase DDX1	protista_other
W7TSE1	unassigned	none	module	ryr.hmm matched only 128 profile positions (< 200) — a shared module, not a family assignment	0.0	70.4	70.4	1.0		3.9e-18	3.9e-18	0.0	0.026	0	128	0.079	1616	Naga_100238g6	Nannochloropsis gaditana	72520	0	Hect e3 ubiquitin	protista_other
W7TV98	unassigned	none	module	ryr.hmm matched only 54 profile positions (< 200) — a shared module, not a family assignment	0.0	30.8	30.8	1.0		3.1e-06	3.1e-06	0.0	0.011	0	54	0.133	437	Naga_100020g4	Nannochloropsis gaditana	72520	0	Set1 ash2 histone methyltransferase complex subunit ash2	protista_other
W7TZP1	unassigned	none	module	ryr.hmm matched only 59 profile positions (< 200) — a shared module, not a family assignment	0.0	36.8	36.8	1.0		4.9e-08	4.9e-08	0.0	0.012	0	59	0.118	1032	PP	Nannochloropsis gaditana	72520	0	Serine/threonine-protein phosphatase	protista_other
W7XAT4	ITPR	high	architecture	itpr.hmm wins by 490.6 bits (72.1% of 680.5) over 2300 profile positions	680.5	189.9	490.6	0.7209	8.6e-202	3.8e-54	8.6e-202	0.857	0.22	2300	1085	0.797	3584	TTHERM_000628579	Tetrahymena thermophila (strain SB210)	312017	0	Inositol-triphosphate type 1 protein	protista_other
W7XL50	ITPR	high	architecture	itpr.hmm wins by 414.1 bits (72.4% of 571.8) over 2480 profile positions	571.8	157.7	414.1	0.7242	5.1e-169	2e-44	5.1e-169	0.924	0.246	2480	1213	0.967	3256	TTHERM_000145989	Tetrahymena thermophila (strain SB210)	312017	0	Cation channel family transporter, putative	protista_other
X6LX93	unassigned	none	module	ryr.hmm matched only 123 profile positions (< 200) — a shared module, not a family assignment	0.0	83.4	83.4	1.0		4.4e-22	4.4e-22	0.0	0.025	0	123	0.073	1625	RFI_32049	Reticulomyxa filosa	46433	0	Trichohyalin	protista_other
X6M7Y0	unassigned	none	module	ryr.hmm matched only 64 profile positions (< 200) — a shared module, not a family assignment	0.0	40.7	40.7	1.0		3.3e-09	3.3e-09	0.0	0.013	0	64	0.683	167	RFI_27815	Reticulomyxa filosa	46433	0	Calmodulin	protista_other
X6MI11	unassigned	none	module	ryr.hmm matched only 59 profile positions (< 200) — a shared module, not a family assignment	0.0	33.5	33.5	1.0		4.9e-07	4.9e-07	0.0	0.012	0	59	0.622	188	RFI_23867	Reticulomyxa filosa	46433	0	Calmodulin	protista_other
X6MI82	unassigned	none	module	ryr.hmm matched only 59 profile positions (< 200) — a shared module, not a family assignment	0.0	31.6	31.6	1.0		1.9e-06	1.9e-06	0.0	0.012	0	59	0.554	204	RFI_23651	Reticulomyxa filosa	46433	0	EF-hand domain-containing protein	protista_other
X6MIQ3	unassigned	none	module	ryr.hmm matched only 54 profile positions (< 200) — a shared module, not a family assignment	0.0	32.0	32.0	1.0		1.4e-06	1.4e-06	0.0	0.011	0	54	0.493	227	RFI_24053	Reticulomyxa filosa	46433	0	Calmodulin	protista_other
X6MLK9	unassigned	none	module	ryr.hmm matched only 118 profile positions (< 200) — a shared module, not a family assignment	0.0	30.1	30.1	1.0		5e-06	5e-06	0.0	0.024	0	118	0.114	1094	RFI_22832	Reticulomyxa filosa	46433	0	HECT domain-containing protein (Fragment)	protista_other
X6MNU5	unassigned	none	module	ryr.hmm matched only 84 profile positions (< 200) — a shared module, not a family assignment	0.0	60.6	60.6	1.0		3.4e-15	3.4e-15	0.0	0.017	0	84	0.047	1861	RFI_21691	Reticulomyxa filosa	46433	0	Cell surface protein	protista_other
X6MV58	unassigned	none	module	best profile score 29.5 < 30 bits	0.0	29.5	29.5	1.0		8.1e-06	8.1e-06	0.0	0.034	0	168	0.596	319	RFI_19795	Reticulomyxa filosa	46433	0	Ryanodine receptor Ryr domain-containing protein (Fragment)	protista_other
X6MW54	unassigned	none	module	ryr.hmm matched only 59 profile positions (< 200) — a shared module, not a family assignment	0.0	36.3	36.3	1.0		7.2e-08	7.2e-08	0.0	0.012	0	59	0.562	203	RFI_19618	Reticulomyxa filosa	46433	0	Calmodulin	protista_other
X6NDM9	unassigned	none	module	ryr.hmm matched only 64 profile positions (< 200) — a shared module, not a family assignment	0.0	44.5	44.5	1.0		2.3e-10	2.3e-10	0.0	0.013	0	64	0.435	278	RFI_13751	Reticulomyxa filosa	46433	0	Calcium-dependent protein kinase	protista_other
X6NSL5	RYR	medium	partial	ryr.hmm wins by 62.2 bits (100.0% of 62.2) over 365 profile positions; no itpr.hmm hit	0.0	62.2	62.2	1.0		1.1e-15	1.1e-15	0.0	0.074	0	365	0.135	3906	RFI_07838	Reticulomyxa filosa	46433	0	Uncharacterized protein (Fragment)	protista_other
X6NXQ9	unassigned	none	module	ryr.hmm matched only 123 profile positions (< 200) — a shared module, not a family assignment	0.0	78.3	78.3	1.0		1.5e-20	1.5e-20	0.0	0.025	0	123	0.141	841	RFI_06023	Reticulomyxa filosa	46433	0	B30.2/SPRY domain-containing protein	protista_other
X6P4Z3	unassigned	none	module	ryr.hmm matched only 123 profile positions (< 200) — a shared module, not a family assignment	0.0	81.0	81.0	1.0		2.4e-21	2.4e-21	0.0	0.025	0	123	0.18	660	RFI_03487	Reticulomyxa filosa	46433	0	B30.2/SPRY domain-containing protein (Fragment)	protista_other
