accession	assignment	confidence	evidence	reason	itpr_score	ryr_score	score_margin	rel_margin	itpr_evalue	ryr_evalue	best_evalue	itpr_coverage	ryr_coverage	itpr_positions	ryr_positions	target_coverage	length	gene	species	taxon_id	reviewed	protein_name
A0A091P7I4	unassigned	none	module	ryr.hmm matched only 108 profile positions (< 200) — a shared module, not a family assignment	130.3	256.2	125.9	0.4914	2.4e-35	1.6e-73	1.6e-73	0.041	0.022	110	108	1.0	108	Ryr2_0	Haliaeetus albicilla	8969	0	RYR2 protein (Fragment)
A0A218U8D8	unassigned	none	module	ryr.hmm matched only 64 profile positions (< 200) — a shared module, not a family assignment	45.6	151.0	105.4	0.698	7.9e-10	7.8e-42	7.8e-42	0.023	0.013	62	64	0.85	133	RYR1	Lonchura striata	40157	0	Ryanodine receptor 1 (Fragment)
A0A218U8Z0	unassigned	none	module	ryr.hmm matched only 143 profile positions (< 200) — a shared module, not a family assignment	0.0	169.0	169.0	1.0		2.9e-47	2.9e-47	0.0	0.029	0	143	0.928	152	RYR1_0	Lonchura striata	40157	0	Ryanodine receptor 1 (Fragment)
A0A4Z2E2T4	unassigned	none	module	ryr.hmm matched only 64 profile positions (< 200) — a shared module, not a family assignment	0.0	79.1	79.1	1.0		3.5e-20	3.5e-20	0.0	0.013	0	64	0.956	68	Ryr1_0	Liparis tanakae	230148	0	Ryanodine receptor 1
A0A4Z2E5F0	unassigned	none	module	itpr.hmm matched only 156 profile positions (< 200) — a shared module, not a family assignment	202.1	47.4	154.7	0.7655	5.6e-57	1.3e-10	5.6e-57	0.058	0.017	156	84	0.916	178	ITPR3_0	Liparis tanakae	230148	0	Inositol 1,4,5-trisphosphate receptor type 3
A0A4Z2EB63	unassigned	none	module	ryr.hmm matched only 168 profile positions (< 200) — a shared module, not a family assignment	0.0	213.9	213.9	1.0		9.1e-61	9.1e-61	0.0	0.034	0	168	0.924	211	Ryr1_2	Liparis tanakae	230148	0	Ryanodine receptor 1
A0A4Z2ECK6	unassigned	none	module	ryr.hmm matched only 69 profile positions (< 200) — a shared module, not a family assignment	76.6	152.1	75.5	0.4964	3.7e-19	3.7e-42	3.7e-42	0.026	0.014	70	69	0.986	71	RYR1_0	Liparis tanakae	230148	0	Ryanodine receptor 1
A0A4Z2F403	unassigned	none	module	itpr.hmm matched only 51 profile positions (< 200) — a shared module, not a family assignment	50.7	0.0	50.7	1.0	2.3e-11		2.3e-11	0.019	0.0	51	0	0.836	61	ITPR3_2	Liparis tanakae	230148	0	Inositol 1,4,5-trisphosphate receptor type 3
A0A4Z2FK46	unassigned	none	module	itpr.hmm matched only 148 profile positions (< 200) — a shared module, not a family assignment	282.3	123.8	158.5	0.5615	3.7e-81	1.2e-33	3.7e-81	0.055	0.03	148	148	0.74	231	Itpr1_1	Liparis tanakae	230148	0	Inositol 1,4,5-trisphosphate receptor type 1
A0A4Z2GDY5	unassigned	none	module	ryr.hmm matched only 163 profile positions (< 200) — a shared module, not a family assignment	0.0	199.9	199.9	1.0		1.5e-56	1.5e-56	0.0	0.033	0	163	0.914	175	RYR1_3	Liparis tanakae	230148	0	Ryanodine receptor 1
A0A4Z2H780	unassigned	none	module	ryr.hmm matched only 148 profile positions (< 200) — a shared module, not a family assignment	175.7	352.6	176.9	0.5017	4.8e-49	1.5e-102	1.5e-102	0.053	0.03	142	148	0.993	151	RYR3_13	Liparis tanakae	230148	0	Ryanodine receptor 3
A0A4Z2HAA0	unassigned	none	module	ryr.hmm matched only 79 profile positions (< 200) — a shared module, not a family assignment	0.0	104.4	104.4	1.0		8.4e-28	8.4e-28	0.0	0.016	0	79	0.595	131	Ryr2_4	Liparis tanakae	230148	0	Ryanodine receptor 2
A0A4Z2HAH6	unassigned	none	module	ryr.hmm matched only 113 profile positions (< 200) — a shared module, not a family assignment	43.7	181.0	137.3	0.7586	3.1e-09	7.1e-51	7.1e-51	0.029	0.023	78	113	0.957	115	Ryr2_3	Liparis tanakae	230148	0	Ryanodine receptor 2
A0A4Z2HAM6	unassigned	none	module	ryr.hmm matched only 168 profile positions (< 200) — a shared module, not a family assignment	150.8	366.4	215.6	0.5884	1.6e-41	1e-106	1e-106	0.064	0.034	172	168	0.929	182	RYR2_3	Liparis tanakae	230148	0	Ryanodine receptor 2
A0A4Z2HAN7	unassigned	none	module	ryr.hmm matched only 118 profile positions (< 200) — a shared module, not a family assignment	0.0	94.5	94.5	1.0		8.1e-25	8.1e-25	0.0	0.024	0	118	1.0	119	RYR2_10	Liparis tanakae	230148	0	Ryanodine receptor 2
A0A4Z2HB25	unassigned	none	module	ryr.hmm matched only 173 profile positions (< 200) — a shared module, not a family assignment	0.0	205.7	205.7	1.0		2.6e-58	2.6e-58	0.0	0.035	0	173	0.97	168	RYR2_4	Liparis tanakae	230148	0	Ryanodine receptor 2
A0A4Z2HCT3	unassigned	none	module	ryr.hmm matched only 94 profile positions (< 200) — a shared module, not a family assignment	0.0	129.3	129.3	1.0		2.8e-35	2.8e-35	0.0	0.019	0	94	0.841	107	RYR2_0	Liparis tanakae	230148	0	Ryanodine receptor 2
A0A4Z2HVN1	unassigned	none	module	itpr.hmm matched only 83 profile positions (< 200) — a shared module, not a family assignment	110.1	0.0	110.1	1.0	2.9e-29		2.9e-29	0.031	0.0	83	0	0.796	103	ITPR1_0	Liparis tanakae	230148	0	Inositol 1,4,5-trisphosphate receptor type 1
A0A4Z2HVN3	unassigned	none	module	ryr.hmm matched only 123 profile positions (< 200) — a shared module, not a family assignment	40.8	174.3	133.5	0.7659	2.3e-08	7.2e-49	7.2e-49	0.025	0.025	67	123	0.702	178	Ryr2_2	Liparis tanakae	230148	0	Ryanodine receptor 2
A0A4Z2ITM6	unassigned	none	module	itpr.hmm matched only 118 profile positions (< 200) — a shared module, not a family assignment	151.3	0.0	151.3	1.0	1.2e-41		1.2e-41	0.044	0.0	118	0	0.876	137	ITPR1_1	Liparis tanakae	230148	0	Inositol 1,4,5-trisphosphate receptor type 1
A0A4Z2JA65	unassigned	none	module	ryr.hmm matched only 104 profile positions (< 200) — a shared module, not a family assignment	0.0	104.6	104.6	1.0		7.5e-28	7.5e-28	0.0	0.021	0	104	0.815	130	RYR3_0	Liparis tanakae	230148	0	Ryanodine receptor 3
A0A4Z2JAJ6	unassigned	none	module	ryr.hmm matched only 158 profile positions (< 200) — a shared module, not a family assignment	0.0	169.8	169.8	1.0		1.7e-47	1.7e-47	0.0	0.032	0	158	0.692	221	Ryr3_1	Liparis tanakae	230148	0	Ryanodine receptor 3
A0A4Z2JB66	unassigned	none	module	ryr.hmm matched only 133 profile positions (< 200) — a shared module, not a family assignment	0.0	151.1	151.1	1.0		7.3e-42	7.3e-42	0.0	0.027	0	133	0.887	151	RYR3_14	Liparis tanakae	230148	0	Ryanodine receptor 3
A0A7K4IS81	unassigned	none	module	ryr.hmm matched only 108 profile positions (< 200) — a shared module, not a family assignment	130.3	256.2	125.9	0.4914	2.4e-35	1.6e-73	1.6e-73	0.041	0.022	110	108	1.0	108	Ryr2_1	Geococcyx californianus	8947	0	RYR2 protein (Fragment)
A0A7K4ITN2	unassigned	none	module	ryr.hmm matched only 173 profile positions (< 200) — a shared module, not a family assignment	40.4	326.8	286.4	0.8764	3e-08	8.6e-95	8.6e-95	0.025	0.035	67	173	0.994	174	Ryr2_0	Geococcyx californianus	8947	0	RYR2 protein (Fragment)
A0A7K4IVT4	unassigned	none	module	itpr.hmm matched only 81 profile positions (< 200) — a shared module, not a family assignment	109.1	0.0	109.1	1.0	6e-29		6e-29	0.03	0.0	81	0	0.988	82	Itpr1_0	Geococcyx californianus	8947	0	ITPR1 protein (Fragment)
A0A7K4IWB9	unassigned	none	module	ryr.hmm matched only 108 profile positions (< 200) — a shared module, not a family assignment	133.2	256.2	123.0	0.4801	3.2e-36	1.6e-73	1.6e-73	0.041	0.022	110	108	1.0	108	Ryr3_0	Geococcyx californianus	8947	0	RYR3 protein (Fragment)
A0A7K4J7F2	unassigned	none	module	itpr.hmm matched only 72 profile positions (< 200) — a shared module, not a family assignment	100.5	0.0	100.5	1.0	2.3e-26		2.3e-26	0.027	0.0	72	0	0.878	82	Itpr2_1	Geococcyx californianus	8947	0	ITPR2 protein (Fragment)
A0A7K4JN00	unassigned	none	module	ryr.hmm matched only 173 profile positions (< 200) — a shared module, not a family assignment	42.4	320.4	278.0	0.8677	7.7e-09	7.3e-93	7.3e-93	0.029	0.035	78	173	0.989	174	Ryr3_2	Geococcyx californianus	8947	0	RYR3 protein (Fragment)
A0A7K4JN75	unassigned	none	module	ryr.hmm matched only 44 profile positions (< 200) — a shared module, not a family assignment	0.0	47.4	47.4	1.0		1.3e-10	1.3e-10	0.0	0.009	0	44	0.979	47	Ryr3_1	Geococcyx californianus	8947	0	RYR3 protein (Fragment)
A0A7K4JZF5	unassigned	none	module	ryr.hmm matched only 173 profile positions (< 200) — a shared module, not a family assignment	43.1	322.5	279.4	0.8664	4.5e-09	1.8e-93	1.8e-93	0.029	0.035	78	173	1.0	174	Ryr3_0	Crypturellus soui	458187	0	RYR3 protein (Fragment)
A0A7K4JZN9	unassigned	none	module	ryr.hmm matched only 108 profile positions (< 200) — a shared module, not a family assignment	133.2	256.2	123.0	0.4801	3.2e-36	1.6e-73	1.6e-73	0.041	0.022	110	108	1.0	108	Ryr3_1	Crypturellus soui	458187	0	RYR3 protein (Fragment)
A0A7K4JZZ8	unassigned	none	module	itpr.hmm matched only 81 profile positions (< 200) — a shared module, not a family assignment	109.3	0.0	109.3	1.0	5.1e-29		5.1e-29	0.03	0.0	81	0	0.988	82	Itpr1_0	Crypturellus soui	458187	0	ITPR1 protein (Fragment)
A0A7K4KMU3	unassigned	none	module	itpr.hmm matched only 83 profile positions (< 200) — a shared module, not a family assignment	101.3	0.0	101.3	1.0	1.3e-26		1.3e-26	0.031	0.0	83	0	0.939	82	Itpr2_0	Crypturellus soui	458187	0	ITPR2 protein (Fragment)
A0A7K4KMZ3	unassigned	none	module	ryr.hmm matched only 74 profile positions (< 200) — a shared module, not a family assignment	78.0	164.4	86.4	0.5255	1.4e-19	7.3e-46	7.3e-46	0.028	0.015	75	74	1.0	74	Ryr1_2	Crypturellus soui	458187	0	RYR1 protein (Fragment)
A0A7K4KMZ9	unassigned	none	module	ryr.hmm matched only 49 profile positions (< 200) — a shared module, not a family assignment	0.0	46.3	46.3	1.0		2.7e-10	2.7e-10	0.0	0.01	0	49	0.979	48	Ryr1_0	Crypturellus soui	458187	0	RYR1 protein (Fragment)
A0A7K4KPP1	unassigned	none	module	ryr.hmm matched only 173 profile positions (< 200) — a shared module, not a family assignment	35.1	306.7	271.6	0.8856	1.2e-06	9.5e-89	9.5e-89	0.022	0.035	59	173	0.977	176	Ryr1_1	Crypturellus soui	458187	0	RYR1 protein (Fragment)
A0A7K4L232	unassigned	none	module	itpr.hmm matched only 169 profile positions (< 200) — a shared module, not a family assignment	263.5	0.0	263.5	1.0	1.7e-75		1.7e-75	0.063	0.0	169	0	0.994	169	Itpr3_2	Crypturellus soui	458187	0	Inositol 1,4,5-trisphosphate receptor (Fragment)
A0A7K4L3W8	unassigned	none	module	ryr.hmm matched only 108 profile positions (< 200) — a shared module, not a family assignment	130.3	256.2	125.9	0.4914	2.4e-35	1.6e-73	1.6e-73	0.041	0.022	110	108	1.0	108	Ryr2_0	Crypturellus undulatus	48396	0	RYR2 protein (Fragment)
A0A7K4LHU6	unassigned	none	module	itpr.hmm matched only 83 profile positions (< 200) — a shared module, not a family assignment	101.3	0.0	101.3	1.0	1.3e-26		1.3e-26	0.031	0.0	83	0	0.939	82	Itpr2_0	Crypturellus undulatus	48396	0	ITPR2 protein (Fragment)
A0A7K4LI79	unassigned	none	module	ryr.hmm matched only 49 profile positions (< 200) — a shared module, not a family assignment	0.0	46.3	46.3	1.0		2.7e-10	2.7e-10	0.0	0.01	0	49	0.979	48	Ryr1_1	Crypturellus undulatus	48396	0	RYR1 protein (Fragment)
A0A7K4LKC2	unassigned	none	module	ryr.hmm matched only 173 profile positions (< 200) — a shared module, not a family assignment	35.4	306.8	271.4	0.8846	9.4e-07	9.3e-89	9.3e-89	0.022	0.035	59	173	0.977	176	Ryr1_2	Crypturellus undulatus	48396	0	RYR1 protein (Fragment)
A0A7K4LQQ4	unassigned	none	module	ryr.hmm matched only 173 profile positions (< 200) — a shared module, not a family assignment	43.1	322.5	279.4	0.8664	4.5e-09	1.8e-93	1.8e-93	0.029	0.035	78	173	1.0	174	Ryr3_0	Crypturellus undulatus	48396	0	RYR3 protein (Fragment)
A0A7K4LQQ6	unassigned	none	module	ryr.hmm matched only 108 profile positions (< 200) — a shared module, not a family assignment	133.2	256.2	123.0	0.4801	3.2e-36	1.6e-73	1.6e-73	0.041	0.022	110	108	1.0	108	Ryr3_1	Crypturellus undulatus	48396	0	RYR3 protein (Fragment)
A0A7K4LTG5	unassigned	none	module	itpr.hmm matched only 81 profile positions (< 200) — a shared module, not a family assignment	109.3	0.0	109.3	1.0	5.1e-29		5.1e-29	0.03	0.0	81	0	0.988	82	Itpr1_0	Crypturellus undulatus	48396	0	ITPR1 protein (Fragment)
A0A7K4M6F9	unassigned	none	module	ryr.hmm matched only 54 profile positions (< 200) — a shared module, not a family assignment	68.3	123.3	55.0	0.4461	1.2e-16	1.7e-33	1.7e-33	0.021	0.011	56	54	1.0	56	Ryr1_3	Crypturellus undulatus	48396	0	RYR1 protein (Fragment)
A0A7K4PA70	unassigned	none	module	ryr.hmm matched only 108 profile positions (< 200) — a shared module, not a family assignment	133.2	256.2	123.0	0.4801	3.2e-36	1.6e-73	1.6e-73	0.041	0.022	110	108	1.0	108	Ryr3_2	Melospiza melodia	44397	0	RYR3 protein (Fragment)
A0A7K4PAD7	unassigned	none	module	ryr.hmm matched only 44 profile positions (< 200) — a shared module, not a family assignment	0.0	46.2	46.2	1.0		2.9e-10	2.9e-10	0.0	0.009	0	44	0.979	47	Ryr3_0	Melospiza melodia	44397	0	RYR3 protein (Fragment)
A0A7K4PDP0	unassigned	none	module	ryr.hmm matched only 128 profile positions (< 200) — a shared module, not a family assignment	43.4	223.7	180.3	0.806	3.8e-09	9.7e-64	9.7e-64	0.029	0.026	78	128	0.977	130	Ryr3_1	Melospiza melodia	44397	0	RYR3 protein (Fragment)
A0A7K4PGT7	unassigned	none	module	itpr.hmm matched only 81 profile positions (< 200) — a shared module, not a family assignment	103.4	0.0	103.4	1.0	3e-27		3e-27	0.03	0.0	81	0	0.964	83	Itpr1_0	Melospiza melodia	44397	0	ITPR1 protein (Fragment)
A0A7K4Q0B7	unassigned	none	module	itpr.hmm matched only 83 profile positions (< 200) — a shared module, not a family assignment	101.3	0.0	101.3	1.0	1.3e-26		1.3e-26	0.031	0.0	83	0	0.939	82	Itpr2_0	Melospiza melodia	44397	0	ITPR2 protein (Fragment)
A0A7K4QFC2	unassigned	none	module	itpr.hmm matched only 83 profile positions (< 200) — a shared module, not a family assignment	101.3	0.0	101.3	1.0	1.3e-26		1.3e-26	0.031	0.0	83	0	0.939	82	Itpr2_0	Neopipo cinnamomea	456388	0	ITPR2 protein (Fragment)
A0A7K4QGU9	unassigned	none	module	itpr.hmm matched only 78 profile positions (< 200) — a shared module, not a family assignment	104.1	0.0	104.1	1.0	2e-27		2e-27	0.029	0.0	78	0	0.94	83	Itpr1_0	Neopipo cinnamomea	456388	0	ITPR1 protein (Fragment)
A0A7K4RE99	unassigned	none	module	ryr.hmm matched only 108 profile positions (< 200) — a shared module, not a family assignment	130.3	256.2	125.9	0.4914	2.4e-35	1.6e-73	1.6e-73	0.041	0.022	110	108	1.0	108	Ryr2_1	Neopipo cinnamomea	456388	0	RYR2 protein (Fragment)
A0A7K4RFQ7	unassigned	none	module	ryr.hmm matched only 108 profile positions (< 200) — a shared module, not a family assignment	133.2	256.2	123.0	0.4801	3.2e-36	1.6e-73	1.6e-73	0.041	0.022	110	108	1.0	108	Ryr3_2	Neopipo cinnamomea	456388	0	RYR3 protein (Fragment)
A0A7K4RG38	unassigned	none	module	ryr.hmm matched only 173 profile positions (< 200) — a shared module, not a family assignment	41.3	321.0	279.7	0.8713	1.7e-08	4.8e-93	4.8e-93	0.028	0.035	75	173	0.983	175	Ryr3_1	Neopipo cinnamomea	456388	0	RYR3 protein (Fragment)
A0A7K4RLS6	unassigned	none	module	ryr.hmm matched only 108 profile positions (< 200) — a shared module, not a family assignment	133.8	256.7	122.9	0.4788	2.1e-36	1.1e-73	1.1e-73	0.041	0.022	110	108	1.0	108	Ryr3_2	Columbina picui	115618	0	RYR3 protein (Fragment)
A0A7K4RLS8	unassigned	none	module	ryr.hmm matched only 44 profile positions (< 200) — a shared module, not a family assignment	0.0	46.6	46.6	1.0		2.3e-10	2.3e-10	0.0	0.009	0	44	0.979	47	Ryr3_0	Columbina picui	115618	0	RYR3 protein (Fragment)
A0A7K4RNB9	unassigned	none	module	ryr.hmm matched only 173 profile positions (< 200) — a shared module, not a family assignment	42.4	321.4	279.0	0.8681	7.6e-09	3.7e-93	3.7e-93	0.029	0.035	78	173	0.989	174	Ryr3_1	Columbina picui	115618	0	RYR3 protein (Fragment)
A0A7K4SQ55	unassigned	none	module	ryr.hmm matched only 173 profile positions (< 200) — a shared module, not a family assignment	42.4	321.4	279.0	0.8681	7.6e-09	3.7e-93	3.7e-93	0.029	0.035	78	173	0.989	174	Ryr3_0	Burhinus bistriatus	240201	0	RYR3 protein (Fragment)
A0A7K4SSH6	unassigned	none	module	ryr.hmm matched only 108 profile positions (< 200) — a shared module, not a family assignment	133.2	256.2	123.0	0.4801	3.2e-36	1.6e-73	1.6e-73	0.041	0.022	110	108	1.0	108	Ryr3_1	Burhinus bistriatus	240201	0	RYR3 protein (Fragment)
A0A7K4T7S2	unassigned	none	module	ryr.hmm matched only 173 profile positions (< 200) — a shared module, not a family assignment	41.0	327.5	286.5	0.8748	1.9e-08	5.5e-95	5.5e-95	0.025	0.035	67	173	0.977	177	Ryr2_0	Burhinus bistriatus	240201	0	RYR2 protein (Fragment)
A0A7K4T8Y3	unassigned	none	module	ryr.hmm matched only 49 profile positions (< 200) — a shared module, not a family assignment	0.0	45.5	45.5	1.0		4.8e-10	4.8e-10	0.0	0.01	0	49	0.667	72	Ryr1	Burhinus bistriatus	240201	0	RYR1 protein (Fragment)
A0A7K4T960	unassigned	none	module	itpr.hmm matched only 83 profile positions (< 200) — a shared module, not a family assignment	101.3	0.0	101.3	1.0	1.3e-26		1.3e-26	0.031	0.0	83	0	0.939	82	Itpr2_0	Burhinus bistriatus	240201	0	ITPR2 protein (Fragment)
A0A7K4TAE9	unassigned	none	module	ryr.hmm matched only 108 profile positions (< 200) — a shared module, not a family assignment	130.3	256.2	125.9	0.4914	2.4e-35	1.6e-73	1.6e-73	0.041	0.022	110	108	1.0	108	Ryr2_1	Burhinus bistriatus	240201	0	RYR2 protein (Fragment)
A0A7K4TAI9	unassigned	none	module	itpr.hmm matched only 81 profile positions (< 200) — a shared module, not a family assignment	109.3	0.0	109.3	1.0	5.1e-29		5.1e-29	0.03	0.0	81	0	0.988	82	Itpr1_0	Burhinus bistriatus	240201	0	ITPR1 protein (Fragment)
A0A7K4TZP7	unassigned	none	module	ryr.hmm matched only 74 profile positions (< 200) — a shared module, not a family assignment	77.4	163.4	86.0	0.5263	2.1e-19	1.5e-45	1.5e-45	0.028	0.015	75	74	1.0	74	Ryr1_0	Sinosuthora webbiana	337173	0	RYR1 protein (Fragment)
A0A7K4UBN8	unassigned	none	module	itpr.hmm matched only 75 profile positions (< 200) — a shared module, not a family assignment	100.6	0.0	100.6	1.0	2.2e-26		2.2e-26	0.028	0.0	75	0	0.938	81	Itpr2_0	Sinosuthora webbiana	337173	0	ITPR2 protein (Fragment)
A0A7K4UGM8	unassigned	none	module	itpr.hmm matched only 81 profile positions (< 200) — a shared module, not a family assignment	103.4	0.0	103.4	1.0	3e-27		3e-27	0.03	0.0	81	0	0.964	83	Itpr1_0	Sinosuthora webbiana	337173	0	ITPR1 protein (Fragment)
A0A7K4UGY6	unassigned	none	module	itpr.hmm matched only 102 profile positions (< 200) — a shared module, not a family assignment	229.2	118.6	110.6	0.4825	3.6e-65	4.6e-32	3.6e-65	0.038	0.02	102	99	1.0	101	Itpr1_1	Sinosuthora webbiana	337173	0	ITPR1 protein (Fragment)
A0A7K4ULM8	unassigned	none	module	ryr.hmm matched only 108 profile positions (< 200) — a shared module, not a family assignment	133.2	256.2	123.0	0.4801	3.2e-36	1.6e-73	1.6e-73	0.041	0.022	110	108	1.0	108	Ryr3_2	Sinosuthora webbiana	337173	0	RYR3 protein (Fragment)
A0A7K4UMC4	unassigned	none	module	ryr.hmm matched only 173 profile positions (< 200) — a shared module, not a family assignment	42.3	321.3	279.0	0.8683	8.1e-09	3.9e-93	3.9e-93	0.029	0.035	78	173	0.983	175	Ryr3_1	Sinosuthora webbiana	337173	0	RYR3 protein (Fragment)
A0A7K4UP94	unassigned	none	module	ryr.hmm matched only 49 profile positions (< 200) — a shared module, not a family assignment	0.0	45.7	45.7	1.0		4.2e-10	4.2e-10	0.0	0.01	0	49	0.923	52	Ryr1_1	Sinosuthora webbiana	337173	0	RYR1 protein (Fragment)
A0A7K4V991	unassigned	none	module	ryr.hmm matched only 108 profile positions (< 200) — a shared module, not a family assignment	133.2	256.2	123.0	0.4801	3.2e-36	1.6e-73	1.6e-73	0.041	0.022	110	108	1.0	108	Ryr3_3	Emberiza fucata	337179	0	RYR3 protein (Fragment)
A0A7K4V9P4	unassigned	none	module	ryr.hmm matched only 44 profile positions (< 200) — a shared module, not a family assignment	0.0	46.7	46.7	1.0		2e-10	2e-10	0.0	0.009	0	44	0.979	47	Ryr3_1	Emberiza fucata	337179	0	RYR3 protein (Fragment)
A0A7K4VB31	unassigned	none	module	ryr.hmm matched only 173 profile positions (< 200) — a shared module, not a family assignment	43.2	321.8	278.6	0.8658	4.2e-09	2.8e-93	2.8e-93	0.03	0.035	81	173	0.994	175	Ryr3_2	Emberiza fucata	337179	0	RYR3 protein (Fragment)
A0A7K4VFP3	unassigned	none	module	itpr.hmm matched only 83 profile positions (< 200) — a shared module, not a family assignment	101.3	0.0	101.3	1.0	1.3e-26		1.3e-26	0.031	0.0	83	0	0.939	82	Itpr2_0	Emberiza fucata	337179	0	ITPR2 protein (Fragment)
A0A7K4VMR2	unassigned	none	module	itpr.hmm matched only 81 profile positions (< 200) — a shared module, not a family assignment	103.4	0.0	103.4	1.0	3e-27		3e-27	0.03	0.0	81	0	0.964	83	Itpr1_1	Emberiza fucata	337179	0	ITPR1 protein (Fragment)
A0A7K4WFF8	unassigned	none	module	ryr.hmm matched only 173 profile positions (< 200) — a shared module, not a family assignment	41.7	320.6	278.9	0.8699	1.2e-08	6.3e-93	6.3e-93	0.028	0.035	75	173	0.977	175	Ryr3_1	Tachuris rubrigastra	495162	0	RYR3 protein (Fragment)
A0A7K4WFM6	unassigned	none	module	ryr.hmm matched only 108 profile positions (< 200) — a shared module, not a family assignment	133.2	256.2	123.0	0.4801	3.2e-36	1.6e-73	1.6e-73	0.041	0.022	110	108	1.0	108	Ryr3_2	Tachuris rubrigastra	495162	0	RYR3 protein (Fragment)
A0A7K4WG62	unassigned	none	module	ryr.hmm matched only 44 profile positions (< 200) — a shared module, not a family assignment	0.0	46.2	46.2	1.0		3e-10	3e-10	0.0	0.009	0	44	0.979	47	Ryr3_0	Tachuris rubrigastra	495162	0	RYR3 protein (Fragment)
A0A7K4WHI1	unassigned	none	module	itpr.hmm matched only 81 profile positions (< 200) — a shared module, not a family assignment	103.4	0.0	103.4	1.0	3e-27		3e-27	0.03	0.0	81	0	0.964	83	Itpr1_0	Tachuris rubrigastra	495162	0	ITPR1 protein (Fragment)
A0A7K4WRD8	unassigned	none	module	itpr.hmm matched only 83 profile positions (< 200) — a shared module, not a family assignment	101.3	0.0	101.3	1.0	1.3e-26		1.3e-26	0.031	0.0	83	0	0.939	82	Itpr2_0	Tachuris rubrigastra	495162	0	ITPR2 protein (Fragment)
A0A7K4X5B3	unassigned	none	module	itpr.hmm matched only 83 profile positions (< 200) — a shared module, not a family assignment	101.3	0.0	101.3	1.0	1.3e-26		1.3e-26	0.031	0.0	83	0	0.939	82	Itpr2_0	Regulus satrapa	13245	0	ITPR2 protein (Fragment)
A0A7K4XP44	unassigned	none	module	ryr.hmm matched only 108 profile positions (< 200) — a shared module, not a family assignment	133.2	256.2	123.0	0.4801	3.2e-36	1.6e-73	1.6e-73	0.041	0.022	110	108	1.0	108	Ryr3_1	Regulus satrapa	13245	0	RYR3 protein (Fragment)
A0A7K4XQ23	unassigned	none	module	itpr.hmm matched only 81 profile positions (< 200) — a shared module, not a family assignment	103.4	0.0	103.4	1.0	3e-27		3e-27	0.03	0.0	81	0	0.964	83	Itpr1_0	Regulus satrapa	13245	0	ITPR1 protein (Fragment)
A0A7K4XR39	unassigned	none	module	ryr.hmm matched only 173 profile positions (< 200) — a shared module, not a family assignment	42.3	321.3	279.0	0.8683	8.1e-09	3.9e-93	3.9e-93	0.029	0.035	78	173	0.983	175	Ryr3_0	Regulus satrapa	13245	0	RYR3 protein (Fragment)
A0A7K4YSF8	unassigned	none	module	ryr.hmm matched only 49 profile positions (< 200) — a shared module, not a family assignment	0.0	45.3	45.3	1.0		5.4e-10	5.4e-10	0.0	0.01	0	49	0.706	68	Ryr1_0	Bucorvus abyssinicus	153643	0	RYR1 protein (Fragment)
A0A7K4YVJ5	unassigned	none	module	ryr.hmm matched only 143 profile positions (< 200) — a shared module, not a family assignment	0.0	192.3	192.3	1.0		2.9e-54	2.9e-54	0.0	0.029	0	143	0.596	245	Ryr3_0	Bucorvus abyssinicus	153643	0	RYR3 protein (Fragment)
A0A7K4YVJ8	unassigned	none	module	ryr.hmm matched only 108 profile positions (< 200) — a shared module, not a family assignment	133.2	256.2	123.0	0.4801	3.2e-36	1.6e-73	1.6e-73	0.041	0.022	110	108	1.0	108	Ryr3_2	Bucorvus abyssinicus	153643	0	RYR3 protein (Fragment)
A0A7K4YVP2	unassigned	none	module	ryr.hmm matched only 173 profile positions (< 200) — a shared module, not a family assignment	41.9	321.1	279.2	0.8695	1.1e-08	4.5e-93	4.5e-93	0.029	0.035	78	173	0.983	175	Ryr3_1	Bucorvus abyssinicus	153643	0	RYR3 protein (Fragment)
A0A7K4Z1Q0	unassigned	none	module	itpr.hmm matched only 83 profile positions (< 200) — a shared module, not a family assignment	100.6	0.0	100.6	1.0	2.1e-26		2.1e-26	0.031	0.0	83	0	0.939	82	Itpr2_0	Bucorvus abyssinicus	153643	0	ITPR2 protein (Fragment)
A0A7K4ZHQ9	unassigned	none	module	ryr.hmm matched only 108 profile positions (< 200) — a shared module, not a family assignment	133.2	256.2	123.0	0.4801	3.2e-36	1.6e-73	1.6e-73	0.041	0.022	110	108	1.0	108	Ryr3_3	Centropus unirufus	1118519	0	RYR3 protein (Fragment)
A0A7K4ZHT1	unassigned	none	module	ryr.hmm matched only 138 profile positions (< 200) — a shared module, not a family assignment	0.0	191.8	191.8	1.0		4e-54	4e-54	0.0	0.028	0	138	0.611	229	Ryr3_1	Centropus unirufus	1118519	0	RYR3 protein (Fragment)
A0A7K4ZHU9	unassigned	none	module	ryr.hmm matched only 44 profile positions (< 200) — a shared module, not a family assignment	0.0	47.4	47.4	1.0		1.3e-10	1.3e-10	0.0	0.009	0	44	0.979	47	Ryr3_0	Centropus unirufus	1118519	0	RYR3 protein (Fragment)
A0A7K4ZIG0	unassigned	none	module	ryr.hmm matched only 173 profile positions (< 200) — a shared module, not a family assignment	41.9	319.8	277.9	0.869	1.1e-08	1.1e-92	1.1e-92	0.028	0.035	75	173	0.983	174	Ryr3_2	Centropus unirufus	1118519	0	RYR3 protein (Fragment)
A0A7K4ZMH8	unassigned	none	module	itpr.hmm matched only 83 profile positions (< 200) — a shared module, not a family assignment	101.3	0.0	101.3	1.0	1.3e-26		1.3e-26	0.031	0.0	83	0	0.939	82	Itpr2_0	Centropus unirufus	1118519	0	ITPR2 protein (Fragment)
A0A7K4ZVC1	unassigned	none	module	itpr.hmm matched only 81 profile positions (< 200) — a shared module, not a family assignment	108.8	0.0	108.8	1.0	7.3e-29		7.3e-29	0.03	0.0	81	0	0.988	82	Itpr1_1	Centropus unirufus	1118519	0	ITPR1 protein (Fragment)
A0A7K5B2J8	unassigned	none	module	itpr.hmm matched only 75 profile positions (< 200) — a shared module, not a family assignment	100.6	0.0	100.6	1.0	2.2e-26		2.2e-26	0.028	0.0	75	0	0.938	81	Itpr2_0	Furnarius figulus	463165	0	ITPR2 protein (Fragment)
A0A7K5BHE2	unassigned	none	module	ryr.hmm matched only 108 profile positions (< 200) — a shared module, not a family assignment	133.2	256.2	123.0	0.4801	3.2e-36	1.6e-73	1.6e-73	0.041	0.022	110	108	1.0	108	Ryr3_2	Furnarius figulus	463165	0	RYR3 protein (Fragment)
A0A7K5BHS6	unassigned	none	module	ryr.hmm matched only 173 profile positions (< 200) — a shared module, not a family assignment	40.9	326.1	285.2	0.8746	2.1e-08	1.4e-94	1.4e-94	0.027	0.035	72	173	0.989	175	Ryr2_2	Furnarius figulus	463165	0	RYR2 protein (Fragment)
A0A7K5BHU2	unassigned	none	module	ryr.hmm matched only 173 profile positions (< 200) — a shared module, not a family assignment	42.2	321.8	279.6	0.8689	8.5e-09	2.8e-93	2.8e-93	0.029	0.035	78	173	0.994	175	Ryr3_1	Furnarius figulus	463165	0	RYR3 protein (Fragment)
A0A7K5BI38	unassigned	none	module	ryr.hmm matched only 108 profile positions (< 200) — a shared module, not a family assignment	130.3	256.2	125.9	0.4914	2.4e-35	1.6e-73	1.6e-73	0.041	0.022	110	108	1.0	108	Ryr2_3	Furnarius figulus	463165	0	RYR2 protein (Fragment)
A0A7K5BVQ3	unassigned	none	module	itpr.hmm matched only 81 profile positions (< 200) — a shared module, not a family assignment	103.4	0.0	103.4	1.0	3e-27		3e-27	0.03	0.0	81	0	0.964	83	Itpr1_0	Motacilla alba	45807	0	ITPR1 protein (Fragment)
A0A7K5CBN9	unassigned	none	module	itpr.hmm matched only 83 profile positions (< 200) — a shared module, not a family assignment	101.3	0.0	101.3	1.0	1.3e-26		1.3e-26	0.031	0.0	83	0	0.939	82	Itpr2_0	Motacilla alba	45807	0	ITPR2 protein (Fragment)
A0A7K5CFR3	unassigned	none	module	ryr.hmm matched only 49 profile positions (< 200) — a shared module, not a family assignment	0.0	45.0	45.0	1.0		6.6e-10	6.6e-10	0.0	0.01	0	49	0.923	52	Ryr1_2	Motacilla alba	45807	0	RYR1 protein (Fragment)
A0A7K5CGG2	unassigned	none	module	ryr.hmm matched only 173 profile positions (< 200) — a shared module, not a family assignment	42.5	321.0	278.5	0.8676	6.9e-09	4.7e-93	4.7e-93	0.029	0.035	78	173	0.983	175	Ryr3_0	Motacilla alba	45807	0	RYR3 protein (Fragment)
A0A7K5CGS6	unassigned	none	module	ryr.hmm matched only 108 profile positions (< 200) — a shared module, not a family assignment	133.2	256.2	123.0	0.4801	3.2e-36	1.6e-73	1.6e-73	0.041	0.022	110	108	1.0	108	Ryr3_1	Motacilla alba	45807	0	RYR3 protein (Fragment)
A0A7K5CH61	unassigned	none	module	ryr.hmm matched only 173 profile positions (< 200) — a shared module, not a family assignment	35.3	249.5	214.2	0.8585	1e-06	1.7e-71	1.7e-71	0.022	0.035	59	173	0.977	171	Ryr1_3	Motacilla alba	45807	0	RYR1 protein (Fragment)
A0A7K5CTJ1	unassigned	none	module	itpr.hmm matched only 78 profile positions (< 200) — a shared module, not a family assignment	104.1	0.0	104.1	1.0	2e-27		2e-27	0.029	0.0	78	0	0.94	83	Itpr1_0	Pachyramphus minor	369605	0	ITPR1 protein (Fragment)
A0A7K5CVW4	unassigned	none	module	itpr.hmm matched only 83 profile positions (< 200) — a shared module, not a family assignment	101.3	0.0	101.3	1.0	1.3e-26		1.3e-26	0.031	0.0	83	0	0.939	82	Itpr2_0	Pachyramphus minor	369605	0	ITPR2 protein (Fragment)
A0A7K5D7J5	unassigned	none	module	ryr.hmm matched only 108 profile positions (< 200) — a shared module, not a family assignment	130.3	256.2	125.9	0.4914	2.4e-35	1.6e-73	1.6e-73	0.041	0.022	110	108	1.0	108	Ryr2_1	Pachyramphus minor	369605	0	RYR2 protein (Fragment)
A0A7K5D7Z6	unassigned	none	module	ryr.hmm matched only 173 profile positions (< 200) — a shared module, not a family assignment	41.1	326.3	285.2	0.874	1.9e-08	1.2e-94	1.2e-94	0.027	0.035	72	173	0.977	177	Ryr2_0	Pachyramphus minor	369605	0	RYR2 protein (Fragment)
A0A7K5DGL1	unassigned	none	module	ryr.hmm matched only 173 profile positions (< 200) — a shared module, not a family assignment	41.9	320.2	278.3	0.8691	1e-08	8.5e-93	8.5e-93	0.029	0.035	78	173	0.983	175	Ryr3_1	Pachyramphus minor	369605	0	RYR3 protein (Fragment)
A0A7K5DH41	unassigned	none	module	ryr.hmm matched only 44 profile positions (< 200) — a shared module, not a family assignment	0.0	46.2	46.2	1.0		3e-10	3e-10	0.0	0.009	0	44	0.979	47	Ryr3_0	Pachyramphus minor	369605	0	RYR3 protein (Fragment)
A0A7K5DI84	unassigned	none	module	ryr.hmm matched only 108 profile positions (< 200) — a shared module, not a family assignment	133.2	256.2	123.0	0.4801	3.2e-36	1.6e-73	1.6e-73	0.041	0.022	110	108	1.0	108	Ryr3_2	Pachyramphus minor	369605	0	RYR3 protein (Fragment)
A0A7K5DJ32	unassigned	none	module	ryr.hmm matched only 44 profile positions (< 200) — a shared module, not a family assignment	0.0	44.1	44.1	1.0		1.3e-09	1.3e-09	0.0	0.009	0	44	0.979	47	Ryr1_1	Pachyramphus minor	369605	0	RYR1 protein (Fragment)
A0A7K5DWB1	unassigned	none	module	itpr.hmm matched only 75 profile positions (< 200) — a shared module, not a family assignment	100.6	0.0	100.6	1.0	2.2e-26		2.2e-26	0.028	0.0	75	0	0.938	81	Itpr2_0	Polioptila caerulea	66707	0	ITPR2 protein (Fragment)
A0A7K5E373	unassigned	none	module	itpr.hmm matched only 81 profile positions (< 200) — a shared module, not a family assignment	100.6	0.0	100.6	1.0	2.1e-26		2.1e-26	0.03	0.0	81	0	0.964	83	Itpr1_0	Polioptila caerulea	66707	0	ITPR1 protein (Fragment)
A0A7K5E391	unassigned	none	module	itpr.hmm matched only 102 profile positions (< 200) — a shared module, not a family assignment	229.2	118.6	110.6	0.4825	3.6e-65	4.6e-32	3.6e-65	0.038	0.02	102	99	1.0	101	Itpr1_1	Polioptila caerulea	66707	0	ITPR1 protein (Fragment)
A0A7K5EKI9	unassigned	none	module	ryr.hmm matched only 173 profile positions (< 200) — a shared module, not a family assignment	42.5	321.3	278.8	0.8677	7.1e-09	4e-93	4e-93	0.029	0.035	78	173	0.983	175	Ryr3_1	Polioptila caerulea	66707	0	RYR3 protein (Fragment)
A0A7K5EKM3	unassigned	none	module	ryr.hmm matched only 108 profile positions (< 200) — a shared module, not a family assignment	133.2	256.2	123.0	0.4801	3.2e-36	1.6e-73	1.6e-73	0.041	0.022	110	108	1.0	108	Ryr3_2	Polioptila caerulea	66707	0	RYR3 protein (Fragment)
A0A7K5F493	unassigned	none	module	itpr.hmm matched only 75 profile positions (< 200) — a shared module, not a family assignment	100.6	0.0	100.6	1.0	2.2e-26		2.2e-26	0.028	0.0	75	0	0.938	81	Itpr2_0	Probosciger aterrimus	141839	0	ITPR2 protein (Fragment)
A0A7K5F650	unassigned	none	module	itpr.hmm matched only 75 profile positions (< 200) — a shared module, not a family assignment	102.8	0.0	102.8	1.0	4.6e-27		4.6e-27	0.028	0.0	75	0	0.95	80	Itpr1_0	Probosciger aterrimus	141839	0	ITPR1 protein (Fragment)
A0A7K5F739	unassigned	none	module	itpr.hmm matched only 102 profile positions (< 200) — a shared module, not a family assignment	229.2	118.6	110.6	0.4825	3.6e-65	4.6e-32	3.6e-65	0.038	0.02	102	99	1.0	101	Itpr1_2	Probosciger aterrimus	141839	0	ITPR1 protein (Fragment)
A0A7K5FAF3	unassigned	none	module	ryr.hmm matched only 108 profile positions (< 200) — a shared module, not a family assignment	130.3	256.2	125.9	0.4914	2.4e-35	1.6e-73	1.6e-73	0.041	0.022	110	108	1.0	108	Ryr2_1	Probosciger aterrimus	141839	0	RYR2 protein (Fragment)
A0A7K5FCA1	unassigned	none	module	ryr.hmm matched only 173 profile positions (< 200) — a shared module, not a family assignment	40.6	327.1	286.5	0.8759	2.6e-08	7.1e-95	7.1e-95	0.025	0.035	67	173	0.989	175	Ryr2_0	Probosciger aterrimus	141839	0	RYR2 protein (Fragment)
A0A7K5FYT5	unassigned	none	module	ryr.hmm matched only 173 profile positions (< 200) — a shared module, not a family assignment	37.5	234.9	197.4	0.8404	2.2e-07	4.2e-67	4.2e-67	0.025	0.035	67	173	0.981	156	Ryr3_1	Probosciger aterrimus	141839	0	RYR3 protein (Fragment)
A0A7K5FZ28	unassigned	none	module	ryr.hmm matched only 108 profile positions (< 200) — a shared module, not a family assignment	133.2	256.2	123.0	0.4801	3.2e-36	1.6e-73	1.6e-73	0.041	0.022	110	108	1.0	108	Ryr3_2	Probosciger aterrimus	141839	0	RYR3 protein (Fragment)
A0A7K5G4E1	unassigned	none	module	ryr.hmm matched only 173 profile positions (< 200) — a shared module, not a family assignment	42.4	321.1	278.7	0.868	7.3e-09	4.4e-93	4.4e-93	0.029	0.035	78	173	0.989	174	Ryr3_2	Chunga burmeisteri	1352770	0	RYR3 protein (Fragment)
A0A7K5G4I6	unassigned	none	module	ryr.hmm matched only 44 profile positions (< 200) — a shared module, not a family assignment	0.0	44.9	44.9	1.0		7.4e-10	7.4e-10	0.0	0.009	0	44	0.979	47	Ryr3_0	Chunga burmeisteri	1352770	0	RYR3 protein (Fragment)
A0A7K5G4J6	unassigned	none	module	ryr.hmm matched only 108 profile positions (< 200) — a shared module, not a family assignment	133.2	256.2	123.0	0.4801	3.2e-36	1.6e-73	1.6e-73	0.041	0.022	110	108	1.0	108	Ryr3_3	Chunga burmeisteri	1352770	0	RYR3 protein (Fragment)
A0A7K5G4W3	unassigned	none	module	ryr.hmm matched only 143 profile positions (< 200) — a shared module, not a family assignment	0.0	193.3	193.3	1.0		1.4e-54	1.4e-54	0.0	0.029	0	143	0.719	199	Ryr3_1	Chunga burmeisteri	1352770	0	RYR3 protein (Fragment)
A0A7K5G689	unassigned	none	module	itpr.hmm matched only 83 profile positions (< 200) — a shared module, not a family assignment	101.3	0.0	101.3	1.0	1.3e-26		1.3e-26	0.031	0.0	83	0	0.939	82	Itpr2_0	Chunga burmeisteri	1352770	0	ITPR2 protein (Fragment)
A0A7K5GDA4	unassigned	none	module	itpr.hmm matched only 81 profile positions (< 200) — a shared module, not a family assignment	109.0	0.0	109.0	1.0	6.3e-29		6.3e-29	0.03	0.0	81	0	0.988	82	Itpr1_0	Chunga burmeisteri	1352770	0	ITPR1 protein (Fragment)
A0A7K5H729	unassigned	none	module	ryr.hmm matched only 44 profile positions (< 200) — a shared module, not a family assignment	0.0	46.0	46.0	1.0		3.3e-10	3.3e-10	0.0	0.009	0	44	0.979	47	Ryr1	Chunga burmeisteri	1352770	0	RYR1 protein (Fragment)
A0A7K5HIS3	unassigned	none	module	ryr.hmm matched only 108 profile positions (< 200) — a shared module, not a family assignment	133.2	256.2	123.0	0.4801	3.2e-36	1.6e-73	1.6e-73	0.041	0.022	110	108	1.0	108	Ryr3_2	Crotophaga sulcirostris	33598	0	RYR3 protein (Fragment)
A0A7K5HIU3	unassigned	none	module	ryr.hmm matched only 44 profile positions (< 200) — a shared module, not a family assignment	0.0	47.4	47.4	1.0		1.3e-10	1.3e-10	0.0	0.009	0	44	0.979	47	Ryr3_0	Crotophaga sulcirostris	33598	0	RYR3 protein (Fragment)
A0A7K5HJH2	unassigned	none	module	ryr.hmm matched only 173 profile positions (< 200) — a shared module, not a family assignment	42.4	320.4	278.0	0.8677	7.7e-09	7.3e-93	7.3e-93	0.029	0.035	78	173	0.989	174	Ryr3_1	Crotophaga sulcirostris	33598	0	RYR3 protein (Fragment)
A0A7K5HJX7	unassigned	none	module	itpr.hmm matched only 81 profile positions (< 200) — a shared module, not a family assignment	109.1	0.0	109.1	1.0	6e-29		6e-29	0.03	0.0	81	0	0.988	82	Itpr1_0	Crotophaga sulcirostris	33598	0	ITPR1 protein (Fragment)
A0A7K5HQ45	unassigned	none	module	itpr.hmm matched only 72 profile positions (< 200) — a shared module, not a family assignment	100.5	0.0	100.5	1.0	2.3e-26		2.3e-26	0.027	0.0	72	0	0.878	82	Itpr2_0	Crotophaga sulcirostris	33598	0	ITPR2 protein (Fragment)
A0A7K5IQ71	unassigned	none	module	itpr.hmm matched only 102 profile positions (< 200) — a shared module, not a family assignment	229.2	118.6	110.6	0.4825	3.6e-65	4.6e-32	3.6e-65	0.038	0.02	102	99	1.0	101	Itpr1_2	Toxostoma redivivum	99882	0	ITPR1 protein (Fragment)
A0A7K5IQ80	unassigned	none	module	itpr.hmm matched only 81 profile positions (< 200) — a shared module, not a family assignment	103.4	0.0	103.4	1.0	3e-27		3e-27	0.03	0.0	81	0	0.964	83	Itpr1_0	Toxostoma redivivum	99882	0	ITPR1 protein (Fragment)
A0A7K5IZG5	unassigned	none	module	ryr.hmm matched only 54 profile positions (< 200) — a shared module, not a family assignment	68.3	123.3	55.0	0.4461	1.2e-16	1.7e-33	1.7e-33	0.021	0.011	56	54	1.0	56	Ryr1_0	Toxostoma redivivum	99882	0	RYR1 protein (Fragment)
A0A7K5JC99	unassigned	none	module	itpr.hmm matched only 75 profile positions (< 200) — a shared module, not a family assignment	100.6	0.0	100.6	1.0	2.2e-26		2.2e-26	0.028	0.0	75	0	0.938	81	Itpr2_0	Toxostoma redivivum	99882	0	ITPR2 protein (Fragment)
A0A7K5JF24	unassigned	none	module	ryr.hmm matched only 173 profile positions (< 200) — a shared module, not a family assignment	42.5	321.3	278.8	0.8677	7.1e-09	4e-93	4e-93	0.029	0.035	78	173	0.983	175	Ryr3_1	Toxostoma redivivum	99882	0	RYR3 protein (Fragment)
A0A7K5JF59	unassigned	none	module	ryr.hmm matched only 108 profile positions (< 200) — a shared module, not a family assignment	133.2	256.2	123.0	0.4801	3.2e-36	1.6e-73	1.6e-73	0.041	0.022	110	108	1.0	108	Ryr3_2	Toxostoma redivivum	99882	0	RYR3 protein (Fragment)
A0A7K5JKW5	unassigned	none	module	ryr.hmm matched only 108 profile positions (< 200) — a shared module, not a family assignment	133.2	256.2	123.0	0.4801	3.2e-36	1.6e-73	1.6e-73	0.041	0.022	110	108	1.0	108	Ryr3_2	Mionectes macconnelli	254557	0	RYR3 protein (Fragment)
A0A7K5JL17	unassigned	none	module	ryr.hmm matched only 173 profile positions (< 200) — a shared module, not a family assignment	42.5	321.3	278.8	0.8677	7.1e-09	4e-93	4e-93	0.029	0.035	78	173	0.983	175	Ryr3_1	Mionectes macconnelli	254557	0	RYR3 protein (Fragment)
A0A7K5JL82	unassigned	none	module	ryr.hmm matched only 44 profile positions (< 200) — a shared module, not a family assignment	0.0	46.2	46.2	1.0		3e-10	3e-10	0.0	0.009	0	44	0.979	47	Ryr3_0	Mionectes macconnelli	254557	0	RYR3 protein (Fragment)
A0A7K5K034	unassigned	none	module	itpr.hmm matched only 83 profile positions (< 200) — a shared module, not a family assignment	101.3	0.0	101.3	1.0	1.3e-26		1.3e-26	0.031	0.0	83	0	0.939	82	Itpr2_0	Mionectes macconnelli	254557	0	ITPR2 protein (Fragment)
A0A7K5KN32	unassigned	none	module	itpr.hmm matched only 75 profile positions (< 200) — a shared module, not a family assignment	101.0	0.0	101.0	1.0	1.6e-26		1.6e-26	0.028	0.0	75	0	0.939	82	Itpr2	Vireo altiloquus	34956	0	ITPR2 protein (Fragment)
A0A7K5KP69	unassigned	none	module	ryr.hmm matched only 163 profile positions (< 200) — a shared module, not a family assignment	0.0	173.1	173.1	1.0		1.7e-48	1.7e-48	0.0	0.033	0	163	0.925	187	Ryr1_1	Vireo altiloquus	34956	0	RYR1 protein (Fragment)
A0A7K5KP70	unassigned	none	module	ryr.hmm matched only 99 profile positions (< 200) — a shared module, not a family assignment	118.3	222.0	103.7	0.4671	1e-31	3.3e-63	3.3e-63	0.037	0.02	99	99	1.0	98	Ryr1_0	Vireo altiloquus	34956	0	RYR1 protein (Fragment)
A0A7K5KP90	unassigned	none	module	ryr.hmm matched only 49 profile positions (< 200) — a shared module, not a family assignment	0.0	44.8	44.8	1.0		7.8e-10	7.8e-10	0.0	0.01	0	49	0.904	52	Ryr1_2	Vireo altiloquus	34956	0	RYR1 protein (Fragment)
A0A7K5L9I5	unassigned	none	module	ryr.hmm matched only 44 profile positions (< 200) — a shared module, not a family assignment	0.0	46.7	46.7	1.0		2e-10	2e-10	0.0	0.009	0	44	0.979	47	Ryr3_0	Vireo altiloquus	34956	0	RYR3 protein (Fragment)
A0A7K5LAM6	unassigned	none	module	ryr.hmm matched only 108 profile positions (< 200) — a shared module, not a family assignment	133.2	256.2	123.0	0.4801	3.2e-36	1.6e-73	1.6e-73	0.041	0.022	110	108	1.0	108	Ryr3_1	Vireo altiloquus	34956	0	RYR3 protein (Fragment)
A0A7K5LC97	unassigned	none	module	itpr.hmm matched only 81 profile positions (< 200) — a shared module, not a family assignment	103.4	0.0	103.4	1.0	3e-27		3e-27	0.03	0.0	81	0	0.964	83	Itpr1_0	Vireo altiloquus	34956	0	ITPR1 protein (Fragment)
A0A7K5LYR1	unassigned	none	module	ryr.hmm matched only 173 profile positions (< 200) — a shared module, not a family assignment	44.6	321.5	276.9	0.8613	1.7e-09	3.3e-93	3.3e-93	0.029	0.035	78	173	0.983	175	Ryr3_0	Cardinalis cardinalis	98964	0	RYR3 protein (Fragment)
A0A7K5LYW7	unassigned	none	module	ryr.hmm matched only 108 profile positions (< 200) — a shared module, not a family assignment	133.2	256.2	123.0	0.4801	3.2e-36	1.6e-73	1.6e-73	0.041	0.022	110	108	1.0	108	Ryr3_1	Cardinalis cardinalis	98964	0	RYR3 protein (Fragment)
A0A7K5MEX1	unassigned	none	module	ryr.hmm matched only 173 profile positions (< 200) — a shared module, not a family assignment	40.9	326.1	285.2	0.8746	2.1e-08	1.4e-94	1.4e-94	0.027	0.035	72	173	0.989	175	Ryr2_0	Cardinalis cardinalis	98964	0	RYR2 protein (Fragment)
A0A7K5MG23	unassigned	none	module	ryr.hmm matched only 108 profile positions (< 200) — a shared module, not a family assignment	130.3	256.2	125.9	0.4914	2.4e-35	1.6e-73	1.6e-73	0.041	0.022	110	108	1.0	108	Ryr2_1	Cardinalis cardinalis	98964	0	RYR2 protein (Fragment)
A0A7K5MIR0	unassigned	none	module	itpr.hmm matched only 102 profile positions (< 200) — a shared module, not a family assignment	229.2	118.6	110.6	0.4825	3.6e-65	4.6e-32	3.6e-65	0.038	0.02	102	99	1.0	101	Itpr1_2	Cardinalis cardinalis	98964	0	ITPR1 protein (Fragment)
A0A7K5MJ93	unassigned	none	module	itpr.hmm matched only 75 profile positions (< 200) — a shared module, not a family assignment	100.6	0.0	100.6	1.0	2.2e-26		2.2e-26	0.028	0.0	75	0	0.938	81	Itpr2_0	Cardinalis cardinalis	98964	0	ITPR2 protein (Fragment)
A0A7K5MKY1	unassigned	none	module	itpr.hmm matched only 81 profile positions (< 200) — a shared module, not a family assignment	103.4	0.0	103.4	1.0	3e-27		3e-27	0.03	0.0	81	0	0.964	83	Itpr1_0	Cardinalis cardinalis	98964	0	ITPR1 protein (Fragment)
A0A7K5N5Y7	unassigned	none	module	itpr.hmm matched only 81 profile positions (< 200) — a shared module, not a family assignment	109.1	0.0	109.1	1.0	5.9e-29		5.9e-29	0.03	0.0	81	0	0.988	82	Itpr1_0	Chroicocephalus maculipennis	287016	0	ITPR1 protein (Fragment)
A0A7K5NBG7	unassigned	none	module	ryr.hmm matched only 108 profile positions (< 200) — a shared module, not a family assignment	130.3	256.2	125.9	0.4914	2.4e-35	1.6e-73	1.6e-73	0.041	0.022	110	108	1.0	108	Ryr2_1	Chroicocephalus maculipennis	287016	0	RYR2 protein (Fragment)
A0A7K5NC17	unassigned	none	module	ryr.hmm matched only 173 profile positions (< 200) — a shared module, not a family assignment	41.0	327.5	286.5	0.8748	1.9e-08	5.5e-95	5.5e-95	0.025	0.035	67	173	0.977	177	Ryr2_0	Chroicocephalus maculipennis	287016	0	RYR2 protein (Fragment)
A0A7K5NN80	unassigned	none	module	itpr.hmm matched only 83 profile positions (< 200) — a shared module, not a family assignment	101.3	0.0	101.3	1.0	1.3e-26		1.3e-26	0.031	0.0	83	0	0.939	82	Itpr2_0	Chroicocephalus maculipennis	287016	0	ITPR2 protein (Fragment)
A0A7K5NVR0	unassigned	none	module	ryr.hmm matched only 173 profile positions (< 200) — a shared module, not a family assignment	42.4	320.6	278.2	0.8677	7.6e-09	6.2e-93	6.2e-93	0.029	0.035	78	173	0.989	174	Ryr3_0	Chroicocephalus maculipennis	287016	0	RYR3 protein (Fragment)
A0A7K5NW10	unassigned	none	module	ryr.hmm matched only 108 profile positions (< 200) — a shared module, not a family assignment	133.2	256.2	123.0	0.4801	3.2e-36	1.6e-73	1.6e-73	0.041	0.022	110	108	1.0	108	Ryr3_1	Chroicocephalus maculipennis	287016	0	RYR3 protein (Fragment)
A0A7K5NY97	unassigned	none	module	ryr.hmm matched only 143 profile positions (< 200) — a shared module, not a family assignment	0.0	192.7	192.7	1.0		2.1e-54	2.1e-54	0.0	0.029	0	143	0.569	255	Ryr3_2	Chroicocephalus maculipennis	287016	0	RYR3 protein (Fragment)
A0A7K5P848	unassigned	none	module	ryr.hmm matched only 108 profile positions (< 200) — a shared module, not a family assignment	133.2	256.2	123.0	0.4801	3.2e-36	1.6e-73	1.6e-73	0.041	0.022	110	108	1.0	108	Ryr3_1	Erythrocercus mccallii	107208	0	RYR3 protein (Fragment)
A0A7K5P8Y5	unassigned	none	module	ryr.hmm matched only 173 profile positions (< 200) — a shared module, not a family assignment	42.3	321.3	279.0	0.8683	8.1e-09	3.9e-93	3.9e-93	0.029	0.035	78	173	0.983	175	Ryr3_0	Erythrocercus mccallii	107208	0	RYR3 protein (Fragment)
A0A7K5PX48	unassigned	none	module	itpr.hmm matched only 75 profile positions (< 200) — a shared module, not a family assignment	100.6	0.0	100.6	1.0	2.2e-26		2.2e-26	0.028	0.0	75	0	0.938	81	Itpr2_1	Erythrocercus mccallii	107208	0	ITPR2 protein (Fragment)
A0A7K5Q1T9	unassigned	none	module	itpr.hmm matched only 102 profile positions (< 200) — a shared module, not a family assignment	229.2	118.6	110.6	0.4825	3.6e-65	4.6e-32	3.6e-65	0.038	0.02	102	99	1.0	101	Itpr1_1	Erythrocercus mccallii	107208	0	ITPR1 protein (Fragment)
A0A7K5Q1W7	unassigned	none	module	itpr.hmm matched only 81 profile positions (< 200) — a shared module, not a family assignment	103.4	0.0	103.4	1.0	3e-27		3e-27	0.03	0.0	81	0	0.964	83	Itpr1_0	Erythrocercus mccallii	107208	0	ITPR1 protein (Fragment)
A0A7K5QHV9	unassigned	none	module	ryr.hmm matched only 108 profile positions (< 200) — a shared module, not a family assignment	133.2	256.2	123.0	0.4801	3.2e-36	1.6e-73	1.6e-73	0.041	0.022	110	108	1.0	108	Ryr3_2	Prunella himalayana	670356	0	RYR3 protein (Fragment)
A0A7K5QI85	unassigned	none	module	ryr.hmm matched only 173 profile positions (< 200) — a shared module, not a family assignment	42.5	321.3	278.8	0.8677	7.1e-09	4e-93	4e-93	0.029	0.035	78	173	0.983	175	Ryr3_1	Prunella himalayana	670356	0	RYR3 protein (Fragment)
A0A7K5QKA1	unassigned	none	module	ryr.hmm matched only 44 profile positions (< 200) — a shared module, not a family assignment	0.0	46.7	46.7	1.0		2e-10	2e-10	0.0	0.009	0	44	0.979	47	Ryr3_0	Prunella himalayana	670356	0	RYR3 protein (Fragment)
A0A7K5QS10	unassigned	none	module	itpr.hmm matched only 81 profile positions (< 200) — a shared module, not a family assignment	103.4	0.0	103.4	1.0	3e-27		3e-27	0.03	0.0	81	0	0.964	83	Itpr1_0	Prunella himalayana	670356	0	ITPR1 protein (Fragment)
A0A7K5QV71	unassigned	none	module	itpr.hmm matched only 83 profile positions (< 200) — a shared module, not a family assignment	101.3	0.0	101.3	1.0	1.3e-26		1.3e-26	0.031	0.0	83	0	0.939	82	Itpr2_0	Prunella himalayana	670356	0	ITPR2 protein (Fragment)
A0A7K5RNN9	unassigned	none	module	itpr.hmm matched only 75 profile positions (< 200) — a shared module, not a family assignment	100.6	0.0	100.6	1.0	2.2e-26		2.2e-26	0.028	0.0	75	0	0.938	81	Itpr2_0	Lanius ludovicianus	28713	0	ITPR2 protein (Fragment)
A0A7K5RXD0	unassigned	none	module	ryr.hmm matched only 128 profile positions (< 200) — a shared module, not a family assignment	36.6	212.9	176.3	0.8281	4.1e-07	1.8e-60	1.8e-60	0.022	0.026	59	128	1.0	129	Ryr1_0	Lanius ludovicianus	28713	0	RYR1 protein (Fragment)
A0A7K5S3G7	unassigned	none	module	ryr.hmm matched only 108 profile positions (< 200) — a shared module, not a family assignment	133.2	256.2	123.0	0.4801	3.2e-36	1.6e-73	1.6e-73	0.041	0.022	110	108	1.0	108	Ryr3_1	Lanius ludovicianus	28713	0	RYR3 protein (Fragment)
A0A7K5S3H9	unassigned	none	module	ryr.hmm matched only 173 profile positions (< 200) — a shared module, not a family assignment	42.5	321.3	278.8	0.8677	7.1e-09	4e-93	4e-93	0.029	0.035	78	173	0.983	175	Ryr3_0	Lanius ludovicianus	28713	0	RYR3 protein (Fragment)
A0A7K5S629	unassigned	none	module	itpr.hmm matched only 102 profile positions (< 200) — a shared module, not a family assignment	229.2	118.6	110.6	0.4825	3.6e-65	4.6e-32	3.6e-65	0.038	0.02	102	99	1.0	101	Itpr1_2	Lanius ludovicianus	28713	0	ITPR1 protein (Fragment)
A0A7K5S684	unassigned	none	module	itpr.hmm matched only 81 profile positions (< 200) — a shared module, not a family assignment	103.4	0.0	103.4	1.0	3e-27		3e-27	0.03	0.0	81	0	0.964	83	Itpr1_0	Lanius ludovicianus	28713	0	ITPR1 protein (Fragment)
A0A7K5SCN1	unassigned	none	module	ryr.hmm matched only 94 profile positions (< 200) — a shared module, not a family assignment	0.0	118.5	118.5	1.0		4.7e-32	4.7e-32	0.0	0.019	0	94	0.525	177	Ryr1_1	Lanius ludovicianus	28713	0	RYR1 protein (Fragment)
A0A7K5T5C8	unassigned	none	module	itpr.hmm matched only 102 profile positions (< 200) — a shared module, not a family assignment	229.2	118.6	110.6	0.4825	3.6e-65	4.6e-32	3.6e-65	0.038	0.02	102	99	1.0	101	Itpr1_2	Urocynchramus pylzowi	571890	0	ITPR1 protein (Fragment)
A0A7K5T848	unassigned	none	module	itpr.hmm matched only 81 profile positions (< 200) — a shared module, not a family assignment	103.4	0.0	103.4	1.0	3e-27		3e-27	0.03	0.0	81	0	0.964	83	Itpr1_0	Urocynchramus pylzowi	571890	0	ITPR1 protein (Fragment)
A0A7K5TBY4	unassigned	none	module	ryr.hmm matched only 108 profile positions (< 200) — a shared module, not a family assignment	133.2	256.2	123.0	0.4801	3.2e-36	1.6e-73	1.6e-73	0.041	0.022	110	108	1.0	108	Ryr3_2	Urocynchramus pylzowi	571890	0	RYR3 protein (Fragment)
A0A7K5TES0	unassigned	none	module	ryr.hmm matched only 173 profile positions (< 200) — a shared module, not a family assignment	42.5	321.3	278.8	0.8677	7.1e-09	4e-93	4e-93	0.029	0.035	78	173	0.983	175	Ryr3_1	Urocynchramus pylzowi	571890	0	RYR3 protein (Fragment)
A0A7K5TIB5	unassigned	none	module	itpr.hmm matched only 75 profile positions (< 200) — a shared module, not a family assignment	100.6	0.0	100.6	1.0	2.2e-26		2.2e-26	0.028	0.0	75	0	0.938	81	Itpr2_0	Urocynchramus pylzowi	571890	0	ITPR2 protein (Fragment)
A0A7K5TW61	unassigned	none	module	ryr.hmm matched only 49 profile positions (< 200) — a shared module, not a family assignment	0.0	44.0	44.0	1.0		1.4e-09	1.4e-09	0.0	0.01	0	49	0.762	63	Ryr1	Cephalopterus ornatus	114276	0	RYR1 protein (Fragment)
A0A7K5U3F5	unassigned	none	module	ryr.hmm matched only 173 profile positions (< 200) — a shared module, not a family assignment	40.9	326.1	285.2	0.8746	2.1e-08	1.4e-94	1.4e-94	0.027	0.035	72	173	0.989	175	Ryr2_2	Cephalopterus ornatus	114276	0	RYR2 protein (Fragment)
A0A7K5U7M4	unassigned	none	module	ryr.hmm matched only 108 profile positions (< 200) — a shared module, not a family assignment	130.3	256.2	125.9	0.4914	2.4e-35	1.6e-73	1.6e-73	0.041	0.022	110	108	1.0	108	Ryr2_3	Cephalopterus ornatus	114276	0	RYR2 protein (Fragment)
A0A7K5UGU9	unassigned	none	module	itpr.hmm matched only 81 profile positions (< 200) — a shared module, not a family assignment	103.4	0.0	103.4	1.0	3e-27		3e-27	0.03	0.0	81	0	0.964	83	Itpr1_0	Cephalopterus ornatus	114276	0	ITPR1 protein (Fragment)
A0A7K5UGV3	unassigned	none	module	itpr.hmm matched only 102 profile positions (< 200) — a shared module, not a family assignment	229.2	118.6	110.6	0.4825	3.6e-65	4.6e-32	3.6e-65	0.038	0.02	102	99	1.0	101	Itpr1_2	Cephalopterus ornatus	114276	0	ITPR1 protein (Fragment)
A0A7K5UJT3	unassigned	none	module	ryr.hmm matched only 108 profile positions (< 200) — a shared module, not a family assignment	133.2	256.2	123.0	0.4801	3.2e-36	1.6e-73	1.6e-73	0.041	0.022	110	108	1.0	108	Ryr3_1	Cephalopterus ornatus	114276	0	RYR3 protein (Fragment)
A0A7K5ULZ5	unassigned	none	module	ryr.hmm matched only 173 profile positions (< 200) — a shared module, not a family assignment	41.3	321.0	279.7	0.8713	1.7e-08	4.8e-93	4.8e-93	0.028	0.035	75	173	0.983	175	Ryr3_0	Cephalopterus ornatus	114276	0	RYR3 protein (Fragment)
A0A7K5UQD2	unassigned	none	module	itpr.hmm matched only 75 profile positions (< 200) — a shared module, not a family assignment	100.6	0.0	100.6	1.0	2.2e-26		2.2e-26	0.028	0.0	75	0	0.938	81	Itpr2_0	Cephalopterus ornatus	114276	0	ITPR2 protein (Fragment)
A0A7K5V2U4	unassigned	none	module	itpr.hmm matched only 75 profile positions (< 200) — a shared module, not a family assignment	100.6	0.0	100.6	1.0	2.2e-26		2.2e-26	0.028	0.0	75	0	0.938	81	Itpr2_0	Platysteira castanea	1160851	0	ITPR2 protein (Fragment)
A0A7K5V2V1	unassigned	none	module	ryr.hmm matched only 108 profile positions (< 200) — a shared module, not a family assignment	133.2	256.2	123.0	0.4801	3.2e-36	1.6e-73	1.6e-73	0.041	0.022	110	108	1.0	108	Ryr3_1	Platysteira castanea	1160851	0	RYR3 protein (Fragment)
A0A7K5V333	unassigned	none	module	ryr.hmm matched only 173 profile positions (< 200) — a shared module, not a family assignment	42.5	322.3	279.8	0.8681	7.1e-09	2e-93	2e-93	0.029	0.035	78	173	0.983	175	Ryr3_0	Platysteira castanea	1160851	0	RYR3 protein (Fragment)
A0A7K5VT87	unassigned	none	module	itpr.hmm matched only 102 profile positions (< 200) — a shared module, not a family assignment	229.2	118.6	110.6	0.4825	3.6e-65	4.6e-32	3.6e-65	0.038	0.02	102	99	1.0	101	Itpr1_2	Platysteira castanea	1160851	0	ITPR1 protein (Fragment)
A0A7K5VTD8	unassigned	none	module	itpr.hmm matched only 81 profile positions (< 200) — a shared module, not a family assignment	103.4	0.0	103.4	1.0	3e-27		3e-27	0.03	0.0	81	0	0.964	83	Itpr1_0	Platysteira castanea	1160851	0	ITPR1 protein (Fragment)
A0A7K5WFJ1	unassigned	none	module	itpr.hmm matched only 75 profile positions (< 200) — a shared module, not a family assignment	100.6	0.0	100.6	1.0	2.2e-26		2.2e-26	0.028	0.0	75	0	0.938	81	Itpr2_1	Hylia prasina	208073	0	ITPR2 protein (Fragment)
A0A7K5WHP2	unassigned	none	module	itpr.hmm matched only 102 profile positions (< 200) — a shared module, not a family assignment	229.2	118.6	110.6	0.4825	3.6e-65	4.6e-32	3.6e-65	0.038	0.02	102	99	1.0	101	Itpr1_2	Hylia prasina	208073	0	ITPR1 protein (Fragment)
A0A7K5WI01	unassigned	none	module	ryr.hmm matched only 173 profile positions (< 200) — a shared module, not a family assignment	42.3	321.3	279.0	0.8683	8.1e-09	3.9e-93	3.9e-93	0.029	0.035	78	173	0.983	175	Ryr3_1	Hylia prasina	208073	0	RYR3 protein (Fragment)
A0A7K5WI33	unassigned	none	module	ryr.hmm matched only 108 profile positions (< 200) — a shared module, not a family assignment	133.2	256.2	123.0	0.4801	3.2e-36	1.6e-73	1.6e-73	0.041	0.022	110	108	1.0	108	Ryr3_2	Hylia prasina	208073	0	RYR3 protein (Fragment)
A0A7K5WJP2	unassigned	none	module	itpr.hmm matched only 81 profile positions (< 200) — a shared module, not a family assignment	103.4	0.0	103.4	1.0	3e-27		3e-27	0.03	0.0	81	0	0.964	83	Itpr1_0	Hylia prasina	208073	0	ITPR1 protein (Fragment)
A0A7K5WT37	unassigned	none	module	ryr.hmm matched only 49 profile positions (< 200) — a shared module, not a family assignment	0.0	44.8	44.8	1.0		7.5e-10	7.5e-10	0.0	0.01	0	49	0.979	48	Ryr1	Hylia prasina	208073	0	RYR1 protein (Fragment)
A0A7K5XS69	unassigned	none	module	ryr.hmm matched only 108 profile positions (< 200) — a shared module, not a family assignment	130.3	256.2	125.9	0.4914	2.4e-35	1.6e-73	1.6e-73	0.041	0.022	110	108	1.0	108	Ryr2_2	Dromas ardeola	458190	0	RYR2 protein (Fragment)
A0A7K5XS78	unassigned	none	module	ryr.hmm matched only 173 profile positions (< 200) — a shared module, not a family assignment	41.0	327.4	286.4	0.8748	2e-08	5.6e-95	5.6e-95	0.025	0.035	67	173	0.977	177	Ryr2_1	Dromas ardeola	458190	0	RYR2 protein (Fragment)
A0A7K5XTB5	unassigned	none	module	itpr.hmm matched only 81 profile positions (< 200) — a shared module, not a family assignment	109.1	0.0	109.1	1.0	5.9e-29		5.9e-29	0.03	0.0	81	0	0.988	82	Itpr1_0	Dromas ardeola	458190	0	ITPR1 protein (Fragment)
A0A7K5XTY1	unassigned	none	module	ryr.hmm matched only 143 profile positions (< 200) — a shared module, not a family assignment	0.0	192.5	192.5	1.0		2.5e-54	2.5e-54	0.0	0.029	0	143	0.547	258	Ryr3_1	Dromas ardeola	458190	0	RYR3 protein (Fragment)
A0A7K5Y2R0	unassigned	none	module	itpr.hmm matched only 83 profile positions (< 200) — a shared module, not a family assignment	101.3	0.0	101.3	1.0	1.3e-26		1.3e-26	0.031	0.0	83	0	0.939	82	Itpr2_1	Dromas ardeola	458190	0	ITPR2 protein (Fragment)
A0A7K5Y319	unassigned	none	module	ryr.hmm matched only 108 profile positions (< 200) — a shared module, not a family assignment	133.2	256.2	123.0	0.4801	3.2e-36	1.6e-73	1.6e-73	0.041	0.022	110	108	1.0	108	Ryr3_3	Dromas ardeola	458190	0	RYR3 protein (Fragment)
A0A7K5Y3V4	unassigned	none	module	ryr.hmm matched only 173 profile positions (< 200) — a shared module, not a family assignment	41.7	320.0	278.3	0.8697	1.2e-08	9.6e-93	9.6e-93	0.028	0.035	75	173	0.983	174	Ryr3_2	Dromas ardeola	458190	0	RYR3 protein (Fragment)
A0A7K5Y467	unassigned	none	module	ryr.hmm matched only 49 profile positions (< 200) — a shared module, not a family assignment	0.0	44.1	44.1	1.0		1.2e-09	1.2e-09	0.0	0.01	0	49	0.762	63	Ryr1	Dromas ardeola	458190	0	RYR1 protein (Fragment)
A0A7K5YAV4	unassigned	none	module	itpr.hmm matched only 83 profile positions (< 200) — a shared module, not a family assignment	101.3	0.0	101.3	1.0	1.3e-26		1.3e-26	0.031	0.0	83	0	0.939	82	Itpr2_0	Pterocles burchelli	2585816	0	ITPR2 protein (Fragment)
A0A7K5YDM4	unassigned	none	module	itpr.hmm matched only 81 profile positions (< 200) — a shared module, not a family assignment	109.1	0.0	109.1	1.0	6e-29		6e-29	0.03	0.0	81	0	0.988	82	Itpr1_0	Pterocles burchelli	2585816	0	ITPR1 protein (Fragment)
A0A7K5Z506	unassigned	none	module	ryr.hmm matched only 108 profile positions (< 200) — a shared module, not a family assignment	132.8	255.6	122.8	0.4804	4.2e-36	2.4e-73	2.4e-73	0.041	0.022	110	108	1.0	108	Ryr3_3	Pterocles burchelli	2585816	0	RYR3 protein (Fragment)
A0A7K5Z527	unassigned	none	module	ryr.hmm matched only 44 profile positions (< 200) — a shared module, not a family assignment	0.0	46.0	46.0	1.0		3.4e-10	3.4e-10	0.0	0.009	0	44	0.979	47	Ryr3_1	Pterocles burchelli	2585816	0	RYR3 protein (Fragment)
A0A7K5Z532	unassigned	none	module	ryr.hmm matched only 173 profile positions (< 200) — a shared module, not a family assignment	43.7	253.7	210.0	0.8277	3e-09	9e-73	9e-73	0.03	0.035	81	173	0.988	161	Ryr3_2	Pterocles burchelli	2585816	0	RYR3 protein (Fragment)
A0A7K5Z866	unassigned	none	module	ryr.hmm matched only 49 profile positions (< 200) — a shared module, not a family assignment	0.0	42.4	42.4	1.0		4e-09	4e-09	0.0	0.01	0	49	0.904	52	Ryr1	Pterocles burchelli	2585816	0	RYR1 protein (Fragment)
A0A7K5ZPP2	unassigned	none	module	ryr.hmm matched only 173 profile positions (< 200) — a shared module, not a family assignment	42.5	321.3	278.8	0.8677	7.1e-09	4e-93	4e-93	0.029	0.035	78	173	0.983	175	Ryr3_1	Onychorhynchus coronatus	360224	0	RYR3 protein (Fragment)
A0A7K5ZPQ1	unassigned	none	module	ryr.hmm matched only 108 profile positions (< 200) — a shared module, not a family assignment	133.2	256.2	123.0	0.4801	3.2e-36	1.6e-73	1.6e-73	0.041	0.022	110	108	1.0	108	Ryr3_2	Onychorhynchus coronatus	360224	0	RYR3 protein (Fragment)
A0A7K5ZPS4	unassigned	none	module	ryr.hmm matched only 44 profile positions (< 200) — a shared module, not a family assignment	0.0	46.2	46.2	1.0		3e-10	3e-10	0.0	0.009	0	44	0.979	47	Ryr3_0	Onychorhynchus coronatus	360224	0	RYR3 protein (Fragment)
A0A7K5ZTI6	unassigned	none	module	itpr.hmm matched only 83 profile positions (< 200) — a shared module, not a family assignment	101.3	0.0	101.3	1.0	1.3e-26		1.3e-26	0.031	0.0	83	0	0.939	82	Itpr2_0	Onychorhynchus coronatus	360224	0	ITPR2 protein (Fragment)
A0A7K6A0K4	unassigned	none	module	itpr.hmm matched only 78 profile positions (< 200) — a shared module, not a family assignment	103.2	0.0	103.2	1.0	3.4e-27		3.4e-27	0.029	0.0	78	0	0.952	83	Itpr1_0	Onychorhynchus coronatus	360224	0	ITPR1 protein (Fragment)
A0A7K6AFQ7	unassigned	none	module	ryr.hmm matched only 108 profile positions (< 200) — a shared module, not a family assignment	130.3	256.2	125.9	0.4914	2.4e-35	1.6e-73	1.6e-73	0.041	0.022	110	108	1.0	108	Ryr2_1	Upupa epops	57439	0	RYR2 protein (Fragment)
A0A7K6AFR2	unassigned	none	module	ryr.hmm matched only 173 profile positions (< 200) — a shared module, not a family assignment	41.2	328.0	286.8	0.8744	1.8e-08	3.8e-95	3.8e-95	0.025	0.035	67	173	0.977	177	Ryr2_0	Upupa epops	57439	0	RYR2 protein (Fragment)
A0A7K6APE6	unassigned	none	module	itpr.hmm matched only 75 profile positions (< 200) — a shared module, not a family assignment	100.6	0.0	100.6	1.0	2.2e-26		2.2e-26	0.028	0.0	75	0	0.938	81	Itpr2_0	Upupa epops	57439	0	ITPR2 protein (Fragment)
A0A7K6BCJ9	unassigned	none	module	ryr.hmm matched only 173 profile positions (< 200) — a shared module, not a family assignment	41.4	321.0	279.6	0.871	1.5e-08	4.8e-93	4.8e-93	0.028	0.035	75	173	0.994	172	Ryr3_1	Upupa epops	57439	0	RYR3 protein (Fragment)
A0A7K6BCK2	unassigned	none	module	ryr.hmm matched only 138 profile positions (< 200) — a shared module, not a family assignment	0.0	188.5	188.5	1.0		3.9e-53	3.9e-53	0.0	0.028	0	138	0.55	249	Ryr3_0	Upupa epops	57439	0	RYR3 protein (Fragment)
A0A7K6BF43	unassigned	none	module	ryr.hmm matched only 108 profile positions (< 200) — a shared module, not a family assignment	133.2	256.2	123.0	0.4801	3.2e-36	1.6e-73	1.6e-73	0.041	0.022	110	108	1.0	108	Ryr3_2	Upupa epops	57439	0	RYR3 protein (Fragment)
A0A7K6BG72	unassigned	none	module	itpr.hmm matched only 102 profile positions (< 200) — a shared module, not a family assignment	229.2	118.6	110.6	0.4825	3.6e-65	4.6e-32	3.6e-65	0.038	0.02	102	99	1.0	101	Itpr1_2	Upupa epops	57439	0	ITPR1 protein (Fragment)
A0A7K6BI14	unassigned	none	module	itpr.hmm matched only 81 profile positions (< 200) — a shared module, not a family assignment	109.3	0.0	109.3	1.0	5.1e-29		5.1e-29	0.03	0.0	81	0	0.988	82	Itpr1_1	Upupa epops	57439	0	ITPR1 protein (Fragment)
A0A7K6BJ11	unassigned	none	module	itpr.hmm matched only 81 profile positions (< 200) — a shared module, not a family assignment	103.4	0.0	103.4	1.0	3e-27		3e-27	0.03	0.0	81	0	0.964	83	Itpr1_0	Ptilonorhynchus violaceus	28724	0	ITPR1 protein (Fragment)
A0A7K6BLK4	unassigned	none	module	itpr.hmm matched only 102 profile positions (< 200) — a shared module, not a family assignment	229.2	118.6	110.6	0.4825	3.6e-65	4.6e-32	3.6e-65	0.038	0.02	102	99	1.0	101	Itpr1_2	Ptilonorhynchus violaceus	28724	0	ITPR1 protein (Fragment)
A0A7K6C0W2	unassigned	none	module	itpr.hmm matched only 75 profile positions (< 200) — a shared module, not a family assignment	98.8	0.0	98.8	1.0	7.4e-26		7.4e-26	0.028	0.0	75	0	0.938	81	Itpr2_0	Ptilonorhynchus violaceus	28724	0	ITPR2 protein (Fragment)
A0A7K6C729	unassigned	none	module	ryr.hmm matched only 108 profile positions (< 200) — a shared module, not a family assignment	133.2	256.2	123.0	0.4801	3.2e-36	1.6e-73	1.6e-73	0.041	0.022	110	108	1.0	108	Ryr3_2	Ptilonorhynchus violaceus	28724	0	RYR3 protein (Fragment)
A0A7K6C8R4	unassigned	none	module	ryr.hmm matched only 173 profile positions (< 200) — a shared module, not a family assignment	42.4	319.5	277.1	0.8673	7.5e-09	1.4e-92	1.4e-92	0.029	0.035	78	173	0.989	174	Ryr3_1	Ptilonorhynchus violaceus	28724	0	RYR3 protein (Fragment)
A0A7K6CVY4	unassigned	none	module	ryr.hmm matched only 108 profile positions (< 200) — a shared module, not a family assignment	72.0	182.1	110.1	0.6046	9.2e-18	3.2e-51	3.2e-51	0.033	0.022	89	108	1.0	107	Ryr1_0	Origma solitaria	720586	0	RYR1 protein (Fragment)
A0A7K6D303	unassigned	none	module	itpr.hmm matched only 83 profile positions (< 200) — a shared module, not a family assignment	101.3	0.0	101.3	1.0	1.3e-26		1.3e-26	0.031	0.0	83	0	0.939	82	Itpr2_0	Origma solitaria	720586	0	ITPR2 protein (Fragment)
A0A7K6D383	unassigned	none	module	ryr.hmm matched only 128 profile positions (< 200) — a shared module, not a family assignment	43.4	224.9	181.5	0.807	3.7e-09	4.2e-64	4.2e-64	0.029	0.026	78	128	0.985	130	Ryr3_2	Origma solitaria	720586	0	RYR3 protein (Fragment)
A0A7K6D4N9	unassigned	none	module	ryr.hmm matched only 108 profile positions (< 200) — a shared module, not a family assignment	133.2	256.2	123.0	0.4801	3.2e-36	1.6e-73	1.6e-73	0.041	0.022	110	108	1.0	108	Ryr3_3	Origma solitaria	720586	0	RYR3 protein (Fragment)
A0A7K6D593	unassigned	none	module	ryr.hmm matched only 44 profile positions (< 200) — a shared module, not a family assignment	0.0	46.7	46.7	1.0		2e-10	2e-10	0.0	0.009	0	44	0.979	47	Ryr3_0	Origma solitaria	720586	0	RYR3 protein (Fragment)
A0A7K6DDZ8	unassigned	none	module	ryr.hmm matched only 49 profile positions (< 200) — a shared module, not a family assignment	0.0	45.5	45.5	1.0		4.7e-10	4.7e-10	0.0	0.01	0	49	0.979	48	Ryr1_3	Origma solitaria	720586	0	RYR1 protein (Fragment)
A0A7K6DM57	unassigned	none	module	itpr.hmm matched only 81 profile positions (< 200) — a shared module, not a family assignment	103.4	0.0	103.4	1.0	3e-27		3e-27	0.03	0.0	81	0	0.964	83	Itpr1_0	Origma solitaria	720586	0	ITPR1 protein (Fragment)
A0A7K6E658	unassigned	none	module	itpr.hmm matched only 81 profile positions (< 200) — a shared module, not a family assignment	103.2	0.0	103.2	1.0	3.6e-27		3.6e-27	0.03	0.0	81	0	0.964	83	Itpr1_0	Grantiella picta	266360	0	ITPR1 protein (Fragment)
A0A7K6E8W3	unassigned	none	module	itpr.hmm matched only 83 profile positions (< 200) — a shared module, not a family assignment	101.3	0.0	101.3	1.0	1.3e-26		1.3e-26	0.031	0.0	83	0	0.939	82	Itpr2_0	Grantiella picta	266360	0	ITPR2 protein (Fragment)
A0A7K6ES17	unassigned	none	module	ryr.hmm matched only 44 profile positions (< 200) — a shared module, not a family assignment	0.0	45.0	45.0	1.0		6.8e-10	6.8e-10	0.0	0.009	0	44	0.979	47	Ryr1	Grantiella picta	266360	0	RYR1 protein (Fragment)
A0A7K6ET17	unassigned	none	module	ryr.hmm matched only 173 profile positions (< 200) — a shared module, not a family assignment	41.9	320.5	278.6	0.8693	1.1e-08	6.9e-93	6.9e-93	0.028	0.035	75	173	0.977	175	Ryr3_1	Grantiella picta	266360	0	RYR3 protein (Fragment)
A0A7K6ET60	unassigned	none	module	ryr.hmm matched only 108 profile positions (< 200) — a shared module, not a family assignment	133.2	256.2	123.0	0.4801	3.2e-36	1.6e-73	1.6e-73	0.041	0.022	110	108	1.0	108	Ryr3_2	Grantiella picta	266360	0	RYR3 protein (Fragment)
A0A7K6EVJ0	unassigned	none	module	ryr.hmm matched only 44 profile positions (< 200) — a shared module, not a family assignment	0.0	46.7	46.7	1.0		2e-10	2e-10	0.0	0.009	0	44	0.979	47	Ryr3_0	Grantiella picta	266360	0	RYR3 protein (Fragment)
A0A7K6F8Y4	unassigned	none	module	ryr.hmm matched only 108 profile positions (< 200) — a shared module, not a family assignment	130.3	256.2	125.9	0.4914	2.4e-35	1.6e-73	1.6e-73	0.041	0.022	110	108	1.0	108	Ryr2_3	Daphoenositta chrysoptera	254528	0	RYR2 protein (Fragment)
A0A7K6FAT8	unassigned	none	module	itpr.hmm matched only 81 profile positions (< 200) — a shared module, not a family assignment	103.4	0.0	103.4	1.0	3e-27		3e-27	0.03	0.0	81	0	0.964	83	Itpr1_0	Daphoenositta chrysoptera	254528	0	ITPR1 protein (Fragment)
A0A7K6FAU9	unassigned	none	module	itpr.hmm matched only 102 profile positions (< 200) — a shared module, not a family assignment	229.2	118.6	110.6	0.4825	3.6e-65	4.6e-32	3.6e-65	0.038	0.02	102	99	1.0	101	Itpr1_2	Daphoenositta chrysoptera	254528	0	ITPR1 protein (Fragment)
A0A7K6FBJ7	unassigned	none	module	ryr.hmm matched only 173 profile positions (< 200) — a shared module, not a family assignment	40.7	325.8	285.1	0.8751	2.4e-08	1.7e-94	1.7e-94	0.027	0.035	72	173	0.994	174	Ryr2_2	Daphoenositta chrysoptera	254528	0	RYR2 protein (Fragment)
A0A7K6FG49	unassigned	none	module	ryr.hmm matched only 49 profile positions (< 200) — a shared module, not a family assignment	0.0	44.8	44.8	1.0		7.5e-10	7.5e-10	0.0	0.01	0	49	0.979	48	Ryr1_0	Daphoenositta chrysoptera	254528	0	RYR1 protein (Fragment)
A0A7K6FT75	unassigned	none	module	ryr.hmm matched only 173 profile positions (< 200) — a shared module, not a family assignment	42.5	321.3	278.8	0.8677	7.1e-09	4e-93	4e-93	0.029	0.035	78	173	0.983	175	Ryr3_0	Daphoenositta chrysoptera	254528	0	RYR3 protein (Fragment)
A0A7K6FT87	unassigned	none	module	ryr.hmm matched only 108 profile positions (< 200) — a shared module, not a family assignment	133.2	256.2	123.0	0.4801	3.2e-36	1.6e-73	1.6e-73	0.041	0.022	110	108	1.0	108	Ryr3_1	Daphoenositta chrysoptera	254528	0	RYR3 protein (Fragment)
A0A7K6FUL6	unassigned	none	module	itpr.hmm matched only 75 profile positions (< 200) — a shared module, not a family assignment	100.6	0.0	100.6	1.0	2.2e-26		2.2e-26	0.028	0.0	75	0	0.938	81	Itpr2_0	Daphoenositta chrysoptera	254528	0	ITPR2 protein (Fragment)
A0A7K6GHJ0	unassigned	none	module	itpr.hmm matched only 83 profile positions (< 200) — a shared module, not a family assignment	101.3	0.0	101.3	1.0	1.3e-26		1.3e-26	0.031	0.0	83	0	0.939	82	Itpr2_0	Malurus elegans	720584	0	ITPR2 protein (Fragment)
A0A7K6GID6	unassigned	none	module	ryr.hmm matched only 108 profile positions (< 200) — a shared module, not a family assignment	130.3	256.2	125.9	0.4914	2.4e-35	1.6e-73	1.6e-73	0.041	0.022	110	108	1.0	108	Ryr2_0	Malurus elegans	720584	0	RYR2 protein (Fragment)
A0A7K6GTW8	unassigned	none	module	ryr.hmm matched only 173 profile positions (< 200) — a shared module, not a family assignment	42.5	321.3	278.8	0.8677	7.1e-09	4e-93	4e-93	0.029	0.035	78	173	0.983	175	Ryr3_1	Malurus elegans	720584	0	RYR3 protein (Fragment)
A0A7K6GU00	unassigned	none	module	ryr.hmm matched only 44 profile positions (< 200) — a shared module, not a family assignment	0.0	46.7	46.7	1.0		2e-10	2e-10	0.0	0.009	0	44	0.979	47	Ryr3_0	Malurus elegans	720584	0	RYR3 protein (Fragment)
A0A7K6GUE3	unassigned	none	module	ryr.hmm matched only 108 profile positions (< 200) — a shared module, not a family assignment	133.2	256.2	123.0	0.4801	3.2e-36	1.6e-73	1.6e-73	0.041	0.022	110	108	1.0	108	Ryr3_2	Malurus elegans	720584	0	RYR3 protein (Fragment)
A0A7K6GZG3	unassigned	none	module	itpr.hmm matched only 81 profile positions (< 200) — a shared module, not a family assignment	103.4	0.0	103.4	1.0	3e-27		3e-27	0.03	0.0	81	0	0.964	83	Itpr1	Malurus elegans	720584	0	ITPR1 protein (Fragment)
A0A7K6HBY7	unassigned	none	module	itpr.hmm matched only 81 profile positions (< 200) — a shared module, not a family assignment	103.4	0.0	103.4	1.0	3e-27		3e-27	0.03	0.0	81	0	0.964	83	Itpr1_0	Dasyornis broadbenti	243059	0	ITPR1 protein (Fragment)
A0A7K6HCA0	unassigned	none	module	itpr.hmm matched only 102 profile positions (< 200) — a shared module, not a family assignment	229.2	118.6	110.6	0.4825	3.6e-65	4.6e-32	3.6e-65	0.038	0.02	102	99	1.0	101	Itpr1_2	Dasyornis broadbenti	243059	0	ITPR1 protein (Fragment)
A0A7K6HT59	unassigned	none	module	ryr.hmm matched only 173 profile positions (< 200) — a shared module, not a family assignment	34.8	303.9	269.1	0.8855	1.5e-06	6.7e-88	6.7e-88	0.022	0.035	59	173	0.994	173	Ryr1_0	Dasyornis broadbenti	243059	0	RYR1 protein (Fragment)
A0A7K6HTG3	unassigned	none	module	ryr.hmm matched only 108 profile positions (< 200) — a shared module, not a family assignment	132.6	252.3	119.7	0.4744	4.9e-36	2.4e-72	2.4e-72	0.041	0.022	110	108	1.0	108	Ryr1_1	Dasyornis broadbenti	243059	0	RYR1 protein (Fragment)
A0A7K6I0L9	unassigned	none	module	itpr.hmm matched only 75 profile positions (< 200) — a shared module, not a family assignment	100.6	0.0	100.6	1.0	2.2e-26		2.2e-26	0.028	0.0	75	0	0.938	81	Itpr2_0	Dasyornis broadbenti	243059	0	ITPR2 protein (Fragment)
A0A7K6I0U3	unassigned	none	module	ryr.hmm matched only 108 profile positions (< 200) — a shared module, not a family assignment	133.2	256.2	123.0	0.4801	3.2e-36	1.6e-73	1.6e-73	0.041	0.022	110	108	1.0	108	Ryr3_1	Dasyornis broadbenti	243059	0	RYR3 protein (Fragment)
A0A7K6I1Y7	unassigned	none	module	ryr.hmm matched only 173 profile positions (< 200) — a shared module, not a family assignment	42.6	321.4	278.8	0.8675	6.5e-09	3.7e-93	3.7e-93	0.029	0.035	78	173	0.983	175	Ryr3_0	Dasyornis broadbenti	243059	0	RYR3 protein (Fragment)
A0A7K6IUL8	unassigned	none	module	ryr.hmm matched only 108 profile positions (< 200) — a shared module, not a family assignment	132.3	253.4	121.1	0.4779	6.1e-36	1.1e-72	1.1e-72	0.041	0.022	110	108	1.0	108	Ryr1_1	Machaerirhynchus nigripectus	1160894	0	RYR1 protein (Fragment)
A0A7K6J165	unassigned	none	module	itpr.hmm matched only 81 profile positions (< 200) — a shared module, not a family assignment	103.4	0.0	103.4	1.0	3e-27		3e-27	0.03	0.0	81	0	0.964	83	Itpr1_0	Machaerirhynchus nigripectus	1160894	0	ITPR1 protein (Fragment)
A0A7K6J2D4	unassigned	none	module	itpr.hmm matched only 75 profile positions (< 200) — a shared module, not a family assignment	100.6	0.0	100.6	1.0	2.2e-26		2.2e-26	0.028	0.0	75	0	0.938	81	Itpr2_1	Machaerirhynchus nigripectus	1160894	0	ITPR2 protein (Fragment)
A0A7K6J3H9	unassigned	none	module	itpr.hmm matched only 102 profile positions (< 200) — a shared module, not a family assignment	229.2	118.6	110.6	0.4825	3.6e-65	4.6e-32	3.6e-65	0.038	0.02	102	99	1.0	101	Itpr1_2	Machaerirhynchus nigripectus	1160894	0	ITPR1 protein (Fragment)
A0A7K6JCL6	unassigned	none	module	ryr.hmm matched only 49 profile positions (< 200) — a shared module, not a family assignment	0.0	44.2	44.2	1.0		1.1e-09	1.1e-09	0.0	0.01	0	49	0.75	64	Ryr1_2	Machaerirhynchus nigripectus	1160894	0	RYR1 protein (Fragment)
A0A7K6JD76	unassigned	none	module	ryr.hmm matched only 108 profile positions (< 200) — a shared module, not a family assignment	133.2	256.2	123.0	0.4801	3.2e-36	1.6e-73	1.6e-73	0.041	0.022	110	108	1.0	108	Ryr3_2	Machaerirhynchus nigripectus	1160894	0	RYR3 protein (Fragment)
A0A7K6JE23	unassigned	none	module	ryr.hmm matched only 173 profile positions (< 200) — a shared module, not a family assignment	41.6	320.5	278.9	0.8702	1.3e-08	7e-93	7e-93	0.028	0.035	75	173	0.988	173	Ryr3_1	Machaerirhynchus nigripectus	1160894	0	RYR3 protein (Fragment)
A0A7K6JUM5	unassigned	none	module	itpr.hmm matched only 83 profile positions (< 200) — a shared module, not a family assignment	101.3	0.0	101.3	1.0	1.3e-26		1.3e-26	0.031	0.0	83	0	0.939	82	Itpr2_0	Oreocharis arfaki	979223	0	ITPR2 protein (Fragment)
A0A7K6KLF5	unassigned	none	module	itpr.hmm matched only 78 profile positions (< 200) — a shared module, not a family assignment	103.0	0.0	103.0	1.0	4.2e-27		4.2e-27	0.029	0.0	78	0	0.94	83	Itpr1_0	Oreocharis arfaki	979223	0	ITPR1 protein (Fragment)
A0A7K6KLT3	unassigned	none	module	ryr.hmm matched only 173 profile positions (< 200) — a shared module, not a family assignment	42.5	321.3	278.8	0.8677	7.1e-09	4e-93	4e-93	0.029	0.035	78	173	0.983	175	Ryr3_1	Oreocharis arfaki	979223	0	RYR3 protein (Fragment)
A0A7K6KLU6	unassigned	none	module	ryr.hmm matched only 44 profile positions (< 200) — a shared module, not a family assignment	0.0	46.7	46.7	1.0		2e-10	2e-10	0.0	0.009	0	44	0.979	47	Ryr3_0	Oreocharis arfaki	979223	0	RYR3 protein (Fragment)
A0A7K6KNG5	unassigned	none	module	ryr.hmm matched only 108 profile positions (< 200) — a shared module, not a family assignment	133.2	256.2	123.0	0.4801	3.2e-36	1.6e-73	1.6e-73	0.041	0.022	110	108	1.0	108	Ryr3_2	Oreocharis arfaki	979223	0	RYR3 protein (Fragment)
A0A7K6L101	unassigned	none	module	ryr.hmm matched only 173 profile positions (< 200) — a shared module, not a family assignment	35.2	304.5	269.3	0.8844	1.1e-06	4.5e-88	4.5e-88	0.022	0.035	59	173	0.977	176	Ryr1	Falcunculus frontatus	254539	0	RYR1 protein (Fragment)
A0A7K6L2D5	unassigned	none	module	itpr.hmm matched only 83 profile positions (< 200) — a shared module, not a family assignment	101.3	0.0	101.3	1.0	1.3e-26		1.3e-26	0.031	0.0	83	0	0.939	82	Itpr2_0	Falcunculus frontatus	254539	0	ITPR2 protein (Fragment)
A0A7K6L9A8	unassigned	none	module	itpr.hmm matched only 81 profile positions (< 200) — a shared module, not a family assignment	103.4	0.0	103.4	1.0	3e-27		3e-27	0.03	0.0	81	0	0.964	83	Itpr1_0	Falcunculus frontatus	254539	0	ITPR1 protein (Fragment)
A0A7K6LLG8	unassigned	none	module	ryr.hmm matched only 108 profile positions (< 200) — a shared module, not a family assignment	133.2	256.2	123.0	0.4801	3.2e-36	1.6e-73	1.6e-73	0.041	0.022	110	108	1.0	108	Ryr3_2	Falcunculus frontatus	254539	0	RYR3 protein (Fragment)
A0A7K6LM92	unassigned	none	module	ryr.hmm matched only 44 profile positions (< 200) — a shared module, not a family assignment	0.0	46.2	46.2	1.0		2.9e-10	2.9e-10	0.0	0.009	0	44	0.979	47	Ryr3_0	Falcunculus frontatus	254539	0	RYR3 protein (Fragment)
A0A7K6LMA3	unassigned	none	module	ryr.hmm matched only 173 profile positions (< 200) — a shared module, not a family assignment	42.5	321.3	278.8	0.8677	7.1e-09	4e-93	4e-93	0.029	0.035	78	173	0.983	175	Ryr3_1	Falcunculus frontatus	254539	0	RYR3 protein (Fragment)
A0A7K6MAB0	unassigned	none	module	itpr.hmm matched only 83 profile positions (< 200) — a shared module, not a family assignment	101.3	0.0	101.3	1.0	1.3e-26		1.3e-26	0.031	0.0	83	0	0.939	82	Itpr2_0	Panurus biarmicus	181101	0	ITPR2 protein (Fragment)
A0A7K6MLF8	unassigned	none	module	itpr.hmm matched only 81 profile positions (< 200) — a shared module, not a family assignment	103.4	0.0	103.4	1.0	3e-27		3e-27	0.03	0.0	81	0	0.964	83	Itpr1_0	Panurus biarmicus	181101	0	ITPR1 protein (Fragment)
A0A7K6N2Q7	unassigned	none	module	ryr.hmm matched only 49 profile positions (< 200) — a shared module, not a family assignment	0.0	46.7	46.7	1.0		2.1e-10	2.1e-10	0.0	0.01	0	49	0.979	48	Ryr3_0	Pedionomus torquatus	227192	0	RYR3 protein (Fragment)
A0A7K6N3A8	unassigned	none	module	ryr.hmm matched only 173 profile positions (< 200) — a shared module, not a family assignment	41.7	320.7	279.0	0.87	1.2e-08	5.8e-93	5.8e-93	0.028	0.035	75	173	0.983	174	Ryr3_1	Pedionomus torquatus	227192	0	RYR3 protein (Fragment)
A0A7K6N4U3	unassigned	none	module	ryr.hmm matched only 108 profile positions (< 200) — a shared module, not a family assignment	133.2	256.2	123.0	0.4801	3.2e-36	1.6e-73	1.6e-73	0.041	0.022	110	108	1.0	108	Ryr3_2	Pedionomus torquatus	227192	0	RYR3 protein (Fragment)
A0A7K6NZ21	unassigned	none	module	itpr.hmm matched only 83 profile positions (< 200) — a shared module, not a family assignment	101.3	0.0	101.3	1.0	1.3e-26		1.3e-26	0.031	0.0	83	0	0.939	82	Itpr2_0	Pedionomus torquatus	227192	0	ITPR2 protein (Fragment)
A0A7K6PCG6	unassigned	none	module	itpr.hmm matched only 81 profile positions (< 200) — a shared module, not a family assignment	103.4	0.0	103.4	1.0	3e-27		3e-27	0.03	0.0	81	0	0.964	83	Itpr1_0	Ifrita kowaldi	461245	0	ITPR1 protein (Fragment)
A0A7K6PCN3	unassigned	none	module	ryr.hmm matched only 49 profile positions (< 200) — a shared module, not a family assignment	0.0	43.8	43.8	1.0		1.5e-09	1.5e-09	0.0	0.01	0	49	0.676	71	Ryr1_0	Ifrita kowaldi	461245	0	RYR1 protein (Fragment)
A0A7K6PCZ7	unassigned	none	module	ryr.hmm matched only 123 profile positions (< 200) — a shared module, not a family assignment	0.0	104.5	104.5	1.0		8e-28	8e-28	0.0	0.025	0	123	0.937	143	Ryr1_1	Ifrita kowaldi	461245	0	RYR1 protein (Fragment)
A0A7K6PKG1	unassigned	none	module	ryr.hmm matched only 108 profile positions (< 200) — a shared module, not a family assignment	132.3	253.4	121.1	0.4779	6.1e-36	1.1e-72	1.1e-72	0.041	0.022	110	108	1.0	108	Ryr1_2	Ifrita kowaldi	461245	0	RYR1 protein (Fragment)
A0A7K6PMR6	unassigned	none	module	itpr.hmm matched only 83 profile positions (< 200) — a shared module, not a family assignment	101.3	0.0	101.3	1.0	1.3e-26		1.3e-26	0.031	0.0	83	0	0.939	82	Itpr2_0	Ifrita kowaldi	461245	0	ITPR2 protein (Fragment)
A0A7K6PPB8	unassigned	none	module	ryr.hmm matched only 108 profile positions (< 200) — a shared module, not a family assignment	133.2	256.2	123.0	0.4801	3.2e-36	1.6e-73	1.6e-73	0.041	0.022	110	108	1.0	108	Ryr3_3	Ifrita kowaldi	461245	0	RYR3 protein (Fragment)
A0A7K6PPD0	unassigned	none	module	ryr.hmm matched only 44 profile positions (< 200) — a shared module, not a family assignment	0.0	46.7	46.7	1.0		2e-10	2e-10	0.0	0.009	0	44	0.979	47	Ryr3_1	Ifrita kowaldi	461245	0	RYR3 protein (Fragment)
A0A7K6PPG4	unassigned	none	module	ryr.hmm matched only 173 profile positions (< 200) — a shared module, not a family assignment	42.5	321.0	278.5	0.8676	6.9e-09	4.7e-93	4.7e-93	0.029	0.035	78	173	0.983	175	Ryr3_2	Ifrita kowaldi	461245	0	RYR3 protein (Fragment)
A0A7K6QI94	unassigned	none	module	ryr.hmm matched only 108 profile positions (< 200) — a shared module, not a family assignment	133.2	256.2	123.0	0.4801	3.2e-36	1.6e-73	1.6e-73	0.041	0.022	110	108	1.0	108	Ryr3_2	Climacteris rufus	47695	0	RYR3 protein (Fragment)
A0A7K6QI99	unassigned	none	module	ryr.hmm matched only 44 profile positions (< 200) — a shared module, not a family assignment	0.0	46.7	46.7	1.0		2e-10	2e-10	0.0	0.009	0	44	0.979	47	Ryr3_0	Climacteris rufus	47695	0	RYR3 protein (Fragment)
A0A7K6QIM9	unassigned	none	module	ryr.hmm matched only 173 profile positions (< 200) — a shared module, not a family assignment	42.4	320.4	278.0	0.8677	7.3e-09	7.1e-93	7.1e-93	0.029	0.035	78	173	0.989	174	Ryr3_1	Climacteris rufus	47695	0	RYR3 protein (Fragment)
A0A7K6QR67	unassigned	none	module	itpr.hmm matched only 83 profile positions (< 200) — a shared module, not a family assignment	101.3	0.0	101.3	1.0	1.3e-26		1.3e-26	0.031	0.0	83	0	0.939	82	Itpr2_0	Climacteris rufus	47695	0	ITPR2 protein (Fragment)
A0A7K6QX19	unassigned	none	module	ryr.hmm matched only 128 profile positions (< 200) — a shared module, not a family assignment	35.5	204.0	168.5	0.826	9.1e-07	8.5e-58	8.5e-58	0.022	0.026	59	128	0.981	159	Ryr1_1	Climacteris rufus	47695	0	RYR1 protein (Fragment)
A0A7K6QXP7	unassigned	none	module	ryr.hmm matched only 108 profile positions (< 200) — a shared module, not a family assignment	132.3	253.4	121.1	0.4779	6.1e-36	1.1e-72	1.1e-72	0.041	0.022	110	108	1.0	108	Ryr1_2	Climacteris rufus	47695	0	RYR1 protein (Fragment)
A0A7K6R981	unassigned	none	module	ryr.hmm matched only 49 profile positions (< 200) — a shared module, not a family assignment	0.0	45.1	45.1	1.0		6.1e-10	6.1e-10	0.0	0.01	0	49	0.75	64	Ryr1_3	Climacteris rufus	47695	0	RYR1 protein (Fragment)
A0A7K6RZR4	unassigned	none	module	ryr.hmm matched only 143 profile positions (< 200) — a shared module, not a family assignment	0.0	192.5	192.5	1.0		2.5e-54	2.5e-54	0.0	0.029	0	143	0.709	199	Ryr3_1	Rhynochetos jubatus	54386	0	RYR3 protein (Fragment)
A0A7K6S015	unassigned	none	module	ryr.hmm matched only 173 profile positions (< 200) — a shared module, not a family assignment	42.4	320.1	277.7	0.8675	7.5e-09	8.8e-93	8.8e-93	0.029	0.035	78	173	0.989	174	Ryr3_2	Rhynochetos jubatus	54386	0	RYR3 protein (Fragment)
A0A7K6S025	unassigned	none	module	ryr.hmm matched only 108 profile positions (< 200) — a shared module, not a family assignment	133.2	256.2	123.0	0.4801	3.2e-36	1.6e-73	1.6e-73	0.041	0.022	110	108	1.0	108	Ryr3_3	Rhynochetos jubatus	54386	0	RYR3 protein (Fragment)
A0A7K6S0N5	unassigned	none	module	ryr.hmm matched only 44 profile positions (< 200) — a shared module, not a family assignment	0.0	45.7	45.7	1.0		4e-10	4e-10	0.0	0.009	0	44	0.979	47	Ryr3_0	Rhynochetos jubatus	54386	0	RYR3 protein (Fragment)
A0A7K6S5X7	unassigned	none	module	itpr.hmm matched only 83 profile positions (< 200) — a shared module, not a family assignment	101.3	0.0	101.3	1.0	1.3e-26		1.3e-26	0.031	0.0	83	0	0.939	82	Itpr2_0	Rhynochetos jubatus	54386	0	ITPR2 protein (Fragment)
A0A7K6S8M5	unassigned	none	module	itpr.hmm matched only 81 profile positions (< 200) — a shared module, not a family assignment	109.1	0.0	109.1	1.0	5.9e-29		5.9e-29	0.03	0.0	81	0	0.988	82	Itpr1_0	Rhynochetos jubatus	54386	0	ITPR1 protein (Fragment)
A0A7K6T5P5	unassigned	none	module	ryr.hmm matched only 173 profile positions (< 200) — a shared module, not a family assignment	42.4	321.4	279.0	0.8681	7.6e-09	3.7e-93	3.7e-93	0.029	0.035	78	173	0.989	174	Ryr3_0	Caloenas nicobarica	187106	0	RYR3 protein (Fragment)
A0A7K6T5R8	unassigned	none	module	ryr.hmm matched only 108 profile positions (< 200) — a shared module, not a family assignment	133.8	256.7	122.9	0.4788	2.1e-36	1.1e-73	1.1e-73	0.041	0.022	110	108	1.0	108	Ryr3_1	Caloenas nicobarica	187106	0	RYR3 protein (Fragment)
A0A7K6T9I1	unassigned	none	module	itpr.hmm matched only 75 profile positions (< 200) — a shared module, not a family assignment	100.6	0.0	100.6	1.0	2.2e-26		2.2e-26	0.028	0.0	75	0	0.938	81	Itpr2_0	Caloenas nicobarica	187106	0	ITPR2 protein (Fragment)
A0A7K6THI6	unassigned	none	module	itpr.hmm matched only 102 profile positions (< 200) — a shared module, not a family assignment	229.2	118.6	110.6	0.4825	3.6e-65	4.6e-32	3.6e-65	0.038	0.02	102	99	1.0	101	Itpr1_2	Caloenas nicobarica	187106	0	ITPR1 protein (Fragment)
A0A7K6TJG4	unassigned	none	module	itpr.hmm matched only 81 profile positions (< 200) — a shared module, not a family assignment	109.0	0.0	109.0	1.0	6.3e-29		6.3e-29	0.03	0.0	81	0	0.988	82	Itpr1_0	Caloenas nicobarica	187106	0	ITPR1 protein (Fragment)
A0A7K6TT63	unassigned	none	module	ryr.hmm matched only 49 profile positions (< 200) — a shared module, not a family assignment	0.0	45.0	45.0	1.0		6.7e-10	6.7e-10	0.0	0.01	0	49	0.738	65	Ryr1	Aegotheles bennettii	48278	0	RYR1 protein (Fragment)
A0A7K6UHE8	unassigned	none	module	itpr.hmm matched only 81 profile positions (< 200) — a shared module, not a family assignment	109.1	0.0	109.1	1.0	5.9e-29		5.9e-29	0.03	0.0	81	0	0.988	82	Itpr1_0	Aegotheles bennettii	48278	0	ITPR1 protein (Fragment)
A0A7K6UJ70	unassigned	none	module	itpr.hmm matched only 83 profile positions (< 200) — a shared module, not a family assignment	101.3	0.0	101.3	1.0	1.3e-26		1.3e-26	0.031	0.0	83	0	0.939	82	Itpr2_1	Aegotheles bennettii	48278	0	ITPR2 protein (Fragment)
A0A7K6UQ73	unassigned	none	module	ryr.hmm matched only 173 profile positions (< 200) — a shared module, not a family assignment	41.8	319.6	277.8	0.8692	1.1e-08	1.3e-92	1.3e-92	0.028	0.035	75	173	0.989	174	Ryr3_2	Aegotheles bennettii	48278	0	RYR3 protein (Fragment)
A0A7K6UT41	unassigned	none	module	ryr.hmm matched only 108 profile positions (< 200) — a shared module, not a family assignment	133.2	256.2	123.0	0.4801	3.2e-36	1.6e-73	1.6e-73	0.041	0.022	110	108	1.0	108	Ryr3_3	Aegotheles bennettii	48278	0	RYR3 protein (Fragment)
A0A7K6UXP5	unassigned	none	module	ryr.hmm matched only 173 profile positions (< 200) — a shared module, not a family assignment	41.9	320.6	278.7	0.8693	1.1e-08	6.2e-93	6.2e-93	0.028	0.035	75	173	0.977	175	Ryr3_0	Notiomystis cincta	366454	0	RYR3 protein (Fragment)
A0A7K6UXQ8	unassigned	none	module	ryr.hmm matched only 108 profile positions (< 200) — a shared module, not a family assignment	133.2	256.2	123.0	0.4801	3.2e-36	1.6e-73	1.6e-73	0.041	0.022	110	108	1.0	108	Ryr3_1	Notiomystis cincta	366454	0	RYR3 protein (Fragment)
A0A7K6UZY4	unassigned	none	module	itpr.hmm matched only 81 profile positions (< 200) — a shared module, not a family assignment	103.4	0.0	103.4	1.0	3e-27		3e-27	0.03	0.0	81	0	0.964	83	Itpr1_0	Notiomystis cincta	366454	0	ITPR1 protein (Fragment)
A0A7K6V3C1	unassigned	none	module	ryr.hmm matched only 168 profile positions (< 200) — a shared module, not a family assignment	35.3	234.4	199.1	0.8494	1e-06	5.9e-67	5.9e-67	0.022	0.034	59	168	0.982	170	Ryr1_1	Notiomystis cincta	366454	0	RYR1 protein (Fragment)
A0A7K6VGJ2	unassigned	none	module	itpr.hmm matched only 75 profile positions (< 200) — a shared module, not a family assignment	100.5	0.0	100.5	1.0	2.4e-26		2.4e-26	0.028	0.0	75	0	0.939	82	Itpr2_0	Notiomystis cincta	366454	0	ITPR2 protein (Fragment)
A0A7K6VTY3	unassigned	none	module	ryr.hmm matched only 49 profile positions (< 200) — a shared module, not a family assignment	0.0	44.2	44.2	1.0		1.2e-09	1.2e-09	0.0	0.01	0	49	0.738	65	Ryr1_2	Notiomystis cincta	366454	0	RYR1 protein (Fragment)
A0A7K6VXL2	unassigned	none	module	itpr.hmm matched only 81 profile positions (< 200) — a shared module, not a family assignment	104.8	0.0	104.8	1.0	1.1e-27		1.1e-27	0.03	0.0	81	0	0.976	82	Itpr1_0	Steatornis caripensis	48435	0	ITPR1 protein (Fragment)
A0A7K6VYZ6	unassigned	none	module	itpr.hmm matched only 83 profile positions (< 200) — a shared module, not a family assignment	101.3	0.0	101.3	1.0	1.3e-26		1.3e-26	0.031	0.0	83	0	0.939	82	Itpr2_0	Steatornis caripensis	48435	0	ITPR2 protein (Fragment)
A0A7K6W3V8	unassigned	none	module	ryr.hmm matched only 108 profile positions (< 200) — a shared module, not a family assignment	134.8	255.6	120.8	0.4726	1e-36	2.5e-73	2.5e-73	0.041	0.022	110	108	1.0	108	Ryr3_2	Steatornis caripensis	48435	0	RYR3 protein (Fragment)
A0A7K6W422	unassigned	none	module	ryr.hmm matched only 173 profile positions (< 200) — a shared module, not a family assignment	42.4	320.8	278.4	0.8678	7.7e-09	5.5e-93	5.5e-93	0.029	0.035	78	173	0.989	174	Ryr3_1	Steatornis caripensis	48435	0	RYR3 protein (Fragment)
A0A7K6WAP7	unassigned	none	module	ryr.hmm matched only 173 profile positions (< 200) — a shared module, not a family assignment	40.9	327.1	286.2	0.875	2.2e-08	6.8e-95	6.8e-95	0.025	0.035	67	173	0.977	177	Ryr2_0	Steatornis caripensis	48435	0	RYR2 protein (Fragment)
A0A7K6WAW9	unassigned	none	module	ryr.hmm matched only 108 profile positions (< 200) — a shared module, not a family assignment	130.3	256.2	125.9	0.4914	2.4e-35	1.6e-73	1.6e-73	0.041	0.022	110	108	1.0	108	Ryr2_1	Steatornis caripensis	48435	0	RYR2 protein (Fragment)
A0A7K6WIF0	unassigned	none	module	ryr.hmm matched only 108 profile positions (< 200) — a shared module, not a family assignment	133.5	251.4	117.9	0.469	2.6e-36	4.3e-72	4.3e-72	0.041	0.022	110	108	1.0	108	Ryr1_0	Steatornis caripensis	48435	0	RYR1 protein (Fragment)
A0A7K6WZK0	unassigned	none	module	ryr.hmm matched only 49 profile positions (< 200) — a shared module, not a family assignment	0.0	44.2	44.2	1.0		1.2e-09	1.2e-09	0.0	0.01	0	49	0.774	62	Ryr1_1	Steatornis caripensis	48435	0	RYR1 protein (Fragment)
A0A7K6X5J5	unassigned	none	module	ryr.hmm matched only 49 profile positions (< 200) — a shared module, not a family assignment	0.0	45.0	45.0	1.0		6.6e-10	6.6e-10	0.0	0.01	0	49	0.923	52	Ryr1	Promerops cafer	254652	0	RYR1 protein (Fragment)
A0A7K6XG13	unassigned	none	module	itpr.hmm matched only 81 profile positions (< 200) — a shared module, not a family assignment	103.4	0.0	103.4	1.0	3e-27		3e-27	0.03	0.0	81	0	0.964	83	Itpr1_0	Promerops cafer	254652	0	ITPR1 protein (Fragment)
A0A7K6XMB2	unassigned	none	module	ryr.hmm matched only 173 profile positions (< 200) — a shared module, not a family assignment	41.7	320.6	278.9	0.8699	1.2e-08	6.3e-93	6.3e-93	0.028	0.035	75	173	0.977	175	Ryr3_0	Promerops cafer	254652	0	RYR3 protein (Fragment)
A0A7K6XMY1	unassigned	none	module	ryr.hmm matched only 108 profile positions (< 200) — a shared module, not a family assignment	133.2	256.2	123.0	0.4801	3.2e-36	1.6e-73	1.6e-73	0.041	0.022	110	108	1.0	108	Ryr3_1	Promerops cafer	254652	0	RYR3 protein (Fragment)
A0A7K6XWF2	unassigned	none	module	itpr.hmm matched only 83 profile positions (< 200) — a shared module, not a family assignment	101.3	0.0	101.3	1.0	1.3e-26		1.3e-26	0.031	0.0	83	0	0.939	82	Itpr2_0	Promerops cafer	254652	0	ITPR2 protein (Fragment)
A0A7K6Y3S2	unassigned	none	module	ryr.hmm matched only 173 profile positions (< 200) — a shared module, not a family assignment	41.3	326.3	285.0	0.8734	1.6e-08	1.3e-94	1.3e-94	0.028	0.035	75	173	0.977	177	Ryr2_1	Promerops cafer	254652	0	RYR2 protein (Fragment)
A0A7K6Y459	unassigned	none	module	ryr.hmm matched only 108 profile positions (< 200) — a shared module, not a family assignment	130.3	256.2	125.9	0.4914	2.4e-35	1.6e-73	1.6e-73	0.041	0.022	110	108	1.0	108	Ryr2_2	Promerops cafer	254652	0	RYR2 protein (Fragment)
A0A7K6Y945	unassigned	none	module	itpr.hmm matched only 81 profile positions (< 200) — a shared module, not a family assignment	109.1	0.0	109.1	1.0	5.9e-29		5.9e-29	0.03	0.0	81	0	0.988	82	Itpr1_0	Alca torda	28689	0	ITPR1 protein (Fragment)
A0A7K6Y9U2	unassigned	none	module	itpr.hmm matched only 102 profile positions (< 200) — a shared module, not a family assignment	229.2	118.6	110.6	0.4825	3.6e-65	4.6e-32	3.6e-65	0.038	0.02	102	99	1.0	101	Itpr1_2	Alca torda	28689	0	ITPR1 protein (Fragment)
A0A7K6YGF7	unassigned	none	module	ryr.hmm matched only 173 profile positions (< 200) — a shared module, not a family assignment	41.5	319.8	278.3	0.8702	1.4e-08	1.1e-92	1.1e-92	0.028	0.035	75	173	0.994	172	Ryr3_0	Alca torda	28689	0	RYR3 protein (Fragment)
A0A7K6YGM9	unassigned	none	module	ryr.hmm matched only 108 profile positions (< 200) — a shared module, not a family assignment	133.2	256.2	123.0	0.4801	3.2e-36	1.6e-73	1.6e-73	0.041	0.022	110	108	1.0	108	Ryr3_1	Alca torda	28689	0	RYR3 protein (Fragment)
A0A7K6YHP0	unassigned	none	module	itpr.hmm matched only 67 profile positions (< 200) — a shared module, not a family assignment	92.5	0.0	92.5	1.0	5.8e-24		5.8e-24	0.025	0.0	67	0	0.985	67	Itpr3_0	Alca torda	28689	0	ITPR3 protein (Fragment)
A0A7K6YL76	unassigned	none	module	ryr.hmm matched only 49 profile positions (< 200) — a shared module, not a family assignment	0.0	45.3	45.3	1.0		5.4e-10	5.4e-10	0.0	0.01	0	49	0.904	52	Ryr1	Alca torda	28689	0	RYR1 protein (Fragment)
A0A7K6YV93	unassigned	none	module	ryr.hmm matched only 108 profile positions (< 200) — a shared module, not a family assignment	130.3	256.2	125.9	0.4914	2.4e-35	1.6e-73	1.6e-73	0.041	0.022	110	108	1.0	108	Ryr2_2	Alca torda	28689	0	RYR2 protein (Fragment)
A0A7K6YVV2	unassigned	none	module	ryr.hmm matched only 173 profile positions (< 200) — a shared module, not a family assignment	40.6	327.1	286.5	0.8759	2.6e-08	7.1e-95	7.1e-95	0.025	0.035	67	173	0.989	175	Ryr2_1	Alca torda	28689	0	RYR2 protein (Fragment)
A0A7K6Z6M4	unassigned	none	module	itpr.hmm matched only 75 profile positions (< 200) — a shared module, not a family assignment	99.6	0.0	99.6	1.0	4.2e-26		4.2e-26	0.028	0.0	75	0	0.938	81	Itpr2_1	Alca torda	28689	0	ITPR2 protein (Fragment)
A0A7K6ZHP6	unassigned	none	module	itpr.hmm matched only 81 profile positions (< 200) — a shared module, not a family assignment	109.1	0.0	109.1	1.0	6e-29		6e-29	0.03	0.0	81	0	0.988	82	Itpr1_0	Nothoprocta pentlandii	2585814	0	ITPR1 protein (Fragment)
A0A7K6ZP28	unassigned	none	module	ryr.hmm matched only 173 profile positions (< 200) — a shared module, not a family assignment	41.8	321.2	279.4	0.8699	1.1e-08	4.1e-93	4.1e-93	0.029	0.035	78	173	0.983	174	Ryr3_0	Nothoprocta pentlandii	2585814	0	RYR3 protein (Fragment)
A0A7K6ZPN9	unassigned	none	module	ryr.hmm matched only 108 profile positions (< 200) — a shared module, not a family assignment	133.2	256.2	123.0	0.4801	3.2e-36	1.6e-73	1.6e-73	0.041	0.022	110	108	1.0	108	Ryr3_1	Nothoprocta pentlandii	2585814	0	RYR3 protein (Fragment)
A0A7K7A0J6	unassigned	none	module	ryr.hmm matched only 108 profile positions (< 200) — a shared module, not a family assignment	130.3	256.2	125.9	0.4914	2.4e-35	1.6e-73	1.6e-73	0.041	0.022	110	108	1.0	108	Ryr2_1	Nothoprocta pentlandii	2585814	0	RYR2 protein (Fragment)
A0A7K7A163	unassigned	none	module	itpr.hmm matched only 72 profile positions (< 200) — a shared module, not a family assignment	100.5	0.0	100.5	1.0	2.3e-26		2.3e-26	0.027	0.0	72	0	0.878	82	Itpr2_0	Nothoprocta pentlandii	2585814	0	ITPR2 protein (Fragment)
A0A7K7AQ27	unassigned	none	module	itpr.hmm matched only 81 profile positions (< 200) — a shared module, not a family assignment	109.1	0.0	109.1	1.0	6e-29		6e-29	0.03	0.0	81	0	0.988	82	Itpr1_0	Nothoprocta ornata	83376	0	ITPR1 protein (Fragment)
A0A7K7ASW2	unassigned	none	module	ryr.hmm matched only 108 profile positions (< 200) — a shared module, not a family assignment	133.2	256.2	123.0	0.4801	3.2e-36	1.6e-73	1.6e-73	0.041	0.022	110	108	1.0	108	Ryr3_2	Nothoprocta ornata	83376	0	RYR3 protein (Fragment)
A0A7K7AU08	unassigned	none	module	ryr.hmm matched only 173 profile positions (< 200) — a shared module, not a family assignment	41.8	321.2	279.4	0.8699	1.1e-08	4.1e-93	4.1e-93	0.029	0.035	78	173	0.983	174	Ryr3_1	Nothoprocta ornata	83376	0	RYR3 protein (Fragment)
A0A7K7BBS1	unassigned	none	module	itpr.hmm matched only 72 profile positions (< 200) — a shared module, not a family assignment	100.5	0.0	100.5	1.0	2.3e-26		2.3e-26	0.027	0.0	72	0	0.878	82	Itpr2_0	Nothoprocta ornata	83376	0	ITPR2 protein (Fragment)
A0A7K7BKJ0	unassigned	none	module	ryr.hmm matched only 44 profile positions (< 200) — a shared module, not a family assignment	0.0	46.7	46.7	1.0		2e-10	2e-10	0.0	0.009	0	44	0.979	47	Ryr3_0	Aphelocoma coerulescens	39617	0	RYR3 protein (Fragment)
A0A7K7BKS8	unassigned	none	module	ryr.hmm matched only 108 profile positions (< 200) — a shared module, not a family assignment	133.2	256.2	123.0	0.4801	3.2e-36	1.6e-73	1.6e-73	0.041	0.022	110	108	1.0	108	Ryr3_2	Aphelocoma coerulescens	39617	0	RYR3 protein (Fragment)
A0A7K7BM43	unassigned	none	module	ryr.hmm matched only 173 profile positions (< 200) — a shared module, not a family assignment	42.5	321.3	278.8	0.8677	7.1e-09	4e-93	4e-93	0.029	0.035	78	173	0.983	175	Ryr3_1	Aphelocoma coerulescens	39617	0	RYR3 protein (Fragment)
A0A7K7BU50	unassigned	none	module	itpr.hmm matched only 78 profile positions (< 200) — a shared module, not a family assignment	103.0	0.0	103.0	1.0	4.2e-27		4.2e-27	0.029	0.0	78	0	0.94	83	Itpr1_0	Aphelocoma coerulescens	39617	0	ITPR1 protein (Fragment)
A0A7K7BZD2	unassigned	none	module	itpr.hmm matched only 83 profile positions (< 200) — a shared module, not a family assignment	101.6	0.0	101.6	1.0	1.1e-26		1.1e-26	0.031	0.0	83	0	0.939	82	Itpr2_0	Aphelocoma coerulescens	39617	0	ITPR2 protein (Fragment)
A0A7K7CNQ9	unassigned	none	module	ryr.hmm matched only 108 profile positions (< 200) — a shared module, not a family assignment	132.3	253.4	121.1	0.4779	6.1e-36	1.1e-72	1.1e-72	0.041	0.022	110	108	1.0	108	Ryr1_1	Aphelocoma coerulescens	39617	0	RYR1 protein (Fragment)
A0A7K7CPL9	unassigned	none	module	ryr.hmm matched only 173 profile positions (< 200) — a shared module, not a family assignment	35.6	303.6	268.0	0.8827	8.4e-07	8.2e-88	8.2e-88	0.022	0.035	59	173	0.977	176	Ryr1_0	Aphelocoma coerulescens	39617	0	RYR1 protein (Fragment)
A0A7K7CR49	unassigned	none	module	ryr.hmm matched only 108 profile positions (< 200) — a shared module, not a family assignment	133.2	256.2	123.0	0.4801	3.2e-36	1.6e-73	1.6e-73	0.041	0.022	110	108	1.0	108	Ryr3_2	Pheucticus melanocephalus	371919	0	RYR3 protein (Fragment)
A0A7K7CS90	unassigned	none	module	ryr.hmm matched only 49 profile positions (< 200) — a shared module, not a family assignment	0.0	43.8	43.8	1.0		1.6e-09	1.6e-09	0.0	0.01	0	49	0.686	70	Ryr1_2	Aphelocoma coerulescens	39617	0	RYR1 protein (Fragment)
A0A7K7CT57	unassigned	none	module	ryr.hmm matched only 173 profile positions (< 200) — a shared module, not a family assignment	44.6	321.5	276.9	0.8613	1.7e-09	3.3e-93	3.3e-93	0.029	0.035	78	173	0.983	175	Ryr3_1	Pheucticus melanocephalus	371919	0	RYR3 protein (Fragment)
A0A7K7CU77	unassigned	none	module	ryr.hmm matched only 44 profile positions (< 200) — a shared module, not a family assignment	0.0	46.7	46.7	1.0		2e-10	2e-10	0.0	0.009	0	44	0.979	47	Ryr3_0	Pheucticus melanocephalus	371919	0	RYR3 protein (Fragment)
A0A7K7CWA9	unassigned	none	module	itpr.hmm matched only 83 profile positions (< 200) — a shared module, not a family assignment	101.3	0.0	101.3	1.0	1.3e-26		1.3e-26	0.031	0.0	83	0	0.939	82	Itpr2_0	Pheucticus melanocephalus	371919	0	ITPR2 protein (Fragment)
A0A7K7DL92	unassigned	none	module	itpr.hmm matched only 81 profile positions (< 200) — a shared module, not a family assignment	103.4	0.0	103.4	1.0	3e-27		3e-27	0.03	0.0	81	0	0.964	83	Itpr1_0	Pheucticus melanocephalus	371919	0	ITPR1 protein (Fragment)
A0A7K7EDB8	unassigned	none	module	itpr.hmm matched only 83 profile positions (< 200) — a shared module, not a family assignment	101.3	0.0	101.3	1.0	1.3e-26		1.3e-26	0.031	0.0	83	0	0.939	82	Itpr2_0	Sylvia atricapilla	48155	0	ITPR2 protein (Fragment)
A0A7K7EKI5	unassigned	none	module	ryr.hmm matched only 173 profile positions (< 200) — a shared module, not a family assignment	42.3	321.3	279.0	0.8683	8.1e-09	3.9e-93	3.9e-93	0.029	0.035	78	173	0.983	175	Ryr3_1	Sylvia atricapilla	48155	0	RYR3 protein (Fragment)
A0A7K7EKM6	unassigned	none	module	ryr.hmm matched only 44 profile positions (< 200) — a shared module, not a family assignment	0.0	46.7	46.7	1.0		2e-10	2e-10	0.0	0.009	0	44	0.979	47	Ryr3_0	Sylvia atricapilla	48155	0	RYR3 protein (Fragment)
A0A7K7ELC4	unassigned	none	module	ryr.hmm matched only 54 profile positions (< 200) — a shared module, not a family assignment	69.0	123.7	54.7	0.4422	7.3e-17	1.3e-33	1.3e-33	0.021	0.011	56	54	1.0	56	Ryr3_2	Sylvia atricapilla	48155	0	RYR3 protein (Fragment)
A0A7K7EPI0	unassigned	none	module	itpr.hmm matched only 81 profile positions (< 200) — a shared module, not a family assignment	103.4	0.0	103.4	1.0	3e-27		3e-27	0.03	0.0	81	0	0.964	83	Itpr1_0	Sylvia atricapilla	48155	0	ITPR1 protein (Fragment)
A0A7K7F658	unassigned	none	module	itpr.hmm matched only 83 profile positions (< 200) — a shared module, not a family assignment	101.3	0.0	101.3	1.0	1.3e-26		1.3e-26	0.031	0.0	83	0	0.939	82	Itpr2_0	Chionis minor	227182	0	ITPR2 protein (Fragment)
A0A7K7F877	unassigned	none	module	itpr.hmm matched only 81 profile positions (< 200) — a shared module, not a family assignment	109.0	0.0	109.0	1.0	6.3e-29		6.3e-29	0.03	0.0	81	0	0.988	82	Itpr1_0	Chionis minor	227182	0	ITPR1 protein (Fragment)
A0A7K7F909	unassigned	none	module	ryr.hmm matched only 49 profile positions (< 200) — a shared module, not a family assignment	0.0	45.5	45.5	1.0		4.9e-10	4.9e-10	0.0	0.01	0	49	0.676	71	Ryr1	Chionis minor	227182	0	RYR1 protein (Fragment)
A0A7K7F9X4	unassigned	none	module	ryr.hmm matched only 108 profile positions (< 200) — a shared module, not a family assignment	131.3	255.8	124.5	0.4867	1.2e-35	2.1e-73	2.1e-73	0.041	0.022	110	108	1.0	108	Ryr3_0	Chionis minor	227182	0	RYR3 protein (Fragment)
A0A7K7FBB6	unassigned	none	module	ryr.hmm matched only 173 profile positions (< 200) — a shared module, not a family assignment	41.9	329.1	287.2	0.8727	1.1e-08	1.7e-95	1.7e-95	0.025	0.035	67	173	0.989	177	Ryr2_0	Chionis minor	227182	0	RYR2 protein (Fragment)
A0A7K7FBI5	unassigned	none	module	ryr.hmm matched only 108 profile positions (< 200) — a shared module, not a family assignment	130.3	256.2	125.9	0.4914	2.4e-35	1.6e-73	1.6e-73	0.041	0.022	110	108	1.0	108	Ryr2_1	Chionis minor	227182	0	RYR2 protein (Fragment)
A0A7K7FSS4	unassigned	none	module	ryr.hmm matched only 143 profile positions (< 200) — a shared module, not a family assignment	0.0	193.5	193.5	1.0		1.2e-54	1.2e-54	0.0	0.029	0	143	0.715	200	Ryr3_1	Chionis minor	227182	0	RYR3 protein (Fragment)
A0A7K7FSU3	unassigned	none	module	ryr.hmm matched only 173 profile positions (< 200) — a shared module, not a family assignment	41.6	320.7	279.1	0.8703	1.3e-08	5.8e-93	5.8e-93	0.028	0.035	75	173	0.983	174	Ryr3_2	Chionis minor	227182	0	RYR3 protein (Fragment)
A0A7K7GAM2	unassigned	none	module	ryr.hmm matched only 173 profile positions (< 200) — a shared module, not a family assignment	42.5	321.3	278.8	0.8677	7.1e-09	4e-93	4e-93	0.029	0.035	78	173	0.983	175	Ryr3_1	Erithacus rubecula	37610	0	RYR3 protein (Fragment)
A0A7K7GAP7	unassigned	none	module	ryr.hmm matched only 44 profile positions (< 200) — a shared module, not a family assignment	0.0	46.7	46.7	1.0		2e-10	2e-10	0.0	0.009	0	44	0.979	47	Ryr3_0	Erithacus rubecula	37610	0	RYR3 protein (Fragment)
A0A7K7GAS3	unassigned	none	module	ryr.hmm matched only 108 profile positions (< 200) — a shared module, not a family assignment	133.2	256.2	123.0	0.4801	3.2e-36	1.6e-73	1.6e-73	0.041	0.022	110	108	1.0	108	Ryr3_2	Erithacus rubecula	37610	0	RYR3 protein (Fragment)
A0A7K7GMQ8	unassigned	none	module	itpr.hmm matched only 81 profile positions (< 200) — a shared module, not a family assignment	103.4	0.0	103.4	1.0	3e-27		3e-27	0.03	0.0	81	0	0.964	83	Itpr1_0	Erithacus rubecula	37610	0	ITPR1 protein (Fragment)
A0A7K7GQS7	unassigned	none	module	itpr.hmm matched only 83 profile positions (< 200) — a shared module, not a family assignment	99.3	0.0	99.3	1.0	5.4e-26		5.4e-26	0.031	0.0	83	0	0.939	82	Itpr2_0	Erithacus rubecula	37610	0	ITPR2 protein (Fragment)
A0A7K7ILL7	unassigned	none	module	ryr.hmm matched only 108 profile positions (< 200) — a shared module, not a family assignment	133.2	256.2	123.0	0.4801	3.2e-36	1.6e-73	1.6e-73	0.041	0.022	110	108	1.0	108	Ryr3_2	Loxia curvirostra	64802	0	RYR3 protein (Fragment)
A0A7K7IMW4	unassigned	none	module	ryr.hmm matched only 44 profile positions (< 200) — a shared module, not a family assignment	0.0	46.7	46.7	1.0		2e-10	2e-10	0.0	0.009	0	44	0.979	47	Ryr3_0	Loxia curvirostra	64802	0	RYR3 protein (Fragment)
A0A7K7IN49	unassigned	none	module	ryr.hmm matched only 173 profile positions (< 200) — a shared module, not a family assignment	42.5	321.3	278.8	0.8677	7.1e-09	4e-93	4e-93	0.029	0.035	78	173	0.983	175	Ryr3_1	Loxia curvirostra	64802	0	RYR3 protein (Fragment)
A0A7K7IQB4	unassigned	none	module	ryr.hmm matched only 168 profile positions (< 200) — a shared module, not a family assignment	35.2	292.0	256.8	0.8795	1.1e-06	2.6e-84	2.6e-84	0.022	0.034	59	168	0.983	174	Ryr1_1	Loxia curvirostra	64802	0	RYR1 protein (Fragment)
A0A7K7IQB8	unassigned	none	module	ryr.hmm matched only 49 profile positions (< 200) — a shared module, not a family assignment	0.0	45.3	45.3	1.0		5.4e-10	5.4e-10	0.0	0.01	0	49	0.906	53	Ryr1_0	Loxia curvirostra	64802	0	RYR1 protein (Fragment)
A0A7K7IWT2	unassigned	none	module	itpr.hmm matched only 83 profile positions (< 200) — a shared module, not a family assignment	101.3	0.0	101.3	1.0	1.3e-26		1.3e-26	0.031	0.0	83	0	0.939	82	Itpr2_0	Loxia curvirostra	64802	0	ITPR2 protein (Fragment)
A0A7K7IZF9	unassigned	none	module	itpr.hmm matched only 81 profile positions (< 200) — a shared module, not a family assignment	103.4	0.0	103.4	1.0	3e-27		3e-27	0.03	0.0	81	0	0.964	83	Itpr1	Loxia curvirostra	64802	0	ITPR1 protein (Fragment)
A0A7K7JL36	unassigned	none	module	itpr.hmm matched only 83 profile positions (< 200) — a shared module, not a family assignment	101.3	0.0	101.3	1.0	1.3e-26		1.3e-26	0.031	0.0	83	0	0.939	82	Itpr2_0	Agelaius phoeniceus	39638	0	ITPR2 protein (Fragment)
A0A7K7JN06	unassigned	none	module	ryr.hmm matched only 44 profile positions (< 200) — a shared module, not a family assignment	0.0	46.7	46.7	1.0		2e-10	2e-10	0.0	0.009	0	44	0.979	47	Ryr3_0	Agelaius phoeniceus	39638	0	RYR3 protein (Fragment)
A0A7K7JPE9	unassigned	none	module	ryr.hmm matched only 108 profile positions (< 200) — a shared module, not a family assignment	133.2	256.2	123.0	0.4801	3.2e-36	1.6e-73	1.6e-73	0.041	0.022	110	108	1.0	108	Ryr3_2	Agelaius phoeniceus	39638	0	RYR3 protein (Fragment)
A0A7K7JQT1	unassigned	none	module	ryr.hmm matched only 173 profile positions (< 200) — a shared module, not a family assignment	42.5	321.0	278.5	0.8676	7.2e-09	4.9e-93	4.9e-93	0.029	0.035	78	173	0.977	175	Ryr3_1	Agelaius phoeniceus	39638	0	RYR3 protein (Fragment)
A0A7K7K7V4	unassigned	none	module	itpr.hmm matched only 81 profile positions (< 200) — a shared module, not a family assignment	103.4	0.0	103.4	1.0	3e-27		3e-27	0.03	0.0	81	0	0.964	83	Itpr1_0	Agelaius phoeniceus	39638	0	ITPR1 protein (Fragment)
A0A7K7KH68	unassigned	none	module	ryr.hmm matched only 94 profile positions (< 200) — a shared module, not a family assignment	0.0	115.6	115.6	1.0		3.7e-31	3.7e-31	0.0	0.019	0	94	0.643	143	Ryr1	Agelaius phoeniceus	39638	0	RYR1 protein (Fragment)
A0A7K7KI68	unassigned	none	module	ryr.hmm matched only 173 profile positions (< 200) — a shared module, not a family assignment	41.3	320.9	279.6	0.8713	1.6e-08	5e-93	5e-93	0.028	0.035	75	173	0.983	174	Ryr3_0	Asarcornis scutulata	75869	0	RYR3 protein (Fragment)
A0A7K7KIB4	unassigned	none	module	ryr.hmm matched only 108 profile positions (< 200) — a shared module, not a family assignment	133.2	256.2	123.0	0.4801	3.2e-36	1.6e-73	1.6e-73	0.041	0.022	110	108	1.0	108	Ryr3_1	Asarcornis scutulata	75869	0	RYR3 protein (Fragment)
A0A7K7L2Z3	unassigned	none	module	itpr.hmm matched only 81 profile positions (< 200) — a shared module, not a family assignment	109.3	0.0	109.3	1.0	5.1e-29		5.1e-29	0.03	0.0	81	0	0.988	82	Itpr1_0	Asarcornis scutulata	75869	0	ITPR1 protein (Fragment)
A0A7K7LFD0	unassigned	none	module	ryr.hmm matched only 49 profile positions (< 200) — a shared module, not a family assignment	0.0	43.8	43.8	1.0		1.5e-09	1.5e-09	0.0	0.01	0	49	0.731	67	Ryr1	Asarcornis scutulata	75869	0	RYR1 protein (Fragment)
A0A7K7LLF0	unassigned	none	module	itpr.hmm matched only 83 profile positions (< 200) — a shared module, not a family assignment	101.3	0.0	101.3	1.0	1.3e-26		1.3e-26	0.031	0.0	83	0	0.939	82	Itpr2_0	Asarcornis scutulata	75869	0	ITPR2 protein (Fragment)
A0A7K7LX49	unassigned	none	module	ryr.hmm matched only 44 profile positions (< 200) — a shared module, not a family assignment	0.0	46.7	46.7	1.0		2e-10	2e-10	0.0	0.009	0	44	0.979	47	Ryr3_0	Brachypodius melanocephalos	3235156	0	RYR3 protein (Fragment)
A0A7K7LZM1	unassigned	none	module	ryr.hmm matched only 173 profile positions (< 200) — a shared module, not a family assignment	41.5	319.7	278.2	0.8702	1.4e-08	1.2e-92	1.2e-92	0.028	0.035	75	173	0.977	175	Ryr3_1	Brachypodius melanocephalos	3235156	0	RYR3 protein (Fragment)
A0A7K7LZT6	unassigned	none	module	ryr.hmm matched only 108 profile positions (< 200) — a shared module, not a family assignment	133.2	256.2	123.0	0.4801	3.2e-36	1.6e-73	1.6e-73	0.041	0.022	110	108	1.0	108	Ryr3_2	Brachypodius melanocephalos	3235156	0	RYR3 protein (Fragment)
A0A7K7M6Q5	unassigned	none	module	itpr.hmm matched only 81 profile positions (< 200) — a shared module, not a family assignment	103.4	0.0	103.4	1.0	3e-27		3e-27	0.03	0.0	81	0	0.964	83	Itpr1_0	Brachypodius melanocephalos	3235156	0	ITPR1 protein (Fragment)
A0A7K7MCR8	unassigned	none	module	itpr.hmm matched only 83 profile positions (< 200) — a shared module, not a family assignment	101.3	0.0	101.3	1.0	1.3e-26		1.3e-26	0.031	0.0	83	0	0.939	82	Itpr2_0	Brachypodius melanocephalos	3235156	0	ITPR2 protein (Fragment)
A0A7K7MXI6	unassigned	none	module	itpr.hmm matched only 83 profile positions (< 200) — a shared module, not a family assignment	101.3	0.0	101.3	1.0	1.3e-26		1.3e-26	0.031	0.0	83	0	0.939	82	Itpr2_0	Haliaeetus albicilla	8969	0	ITPR2 protein (Fragment)
A0A7K7N294	unassigned	none	module	ryr.hmm matched only 108 profile positions (< 200) — a shared module, not a family assignment	133.2	256.2	123.0	0.4801	3.2e-36	1.6e-73	1.6e-73	0.041	0.022	110	108	1.0	108	Ryr3_1	Haliaeetus albicilla	8969	0	RYR3 protein (Fragment)
A0A7K7N3S5	unassigned	none	module	ryr.hmm matched only 173 profile positions (< 200) — a shared module, not a family assignment	42.4	320.8	278.4	0.8678	7.7e-09	5.5e-93	5.5e-93	0.029	0.035	78	173	0.989	174	Ryr3_0	Haliaeetus albicilla	8969	0	RYR3 protein (Fragment)
A0A7K7NHD8	unassigned	none	module	itpr.hmm matched only 81 profile positions (< 200) — a shared module, not a family assignment	109.3	0.0	109.3	1.0	5.1e-29		5.1e-29	0.03	0.0	81	0	0.988	82	Itpr1_0	Haliaeetus albicilla	8969	0	ITPR1 protein (Fragment)
A0A7K7NXY0	unassigned	none	module	ryr.hmm matched only 49 profile positions (< 200) — a shared module, not a family assignment	0.0	45.5	45.5	1.0		4.8e-10	4.8e-10	0.0	0.01	0	49	0.691	68	Ryr1_0	Haliaeetus albicilla	8969	0	RYR1 protein (Fragment)
A0A7K7NY45	unassigned	none	module	ryr.hmm matched only 158 profile positions (< 200) — a shared module, not a family assignment	0.0	272.2	272.2	1.0		2.4e-78	2.4e-78	0.0	0.032	0	158	0.994	159	Ryr1_2	Haliaeetus albicilla	8969	0	RYR1 protein (Fragment)
A0A7K7NYB8	unassigned	none	module	ryr.hmm matched only 123 profile positions (< 200) — a shared module, not a family assignment	0.0	70.5	70.5	1.0		1.4e-17	1.4e-17	0.0	0.025	0	123	0.835	164	Ryr1_3	Haliaeetus albicilla	8969	0	RYR1 protein (Fragment)
A0A7K7P0P1	unassigned	none	module	ryr.hmm matched only 108 profile positions (< 200) — a shared module, not a family assignment	133.2	256.2	123.0	0.4801	3.2e-36	1.6e-73	1.6e-73	0.041	0.022	110	108	1.0	108	Ryr3_2	Acrocephalus arundinaceus	39621	0	RYR3 protein (Fragment)
A0A7K7P0P2	unassigned	none	module	ryr.hmm matched only 173 profile positions (< 200) — a shared module, not a family assignment	42.3	321.3	279.0	0.8683	8.1e-09	3.9e-93	3.9e-93	0.029	0.035	78	173	0.983	175	Ryr3_1	Acrocephalus arundinaceus	39621	0	RYR3 protein (Fragment)
A0A7K7P0U7	unassigned	none	module	ryr.hmm matched only 44 profile positions (< 200) — a shared module, not a family assignment	0.0	46.7	46.7	1.0		2e-10	2e-10	0.0	0.009	0	44	0.979	47	Ryr3_0	Acrocephalus arundinaceus	39621	0	RYR3 protein (Fragment)
A0A7K7P0U9	unassigned	none	module	itpr.hmm matched only 83 profile positions (< 200) — a shared module, not a family assignment	101.3	0.0	101.3	1.0	1.3e-26		1.3e-26	0.031	0.0	83	0	0.939	82	Itpr2_0	Acrocephalus arundinaceus	39621	0	ITPR2 protein (Fragment)
A0A7K7P7X9	unassigned	none	module	ryr.hmm matched only 173 profile positions (< 200) — a shared module, not a family assignment	41.3	325.2	283.9	0.873	1.6e-08	2.7e-94	2.7e-94	0.028	0.035	75	173	0.977	177	Ryr2_0	Acrocephalus arundinaceus	39621	0	RYR2 protein (Fragment)
A0A7K7P8K2	unassigned	none	module	ryr.hmm matched only 108 profile positions (< 200) — a shared module, not a family assignment	130.3	256.2	125.9	0.4914	2.4e-35	1.6e-73	1.6e-73	0.041	0.022	110	108	1.0	108	Ryr2_1	Acrocephalus arundinaceus	39621	0	RYR2 protein (Fragment)
A0A7K7PMT7	unassigned	none	module	itpr.hmm matched only 81 profile positions (< 200) — a shared module, not a family assignment	103.4	0.0	103.4	1.0	3e-27		3e-27	0.03	0.0	81	0	0.964	83	Itpr1	Acrocephalus arundinaceus	39621	0	ITPR1 protein (Fragment)
A0A7K7Q9D4	unassigned	none	module	ryr.hmm matched only 44 profile positions (< 200) — a shared module, not a family assignment	0.0	46.7	46.7	1.0		2e-10	2e-10	0.0	0.009	0	44	0.979	47	Ryr3_0	Poecile atricapillus	48891	0	RYR3 protein (Fragment)
A0A7K7Q9I2	unassigned	none	module	ryr.hmm matched only 173 profile positions (< 200) — a shared module, not a family assignment	42.3	321.3	279.0	0.8683	8.1e-09	3.9e-93	3.9e-93	0.029	0.035	78	173	0.983	175	Ryr3_1	Poecile atricapillus	48891	0	RYR3 protein (Fragment)
A0A7K7QA22	unassigned	none	module	ryr.hmm matched only 108 profile positions (< 200) — a shared module, not a family assignment	133.2	256.2	123.0	0.4801	3.2e-36	1.6e-73	1.6e-73	0.041	0.022	110	108	1.0	108	Ryr3_2	Poecile atricapillus	48891	0	RYR3 protein (Fragment)
A0A7K7QC00	unassigned	none	module	itpr.hmm matched only 83 profile positions (< 200) — a shared module, not a family assignment	101.3	0.0	101.3	1.0	1.3e-26		1.3e-26	0.031	0.0	83	0	0.939	82	Itpr2_0	Poecile atricapillus	48891	0	ITPR2 protein (Fragment)
A0A7K7R244	unassigned	none	module	itpr.hmm matched only 81 profile positions (< 200) — a shared module, not a family assignment	103.4	0.0	103.4	1.0	3e-27		3e-27	0.03	0.0	81	0	0.964	83	Itpr1	Poecile atricapillus	48891	0	ITPR1 protein (Fragment)
A0A7K7R9V7	unassigned	none	module	ryr.hmm matched only 128 profile positions (< 200) — a shared module, not a family assignment	36.2	217.0	180.8	0.8332	5.6e-07	1e-61	1e-61	0.022	0.026	59	128	0.977	131	Ryr1	Poecile atricapillus	48891	0	RYR1 protein (Fragment)
A0A7K7RDP1	unassigned	none	module	ryr.hmm matched only 173 profile positions (< 200) — a shared module, not a family assignment	36.1	191.5	155.4	0.8115	5.9e-07	5.1e-54	5.1e-54	0.022	0.035	59	173	0.978	182	Ryr1_1	Nesospiza acunhae	381881	0	RYR1 protein (Fragment)
A0A7K7RER6	unassigned	none	module	ryr.hmm matched only 108 profile positions (< 200) — a shared module, not a family assignment	71.7	183.4	111.7	0.6091	1.1e-17	1.4e-51	1.4e-51	0.033	0.022	89	108	1.0	109	Ryr1_2	Nesospiza acunhae	381881	0	RYR1 protein (Fragment)
A0A7K7RFL4	unassigned	none	module	ryr.hmm matched only 49 profile positions (< 200) — a shared module, not a family assignment	0.0	45.5	45.5	1.0		4.8e-10	4.8e-10	0.0	0.01	0	49	0.75	64	Ryr1_0	Nesospiza acunhae	381881	0	RYR1 protein (Fragment)
A0A7K7RRK5	unassigned	none	module	itpr.hmm matched only 81 profile positions (< 200) — a shared module, not a family assignment	103.4	0.0	103.4	1.0	3e-27		3e-27	0.03	0.0	81	0	0.964	83	Itpr1_0	Nesospiza acunhae	381881	0	ITPR1 protein (Fragment)
A0A7K7RXD4	unassigned	none	module	itpr.hmm matched only 83 profile positions (< 200) — a shared module, not a family assignment	101.3	0.0	101.3	1.0	1.3e-26		1.3e-26	0.031	0.0	83	0	0.939	82	Itpr2_0	Nesospiza acunhae	381881	0	ITPR2 protein (Fragment)
A0A7K7S2E5	unassigned	none	module	ryr.hmm matched only 173 profile positions (< 200) — a shared module, not a family assignment	44.6	321.5	276.9	0.8613	1.7e-09	3.3e-93	3.3e-93	0.029	0.035	78	173	0.983	175	Ryr3_1	Nesospiza acunhae	381881	0	RYR3 protein (Fragment)
A0A7K7S2F3	unassigned	none	module	ryr.hmm matched only 44 profile positions (< 200) — a shared module, not a family assignment	0.0	46.7	46.7	1.0		2e-10	2e-10	0.0	0.009	0	44	0.979	47	Ryr3_0	Nesospiza acunhae	381881	0	RYR3 protein (Fragment)
A0A7K7S589	unassigned	none	module	ryr.hmm matched only 108 profile positions (< 200) — a shared module, not a family assignment	133.2	256.2	123.0	0.4801	3.2e-36	1.6e-73	1.6e-73	0.041	0.022	110	108	1.0	108	Ryr3_2	Nesospiza acunhae	381881	0	RYR3 protein (Fragment)
A0A7K7SE18	unassigned	none	module	ryr.hmm matched only 108 profile positions (< 200) — a shared module, not a family assignment	132.3	253.4	121.1	0.4779	6.1e-36	1.1e-72	1.1e-72	0.041	0.022	110	108	1.0	108	Ryr1_5	Nesospiza acunhae	381881	0	RYR1 protein (Fragment)
A0A7K7SG87	unassigned	none	module	ryr.hmm matched only 128 profile positions (< 200) — a shared module, not a family assignment	36.9	217.5	180.6	0.8303	3.5e-07	7.3e-62	7.3e-62	0.022	0.026	59	128	0.977	131	Ryr1_4	Nesospiza acunhae	381881	0	RYR1 protein (Fragment)
A0A7K7SLX5	unassigned	none	module	itpr.hmm matched only 78 profile positions (< 200) — a shared module, not a family assignment	104.3	0.0	104.3	1.0	1.6e-27		1.6e-27	0.029	0.0	78	0	0.952	83	Itpr1_0	Sapayoa aenigma	239371	0	ITPR1 protein (Fragment)
A0A7K7SW39	unassigned	none	module	itpr.hmm matched only 83 profile positions (< 200) — a shared module, not a family assignment	101.3	0.0	101.3	1.0	1.3e-26		1.3e-26	0.031	0.0	83	0	0.939	82	Itpr2_0	Sapayoa aenigma	239371	0	ITPR2 protein (Fragment)
A0A7K7TE01	unassigned	none	module	ryr.hmm matched only 108 profile positions (< 200) — a shared module, not a family assignment	133.2	256.2	123.0	0.4801	3.2e-36	1.6e-73	1.6e-73	0.041	0.022	110	108	1.0	108	Ryr3_2	Sapayoa aenigma	239371	0	RYR3 protein (Fragment)
A0A7K7TGG7	unassigned	none	module	ryr.hmm matched only 173 profile positions (< 200) — a shared module, not a family assignment	42.3	320.6	278.3	0.8681	8.3e-09	6.2e-93	6.2e-93	0.029	0.035	78	173	0.989	174	Ryr3_1	Sapayoa aenigma	239371	0	RYR3 protein (Fragment)
A0A7K7THU1	unassigned	none	module	ryr.hmm matched only 44 profile positions (< 200) — a shared module, not a family assignment	0.0	44.6	44.6	1.0		9e-10	9e-10	0.0	0.009	0	44	0.979	47	Ryr3_3	Sapayoa aenigma	239371	0	RYR3 protein (Fragment)
A0A7K7TKN5	unassigned	none	module	ryr.hmm matched only 108 profile positions (< 200) — a shared module, not a family assignment	130.3	256.2	125.9	0.4914	2.4e-35	1.6e-73	1.6e-73	0.041	0.022	110	108	1.0	108	Ryr2_1	Sapayoa aenigma	239371	0	RYR2 protein (Fragment)
A0A7K7U902	unassigned	none	module	ryr.hmm matched only 173 profile positions (< 200) — a shared module, not a family assignment	42.4	321.4	279.0	0.8681	7.6e-09	3.7e-93	3.7e-93	0.029	0.035	78	173	0.989	174	Ryr3_0	Ibidorhyncha struthersii	425643	0	RYR3 protein (Fragment)
A0A7K7U993	unassigned	none	module	itpr.hmm matched only 83 profile positions (< 200) — a shared module, not a family assignment	101.3	0.0	101.3	1.0	1.3e-26		1.3e-26	0.031	0.0	83	0	0.939	82	Itpr2_0	Ibidorhyncha struthersii	425643	0	ITPR2 protein (Fragment)
A0A7K7UAY6	unassigned	none	module	ryr.hmm matched only 108 profile positions (< 200) — a shared module, not a family assignment	133.2	256.2	123.0	0.4801	3.2e-36	1.6e-73	1.6e-73	0.041	0.022	110	108	1.0	108	Ryr3_1	Ibidorhyncha struthersii	425643	0	RYR3 protein (Fragment)
A0A7K7UH70	unassigned	none	module	itpr.hmm matched only 81 profile positions (< 200) — a shared module, not a family assignment	109.3	0.0	109.3	1.0	5.1e-29		5.1e-29	0.03	0.0	81	0	0.988	82	Itpr1_0	Ibidorhyncha struthersii	425643	0	ITPR1 protein (Fragment)
A0A7K7URJ0	unassigned	none	module	ryr.hmm matched only 108 profile positions (< 200) — a shared module, not a family assignment	133.2	256.2	123.0	0.4801	3.2e-36	1.6e-73	1.6e-73	0.041	0.022	110	108	1.0	108	Ryr3_1	Eudromia elegans	8805	0	RYR3 protein (Fragment)
A0A7K7UTP4	unassigned	none	module	ryr.hmm matched only 173 profile positions (< 200) — a shared module, not a family assignment	43.1	322.5	279.4	0.8664	4.5e-09	1.8e-93	1.8e-93	0.029	0.035	78	173	1.0	174	Ryr3_0	Eudromia elegans	8805	0	RYR3 protein (Fragment)
A0A7K7UW59	unassigned	none	module	itpr.hmm matched only 81 profile positions (< 200) — a shared module, not a family assignment	109.3	0.0	109.3	1.0	5.1e-29		5.1e-29	0.03	0.0	81	0	0.988	82	Itpr1_0	Eudromia elegans	8805	0	ITPR1 protein (Fragment)
A0A7K7V5M8	unassigned	none	module	itpr.hmm matched only 83 profile positions (< 200) — a shared module, not a family assignment	101.3	0.0	101.3	1.0	1.3e-26		1.3e-26	0.031	0.0	83	0	0.939	82	Itpr2_0	Eudromia elegans	8805	0	ITPR2 protein (Fragment)
A0A7K7VRB5	unassigned	none	module	ryr.hmm matched only 74 profile positions (< 200) — a shared module, not a family assignment	78.0	164.4	86.4	0.5255	1.4e-19	7.3e-46	7.3e-46	0.028	0.015	75	74	1.0	74	Ryr1_1	Eudromia elegans	8805	0	RYR1 protein (Fragment)
A0A7K7VSS4	unassigned	none	module	ryr.hmm matched only 173 profile positions (< 200) — a shared module, not a family assignment	40.4	320.5	280.1	0.8739	3e-08	7e-93	7e-93	0.028	0.035	75	173	0.994	172	Ryr3_1	Nothocercus julius	2585813	0	RYR3 protein (Fragment)
A0A7K7VTL9	unassigned	none	module	ryr.hmm matched only 49 profile positions (< 200) — a shared module, not a family assignment	0.0	45.5	45.5	1.0		4.8e-10	4.8e-10	0.0	0.01	0	49	0.718	71	Ryr1_0	Eudromia elegans	8805	0	RYR1 protein (Fragment)
A0A7K7VUA9	unassigned	none	module	ryr.hmm matched only 108 profile positions (< 200) — a shared module, not a family assignment	134.8	255.6	120.8	0.4726	1e-36	2.5e-73	2.5e-73	0.041	0.022	110	108	1.0	108	Ryr3_2	Nothocercus julius	2585813	0	RYR3 protein (Fragment)
A0A7K7VVQ6	unassigned	none	module	itpr.hmm matched only 81 profile positions (< 200) — a shared module, not a family assignment	109.3	0.0	109.3	1.0	5.1e-29		5.1e-29	0.03	0.0	81	0	0.988	82	Itpr1_0	Nothocercus julius	2585813	0	ITPR1 protein (Fragment)
A0A7K7W436	unassigned	none	module	ryr.hmm matched only 173 profile positions (< 200) — a shared module, not a family assignment	40.2	326.8	286.6	0.877	3.4e-08	8.7e-95	8.7e-95	0.025	0.035	67	173	0.977	177	Ryr2_0	Nothocercus julius	2585813	0	RYR2 protein (Fragment)
A0A7K7W4U3	unassigned	none	module	ryr.hmm matched only 108 profile positions (< 200) — a shared module, not a family assignment	130.3	256.2	125.9	0.4914	2.4e-35	1.6e-73	1.6e-73	0.041	0.022	110	108	1.0	108	Ryr2_1	Nothocercus julius	2585813	0	RYR2 protein (Fragment)
A0A7K7WBX1	unassigned	none	module	itpr.hmm matched only 83 profile positions (< 200) — a shared module, not a family assignment	101.3	0.0	101.3	1.0	1.3e-26		1.3e-26	0.031	0.0	83	0	0.939	82	Itpr2_0	Nothocercus julius	2585813	0	ITPR2 protein (Fragment)
A0A7K7WW75	unassigned	none	module	ryr.hmm matched only 49 profile positions (< 200) — a shared module, not a family assignment	0.0	46.6	46.6	1.0		2.3e-10	2.3e-10	0.0	0.01	0	49	0.69	71	Ryr1	Nothocercus julius	2585813	0	RYR1 protein (Fragment)
A0A7K7WY67	unassigned	none	module	itpr.hmm matched only 81 profile positions (< 200) — a shared module, not a family assignment	103.4	0.0	103.4	1.0	3e-27		3e-27	0.03	0.0	81	0	0.964	83	Itpr1_0	Mohoua ochrocephala	874463	0	ITPR1 protein (Fragment)
A0A7K7X5N6	unassigned	none	module	ryr.hmm matched only 49 profile positions (< 200) — a shared module, not a family assignment	0.0	44.5	44.5	1.0		9.7e-10	9.7e-10	0.0	0.01	0	49	0.727	66	Ryr1_1	Mohoua ochrocephala	874463	0	RYR1 protein (Fragment)
A0A7K7X7U5	unassigned	none	module	ryr.hmm matched only 173 profile positions (< 200) — a shared module, not a family assignment	42.5	321.0	278.5	0.8676	6.9e-09	4.7e-93	4.7e-93	0.029	0.035	78	173	0.983	175	Ryr3_0	Mohoua ochrocephala	874463	0	RYR3 protein (Fragment)
A0A7K7X7Y3	unassigned	none	module	ryr.hmm matched only 108 profile positions (< 200) — a shared module, not a family assignment	133.2	256.2	123.0	0.4801	3.2e-36	1.6e-73	1.6e-73	0.041	0.022	110	108	1.0	108	Ryr3_1	Mohoua ochrocephala	874463	0	RYR3 protein (Fragment)
A0A7K7XH67	unassigned	none	module	itpr.hmm matched only 83 profile positions (< 200) — a shared module, not a family assignment	101.3	0.0	101.3	1.0	1.3e-26		1.3e-26	0.031	0.0	83	0	0.939	82	Itpr2_0	Mohoua ochrocephala	874463	0	ITPR2 protein (Fragment)
A0A7K7XKJ9	unassigned	none	module	ryr.hmm matched only 108 profile positions (< 200) — a shared module, not a family assignment	130.3	256.2	125.9	0.4914	2.4e-35	1.6e-73	1.6e-73	0.041	0.022	110	108	1.0	108	Ryr2_1	Mohoua ochrocephala	874463	0	RYR2 protein (Fragment)
A0A7K7XLF2	unassigned	none	module	ryr.hmm matched only 173 profile positions (< 200) — a shared module, not a family assignment	41.1	326.3	285.2	0.874	1.9e-08	1.2e-94	1.2e-94	0.027	0.035	72	173	0.977	177	Ryr2_0	Mohoua ochrocephala	874463	0	RYR2 protein (Fragment)
A0A7K7XQY9	unassigned	none	module	ryr.hmm matched only 44 profile positions (< 200) — a shared module, not a family assignment	0.0	46.7	46.7	1.0		2e-10	2e-10	0.0	0.009	0	44	0.979	47	Ryr3_3	Mohoua ochrocephala	874463	0	RYR3 protein (Fragment)
A0A7K7YC58	unassigned	none	module	itpr.hmm matched only 75 profile positions (< 200) — a shared module, not a family assignment	100.6	0.0	100.6	1.0	2.2e-26		2.2e-26	0.028	0.0	75	0	0.938	81	Itpr2_0	Thryothorus ludovicianus	74200	0	ITPR2 protein (Fragment)
A0A7K7YQ48	unassigned	none	module	ryr.hmm matched only 108 profile positions (< 200) — a shared module, not a family assignment	130.3	256.2	125.9	0.4914	2.4e-35	1.6e-73	1.6e-73	0.041	0.022	110	108	1.0	108	Ryr2_2	Thryothorus ludovicianus	74200	0	RYR2 protein (Fragment)
A0A7K7YQB4	unassigned	none	module	ryr.hmm matched only 173 profile positions (< 200) — a shared module, not a family assignment	40.9	326.1	285.2	0.8746	2.1e-08	1.4e-94	1.4e-94	0.027	0.035	72	173	0.989	175	Ryr2_1	Thryothorus ludovicianus	74200	0	RYR2 protein (Fragment)
A0A7K7YVW2	unassigned	none	module	ryr.hmm matched only 173 profile positions (< 200) — a shared module, not a family assignment	42.5	321.3	278.8	0.8677	7.1e-09	4e-93	4e-93	0.029	0.035	78	173	0.983	175	Ryr3_1	Thryothorus ludovicianus	74200	0	RYR3 protein (Fragment)
A0A7K7YWM0	unassigned	none	module	itpr.hmm matched only 67 profile positions (< 200) — a shared module, not a family assignment	92.5	0.0	92.5	1.0	5.8e-24		5.8e-24	0.025	0.0	67	0	0.985	67	Itpr3_1	Thryothorus ludovicianus	74200	0	ITPR3 protein (Fragment)
A0A7K7YWS7	unassigned	none	module	ryr.hmm matched only 108 profile positions (< 200) — a shared module, not a family assignment	133.2	256.2	123.0	0.4801	3.2e-36	1.6e-73	1.6e-73	0.041	0.022	110	108	1.0	108	Ryr3_2	Thryothorus ludovicianus	74200	0	RYR3 protein (Fragment)
A0A7K7YYV9	unassigned	none	module	itpr.hmm matched only 81 profile positions (< 200) — a shared module, not a family assignment	103.4	0.0	103.4	1.0	3e-27		3e-27	0.03	0.0	81	0	0.976	83	Itpr1_1	Thryothorus ludovicianus	74200	0	ITPR1 protein (Fragment)
A0A7K7YZJ8	unassigned	none	module	itpr.hmm matched only 102 profile positions (< 200) — a shared module, not a family assignment	229.2	118.6	110.6	0.4825	3.6e-65	4.6e-32	3.6e-65	0.038	0.02	102	99	1.0	101	Itpr1_2	Thryothorus ludovicianus	74200	0	ITPR1 protein (Fragment)
A0A7K7Z9Q2	unassigned	none	module	ryr.hmm matched only 49 profile positions (< 200) — a shared module, not a family assignment	0.0	45.6	45.6	1.0		4.4e-10	4.4e-10	0.0	0.01	0	49	0.787	61	Ryr1_1	Melanocharis versteri	254552	0	RYR1 protein (Fragment)
A0A7K7ZBZ8	unassigned	none	module	itpr.hmm matched only 102 profile positions (< 200) — a shared module, not a family assignment	229.2	118.6	110.6	0.4825	3.6e-65	4.6e-32	3.6e-65	0.038	0.02	102	99	1.0	101	Itpr1_2	Melanocharis versteri	254552	0	ITPR1 protein (Fragment)
A0A7K7ZFC0	unassigned	none	module	itpr.hmm matched only 81 profile positions (< 200) — a shared module, not a family assignment	103.4	0.0	103.4	1.0	3e-27		3e-27	0.03	0.0	81	0	0.964	83	Itpr1_0	Melanocharis versteri	254552	0	ITPR1 protein (Fragment)
A0A7K7ZGZ3	unassigned	none	module	ryr.hmm matched only 128 profile positions (< 200) — a shared module, not a family assignment	0.0	207.6	207.6	1.0		7e-59	7e-59	0.0	0.026	0	128	0.985	131	Ryr1_2	Melanocharis versteri	254552	0	RYR1 protein (Fragment)
A0A7K7ZVY1	unassigned	none	module	ryr.hmm matched only 108 profile positions (< 200) — a shared module, not a family assignment	133.2	256.2	123.0	0.4801	3.2e-36	1.6e-73	1.6e-73	0.041	0.022	110	108	1.0	108	Ryr3_1	Melanocharis versteri	254552	0	RYR3 protein (Fragment)
A0A7K7ZXZ4	unassigned	none	module	itpr.hmm matched only 75 profile positions (< 200) — a shared module, not a family assignment	100.6	0.0	100.6	1.0	2.2e-26		2.2e-26	0.028	0.0	75	0	0.938	81	Itpr2_0	Melanocharis versteri	254552	0	ITPR2 protein (Fragment)
A0A7K7ZY69	unassigned	none	module	ryr.hmm matched only 173 profile positions (< 200) — a shared module, not a family assignment	42.5	321.3	278.8	0.8677	7.1e-09	4e-93	4e-93	0.029	0.035	78	173	0.983	175	Ryr3_0	Melanocharis versteri	254552	0	RYR3 protein (Fragment)
A0A7K8AAB3	unassigned	none	module	itpr.hmm matched only 75 profile positions (< 200) — a shared module, not a family assignment	100.6	0.0	100.6	1.0	2.2e-26		2.2e-26	0.028	0.0	75	0	0.938	81	Itpr2_0	Cnemophilus loriae	254448	0	ITPR2 protein (Fragment)
A0A7K8ADM0	unassigned	none	module	itpr.hmm matched only 81 profile positions (< 200) — a shared module, not a family assignment	103.4	0.0	103.4	1.0	3e-27		3e-27	0.03	0.0	81	0	0.964	83	Itpr1_0	Cnemophilus loriae	254448	0	ITPR1 protein (Fragment)
A0A7K8AEG1	unassigned	none	module	itpr.hmm matched only 102 profile positions (< 200) — a shared module, not a family assignment	229.2	118.6	110.6	0.4825	3.6e-65	4.6e-32	3.6e-65	0.038	0.02	102	99	1.0	101	Itpr1_2	Cnemophilus loriae	254448	0	ITPR1 protein (Fragment)
A0A7K8AJS4	unassigned	none	module	ryr.hmm matched only 108 profile positions (< 200) — a shared module, not a family assignment	133.2	256.2	123.0	0.4801	3.2e-36	1.6e-73	1.6e-73	0.041	0.022	110	108	1.0	108	Ryr3_1	Cnemophilus loriae	254448	0	RYR3 protein (Fragment)
A0A7K8AKM0	unassigned	none	module	ryr.hmm matched only 173 profile positions (< 200) — a shared module, not a family assignment	42.5	321.1	278.6	0.8676	7.1e-09	4.4e-93	4.4e-93	0.029	0.035	78	173	0.983	175	Ryr3_0	Cnemophilus loriae	254448	0	RYR3 protein (Fragment)
A0A7K8BLX4	unassigned	none	module	itpr.hmm matched only 102 profile positions (< 200) — a shared module, not a family assignment	229.2	118.6	110.6	0.4825	3.6e-65	4.6e-32	3.6e-65	0.038	0.02	102	99	1.0	101	Itpr1_2	Rhagologus leucostigma	156170	0	ITPR1 protein (Fragment)
A0A7K8BNE3	unassigned	none	module	itpr.hmm matched only 81 profile positions (< 200) — a shared module, not a family assignment	103.4	0.0	103.4	1.0	3e-27		3e-27	0.03	0.0	81	0	0.964	83	Itpr1_0	Rhagologus leucostigma	156170	0	ITPR1 protein (Fragment)
A0A7K8BTM1	unassigned	none	module	ryr.hmm matched only 49 profile positions (< 200) — a shared module, not a family assignment	0.0	45.0	45.0	1.0		6.6e-10	6.6e-10	0.0	0.01	0	49	0.923	52	Ryr1	Rhagologus leucostigma	156170	0	RYR1 protein (Fragment)
A0A7K8C0P0	unassigned	none	module	itpr.hmm matched only 75 profile positions (< 200) — a shared module, not a family assignment	100.6	0.0	100.6	1.0	2.2e-26		2.2e-26	0.028	0.0	75	0	0.938	81	Itpr2_0	Rhagologus leucostigma	156170	0	ITPR2 protein (Fragment)
A0A7K8C332	unassigned	none	module	ryr.hmm matched only 173 profile positions (< 200) — a shared module, not a family assignment	42.5	321.3	278.8	0.8677	7.1e-09	4e-93	4e-93	0.029	0.035	78	173	0.983	175	Ryr3_0	Rhagologus leucostigma	156170	0	RYR3 protein (Fragment)
A0A7K8C386	unassigned	none	module	ryr.hmm matched only 108 profile positions (< 200) — a shared module, not a family assignment	133.2	256.2	123.0	0.4801	3.2e-36	1.6e-73	1.6e-73	0.041	0.022	110	108	1.0	108	Ryr3_1	Rhagologus leucostigma	156170	0	RYR3 protein (Fragment)
A0A7K8CKF1	unassigned	none	module	itpr.hmm matched only 81 profile positions (< 200) — a shared module, not a family assignment	103.4	0.0	103.4	1.0	3e-27		3e-27	0.03	0.0	81	0	0.964	83	Itpr1_0	Eulacestoma nigropectus	461239	0	ITPR1 protein (Fragment)
A0A7K8CM80	unassigned	none	module	itpr.hmm matched only 102 profile positions (< 200) — a shared module, not a family assignment	229.2	118.6	110.6	0.4825	3.6e-65	4.6e-32	3.6e-65	0.038	0.02	102	99	1.0	101	Itpr1_2	Eulacestoma nigropectus	461239	0	ITPR1 protein (Fragment)
A0A7K8CQ54	unassigned	none	module	ryr.hmm matched only 123 profile positions (< 200) — a shared module, not a family assignment	0.0	189.0	189.0	1.0		2.8e-53	2.8e-53	0.0	0.025	0	123	0.992	123	Ryr1_0	Eulacestoma nigropectus	461239	0	RYR1 protein (Fragment)
A0A7K8CVX0	unassigned	none	module	ryr.hmm matched only 54 profile positions (< 200) — a shared module, not a family assignment	68.3	123.3	55.0	0.4461	1.2e-16	1.7e-33	1.7e-33	0.021	0.011	56	54	1.0	56	Ryr1_2	Eulacestoma nigropectus	461239	0	RYR1 protein (Fragment)
A0A7K8CXJ9	unassigned	none	module	ryr.hmm matched only 49 profile positions (< 200) — a shared module, not a family assignment	0.0	44.3	44.3	1.0		1.1e-09	1.1e-09	0.0	0.01	0	49	0.762	63	Ryr1_1	Eulacestoma nigropectus	461239	0	RYR1 protein (Fragment)
A0A7K8DK55	unassigned	none	module	ryr.hmm matched only 173 profile positions (< 200) — a shared module, not a family assignment	42.5	321.3	278.8	0.8677	7.1e-09	4e-93	4e-93	0.029	0.035	78	173	0.983	175	Ryr3_1	Eulacestoma nigropectus	461239	0	RYR3 protein (Fragment)
A0A7K8DKE6	unassigned	none	module	itpr.hmm matched only 75 profile positions (< 200) — a shared module, not a family assignment	100.6	0.0	100.6	1.0	2.2e-26		2.2e-26	0.028	0.0	75	0	0.938	81	Itpr2_0	Eulacestoma nigropectus	461239	0	ITPR2 protein (Fragment)
A0A7K8DNJ5	unassigned	none	module	ryr.hmm matched only 108 profile positions (< 200) — a shared module, not a family assignment	133.2	256.2	123.0	0.4801	3.2e-36	1.6e-73	1.6e-73	0.041	0.022	110	108	1.0	108	Ryr3_2	Eulacestoma nigropectus	461239	0	RYR3 protein (Fragment)
A0A7K8DQW7	unassigned	none	module	itpr.hmm matched only 75 profile positions (< 200) — a shared module, not a family assignment	100.6	0.0	100.6	1.0	2.2e-26		2.2e-26	0.028	0.0	75	0	0.938	81	Itpr2_0	Leucopsar rothschildi	127929	0	ITPR2 protein (Fragment)
A0A7K8E7U3	unassigned	none	module	ryr.hmm matched only 173 profile positions (< 200) — a shared module, not a family assignment	41.9	320.2	278.3	0.8691	1e-08	8.5e-93	8.5e-93	0.029	0.035	78	173	0.983	175	Ryr3_2	Leucopsar rothschildi	127929	0	RYR3 protein (Fragment)
A0A7K8E8P1	unassigned	none	module	ryr.hmm matched only 108 profile positions (< 200) — a shared module, not a family assignment	133.2	256.2	123.0	0.4801	3.2e-36	1.6e-73	1.6e-73	0.041	0.022	110	108	1.0	108	Ryr3_3	Leucopsar rothschildi	127929	0	RYR3 protein (Fragment)
A0A7K8EA63	unassigned	none	module	ryr.hmm matched only 108 profile positions (< 200) — a shared module, not a family assignment	130.3	256.2	125.9	0.4914	2.4e-35	1.6e-73	1.6e-73	0.041	0.022	110	108	1.0	108	Ryr2_2	Leucopsar rothschildi	127929	0	RYR2 protein (Fragment)
A0A7K8EB32	unassigned	none	module	ryr.hmm matched only 173 profile positions (< 200) — a shared module, not a family assignment	40.9	326.1	285.2	0.8746	2.1e-08	1.4e-94	1.4e-94	0.027	0.035	72	173	0.989	175	Ryr2_1	Leucopsar rothschildi	127929	0	RYR2 protein (Fragment)
A0A7K8EP71	unassigned	none	module	ryr.hmm matched only 49 profile positions (< 200) — a shared module, not a family assignment	0.0	44.8	44.8	1.0		7.5e-10	7.5e-10	0.0	0.01	0	49	0.979	48	Ryr1_1	Leucopsar rothschildi	127929	0	RYR1 protein (Fragment)
A0A7K8ETG7	unassigned	none	module	itpr.hmm matched only 81 profile positions (< 200) — a shared module, not a family assignment	103.4	0.0	103.4	1.0	3e-27		3e-27	0.03	0.0	81	0	0.964	83	Itpr1_0	Leucopsar rothschildi	127929	0	ITPR1 protein (Fragment)
A0A7K8ETJ4	unassigned	none	module	itpr.hmm matched only 102 profile positions (< 200) — a shared module, not a family assignment	229.2	118.6	110.6	0.4825	3.6e-65	4.6e-32	3.6e-65	0.038	0.02	102	99	1.0	101	Itpr1_2	Leucopsar rothschildi	127929	0	ITPR1 protein (Fragment)
A0A7K8EYH1	unassigned	none	module	itpr.hmm matched only 102 profile positions (< 200) — a shared module, not a family assignment	229.2	118.6	110.6	0.4825	3.6e-65	4.6e-32	3.6e-65	0.038	0.02	102	99	1.0	101	Itpr1_2	Struthidea cinerea	181839	0	ITPR1 protein (Fragment)
A0A7K8EYU6	unassigned	none	module	itpr.hmm matched only 81 profile positions (< 200) — a shared module, not a family assignment	103.4	0.0	103.4	1.0	3e-27		3e-27	0.03	0.0	81	0	0.964	83	Itpr1_0	Struthidea cinerea	181839	0	ITPR1 protein (Fragment)
A0A7K8FQ77	unassigned	none	module	itpr.hmm matched only 75 profile positions (< 200) — a shared module, not a family assignment	100.6	0.0	100.6	1.0	2.2e-26		2.2e-26	0.028	0.0	75	0	0.938	81	Itpr2_0	Struthidea cinerea	181839	0	ITPR2 protein (Fragment)
A0A7K8FQP8	unassigned	none	module	ryr.hmm matched only 173 profile positions (< 200) — a shared module, not a family assignment	42.5	321.3	278.8	0.8677	7.1e-09	4e-93	4e-93	0.029	0.035	78	173	0.983	175	Ryr3_1	Struthidea cinerea	181839	0	RYR3 protein (Fragment)
A0A7K8FR07	unassigned	none	module	ryr.hmm matched only 108 profile positions (< 200) — a shared module, not a family assignment	133.2	256.2	123.0	0.4801	3.2e-36	1.6e-73	1.6e-73	0.041	0.022	110	108	1.0	108	Ryr3_2	Struthidea cinerea	181839	0	RYR3 protein (Fragment)
A0A7K8FW94	unassigned	none	module	ryr.hmm matched only 173 profile positions (< 200) — a shared module, not a family assignment	34.7	303.7	269.0	0.8857	1.6e-06	7.6e-88	7.6e-88	0.022	0.035	59	173	0.994	173	Ryr1_2	Struthidea cinerea	181839	0	RYR1 protein (Fragment)
A0A7K8FWI8	unassigned	none	module	ryr.hmm matched only 49 profile positions (< 200) — a shared module, not a family assignment	0.0	44.9	44.9	1.0		7.1e-10	7.1e-10	0.0	0.01	0	49	0.904	52	Ryr1_1	Struthidea cinerea	181839	0	RYR1 protein (Fragment)
A0A7K8GBE0	unassigned	none	module	ryr.hmm matched only 108 profile positions (< 200) — a shared module, not a family assignment	133.2	256.2	123.0	0.4801	3.2e-36	1.6e-73	1.6e-73	0.041	0.022	110	108	1.0	108	Ryr3_1	Orthonyx spaldingii	38397	0	RYR3 protein (Fragment)
A0A7K8GL31	unassigned	none	module	ryr.hmm matched only 49 profile positions (< 200) — a shared module, not a family assignment	0.0	45.5	45.5	1.0		4.7e-10	4.7e-10	0.0	0.01	0	49	0.979	48	Ryr1	Orthonyx spaldingii	38397	0	RYR1 protein (Fragment)
A0A7K8H6D7	unassigned	none	module	ryr.hmm matched only 108 profile positions (< 200) — a shared module, not a family assignment	130.3	256.2	125.9	0.4914	2.4e-35	1.6e-73	1.6e-73	0.041	0.022	110	108	1.0	108	Ryr2_1	Aleadryas rufinucha	461220	0	RYR2 protein (Fragment)
A0A7K8H6X4	unassigned	none	module	ryr.hmm matched only 173 profile positions (< 200) — a shared module, not a family assignment	41.2	326.3	285.1	0.8737	1.7e-08	1.2e-94	1.2e-94	0.028	0.035	75	173	0.977	177	Ryr2_0	Aleadryas rufinucha	461220	0	RYR2 protein (Fragment)
A0A7K8H7D0	unassigned	none	module	itpr.hmm matched only 81 profile positions (< 200) — a shared module, not a family assignment	103.4	0.0	103.4	1.0	3e-27		3e-27	0.03	0.0	81	0	0.964	83	Itpr1_0	Aleadryas rufinucha	461220	0	ITPR1 protein (Fragment)
A0A7K8HCW5	unassigned	none	module	ryr.hmm matched only 49 profile positions (< 200) — a shared module, not a family assignment	0.0	45.0	45.0	1.0		6.6e-10	6.6e-10	0.0	0.01	0	49	0.923	52	Ryr1_0	Aleadryas rufinucha	461220	0	RYR1 protein (Fragment)
A0A7K8I5S8	unassigned	none	module	ryr.hmm matched only 49 profile positions (< 200) — a shared module, not a family assignment	0.0	47.2	47.2	1.0		1.5e-10	1.5e-10	0.0	0.01	0	49	0.979	48	Ryr3_0	Aleadryas rufinucha	461220	0	RYR3 protein (Fragment)
A0A7K8I6S9	unassigned	none	module	ryr.hmm matched only 108 profile positions (< 200) — a shared module, not a family assignment	133.2	256.2	123.0	0.4801	3.2e-36	1.6e-73	1.6e-73	0.041	0.022	110	108	1.0	108	Ryr3_2	Aleadryas rufinucha	461220	0	RYR3 protein (Fragment)
A0A7K8I6Y5	unassigned	none	module	itpr.hmm matched only 83 profile positions (< 200) — a shared module, not a family assignment	101.3	0.0	101.3	1.0	1.3e-26		1.3e-26	0.031	0.0	83	0	0.939	82	Itpr2_0	Aleadryas rufinucha	461220	0	ITPR2 protein (Fragment)
A0A7K8I7E2	unassigned	none	module	ryr.hmm matched only 173 profile positions (< 200) — a shared module, not a family assignment	42.5	321.1	278.6	0.8676	7.1e-09	4.4e-93	4.4e-93	0.029	0.035	78	173	0.983	175	Ryr3_1	Aleadryas rufinucha	461220	0	RYR3 protein (Fragment)
A0A7K8I9A0	unassigned	none	module	ryr.hmm matched only 74 profile positions (< 200) — a shared module, not a family assignment	75.1	158.1	83.0	0.525	1.1e-18	5.6e-44	5.6e-44	0.027	0.015	72	74	1.0	72	Ryr1_1	Aleadryas rufinucha	461220	0	RYR1 protein (Fragment)
A0A7K8IF74	unassigned	none	module	ryr.hmm matched only 44 profile positions (< 200) — a shared module, not a family assignment	0.0	46.7	46.7	1.0		2e-10	2e-10	0.0	0.009	0	44	0.979	47	Ryr3_0	Chaetorhynchus papuensis	254446	0	RYR3 protein (Fragment)
A0A7K8IGY2	unassigned	none	module	ryr.hmm matched only 173 profile positions (< 200) — a shared module, not a family assignment	42.4	320.3	277.9	0.8676	7.3e-09	7.8e-93	7.8e-93	0.029	0.035	78	173	0.983	175	Ryr3_1	Chaetorhynchus papuensis	254446	0	RYR3 protein (Fragment)
A0A7K8IKF3	unassigned	none	module	ryr.hmm matched only 108 profile positions (< 200) — a shared module, not a family assignment	133.2	256.2	123.0	0.4801	3.2e-36	1.6e-73	1.6e-73	0.041	0.022	110	108	1.0	108	Ryr3_2	Chaetorhynchus papuensis	254446	0	RYR3 protein (Fragment)
A0A7K8IU12	unassigned	none	module	itpr.hmm matched only 83 profile positions (< 200) — a shared module, not a family assignment	101.3	0.0	101.3	1.0	1.3e-26		1.3e-26	0.031	0.0	83	0	0.939	82	Itpr2_0	Chaetorhynchus papuensis	254446	0	ITPR2 protein (Fragment)
A0A7K8J812	unassigned	none	module	itpr.hmm matched only 81 profile positions (< 200) — a shared module, not a family assignment	103.4	0.0	103.4	1.0	3e-27		3e-27	0.03	0.0	81	0	0.964	83	Itpr1_1	Chaetorhynchus papuensis	254446	0	ITPR1 protein (Fragment)
A0A7K8JEA5	unassigned	none	module	ryr.hmm matched only 108 profile positions (< 200) — a shared module, not a family assignment	132.3	253.4	121.1	0.4779	6.1e-36	1.1e-72	1.1e-72	0.041	0.022	110	108	1.0	108	Ryr1	Chaetorhynchus papuensis	254446	0	RYR1 protein (Fragment)
A0A7K8JQ06	unassigned	none	module	itpr.hmm matched only 83 profile positions (< 200) — a shared module, not a family assignment	101.3	0.0	101.3	1.0	1.3e-26		1.3e-26	0.031	0.0	83	0	0.939	82	Itpr2_0	Lophotis ruficrista	172689	0	ITPR2 protein (Fragment)
A0A7K8K1Y4	unassigned	none	module	ryr.hmm matched only 108 profile positions (< 200) — a shared module, not a family assignment	133.2	256.2	123.0	0.4801	3.2e-36	1.6e-73	1.6e-73	0.041	0.022	110	108	1.0	108	Ryr3_2	Lophotis ruficrista	172689	0	RYR3 protein (Fragment)
A0A7K8K206	unassigned	none	module	ryr.hmm matched only 44 profile positions (< 200) — a shared module, not a family assignment	0.0	46.2	46.2	1.0		3e-10	3e-10	0.0	0.009	0	44	0.979	47	Ryr3_0	Lophotis ruficrista	172689	0	RYR3 protein (Fragment)
A0A7K8K2Y7	unassigned	none	module	ryr.hmm matched only 173 profile positions (< 200) — a shared module, not a family assignment	42.4	321.4	279.0	0.8681	7.6e-09	3.7e-93	3.7e-93	0.029	0.035	78	173	0.989	174	Ryr3_1	Lophotis ruficrista	172689	0	RYR3 protein (Fragment)
A0A7K8KCW4	unassigned	none	module	itpr.hmm matched only 81 profile positions (< 200) — a shared module, not a family assignment	108.9	0.0	108.9	1.0	7e-29		7e-29	0.03	0.0	81	0	0.988	82	Itpr1_1	Lophotis ruficrista	172689	0	ITPR1 protein (Fragment)
A0A7K8KGQ6	unassigned	none	module	ryr.hmm matched only 143 profile positions (< 200) — a shared module, not a family assignment	0.0	191.1	191.1	1.0		6.3e-54	6.3e-54	0.0	0.029	0	143	0.59	239	Ryr3_3	Lophotis ruficrista	172689	0	RYR3 protein (Fragment)
A0A7K8L4W4	unassigned	none	module	itpr.hmm matched only 83 profile positions (< 200) — a shared module, not a family assignment	101.3	0.0	101.3	1.0	1.3e-26		1.3e-26	0.031	0.0	83	0	0.939	82	Itpr2_0	Ardeotis kori	89386	0	ITPR2 protein (Fragment)
A0A7K8LBU4	unassigned	none	module	ryr.hmm matched only 44 profile positions (< 200) — a shared module, not a family assignment	0.0	46.2	46.2	1.0		3e-10	3e-10	0.0	0.009	0	44	0.979	47	Ryr3_0	Ardeotis kori	89386	0	RYR3 protein (Fragment)
A0A7K8LEJ7	unassigned	none	module	ryr.hmm matched only 173 profile positions (< 200) — a shared module, not a family assignment	42.4	321.4	279.0	0.8681	7.6e-09	3.7e-93	3.7e-93	0.029	0.035	78	173	0.989	174	Ryr3_2	Ardeotis kori	89386	0	RYR3 protein (Fragment)
A0A7K8LF08	unassigned	none	module	itpr.hmm matched only 81 profile positions (< 200) — a shared module, not a family assignment	109.0	0.0	109.0	1.0	6.3e-29		6.3e-29	0.03	0.0	81	0	0.988	82	Itpr1_1	Ardeotis kori	89386	0	ITPR1 protein (Fragment)
A0A7K8LFX0	unassigned	none	module	ryr.hmm matched only 108 profile positions (< 200) — a shared module, not a family assignment	133.2	255.1	121.9	0.4779	3.2e-36	3.4e-73	3.4e-73	0.041	0.022	110	108	1.0	108	Ryr3_4	Ardeotis kori	89386	0	RYR3 protein (Fragment)
A0A7K8LGC3	unassigned	none	module	ryr.hmm matched only 138 profile positions (< 200) — a shared module, not a family assignment	0.0	190.4	190.4	1.0		1.1e-53	1.1e-53	0.0	0.028	0	138	0.519	268	Ryr3_1	Ardeotis kori	89386	0	RYR3 protein (Fragment)
A0A7K8LZG8	unassigned	none	module	ryr.hmm matched only 173 profile positions (< 200) — a shared module, not a family assignment	42.4	320.4	278.0	0.8677	7.3e-09	7.5e-93	7.5e-93	0.029	0.035	78	173	0.983	175	Ryr3_1	Ptilorrhoa leucosticta	449384	0	RYR3 protein (Fragment)
A0A7K8LZZ1	unassigned	none	module	ryr.hmm matched only 44 profile positions (< 200) — a shared module, not a family assignment	0.0	46.7	46.7	1.0		2e-10	2e-10	0.0	0.009	0	44	0.979	47	Ryr3_0	Ptilorrhoa leucosticta	449384	0	RYR3 protein (Fragment)
A0A7K8M1X7	unassigned	none	module	ryr.hmm matched only 108 profile positions (< 200) — a shared module, not a family assignment	133.2	256.2	123.0	0.4801	3.2e-36	1.6e-73	1.6e-73	0.041	0.022	110	108	1.0	108	Ryr3_2	Ptilorrhoa leucosticta	449384	0	RYR3 protein (Fragment)
A0A7K8MKM3	unassigned	none	module	itpr.hmm matched only 83 profile positions (< 200) — a shared module, not a family assignment	101.3	0.0	101.3	1.0	1.3e-26		1.3e-26	0.031	0.0	83	0	0.939	82	Itpr2_0	Ptilorrhoa leucosticta	449384	0	ITPR2 protein (Fragment)
A0A7K8MPX6	unassigned	none	module	itpr.hmm matched only 81 profile positions (< 200) — a shared module, not a family assignment	103.4	0.0	103.4	1.0	3e-27		3e-27	0.03	0.0	81	0	0.964	83	Itpr1_1	Ptilorrhoa leucosticta	449384	0	ITPR1 protein (Fragment)
A0A7K8N107	unassigned	none	module	ryr.hmm matched only 108 profile positions (< 200) — a shared module, not a family assignment	133.2	256.2	123.0	0.4801	3.2e-36	1.6e-73	1.6e-73	0.041	0.022	110	108	1.0	108	Ryr3_1	Casuarius casuarius	8787	0	RYR3 protein (Fragment)
A0A7K8N147	unassigned	none	module	ryr.hmm matched only 173 profile positions (< 200) — a shared module, not a family assignment	42.1	321.4	279.3	0.869	9.3e-09	3.6e-93	3.6e-93	0.028	0.035	75	173	0.983	174	Ryr3_0	Casuarius casuarius	8787	0	RYR3 protein (Fragment)
A0A7K8N342	unassigned	none	module	itpr.hmm matched only 83 profile positions (< 200) — a shared module, not a family assignment	101.3	0.0	101.3	1.0	1.3e-26		1.3e-26	0.031	0.0	83	0	0.939	82	Itpr2_0	Casuarius casuarius	8787	0	ITPR2 protein (Fragment)
A0A7K8ND17	unassigned	none	module	itpr.hmm matched only 81 profile positions (< 200) — a shared module, not a family assignment	109.3	0.0	109.3	1.0	5.1e-29		5.1e-29	0.03	0.0	81	0	0.988	82	Itpr1_0	Casuarius casuarius	8787	0	ITPR1 protein (Fragment)
A0A7K8NXI2	unassigned	none	module	ryr.hmm matched only 123 profile positions (< 200) — a shared module, not a family assignment	0.0	120.1	120.1	1.0		1.6e-32	1.6e-32	0.0	0.025	0	123	0.824	159	Ryr1_0	Casuarius casuarius	8787	0	RYR1 protein (Fragment)
A0A7K8P2I2	unassigned	none	module	itpr.hmm matched only 81 profile positions (< 200) — a shared module, not a family assignment	109.3	0.0	109.3	1.0	5.1e-29		5.1e-29	0.03	0.0	81	0	0.988	82	Itpr1_0	Cochlearius cochlearius	110676	0	ITPR1 protein (Fragment)
A0A7K8PED0	unassigned	none	module	ryr.hmm matched only 108 profile positions (< 200) — a shared module, not a family assignment	133.2	256.2	123.0	0.4801	3.2e-36	1.6e-73	1.6e-73	0.041	0.022	110	108	1.0	108	Ryr3_2	Cochlearius cochlearius	110676	0	RYR3 protein (Fragment)
A0A7K8PEE1	unassigned	none	module	ryr.hmm matched only 143 profile positions (< 200) — a shared module, not a family assignment	0.0	192.9	192.9	1.0		1.9e-54	1.9e-54	0.0	0.029	0	143	0.709	199	Ryr3_0	Cochlearius cochlearius	110676	0	RYR3 protein (Fragment)
A0A7K8PEW4	unassigned	none	module	ryr.hmm matched only 173 profile positions (< 200) — a shared module, not a family assignment	42.4	321.4	279.0	0.8681	7.6e-09	3.7e-93	3.7e-93	0.029	0.035	78	173	0.989	174	Ryr3_1	Cochlearius cochlearius	110676	0	RYR3 protein (Fragment)
A0A7K8PFZ2	unassigned	none	module	itpr.hmm matched only 83 profile positions (< 200) — a shared module, not a family assignment	101.3	0.0	101.3	1.0	1.3e-26		1.3e-26	0.031	0.0	83	0	0.939	82	Itpr2_0	Cochlearius cochlearius	110676	0	ITPR2 protein (Fragment)
A0A7K8Q4P2	unassigned	none	module	ryr.hmm matched only 49 profile positions (< 200) — a shared module, not a family assignment	0.0	43.3	43.3	1.0		2.1e-09	2.1e-09	0.0	0.01	0	49	0.889	54	Ryr1	Cochlearius cochlearius	110676	0	RYR1 protein (Fragment)
A0A7K8QG47	unassigned	none	module	ryr.hmm matched only 44 profile positions (< 200) — a shared module, not a family assignment	0.0	46.2	46.2	1.0		3e-10	3e-10	0.0	0.009	0	44	0.979	47	Ryr3_0	Smithornis capensis	363769	0	RYR3 protein (Fragment)
A0A7K8QGJ0	unassigned	none	module	ryr.hmm matched only 108 profile positions (< 200) — a shared module, not a family assignment	133.2	256.2	123.0	0.4801	3.2e-36	1.6e-73	1.6e-73	0.041	0.022	110	108	1.0	108	Ryr3_2	Smithornis capensis	363769	0	RYR3 protein (Fragment)
A0A7K8QI83	unassigned	none	module	ryr.hmm matched only 173 profile positions (< 200) — a shared module, not a family assignment	42.4	320.4	278.0	0.8677	7.3e-09	7.1e-93	7.1e-93	0.029	0.035	78	173	0.989	174	Ryr3_1	Smithornis capensis	363769	0	RYR3 protein (Fragment)
A0A7K8QQ90	unassigned	none	module	itpr.hmm matched only 83 profile positions (< 200) — a shared module, not a family assignment	101.3	0.0	101.3	1.0	1.3e-26		1.3e-26	0.031	0.0	83	0	0.939	82	Itpr2_0	Smithornis capensis	363769	0	ITPR2 protein (Fragment)
A0A7K8R6C3	unassigned	none	module	itpr.hmm matched only 78 profile positions (< 200) — a shared module, not a family assignment	104.1	0.0	104.1	1.0	2e-27		2e-27	0.029	0.0	78	0	0.94	83	Itpr1_2	Smithornis capensis	363769	0	ITPR1 protein (Fragment)
A0A7K8RK85	unassigned	none	module	ryr.hmm matched only 44 profile positions (< 200) — a shared module, not a family assignment	0.0	46.7	46.7	1.0		2e-10	2e-10	0.0	0.009	0	44	0.979	47	Ryr3_0	Rhodinocichla rosea	58203	0	RYR3 protein (Fragment)
A0A7K8RKF9	unassigned	none	module	ryr.hmm matched only 108 profile positions (< 200) — a shared module, not a family assignment	133.2	256.2	123.0	0.4801	3.2e-36	1.6e-73	1.6e-73	0.041	0.022	110	108	1.0	108	Ryr3_3	Rhodinocichla rosea	58203	0	RYR3 protein (Fragment)
A0A7K8RMU4	unassigned	none	module	ryr.hmm matched only 173 profile positions (< 200) — a shared module, not a family assignment	32.7	265.7	233.0	0.8769	6.2e-06	2.2e-76	2.2e-76	0.021	0.035	56	173	0.984	182	Ryr3_2	Rhodinocichla rosea	58203	0	RYR3 protein (Fragment)
A0A7K8RQ01	unassigned	none	module	ryr.hmm matched only 173 profile positions (< 200) — a shared module, not a family assignment	41.2	326.3	285.1	0.8737	1.7e-08	1.2e-94	1.2e-94	0.028	0.035	75	173	0.977	177	Ryr2_0	Rhodinocichla rosea	58203	0	RYR2 protein (Fragment)
A0A7K8RRS8	unassigned	none	module	ryr.hmm matched only 108 profile positions (< 200) — a shared module, not a family assignment	130.3	256.2	125.9	0.4914	2.4e-35	1.6e-73	1.6e-73	0.041	0.022	110	108	1.0	108	Ryr2_1	Rhodinocichla rosea	58203	0	RYR2 protein (Fragment)
A0A7K8S0T7	unassigned	none	module	itpr.hmm matched only 81 profile positions (< 200) — a shared module, not a family assignment	103.4	0.0	103.4	1.0	3e-27		3e-27	0.03	0.0	81	0	0.964	83	Itpr1_0	Rhodinocichla rosea	58203	0	ITPR1 protein (Fragment)
A0A7K8S1Q1	unassigned	none	module	itpr.hmm matched only 83 profile positions (< 200) — a shared module, not a family assignment	101.3	0.0	101.3	1.0	1.3e-26		1.3e-26	0.031	0.0	83	0	0.939	82	Itpr2_0	Rhodinocichla rosea	58203	0	ITPR2 protein (Fragment)
A0A7K8SE13	unassigned	none	module	ryr.hmm matched only 49 profile positions (< 200) — a shared module, not a family assignment	0.0	45.0	45.0	1.0		6.8e-10	6.8e-10	0.0	0.01	0	49	0.906	53	Ryr1	Rhodinocichla rosea	58203	0	RYR1 protein (Fragment)
A0A7K8SLE1	unassigned	none	module	itpr.hmm matched only 83 profile positions (< 200) — a shared module, not a family assignment	101.3	0.0	101.3	1.0	1.3e-26		1.3e-26	0.031	0.0	83	0	0.939	82	Itpr2_0	Nyctibius bracteatus	48426	0	ITPR2 protein (Fragment)
A0A7K8SWN1	unassigned	none	module	ryr.hmm matched only 108 profile positions (< 200) — a shared module, not a family assignment	133.2	256.2	123.0	0.4801	3.2e-36	1.6e-73	1.6e-73	0.041	0.022	110	108	1.0	108	Ryr3_2	Nyctibius bracteatus	48426	0	RYR3 protein (Fragment)
A0A7K8SWP4	unassigned	none	module	ryr.hmm matched only 44 profile positions (< 200) — a shared module, not a family assignment	0.0	45.7	45.7	1.0		4.2e-10	4.2e-10	0.0	0.009	0	44	0.979	47	Ryr3_0	Nyctibius bracteatus	48426	0	RYR3 protein (Fragment)
A0A7K8SYF8	unassigned	none	module	ryr.hmm matched only 173 profile positions (< 200) — a shared module, not a family assignment	42.5	319.6	277.1	0.867	7e-09	1.3e-92	1.3e-92	0.029	0.035	78	173	0.989	174	Ryr3_1	Nyctibius bracteatus	48426	0	RYR3 protein (Fragment)
A0A7K8SYX7	unassigned	none	module	itpr.hmm matched only 81 profile positions (< 200) — a shared module, not a family assignment	107.8	0.0	107.8	1.0	1.5e-28		1.5e-28	0.03	0.0	81	0	0.988	82	Itpr1_0	Nyctibius bracteatus	48426	0	ITPR1 protein (Fragment)
A0A7K8TH41	unassigned	none	module	ryr.hmm matched only 173 profile positions (< 200) — a shared module, not a family assignment	40.8	327.1	286.3	0.8753	2.3e-08	6.7e-95	6.7e-95	0.025	0.035	67	173	0.977	177	Ryr2_1	Nyctibius bracteatus	48426	0	RYR2 protein (Fragment)
A0A7K8TIG4	unassigned	none	module	ryr.hmm matched only 49 profile positions (< 200) — a shared module, not a family assignment	0.0	43.6	43.6	1.0		1.8e-09	1.8e-09	0.0	0.01	0	49	0.676	71	Ryr1	Nyctibius bracteatus	48426	0	RYR1 protein (Fragment)
A0A7K8TS74	unassigned	none	module	itpr.hmm matched only 83 profile positions (< 200) — a shared module, not a family assignment	101.3	0.0	101.3	1.0	1.3e-26		1.3e-26	0.031	0.0	83	0	0.939	82	Itpr2_1	Oceanites oceanicus	79653	0	ITPR2 protein (Fragment)
A0A7K8UD93	unassigned	none	module	ryr.hmm matched only 108 profile positions (< 200) — a shared module, not a family assignment	133.2	256.2	123.0	0.4801	3.2e-36	1.6e-73	1.6e-73	0.041	0.022	110	108	1.0	108	Ryr3_1	Oceanites oceanicus	79653	0	RYR3 protein (Fragment)
A0A7K8UE63	unassigned	none	module	ryr.hmm matched only 173 profile positions (< 200) — a shared module, not a family assignment	0.0	258.1	258.1	1.0		4.1e-74	4.1e-74	0.0	0.035	0	173	0.988	164	Ryr3_0	Oceanites oceanicus	79653	0	RYR3 protein (Fragment)
A0A7K8UFX7	unassigned	none	module	ryr.hmm matched only 143 profile positions (< 200) — a shared module, not a family assignment	0.0	194.3	194.3	1.0		6.9e-55	6.9e-55	0.0	0.029	0	143	0.714	199	Ryr3_2	Oceanites oceanicus	79653	0	RYR3 protein (Fragment)
A0A7K8UJJ6	unassigned	none	module	itpr.hmm matched only 81 profile positions (< 200) — a shared module, not a family assignment	109.3	0.0	109.3	1.0	5.1e-29		5.1e-29	0.03	0.0	81	0	0.988	82	Itpr1_1	Oceanites oceanicus	79653	0	ITPR1 protein (Fragment)
A0A7K8UT09	unassigned	none	module	ryr.hmm matched only 49 profile positions (< 200) — a shared module, not a family assignment	0.0	42.2	42.2	1.0		4.8e-09	4.8e-09	0.0	0.01	0	49	0.734	64	Ryr1	Oceanites oceanicus	79653	0	RYR1 protein (Fragment)
A0A7K8UTS0	unassigned	none	module	itpr.hmm matched only 75 profile positions (< 200) — a shared module, not a family assignment	100.1	0.0	100.1	1.0	3e-26		3e-26	0.028	0.0	75	0	0.938	81	Itpr2_0	Ciccaba nigrolineata	1118524	0	ITPR2 protein (Fragment)
A0A7K8UWN2	unassigned	none	module	ryr.hmm matched only 49 profile positions (< 200) — a shared module, not a family assignment	0.0	46.8	46.8	1.0		1.9e-10	1.9e-10	0.0	0.01	0	49	0.904	52	Ryr1	Ciccaba nigrolineata	1118524	0	RYR1 protein (Fragment)
A0A7K8V979	unassigned	none	module	ryr.hmm matched only 108 profile positions (< 200) — a shared module, not a family assignment	130.3	256.2	125.9	0.4914	2.4e-35	1.6e-73	1.6e-73	0.041	0.022	110	108	1.0	108	Ryr2_1	Ciccaba nigrolineata	1118524	0	RYR2 protein (Fragment)
A0A7K8VFE5	unassigned	none	module	itpr.hmm matched only 81 profile positions (< 200) — a shared module, not a family assignment	109.3	0.0	109.3	1.0	5.1e-29		5.1e-29	0.03	0.0	81	0	0.988	82	Itpr1_0	Ciccaba nigrolineata	1118524	0	ITPR1 protein (Fragment)
A0A7K8VFM6	unassigned	none	module	itpr.hmm matched only 102 profile positions (< 200) — a shared module, not a family assignment	229.2	118.6	110.6	0.4825	3.6e-65	4.6e-32	3.6e-65	0.038	0.02	102	99	1.0	101	Itpr1_2	Ciccaba nigrolineata	1118524	0	ITPR1 protein (Fragment)
A0A7K8VH76	unassigned	none	module	ryr.hmm matched only 173 profile positions (< 200) — a shared module, not a family assignment	41.5	321.6	280.1	0.871	1.4e-08	3.3e-93	3.3e-93	0.028	0.035	75	173	0.994	172	Ryr3_2	Ciccaba nigrolineata	1118524	0	RYR3 protein (Fragment)
A0A7K8VH86	unassigned	none	module	ryr.hmm matched only 108 profile positions (< 200) — a shared module, not a family assignment	133.2	256.2	123.0	0.4801	3.2e-36	1.6e-73	1.6e-73	0.041	0.022	110	108	1.0	108	Ryr3_3	Ciccaba nigrolineata	1118524	0	RYR3 protein (Fragment)
A0A7K8VY37	unassigned	none	module	itpr.hmm matched only 75 profile positions (< 200) — a shared module, not a family assignment	100.6	0.0	100.6	1.0	2.2e-26		2.2e-26	0.028	0.0	75	0	0.938	81	Itpr2_0	Sclerurus mexicanus	265632	0	ITPR2 protein (Fragment)
A0A7K8W2F4	unassigned	none	module	ryr.hmm matched only 108 profile positions (< 200) — a shared module, not a family assignment	133.2	256.2	123.0	0.4801	3.2e-36	1.6e-73	1.6e-73	0.041	0.022	110	108	1.0	108	Ryr3_1	Sclerurus mexicanus	265632	0	RYR3 protein (Fragment)
A0A7K8W2M1	unassigned	none	module	ryr.hmm matched only 173 profile positions (< 200) — a shared module, not a family assignment	43.2	321.0	277.8	0.8654	4.4e-09	4.9e-93	4.9e-93	0.03	0.035	81	173	1.0	174	Ryr3_0	Sclerurus mexicanus	265632	0	RYR3 protein (Fragment)
A0A7K8WZ52	unassigned	none	module	itpr.hmm matched only 102 profile positions (< 200) — a shared module, not a family assignment	229.2	118.6	110.6	0.4825	3.6e-65	4.6e-32	3.6e-65	0.038	0.02	102	99	1.0	101	Itpr1_2	Sclerurus mexicanus	265632	0	ITPR1 protein (Fragment)
A0A7K8WZE5	unassigned	none	module	itpr.hmm matched only 78 profile positions (< 200) — a shared module, not a family assignment	104.1	0.0	104.1	1.0	2e-27		2e-27	0.029	0.0	78	0	0.94	83	Itpr1_0	Sclerurus mexicanus	265632	0	ITPR1 protein (Fragment)
A0A7K8XPI1	unassigned	none	module	ryr.hmm matched only 138 profile positions (< 200) — a shared module, not a family assignment	0.0	190.2	190.2	1.0		1.2e-53	1.2e-53	0.0	0.028	0	138	0.541	255	Ryr3_1	Eubucco bourcierii	91767	0	RYR3 protein (Fragment)
A0A7K8XQ52	unassigned	none	module	ryr.hmm matched only 44 profile positions (< 200) — a shared module, not a family assignment	0.0	46.2	46.2	1.0		3e-10	3e-10	0.0	0.009	0	44	0.979	47	Ryr3_0	Eubucco bourcierii	91767	0	RYR3 protein (Fragment)
A0A7K8XQ95	unassigned	none	module	ryr.hmm matched only 108 profile positions (< 200) — a shared module, not a family assignment	133.2	256.2	123.0	0.4801	3.2e-36	1.6e-73	1.6e-73	0.041	0.022	110	108	1.0	108	Ryr3_3	Eubucco bourcierii	91767	0	RYR3 protein (Fragment)
A0A7K8XQW5	unassigned	none	module	ryr.hmm matched only 173 profile positions (< 200) — a shared module, not a family assignment	41.9	321.1	279.2	0.8695	1.1e-08	4.5e-93	4.5e-93	0.029	0.035	78	173	0.983	175	Ryr3_2	Eubucco bourcierii	91767	0	RYR3 protein (Fragment)
A0A7K8XT97	unassigned	none	module	ryr.hmm matched only 173 profile positions (< 200) — a shared module, not a family assignment	40.6	327.1	286.5	0.8759	2.6e-08	7.1e-95	7.1e-95	0.025	0.035	67	173	0.989	175	Ryr2_2	Eubucco bourcierii	91767	0	RYR2 protein (Fragment)
A0A7K8XUU3	unassigned	none	module	ryr.hmm matched only 108 profile positions (< 200) — a shared module, not a family assignment	130.3	256.2	125.9	0.4914	2.4e-35	1.6e-73	1.6e-73	0.041	0.022	110	108	1.0	108	Ryr2_3	Eubucco bourcierii	91767	0	RYR2 protein (Fragment)
A0A7K8XVC7	unassigned	none	module	itpr.hmm matched only 70 profile positions (< 200) — a shared module, not a family assignment	96.1	0.0	96.1	1.0	4.8e-25		4.8e-25	0.026	0.0	70	0	1.0	69	Itpr2	Eubucco bourcierii	91767	0	ITPR2 protein (Fragment)
A0A7K8Y6B9	unassigned	none	module	ryr.hmm matched only 108 profile positions (< 200) — a shared module, not a family assignment	133.2	256.2	123.0	0.4801	3.2e-36	1.6e-73	1.6e-73	0.041	0.022	110	108	1.0	108	Ryr3_1	Sakesphorus luctuosus	419690	0	RYR3 protein (Fragment)
A0A7K8Y6Y3	unassigned	none	module	ryr.hmm matched only 173 profile positions (< 200) — a shared module, not a family assignment	42.5	321.3	278.8	0.8677	7.2e-09	3.8e-93	3.8e-93	0.029	0.035	78	173	0.983	175	Ryr3_0	Sakesphorus luctuosus	419690	0	RYR3 protein (Fragment)
A0A7K8YKD6	unassigned	none	module	itpr.hmm matched only 75 profile positions (< 200) — a shared module, not a family assignment	100.6	0.0	100.6	1.0	2.2e-26		2.2e-26	0.028	0.0	75	0	0.938	81	Itpr2_0	Sakesphorus luctuosus	419690	0	ITPR2 protein (Fragment)
A0A7K8YSR4	unassigned	none	module	itpr.hmm matched only 78 profile positions (< 200) — a shared module, not a family assignment	102.5	0.0	102.5	1.0	5.8e-27		5.8e-27	0.029	0.0	78	0	0.951	81	Itpr1_0	Sakesphorus luctuosus	419690	0	ITPR1 protein (Fragment)
A0A7K8YSS4	unassigned	none	module	itpr.hmm matched only 102 profile positions (< 200) — a shared module, not a family assignment	229.2	118.6	110.6	0.4825	3.6e-65	4.6e-32	3.6e-65	0.038	0.02	102	99	1.0	101	Itpr1_2	Sakesphorus luctuosus	419690	0	ITPR1 protein (Fragment)
A0A7K8Z8P1	unassigned	none	module	ryr.hmm matched only 108 profile positions (< 200) — a shared module, not a family assignment	130.3	256.2	125.9	0.4914	2.4e-35	1.6e-73	1.6e-73	0.041	0.022	110	108	1.0	108	Ryr2_2	Sakesphorus luctuosus	419690	0	RYR2 protein (Fragment)
A0A7K8ZAX9	unassigned	none	module	ryr.hmm matched only 173 profile positions (< 200) — a shared module, not a family assignment	40.9	326.1	285.2	0.8746	2.1e-08	1.4e-94	1.4e-94	0.027	0.035	72	173	0.989	175	Ryr2_1	Sakesphorus luctuosus	419690	0	RYR2 protein (Fragment)
A0A7K8ZCI5	unassigned	none	module	ryr.hmm matched only 108 profile positions (< 200) — a shared module, not a family assignment	133.2	256.2	123.0	0.4801	3.2e-36	1.6e-73	1.6e-73	0.041	0.022	110	108	1.0	108	Ryr3_1	Grallaria varia	117165	0	RYR3 protein (Fragment)
A0A7K8ZE06	unassigned	none	module	ryr.hmm matched only 173 profile positions (< 200) — a shared module, not a family assignment	42.5	320.7	278.2	0.8675	6.8e-09	6e-93	6e-93	0.029	0.035	78	173	1.0	174	Ryr3_0	Grallaria varia	117165	0	RYR3 protein (Fragment)
A0A7K8ZPH7	unassigned	none	module	ryr.hmm matched only 108 profile positions (< 200) — a shared module, not a family assignment	130.3	256.2	125.9	0.4914	2.4e-35	1.6e-73	1.6e-73	0.041	0.022	110	108	1.0	108	Ryr2_1	Grallaria varia	117165	0	RYR2 protein (Fragment)
A0A7K8ZQM8	unassigned	none	module	ryr.hmm matched only 173 profile positions (< 200) — a shared module, not a family assignment	40.9	326.1	285.2	0.8746	2.1e-08	1.4e-94	1.4e-94	0.027	0.035	72	173	0.989	175	Ryr2_0	Grallaria varia	117165	0	RYR2 protein (Fragment)
A0A7K9A192	unassigned	none	module	itpr.hmm matched only 75 profile positions (< 200) — a shared module, not a family assignment	100.6	0.0	100.6	1.0	2.2e-26		2.2e-26	0.028	0.0	75	0	0.938	81	Itpr2_0	Grallaria varia	117165	0	ITPR2 protein (Fragment)
A0A7K9A851	unassigned	none	module	ryr.hmm matched only 138 profile positions (< 200) — a shared module, not a family assignment	0.0	194.1	194.1	1.0		8.1e-55	8.1e-55	0.0	0.028	0	138	0.636	220	Ryr3_2	Grallaria varia	117165	0	RYR3 protein (Fragment)
A0A7K9ABP7	unassigned	none	module	itpr.hmm matched only 78 profile positions (< 200) — a shared module, not a family assignment	102.5	0.0	102.5	1.0	5.8e-27		5.8e-27	0.029	0.0	78	0	0.951	81	Itpr1_0	Grallaria varia	117165	0	ITPR1 protein (Fragment)
A0A7K9ACM0	unassigned	none	module	itpr.hmm matched only 102 profile positions (< 200) — a shared module, not a family assignment	229.2	118.6	110.6	0.4825	3.6e-65	4.6e-32	3.6e-65	0.038	0.02	102	99	1.0	101	Itpr1_2	Grallaria varia	117165	0	ITPR1 protein (Fragment)
A0A7K9BZW7	unassigned	none	module	ryr.hmm matched only 173 profile positions (< 200) — a shared module, not a family assignment	42.5	322.2	279.7	0.8681	7.2e-09	2.1e-93	2.1e-93	0.029	0.035	78	173	0.983	175	Ryr3_1	Psilopogon haemacephalus	2585815	0	RYR3 protein (Fragment)
A0A7K9C182	unassigned	none	module	itpr.hmm matched only 81 profile positions (< 200) — a shared module, not a family assignment	107.9	0.0	107.9	1.0	1.4e-28		1.4e-28	0.03	0.0	81	0	0.988	82	Itpr1	Psilopogon haemacephalus	2585815	0	ITPR1 protein (Fragment)
A0A7K9C1R6	unassigned	none	module	ryr.hmm matched only 44 profile positions (< 200) — a shared module, not a family assignment	0.0	46.2	46.2	1.0		3e-10	3e-10	0.0	0.009	0	44	0.979	47	Ryr3_0	Psilopogon haemacephalus	2585815	0	RYR3 protein (Fragment)
A0A7K9C2I2	unassigned	none	module	ryr.hmm matched only 108 profile positions (< 200) — a shared module, not a family assignment	133.2	256.2	123.0	0.4801	3.2e-36	1.6e-73	1.6e-73	0.041	0.022	110	108	1.0	108	Ryr3_2	Psilopogon haemacephalus	2585815	0	RYR3 protein (Fragment)
A0A7K9CGD5	unassigned	none	module	ryr.hmm matched only 108 profile positions (< 200) — a shared module, not a family assignment	130.3	256.2	125.9	0.4914	2.4e-35	1.6e-73	1.6e-73	0.041	0.022	110	108	1.0	108	Ryr2_2	Psilopogon haemacephalus	2585815	0	RYR2 protein (Fragment)
A0A7K9CGL9	unassigned	none	module	ryr.hmm matched only 173 profile positions (< 200) — a shared module, not a family assignment	41.0	327.5	286.5	0.8748	1.9e-08	5.5e-95	5.5e-95	0.025	0.035	67	173	0.977	177	Ryr2_1	Psilopogon haemacephalus	2585815	0	RYR2 protein (Fragment)
A0A7K9CN87	unassigned	none	module	ryr.hmm matched only 44 profile positions (< 200) — a shared module, not a family assignment	0.0	44.2	44.2	1.0		1.2e-09	1.2e-09	0.0	0.009	0	44	0.979	47	Ryr1_1	Psilopogon haemacephalus	2585815	0	RYR1 protein (Fragment)
A0A7K9CVH0	unassigned	none	module	ryr.hmm matched only 143 profile positions (< 200) — a shared module, not a family assignment	0.0	192.7	192.7	1.0		2.1e-54	2.1e-54	0.0	0.029	0	143	0.569	248	Ryr3_0	Hemiprocne comata	243314	0	RYR3 protein (Fragment)
A0A7K9CW67	unassigned	none	module	ryr.hmm matched only 108 profile positions (< 200) — a shared module, not a family assignment	133.2	256.2	123.0	0.4801	3.2e-36	1.6e-73	1.6e-73	0.041	0.022	110	108	1.0	108	Ryr3_3	Hemiprocne comata	243314	0	RYR3 protein (Fragment)
A0A7K9CXI3	unassigned	none	module	ryr.hmm matched only 173 profile positions (< 200) — a shared module, not a family assignment	42.5	321.5	279.0	0.8678	6.9e-09	3.4e-93	3.4e-93	0.029	0.035	78	173	0.989	174	Ryr3_2	Hemiprocne comata	243314	0	RYR3 protein (Fragment)
A0A7K9D166	unassigned	none	module	itpr.hmm matched only 83 profile positions (< 200) — a shared module, not a family assignment	101.3	0.0	101.3	1.0	1.3e-26		1.3e-26	0.031	0.0	83	0	0.939	82	Itpr2_0	Hemiprocne comata	243314	0	ITPR2 protein (Fragment)
A0A7K9DFS8	unassigned	none	module	itpr.hmm matched only 81 profile positions (< 200) — a shared module, not a family assignment	108.4	0.0	108.4	1.0	9.5e-29		9.5e-29	0.03	0.0	81	0	0.988	82	Itpr1	Hemiprocne comata	243314	0	ITPR1 protein (Fragment)
A0A7K9DKL8	unassigned	none	module	ryr.hmm matched only 49 profile positions (< 200) — a shared module, not a family assignment	0.0	45.4	45.4	1.0		4.9e-10	4.9e-10	0.0	0.01	0	49	0.716	67	Ryr1	Hemiprocne comata	243314	0	RYR1 protein (Fragment)
A0A7K9DTX1	unassigned	none	module	itpr.hmm matched only 81 profile positions (< 200) — a shared module, not a family assignment	108.2	0.0	108.2	1.0	1.1e-28		1.1e-28	0.03	0.0	81	0	0.976	83	Itpr1_0	Baryphthengus martii	176943	0	ITPR1 protein (Fragment)
A0A7K9DWI4	unassigned	none	module	ryr.hmm matched only 49 profile positions (< 200) — a shared module, not a family assignment	0.0	44.1	44.1	1.0		1.3e-09	1.3e-09	0.0	0.01	0	49	0.696	69	Ryr1	Baryphthengus martii	176943	0	RYR1 protein (Fragment)
A0A7K9E6Z8	unassigned	none	module	ryr.hmm matched only 108 profile positions (< 200) — a shared module, not a family assignment	130.3	256.2	125.9	0.4914	2.4e-35	1.6e-73	1.6e-73	0.041	0.022	110	108	1.0	108	Ryr2_2	Baryphthengus martii	176943	0	RYR2 protein (Fragment)
A0A7K9E732	unassigned	none	module	ryr.hmm matched only 173 profile positions (< 200) — a shared module, not a family assignment	41.0	307.4	266.4	0.8666	2e-08	6.2e-89	6.2e-89	0.025	0.035	67	173	0.977	173	Ryr2_1	Baryphthengus martii	176943	0	RYR2 protein (Fragment)
A0A7K9EBL8	unassigned	none	module	ryr.hmm matched only 108 profile positions (< 200) — a shared module, not a family assignment	133.2	256.2	123.0	0.4801	3.2e-36	1.6e-73	1.6e-73	0.041	0.022	110	108	1.0	108	Ryr3_3	Baryphthengus martii	176943	0	RYR3 protein (Fragment)
A0A7K9EBP3	unassigned	none	module	ryr.hmm matched only 44 profile positions (< 200) — a shared module, not a family assignment	0.0	46.2	46.2	1.0		3e-10	3e-10	0.0	0.009	0	44	0.979	47	Ryr3_1	Baryphthengus martii	176943	0	RYR3 protein (Fragment)
A0A7K9EBR8	unassigned	none	module	ryr.hmm matched only 173 profile positions (< 200) — a shared module, not a family assignment	42.4	318.8	276.4	0.867	7.6e-09	2.3e-92	2.3e-92	0.029	0.035	78	173	0.988	173	Ryr3_2	Baryphthengus martii	176943	0	RYR3 protein (Fragment)
A0A7K9EDN5	unassigned	none	module	itpr.hmm matched only 83 profile positions (< 200) — a shared module, not a family assignment	99.2	0.0	99.2	1.0	5.5e-26		5.5e-26	0.031	0.0	83	0	0.939	82	Itpr2_0	Baryphthengus martii	176943	0	ITPR2 protein (Fragment)
A0A7K9FFX6	unassigned	none	module	ryr.hmm matched only 138 profile positions (< 200) — a shared module, not a family assignment	0.0	190.6	190.6	1.0		8.9e-54	8.9e-54	0.0	0.028	0	138	0.567	245	Ryr3_0	Stercorarius parasiticus	54059	0	RYR3 protein (Fragment)
A0A7K9FRK5	unassigned	none	module	ryr.hmm matched only 49 profile positions (< 200) — a shared module, not a family assignment	0.0	44.8	44.8	1.0		7.7e-10	7.7e-10	0.0	0.01	0	49	0.904	52	Ryr1	Stercorarius parasiticus	54059	0	RYR1 protein (Fragment)
A0A7K9FUA3	unassigned	none	module	itpr.hmm matched only 81 profile positions (< 200) — a shared module, not a family assignment	109.1	0.0	109.1	1.0	5.9e-29		5.9e-29	0.03	0.0	81	0	0.988	82	Itpr1_0	Stercorarius parasiticus	54059	0	ITPR1 protein (Fragment)
A0A7K9FW11	unassigned	none	module	ryr.hmm matched only 173 profile positions (< 200) — a shared module, not a family assignment	42.4	318.0	275.6	0.8667	7.5e-09	4e-92	4e-92	0.029	0.035	78	173	0.988	173	Ryr3_2	Stercorarius parasiticus	54059	0	RYR3 protein (Fragment)
A0A7K9FXT8	unassigned	none	module	ryr.hmm matched only 108 profile positions (< 200) — a shared module, not a family assignment	133.2	256.2	123.0	0.4801	3.2e-36	1.6e-73	1.6e-73	0.041	0.022	110	108	1.0	108	Ryr3_3	Stercorarius parasiticus	54059	0	RYR3 protein (Fragment)
A0A7K9FZR4	unassigned	none	module	itpr.hmm matched only 83 profile positions (< 200) — a shared module, not a family assignment	101.3	0.0	101.3	1.0	1.3e-26		1.3e-26	0.031	0.0	83	0	0.939	82	Itpr2_1	Stercorarius parasiticus	54059	0	ITPR2 protein (Fragment)
A0A7K9G407	unassigned	none	module	ryr.hmm matched only 108 profile positions (< 200) — a shared module, not a family assignment	133.2	256.2	123.0	0.4801	3.2e-36	1.6e-73	1.6e-73	0.041	0.022	110	108	1.0	108	Ryr3_2	Loxia leucoptera	96539	0	RYR3 protein (Fragment)
A0A7K9G4D1	unassigned	none	module	ryr.hmm matched only 173 profile positions (< 200) — a shared module, not a family assignment	42.5	321.3	278.8	0.8677	7.1e-09	4e-93	4e-93	0.029	0.035	78	173	0.983	175	Ryr3_1	Loxia leucoptera	96539	0	RYR3 protein (Fragment)
A0A7K9GCV2	unassigned	none	module	itpr.hmm matched only 81 profile positions (< 200) — a shared module, not a family assignment	103.4	0.0	103.4	1.0	3e-27		3e-27	0.03	0.0	81	0	0.964	83	Itpr1_0	Loxia leucoptera	96539	0	ITPR1 protein (Fragment)
A0A7K9GDN6	unassigned	none	module	itpr.hmm matched only 102 profile positions (< 200) — a shared module, not a family assignment	229.2	118.6	110.6	0.4825	3.6e-65	4.6e-32	3.6e-65	0.038	0.02	102	99	1.0	101	Itpr1_2	Loxia leucoptera	96539	0	ITPR1 protein (Fragment)
A0A7K9GGX3	unassigned	none	module	itpr.hmm matched only 75 profile positions (< 200) — a shared module, not a family assignment	100.6	0.0	100.6	1.0	2.2e-26		2.2e-26	0.028	0.0	75	0	0.938	81	Itpr2_0	Loxia leucoptera	96539	0	ITPR2 protein (Fragment)
A0A7K9GJ75	unassigned	none	module	ryr.hmm matched only 133 profile positions (< 200) — a shared module, not a family assignment	0.0	175.6	175.6	1.0		3e-49	3e-49	0.0	0.027	0	133	0.504	268	Ryr1_0	Loxia leucoptera	96539	0	RYR1 protein (Fragment)
A0A7K9GTA6	unassigned	none	module	ryr.hmm matched only 49 profile positions (< 200) — a shared module, not a family assignment	0.0	45.0	45.0	1.0		6.8e-10	6.8e-10	0.0	0.01	0	49	0.906	53	Ryr1_1	Loxia leucoptera	96539	0	RYR1 protein (Fragment)
A0A7K9HEF9	unassigned	none	module	ryr.hmm matched only 173 profile positions (< 200) — a shared module, not a family assignment	42.5	322.2	279.7	0.8681	7.2e-09	2.1e-93	2.1e-93	0.029	0.035	78	173	0.983	175	Ryr3_1	Bucco capensis	135168	0	RYR3 protein (Fragment)
A0A7K9HGY8	unassigned	none	module	ryr.hmm matched only 108 profile positions (< 200) — a shared module, not a family assignment	133.2	256.2	123.0	0.4801	3.2e-36	1.6e-73	1.6e-73	0.041	0.022	110	108	1.0	108	Ryr3_2	Bucco capensis	135168	0	RYR3 protein (Fragment)
A0A7K9HMQ0	unassigned	none	module	ryr.hmm matched only 49 profile positions (< 200) — a shared module, not a family assignment	0.0	45.1	45.1	1.0		6.4e-10	6.4e-10	0.0	0.01	0	49	0.845	58	Ryr1_0	Bucco capensis	135168	0	RYR1 protein (Fragment)
A0A7K9HTW1	unassigned	none	module	itpr.hmm matched only 67 profile positions (< 200) — a shared module, not a family assignment	92.5	0.0	92.5	1.0	5.8e-24		5.8e-24	0.025	0.0	67	0	0.985	67	Itpr3_1	Bucco capensis	135168	0	ITPR3 protein (Fragment)
A0A7K9HYC0	unassigned	none	module	itpr.hmm matched only 75 profile positions (< 200) — a shared module, not a family assignment	100.6	0.0	100.6	1.0	2.2e-26		2.2e-26	0.028	0.0	75	0	0.938	81	Itpr2_1	Bucco capensis	135168	0	ITPR2 protein (Fragment)
A0A7K9I017	unassigned	none	module	ryr.hmm matched only 108 profile positions (< 200) — a shared module, not a family assignment	132.3	253.4	121.1	0.4779	6.1e-36	1.1e-72	1.1e-72	0.041	0.022	110	108	1.0	108	Ryr1_2	Bucco capensis	135168	0	RYR1 protein (Fragment)
A0A7K9I6P5	unassigned	none	module	itpr.hmm matched only 81 profile positions (< 200) — a shared module, not a family assignment	107.4	0.0	107.4	1.0	1.9e-28		1.9e-28	0.03	0.0	81	0	0.988	82	Itpr1_0	Bucco capensis	135168	0	ITPR1 protein (Fragment)
A0A7K9I8B2	unassigned	none	module	itpr.hmm matched only 102 profile positions (< 200) — a shared module, not a family assignment	229.2	118.6	110.6	0.4825	3.6e-65	4.6e-32	3.6e-65	0.038	0.02	102	99	1.0	101	Itpr1_2	Bucco capensis	135168	0	ITPR1 protein (Fragment)
A0A7K9IAG9	unassigned	none	module	ryr.hmm matched only 173 profile positions (< 200) — a shared module, not a family assignment	40.6	327.1	286.5	0.8759	2.6e-08	7.1e-95	7.1e-95	0.025	0.035	67	173	0.989	175	Ryr2_2	Bucco capensis	135168	0	RYR2 protein (Fragment)
A0A7K9IC14	unassigned	none	module	ryr.hmm matched only 108 profile positions (< 200) — a shared module, not a family assignment	130.3	256.2	125.9	0.4914	2.4e-35	1.6e-73	1.6e-73	0.041	0.022	110	108	1.0	108	Ryr2_3	Bucco capensis	135168	0	RYR2 protein (Fragment)
A0A7K9IQE7	unassigned	none	module	ryr.hmm matched only 54 profile positions (< 200) — a shared module, not a family assignment	68.3	123.3	55.0	0.4461	1.2e-16	1.7e-33	1.7e-33	0.021	0.011	56	54	1.0	56	Ryr1	Myiagra hebetior	381031	0	RYR1 protein (Fragment)
A0A7K9IVC3	unassigned	none	module	itpr.hmm matched only 75 profile positions (< 200) — a shared module, not a family assignment	100.6	0.0	100.6	1.0	2.2e-26		2.2e-26	0.028	0.0	75	0	0.938	81	Itpr2_0	Myiagra hebetior	381031	0	ITPR2 protein (Fragment)
A0A7K9J3N4	unassigned	none	module	ryr.hmm matched only 173 profile positions (< 200) — a shared module, not a family assignment	42.5	321.3	278.8	0.8677	7.1e-09	4e-93	4e-93	0.029	0.035	78	173	0.983	175	Ryr3_0	Myiagra hebetior	381031	0	RYR3 protein (Fragment)
A0A7K9J4B0	unassigned	none	module	ryr.hmm matched only 108 profile positions (< 200) — a shared module, not a family assignment	133.2	256.2	123.0	0.4801	3.2e-36	1.6e-73	1.6e-73	0.041	0.022	110	108	1.0	108	Ryr3_1	Myiagra hebetior	381031	0	RYR3 protein (Fragment)
A0A7K9JIM1	unassigned	none	module	ryr.hmm matched only 173 profile positions (< 200) — a shared module, not a family assignment	42.5	321.3	278.8	0.8677	7.1e-09	4e-93	4e-93	0.029	0.035	78	173	0.983	175	Ryr3_1	Dicaeum eximium	667154	0	RYR3 protein (Fragment)
A0A7K9JK12	unassigned	none	module	ryr.hmm matched only 108 profile positions (< 200) — a shared module, not a family assignment	133.2	256.2	123.0	0.4801	3.2e-36	1.6e-73	1.6e-73	0.041	0.022	110	108	1.0	108	Ryr3_2	Dicaeum eximium	667154	0	RYR3 protein (Fragment)
A0A7K9JKF5	unassigned	none	module	ryr.hmm matched only 44 profile positions (< 200) — a shared module, not a family assignment	0.0	46.7	46.7	1.0		2e-10	2e-10	0.0	0.009	0	44	0.979	47	Ryr3_0	Dicaeum eximium	667154	0	RYR3 protein (Fragment)
A0A7K9JXJ0	unassigned	none	module	itpr.hmm matched only 78 profile positions (< 200) — a shared module, not a family assignment	103.2	0.0	103.2	1.0	3.4e-27		3.4e-27	0.029	0.0	78	0	0.952	83	Itpr1_0	Dicaeum eximium	667154	0	ITPR1 protein (Fragment)
A0A7K9KFD4	unassigned	none	module	itpr.hmm matched only 83 profile positions (< 200) — a shared module, not a family assignment	101.3	0.0	101.3	1.0	1.3e-26		1.3e-26	0.031	0.0	83	0	0.939	82	Itpr2_0	Dicaeum eximium	667154	0	ITPR2 protein (Fragment)
A0A7K9KP96	unassigned	none	module	itpr.hmm matched only 75 profile positions (< 200) — a shared module, not a family assignment	100.6	0.0	100.6	1.0	2.2e-26		2.2e-26	0.028	0.0	75	0	0.938	81	Itpr2_0	Rhabdornis inornatus	237438	0	ITPR2 protein (Fragment)
A0A7K9KXR4	unassigned	none	module	ryr.hmm matched only 49 profile positions (< 200) — a shared module, not a family assignment	0.0	44.8	44.8	1.0		7.5e-10	7.5e-10	0.0	0.01	0	49	0.979	48	Ryr1_0	Rhabdornis inornatus	237438	0	RYR1 protein (Fragment)
A0A7K9L6A2	unassigned	none	module	ryr.hmm matched only 108 profile positions (< 200) — a shared module, not a family assignment	133.2	256.2	123.0	0.4801	3.2e-36	1.6e-73	1.6e-73	0.041	0.022	110	108	1.0	108	Ryr3_1	Rhabdornis inornatus	237438	0	RYR3 protein (Fragment)
A0A7K9L6A4	unassigned	none	module	ryr.hmm matched only 173 profile positions (< 200) — a shared module, not a family assignment	42.5	321.3	278.8	0.8677	7.1e-09	4e-93	4e-93	0.029	0.035	78	173	0.983	175	Ryr3_0	Rhabdornis inornatus	237438	0	RYR3 protein (Fragment)
A0A7K9LFV1	unassigned	none	module	ryr.hmm matched only 69 profile positions (< 200) — a shared module, not a family assignment	83.4	147.5	64.1	0.4346	3.4e-21	8.9e-41	8.9e-41	0.025	0.014	67	69	1.0	69	Ryr1_1	Rhabdornis inornatus	237438	0	RYR1 protein (Fragment)
A0A7K9LQV7	unassigned	none	module	itpr.hmm matched only 102 profile positions (< 200) — a shared module, not a family assignment	229.2	118.6	110.6	0.4825	3.6e-65	4.6e-32	3.6e-65	0.038	0.02	102	99	1.0	101	Itpr1_2	Rhabdornis inornatus	237438	0	ITPR1 protein (Fragment)
A0A7K9LR56	unassigned	none	module	itpr.hmm matched only 81 profile positions (< 200) — a shared module, not a family assignment	103.4	0.0	103.4	1.0	3e-27		3e-27	0.03	0.0	81	0	0.964	83	Itpr1_0	Rhabdornis inornatus	237438	0	ITPR1 protein (Fragment)
A0A7K9M077	unassigned	none	module	ryr.hmm matched only 49 profile positions (< 200) — a shared module, not a family assignment	0.0	43.6	43.6	1.0		1.8e-09	1.8e-09	0.0	0.01	0	49	0.904	52	Ryr1	Oceanodroma tethys	79633	0	RYR1 protein (Fragment)
A0A7K9M622	unassigned	none	module	ryr.hmm matched only 108 profile positions (< 200) — a shared module, not a family assignment	133.2	256.2	123.0	0.4801	3.2e-36	1.6e-73	1.6e-73	0.041	0.022	110	108	1.0	108	Ryr3_1	Oceanodroma tethys	79633	0	RYR3 protein (Fragment)
A0A7K9M635	unassigned	none	module	ryr.hmm matched only 173 profile positions (< 200) — a shared module, not a family assignment	44.5	321.6	277.1	0.8616	1.8e-09	3.1e-93	3.1e-93	0.029	0.035	78	173	0.989	174	Ryr3_0	Oceanodroma tethys	79633	0	RYR3 protein (Fragment)
A0A7K9MHJ3	unassigned	none	module	ryr.hmm matched only 173 profile positions (< 200) — a shared module, not a family assignment	40.6	326.5	285.9	0.8757	2.6e-08	1.1e-94	1.1e-94	0.025	0.035	67	173	0.989	175	Ryr2_1	Oceanodroma tethys	79633	0	RYR2 protein (Fragment)
A0A7K9MHM7	unassigned	none	module	ryr.hmm matched only 108 profile positions (< 200) — a shared module, not a family assignment	130.3	256.2	125.9	0.4914	2.4e-35	1.6e-73	1.6e-73	0.041	0.022	110	108	1.0	108	Ryr2_2	Oceanodroma tethys	79633	0	RYR2 protein (Fragment)
A0A7K9MLS8	unassigned	none	module	itpr.hmm matched only 75 profile positions (< 200) — a shared module, not a family assignment	99.0	0.0	99.0	1.0	6.4e-26		6.4e-26	0.028	0.0	75	0	0.938	81	Itpr2_0	Oceanodroma tethys	79633	0	ITPR2 protein (Fragment)
A0A7K9MVI8	unassigned	none	module	itpr.hmm matched only 81 profile positions (< 200) — a shared module, not a family assignment	109.3	0.0	109.3	1.0	5.1e-29		5.1e-29	0.03	0.0	81	0	0.988	82	Itpr1_0	Oceanodroma tethys	79633	0	ITPR1 protein (Fragment)
A0A7K9MW67	unassigned	none	module	itpr.hmm matched only 102 profile positions (< 200) — a shared module, not a family assignment	229.2	118.6	110.6	0.4825	3.6e-65	4.6e-32	3.6e-65	0.038	0.02	102	99	1.0	101	Itpr1_2	Oceanodroma tethys	79633	0	ITPR1 protein (Fragment)
A0A7K9MZY3	unassigned	none	module	ryr.hmm matched only 44 profile positions (< 200) — a shared module, not a family assignment	0.0	46.7	46.7	1.0		2e-10	2e-10	0.0	0.009	0	44	0.979	47	Ryr3_0	Edolisoma coerulescens	2585810	0	RYR3 protein (Fragment)
A0A7K9MZZ6	unassigned	none	module	ryr.hmm matched only 108 profile positions (< 200) — a shared module, not a family assignment	133.2	256.2	123.0	0.4801	3.2e-36	1.6e-73	1.6e-73	0.041	0.022	110	108	1.0	108	Ryr3_2	Edolisoma coerulescens	2585810	0	RYR3 protein (Fragment)
A0A7K9N0X8	unassigned	none	module	ryr.hmm matched only 173 profile positions (< 200) — a shared module, not a family assignment	42.5	321.3	278.8	0.8677	7.1e-09	4e-93	4e-93	0.029	0.035	78	173	0.983	175	Ryr3_1	Edolisoma coerulescens	2585810	0	RYR3 protein (Fragment)
A0A7K9N5H8	unassigned	none	module	ryr.hmm matched only 49 profile positions (< 200) — a shared module, not a family assignment	0.0	44.8	44.8	1.0		7.5e-10	7.5e-10	0.0	0.01	0	49	0.979	48	Ryr1_0	Edolisoma coerulescens	2585810	0	RYR1 protein (Fragment)
A0A7K9NG28	unassigned	none	module	itpr.hmm matched only 83 profile positions (< 200) — a shared module, not a family assignment	101.3	0.0	101.3	1.0	1.3e-26		1.3e-26	0.031	0.0	83	0	0.939	82	Itpr2_0	Edolisoma coerulescens	2585810	0	ITPR2 protein (Fragment)
A0A7K9NZQ8	unassigned	none	module	itpr.hmm matched only 81 profile positions (< 200) — a shared module, not a family assignment	103.4	0.0	103.4	1.0	3e-27		3e-27	0.03	0.0	81	0	0.964	83	Itpr1_0	Edolisoma coerulescens	2585810	0	ITPR1 protein (Fragment)
A0A7K9PJU4	unassigned	none	module	ryr.hmm matched only 108 profile positions (< 200) — a shared module, not a family assignment	130.3	256.2	125.9	0.4914	2.4e-35	1.6e-73	1.6e-73	0.041	0.022	110	108	1.0	108	Ryr2_1	Pachycephala philippinensis	449367	0	RYR2 protein (Fragment)
A0A7K9PNW3	unassigned	none	module	itpr.hmm matched only 81 profile positions (< 200) — a shared module, not a family assignment	103.4	0.0	103.4	1.0	3e-27		3e-27	0.03	0.0	81	0	0.964	83	Itpr1_0	Pachycephala philippinensis	449367	0	ITPR1 protein (Fragment)
A0A7K9PQF4	unassigned	none	module	ryr.hmm matched only 44 profile positions (< 200) — a shared module, not a family assignment	0.0	46.7	46.7	1.0		2e-10	2e-10	0.0	0.009	0	44	0.979	47	Ryr3_0	Pachycephala philippinensis	449367	0	RYR3 protein (Fragment)
A0A7K9PQS5	unassigned	none	module	ryr.hmm matched only 108 profile positions (< 200) — a shared module, not a family assignment	133.2	256.2	123.0	0.4801	3.2e-36	1.6e-73	1.6e-73	0.041	0.022	110	108	1.0	108	Ryr3_2	Pachycephala philippinensis	449367	0	RYR3 protein (Fragment)
A0A7K9PRR1	unassigned	none	module	ryr.hmm matched only 173 profile positions (< 200) — a shared module, not a family assignment	42.0	320.9	278.9	0.8691	1e-08	5.1e-93	5.1e-93	0.029	0.035	78	173	0.977	175	Ryr3_1	Pachycephala philippinensis	449367	0	RYR3 protein (Fragment)
A0A7K9Q3Q6	unassigned	none	module	itpr.hmm matched only 83 profile positions (< 200) — a shared module, not a family assignment	101.3	0.0	101.3	1.0	1.3e-26		1.3e-26	0.031	0.0	83	0	0.939	82	Itpr2_0	Pachycephala philippinensis	449367	0	ITPR2 protein (Fragment)
A0A7K9QCH6	unassigned	none	module	itpr.hmm matched only 75 profile positions (< 200) — a shared module, not a family assignment	100.6	0.0	100.6	1.0	2.2e-26		2.2e-26	0.028	0.0	75	0	0.938	81	Itpr2_0	Irena cyanogastra	175120	0	ITPR2 protein (Fragment)
A0A7K9QDN4	unassigned	none	module	itpr.hmm matched only 102 profile positions (< 200) — a shared module, not a family assignment	229.2	118.6	110.6	0.4825	3.6e-65	4.6e-32	3.6e-65	0.038	0.02	102	99	1.0	101	Itpr1_2	Irena cyanogastra	175120	0	ITPR1 protein (Fragment)
A0A7K9QFY1	unassigned	none	module	itpr.hmm matched only 81 profile positions (< 200) — a shared module, not a family assignment	103.4	0.0	103.4	1.0	3e-27		3e-27	0.03	0.0	81	0	0.964	83	Itpr1_0	Irena cyanogastra	175120	0	ITPR1 protein (Fragment)
A0A7K9R3P4	unassigned	none	module	ryr.hmm matched only 108 profile positions (< 200) — a shared module, not a family assignment	132.3	253.4	121.1	0.4779	6.1e-36	1.1e-72	1.1e-72	0.041	0.022	110	108	1.0	108	Ryr1_0	Irena cyanogastra	175120	0	RYR1 protein (Fragment)
A0A7K9R5I3	unassigned	none	module	ryr.hmm matched only 108 profile positions (< 200) — a shared module, not a family assignment	130.3	256.2	125.9	0.4914	2.4e-35	1.6e-73	1.6e-73	0.041	0.022	110	108	1.0	108	Ryr2_3	Irena cyanogastra	175120	0	RYR2 protein (Fragment)
A0A7K9R658	unassigned	none	module	ryr.hmm matched only 173 profile positions (< 200) — a shared module, not a family assignment	40.9	326.1	285.2	0.8746	2.1e-08	1.4e-94	1.4e-94	0.027	0.035	72	173	0.989	175	Ryr2_2	Irena cyanogastra	175120	0	RYR2 protein (Fragment)
A0A7K9R765	unassigned	none	module	ryr.hmm matched only 49 profile positions (< 200) — a shared module, not a family assignment	0.0	44.2	44.2	1.0		1.2e-09	1.2e-09	0.0	0.01	0	49	0.738	65	Ryr1_3	Irena cyanogastra	175120	0	RYR1 protein (Fragment)
A0A7K9R787	unassigned	none	module	ryr.hmm matched only 173 profile positions (< 200) — a shared module, not a family assignment	43.4	321.0	277.6	0.8648	3.7e-09	4.7e-93	4.7e-93	0.031	0.035	83	173	0.983	175	Ryr3_1	Irena cyanogastra	175120	0	RYR3 protein (Fragment)
A0A7K9R7N4	unassigned	none	module	ryr.hmm matched only 133 profile positions (< 200) — a shared module, not a family assignment	0.0	108.0	108.0	1.0		6.8e-29	6.8e-29	0.0	0.027	0	133	0.884	164	Ryr1_2	Irena cyanogastra	175120	0	RYR1 protein (Fragment)
A0A7K9R978	unassigned	none	module	ryr.hmm matched only 108 profile positions (< 200) — a shared module, not a family assignment	133.2	256.2	123.0	0.4801	3.2e-36	1.6e-73	1.6e-73	0.041	0.022	110	108	1.0	108	Ryr3_2	Irena cyanogastra	175120	0	RYR3 protein (Fragment)
A0A7K9RG88	unassigned	none	module	ryr.hmm matched only 44 profile positions (< 200) — a shared module, not a family assignment	0.0	46.7	46.7	1.0		2e-10	2e-10	0.0	0.009	0	44	0.979	47	Ryr3_0	Sterrhoptilus dennistouni	2585820	0	RYR3 protein (Fragment)
A0A7K9RGA1	unassigned	none	module	ryr.hmm matched only 173 profile positions (< 200) — a shared module, not a family assignment	42.3	321.4	279.1	0.8684	8.1e-09	3.6e-93	3.6e-93	0.029	0.035	78	173	0.983	175	Ryr3_1	Sterrhoptilus dennistouni	2585820	0	RYR3 protein (Fragment)
A0A7K9RHI7	unassigned	none	module	ryr.hmm matched only 49 profile positions (< 200) — a shared module, not a family assignment	0.0	44.8	44.8	1.0		7.5e-10	7.5e-10	0.0	0.01	0	49	0.979	48	Ryr1_0	Sterrhoptilus dennistouni	2585820	0	RYR1 protein (Fragment)
A0A7K9RIL4	unassigned	none	module	ryr.hmm matched only 108 profile positions (< 200) — a shared module, not a family assignment	133.2	256.2	123.0	0.4801	3.2e-36	1.6e-73	1.6e-73	0.041	0.022	110	108	1.0	108	Ryr3_2	Sterrhoptilus dennistouni	2585820	0	RYR3 protein (Fragment)
A0A7K9RJQ9	unassigned	none	module	ryr.hmm matched only 133 profile positions (< 200) — a shared module, not a family assignment	0.0	155.8	155.8	1.0		2.8e-43	2.8e-43	0.0	0.027	0	133	0.595	220	Ryr1_1	Sterrhoptilus dennistouni	2585820	0	RYR1 protein (Fragment)
A0A7K9S2Z1	unassigned	none	module	itpr.hmm matched only 83 profile positions (< 200) — a shared module, not a family assignment	101.3	0.0	101.3	1.0	1.3e-26		1.3e-26	0.031	0.0	83	0	0.939	82	Itpr2_0	Sterrhoptilus dennistouni	2585820	0	ITPR2 protein (Fragment)
A0A7K9S7P2	unassigned	none	module	itpr.hmm matched only 81 profile positions (< 200) — a shared module, not a family assignment	103.4	0.0	103.4	1.0	3e-27		3e-27	0.03	0.0	81	0	0.964	83	Itpr1_0	Sterrhoptilus dennistouni	2585820	0	ITPR1 protein (Fragment)
A0A7K9SL52	unassigned	none	module	ryr.hmm matched only 108 profile positions (< 200) — a shared module, not a family assignment	0.0	68.8	68.8	1.0		4.5e-17	4.5e-17	0.0	0.022	0	108	0.639	166	Ryr1_0	Galbula dea	1109041	0	RYR1 protein (Fragment)
A0A7K9ST60	unassigned	none	module	itpr.hmm matched only 75 profile positions (< 200) — a shared module, not a family assignment	100.6	0.0	100.6	1.0	2.2e-26		2.2e-26	0.028	0.0	75	0	0.938	81	Itpr2_0	Galbula dea	1109041	0	ITPR2 protein (Fragment)
A0A7K9TFM1	unassigned	none	module	ryr.hmm matched only 44 profile positions (< 200) — a shared module, not a family assignment	0.0	45.2	45.2	1.0		5.8e-10	5.8e-10	0.0	0.009	0	44	0.979	47	Ryr1_1	Galbula dea	1109041	0	RYR1 protein (Fragment)
A0A7K9TGP3	unassigned	none	module	ryr.hmm matched only 173 profile positions (< 200) — a shared module, not a family assignment	42.4	321.4	279.0	0.8681	7.6e-09	3.7e-93	3.7e-93	0.029	0.035	78	173	0.989	174	Ryr3_2	Galbula dea	1109041	0	RYR3 protein (Fragment)
A0A7K9THZ4	unassigned	none	module	ryr.hmm matched only 108 profile positions (< 200) — a shared module, not a family assignment	133.2	256.2	123.0	0.4801	3.2e-36	1.6e-73	1.6e-73	0.041	0.022	110	108	1.0	108	Ryr3_3	Galbula dea	1109041	0	RYR3 protein (Fragment)
A0A7K9TTE2	unassigned	none	module	ryr.hmm matched only 108 profile positions (< 200) — a shared module, not a family assignment	130.3	256.2	125.9	0.4914	2.4e-35	1.6e-73	1.6e-73	0.041	0.022	110	108	1.0	108	Ryr2_0	Chloroceryle aenea	176938	0	RYR2 protein (Fragment)
A0A7K9U0B5	unassigned	none	module	ryr.hmm matched only 173 profile positions (< 200) — a shared module, not a family assignment	42.4	320.4	278.0	0.8677	7.7e-09	7.3e-93	7.3e-93	0.029	0.035	78	173	0.989	174	Ryr3_1	Chloroceryle aenea	176938	0	RYR3 protein (Fragment)
A0A7K9U2E0	unassigned	none	module	ryr.hmm matched only 108 profile positions (< 200) — a shared module, not a family assignment	133.2	256.2	123.0	0.4801	3.2e-36	1.6e-73	1.6e-73	0.041	0.022	110	108	1.0	108	Ryr3_2	Chloroceryle aenea	176938	0	RYR3 protein (Fragment)
A0A7K9U7D6	unassigned	none	module	itpr.hmm matched only 75 profile positions (< 200) — a shared module, not a family assignment	100.6	0.0	100.6	1.0	2.2e-26		2.2e-26	0.028	0.0	75	0	0.938	81	Itpr2_1	Chloroceryle aenea	176938	0	ITPR2 protein (Fragment)
A0A7K9UNN5	unassigned	none	module	itpr.hmm matched only 81 profile positions (< 200) — a shared module, not a family assignment	109.3	0.0	109.3	1.0	5.1e-29		5.1e-29	0.03	0.0	81	0	0.988	82	Itpr1_0	Anseranas semipalmata	8851	0	ITPR1 protein (Fragment)
A0A7K9UNS5	unassigned	none	module	itpr.hmm matched only 102 profile positions (< 200) — a shared module, not a family assignment	229.2	118.6	110.6	0.4825	3.6e-65	4.6e-32	3.6e-65	0.038	0.02	102	99	1.0	101	Itpr1_2	Anseranas semipalmata	8851	0	ITPR1 protein (Fragment)
A0A7K9UQU0	unassigned	none	module	ryr.hmm matched only 108 profile positions (< 200) — a shared module, not a family assignment	130.3	256.2	125.9	0.4914	2.4e-35	1.6e-73	1.6e-73	0.041	0.022	110	108	1.0	108	Ryr2_1	Anseranas semipalmata	8851	0	RYR2 protein (Fragment)
A0A7K9URN5	unassigned	none	module	ryr.hmm matched only 173 profile positions (< 200) — a shared module, not a family assignment	40.6	327.1	286.5	0.8759	2.6e-08	7.1e-95	7.1e-95	0.025	0.035	67	173	0.989	175	Ryr2_0	Anseranas semipalmata	8851	0	RYR2 protein (Fragment)
A0A7K9URP7	unassigned	none	module	itpr.hmm matched only 75 profile positions (< 200) — a shared module, not a family assignment	100.6	0.0	100.6	1.0	2.2e-26		2.2e-26	0.028	0.0	75	0	0.938	81	Itpr2_0	Anseranas semipalmata	8851	0	ITPR2 protein (Fragment)
A0A7K9UY27	unassigned	none	module	ryr.hmm matched only 173 profile positions (< 200) — a shared module, not a family assignment	41.7	321.3	279.6	0.8702	1.2e-08	3.8e-93	3.8e-93	0.028	0.035	75	173	0.988	173	Ryr3_0	Anseranas semipalmata	8851	0	RYR3 protein (Fragment)
A0A7K9UZB6	unassigned	none	module	ryr.hmm matched only 108 profile positions (< 200) — a shared module, not a family assignment	133.2	256.2	123.0	0.4801	3.2e-36	1.6e-73	1.6e-73	0.041	0.022	110	108	1.0	108	Ryr3_1	Anseranas semipalmata	8851	0	RYR3 protein (Fragment)
A0A7K9W0X5	unassigned	none	module	ryr.hmm matched only 173 profile positions (< 200) — a shared module, not a family assignment	42.5	321.3	278.8	0.8677	7.1e-09	4e-93	4e-93	0.029	0.035	78	173	0.983	175	Ryr3_1	Rhipidura dahli	667186	0	RYR3 protein (Fragment)
A0A7K9W0Y2	unassigned	none	module	ryr.hmm matched only 108 profile positions (< 200) — a shared module, not a family assignment	133.2	256.2	123.0	0.4801	3.2e-36	1.6e-73	1.6e-73	0.041	0.022	110	108	1.0	108	Ryr3_2	Rhipidura dahli	667186	0	RYR3 protein (Fragment)
A0A7K9WBK9	unassigned	none	module	ryr.hmm matched only 49 profile positions (< 200) — a shared module, not a family assignment	0.0	44.2	44.2	1.0		1.2e-09	1.2e-09	0.0	0.01	0	49	0.762	63	Ryr1	Rhipidura dahli	667186	0	RYR1 protein (Fragment)
A0A7K9WC49	unassigned	none	module	itpr.hmm matched only 102 profile positions (< 200) — a shared module, not a family assignment	229.2	118.6	110.6	0.4825	3.6e-65	4.6e-32	3.6e-65	0.038	0.02	102	99	1.0	101	Itpr1_2	Rhipidura dahli	667186	0	ITPR1 protein (Fragment)
A0A7K9WC51	unassigned	none	module	itpr.hmm matched only 81 profile positions (< 200) — a shared module, not a family assignment	103.4	0.0	103.4	1.0	3e-27		3e-27	0.03	0.0	81	0	0.964	83	Itpr1_0	Rhipidura dahli	667186	0	ITPR1 protein (Fragment)
A0A7K9WVF7	unassigned	none	module	itpr.hmm matched only 75 profile positions (< 200) — a shared module, not a family assignment	100.6	0.0	100.6	1.0	2.2e-26		2.2e-26	0.028	0.0	75	0	0.938	81	Itpr2_1	Rhipidura dahli	667186	0	ITPR2 protein (Fragment)
A0A7K9X2N8	unassigned	none	module	ryr.hmm matched only 44 profile positions (< 200) — a shared module, not a family assignment	0.0	46.0	46.0	1.0		3.3e-10	3.3e-10	0.0	0.009	0	44	0.979	47	Ryr1	Psophia crepitans	54359	0	RYR1 protein (Fragment)
A0A7K9X4Z5	unassigned	none	module	itpr.hmm matched only 81 profile positions (< 200) — a shared module, not a family assignment	109.0	0.0	109.0	1.0	6.3e-29		6.3e-29	0.03	0.0	81	0	0.988	82	Itpr1_0	Psophia crepitans	54359	0	ITPR1 protein (Fragment)
A0A7K9X591	unassigned	none	module	itpr.hmm matched only 102 profile positions (< 200) — a shared module, not a family assignment	229.2	118.6	110.6	0.4825	3.6e-65	4.6e-32	3.6e-65	0.038	0.02	102	99	1.0	101	Itpr1_2	Psophia crepitans	54359	0	ITPR1 protein (Fragment)
A0A7K9XSM2	unassigned	none	module	ryr.hmm matched only 173 profile positions (< 200) — a shared module, not a family assignment	40.6	327.1	286.5	0.8759	2.6e-08	7.1e-95	7.1e-95	0.025	0.035	67	173	0.989	175	Ryr2_2	Psophia crepitans	54359	0	RYR2 protein (Fragment)
A0A7K9XTZ5	unassigned	none	module	ryr.hmm matched only 108 profile positions (< 200) — a shared module, not a family assignment	130.3	256.2	125.9	0.4914	2.4e-35	1.6e-73	1.6e-73	0.041	0.022	110	108	1.0	108	Ryr2_3	Psophia crepitans	54359	0	RYR2 protein (Fragment)
A0A7K9XWH7	unassigned	none	module	ryr.hmm matched only 108 profile positions (< 200) — a shared module, not a family assignment	133.2	256.2	123.0	0.4801	3.2e-36	1.6e-73	1.6e-73	0.041	0.022	110	108	1.0	108	Ryr3_3	Psophia crepitans	54359	0	RYR3 protein (Fragment)
A0A7K9XWK7	unassigned	none	module	ryr.hmm matched only 138 profile positions (< 200) — a shared module, not a family assignment	0.0	191.5	191.5	1.0		4.8e-54	4.8e-54	0.0	0.028	0	138	0.611	229	Ryr3_1	Psophia crepitans	54359	0	RYR3 protein (Fragment)
A0A7K9XXX1	unassigned	none	module	ryr.hmm matched only 173 profile positions (< 200) — a shared module, not a family assignment	42.2	321.4	279.2	0.8687	8.4e-09	3.6e-93	3.6e-93	0.029	0.035	78	173	0.989	174	Ryr3_2	Psophia crepitans	54359	0	RYR3 protein (Fragment)
A0A7K9Y0X2	unassigned	none	module	itpr.hmm matched only 75 profile positions (< 200) — a shared module, not a family assignment	100.6	0.0	100.6	1.0	2.2e-26		2.2e-26	0.028	0.0	75	0	0.938	81	Itpr2_0	Psophia crepitans	54359	0	ITPR2 protein (Fragment)
A0A7K9Y167	unassigned	none	module	ryr.hmm matched only 108 profile positions (< 200) — a shared module, not a family assignment	133.2	256.2	123.0	0.4801	3.2e-36	1.6e-73	1.6e-73	0.041	0.022	110	108	1.0	108	Ryr3_2	Odontophorus gujanensis	886794	0	RYR3 protein (Fragment)
A0A7K9Y2L1	unassigned	none	module	itpr.hmm matched only 83 profile positions (< 200) — a shared module, not a family assignment	101.3	0.0	101.3	1.0	1.3e-26		1.3e-26	0.031	0.0	83	0	0.939	82	Itpr2_0	Odontophorus gujanensis	886794	0	ITPR2 protein (Fragment)
A0A7K9Y3A3	unassigned	none	module	itpr.hmm matched only 81 profile positions (< 200) — a shared module, not a family assignment	109.3	0.0	109.3	1.0	5.1e-29		5.1e-29	0.03	0.0	81	0	0.988	82	Itpr1_0	Odontophorus gujanensis	886794	0	ITPR1 protein (Fragment)
A0A7K9Y3H1	unassigned	none	module	ryr.hmm matched only 44 profile positions (< 200) — a shared module, not a family assignment	0.0	47.2	47.2	1.0		1.5e-10	1.5e-10	0.0	0.009	0	44	0.979	47	Ryr3_0	Odontophorus gujanensis	886794	0	RYR3 protein (Fragment)
A0A7K9Y5A2	unassigned	none	module	ryr.hmm matched only 173 profile positions (< 200) — a shared module, not a family assignment	42.2	321.4	279.2	0.8687	8.9e-09	3.7e-93	3.7e-93	0.029	0.035	78	173	0.983	174	Ryr3_1	Odontophorus gujanensis	886794	0	RYR3 protein (Fragment)
A0A7K9YDE2	unassigned	none	module	ryr.hmm matched only 108 profile positions (< 200) — a shared module, not a family assignment	130.3	256.2	125.9	0.4914	2.4e-35	1.6e-73	1.6e-73	0.041	0.022	110	108	1.0	108	Ryr2_1	Odontophorus gujanensis	886794	0	RYR2 protein (Fragment)
A0A7K9YDG0	unassigned	none	module	ryr.hmm matched only 173 profile positions (< 200) — a shared module, not a family assignment	41.9	329.1	287.2	0.8727	1.1e-08	1.7e-95	1.7e-95	0.025	0.035	67	173	0.989	177	Ryr2_0	Odontophorus gujanensis	886794	0	RYR2 protein (Fragment)
A0A7K9Z4W9	unassigned	none	module	ryr.hmm matched only 108 profile positions (< 200) — a shared module, not a family assignment	133.2	256.2	123.0	0.4801	3.2e-36	1.6e-73	1.6e-73	0.041	0.022	110	108	1.0	108	Ryr3_1	Dicrurus megarhynchus	450177	0	RYR3 protein (Fragment)
A0A7K9Z650	unassigned	none	module	ryr.hmm matched only 173 profile positions (< 200) — a shared module, not a family assignment	42.5	321.3	278.8	0.8677	7.1e-09	4e-93	4e-93	0.029	0.035	78	173	0.983	175	Ryr3_0	Dicrurus megarhynchus	450177	0	RYR3 protein (Fragment)
A0A7K9ZBB3	unassigned	none	module	ryr.hmm matched only 49 profile positions (< 200) — a shared module, not a family assignment	0.0	44.9	44.9	1.0		7.1e-10	7.1e-10	0.0	0.01	0	49	0.904	52	Ryr1_0	Dicrurus megarhynchus	450177	0	RYR1 protein (Fragment)
A0A7K9ZEA4	unassigned	none	module	itpr.hmm matched only 75 profile positions (< 200) — a shared module, not a family assignment	100.6	0.0	100.6	1.0	2.2e-26		2.2e-26	0.028	0.0	75	0	0.938	81	Itpr2_0	Dicrurus megarhynchus	450177	0	ITPR2 protein (Fragment)
A0A7K9ZSJ2	unassigned	none	module	ryr.hmm matched only 108 profile positions (< 200) — a shared module, not a family assignment	129.7	220.1	90.4	0.4107	3.5e-35	1.2e-62	1.2e-62	0.041	0.022	110	108	1.0	108	Ryr1_1	Dicrurus megarhynchus	450177	0	RYR1 protein (Fragment)
A0A7K9ZY31	unassigned	none	module	itpr.hmm matched only 81 profile positions (< 200) — a shared module, not a family assignment	103.4	0.0	103.4	1.0	3e-27		3e-27	0.03	0.0	81	0	0.964	83	Itpr1_0	Dicrurus megarhynchus	450177	0	ITPR1 protein (Fragment)
A0A7L0A3L8	unassigned	none	module	itpr.hmm matched only 102 profile positions (< 200) — a shared module, not a family assignment	229.2	118.6	110.6	0.4825	3.6e-65	4.6e-32	3.6e-65	0.038	0.02	102	99	1.0	101	Itpr1_2	Dicrurus megarhynchus	450177	0	ITPR1 protein (Fragment)
A0A7L0AFJ0	unassigned	none	module	ryr.hmm matched only 108 profile positions (< 200) — a shared module, not a family assignment	133.2	256.2	123.0	0.4801	3.2e-36	1.6e-73	1.6e-73	0.041	0.022	110	108	1.0	108	Ryr3_1	Ciconia maguari	52777	0	RYR3 protein (Fragment)
A0A7L0AFJ4	unassigned	none	module	ryr.hmm matched only 173 profile positions (< 200) — a shared module, not a family assignment	42.2	321.4	279.2	0.8687	8.4e-09	3.6e-93	3.6e-93	0.029	0.035	78	173	0.989	174	Ryr3_0	Ciconia maguari	52777	0	RYR3 protein (Fragment)
A0A7L0AGV5	unassigned	none	module	itpr.hmm matched only 102 profile positions (< 200) — a shared module, not a family assignment	229.2	118.6	110.6	0.4825	3.6e-65	4.6e-32	3.6e-65	0.038	0.02	102	99	1.0	101	Itpr1_2	Ciconia maguari	52777	0	ITPR1 protein (Fragment)
A0A7L0AIQ1	unassigned	none	module	itpr.hmm matched only 81 profile positions (< 200) — a shared module, not a family assignment	109.3	0.0	109.3	1.0	5.1e-29		5.1e-29	0.03	0.0	81	0	0.988	82	Itpr1_0	Ciconia maguari	52777	0	ITPR1 protein (Fragment)
A0A7L0BI41	unassigned	none	module	itpr.hmm matched only 75 profile positions (< 200) — a shared module, not a family assignment	100.6	0.0	100.6	1.0	2.2e-26		2.2e-26	0.028	0.0	75	0	0.938	81	Itpr2_1	Ciconia maguari	52777	0	ITPR2 protein (Fragment)
A0A7L0BLR5	unassigned	none	module	itpr.hmm matched only 81 profile positions (< 200) — a shared module, not a family assignment	109.3	0.0	109.3	1.0	5.1e-29		5.1e-29	0.03	0.0	81	0	0.988	82	Itpr1_0	Spizaetus tyrannus	252798	0	ITPR1 protein (Fragment)
A0A7L0BNY9	unassigned	none	module	itpr.hmm matched only 83 profile positions (< 200) — a shared module, not a family assignment	101.3	0.0	101.3	1.0	1.3e-26		1.3e-26	0.031	0.0	83	0	0.939	82	Itpr2_0	Spizaetus tyrannus	252798	0	ITPR2 protein (Fragment)
A0A7L0BSS8	unassigned	none	module	ryr.hmm matched only 108 profile positions (< 200) — a shared module, not a family assignment	133.2	256.2	123.0	0.4801	3.2e-36	1.6e-73	1.6e-73	0.041	0.022	110	108	1.0	108	Ryr3_1	Spizaetus tyrannus	252798	0	RYR3 protein (Fragment)
A0A7L0BV53	unassigned	none	module	ryr.hmm matched only 173 profile positions (< 200) — a shared module, not a family assignment	42.4	320.8	278.4	0.8678	7.7e-09	5.5e-93	5.5e-93	0.029	0.035	78	173	0.989	174	Ryr3_0	Spizaetus tyrannus	252798	0	RYR3 protein (Fragment)
A0A7L0CJV1	unassigned	none	module	ryr.hmm matched only 108 profile positions (< 200) — a shared module, not a family assignment	133.2	256.2	123.0	0.4801	3.2e-36	1.6e-73	1.6e-73	0.041	0.022	110	108	1.0	108	Ryr3_3	Rostratula benghalensis	118793	0	RYR3 protein (Fragment)
A0A7L0CJW7	unassigned	none	module	ryr.hmm matched only 173 profile positions (< 200) — a shared module, not a family assignment	41.7	320.7	279.0	0.87	1.2e-08	5.8e-93	5.8e-93	0.028	0.035	75	173	0.983	174	Ryr3_2	Rostratula benghalensis	118793	0	RYR3 protein (Fragment)
A0A7L0CKJ1	unassigned	none	module	itpr.hmm matched only 83 profile positions (< 200) — a shared module, not a family assignment	101.3	0.0	101.3	1.0	1.3e-26		1.3e-26	0.031	0.0	83	0	0.939	82	Itpr2_0	Rostratula benghalensis	118793	0	ITPR2 protein (Fragment)
A0A7L0CLT5	unassigned	none	module	ryr.hmm matched only 44 profile positions (< 200) — a shared module, not a family assignment	0.0	46.2	46.2	1.0		3e-10	3e-10	0.0	0.009	0	44	0.979	47	Ryr3_0	Rostratula benghalensis	118793	0	RYR3 protein (Fragment)
A0A7L0D0U8	unassigned	none	module	ryr.hmm matched only 148 profile positions (< 200) — a shared module, not a family assignment	0.0	195.7	195.7	1.0		2.8e-55	2.8e-55	0.0	0.03	0	148	0.617	243	Ryr3_1	Rostratula benghalensis	118793	0	RYR3 protein (Fragment)
A0A7L0DWK6	unassigned	none	module	ryr.hmm matched only 173 profile positions (< 200) — a shared module, not a family assignment	41.0	327.5	286.5	0.8748	1.9e-08	5.5e-95	5.5e-95	0.025	0.035	67	173	0.977	177	Ryr2_0	Trogon melanurus	56311	0	RYR2 protein (Fragment)
A0A7L0DWZ4	unassigned	none	module	ryr.hmm matched only 108 profile positions (< 200) — a shared module, not a family assignment	130.3	256.2	125.9	0.4914	2.4e-35	1.6e-73	1.6e-73	0.041	0.022	110	108	1.0	108	Ryr2_1	Trogon melanurus	56311	0	RYR2 protein (Fragment)
A0A7L0E470	unassigned	none	module	ryr.hmm matched only 44 profile positions (< 200) — a shared module, not a family assignment	0.0	44.9	44.9	1.0		7.2e-10	7.2e-10	0.0	0.009	0	44	0.979	47	Ryr3_0	Trogon melanurus	56311	0	RYR3 protein (Fragment)
A0A7L0E480	unassigned	none	module	ryr.hmm matched only 108 profile positions (< 200) — a shared module, not a family assignment	133.2	256.2	123.0	0.4801	3.2e-36	1.6e-73	1.6e-73	0.041	0.022	110	108	1.0	108	Ryr3_2	Trogon melanurus	56311	0	RYR3 protein (Fragment)
A0A7L0E4E7	unassigned	none	module	itpr.hmm matched only 81 profile positions (< 200) — a shared module, not a family assignment	109.3	0.0	109.3	1.0	5.1e-29		5.1e-29	0.03	0.0	81	0	0.988	82	Itpr1_0	Trogon melanurus	56311	0	ITPR1 protein (Fragment)
A0A7L0E4N8	unassigned	none	module	ryr.hmm matched only 173 profile positions (< 200) — a shared module, not a family assignment	42.2	321.1	278.9	0.8686	8.6e-09	4.3e-93	4.3e-93	0.029	0.035	78	173	0.989	174	Ryr3_1	Trogon melanurus	56311	0	RYR3 protein (Fragment)
A0A7L0EFD7	unassigned	none	module	itpr.hmm matched only 83 profile positions (< 200) — a shared module, not a family assignment	101.3	0.0	101.3	1.0	1.3e-26		1.3e-26	0.031	0.0	83	0	0.939	82	Itpr2_0	Trogon melanurus	56311	0	ITPR2 protein (Fragment)
A0A7L0EUJ9	unassigned	none	module	ryr.hmm matched only 49 profile positions (< 200) — a shared module, not a family assignment	0.0	42.9	42.9	1.0		2.8e-09	2.8e-09	0.0	0.01	0	49	0.783	60	Ryr1_0	Trogon melanurus	56311	0	RYR1 protein (Fragment)
A0A7L0FEN4	unassigned	none	module	itpr.hmm matched only 83 profile positions (< 200) — a shared module, not a family assignment	101.3	0.0	101.3	1.0	1.3e-26		1.3e-26	0.031	0.0	83	0	0.939	82	Itpr2_0	Corythaixoides concolor	103956	0	ITPR2 protein (Fragment)
A0A7L0FR52	unassigned	none	module	itpr.hmm matched only 81 profile positions (< 200) — a shared module, not a family assignment	109.0	0.0	109.0	1.0	6.3e-29		6.3e-29	0.03	0.0	81	0	0.988	82	Itpr1_0	Corythaixoides concolor	103956	0	ITPR1 protein (Fragment)
A0A7L0FUZ8	unassigned	none	module	ryr.hmm matched only 44 profile positions (< 200) — a shared module, not a family assignment	0.0	45.7	45.7	1.0		4.2e-10	4.2e-10	0.0	0.009	0	44	0.979	47	Ryr3_1	Corythaixoides concolor	103956	0	RYR3 protein (Fragment)
A0A7L0FV45	unassigned	none	module	ryr.hmm matched only 173 profile positions (< 200) — a shared module, not a family assignment	42.4	320.4	278.0	0.8677	7.7e-09	7.3e-93	7.3e-93	0.029	0.035	78	173	0.989	174	Ryr3_2	Corythaixoides concolor	103956	0	RYR3 protein (Fragment)
A0A7L0FW15	unassigned	none	module	ryr.hmm matched only 108 profile positions (< 200) — a shared module, not a family assignment	133.2	256.2	123.0	0.4801	3.2e-36	1.6e-73	1.6e-73	0.041	0.022	110	108	1.0	108	Ryr3_3	Corythaixoides concolor	103956	0	RYR3 protein (Fragment)
A0A7L0G166	unassigned	none	module	ryr.hmm matched only 49 profile positions (< 200) — a shared module, not a family assignment	0.0	43.6	43.6	1.0		1.7e-09	1.7e-09	0.0	0.01	0	49	0.686	70	Ryr1	Corythaixoides concolor	103956	0	RYR1 protein (Fragment)
A0A7L0G4Y2	unassigned	none	module	itpr.hmm matched only 83 profile positions (< 200) — a shared module, not a family assignment	101.3	0.0	101.3	1.0	1.3e-26		1.3e-26	0.031	0.0	83	0	0.939	82	Itpr2_0	Herpetotheres cachinnans	56343	0	ITPR2 protein (Fragment)
A0A7L0GBT8	unassigned	none	module	itpr.hmm matched only 81 profile positions (< 200) — a shared module, not a family assignment	109.3	0.0	109.3	1.0	5.1e-29		5.1e-29	0.03	0.0	81	0	0.988	82	Itpr1_0	Herpetotheres cachinnans	56343	0	ITPR1 protein (Fragment)
A0A7L0GKI9	unassigned	none	module	ryr.hmm matched only 173 profile positions (< 200) — a shared module, not a family assignment	42.4	321.4	279.0	0.8681	7.6e-09	3.7e-93	3.7e-93	0.029	0.035	78	173	0.989	174	Ryr3_1	Herpetotheres cachinnans	56343	0	RYR3 protein (Fragment)
A0A7L0GKK1	unassigned	none	module	ryr.hmm matched only 108 profile positions (< 200) — a shared module, not a family assignment	133.2	256.2	123.0	0.4801	3.2e-36	1.6e-73	1.6e-73	0.041	0.022	110	108	1.0	108	Ryr3_2	Herpetotheres cachinnans	56343	0	RYR3 protein (Fragment)
A0A7L0GLY8	unassigned	none	module	ryr.hmm matched only 44 profile positions (< 200) — a shared module, not a family assignment	0.0	46.2	46.2	1.0		3e-10	3e-10	0.0	0.009	0	44	0.979	47	Ryr3_0	Herpetotheres cachinnans	56343	0	RYR3 protein (Fragment)
A0A7L0HHQ7	unassigned	none	module	ryr.hmm matched only 49 profile positions (< 200) — a shared module, not a family assignment	0.0	44.4	44.4	1.0		1e-09	1e-09	0.0	0.01	0	49	0.828	58	Ryr1	Arenaria interpres	54971	0	RYR1 protein (Fragment)
A0A7L0HIF5	unassigned	none	module	itpr.hmm matched only 75 profile positions (< 200) — a shared module, not a family assignment	100.6	0.0	100.6	1.0	2.2e-26		2.2e-26	0.028	0.0	75	0	0.926	81	Itpr2_0	Arenaria interpres	54971	0	ITPR2 protein (Fragment)
A0A7L0HYE5	unassigned	none	module	ryr.hmm matched only 108 profile positions (< 200) — a shared module, not a family assignment	130.3	256.2	125.9	0.4914	2.4e-35	1.6e-73	1.6e-73	0.041	0.022	110	108	1.0	108	Ryr2	Arenaria interpres	54971	0	RYR2 protein (Fragment)
A0A7L0IBC2	unassigned	none	module	ryr.hmm matched only 173 profile positions (< 200) — a shared module, not a family assignment	42.4	322.4	280.0	0.8685	7.6e-09	1.9e-93	1.9e-93	0.029	0.035	78	173	0.989	174	Ryr3_2	Arenaria interpres	54971	0	RYR3 protein (Fragment)
A0A7L0IBS7	unassigned	none	module	ryr.hmm matched only 108 profile positions (< 200) — a shared module, not a family assignment	133.2	256.2	123.0	0.4801	3.2e-36	1.6e-73	1.6e-73	0.041	0.022	110	108	1.0	108	Ryr3_3	Arenaria interpres	54971	0	RYR3 protein (Fragment)
A0A7L0IS04	unassigned	none	module	itpr.hmm matched only 102 profile positions (< 200) — a shared module, not a family assignment	229.2	118.6	110.6	0.4825	3.6e-65	4.6e-32	3.6e-65	0.038	0.02	102	99	1.0	101	Itpr1_2	Piprites chloris	114369	0	ITPR1 protein (Fragment)
A0A7L0ISP2	unassigned	none	module	itpr.hmm matched only 78 profile positions (< 200) — a shared module, not a family assignment	103.2	0.0	103.2	1.0	3.4e-27		3.4e-27	0.029	0.0	78	0	0.952	83	Itpr1_0	Piprites chloris	114369	0	ITPR1 protein (Fragment)
A0A7L0J284	unassigned	none	module	ryr.hmm matched only 173 profile positions (< 200) — a shared module, not a family assignment	42.5	321.3	278.8	0.8677	7.1e-09	4e-93	4e-93	0.029	0.035	78	173	0.983	175	Ryr3_1	Piprites chloris	114369	0	RYR3 protein (Fragment)
A0A7L0J3Q7	unassigned	none	module	ryr.hmm matched only 108 profile positions (< 200) — a shared module, not a family assignment	133.2	256.2	123.0	0.4801	3.2e-36	1.6e-73	1.6e-73	0.041	0.022	110	108	1.0	108	Ryr3_2	Piprites chloris	114369	0	RYR3 protein (Fragment)
A0A7L0JAB1	unassigned	none	module	itpr.hmm matched only 75 profile positions (< 200) — a shared module, not a family assignment	100.6	0.0	100.6	1.0	2.2e-26		2.2e-26	0.028	0.0	75	0	0.938	81	Itpr2_0	Piprites chloris	114369	0	ITPR2 protein (Fragment)
A0A7L0JHL3	unassigned	none	module	ryr.hmm matched only 123 profile positions (< 200) — a shared module, not a family assignment	35.7	181.0	145.3	0.8028	7.8e-07	7.3e-51	7.3e-51	0.022	0.025	59	123	1.0	126	Ryr1	Piprites chloris	114369	0	RYR1 protein (Fragment)
A0A7L0JLS8	unassigned	none	module	itpr.hmm matched only 81 profile positions (< 200) — a shared module, not a family assignment	109.3	0.0	109.3	1.0	5.1e-29		5.1e-29	0.03	0.0	81	0	0.988	82	Itpr1_0	Chauna torquata	30388	0	ITPR1 protein (Fragment)
A0A7L0JRI5	unassigned	none	module	ryr.hmm matched only 74 profile positions (< 200) — a shared module, not a family assignment	77.1	168.8	91.7	0.5432	2.6e-19	3.4e-47	3.4e-47	0.028	0.015	75	74	0.95	80	Ryr1_0	Chauna torquata	30388	0	RYR1 protein (Fragment)
A0A7L0JUL6	unassigned	none	module	ryr.hmm matched only 99 profile positions (< 200) — a shared module, not a family assignment	0.0	162.4	162.4	1.0		2.8e-45	2.8e-45	0.0	0.02	0	99	1.0	101	Ryr3	Chauna torquata	30388	0	RYR3 protein (Fragment)
A0A7L0K9A3	unassigned	none	module	ryr.hmm matched only 49 profile positions (< 200) — a shared module, not a family assignment	0.0	45.2	45.2	1.0		5.6e-10	5.6e-10	0.0	0.01	0	49	0.79	62	Ryr1_1	Chauna torquata	30388	0	RYR1 protein (Fragment)
A0A7L0KJ46	unassigned	none	module	itpr.hmm matched only 83 profile positions (< 200) — a shared module, not a family assignment	101.3	0.0	101.3	1.0	1.3e-26		1.3e-26	0.031	0.0	83	0	0.939	82	Itpr2_1	Chauna torquata	30388	0	ITPR2 protein (Fragment)
A0A7L0KS22	unassigned	none	module	ryr.hmm matched only 173 profile positions (< 200) — a shared module, not a family assignment	42.3	321.3	279.0	0.8683	8.1e-09	3.9e-93	3.9e-93	0.029	0.035	78	173	0.983	175	Ryr3_2	Sylvietta virens	208069	0	RYR3 protein (Fragment)
A0A7L0KTC5	unassigned	none	module	ryr.hmm matched only 44 profile positions (< 200) — a shared module, not a family assignment	0.0	46.2	46.2	1.0		2.9e-10	2.9e-10	0.0	0.009	0	44	0.979	47	Ryr3_0	Sylvietta virens	208069	0	RYR3 protein (Fragment)
A0A7L0KUZ1	unassigned	none	module	itpr.hmm matched only 78 profile positions (< 200) — a shared module, not a family assignment	103.0	0.0	103.0	1.0	4.2e-27		4.2e-27	0.029	0.0	78	0	0.94	83	Itpr1_0	Sylvietta virens	208069	0	ITPR1 protein (Fragment)
A0A7L0KW20	unassigned	none	module	ryr.hmm matched only 108 profile positions (< 200) — a shared module, not a family assignment	133.2	256.2	123.0	0.4801	3.2e-36	1.6e-73	1.6e-73	0.041	0.022	110	108	1.0	108	Ryr3_3	Sylvietta virens	208069	0	RYR3 protein (Fragment)
A0A7L0LBD5	unassigned	none	module	itpr.hmm matched only 83 profile positions (< 200) — a shared module, not a family assignment	101.3	0.0	101.3	1.0	1.3e-26		1.3e-26	0.031	0.0	83	0	0.939	82	Itpr2_0	Sylvietta virens	208069	0	ITPR2 protein (Fragment)
A0A7L0LPQ9	unassigned	none	module	ryr.hmm matched only 113 profile positions (< 200) — a shared module, not a family assignment	36.5	179.6	143.1	0.7968	4.5e-07	1.8e-50	1.8e-50	0.022	0.023	59	113	0.975	119	Ryr1	Sylvietta virens	208069	0	RYR1 protein (Fragment)
A0A7L0LXX8	unassigned	none	module	ryr.hmm matched only 108 profile positions (< 200) — a shared module, not a family assignment	130.3	256.2	125.9	0.4914	2.4e-35	1.6e-73	1.6e-73	0.041	0.022	110	108	1.0	108	Ryr2_2	Amazona guildingii	175529	0	RYR2 protein (Fragment)
A0A7L0LY42	unassigned	none	module	ryr.hmm matched only 173 profile positions (< 200) — a shared module, not a family assignment	40.6	327.1	286.5	0.8759	2.6e-08	7.1e-95	7.1e-95	0.025	0.035	67	173	0.989	175	Ryr2_1	Amazona guildingii	175529	0	RYR2 protein (Fragment)
A0A7L0MCG5	unassigned	none	module	ryr.hmm matched only 173 profile positions (< 200) — a shared module, not a family assignment	42.1	324.1	282.0	0.8701	9.1e-09	5.4e-94	5.4e-94	0.028	0.035	75	173	0.983	175	Ryr3_2	Amazona guildingii	175529	0	RYR3 protein (Fragment)
A0A7L0MDD1	unassigned	none	module	ryr.hmm matched only 108 profile positions (< 200) — a shared module, not a family assignment	133.2	256.2	123.0	0.4801	3.2e-36	1.6e-73	1.6e-73	0.041	0.022	110	108	1.0	108	Ryr3_3	Amazona guildingii	175529	0	RYR3 protein (Fragment)
A0A7L0MKF3	unassigned	none	module	itpr.hmm matched only 102 profile positions (< 200) — a shared module, not a family assignment	229.2	118.6	110.6	0.4825	3.6e-65	4.6e-32	3.6e-65	0.038	0.02	102	99	1.0	101	Itpr1_2	Amazona guildingii	175529	0	ITPR1 protein (Fragment)
A0A7L0MLD6	unassigned	none	module	itpr.hmm matched only 75 profile positions (< 200) — a shared module, not a family assignment	102.8	0.0	102.8	1.0	4.6e-27		4.6e-27	0.028	0.0	75	0	0.95	80	Itpr1_0	Amazona guildingii	175529	0	ITPR1 protein (Fragment)
A0A7L0MMI0	unassigned	none	module	itpr.hmm matched only 75 profile positions (< 200) — a shared module, not a family assignment	100.6	0.0	100.6	1.0	2.2e-26		2.2e-26	0.028	0.0	75	0	0.938	81	Itpr2_1	Amazona guildingii	175529	0	ITPR2 protein (Fragment)
A0A7L0NC36	unassigned	none	module	ryr.hmm matched only 173 profile positions (< 200) — a shared module, not a family assignment	43.2	321.0	277.8	0.8654	4.4e-09	4.9e-93	4.9e-93	0.03	0.035	81	173	1.0	174	Ryr3_1	Formicarius rufipectus	1118560	0	RYR3 protein (Fragment)
A0A7L0NC42	unassigned	none	module	ryr.hmm matched only 108 profile positions (< 200) — a shared module, not a family assignment	133.2	256.2	123.0	0.4801	3.2e-36	1.6e-73	1.6e-73	0.041	0.022	110	108	1.0	108	Ryr3_2	Formicarius rufipectus	1118560	0	RYR3 protein (Fragment)
A0A7L0NEG5	unassigned	none	module	ryr.hmm matched only 44 profile positions (< 200) — a shared module, not a family assignment	0.0	46.6	46.6	1.0		2.3e-10	2.3e-10	0.0	0.009	0	44	0.979	47	Ryr3_0	Formicarius rufipectus	1118560	0	RYR3 protein (Fragment)
A0A7L0NQU4	unassigned	none	module	itpr.hmm matched only 83 profile positions (< 200) — a shared module, not a family assignment	101.3	0.0	101.3	1.0	1.3e-26		1.3e-26	0.031	0.0	83	0	0.939	82	Itpr2_0	Formicarius rufipectus	1118560	0	ITPR2 protein (Fragment)
A0A7L0P165	unassigned	none	module	itpr.hmm matched only 81 profile positions (< 200) — a shared module, not a family assignment	101.8	0.0	101.8	1.0	9.1e-27		9.1e-27	0.03	0.0	81	0	0.976	83	Itpr1_0	Formicarius rufipectus	1118560	0	ITPR1 protein (Fragment)
A0A7L0P6J6	unassigned	none	module	itpr.hmm matched only 83 profile positions (< 200) — a shared module, not a family assignment	101.3	0.0	101.3	1.0	1.3e-26		1.3e-26	0.031	0.0	83	0	0.939	82	Itpr2_0	Mesembrinibis cayennensis	1118748	0	ITPR2 protein (Fragment)
A0A7L0P8V6	unassigned	none	module	itpr.hmm matched only 81 profile positions (< 200) — a shared module, not a family assignment	109.3	0.0	109.3	1.0	5.1e-29		5.1e-29	0.03	0.0	81	0	0.988	82	Itpr1_0	Mesembrinibis cayennensis	1118748	0	ITPR1 protein (Fragment)
A0A7L0PIG5	unassigned	none	module	ryr.hmm matched only 44 profile positions (< 200) — a shared module, not a family assignment	0.0	46.2	46.2	1.0		3e-10	3e-10	0.0	0.009	0	44	0.979	47	Ryr3_0	Mesembrinibis cayennensis	1118748	0	RYR3 protein (Fragment)
A0A7L0PLU4	unassigned	none	module	ryr.hmm matched only 173 profile positions (< 200) — a shared module, not a family assignment	42.7	321.8	279.1	0.8673	6.1e-09	2.8e-93	2.8e-93	0.029	0.035	78	173	0.989	174	Ryr3_1	Mesembrinibis cayennensis	1118748	0	RYR3 protein (Fragment)
A0A7L0PM27	unassigned	none	module	ryr.hmm matched only 108 profile positions (< 200) — a shared module, not a family assignment	133.2	256.2	123.0	0.4801	3.2e-36	1.6e-73	1.6e-73	0.041	0.022	110	108	1.0	108	Ryr3_2	Mesembrinibis cayennensis	1118748	0	RYR3 protein (Fragment)
A0A7L0Q300	unassigned	none	module	ryr.hmm matched only 49 profile positions (< 200) — a shared module, not a family assignment	0.0	44.8	44.8	1.0		7.7e-10	7.7e-10	0.0	0.01	0	49	0.904	52	Ryr1	Mesembrinibis cayennensis	1118748	0	RYR1 protein (Fragment)
A0A7L0Q9C7	unassigned	none	module	ryr.hmm matched only 173 profile positions (< 200) — a shared module, not a family assignment	42.5	321.0	278.5	0.8676	7.2e-09	4.9e-93	4.9e-93	0.029	0.035	78	173	0.977	175	Ryr3_0	Setophaga kirtlandii	298831	0	RYR3 protein (Fragment)
A0A7L0QC83	unassigned	none	module	ryr.hmm matched only 108 profile positions (< 200) — a shared module, not a family assignment	133.2	256.2	123.0	0.4801	3.2e-36	1.6e-73	1.6e-73	0.041	0.022	110	108	1.0	108	Ryr3_1	Setophaga kirtlandii	298831	0	RYR3 protein (Fragment)
A0A7L0QM74	unassigned	none	module	itpr.hmm matched only 102 profile positions (< 200) — a shared module, not a family assignment	229.2	118.6	110.6	0.4825	3.6e-65	4.6e-32	3.6e-65	0.038	0.02	102	99	1.0	101	Itpr1_2	Setophaga kirtlandii	298831	0	ITPR1 protein (Fragment)
A0A7L0QNY9	unassigned	none	module	itpr.hmm matched only 81 profile positions (< 200) — a shared module, not a family assignment	103.4	0.0	103.4	1.0	3e-27		3e-27	0.03	0.0	81	0	0.964	83	Itpr1_0	Setophaga kirtlandii	298831	0	ITPR1 protein (Fragment)
A0A7L0QPN0	unassigned	none	module	ryr.hmm matched only 49 profile positions (< 200) — a shared module, not a family assignment	0.0	45.0	45.0	1.0		6.8e-10	6.8e-10	0.0	0.01	0	49	0.904	52	Ryr1	Setophaga kirtlandii	298831	0	RYR1 protein (Fragment)
A0A7L0R2V8	unassigned	none	module	itpr.hmm matched only 75 profile positions (< 200) — a shared module, not a family assignment	100.6	0.0	100.6	1.0	2.2e-26		2.2e-26	0.028	0.0	75	0	0.938	81	Itpr2_0	Setophaga kirtlandii	298831	0	ITPR2 protein (Fragment)
A0A7L0RB30	unassigned	none	module	itpr.hmm matched only 81 profile positions (< 200) — a shared module, not a family assignment	109.3	0.0	109.3	1.0	5.1e-29		5.1e-29	0.03	0.0	81	0	0.988	82	Itpr1_0	Glaucidium brasilianum	78217	0	ITPR1 protein (Fragment)
A0A7L0RI82	unassigned	none	module	ryr.hmm matched only 108 profile positions (< 200) — a shared module, not a family assignment	130.3	256.2	125.9	0.4914	2.4e-35	1.6e-73	1.6e-73	0.041	0.022	110	108	1.0	108	Ryr2_1	Glaucidium brasilianum	78217	0	RYR2 protein (Fragment)
A0A7L0RKG2	unassigned	none	module	ryr.hmm matched only 173 profile positions (< 200) — a shared module, not a family assignment	40.9	327.3	286.4	0.875	2.1e-08	6e-95	6e-95	0.025	0.035	67	173	0.977	177	Ryr2_0	Glaucidium brasilianum	78217	0	RYR2 protein (Fragment)
A0A7L0RNU2	unassigned	none	module	ryr.hmm matched only 49 profile positions (< 200) — a shared module, not a family assignment	0.0	46.7	46.7	1.0		2.1e-10	2.1e-10	0.0	0.01	0	49	0.979	48	Ryr3_0	Glaucidium brasilianum	78217	0	RYR3 protein (Fragment)
A0A7L0RQB3	unassigned	none	module	ryr.hmm matched only 108 profile positions (< 200) — a shared module, not a family assignment	133.2	256.2	123.0	0.4801	3.2e-36	1.6e-73	1.6e-73	0.041	0.022	110	108	1.0	108	Ryr3_2	Glaucidium brasilianum	78217	0	RYR3 protein (Fragment)
A0A7L0RSU3	unassigned	none	module	ryr.hmm matched only 173 profile positions (< 200) — a shared module, not a family assignment	41.8	321.7	279.9	0.8701	1.2e-08	2.9e-93	2.9e-93	0.028	0.035	75	173	0.983	174	Ryr3_1	Glaucidium brasilianum	78217	0	RYR3 protein (Fragment)
A0A7L0S7Z2	unassigned	none	module	itpr.hmm matched only 83 profile positions (< 200) — a shared module, not a family assignment	100.3	0.0	100.3	1.0	2.6e-26		2.6e-26	0.031	0.0	83	0	0.939	82	Itpr2_0	Glaucidium brasilianum	78217	0	ITPR2 protein (Fragment)
A0A7L0SGH9	unassigned	none	module	ryr.hmm matched only 49 profile positions (< 200) — a shared module, not a family assignment	0.0	46.5	46.5	1.0		2.3e-10	2.3e-10	0.0	0.01	0	49	0.904	52	Ryr1	Glaucidium brasilianum	78217	0	RYR1 protein (Fragment)
A0A7L0SNG2	unassigned	none	module	ryr.hmm matched only 173 profile positions (< 200) — a shared module, not a family assignment	42.5	321.5	279.0	0.8678	6.9e-09	3.4e-93	3.4e-93	0.029	0.035	78	173	0.989	174	Ryr3_2	Podilymbus podiceps	9252	0	RYR3 protein (Fragment)
A0A7L0SNH3	unassigned	none	module	ryr.hmm matched only 158 profile positions (< 200) — a shared module, not a family assignment	0.0	199.1	199.1	1.0		2.5e-56	2.5e-56	0.0	0.032	0	158	0.613	253	Ryr3_1	Podilymbus podiceps	9252	0	RYR3 protein (Fragment)
A0A7L0SNW8	unassigned	none	module	ryr.hmm matched only 44 profile positions (< 200) — a shared module, not a family assignment	0.0	44.6	44.6	1.0		9e-10	9e-10	0.0	0.009	0	44	0.979	47	Ryr3_0	Podilymbus podiceps	9252	0	RYR3 protein (Fragment)
A0A7L0SPH4	unassigned	none	module	ryr.hmm matched only 108 profile positions (< 200) — a shared module, not a family assignment	133.2	256.2	123.0	0.4801	3.2e-36	1.6e-73	1.6e-73	0.041	0.022	110	108	1.0	108	Ryr3_3	Podilymbus podiceps	9252	0	RYR3 protein (Fragment)
A0A7L0SPR3	unassigned	none	module	itpr.hmm matched only 81 profile positions (< 200) — a shared module, not a family assignment	109.3	0.0	109.3	1.0	5.1e-29		5.1e-29	0.03	0.0	81	0	0.988	82	Itpr1_0	Podilymbus podiceps	9252	0	ITPR1 protein (Fragment)
A0A7L0TB70	unassigned	none	module	itpr.hmm matched only 83 profile positions (< 200) — a shared module, not a family assignment	101.3	0.0	101.3	1.0	1.3e-26		1.3e-26	0.031	0.0	83	0	0.939	82	Itpr2_1	Podilymbus podiceps	9252	0	ITPR2 protein (Fragment)
A0A7L0TZF7	unassigned	none	module	itpr.hmm matched only 81 profile positions (< 200) — a shared module, not a family assignment	108.8	0.0	108.8	1.0	7.3e-29		7.3e-29	0.03	0.0	81	0	0.988	82	Itpr1_0	Chordeiles acutipennis	118183	0	ITPR1 protein (Fragment)
A0A7L0UBX4	unassigned	none	module	ryr.hmm matched only 44 profile positions (< 200) — a shared module, not a family assignment	0.0	46.2	46.2	1.0		3e-10	3e-10	0.0	0.009	0	44	0.979	47	Ryr3_0	Chordeiles acutipennis	118183	0	RYR3 protein (Fragment)
A0A7L0UD63	unassigned	none	module	ryr.hmm matched only 173 profile positions (< 200) — a shared module, not a family assignment	42.4	321.4	279.0	0.8681	7.6e-09	3.7e-93	3.7e-93	0.029	0.035	78	173	0.989	174	Ryr3_2	Chordeiles acutipennis	118183	0	RYR3 protein (Fragment)
A0A7L0UEN6	unassigned	none	module	ryr.hmm matched only 158 profile positions (< 200) — a shared module, not a family assignment	0.0	197.4	197.4	1.0		8.1e-56	8.1e-56	0.0	0.032	0	158	0.722	216	Ryr3_1	Chordeiles acutipennis	118183	0	RYR3 protein (Fragment)
A0A7L0UF48	unassigned	none	module	ryr.hmm matched only 173 profile positions (< 200) — a shared module, not a family assignment	41.0	327.5	286.5	0.8748	1.9e-08	5.5e-95	5.5e-95	0.025	0.035	67	173	0.977	177	Ryr2_1	Chordeiles acutipennis	118183	0	RYR2 protein (Fragment)
A0A7L0UFT8	unassigned	none	module	ryr.hmm matched only 108 profile positions (< 200) — a shared module, not a family assignment	133.2	256.2	123.0	0.4801	3.2e-36	1.6e-73	1.6e-73	0.041	0.022	110	108	1.0	108	Ryr3_3	Chordeiles acutipennis	118183	0	RYR3 protein (Fragment)
A0A7L0UGW9	unassigned	none	module	itpr.hmm matched only 83 profile positions (< 200) — a shared module, not a family assignment	101.3	0.0	101.3	1.0	1.3e-26		1.3e-26	0.031	0.0	83	0	0.939	82	Itpr2_0	Chordeiles acutipennis	118183	0	ITPR2 protein (Fragment)
A0A7L0UI60	unassigned	none	module	ryr.hmm matched only 108 profile positions (< 200) — a shared module, not a family assignment	130.3	256.2	125.9	0.4914	2.4e-35	1.6e-73	1.6e-73	0.041	0.022	110	108	1.0	108	Ryr2_2	Chordeiles acutipennis	118183	0	RYR2 protein (Fragment)
A0A7L0VJ19	unassigned	none	module	itpr.hmm matched only 83 profile positions (< 200) — a shared module, not a family assignment	101.3	0.0	101.3	1.0	1.3e-26		1.3e-26	0.031	0.0	83	0	0.939	82	Itpr2_0	Leptocoma aspasia	2585812	0	ITPR2 protein (Fragment)
A0A7L0VM27	unassigned	none	module	itpr.hmm matched only 81 profile positions (< 200) — a shared module, not a family assignment	103.4	0.0	103.4	1.0	3e-27		3e-27	0.03	0.0	81	0	0.964	83	Itpr1_0	Leptocoma aspasia	2585812	0	ITPR1 protein (Fragment)
A0A7L0VM44	unassigned	none	module	ryr.hmm matched only 108 profile positions (< 200) — a shared module, not a family assignment	133.2	256.2	123.0	0.4801	3.2e-36	1.6e-73	1.6e-73	0.041	0.022	110	108	1.0	108	Ryr3_2	Leptocoma aspasia	2585812	0	RYR3 protein (Fragment)
A0A7L0VM98	unassigned	none	module	ryr.hmm matched only 44 profile positions (< 200) — a shared module, not a family assignment	0.0	46.7	46.7	1.0		2e-10	2e-10	0.0	0.009	0	44	0.979	47	Ryr3_0	Leptocoma aspasia	2585812	0	RYR3 protein (Fragment)
A0A7L0VNE1	unassigned	none	module	ryr.hmm matched only 49 profile positions (< 200) — a shared module, not a family assignment	0.0	45.1	45.1	1.0		6.3e-10	6.3e-10	0.0	0.01	0	49	0.959	49	Ryr1	Leptocoma aspasia	2585812	0	RYR1 protein (Fragment)
A0A7L0VNT9	unassigned	none	module	ryr.hmm matched only 173 profile positions (< 200) — a shared module, not a family assignment	42.5	321.3	278.8	0.8677	7.1e-09	4e-93	4e-93	0.029	0.035	78	173	0.983	175	Ryr3_1	Leptocoma aspasia	2585812	0	RYR3 protein (Fragment)
A0A7L0W0P6	unassigned	none	module	itpr.hmm matched only 75 profile positions (< 200) — a shared module, not a family assignment	100.6	0.0	100.6	1.0	2.2e-26		2.2e-26	0.028	0.0	75	0	0.938	81	Itpr2_0	Alectura lathami	81907	0	ITPR2 protein (Fragment)
A0A7L0WLU6	unassigned	none	module	itpr.hmm matched only 102 profile positions (< 200) — a shared module, not a family assignment	229.2	118.6	110.6	0.4825	3.6e-65	4.6e-32	3.6e-65	0.038	0.02	102	99	1.0	101	Itpr1_2	Alectura lathami	81907	0	ITPR1 protein (Fragment)
A0A7L0WR03	unassigned	none	module	itpr.hmm matched only 81 profile positions (< 200) — a shared module, not a family assignment	108.9	0.0	108.9	1.0	6.9e-29		6.9e-29	0.03	0.0	81	0	0.988	82	Itpr1_0	Alectura lathami	81907	0	ITPR1 protein (Fragment)
A0A7L0WRK0	unassigned	none	module	ryr.hmm matched only 108 profile positions (< 200) — a shared module, not a family assignment	128.8	247.2	118.4	0.479	6.7e-35	8e-71	8e-71	0.041	0.022	110	108	1.0	108	Ryr3_2	Alectura lathami	81907	0	RYR3 protein (Fragment)
A0A7L0WRV6	unassigned	none	module	ryr.hmm matched only 173 profile positions (< 200) — a shared module, not a family assignment	42.7	322.1	279.4	0.8674	6.1e-09	2.3e-93	2.3e-93	0.03	0.035	81	173	1.0	174	Ryr3_1	Alectura lathami	81907	0	RYR3 protein (Fragment)
A0A7L0X884	unassigned	none	module	ryr.hmm matched only 44 profile positions (< 200) — a shared module, not a family assignment	0.0	46.2	46.2	1.0		3e-10	3e-10	0.0	0.009	0	44	0.979	47	Ryr3_0	Tyrannus savana	137541	0	RYR3 protein (Fragment)
A0A7L0X905	unassigned	none	module	ryr.hmm matched only 108 profile positions (< 200) — a shared module, not a family assignment	133.2	256.2	123.0	0.4801	3.2e-36	1.6e-73	1.6e-73	0.041	0.022	110	108	1.0	108	Ryr3_2	Tyrannus savana	137541	0	RYR3 protein (Fragment)
A0A7L0X994	unassigned	none	module	ryr.hmm matched only 173 profile positions (< 200) — a shared module, not a family assignment	42.5	321.3	278.8	0.8677	7.1e-09	4e-93	4e-93	0.029	0.035	78	173	0.983	175	Ryr3_1	Tyrannus savana	137541	0	RYR3 protein (Fragment)
A0A7L0XA31	unassigned	none	module	itpr.hmm matched only 83 profile positions (< 200) — a shared module, not a family assignment	101.3	0.0	101.3	1.0	1.3e-26		1.3e-26	0.031	0.0	83	0	0.939	82	Itpr2_1	Tyrannus savana	137541	0	ITPR2 protein (Fragment)
A0A7L0XDG8	unassigned	none	module	itpr.hmm matched only 81 profile positions (< 200) — a shared module, not a family assignment	101.7	0.0	101.7	1.0	1e-26		1e-26	0.03	0.0	81	0	0.976	83	Itpr1_0	Tyrannus savana	137541	0	ITPR1 protein (Fragment)
A0A7L0XE96	unassigned	none	module	ryr.hmm matched only 108 profile positions (< 200) — a shared module, not a family assignment	130.3	256.2	125.9	0.4914	2.4e-35	1.6e-73	1.6e-73	0.041	0.022	110	108	1.0	108	Ryr2	Tyrannus savana	137541	0	RYR2 protein (Fragment)
A0A7L0Y3Q7	unassigned	none	module	itpr.hmm matched only 75 profile positions (< 200) — a shared module, not a family assignment	100.6	0.0	100.6	1.0	2.2e-26		2.2e-26	0.028	0.0	75	0	0.938	81	Itpr2_0	Ploceus nigricollis	441696	0	ITPR2 protein (Fragment)
A0A7L0Y661	unassigned	none	module	ryr.hmm matched only 49 profile positions (< 200) — a shared module, not a family assignment	0.0	45.0	45.0	1.0		6.8e-10	6.8e-10	0.0	0.01	0	49	0.906	53	Ryr1_0	Ploceus nigricollis	441696	0	RYR1 protein (Fragment)
A0A7L0YT80	unassigned	none	module	ryr.hmm matched only 94 profile positions (< 200) — a shared module, not a family assignment	0.0	123.9	123.9	1.0		1.1e-33	1.1e-33	0.0	0.019	0	94	0.586	157	Ryr1_1	Ploceus nigricollis	441696	0	RYR1 protein (Fragment)
A0A7L0YUW6	unassigned	none	module	ryr.hmm matched only 173 profile positions (< 200) — a shared module, not a family assignment	42.5	321.3	278.8	0.8677	7.1e-09	4e-93	4e-93	0.029	0.035	78	173	0.983	175	Ryr3_0	Ploceus nigricollis	441696	0	RYR3 protein (Fragment)
A0A7L0YX21	unassigned	none	module	ryr.hmm matched only 108 profile positions (< 200) — a shared module, not a family assignment	133.2	256.2	123.0	0.4801	3.2e-36	1.6e-73	1.6e-73	0.041	0.022	110	108	1.0	108	Ryr3_1	Ploceus nigricollis	441696	0	RYR3 protein (Fragment)
A0A7L0Z5D8	unassigned	none	module	itpr.hmm matched only 81 profile positions (< 200) — a shared module, not a family assignment	103.4	0.0	103.4	1.0	3e-27		3e-27	0.03	0.0	81	0	0.964	83	Itpr1_0	Ploceus nigricollis	441696	0	ITPR1 protein (Fragment)
A0A7L0ZA06	unassigned	none	module	ryr.hmm matched only 173 profile positions (< 200) — a shared module, not a family assignment	42.5	321.3	278.8	0.8677	7.1e-09	4e-93	4e-93	0.029	0.035	78	173	0.983	175	Ryr3_1	Oxyruncus cristatus	114331	0	RYR3 protein (Fragment)
A0A7L0ZAQ6	unassigned	none	module	itpr.hmm matched only 102 profile positions (< 200) — a shared module, not a family assignment	229.2	118.6	110.6	0.4825	3.6e-65	4.6e-32	3.6e-65	0.038	0.02	102	99	1.0	101	Itpr1_2	Ploceus nigricollis	441696	0	ITPR1 protein (Fragment)
A0A7L0ZD57	unassigned	none	module	ryr.hmm matched only 108 profile positions (< 200) — a shared module, not a family assignment	133.2	256.2	123.0	0.4801	3.2e-36	1.6e-73	1.6e-73	0.041	0.022	110	108	1.0	108	Ryr3_2	Oxyruncus cristatus	114331	0	RYR3 protein (Fragment)
A0A7L0ZHT6	unassigned	none	module	ryr.hmm matched only 108 profile positions (< 200) — a shared module, not a family assignment	130.3	256.2	125.9	0.4914	2.4e-35	1.6e-73	1.6e-73	0.041	0.022	110	108	1.0	108	Ryr2_1	Oxyruncus cristatus	114331	0	RYR2 protein (Fragment)
A0A7L0ZMB1	unassigned	none	module	ryr.hmm matched only 173 profile positions (< 200) — a shared module, not a family assignment	40.9	326.1	285.2	0.8746	2.1e-08	1.4e-94	1.4e-94	0.027	0.035	72	173	0.989	175	Ryr2_0	Oxyruncus cristatus	114331	0	RYR2 protein (Fragment)
A0A7L0ZSU1	unassigned	none	module	itpr.hmm matched only 102 profile positions (< 200) — a shared module, not a family assignment	229.2	118.6	110.6	0.4825	3.6e-65	4.6e-32	3.6e-65	0.038	0.02	102	99	1.0	101	Itpr1_2	Oxyruncus cristatus	114331	0	ITPR1 protein (Fragment)
A0A7L0ZTF4	unassigned	none	module	itpr.hmm matched only 75 profile positions (< 200) — a shared module, not a family assignment	100.6	0.0	100.6	1.0	2.2e-26		2.2e-26	0.028	0.0	75	0	0.938	81	Itpr2_0	Oxyruncus cristatus	114331	0	ITPR2 protein (Fragment)
A0A7L0ZUL7	unassigned	none	module	itpr.hmm matched only 81 profile positions (< 200) — a shared module, not a family assignment	103.4	0.0	103.4	1.0	3e-27		3e-27	0.03	0.0	81	0	0.964	83	Itpr1_0	Oxyruncus cristatus	114331	0	ITPR1 protein (Fragment)
A0A7L1AL54	unassigned	none	module	itpr.hmm matched only 75 profile positions (< 200) — a shared module, not a family assignment	100.6	0.0	100.6	1.0	2.2e-26		2.2e-26	0.028	0.0	75	0	0.938	81	Itpr2_0	Gymnorhina tibicen	9132	0	ITPR2 protein (Fragment)
A0A7L1B4U6	unassigned	none	module	ryr.hmm matched only 113 profile positions (< 200) — a shared module, not a family assignment	34.9	191.7	156.8	0.8179	1.4e-06	4.2e-54	4.2e-54	0.022	0.023	59	113	0.717	159	Ryr1_2	Gymnorhina tibicen	9132	0	RYR1 protein (Fragment)
A0A7L1BC82	unassigned	none	module	ryr.hmm matched only 173 profile positions (< 200) — a shared module, not a family assignment	42.5	321.3	278.8	0.8677	7.1e-09	4e-93	4e-93	0.029	0.035	78	173	0.983	175	Ryr3_2	Gymnorhina tibicen	9132	0	RYR3 protein (Fragment)
A0A7L1BDP9	unassigned	none	module	itpr.hmm matched only 81 profile positions (< 200) — a shared module, not a family assignment	103.2	0.0	103.2	1.0	3.6e-27		3.6e-27	0.03	0.0	81	0	0.964	83	Itpr1_0	Gymnorhina tibicen	9132	0	ITPR1 protein (Fragment)
A0A7L1BDW0	unassigned	none	module	ryr.hmm matched only 108 profile positions (< 200) — a shared module, not a family assignment	133.2	256.2	123.0	0.4801	3.2e-36	1.6e-73	1.6e-73	0.041	0.022	110	108	1.0	108	Ryr3_3	Gymnorhina tibicen	9132	0	RYR3 protein (Fragment)
A0A7L1BE92	unassigned	none	module	itpr.hmm matched only 102 profile positions (< 200) — a shared module, not a family assignment	229.2	118.6	110.6	0.4825	3.6e-65	4.6e-32	3.6e-65	0.038	0.02	102	99	1.0	101	Itpr1_2	Gymnorhina tibicen	9132	0	ITPR1 protein (Fragment)
A0A7L1BG52	unassigned	none	module	ryr.hmm matched only 108 profile positions (< 200) — a shared module, not a family assignment	132.3	253.4	121.1	0.4779	6.1e-36	1.1e-72	1.1e-72	0.041	0.022	110	108	1.0	108	Ryr1_3	Gymnorhina tibicen	9132	0	RYR1 protein (Fragment)
A0A7L1BI52	unassigned	none	module	ryr.hmm matched only 173 profile positions (< 200) — a shared module, not a family assignment	42.3	321.3	279.0	0.8683	8.1e-09	3.9e-93	3.9e-93	0.029	0.035	78	173	0.983	175	Ryr3_1	Illadopsis cleaveri	201329	0	RYR3 protein (Fragment)
A0A7L1BNG2	unassigned	none	module	ryr.hmm matched only 108 profile positions (< 200) — a shared module, not a family assignment	133.2	256.2	123.0	0.4801	3.2e-36	1.6e-73	1.6e-73	0.041	0.022	110	108	1.0	108	Ryr3_2	Illadopsis cleaveri	201329	0	RYR3 protein (Fragment)
A0A7L1BRN7	unassigned	none	module	itpr.hmm matched only 75 profile positions (< 200) — a shared module, not a family assignment	100.6	0.0	100.6	1.0	2.2e-26		2.2e-26	0.028	0.0	75	0	0.938	81	Itpr2_0	Illadopsis cleaveri	201329	0	ITPR2 protein (Fragment)
A0A7L1C5E6	unassigned	none	module	itpr.hmm matched only 102 profile positions (< 200) — a shared module, not a family assignment	229.2	118.6	110.6	0.4825	3.6e-65	4.6e-32	3.6e-65	0.038	0.02	102	99	1.0	101	Itpr1_2	Illadopsis cleaveri	201329	0	ITPR1 protein (Fragment)
A0A7L1C662	unassigned	none	module	itpr.hmm matched only 81 profile positions (< 200) — a shared module, not a family assignment	103.4	0.0	103.4	1.0	3e-27		3e-27	0.03	0.0	81	0	0.964	83	Itpr1_0	Illadopsis cleaveri	201329	0	ITPR1 protein (Fragment)
A0A7L1DCZ4	unassigned	none	module	itpr.hmm matched only 102 profile positions (< 200) — a shared module, not a family assignment	229.2	118.6	110.6	0.4825	3.6e-65	4.6e-32	3.6e-65	0.038	0.02	102	99	1.0	101	Itpr1_1	Serilophus lunatus	239386	0	ITPR1 protein (Fragment)
A0A7L1DCZ9	unassigned	none	module	itpr.hmm matched only 78 profile positions (< 200) — a shared module, not a family assignment	104.1	0.0	104.1	1.0	2e-27		2e-27	0.029	0.0	78	0	0.94	83	Itpr1_0	Serilophus lunatus	239386	0	ITPR1 protein (Fragment)
A0A7L1DKR6	unassigned	none	module	ryr.hmm matched only 108 profile positions (< 200) — a shared module, not a family assignment	133.2	256.2	123.0	0.4801	3.2e-36	1.6e-73	1.6e-73	0.041	0.022	110	108	1.0	108	Ryr3_1	Serilophus lunatus	239386	0	RYR3 protein (Fragment)
A0A7L1DL47	unassigned	none	module	ryr.hmm matched only 173 profile positions (< 200) — a shared module, not a family assignment	43.6	322.3	278.7	0.8647	3.2e-09	2e-93	2e-93	0.028	0.035	75	173	0.988	173	Ryr3_0	Serilophus lunatus	239386	0	RYR3 protein (Fragment)
A0A7L1DLL0	unassigned	none	module	itpr.hmm matched only 75 profile positions (< 200) — a shared module, not a family assignment	100.6	0.0	100.6	1.0	2.2e-26		2.2e-26	0.028	0.0	75	0	0.938	81	Itpr2_0	Serilophus lunatus	239386	0	ITPR2 protein (Fragment)
A0A7L1E7Z1	unassigned	none	module	ryr.hmm matched only 108 profile positions (< 200) — a shared module, not a family assignment	133.2	256.2	123.0	0.4801	3.2e-36	1.6e-73	1.6e-73	0.041	0.022	110	108	1.0	108	Ryr3_2	Oenanthe oenanthe	279966	0	RYR3 protein (Fragment)
A0A7L1E810	unassigned	none	module	ryr.hmm matched only 44 profile positions (< 200) — a shared module, not a family assignment	0.0	46.7	46.7	1.0		2e-10	2e-10	0.0	0.009	0	44	0.979	47	Ryr3_0	Oenanthe oenanthe	279966	0	RYR3 protein (Fragment)
A0A7L1E862	unassigned	none	module	ryr.hmm matched only 173 profile positions (< 200) — a shared module, not a family assignment	41.9	320.7	278.8	0.8693	1.1e-08	6.1e-93	6.1e-93	0.029	0.035	78	173	0.977	175	Ryr3_1	Oenanthe oenanthe	279966	0	RYR3 protein (Fragment)
A0A7L1EMP2	unassigned	none	module	itpr.hmm matched only 83 profile positions (< 200) — a shared module, not a family assignment	101.3	0.0	101.3	1.0	1.3e-26		1.3e-26	0.031	0.0	83	0	0.939	82	Itpr2_0	Oenanthe oenanthe	279966	0	ITPR2 protein (Fragment)
A0A7L1EQG2	unassigned	none	module	itpr.hmm matched only 81 profile positions (< 200) — a shared module, not a family assignment	103.4	0.0	103.4	1.0	3e-27		3e-27	0.03	0.0	81	0	0.964	83	Itpr1_1	Oenanthe oenanthe	279966	0	ITPR1 protein (Fragment)
A0A7L1EY31	unassigned	none	module	itpr.hmm matched only 102 profile positions (< 200) — a shared module, not a family assignment	229.2	118.6	110.6	0.4825	3.6e-65	4.6e-32	3.6e-65	0.038	0.02	102	99	1.0	101	Itpr1_0	Sylvia borin	73324	0	ITPR1 protein (Fragment)
A0A7L1F3D1	unassigned	none	module	ryr.hmm matched only 173 profile positions (< 200) — a shared module, not a family assignment	42.3	321.3	279.0	0.8683	8.1e-09	3.9e-93	3.9e-93	0.029	0.035	78	173	0.983	175	Ryr3_0	Sylvia borin	73324	0	RYR3 protein (Fragment)
A0A7L1F3F4	unassigned	none	module	ryr.hmm matched only 108 profile positions (< 200) — a shared module, not a family assignment	133.2	256.2	123.0	0.4801	3.2e-36	1.6e-73	1.6e-73	0.041	0.022	110	108	1.0	108	Ryr3_1	Sylvia borin	73324	0	RYR3 protein (Fragment)
A0A7L1F641	unassigned	none	module	itpr.hmm matched only 81 profile positions (< 200) — a shared module, not a family assignment	103.4	0.0	103.4	1.0	3e-27		3e-27	0.03	0.0	81	0	0.964	83	Itpr1_1	Sylvia borin	73324	0	ITPR1 protein (Fragment)
A0A7L1F915	unassigned	none	module	ryr.hmm matched only 49 profile positions (< 200) — a shared module, not a family assignment	0.0	44.9	44.9	1.0		6.9e-10	6.9e-10	0.0	0.01	0	49	0.887	53	Ryr1	Sylvia borin	73324	0	RYR1 protein (Fragment)
A0A7L1FMT9	unassigned	none	module	itpr.hmm matched only 75 profile positions (< 200) — a shared module, not a family assignment	100.6	0.0	100.6	1.0	2.2e-26		2.2e-26	0.028	0.0	75	0	0.938	81	Itpr2_0	Sylvia borin	73324	0	ITPR2 protein (Fragment)
A0A7L1G533	unassigned	none	module	ryr.hmm matched only 138 profile positions (< 200) — a shared module, not a family assignment	0.0	190.8	190.8	1.0		7.9e-54	7.9e-54	0.0	0.028	0	138	0.556	250	Ryr1	Indicator maculatus	545262	0	RYR1 protein (Fragment)
A0A7L1G536	unassigned	none	module	ryr.hmm matched only 173 profile positions (< 200) — a shared module, not a family assignment	42.5	319.9	277.4	0.8671	7.3e-09	1e-92	1e-92	0.03	0.035	81	173	0.988	173	Ryr3_1	Indicator maculatus	545262	0	RYR3 protein (Fragment)
A0A7L1G605	unassigned	none	module	ryr.hmm matched only 44 profile positions (< 200) — a shared module, not a family assignment	0.0	46.2	46.2	1.0		3e-10	3e-10	0.0	0.009	0	44	0.979	47	Ryr3_0	Indicator maculatus	545262	0	RYR3 protein (Fragment)
A0A7L1G6J8	unassigned	none	module	ryr.hmm matched only 108 profile positions (< 200) — a shared module, not a family assignment	133.2	256.2	123.0	0.4801	3.2e-36	1.6e-73	1.6e-73	0.041	0.022	110	108	1.0	108	Ryr3_2	Indicator maculatus	545262	0	RYR3 protein (Fragment)
A0A7L1GIC3	unassigned	none	module	itpr.hmm matched only 81 profile positions (< 200) — a shared module, not a family assignment	107.4	0.0	107.4	1.0	1.9e-28		1.9e-28	0.03	0.0	81	0	0.988	82	Itpr1_1	Indicator maculatus	545262	0	ITPR1 protein (Fragment)
A0A7L1GSR4	unassigned	none	module	itpr.hmm matched only 72 profile positions (< 200) — a shared module, not a family assignment	98.3	0.0	98.3	1.0	1e-25		1e-25	0.027	0.0	72	0	0.89	82	Itpr2_0	Indicator maculatus	545262	0	ITPR2 protein (Fragment)
A0A7L1HMP9	unassigned	none	module	itpr.hmm matched only 81 profile positions (< 200) — a shared module, not a family assignment	108.8	0.0	108.8	1.0	7.4e-29		7.4e-29	0.03	0.0	81	0	0.988	82	Itpr1_0	Nycticryphes semicollaris	227226	0	ITPR1 protein (Fragment)
A0A7L1HP94	unassigned	none	module	itpr.hmm matched only 83 profile positions (< 200) — a shared module, not a family assignment	101.3	0.0	101.3	1.0	1.3e-26		1.3e-26	0.031	0.0	83	0	0.939	82	Itpr2_0	Nycticryphes semicollaris	227226	0	ITPR2 protein (Fragment)
A0A7L1HRA7	unassigned	none	module	ryr.hmm matched only 173 profile positions (< 200) — a shared module, not a family assignment	41.7	320.7	279.0	0.87	1.2e-08	5.8e-93	5.8e-93	0.028	0.035	75	173	0.983	174	Ryr3_2	Nycticryphes semicollaris	227226	0	RYR3 protein (Fragment)
A0A7L1HRB3	unassigned	none	module	ryr.hmm matched only 44 profile positions (< 200) — a shared module, not a family assignment	0.0	46.2	46.2	1.0		3e-10	3e-10	0.0	0.009	0	44	0.979	47	Ryr3_0	Nycticryphes semicollaris	227226	0	RYR3 protein (Fragment)
A0A7L1HRD7	unassigned	none	module	ryr.hmm matched only 153 profile positions (< 200) — a shared module, not a family assignment	0.0	198.8	198.8	1.0		3.1e-56	3.1e-56	0.0	0.031	0	153	0.63	246	Ryr3_1	Nycticryphes semicollaris	227226	0	RYR3 protein (Fragment)
A0A7L1HSD2	unassigned	none	module	ryr.hmm matched only 108 profile positions (< 200) — a shared module, not a family assignment	133.2	256.2	123.0	0.4801	3.2e-36	1.6e-73	1.6e-73	0.041	0.022	110	108	1.0	108	Ryr3_3	Nycticryphes semicollaris	227226	0	RYR3 protein (Fragment)
A0A7L1IDP9	unassigned	none	module	ryr.hmm matched only 44 profile positions (< 200) — a shared module, not a family assignment	0.0	44.5	44.5	1.0		9.6e-10	9.6e-10	0.0	0.009	0	44	0.979	47	Ryr1	Smutsornis africanus	240209	0	RYR1 protein (Fragment)
A0A7L1IIE4	unassigned	none	module	ryr.hmm matched only 173 profile positions (< 200) — a shared module, not a family assignment	41.5	319.8	278.3	0.8702	1.4e-08	1.1e-92	1.1e-92	0.028	0.035	75	173	0.994	172	Ryr3_0	Smutsornis africanus	240209	0	RYR3 protein (Fragment)
A0A7L1IIM4	unassigned	none	module	ryr.hmm matched only 108 profile positions (< 200) — a shared module, not a family assignment	133.2	256.2	123.0	0.4801	3.2e-36	1.6e-73	1.6e-73	0.041	0.022	110	108	1.0	108	Ryr3_1	Smutsornis africanus	240209	0	RYR3 protein (Fragment)
A0A7L1IUB2	unassigned	none	module	itpr.hmm matched only 75 profile positions (< 200) — a shared module, not a family assignment	100.6	0.0	100.6	1.0	2.2e-26		2.2e-26	0.028	0.0	75	0	0.938	81	Itpr2_0	Smutsornis africanus	240209	0	ITPR2 protein (Fragment)
A0A7L1J7L7	unassigned	none	module	itpr.hmm matched only 81 profile positions (< 200) — a shared module, not a family assignment	109.1	0.0	109.1	1.0	5.9e-29		5.9e-29	0.03	0.0	81	0	0.988	82	Itpr1_0	Smutsornis africanus	240209	0	ITPR1 protein (Fragment)
A0A7L1J7W1	unassigned	none	module	itpr.hmm matched only 102 profile positions (< 200) — a shared module, not a family assignment	229.2	118.6	110.6	0.4825	3.6e-65	4.6e-32	3.6e-65	0.038	0.02	102	99	1.0	101	Itpr1_2	Smutsornis africanus	240209	0	ITPR1 protein (Fragment)
A0A7L1JBX2	unassigned	none	module	ryr.hmm matched only 173 profile positions (< 200) — a shared module, not a family assignment	40.6	327.1	286.5	0.8759	2.6e-08	7.1e-95	7.1e-95	0.025	0.035	67	173	0.989	175	Ryr2_1	Smutsornis africanus	240209	0	RYR2 protein (Fragment)
A0A7L1JC22	unassigned	none	module	ryr.hmm matched only 108 profile positions (< 200) — a shared module, not a family assignment	130.3	256.2	125.9	0.4914	2.4e-35	1.6e-73	1.6e-73	0.041	0.022	110	108	1.0	108	Ryr2_2	Smutsornis africanus	240209	0	RYR2 protein (Fragment)
A0A7L1JD81	unassigned	none	module	ryr.hmm matched only 173 profile positions (< 200) — a shared module, not a family assignment	40.6	327.1	286.5	0.8759	2.6e-08	7.1e-95	7.1e-95	0.025	0.035	67	173	0.989	175	Ryr2_0	Rynchops niger	227184	0	RYR2 protein (Fragment)
A0A7L1JFN5	unassigned	none	module	ryr.hmm matched only 108 profile positions (< 200) — a shared module, not a family assignment	130.3	256.2	125.9	0.4914	2.4e-35	1.6e-73	1.6e-73	0.041	0.022	110	108	1.0	108	Ryr2_1	Rynchops niger	227184	0	RYR2 protein (Fragment)
A0A7L1K477	unassigned	none	module	itpr.hmm matched only 81 profile positions (< 200) — a shared module, not a family assignment	109.1	0.0	109.1	1.0	5.9e-29		5.9e-29	0.03	0.0	81	0	0.988	82	Itpr1_0	Rynchops niger	227184	0	ITPR1 protein (Fragment)
A0A7L1K4P9	unassigned	none	module	itpr.hmm matched only 102 profile positions (< 200) — a shared module, not a family assignment	229.2	118.6	110.6	0.4825	3.6e-65	4.6e-32	3.6e-65	0.038	0.02	102	99	1.0	101	Itpr1_2	Rynchops niger	227184	0	ITPR1 protein (Fragment)
A0A7L1KDW7	unassigned	none	module	ryr.hmm matched only 49 profile positions (< 200) — a shared module, not a family assignment	0.0	44.8	44.8	1.0		7.7e-10	7.7e-10	0.0	0.01	0	49	0.904	52	Ryr1	Rynchops niger	227184	0	RYR1 protein (Fragment)
A0A7L1KHM6	unassigned	none	module	ryr.hmm matched only 108 profile positions (< 200) — a shared module, not a family assignment	133.2	256.2	123.0	0.4801	3.2e-36	1.6e-73	1.6e-73	0.041	0.022	110	108	1.0	108	Ryr3_2	Rynchops niger	227184	0	RYR3 protein (Fragment)
A0A7L1KJ24	unassigned	none	module	itpr.hmm matched only 75 profile positions (< 200) — a shared module, not a family assignment	100.6	0.0	100.6	1.0	2.2e-26		2.2e-26	0.028	0.0	75	0	0.938	81	Itpr2_0	Rynchops niger	227184	0	ITPR2 protein (Fragment)
A0A7L1KJV2	unassigned	none	module	ryr.hmm matched only 173 profile positions (< 200) — a shared module, not a family assignment	42.8	320.4	277.6	0.8664	5.8e-09	7.5e-93	7.5e-93	0.029	0.035	78	173	0.989	174	Ryr3_1	Rynchops niger	227184	0	RYR3 protein (Fragment)
A0A7L1KKU8	unassigned	none	module	ryr.hmm matched only 108 profile positions (< 200) — a shared module, not a family assignment	133.2	256.2	123.0	0.4801	3.2e-36	1.6e-73	1.6e-73	0.041	0.022	110	108	1.0	108	Ryr3_3	Himantopus himantopus	225398	0	RYR3 protein (Fragment)
A0A7L1KLS0	unassigned	none	module	ryr.hmm matched only 44 profile positions (< 200) — a shared module, not a family assignment	0.0	46.2	46.2	1.0		3e-10	3e-10	0.0	0.009	0	44	0.979	47	Ryr3_0	Himantopus himantopus	225398	0	RYR3 protein (Fragment)
A0A7L1KLS9	unassigned	none	module	ryr.hmm matched only 173 profile positions (< 200) — a shared module, not a family assignment	42.4	321.4	279.0	0.8681	7.6e-09	3.7e-93	3.7e-93	0.029	0.035	78	173	0.989	174	Ryr3_2	Himantopus himantopus	225398	0	RYR3 protein (Fragment)
A0A7L1KR98	unassigned	none	module	ryr.hmm matched only 49 profile positions (< 200) — a shared module, not a family assignment	0.0	47.4	47.4	1.0		1.2e-10	1.2e-10	0.0	0.01	0	49	0.942	52	Ryr1	Himantopus himantopus	225398	0	RYR1 protein (Fragment)
A0A7L1KRC6	unassigned	none	module	ryr.hmm matched only 138 profile positions (< 200) — a shared module, not a family assignment	0.0	191.0	191.0	1.0		7e-54	7e-54	0.0	0.028	0	138	0.573	241	Ryr3_1	Himantopus himantopus	225398	0	RYR3 protein (Fragment)
A0A7L1LE81	unassigned	none	module	itpr.hmm matched only 81 profile positions (< 200) — a shared module, not a family assignment	109.3	0.0	109.3	1.0	5.1e-29		5.1e-29	0.03	0.0	81	0	0.988	82	Itpr1_0	Himantopus himantopus	225398	0	ITPR1 protein (Fragment)
A0A7L1LMK7	unassigned	none	module	itpr.hmm matched only 83 profile positions (< 200) — a shared module, not a family assignment	101.3	0.0	101.3	1.0	1.3e-26		1.3e-26	0.031	0.0	83	0	0.939	82	Itpr2_0	Himantopus himantopus	225398	0	ITPR2 protein (Fragment)
A0A7L1LQN5	unassigned	none	module	itpr.hmm matched only 75 profile positions (< 200) — a shared module, not a family assignment	100.6	0.0	100.6	1.0	2.2e-26		2.2e-26	0.028	0.0	75	0	0.938	81	Itpr2_0	Bombycilla garrulus	125297	0	ITPR2 protein (Fragment)
A0A7L1LSH2	unassigned	none	module	ryr.hmm matched only 173 profile positions (< 200) — a shared module, not a family assignment	42.4	320.4	278.0	0.8677	7.3e-09	7.1e-93	7.1e-93	0.029	0.035	78	173	0.989	174	Ryr3_0	Bombycilla garrulus	125297	0	RYR3 protein (Fragment)
A0A7L1LUD8	unassigned	none	module	ryr.hmm matched only 108 profile positions (< 200) — a shared module, not a family assignment	133.2	256.2	123.0	0.4801	3.2e-36	1.6e-73	1.6e-73	0.041	0.022	110	108	1.0	108	Ryr3_1	Bombycilla garrulus	125297	0	RYR3 protein (Fragment)
A0A7L1MEN8	unassigned	none	module	itpr.hmm matched only 81 profile positions (< 200) — a shared module, not a family assignment	103.4	0.0	103.4	1.0	3e-27		3e-27	0.03	0.0	81	0	0.964	83	Itpr1_0	Bombycilla garrulus	125297	0	ITPR1 protein (Fragment)
A0A7L1MGW1	unassigned	none	module	itpr.hmm matched only 102 profile positions (< 200) — a shared module, not a family assignment	229.2	118.6	110.6	0.4825	3.6e-65	4.6e-32	3.6e-65	0.038	0.02	102	99	1.0	101	Itpr1_2	Bombycilla garrulus	125297	0	ITPR1 protein (Fragment)
A0A7L1N475	unassigned	none	module	ryr.hmm matched only 173 profile positions (< 200) — a shared module, not a family assignment	34.0	253.6	219.6	0.8659	2.5e-06	9.9e-73	9.9e-73	0.022	0.035	59	173	0.994	166	Ryr1_1	Rhinopomastus cyanomelas	113115	0	RYR1 protein (Fragment)
A0A7L1N486	unassigned	none	module	ryr.hmm matched only 49 profile positions (< 200) — a shared module, not a family assignment	0.0	45.1	45.1	1.0		6.3e-10	6.3e-10	0.0	0.01	0	49	0.979	48	Ryr1_0	Rhinopomastus cyanomelas	113115	0	RYR1 protein (Fragment)
A0A7L1N9X5	unassigned	none	module	itpr.hmm matched only 75 profile positions (< 200) — a shared module, not a family assignment	99.6	0.0	99.6	1.0	4.4e-26		4.4e-26	0.028	0.0	75	0	0.938	81	Itpr2_0	Rhinopomastus cyanomelas	113115	0	ITPR2 protein (Fragment)
A0A7L1NAZ9	unassigned	none	module	ryr.hmm matched only 138 profile positions (< 200) — a shared module, not a family assignment	0.0	189.6	189.6	1.0		1.9e-53	1.9e-53	0.0	0.028	0	138	0.543	256	Ryr3_0	Rhinopomastus cyanomelas	113115	0	RYR3 protein (Fragment)
A0A7L1NBI6	unassigned	none	module	ryr.hmm matched only 108 profile positions (< 200) — a shared module, not a family assignment	133.2	256.2	123.0	0.4801	3.2e-36	1.6e-73	1.6e-73	0.041	0.022	110	108	1.0	108	Ryr3_2	Rhinopomastus cyanomelas	113115	0	RYR3 protein (Fragment)
A0A7L1NCL3	unassigned	none	module	ryr.hmm matched only 173 profile positions (< 200) — a shared module, not a family assignment	42.4	320.8	278.4	0.8678	7.7e-09	5.5e-93	5.5e-93	0.029	0.035	78	173	0.989	174	Ryr3_1	Rhinopomastus cyanomelas	113115	0	RYR3 protein (Fragment)
A0A7L1NHC4	unassigned	none	module	itpr.hmm matched only 102 profile positions (< 200) — a shared module, not a family assignment	229.2	118.6	110.6	0.4825	3.6e-65	4.6e-32	3.6e-65	0.038	0.02	102	99	1.0	101	Itpr1_2	Rhinopomastus cyanomelas	113115	0	ITPR1 protein (Fragment)
A0A7L1NIB8	unassigned	none	module	ryr.hmm matched only 173 profile positions (< 200) — a shared module, not a family assignment	40.4	326.8	286.4	0.8764	3e-08	8.6e-95	8.6e-95	0.025	0.035	67	173	0.994	174	Ryr2_1	Rhinopomastus cyanomelas	113115	0	RYR2 protein (Fragment)
A0A7L1NIQ6	unassigned	none	module	itpr.hmm matched only 81 profile positions (< 200) — a shared module, not a family assignment	109.0	0.0	109.0	1.0	6.3e-29		6.3e-29	0.03	0.0	81	0	0.988	82	Itpr1_0	Rhinopomastus cyanomelas	113115	0	ITPR1 protein (Fragment)
A0A7L1NIS6	unassigned	none	module	ryr.hmm matched only 108 profile positions (< 200) — a shared module, not a family assignment	130.3	256.2	125.9	0.4914	2.4e-35	1.6e-73	1.6e-73	0.041	0.022	110	108	1.0	108	Ryr2_2	Rhinopomastus cyanomelas	113115	0	RYR2 protein (Fragment)
A0A7L1P1U6	unassigned	none	module	ryr.hmm matched only 173 profile positions (< 200) — a shared module, not a family assignment	42.5	321.3	278.8	0.8677	7.1e-09	4e-93	4e-93	0.029	0.035	78	173	0.983	175	Ryr3_1	Oriolus oriolus	181099	0	RYR3 protein (Fragment)
A0A7L1P2G7	unassigned	none	module	ryr.hmm matched only 108 profile positions (< 200) — a shared module, not a family assignment	133.2	256.2	123.0	0.4801	3.2e-36	1.6e-73	1.6e-73	0.041	0.022	110	108	1.0	108	Ryr3_2	Oriolus oriolus	181099	0	RYR3 protein (Fragment)
A0A7L1P2H3	unassigned	none	module	itpr.hmm matched only 102 profile positions (< 200) — a shared module, not a family assignment	229.2	118.6	110.6	0.4825	3.6e-65	4.6e-32	3.6e-65	0.038	0.02	102	99	1.0	101	Itpr1_2	Oriolus oriolus	181099	0	ITPR1 protein (Fragment)
A0A7L1P368	unassigned	none	module	itpr.hmm matched only 81 profile positions (< 200) — a shared module, not a family assignment	103.4	0.0	103.4	1.0	3e-27		3e-27	0.03	0.0	81	0	0.964	83	Itpr1_0	Oriolus oriolus	181099	0	ITPR1 protein (Fragment)
A0A7L1PHL3	unassigned	none	module	itpr.hmm matched only 75 profile positions (< 200) — a shared module, not a family assignment	100.6	0.0	100.6	1.0	2.2e-26		2.2e-26	0.028	0.0	75	0	0.938	81	Itpr2_0	Oriolus oriolus	181099	0	ITPR2 protein (Fragment)
A0A7L1Q7M8	unassigned	none	module	itpr.hmm matched only 75 profile positions (< 200) — a shared module, not a family assignment	100.6	0.0	100.6	1.0	2.2e-26		2.2e-26	0.028	0.0	75	0	0.938	81	Itpr2_0	Cisticola juncidis	52622	0	ITPR2 protein (Fragment)
A0A7L1QG04	unassigned	none	module	itpr.hmm matched only 78 profile positions (< 200) — a shared module, not a family assignment	104.3	0.0	104.3	1.0	1.6e-27		1.6e-27	0.029	0.0	78	0	0.952	83	Itpr1_0	Cisticola juncidis	52622	0	ITPR1 protein (Fragment)
A0A7L1QKW8	unassigned	none	module	itpr.hmm matched only 102 profile positions (< 200) — a shared module, not a family assignment	229.2	118.6	110.6	0.4825	3.6e-65	4.6e-32	3.6e-65	0.038	0.02	102	99	1.0	101	Itpr1_1	Cisticola juncidis	52622	0	ITPR1 protein (Fragment)
A0A7L1QLL8	unassigned	none	module	ryr.hmm matched only 173 profile positions (< 200) — a shared module, not a family assignment	42.3	321.3	279.0	0.8683	8.1e-09	3.9e-93	3.9e-93	0.029	0.035	78	173	0.983	175	Ryr3_0	Cisticola juncidis	52622	0	RYR3 protein (Fragment)
A0A7L1QLT3	unassigned	none	module	ryr.hmm matched only 108 profile positions (< 200) — a shared module, not a family assignment	133.2	256.2	123.0	0.4801	3.2e-36	1.6e-73	1.6e-73	0.041	0.022	110	108	1.0	108	Ryr3_1	Cisticola juncidis	52622	0	RYR3 protein (Fragment)
A0A7L1QP43	unassigned	none	module	ryr.hmm matched only 44 profile positions (< 200) — a shared module, not a family assignment	0.0	44.3	44.3	1.0		1.1e-09	1.1e-09	0.0	0.009	0	44	0.979	47	Ryr1	Cisticola juncidis	52622	0	RYR1 protein (Fragment)
A0A7L1RCB9	unassigned	none	module	ryr.hmm matched only 108 profile positions (< 200) — a shared module, not a family assignment	133.2	256.2	123.0	0.4801	3.2e-36	1.6e-73	1.6e-73	0.041	0.022	110	108	1.0	108	Ryr3_2	Helopsaltes ochotensis	3150915	0	RYR3 protein (Fragment)
A0A7L1RFX1	unassigned	none	module	ryr.hmm matched only 173 profile positions (< 200) — a shared module, not a family assignment	42.3	321.3	279.0	0.8683	8.1e-09	3.9e-93	3.9e-93	0.029	0.035	78	173	0.983	175	Ryr3_1	Helopsaltes ochotensis	3150915	0	RYR3 protein (Fragment)
A0A7L1RV46	unassigned	none	module	itpr.hmm matched only 75 profile positions (< 200) — a shared module, not a family assignment	100.6	0.0	100.6	1.0	2.2e-26		2.2e-26	0.028	0.0	75	0	0.938	81	Itpr2_0	Helopsaltes ochotensis	3150915	0	ITPR2 protein (Fragment)
A0A7L1RWT4	unassigned	none	module	itpr.hmm matched only 78 profile positions (< 200) — a shared module, not a family assignment	102.5	0.0	102.5	1.0	5.8e-27		5.8e-27	0.029	0.0	78	0	0.951	81	Itpr1_0	Helopsaltes ochotensis	3150915	0	ITPR1 protein (Fragment)
A0A7L1RZW7	unassigned	none	module	itpr.hmm matched only 102 profile positions (< 200) — a shared module, not a family assignment	229.2	118.6	110.6	0.4825	3.6e-65	4.6e-32	3.6e-65	0.038	0.02	102	99	1.0	101	Itpr1_2	Helopsaltes ochotensis	3150915	0	ITPR1 protein (Fragment)
A0A7L1SBA1	unassigned	none	module	ryr.hmm matched only 79 profile positions (< 200) — a shared module, not a family assignment	0.0	98.5	98.5	1.0		5e-26	5e-26	0.0	0.016	0	79	0.356	216	Ryr1	Helopsaltes ochotensis	3150915	0	RYR1 protein (Fragment)
A0A7L1SGA9	unassigned	none	module	itpr.hmm matched only 75 profile positions (< 200) — a shared module, not a family assignment	100.6	0.0	100.6	1.0	2.1e-26		2.1e-26	0.028	0.0	75	0	0.938	81	Itpr2_0	Aramus guarauna	54356	0	ITPR2 protein (Fragment)
A0A7L1SNU7	unassigned	none	module	ryr.hmm matched only 49 profile positions (< 200) — a shared module, not a family assignment	0.0	45.7	45.7	1.0		4.2e-10	4.2e-10	0.0	0.01	0	49	0.712	66	Ryr1	Aramus guarauna	54356	0	RYR1 protein (Fragment)
A0A7L1TFU1	unassigned	none	module	ryr.hmm matched only 108 profile positions (< 200) — a shared module, not a family assignment	133.2	256.2	123.0	0.4801	3.2e-36	1.6e-73	1.6e-73	0.041	0.022	110	108	1.0	108	Ryr3_2	Aramus guarauna	54356	0	RYR3 protein (Fragment)
A0A7L1TGV8	unassigned	none	module	ryr.hmm matched only 173 profile positions (< 200) — a shared module, not a family assignment	42.2	321.4	279.2	0.8687	8.4e-09	3.6e-93	3.6e-93	0.029	0.035	78	173	0.989	174	Ryr3_1	Aramus guarauna	54356	0	RYR3 protein (Fragment)
A0A7L1TPJ7	unassigned	none	module	ryr.hmm matched only 173 profile positions (< 200) — a shared module, not a family assignment	42.5	321.3	278.8	0.8677	7.1e-09	4e-93	4e-93	0.029	0.035	78	173	0.983	175	Ryr3_1	Phainopepla nitens	161653	0	RYR3 protein (Fragment)
A0A7L1TQ15	unassigned	none	module	itpr.hmm matched only 81 profile positions (< 200) — a shared module, not a family assignment	103.4	0.0	103.4	1.0	3e-27		3e-27	0.03	0.0	81	0	0.964	83	Itpr1_0	Phainopepla nitens	161653	0	ITPR1 protein (Fragment)
A0A7L1TRZ7	unassigned	none	module	ryr.hmm matched only 44 profile positions (< 200) — a shared module, not a family assignment	0.0	46.7	46.7	1.0		2e-10	2e-10	0.0	0.009	0	44	0.979	47	Ryr3_0	Phainopepla nitens	161653	0	RYR3 protein (Fragment)
A0A7L1TTZ9	unassigned	none	module	ryr.hmm matched only 108 profile positions (< 200) — a shared module, not a family assignment	133.2	256.2	123.0	0.4801	3.2e-36	1.6e-73	1.6e-73	0.041	0.022	110	108	1.0	108	Ryr3_2	Phainopepla nitens	161653	0	RYR3 protein (Fragment)
A0A7L1UJ71	unassigned	none	module	itpr.hmm matched only 83 profile positions (< 200) — a shared module, not a family assignment	101.3	0.0	101.3	1.0	1.3e-26		1.3e-26	0.031	0.0	83	0	0.939	82	Itpr2_0	Phainopepla nitens	161653	0	ITPR2 protein (Fragment)
A0A7L1UU35	unassigned	none	module	itpr.hmm matched only 75 profile positions (< 200) — a shared module, not a family assignment	100.6	0.0	100.6	1.0	2.2e-26		2.2e-26	0.028	0.0	75	0	0.938	81	Itpr2_0	Sitta europaea	50251	0	ITPR2 protein (Fragment)
A0A7L1VIJ7	unassigned	none	module	ryr.hmm matched only 108 profile positions (< 200) — a shared module, not a family assignment	133.2	256.2	123.0	0.4801	3.2e-36	1.6e-73	1.6e-73	0.041	0.022	110	108	1.0	108	Ryr3_1	Sitta europaea	50251	0	RYR3 protein (Fragment)
A0A7L1VIK1	unassigned	none	module	ryr.hmm matched only 173 profile positions (< 200) — a shared module, not a family assignment	42.5	321.3	278.8	0.8677	7.1e-09	4e-93	4e-93	0.029	0.035	78	173	0.983	175	Ryr3_0	Sitta europaea	50251	0	RYR3 protein (Fragment)
A0A7L1VND0	unassigned	none	module	itpr.hmm matched only 81 profile positions (< 200) — a shared module, not a family assignment	103.4	0.0	103.4	1.0	3e-27		3e-27	0.03	0.0	81	0	0.964	83	Itpr1_0	Sitta europaea	50251	0	ITPR1 protein (Fragment)
A0A7L1VND5	unassigned	none	module	itpr.hmm matched only 102 profile positions (< 200) — a shared module, not a family assignment	229.2	118.6	110.6	0.4825	3.6e-65	4.6e-32	3.6e-65	0.038	0.02	102	99	1.0	101	Itpr1_2	Sitta europaea	50251	0	ITPR1 protein (Fragment)
A0A7L1VYA2	unassigned	none	module	itpr.hmm matched only 78 profile positions (< 200) — a shared module, not a family assignment	104.3	0.0	104.3	1.0	1.6e-27		1.6e-27	0.029	0.0	78	0	0.952	83	Itpr1_0	Certhia brachydactyla	73330	0	ITPR1 protein (Fragment)
A0A7L1VYB0	unassigned	none	module	itpr.hmm matched only 102 profile positions (< 200) — a shared module, not a family assignment	229.2	118.6	110.6	0.4825	3.6e-65	4.6e-32	3.6e-65	0.038	0.02	102	99	1.0	101	Itpr1_2	Certhia brachydactyla	73330	0	ITPR1 protein (Fragment)
A0A7L1W0W2	unassigned	none	module	itpr.hmm matched only 75 profile positions (< 200) — a shared module, not a family assignment	100.6	0.0	100.6	1.0	2.2e-26		2.2e-26	0.028	0.0	75	0	0.938	81	Itpr2_0	Certhia brachydactyla	73330	0	ITPR2 protein (Fragment)
A0A7L1WF57	unassigned	none	module	ryr.hmm matched only 108 profile positions (< 200) — a shared module, not a family assignment	130.3	256.2	125.9	0.4914	2.4e-35	1.6e-73	1.6e-73	0.041	0.022	110	108	1.0	108	Ryr2_1	Certhia brachydactyla	73330	0	RYR2 protein (Fragment)
A0A7L1WGQ6	unassigned	none	module	ryr.hmm matched only 173 profile positions (< 200) — a shared module, not a family assignment	40.7	325.8	285.1	0.8751	2.4e-08	1.7e-94	1.7e-94	0.027	0.035	72	173	0.994	174	Ryr2_0	Certhia brachydactyla	73330	0	RYR2 protein (Fragment)
A0A7L1WYC4	unassigned	none	module	ryr.hmm matched only 173 profile positions (< 200) — a shared module, not a family assignment	42.5	321.3	278.8	0.8677	7.1e-09	4e-93	4e-93	0.029	0.035	78	173	0.983	175	Ryr3_0	Certhia brachydactyla	73330	0	RYR3 protein (Fragment)
A0A7L1WZR9	unassigned	none	module	ryr.hmm matched only 108 profile positions (< 200) — a shared module, not a family assignment	133.2	256.2	123.0	0.4801	3.2e-36	1.6e-73	1.6e-73	0.041	0.022	110	108	1.0	108	Ryr3_1	Certhia brachydactyla	73330	0	RYR3 protein (Fragment)
A0A7L1XGG7	unassigned	none	module	ryr.hmm matched only 108 profile positions (< 200) — a shared module, not a family assignment	133.2	256.2	123.0	0.4801	3.2e-36	1.6e-73	1.6e-73	0.041	0.022	110	108	1.0	108	Ryr3_2	Thinocorus orbignyianus	161742	0	RYR3 protein (Fragment)
A0A7L1XGK0	unassigned	none	module	ryr.hmm matched only 173 profile positions (< 200) — a shared module, not a family assignment	40.9	320.7	279.8	0.8725	2.2e-08	5.9e-93	5.9e-93	0.027	0.035	72	173	0.994	172	Ryr3_1	Thinocorus orbignyianus	161742	0	RYR3 protein (Fragment)
A0A7L1XGP0	unassigned	none	module	ryr.hmm matched only 44 profile positions (< 200) — a shared module, not a family assignment	0.0	46.2	46.2	1.0		3e-10	3e-10	0.0	0.009	0	44	0.979	47	Ryr3_0	Thinocorus orbignyianus	161742	0	RYR3 protein (Fragment)
A0A7L1XJ91	unassigned	none	module	ryr.hmm matched only 44 profile positions (< 200) — a shared module, not a family assignment	0.0	43.9	43.9	1.0		1.4e-09	1.4e-09	0.0	0.009	0	44	0.979	47	Ryr1	Thinocorus orbignyianus	161742	0	RYR1 protein (Fragment)
A0A7L1XP24	unassigned	none	module	itpr.hmm matched only 75 profile positions (< 200) — a shared module, not a family assignment	99.3	0.0	99.3	1.0	5.2e-26		5.2e-26	0.028	0.0	75	0	0.938	81	Itpr2_0	Thinocorus orbignyianus	161742	0	ITPR2 protein (Fragment)
A0A7L1Y9W3	unassigned	none	module	itpr.hmm matched only 75 profile positions (< 200) — a shared module, not a family assignment	99.2	0.0	99.2	1.0	5.5e-26		5.5e-26	0.028	0.0	75	0	0.938	81	Itpr2_1	Scytalopus superciliaris	312124	0	ITPR2 protein (Fragment)
A0A7L1YBA8	unassigned	none	module	ryr.hmm matched only 49 profile positions (< 200) — a shared module, not a family assignment	0.0	44.0	44.0	1.0		1.3e-09	1.3e-09	0.0	0.01	0	49	0.979	48	Ryr1	Scytalopus superciliaris	312124	0	RYR1 protein (Fragment)
A0A7L1YII9	unassigned	none	module	ryr.hmm matched only 108 profile positions (< 200) — a shared module, not a family assignment	133.2	256.2	123.0	0.4801	3.2e-36	1.6e-73	1.6e-73	0.041	0.022	110	108	1.0	108	Ryr3_2	Scytalopus superciliaris	312124	0	RYR3 protein (Fragment)
A0A7L1YIJ8	unassigned	none	module	ryr.hmm matched only 173 profile positions (< 200) — a shared module, not a family assignment	43.2	321.0	277.8	0.8654	4.4e-09	4.9e-93	4.9e-93	0.03	0.035	81	173	1.0	174	Ryr3_1	Scytalopus superciliaris	312124	0	RYR3 protein (Fragment)
A0A7L1Z3X6	unassigned	none	module	ryr.hmm matched only 108 profile positions (< 200) — a shared module, not a family assignment	130.3	256.2	125.9	0.4914	2.4e-35	1.6e-73	1.6e-73	0.041	0.022	110	108	1.0	108	Ryr2_3	Scytalopus superciliaris	312124	0	RYR2 protein (Fragment)
A0A7L1Z457	unassigned	none	module	ryr.hmm matched only 173 profile positions (< 200) — a shared module, not a family assignment	40.6	325.1	284.5	0.8751	2.5e-08	2.7e-94	2.7e-94	0.027	0.035	72	173	1.0	173	Ryr2_2	Scytalopus superciliaris	312124	0	RYR2 protein (Fragment)
A0A7L1Z4A4	unassigned	none	module	itpr.hmm matched only 78 profile positions (< 200) — a shared module, not a family assignment	102.5	0.0	102.5	1.0	5.8e-27		5.8e-27	0.029	0.0	78	0	0.951	81	Itpr1	Scytalopus superciliaris	312124	0	ITPR1 protein (Fragment)
A0A7L1ZET7	unassigned	none	module	ryr.hmm matched only 173 profile positions (< 200) — a shared module, not a family assignment	42.3	321.8	279.5	0.8686	8.1e-09	2.7e-93	2.7e-93	0.029	0.035	78	173	0.983	175	Ryr3_0	Leiothrix lutea	36275	0	RYR3 protein (Fragment)
A0A7L1ZEW8	unassigned	none	module	itpr.hmm matched only 75 profile positions (< 200) — a shared module, not a family assignment	100.3	0.0	100.3	1.0	2.6e-26		2.6e-26	0.028	0.0	75	0	0.938	81	Itpr2_0	Leiothrix lutea	36275	0	ITPR2 protein (Fragment)
A0A7L1ZG00	unassigned	none	module	ryr.hmm matched only 108 profile positions (< 200) — a shared module, not a family assignment	133.2	256.2	123.0	0.4801	3.2e-36	1.6e-73	1.6e-73	0.041	0.022	110	108	1.0	108	Ryr3_1	Leiothrix lutea	36275	0	RYR3 protein (Fragment)
A0A7L1ZUK8	unassigned	none	module	ryr.hmm matched only 108 profile positions (< 200) — a shared module, not a family assignment	130.3	256.2	125.9	0.4914	2.4e-35	1.6e-73	1.6e-73	0.041	0.022	110	108	1.0	108	Ryr2_3	Leiothrix lutea	36275	0	RYR2 protein (Fragment)
A0A7L1ZVX9	unassigned	none	module	ryr.hmm matched only 173 profile positions (< 200) — a shared module, not a family assignment	40.9	326.1	285.2	0.8746	2.1e-08	1.4e-94	1.4e-94	0.027	0.035	72	173	0.989	175	Ryr2_2	Leiothrix lutea	36275	0	RYR2 protein (Fragment)
A0A7L1ZZT9	unassigned	none	module	itpr.hmm matched only 78 profile positions (< 200) — a shared module, not a family assignment	103.0	0.0	103.0	1.0	4.2e-27		4.2e-27	0.029	0.0	78	0	0.94	83	Itpr1_0	Leiothrix lutea	36275	0	ITPR1 protein (Fragment)
A0A7L2A0T0	unassigned	none	module	itpr.hmm matched only 102 profile positions (< 200) — a shared module, not a family assignment	229.2	118.6	110.6	0.4825	3.6e-65	4.6e-32	3.6e-65	0.038	0.02	102	99	1.0	101	Itpr1_1	Leiothrix lutea	36275	0	ITPR1 protein (Fragment)
A0A7L2A7V4	unassigned	none	module	ryr.hmm matched only 49 profile positions (< 200) — a shared module, not a family assignment	0.0	44.8	44.8	1.0		7.5e-10	7.5e-10	0.0	0.01	0	49	0.979	48	Ryr1	Leiothrix lutea	36275	0	RYR1 protein (Fragment)
A0A7L2AJ68	unassigned	none	module	ryr.hmm matched only 173 profile positions (< 200) — a shared module, not a family assignment	42.2	320.6	278.4	0.8684	8.6e-09	6.3e-93	6.3e-93	0.029	0.035	78	173	0.989	174	Ryr3_0	Heliornis fulica	54369	0	RYR3 protein (Fragment)
A0A7L2ALY1	unassigned	none	module	ryr.hmm matched only 108 profile positions (< 200) — a shared module, not a family assignment	133.2	256.2	123.0	0.4801	3.2e-36	1.6e-73	1.6e-73	0.041	0.022	110	108	1.0	108	Ryr3_1	Heliornis fulica	54369	0	RYR3 protein (Fragment)
A0A7L2AM66	unassigned	none	module	itpr.hmm matched only 81 profile positions (< 200) — a shared module, not a family assignment	107.5	0.0	107.5	1.0	1.7e-28		1.7e-28	0.03	0.0	81	0	0.988	82	Itpr1_0	Heliornis fulica	54369	0	ITPR1 protein (Fragment)
A0A7L2ARZ8	unassigned	none	module	itpr.hmm matched only 102 profile positions (< 200) — a shared module, not a family assignment	229.2	118.6	110.6	0.4825	3.6e-65	4.6e-32	3.6e-65	0.038	0.02	102	99	1.0	101	Itpr1_1	Heliornis fulica	54369	0	ITPR1 protein (Fragment)
A0A7L2AW97	unassigned	none	module	itpr.hmm matched only 75 profile positions (< 200) — a shared module, not a family assignment	99.2	0.0	99.2	1.0	5.5e-26		5.5e-26	0.028	0.0	75	0	0.938	81	Itpr2_0	Heliornis fulica	54369	0	ITPR2 protein (Fragment)
A0A7L2BT43	unassigned	none	module	itpr.hmm matched only 83 profile positions (< 200) — a shared module, not a family assignment	101.3	0.0	101.3	1.0	1.3e-26		1.3e-26	0.031	0.0	83	0	0.939	82	Itpr2_0	Alaudala cheleensis	670337	0	ITPR2 protein (Fragment)
A0A7L2BUB0	unassigned	none	module	itpr.hmm matched only 81 profile positions (< 200) — a shared module, not a family assignment	104.6	0.0	104.6	1.0	1.4e-27		1.4e-27	0.03	0.0	81	0	0.976	83	Itpr1_1	Alaudala cheleensis	670337	0	ITPR1 protein (Fragment)
A0A7L2CEE6	unassigned	none	module	ryr.hmm matched only 173 profile positions (< 200) — a shared module, not a family assignment	42.3	321.3	279.0	0.8683	8.1e-09	3.9e-93	3.9e-93	0.029	0.035	78	173	0.983	175	Ryr3_0	Alaudala cheleensis	670337	0	RYR3 protein (Fragment)
A0A7L2CEM1	unassigned	none	module	ryr.hmm matched only 108 profile positions (< 200) — a shared module, not a family assignment	133.2	256.2	123.0	0.4801	3.2e-36	1.6e-73	1.6e-73	0.041	0.022	110	108	1.0	108	Ryr3_1	Alaudala cheleensis	670337	0	RYR3 protein (Fragment)
A0A7L2CKV7	unassigned	none	module	ryr.hmm matched only 118 profile positions (< 200) — a shared module, not a family assignment	34.6	192.9	158.3	0.8206	1.6e-06	1.9e-54	1.9e-54	0.022	0.024	59	118	0.661	180	Ryr1	Catharus fuscescens	159581	0	RYR1 protein (Fragment)
A0A7L2CSV5	unassigned	none	module	itpr.hmm matched only 102 profile positions (< 200) — a shared module, not a family assignment	229.2	118.6	110.6	0.4825	3.6e-65	4.6e-32	3.6e-65	0.038	0.02	102	99	1.0	101	Itpr1_1	Catharus fuscescens	159581	0	ITPR1 protein (Fragment)
A0A7L2CSW5	unassigned	none	module	itpr.hmm matched only 81 profile positions (< 200) — a shared module, not a family assignment	103.4	0.0	103.4	1.0	3e-27		3e-27	0.03	0.0	81	0	0.964	83	Itpr1_0	Catharus fuscescens	159581	0	ITPR1 protein (Fragment)
A0A7L2CUC7	unassigned	none	module	itpr.hmm matched only 75 profile positions (< 200) — a shared module, not a family assignment	100.6	0.0	100.6	1.0	2.2e-26		2.2e-26	0.028	0.0	75	0	0.938	81	Itpr2_0	Catharus fuscescens	159581	0	ITPR2 protein (Fragment)
A0A7L2DP30	unassigned	none	module	ryr.hmm matched only 108 profile positions (< 200) — a shared module, not a family assignment	133.2	256.2	123.0	0.4801	3.2e-36	1.6e-73	1.6e-73	0.041	0.022	110	108	1.0	108	Ryr3_2	Catharus fuscescens	159581	0	RYR3 protein (Fragment)
A0A7L2DPL3	unassigned	none	module	ryr.hmm matched only 173 profile positions (< 200) — a shared module, not a family assignment	42.5	321.1	278.6	0.8676	7.1e-09	4.4e-93	4.4e-93	0.029	0.035	78	173	0.983	175	Ryr3_1	Catharus fuscescens	159581	0	RYR3 protein (Fragment)
A0A7L2E887	unassigned	none	module	ryr.hmm matched only 108 profile positions (< 200) — a shared module, not a family assignment	130.3	256.2	125.9	0.4914	2.4e-35	1.6e-73	1.6e-73	0.041	0.022	110	108	1.0	108	Ryr2	Anthoscopus minutus	156561	0	RYR2 protein (Fragment)
A0A7L2E8N6	unassigned	none	module	ryr.hmm matched only 173 profile positions (< 200) — a shared module, not a family assignment	42.3	321.3	279.0	0.8683	8.1e-09	3.9e-93	3.9e-93	0.029	0.035	78	173	0.983	175	Ryr3_0	Anthoscopus minutus	156561	0	RYR3 protein (Fragment)
A0A7L2E915	unassigned	none	module	ryr.hmm matched only 108 profile positions (< 200) — a shared module, not a family assignment	133.2	256.2	123.0	0.4801	3.2e-36	1.6e-73	1.6e-73	0.041	0.022	110	108	1.0	108	Ryr3_1	Anthoscopus minutus	156561	0	RYR3 protein (Fragment)
A0A7L2ED47	unassigned	none	module	itpr.hmm matched only 75 profile positions (< 200) — a shared module, not a family assignment	100.6	0.0	100.6	1.0	2.2e-26		2.2e-26	0.028	0.0	75	0	0.938	81	Itpr2_1	Anthoscopus minutus	156561	0	ITPR2 protein (Fragment)
A0A7L2EKT9	unassigned	none	module	ryr.hmm matched only 108 profile positions (< 200) — a shared module, not a family assignment	132.3	253.4	121.1	0.4779	6.1e-36	1.1e-72	1.1e-72	0.041	0.022	110	108	1.0	108	Ryr1	Anthoscopus minutus	156561	0	RYR1 protein (Fragment)
A0A7L2EQQ4	unassigned	none	module	itpr.hmm matched only 102 profile positions (< 200) — a shared module, not a family assignment	229.2	118.6	110.6	0.4825	3.6e-65	4.6e-32	3.6e-65	0.038	0.02	102	99	1.0	101	Itpr1_2	Anthoscopus minutus	156561	0	ITPR1 protein (Fragment)
A0A7L2ERB9	unassigned	none	module	itpr.hmm matched only 81 profile positions (< 200) — a shared module, not a family assignment	103.4	0.0	103.4	1.0	3e-27		3e-27	0.03	0.0	81	0	0.964	83	Itpr1_0	Anthoscopus minutus	156561	0	ITPR1 protein (Fragment)
A0A7L2ESM9	unassigned	none	module	itpr.hmm matched only 67 profile positions (< 200) — a shared module, not a family assignment	92.5	0.0	92.5	1.0	5.8e-24		5.8e-24	0.025	0.0	67	0	0.985	67	Itpr3_1	Anthoscopus minutus	156561	0	ITPR3 protein (Fragment)
A0A7L2EZ26	unassigned	none	module	ryr.hmm matched only 49 profile positions (< 200) — a shared module, not a family assignment	0.0	45.3	45.3	1.0		5.3e-10	5.3e-10	0.0	0.01	0	49	0.923	52	Ryr1	Quiscalus mexicanus	64278	0	RYR1 protein (Fragment)
A0A7L2F5B7	unassigned	none	module	ryr.hmm matched only 108 profile positions (< 200) — a shared module, not a family assignment	130.3	256.2	125.9	0.4914	2.4e-35	1.6e-73	1.6e-73	0.041	0.022	110	108	1.0	108	Ryr2_1	Quiscalus mexicanus	64278	0	RYR2 protein (Fragment)
A0A7L2F6T0	unassigned	none	module	ryr.hmm matched only 173 profile positions (< 200) — a shared module, not a family assignment	40.9	326.1	285.2	0.8746	2.1e-08	1.4e-94	1.4e-94	0.027	0.035	72	173	0.989	175	Ryr2_0	Quiscalus mexicanus	64278	0	RYR2 protein (Fragment)
A0A7L2FA33	unassigned	none	module	itpr.hmm matched only 81 profile positions (< 200) — a shared module, not a family assignment	103.4	0.0	103.4	1.0	3e-27		3e-27	0.03	0.0	81	0	0.964	83	Itpr1	Quiscalus mexicanus	64278	0	ITPR1 protein (Fragment)
A0A7L2FDQ3	unassigned	none	module	ryr.hmm matched only 173 profile positions (< 200) — a shared module, not a family assignment	42.5	321.0	278.5	0.8676	7.2e-09	4.9e-93	4.9e-93	0.029	0.035	78	173	0.977	175	Ryr3_2	Quiscalus mexicanus	64278	0	RYR3 protein (Fragment)
A0A7L2FFU9	unassigned	none	module	ryr.hmm matched only 108 profile positions (< 200) — a shared module, not a family assignment	133.2	256.2	123.0	0.4801	3.2e-36	1.6e-73	1.6e-73	0.041	0.022	110	108	1.0	108	Ryr3_3	Quiscalus mexicanus	64278	0	RYR3 protein (Fragment)
A0A7L2FNK0	unassigned	none	module	itpr.hmm matched only 75 profile positions (< 200) — a shared module, not a family assignment	100.6	0.0	100.6	1.0	2.2e-26		2.2e-26	0.028	0.0	75	0	0.938	81	Itpr2_1	Quiscalus mexicanus	64278	0	ITPR2 protein (Fragment)
A0A7L2G6C9	unassigned	none	module	ryr.hmm matched only 173 profile positions (< 200) — a shared module, not a family assignment	40.6	327.1	286.5	0.8759	2.6e-08	7.1e-95	7.1e-95	0.025	0.035	67	173	0.989	175	Ryr2_1	Nyctibius grandis	48427	0	RYR2 protein (Fragment)
A0A7L2G6E1	unassigned	none	module	ryr.hmm matched only 108 profile positions (< 200) — a shared module, not a family assignment	130.3	256.2	125.9	0.4914	2.4e-35	1.6e-73	1.6e-73	0.041	0.022	110	108	1.0	108	Ryr2_2	Nyctibius grandis	48427	0	RYR2 protein (Fragment)
A0A7L2G7Q3	unassigned	none	module	ryr.hmm matched only 173 profile positions (< 200) — a shared module, not a family assignment	41.4	319.2	277.8	0.8703	1.5e-08	1.7e-92	1.7e-92	0.029	0.035	78	173	0.989	174	Ryr3_0	Nyctibius grandis	48427	0	RYR3 protein (Fragment)
A0A7L2GLN5	unassigned	none	module	ryr.hmm matched only 49 profile positions (< 200) — a shared module, not a family assignment	0.0	44.2	44.2	1.0		1.1e-09	1.1e-09	0.0	0.01	0	49	0.904	52	Ryr1	Nyctibius grandis	48427	0	RYR1 protein (Fragment)
A0A7L2GQT1	unassigned	none	module	itpr.hmm matched only 75 profile positions (< 200) — a shared module, not a family assignment	100.6	0.0	100.6	1.0	2.2e-26		2.2e-26	0.028	0.0	75	0	0.938	81	Itpr2_0	Nyctibius grandis	48427	0	ITPR2 protein (Fragment)
A0A7L2H033	unassigned	none	module	ryr.hmm matched only 108 profile positions (< 200) — a shared module, not a family assignment	133.2	256.2	123.0	0.4801	3.2e-36	1.6e-73	1.6e-73	0.041	0.022	110	108	1.0	108	Ryr3_2	Nyctibius grandis	48427	0	RYR3 protein (Fragment)
A0A7L2H3T1	unassigned	none	module	itpr.hmm matched only 75 profile positions (< 200) — a shared module, not a family assignment	100.6	0.0	100.6	1.0	2.2e-26		2.2e-26	0.028	0.0	75	0	0.938	81	Itpr2_0	Sagittarius serpentarius	56258	0	ITPR2 protein (Fragment)
A0A7L2HKG9	unassigned	none	module	ryr.hmm matched only 173 profile positions (< 200) — a shared module, not a family assignment	40.6	327.1	286.5	0.8759	2.6e-08	7.1e-95	7.1e-95	0.025	0.035	67	173	0.989	175	Ryr2_0	Sagittarius serpentarius	56258	0	RYR2 protein (Fragment)
A0A7L2HLK7	unassigned	none	module	ryr.hmm matched only 108 profile positions (< 200) — a shared module, not a family assignment	130.3	256.2	125.9	0.4914	2.4e-35	1.6e-73	1.6e-73	0.041	0.022	110	108	1.0	108	Ryr2_1	Sagittarius serpentarius	56258	0	RYR2 protein (Fragment)
A0A7L2HNN4	unassigned	none	module	itpr.hmm matched only 102 profile positions (< 200) — a shared module, not a family assignment	229.2	118.6	110.6	0.4825	3.6e-65	4.6e-32	3.6e-65	0.038	0.02	102	99	1.0	101	Itpr1_2	Sagittarius serpentarius	56258	0	ITPR1 protein (Fragment)
A0A7L2HRT9	unassigned	none	module	itpr.hmm matched only 81 profile positions (< 200) — a shared module, not a family assignment	109.3	0.0	109.3	1.0	5.1e-29		5.1e-29	0.03	0.0	81	0	0.988	82	Itpr1_0	Sagittarius serpentarius	56258	0	ITPR1 protein (Fragment)
A0A7L2I100	unassigned	none	module	ryr.hmm matched only 49 profile positions (< 200) — a shared module, not a family assignment	0.0	44.2	44.2	1.0		1.1e-09	1.1e-09	0.0	0.01	0	49	0.904	52	Ryr1	Sagittarius serpentarius	56258	0	RYR1 protein (Fragment)
A0A7L2IE53	unassigned	none	module	ryr.hmm matched only 44 profile positions (< 200) — a shared module, not a family assignment	0.0	46.2	46.2	1.0		3e-10	3e-10	0.0	0.009	0	44	0.979	47	Ryr3_0	Semnornis frantzii	91796	0	RYR3 protein (Fragment)
A0A7L2IG88	unassigned	none	module	ryr.hmm matched only 143 profile positions (< 200) — a shared module, not a family assignment	0.0	193.7	193.7	1.0		1.1e-54	1.1e-54	0.0	0.029	0	143	0.542	260	Ryr3_1	Semnornis frantzii	91796	0	RYR3 protein (Fragment)
A0A7L2IKY5	unassigned	none	module	itpr.hmm matched only 81 profile positions (< 200) — a shared module, not a family assignment	107.4	0.0	107.4	1.0	1.9e-28		1.9e-28	0.03	0.0	81	0	0.988	82	Itpr1_0	Semnornis frantzii	91796	0	ITPR1 protein (Fragment)
A0A7L2IST7	unassigned	none	module	itpr.hmm matched only 183 profile positions (< 200) — a shared module, not a family assignment	279.8	0.0	279.8	1.0	2.1e-80		2.1e-80	0.068	0.0	183	0	0.995	183	Itpr1_1	Semnornis frantzii	91796	0	Inositol 1,4,5-trisphosphate receptor (Fragment)
A0A7L2ITL2	unassigned	none	module	ryr.hmm matched only 173 profile positions (< 200) — a shared module, not a family assignment	41.5	321.4	279.9	0.8709	1.4e-08	3.7e-93	3.7e-93	0.028	0.035	75	173	0.983	175	Ryr3_3	Semnornis frantzii	91796	0	RYR3 protein (Fragment)
A0A7L2IUA4	unassigned	none	module	ryr.hmm matched only 108 profile positions (< 200) — a shared module, not a family assignment	133.2	256.2	123.0	0.4801	3.2e-36	1.6e-73	1.6e-73	0.041	0.022	110	108	1.0	108	Ryr3_4	Semnornis frantzii	91796	0	RYR3 protein (Fragment)
A0A7L2IX92	unassigned	none	module	itpr.hmm matched only 72 profile positions (< 200) — a shared module, not a family assignment	100.9	0.0	100.9	1.0	1.7e-26		1.7e-26	0.027	0.0	72	0	0.878	82	Itpr2_1	Semnornis frantzii	91796	0	ITPR2 protein (Fragment)
A0A7L2IZ71	unassigned	none	module	itpr.hmm matched only 188 profile positions (< 200) — a shared module, not a family assignment	286.1	0.0	286.1	1.0	2.7e-82		2.7e-82	0.07	0.0	188	0	0.995	188	Itpr2_0	Semnornis frantzii	91796	0	Inositol 1,4,5-trisphosphate receptor (Fragment)
A0A7L2JAD2	unassigned	none	module	ryr.hmm matched only 49 profile positions (< 200) — a shared module, not a family assignment	0.0	44.8	44.8	1.0		7.5e-10	7.5e-10	0.0	0.01	0	49	0.979	48	Ryr1_0	Cinclus mexicanus	161649	0	RYR1 protein (Fragment)
A0A7L2JGW1	unassigned	none	module	itpr.hmm matched only 81 profile positions (< 200) — a shared module, not a family assignment	103.4	0.0	103.4	1.0	3e-27		3e-27	0.03	0.0	81	0	0.964	83	Itpr1_0	Cinclus mexicanus	161649	0	ITPR1 protein (Fragment)
A0A7L2JH58	unassigned	none	module	ryr.hmm matched only 173 profile positions (< 200) — a shared module, not a family assignment	41.7	320.6	278.9	0.8699	1.2e-08	6.2e-93	6.2e-93	0.028	0.035	75	173	0.977	175	Ryr3_0	Cinclus mexicanus	161649	0	RYR3 protein (Fragment)
A0A7L2JLB4	unassigned	none	module	ryr.hmm matched only 173 profile positions (< 200) — a shared module, not a family assignment	34.8	249.5	214.7	0.8605	1.5e-06	1.7e-71	1.7e-71	0.02	0.035	54	173	0.974	156	Ryr2	Cinclus mexicanus	161649	0	RYR2 protein (Fragment)
A0A7L2K033	unassigned	none	module	itpr.hmm matched only 83 profile positions (< 200) — a shared module, not a family assignment	101.3	0.0	101.3	1.0	1.3e-26		1.3e-26	0.031	0.0	83	0	0.939	82	Itpr2_0	Cinclus mexicanus	161649	0	ITPR2 protein (Fragment)
A0A7L2KHK0	unassigned	none	module	ryr.hmm matched only 44 profile positions (< 200) — a shared module, not a family assignment	0.0	46.7	46.7	1.0		2e-10	2e-10	0.0	0.009	0	44	0.979	47	Ryr3_0	Zosterops hypoxanthus	2485327	0	RYR3 protein (Fragment)
A0A7L2KIF1	unassigned	none	module	ryr.hmm matched only 108 profile positions (< 200) — a shared module, not a family assignment	133.2	256.2	123.0	0.4801	3.2e-36	1.6e-73	1.6e-73	0.041	0.022	110	108	1.0	108	Ryr3_2	Zosterops hypoxanthus	2485327	0	RYR3 protein (Fragment)
A0A7L2KJ77	unassigned	none	module	ryr.hmm matched only 173 profile positions (< 200) — a shared module, not a family assignment	41.6	319.9	278.3	0.87	1.3e-08	1e-92	1e-92	0.028	0.035	75	173	0.983	174	Ryr3_1	Zosterops hypoxanthus	2485327	0	RYR3 protein (Fragment)
A0A7L2KK50	unassigned	none	module	itpr.hmm matched only 81 profile positions (< 200) — a shared module, not a family assignment	103.4	0.0	103.4	1.0	3e-27		3e-27	0.03	0.0	81	0	0.964	83	Itpr1	Zosterops hypoxanthus	2485327	0	ITPR1 protein (Fragment)
A0A7L2KPJ5	unassigned	none	module	itpr.hmm matched only 83 profile positions (< 200) — a shared module, not a family assignment	101.3	0.0	101.3	1.0	1.3e-26		1.3e-26	0.031	0.0	83	0	0.939	82	Itpr2_0	Zosterops hypoxanthus	2485327	0	ITPR2 protein (Fragment)
A0A7L2L3V6	unassigned	none	module	ryr.hmm matched only 108 profile positions (< 200) — a shared module, not a family assignment	130.3	256.2	125.9	0.4914	2.4e-35	1.6e-73	1.6e-73	0.041	0.022	110	108	1.0	108	Ryr2_2	Zosterops hypoxanthus	2485327	0	RYR2 protein (Fragment)
A0A7L2L3W0	unassigned	none	module	ryr.hmm matched only 173 profile positions (< 200) — a shared module, not a family assignment	41.3	326.5	285.2	0.8735	1.6e-08	1.1e-94	1.1e-94	0.028	0.035	75	173	0.977	177	Ryr2_1	Zosterops hypoxanthus	2485327	0	RYR2 protein (Fragment)
A0A7L2L3W6	unassigned	none	module	ryr.hmm matched only 54 profile positions (< 200) — a shared module, not a family assignment	68.3	123.3	55.0	0.4461	1.2e-16	1.7e-33	1.7e-33	0.021	0.011	56	54	1.0	56	Ryr1_0	Zosterops hypoxanthus	2485327	0	RYR1 protein (Fragment)
A0A7L2L5D9	unassigned	none	module	ryr.hmm matched only 49 profile positions (< 200) — a shared module, not a family assignment	0.0	44.8	44.8	1.0		7.5e-10	7.5e-10	0.0	0.01	0	49	0.979	48	Ryr1_1	Zosterops hypoxanthus	2485327	0	RYR1 protein (Fragment)
A0A7L2LGV8	unassigned	none	module	itpr.hmm matched only 81 profile positions (< 200) — a shared module, not a family assignment	103.4	0.0	103.4	1.0	3e-27		3e-27	0.03	0.0	81	0	0.964	83	Itpr1	Hippolais icterina	68497	0	ITPR1 protein (Fragment)
A0A7L2LR38	unassigned	none	module	itpr.hmm matched only 75 profile positions (< 200) — a shared module, not a family assignment	100.6	0.0	100.6	1.0	2.2e-26		2.2e-26	0.028	0.0	75	0	0.938	81	Itpr2_0	Hippolais icterina	68497	0	ITPR2 protein (Fragment)
A0A7L2M3G1	unassigned	none	module	ryr.hmm matched only 173 profile positions (< 200) — a shared module, not a family assignment	40.9	326.1	285.2	0.8746	2.1e-08	1.4e-94	1.4e-94	0.027	0.035	72	173	0.989	175	Ryr2_1	Hippolais icterina	68497	0	RYR2 protein (Fragment)
A0A7L2M3G2	unassigned	none	module	ryr.hmm matched only 108 profile positions (< 200) — a shared module, not a family assignment	130.3	256.2	125.9	0.4914	2.4e-35	1.6e-73	1.6e-73	0.041	0.022	110	108	1.0	108	Ryr2_2	Hippolais icterina	68497	0	RYR2 protein (Fragment)
A0A7L2M9S6	unassigned	none	module	ryr.hmm matched only 173 profile positions (< 200) — a shared module, not a family assignment	42.3	321.3	279.0	0.8683	8.1e-09	3.9e-93	3.9e-93	0.029	0.035	78	173	0.983	175	Ryr3_2	Hippolais icterina	68497	0	RYR3 protein (Fragment)
A0A7L2MAP2	unassigned	none	module	ryr.hmm matched only 108 profile positions (< 200) — a shared module, not a family assignment	133.2	256.2	123.0	0.4801	3.2e-36	1.6e-73	1.6e-73	0.041	0.022	110	108	1.0	108	Ryr3_3	Hippolais icterina	68497	0	RYR3 protein (Fragment)
A0A7L2MKB9	unassigned	none	module	itpr.hmm matched only 81 profile positions (< 200) — a shared module, not a family assignment	103.4	0.0	103.4	1.0	3e-27		3e-27	0.03	0.0	81	0	0.964	83	Itpr1_0	Rhadina sibilatrix	2585818	0	ITPR1 protein (Fragment)
A0A7L2ML98	unassigned	none	module	itpr.hmm matched only 102 profile positions (< 200) — a shared module, not a family assignment	229.2	118.6	110.6	0.4825	3.6e-65	4.6e-32	3.6e-65	0.038	0.02	102	99	1.0	101	Itpr1_1	Rhadina sibilatrix	2585818	0	ITPR1 protein (Fragment)
A0A7L2MSL8	unassigned	none	module	ryr.hmm matched only 49 profile positions (< 200) — a shared module, not a family assignment	0.0	44.8	44.8	1.0		7.5e-10	7.5e-10	0.0	0.01	0	49	0.979	48	Ryr1	Rhadina sibilatrix	2585818	0	RYR1 protein (Fragment)
A0A7L2MUB5	unassigned	none	module	ryr.hmm matched only 108 profile positions (< 200) — a shared module, not a family assignment	133.2	256.2	123.0	0.4801	3.2e-36	1.6e-73	1.6e-73	0.041	0.022	110	108	1.0	108	Ryr3_2	Rhadina sibilatrix	2585818	0	RYR3 protein (Fragment)
A0A7L2MV21	unassigned	none	module	ryr.hmm matched only 173 profile positions (< 200) — a shared module, not a family assignment	41.8	321.0	279.2	0.8698	1.1e-08	4.9e-93	4.9e-93	0.028	0.035	75	173	0.977	175	Ryr3_1	Rhadina sibilatrix	2585818	0	RYR3 protein (Fragment)
A0A7L2MW10	unassigned	none	module	itpr.hmm matched only 75 profile positions (< 200) — a shared module, not a family assignment	100.6	0.0	100.6	1.0	2.2e-26		2.2e-26	0.028	0.0	75	0	0.938	81	Itpr2_0	Rhadina sibilatrix	2585818	0	ITPR2 protein (Fragment)
A0A7L2NBJ7	unassigned	none	module	ryr.hmm matched only 108 profile positions (< 200) — a shared module, not a family assignment	130.3	256.2	125.9	0.4914	2.4e-35	1.6e-73	1.6e-73	0.041	0.022	110	108	1.0	108	Ryr2_3	Rhadina sibilatrix	2585818	0	RYR2 protein (Fragment)
A0A7L2NCF6	unassigned	none	module	ryr.hmm matched only 173 profile positions (< 200) — a shared module, not a family assignment	40.9	326.1	285.2	0.8746	2.1e-08	1.4e-94	1.4e-94	0.027	0.035	72	173	0.989	175	Ryr2_2	Rhadina sibilatrix	2585818	0	RYR2 protein (Fragment)
A0A7L2NIM7	unassigned	none	module	ryr.hmm matched only 108 profile positions (< 200) — a shared module, not a family assignment	130.3	256.2	125.9	0.4914	2.4e-35	1.6e-73	1.6e-73	0.041	0.022	110	108	1.0	108	Ryr2_1	Pycnonotus jocosus	182897	0	RYR2 protein (Fragment)
A0A7L2NKW7	unassigned	none	module	ryr.hmm matched only 173 profile positions (< 200) — a shared module, not a family assignment	40.9	326.1	285.2	0.8746	2.1e-08	1.4e-94	1.4e-94	0.027	0.035	72	173	0.989	175	Ryr2_0	Pycnonotus jocosus	182897	0	RYR2 protein (Fragment)
A0A7L2NY71	unassigned	none	module	itpr.hmm matched only 78 profile positions (< 200) — a shared module, not a family assignment	102.5	0.0	102.5	1.0	5.8e-27		5.8e-27	0.029	0.0	78	0	0.951	81	Itpr1_0	Pycnonotus jocosus	182897	0	ITPR1 protein (Fragment)
A0A7L2NYZ0	unassigned	none	module	itpr.hmm matched only 102 profile positions (< 200) — a shared module, not a family assignment	229.2	118.6	110.6	0.4825	3.6e-65	4.6e-32	3.6e-65	0.038	0.02	102	99	1.0	101	Itpr1_1	Pycnonotus jocosus	182897	0	ITPR1 protein (Fragment)
A0A7L2PAP8	unassigned	none	module	ryr.hmm matched only 173 profile positions (< 200) — a shared module, not a family assignment	43.0	319.5	276.5	0.8654	4.9e-09	1.4e-92	1.4e-92	0.03	0.035	81	173	0.983	175	Ryr3_1	Pycnonotus jocosus	182897	0	RYR3 protein (Fragment)
A0A7L2PC60	unassigned	none	module	ryr.hmm matched only 108 profile positions (< 200) — a shared module, not a family assignment	133.2	256.2	123.0	0.4801	3.2e-36	1.6e-73	1.6e-73	0.041	0.022	110	108	1.0	108	Ryr3_2	Pycnonotus jocosus	182897	0	RYR3 protein (Fragment)
A0A7L2PD65	unassigned	none	module	itpr.hmm matched only 75 profile positions (< 200) — a shared module, not a family assignment	100.6	0.0	100.6	1.0	2.2e-26		2.2e-26	0.028	0.0	75	0	0.938	81	Itpr2_0	Pycnonotus jocosus	182897	0	ITPR2 protein (Fragment)
A0A7L2PJD0	unassigned	none	module	ryr.hmm matched only 113 profile positions (< 200) — a shared module, not a family assignment	36.4	179.3	142.9	0.797	4.9e-07	2.4e-50	2.4e-50	0.022	0.023	59	113	1.0	115	Ryr1_0	Pycnonotus jocosus	182897	0	RYR1 protein (Fragment)
A0A7L2PKL6	unassigned	none	module	ryr.hmm matched only 74 profile positions (< 200) — a shared module, not a family assignment	77.3	165.1	87.8	0.5318	2.3e-19	4.3e-46	4.3e-46	0.028	0.015	75	74	0.927	82	Ryr1_1	Pycnonotus jocosus	182897	0	RYR1 protein (Fragment)
A0A7L2PX61	unassigned	none	module	itpr.hmm matched only 166 profile positions (< 200) — a shared module, not a family assignment	276.0	0.0	276.0	1.0	3e-79		3e-79	0.062	0.0	166	0	0.994	167	Itpr1_0	Hypocryptadius cinnamomeus	589841	0	Inositol 1,4,5-trisphosphate receptor (Fragment)
A0A7L2PZ69	unassigned	none	module	itpr.hmm matched only 75 profile positions (< 200) — a shared module, not a family assignment	100.6	0.0	100.6	1.0	2.2e-26		2.2e-26	0.028	0.0	75	0	0.938	81	Itpr2_0	Hypocryptadius cinnamomeus	589841	0	ITPR2 protein (Fragment)
A0A7L2Q3G1	unassigned	none	module	itpr.hmm matched only 81 profile positions (< 200) — a shared module, not a family assignment	103.4	0.0	103.4	1.0	3e-27		3e-27	0.03	0.0	81	0	0.964	83	Itpr1_1	Hypocryptadius cinnamomeus	589841	0	ITPR1 protein (Fragment)
A0A7L2Q539	unassigned	none	module	itpr.hmm matched only 102 profile positions (< 200) — a shared module, not a family assignment	229.2	118.6	110.6	0.4825	3.6e-65	4.6e-32	3.6e-65	0.038	0.02	102	99	1.0	101	Itpr1_2	Hypocryptadius cinnamomeus	589841	0	ITPR1 protein (Fragment)
A0A7L2QH21	unassigned	none	module	ryr.hmm matched only 138 profile positions (< 200) — a shared module, not a family assignment	0.0	109.0	109.0	1.0		3.4e-29	3.4e-29	0.0	0.028	0	138	0.921	164	Ryr1_0	Hypocryptadius cinnamomeus	589841	0	RYR1 protein (Fragment)
A0A7L2QIE8	unassigned	none	module	ryr.hmm matched only 49 profile positions (< 200) — a shared module, not a family assignment	0.0	44.1	44.1	1.0		1.3e-09	1.3e-09	0.0	0.01	0	49	0.676	71	Ryr1_1	Hypocryptadius cinnamomeus	589841	0	RYR1 protein (Fragment)
A0A7L2QMV7	unassigned	none	module	ryr.hmm matched only 108 profile positions (< 200) — a shared module, not a family assignment	132.3	253.4	121.1	0.4779	6.1e-36	1.1e-72	1.1e-72	0.041	0.022	110	108	1.0	108	Ryr1	Oxylabes madagascariensis	98144	0	RYR1 protein (Fragment)
A0A7L2QT21	unassigned	none	module	ryr.hmm matched only 54 profile positions (< 200) — a shared module, not a family assignment	69.0	123.7	54.7	0.4422	7.3e-17	1.3e-33	1.3e-33	0.021	0.011	56	54	1.0	56	Ryr3	Oxylabes madagascariensis	98144	0	RYR3 protein (Fragment)
A0A7L2R5M1	unassigned	none	module	itpr.hmm matched only 174 profile positions (< 200) — a shared module, not a family assignment	252.7	0.0	252.7	1.0	3e-72		3e-72	0.065	0.0	174	0	0.989	181	Itpr3_0	Oxylabes madagascariensis	98144	0	ITPR3 protein (Fragment)
A0A7L2S7V1	unassigned	none	module	ryr.hmm matched only 173 profile positions (< 200) — a shared module, not a family assignment	42.1	322.5	280.4	0.8695	9.3e-09	1.8e-93	1.8e-93	0.028	0.035	75	173	0.983	175	Ryr3_0	Mystacornis crossleyi	98133	0	RYR3 protein (Fragment)
A0A7L2S7V9	unassigned	none	module	ryr.hmm matched only 108 profile positions (< 200) — a shared module, not a family assignment	133.2	256.2	123.0	0.4801	3.2e-36	1.6e-73	1.6e-73	0.041	0.022	110	108	1.0	108	Ryr3_1	Mystacornis crossleyi	98133	0	RYR3 protein (Fragment)
A0A7L2SJ51	unassigned	none	module	ryr.hmm matched only 49 profile positions (< 200) — a shared module, not a family assignment	0.0	47.2	47.2	1.0		1.5e-10	1.5e-10	0.0	0.01	0	49	0.857	56	Ryr1_0	Mystacornis crossleyi	98133	0	RYR1 protein (Fragment)
A0A7L2T037	unassigned	none	module	itpr.hmm matched only 102 profile positions (< 200) — a shared module, not a family assignment	229.2	118.6	110.6	0.4825	3.6e-65	4.6e-32	3.6e-65	0.038	0.02	102	99	1.0	101	Itpr1_1	Pomatostomus ruficeps	9176	0	ITPR1 protein (Fragment)
A0A7L2T090	unassigned	none	module	itpr.hmm matched only 78 profile positions (< 200) — a shared module, not a family assignment	102.4	0.0	102.4	1.0	6.3e-27		6.3e-27	0.029	0.0	78	0	0.951	81	Itpr1_0	Pomatostomus ruficeps	9176	0	ITPR1 protein (Fragment)
A0A7L2TL54	unassigned	none	module	ryr.hmm matched only 173 profile positions (< 200) — a shared module, not a family assignment	42.5	321.1	278.6	0.8676	7.1e-09	4.4e-93	4.4e-93	0.029	0.035	78	173	0.983	175	Ryr3_1	Pomatostomus ruficeps	9176	0	RYR3 protein (Fragment)
A0A7L2TND9	unassigned	none	module	ryr.hmm matched only 49 profile positions (< 200) — a shared module, not a family assignment	0.0	45.7	45.7	1.0		4.2e-10	4.2e-10	0.0	0.01	0	49	0.923	52	Ryr1	Pomatostomus ruficeps	9176	0	RYR1 protein (Fragment)
A0A7L2TNJ4	unassigned	none	module	ryr.hmm matched only 108 profile positions (< 200) — a shared module, not a family assignment	133.2	256.2	123.0	0.4801	3.2e-36	1.6e-73	1.6e-73	0.041	0.022	110	108	1.0	108	Ryr3_2	Pomatostomus ruficeps	9176	0	RYR3 protein (Fragment)
A0A7L2TR31	unassigned	none	module	itpr.hmm matched only 75 profile positions (< 200) — a shared module, not a family assignment	100.6	0.0	100.6	1.0	2.2e-26		2.2e-26	0.028	0.0	75	0	0.938	81	Itpr2_1	Pomatostomus ruficeps	9176	0	ITPR2 protein (Fragment)
A0A7L2UDY8	unassigned	none	module	ryr.hmm matched only 49 profile positions (< 200) — a shared module, not a family assignment	0.0	43.4	43.4	1.0		2e-09	2e-09	0.0	0.01	0	49	0.676	71	Ryr1	Balaeniceps rex	33584	0	RYR1 protein (Fragment)
A0A7L2UI93	unassigned	none	module	ryr.hmm matched only 108 profile positions (< 200) — a shared module, not a family assignment	130.3	256.2	125.9	0.4914	2.4e-35	1.6e-73	1.6e-73	0.041	0.022	110	108	1.0	108	Ryr2	Balaeniceps rex	33584	0	RYR2 protein (Fragment)
A0A7L2UJE0	unassigned	none	module	itpr.hmm matched only 83 profile positions (< 200) — a shared module, not a family assignment	101.3	0.0	101.3	1.0	1.3e-26		1.3e-26	0.031	0.0	83	0	0.939	82	Itpr2	Balaeniceps rex	33584	0	ITPR2 protein (Fragment)
A0A7L2UKE3	unassigned	none	module	itpr.hmm matched only 81 profile positions (< 200) — a shared module, not a family assignment	109.3	0.0	109.3	1.0	5.1e-29		5.1e-29	0.03	0.0	81	0	0.988	82	Itpr1_0	Balaeniceps rex	33584	0	ITPR1 protein (Fragment)
A0A7L2V024	unassigned	none	module	itpr.hmm matched only 83 profile positions (< 200) — a shared module, not a family assignment	101.3	0.0	101.3	1.0	1.3e-26		1.3e-26	0.031	0.0	83	0	0.939	82	Itpr2_1	Brachypteracias leptosomus	135165	0	ITPR2 protein (Fragment)
A0A7L2V0U1	unassigned	none	module	ryr.hmm matched only 74 profile positions (< 200) — a shared module, not a family assignment	75.3	158.4	83.1	0.5246	8.9e-19	4.6e-44	4.6e-44	0.028	0.015	75	74	1.0	74	Ryr1_0	Brachypteracias leptosomus	135165	0	RYR1 protein (Fragment)
A0A7L2V5Q7	unassigned	none	module	itpr.hmm matched only 81 profile positions (< 200) — a shared module, not a family assignment	109.3	0.0	109.3	1.0	5.1e-29		5.1e-29	0.03	0.0	81	0	0.988	82	Itpr1_0	Brachypteracias leptosomus	135165	0	ITPR1 protein (Fragment)
A0A7L2VDY1	unassigned	none	module	ryr.hmm matched only 108 profile positions (< 200) — a shared module, not a family assignment	133.2	255.1	121.9	0.4779	3.2e-36	3.4e-73	3.4e-73	0.041	0.022	110	108	1.0	108	Ryr3_1	Brachypteracias leptosomus	135165	0	RYR3 protein (Fragment)
A0A7L2VH36	unassigned	none	module	ryr.hmm matched only 173 profile positions (< 200) — a shared module, not a family assignment	41.7	320.7	279.0	0.87	1.2e-08	5.8e-93	5.8e-93	0.028	0.035	75	173	0.983	174	Ryr3_0	Brachypteracias leptosomus	135165	0	RYR3 protein (Fragment)
A0A7L2VH74	unassigned	none	module	ryr.hmm matched only 44 profile positions (< 200) — a shared module, not a family assignment	0.0	44.8	44.8	1.0		7.5e-10	7.5e-10	0.0	0.009	0	44	0.979	47	Ryr1_1	Brachypteracias leptosomus	135165	0	RYR1 protein (Fragment)
A0A7L2W8V7	unassigned	none	module	itpr.hmm matched only 81 profile positions (< 200) — a shared module, not a family assignment	109.3	0.0	109.3	1.0	5.1e-29		5.1e-29	0.03	0.0	81	0	0.988	82	Itpr1_0	Pandion haliaetus	56262	0	ITPR1 protein (Fragment)
A0A7L2WFD9	unassigned	none	module	itpr.hmm matched only 83 profile positions (< 200) — a shared module, not a family assignment	101.3	0.0	101.3	1.0	1.3e-26		1.3e-26	0.031	0.0	83	0	0.939	82	Itpr2_0	Pandion haliaetus	56262	0	ITPR2 protein (Fragment)
A0A7L2WPL0	unassigned	none	module	ryr.hmm matched only 108 profile positions (< 200) — a shared module, not a family assignment	133.2	256.2	123.0	0.4801	3.2e-36	1.6e-73	1.6e-73	0.041	0.022	110	108	1.0	108	Ryr3_0	Pandion haliaetus	56262	0	RYR3 protein (Fragment)
A0A7L2WQT1	unassigned	none	module	ryr.hmm matched only 173 profile positions (< 200) — a shared module, not a family assignment	41.0	327.5	286.5	0.8748	1.9e-08	5.5e-95	5.5e-95	0.025	0.035	67	173	0.977	177	Ryr2_0	Pandion haliaetus	56262	0	RYR2 protein (Fragment)
A0A7L2WSR4	unassigned	none	module	ryr.hmm matched only 49 profile positions (< 200) — a shared module, not a family assignment	0.0	46.5	46.5	1.0		2.3e-10	2.3e-10	0.0	0.01	0	49	0.778	63	Ryr1	Pandion haliaetus	56262	0	RYR1 protein (Fragment)
A0A7L2WTK1	unassigned	none	module	ryr.hmm matched only 108 profile positions (< 200) — a shared module, not a family assignment	130.3	256.2	125.9	0.4914	2.4e-35	1.6e-73	1.6e-73	0.041	0.022	110	108	1.0	108	Ryr2_1	Pandion haliaetus	56262	0	RYR2 protein (Fragment)
A0A7L2X3Q6	unassigned	none	module	ryr.hmm matched only 99 profile positions (< 200) — a shared module, not a family assignment	0.0	96.6	96.6	1.0		1.9e-25	1.9e-25	0.0	0.02	0	99	1.0	88	Ryr3_2	Pandion haliaetus	56262	0	RYR3 protein (Fragment)
A0A7L2XAQ5	unassigned	none	module	ryr.hmm matched only 108 profile positions (< 200) — a shared module, not a family assignment	92.9	213.0	120.1	0.5638	4.5e-24	1.7e-60	1.7e-60	0.041	0.022	110	108	1.0	103	Ryr1_1	Erpornis zantholeuca	1112836	0	RYR1 protein (Fragment)
A0A7L2XBM0	unassigned	none	module	ryr.hmm matched only 173 profile positions (< 200) — a shared module, not a family assignment	35.1	304.5	269.4	0.8847	1.2e-06	4.4e-88	4.4e-88	0.022	0.035	59	173	0.994	173	Ryr1_0	Erpornis zantholeuca	1112836	0	RYR1 protein (Fragment)
A0A7L2XCA4	unassigned	none	module	itpr.hmm matched only 75 profile positions (< 200) — a shared module, not a family assignment	100.3	0.0	100.3	1.0	2.6e-26		2.6e-26	0.028	0.0	75	0	0.938	81	Itpr2_0	Erpornis zantholeuca	1112836	0	ITPR2 protein (Fragment)
A0A7L2XU10	unassigned	none	module	ryr.hmm matched only 173 profile positions (< 200) — a shared module, not a family assignment	41.6	320.5	278.9	0.8702	1.3e-08	7e-93	7e-93	0.028	0.035	75	173	0.988	173	Ryr3_1	Erpornis zantholeuca	1112836	0	RYR3 protein (Fragment)
A0A7L2XUF4	unassigned	none	module	ryr.hmm matched only 49 profile positions (< 200) — a shared module, not a family assignment	0.0	45.8	45.8	1.0		4e-10	4e-10	0.0	0.01	0	49	0.98	50	Ryr1_2	Erpornis zantholeuca	1112836	0	RYR1 protein (Fragment)
A0A7L2Y896	unassigned	none	module	ryr.hmm matched only 108 profile positions (< 200) — a shared module, not a family assignment	130.3	256.2	125.9	0.4914	2.4e-35	1.6e-73	1.6e-73	0.041	0.022	110	108	1.0	108	Ryr2_0	Jacana jacana	54508	0	RYR2 protein (Fragment)
A0A7L2YHP5	unassigned	none	module	itpr.hmm matched only 75 profile positions (< 200) — a shared module, not a family assignment	100.6	0.0	100.6	1.0	2.2e-26		2.2e-26	0.028	0.0	75	0	0.938	81	Itpr2_0	Jacana jacana	54508	0	ITPR2 protein (Fragment)
A0A7L2YT77	unassigned	none	module	ryr.hmm matched only 108 profile positions (< 200) — a shared module, not a family assignment	133.2	256.2	123.0	0.4801	3.2e-36	1.6e-73	1.6e-73	0.041	0.022	110	108	1.0	108	Ryr3_0	Jacana jacana	54508	0	RYR3 protein (Fragment)
A0A7L2Z247	unassigned	none	module	ryr.hmm matched only 94 profile positions (< 200) — a shared module, not a family assignment	0.0	167.1	167.1	1.0		1.1e-46	1.1e-46	0.0	0.019	0	94	0.941	102	Ryr2_2	Jacana jacana	54508	0	RYR2 protein (Fragment)
A0A7L2ZH82	unassigned	none	module	ryr.hmm matched only 49 profile positions (< 200) — a shared module, not a family assignment	0.0	44.5	44.5	1.0		9.2e-10	9.2e-10	0.0	0.01	0	49	0.686	70	Ryr1	Prunella fulvescens	670355	0	RYR1 protein (Fragment)
A0A7L2ZZH6	unassigned	none	module	itpr.hmm matched only 81 profile positions (< 200) — a shared module, not a family assignment	103.4	0.0	103.4	1.0	3e-27		3e-27	0.03	0.0	81	0	0.964	83	Itpr1_2	Prunella fulvescens	670355	0	ITPR1 protein (Fragment)
A0A7L3A3L4	unassigned	none	module	itpr.hmm matched only 83 profile positions (< 200) — a shared module, not a family assignment	101.3	0.0	101.3	1.0	1.3e-26		1.3e-26	0.031	0.0	83	0	0.939	82	Itpr2_0	Prunella fulvescens	670355	0	ITPR2 protein (Fragment)
A0A7L3A8A1	unassigned	none	module	ryr.hmm matched only 173 profile positions (< 200) — a shared module, not a family assignment	42.5	321.3	278.8	0.8677	7.1e-09	4e-93	4e-93	0.029	0.035	78	173	0.983	175	Ryr3_1	Prunella fulvescens	670355	0	RYR3 protein (Fragment)
A0A7L3AAR0	unassigned	none	module	ryr.hmm matched only 138 profile positions (< 200) — a shared module, not a family assignment	0.0	192.7	192.7	1.0		2.1e-54	2.1e-54	0.0	0.028	0	138	0.698	199	Ryr3_0	Syrrhaptes paradoxus	302527	0	RYR3 protein (Fragment)
A0A7L3ACD0	unassigned	none	module	ryr.hmm matched only 108 profile positions (< 200) — a shared module, not a family assignment	133.2	256.2	123.0	0.4801	3.2e-36	1.6e-73	1.6e-73	0.041	0.022	110	108	1.0	108	Ryr3_2	Prunella fulvescens	670355	0	RYR3 protein (Fragment)
A0A7L3AQJ1	unassigned	none	module	ryr.hmm matched only 74 profile positions (< 200) — a shared module, not a family assignment	77.0	168.7	91.7	0.5436	2.7e-19	3.7e-47	3.7e-47	0.028	0.015	75	74	0.95	80	Ryr1	Syrrhaptes paradoxus	302527	0	RYR1 protein (Fragment)
A0A7L3AV26	unassigned	none	module	ryr.hmm matched only 173 profile positions (< 200) — a shared module, not a family assignment	41.0	327.4	286.4	0.8748	2e-08	5.6e-95	5.6e-95	0.025	0.035	67	173	0.977	177	Ryr2_1	Syrrhaptes paradoxus	302527	0	RYR2 protein (Fragment)
A0A7L3B0G2	unassigned	none	module	ryr.hmm matched only 108 profile positions (< 200) — a shared module, not a family assignment	133.2	256.2	123.0	0.4801	3.2e-36	1.6e-73	1.6e-73	0.041	0.022	110	108	1.0	108	Ryr3_2	Syrrhaptes paradoxus	302527	0	RYR3 protein (Fragment)
A0A7L3B3P3	unassigned	none	module	itpr.hmm matched only 83 profile positions (< 200) — a shared module, not a family assignment	101.3	0.0	101.3	1.0	1.3e-26		1.3e-26	0.031	0.0	83	0	0.939	82	Itpr2_0	Syrrhaptes paradoxus	302527	0	ITPR2 protein (Fragment)
A0A7L3BBC6	unassigned	none	module	itpr.hmm matched only 81 profile positions (< 200) — a shared module, not a family assignment	109.1	0.0	109.1	1.0	6e-29		6e-29	0.03	0.0	81	0	0.988	82	Itpr1_0	Syrrhaptes paradoxus	302527	0	ITPR1 protein (Fragment)
A0A7L3BD24	unassigned	none	module	ryr.hmm matched only 173 profile positions (< 200) — a shared module, not a family assignment	0.0	256.9	256.9	1.0		9.9e-74	9.9e-74	0.0	0.035	0	173	0.988	164	Ryr3_3	Syrrhaptes paradoxus	302527	0	RYR3 protein (Fragment)
A0A7L3BHX1	unassigned	none	module	ryr.hmm matched only 108 profile positions (< 200) — a shared module, not a family assignment	130.3	256.2	125.9	0.4914	2.4e-35	1.6e-73	1.6e-73	0.041	0.022	110	108	1.0	108	Ryr2_2	Pelecanoides urinatrix	37079	0	RYR2 protein (Fragment)
A0A7L3BM14	unassigned	none	module	ryr.hmm matched only 173 profile positions (< 200) — a shared module, not a family assignment	41.0	327.5	286.5	0.8748	1.9e-08	5.5e-95	5.5e-95	0.025	0.035	67	173	0.977	177	Ryr2_1	Pelecanoides urinatrix	37079	0	RYR2 protein (Fragment)
A0A7L3BZF0	unassigned	none	module	itpr.hmm matched only 81 profile positions (< 200) — a shared module, not a family assignment	109.3	0.0	109.3	1.0	5.1e-29		5.1e-29	0.03	0.0	81	0	0.988	82	Itpr1_0	Pelecanoides urinatrix	37079	0	ITPR1 protein (Fragment)
A0A7L3C0X4	unassigned	none	module	itpr.hmm matched only 83 profile positions (< 200) — a shared module, not a family assignment	101.3	0.0	101.3	1.0	1.3e-26		1.3e-26	0.031	0.0	83	0	0.939	82	Itpr2_0	Pelecanoides urinatrix	37079	0	ITPR2 protein (Fragment)
A0A7L3C233	unassigned	none	module	ryr.hmm matched only 44 profile positions (< 200) — a shared module, not a family assignment	0.0	39.1	39.1	1.0		4e-08	4e-08	0.0	0.009	0	44	0.688	64	Ryr1	Pelecanoides urinatrix	37079	0	RYR1 protein (Fragment)
A0A7L3CL69	unassigned	none	module	ryr.hmm matched only 173 profile positions (< 200) — a shared module, not a family assignment	43.7	320.9	277.2	0.8638	3.1e-09	5.1e-93	5.1e-93	0.028	0.035	75	173	0.983	174	Ryr3_2	Pelecanoides urinatrix	37079	0	RYR3 protein (Fragment)
A0A7L3CL70	unassigned	none	module	ryr.hmm matched only 138 profile positions (< 200) — a shared module, not a family assignment	0.0	189.9	189.9	1.0		1.5e-53	1.5e-53	0.0	0.028	0	138	0.578	237	Ryr3_1	Pelecanoides urinatrix	37079	0	RYR3 protein (Fragment)
A0A7L3CLL3	unassigned	none	module	ryr.hmm matched only 54 profile positions (< 200) — a shared module, not a family assignment	69.0	123.7	54.7	0.4422	7.3e-17	1.3e-33	1.3e-33	0.021	0.011	56	54	1.0	56	Ryr3_3	Pelecanoides urinatrix	37079	0	RYR3 protein (Fragment)
A0A7L3CNW9	unassigned	none	module	ryr.hmm matched only 108 profile positions (< 200) — a shared module, not a family assignment	133.2	256.2	123.0	0.4801	3.2e-36	1.6e-73	1.6e-73	0.041	0.022	110	108	1.0	108	Ryr3_4	Pelecanoides urinatrix	37079	0	RYR3 protein (Fragment)
A0A7L3D1Y9	unassigned	none	module	ryr.hmm matched only 173 profile positions (< 200) — a shared module, not a family assignment	41.0	327.5	286.5	0.8748	1.9e-08	5.5e-95	5.5e-95	0.025	0.035	67	173	0.977	177	Ryr2_0	Pluvianellus socialis	227228	0	RYR2 protein (Fragment)
A0A7L3D835	unassigned	none	module	itpr.hmm matched only 81 profile positions (< 200) — a shared module, not a family assignment	109.3	0.0	109.3	1.0	5.1e-29		5.1e-29	0.03	0.0	81	0	0.988	82	Itpr1_0	Pluvianellus socialis	227228	0	ITPR1 protein (Fragment)
A0A7L3DEY2	unassigned	none	module	ryr.hmm matched only 173 profile positions (< 200) — a shared module, not a family assignment	41.6	320.7	279.1	0.8703	1.3e-08	5.8e-93	5.8e-93	0.028	0.035	75	173	0.983	174	Ryr3_1	Pluvianellus socialis	227228	0	RYR3 protein (Fragment)
A0A7L3DFB8	unassigned	none	module	ryr.hmm matched only 143 profile positions (< 200) — a shared module, not a family assignment	0.0	192.7	192.7	1.0		2.1e-54	2.1e-54	0.0	0.029	0	143	0.547	258	Ryr1_0	Pluvianellus socialis	227228	0	RYR1 protein (Fragment)
A0A7L3DFP5	unassigned	none	module	ryr.hmm matched only 49 profile positions (< 200) — a shared module, not a family assignment	0.0	45.5	45.5	1.0		4.8e-10	4.8e-10	0.0	0.01	0	49	0.686	70	Ryr1_1	Pluvianellus socialis	227228	0	RYR1 protein (Fragment)
A0A7L3DFS8	unassigned	none	module	itpr.hmm matched only 83 profile positions (< 200) — a shared module, not a family assignment	101.3	0.0	101.3	1.0	1.3e-26		1.3e-26	0.031	0.0	83	0	0.939	82	Itpr2_0	Pluvianellus socialis	227228	0	ITPR2 protein (Fragment)
A0A7L3DGB8	unassigned	none	module	ryr.hmm matched only 108 profile positions (< 200) — a shared module, not a family assignment	133.2	256.2	123.0	0.4801	3.2e-36	1.6e-73	1.6e-73	0.041	0.022	110	108	1.0	108	Ryr3_2	Pluvianellus socialis	227228	0	RYR3 protein (Fragment)
A0A7L3DLP4	unassigned	none	module	ryr.hmm matched only 94 profile positions (< 200) — a shared module, not a family assignment	0.0	130.4	130.4	1.0		1.3e-35	1.3e-35	0.0	0.019	0	94	0.556	169	Ryr1_2	Pluvianellus socialis	227228	0	RYR1 protein (Fragment)
A0A7L3DLY1	unassigned	none	module	ryr.hmm matched only 108 profile positions (< 200) — a shared module, not a family assignment	130.3	256.2	125.9	0.4914	2.4e-35	1.6e-73	1.6e-73	0.041	0.022	110	108	1.0	108	Ryr2_2	Pluvianellus socialis	227228	0	RYR2 protein (Fragment)
A0A7L3E075	unassigned	none	module	itpr.hmm matched only 83 profile positions (< 200) — a shared module, not a family assignment	101.3	0.0	101.3	1.0	1.3e-26		1.3e-26	0.031	0.0	83	0	0.939	82	Itpr2_0	Chaetops frenatus	221966	0	ITPR2 protein (Fragment)
A0A7L3EBR4	unassigned	none	module	ryr.hmm matched only 49 profile positions (< 200) — a shared module, not a family assignment	0.0	42.8	42.8	1.0		3.1e-09	3.1e-09	0.0	0.01	0	49	0.662	71	Ryr1	Chaetops frenatus	221966	0	RYR1 protein (Fragment)
A0A7L3EWX9	unassigned	none	module	ryr.hmm matched only 173 profile positions (< 200) — a shared module, not a family assignment	42.5	321.3	278.8	0.8677	7.1e-09	4e-93	4e-93	0.029	0.035	78	173	0.983	175	Ryr3_1	Chaetops frenatus	221966	0	RYR3 protein (Fragment)
A0A7L3F2K2	unassigned	none	module	itpr.hmm matched only 81 profile positions (< 200) — a shared module, not a family assignment	109.3	0.0	109.3	1.0	5.1e-29		5.1e-29	0.03	0.0	81	0	0.988	82	Itpr1_0	Zapornia atra	2585822	0	ITPR1 protein (Fragment)
A0A7L3F4B1	unassigned	none	module	itpr.hmm matched only 102 profile positions (< 200) — a shared module, not a family assignment	229.2	118.6	110.6	0.4825	3.6e-65	4.6e-32	3.6e-65	0.038	0.02	102	99	1.0	101	Itpr1_2	Zapornia atra	2585822	0	ITPR1 protein (Fragment)
A0A7L3F5M8	unassigned	none	module	ryr.hmm matched only 173 profile positions (< 200) — a shared module, not a family assignment	41.3	320.6	279.3	0.8712	1.6e-08	6.4e-93	6.4e-93	0.028	0.035	75	173	0.994	172	Ryr3_0	Zapornia atra	2585822	0	RYR3 protein (Fragment)
A0A7L3FGL1	unassigned	none	module	itpr.hmm matched only 75 profile positions (< 200) — a shared module, not a family assignment	100.6	0.0	100.6	1.0	2.2e-26		2.2e-26	0.028	0.0	75	0	0.938	81	Itpr2_0	Zapornia atra	2585822	0	ITPR2 protein (Fragment)
A0A7L3FT25	unassigned	none	module	ryr.hmm matched only 108 profile positions (< 200) — a shared module, not a family assignment	130.3	256.2	125.9	0.4914	2.4e-35	1.6e-73	1.6e-73	0.041	0.022	110	108	1.0	108	Ryr2_2	Zapornia atra	2585822	0	RYR2 protein (Fragment)
A0A7L3FTC0	unassigned	none	module	ryr.hmm matched only 173 profile positions (< 200) — a shared module, not a family assignment	40.9	327.3	286.4	0.875	2.2e-08	6.2e-95	6.2e-95	0.025	0.035	67	173	0.983	176	Ryr2_1	Zapornia atra	2585822	0	RYR2 protein (Fragment)
A0A7L3G143	unassigned	none	module	ryr.hmm matched only 108 profile positions (< 200) — a shared module, not a family assignment	133.2	256.2	123.0	0.4801	3.2e-36	1.6e-73	1.6e-73	0.041	0.022	110	108	1.0	108	Ryr3_1	Zapornia atra	2585822	0	RYR3 protein (Fragment)
A0A7L3G4G1	unassigned	none	module	ryr.hmm matched only 44 profile positions (< 200) — a shared module, not a family assignment	0.0	46.2	46.2	1.0		3e-10	3e-10	0.0	0.009	0	44	0.979	47	Ryr3_0	Anhinga rufa	317792	0	RYR3 protein (Fragment)
A0A7L3G5M9	unassigned	none	module	ryr.hmm matched only 108 profile positions (< 200) — a shared module, not a family assignment	130.3	256.2	125.9	0.4914	2.4e-35	1.6e-73	1.6e-73	0.041	0.022	110	108	1.0	108	Ryr2_0	Anhinga rufa	317792	0	RYR2 protein (Fragment)
A0A7L3GIF8	unassigned	none	module	ryr.hmm matched only 108 profile positions (< 200) — a shared module, not a family assignment	133.2	256.2	123.0	0.4801	3.2e-36	1.6e-73	1.6e-73	0.041	0.022	110	108	1.0	108	Ryr3_1	Anhinga rufa	317792	0	RYR3 protein (Fragment)
A0A7L3GJI3	unassigned	none	module	itpr.hmm matched only 81 profile positions (< 200) — a shared module, not a family assignment	109.3	0.0	109.3	1.0	5.1e-29		5.1e-29	0.03	0.0	81	0	0.988	82	Itpr1_1	Anhinga rufa	317792	0	ITPR1 protein (Fragment)
A0A7L3GW68	unassigned	none	module	itpr.hmm matched only 83 profile positions (< 200) — a shared module, not a family assignment	101.3	0.0	101.3	1.0	1.3e-26		1.3e-26	0.031	0.0	83	0	0.939	82	Itpr2_1	Anhinga rufa	317792	0	ITPR2 protein (Fragment)
A0A7L3H340	unassigned	none	module	itpr.hmm matched only 83 profile positions (< 200) — a shared module, not a family assignment	101.3	0.0	101.3	1.0	1.3e-26		1.3e-26	0.031	0.0	83	0	0.939	82	Itpr2_0	Buphagus erythrorhynchus	245048	0	ITPR2 protein (Fragment)
A0A7L3HCQ9	unassigned	none	module	ryr.hmm matched only 108 profile positions (< 200) — a shared module, not a family assignment	130.3	256.2	125.9	0.4914	2.4e-35	1.6e-73	1.6e-73	0.041	0.022	110	108	1.0	108	Ryr2	Buphagus erythrorhynchus	245048	0	RYR2 protein (Fragment)
A0A7L3HM19	unassigned	none	module	ryr.hmm matched only 128 profile positions (< 200) — a shared module, not a family assignment	36.1	215.8	179.7	0.8327	5.9e-07	2.3e-61	2.3e-61	0.022	0.026	59	128	0.977	131	Ryr1	Buphagus erythrorhynchus	245048	0	RYR1 protein (Fragment)
A0A7L3HTT7	unassigned	none	module	ryr.hmm matched only 108 profile positions (< 200) — a shared module, not a family assignment	133.2	256.2	123.0	0.4801	3.2e-36	1.6e-73	1.6e-73	0.041	0.022	110	108	1.0	108	Ryr3_2	Pardalotus punctatus	254575	0	RYR3 protein (Fragment)
A0A7L3HWB7	unassigned	none	module	ryr.hmm matched only 44 profile positions (< 200) — a shared module, not a family assignment	0.0	46.7	46.7	1.0		2e-10	2e-10	0.0	0.009	0	44	0.979	47	Ryr3_0	Pardalotus punctatus	254575	0	RYR3 protein (Fragment)
A0A7L3HWC8	unassigned	none	module	ryr.hmm matched only 173 profile positions (< 200) — a shared module, not a family assignment	42.4	320.4	278.0	0.8677	7.3e-09	7.1e-93	7.1e-93	0.029	0.035	78	173	0.989	174	Ryr3_1	Pardalotus punctatus	254575	0	RYR3 protein (Fragment)
A0A7L3IJX3	unassigned	none	module	itpr.hmm matched only 83 profile positions (< 200) — a shared module, not a family assignment	101.3	0.0	101.3	1.0	1.3e-26		1.3e-26	0.031	0.0	83	0	0.939	82	Itpr2_1	Pardalotus punctatus	254575	0	ITPR2 protein (Fragment)
A0A7L3J8M8	unassigned	none	module	itpr.hmm matched only 75 profile positions (< 200) — a shared module, not a family assignment	100.6	0.0	100.6	1.0	2.2e-26		2.2e-26	0.028	0.0	75	0	0.938	81	Itpr2_0	Thalassarche chlororhynchos	54017	0	ITPR2 protein (Fragment)
A0A7L3JMZ8	unassigned	none	module	ryr.hmm matched only 128 profile positions (< 200) — a shared module, not a family assignment	43.4	224.9	181.5	0.807	3.7e-09	4.2e-64	4.2e-64	0.029	0.026	78	128	0.985	130	Ryr3	Thalassarche chlororhynchos	54017	0	RYR3 protein (Fragment)
A0A7L3JQN3	unassigned	none	module	itpr.hmm matched only 81 profile positions (< 200) — a shared module, not a family assignment	109.3	0.0	109.3	1.0	5.1e-29		5.1e-29	0.03	0.0	81	0	0.988	82	Itpr1_0	Thalassarche chlororhynchos	54017	0	ITPR1 protein (Fragment)
A0A7L3JSF7	unassigned	none	module	itpr.hmm matched only 102 profile positions (< 200) — a shared module, not a family assignment	229.2	118.6	110.6	0.4825	3.6e-65	4.6e-32	3.6e-65	0.038	0.02	102	99	1.0	101	Itpr1_1	Thalassarche chlororhynchos	54017	0	ITPR1 protein (Fragment)
A0A7L3JV44	unassigned	none	module	ryr.hmm matched only 49 profile positions (< 200) — a shared module, not a family assignment	0.0	44.9	44.9	1.0		7.4e-10	7.4e-10	0.0	0.01	0	49	0.904	52	Ryr1_0	Thalassarche chlororhynchos	54017	0	RYR1 protein (Fragment)
A0A7L3JVM2	unassigned	none	module	ryr.hmm matched only 74 profile positions (< 200) — a shared module, not a family assignment	77.0	168.7	91.7	0.5436	2.7e-19	3.7e-47	3.7e-47	0.028	0.015	75	74	0.95	80	Ryr1_1	Thalassarche chlororhynchos	54017	0	RYR1 protein (Fragment)
A0A7L3K2S4	unassigned	none	module	ryr.hmm matched only 108 profile positions (< 200) — a shared module, not a family assignment	132.3	253.4	121.1	0.4779	6.1e-36	1.1e-72	1.1e-72	0.041	0.022	110	108	1.0	108	Ryr1	Drymodes brunneopygia	626378	0	RYR1 protein (Fragment)
A0A7L3K582	unassigned	none	module	ryr.hmm matched only 173 profile positions (< 200) — a shared module, not a family assignment	42.5	321.3	278.8	0.8677	7.1e-09	4e-93	4e-93	0.029	0.035	78	173	0.983	175	Ryr3_0	Drymodes brunneopygia	626378	0	RYR3 protein (Fragment)
A0A7L3K6F6	unassigned	none	module	ryr.hmm matched only 108 profile positions (< 200) — a shared module, not a family assignment	133.2	256.2	123.0	0.4801	3.2e-36	1.6e-73	1.6e-73	0.041	0.022	110	108	1.0	108	Ryr3_1	Drymodes brunneopygia	626378	0	RYR3 protein (Fragment)
A0A7L3K837	unassigned	none	module	itpr.hmm matched only 81 profile positions (< 200) — a shared module, not a family assignment	101.8	0.0	101.8	1.0	9.1e-27		9.1e-27	0.03	0.0	81	0	0.976	83	Itpr1	Drymodes brunneopygia	626378	0	ITPR1 protein (Fragment)
A0A7L3KMH8	unassigned	none	module	itpr.hmm matched only 83 profile positions (< 200) — a shared module, not a family assignment	101.3	0.0	101.3	1.0	1.3e-26		1.3e-26	0.031	0.0	83	0	0.939	82	Itpr2_1	Drymodes brunneopygia	626378	0	ITPR2 protein (Fragment)
A0A7L3KXB3	unassigned	none	module	ryr.hmm matched only 44 profile positions (< 200) — a shared module, not a family assignment	0.0	45.2	45.2	1.0		5.7e-10	5.7e-10	0.0	0.009	0	44	0.979	47	Ryr3_3	Drymodes brunneopygia	626378	0	RYR3 protein (Fragment)
A0A7L3L480	unassigned	none	module	itpr.hmm matched only 83 profile positions (< 200) — a shared module, not a family assignment	101.3	0.0	101.3	1.0	1.3e-26		1.3e-26	0.031	0.0	83	0	0.939	82	Itpr2_0	Turnix velox	2529409	0	ITPR2 protein (Fragment)
A0A7L3L621	unassigned	none	module	ryr.hmm matched only 44 profile positions (< 200) — a shared module, not a family assignment	0.0	40.8	40.8	1.0		1.2e-08	1.2e-08	0.0	0.009	0	44	0.979	47	Ryr1	Turnix velox	2529409	0	RYR1 protein (Fragment)
A0A7L3L685	unassigned	none	module	ryr.hmm matched only 108 profile positions (< 200) — a shared module, not a family assignment	130.3	256.2	125.9	0.4914	2.4e-35	1.6e-73	1.6e-73	0.041	0.022	110	108	1.0	108	Ryr2_1	Turnix velox	2529409	0	RYR2 protein (Fragment)
A0A7L3L6K9	unassigned	none	module	ryr.hmm matched only 173 profile positions (< 200) — a shared module, not a family assignment	40.8	327.1	286.3	0.8753	2.3e-08	6.7e-95	6.7e-95	0.025	0.035	67	173	0.977	177	Ryr2_0	Turnix velox	2529409	0	RYR2 protein (Fragment)
A0A7L3LFM4	unassigned	none	module	ryr.hmm matched only 108 profile positions (< 200) — a shared module, not a family assignment	133.2	256.2	123.0	0.4801	3.2e-36	1.6e-73	1.6e-73	0.041	0.022	110	108	1.0	108	Ryr3_1	Turnix velox	2529409	0	RYR3 protein (Fragment)
A0A7L3LGP8	unassigned	none	module	ryr.hmm matched only 173 profile positions (< 200) — a shared module, not a family assignment	42.4	321.9	279.5	0.8683	7.6e-09	2.5e-93	2.5e-93	0.029	0.035	78	173	0.989	174	Ryr3_0	Turnix velox	2529409	0	RYR3 protein (Fragment)
A0A7L3M4T2	unassigned	none	module	ryr.hmm matched only 148 profile positions (< 200) — a shared module, not a family assignment	0.0	268.4	268.4	1.0		3.3e-77	3.3e-77	0.0	0.03	0	148	0.993	150	Ryr3_1	Horornis vulcanius	2585811	0	RYR3 protein (Fragment)
A0A7L3MJQ9	unassigned	none	module	ryr.hmm matched only 54 profile positions (< 200) — a shared module, not a family assignment	68.3	123.3	55.0	0.4461	1.2e-16	1.7e-33	1.7e-33	0.021	0.011	56	54	1.0	56	Ryr1	Horornis vulcanius	2585811	0	RYR1 protein (Fragment)
A0A7L3MRH8	unassigned	none	module	itpr.hmm matched only 83 profile positions (< 200) — a shared module, not a family assignment	101.3	0.0	101.3	1.0	1.3e-26		1.3e-26	0.031	0.0	83	0	0.939	82	Itpr2_1	Horornis vulcanius	2585811	0	ITPR2 protein (Fragment)
A0A7L3MUS1	unassigned	none	module	itpr.hmm matched only 102 profile positions (< 200) — a shared module, not a family assignment	229.2	118.6	110.6	0.4825	3.6e-65	4.6e-32	3.6e-65	0.038	0.02	102	99	1.0	101	Itpr1_1	Oreotrochilus melanogaster	689266	0	ITPR1 protein (Fragment)
A0A7L3MV02	unassigned	none	module	itpr.hmm matched only 81 profile positions (< 200) — a shared module, not a family assignment	108.7	0.0	108.7	1.0	8e-29		8e-29	0.03	0.0	81	0	0.988	82	Itpr1_0	Oreotrochilus melanogaster	689266	0	ITPR1 protein (Fragment)
A0A7L3MY88	unassigned	none	module	itpr.hmm matched only 75 profile positions (< 200) — a shared module, not a family assignment	100.6	0.0	100.6	1.0	2.1e-26		2.1e-26	0.028	0.0	75	0	0.938	81	Itpr2_0	Oreotrochilus melanogaster	689266	0	ITPR2 protein (Fragment)
A0A7L3N086	unassigned	none	module	ryr.hmm matched only 108 profile positions (< 200) — a shared module, not a family assignment	130.3	256.2	125.9	0.4914	2.4e-35	1.6e-73	1.6e-73	0.041	0.022	110	108	1.0	108	Ryr2_3	Oreotrochilus melanogaster	689266	0	RYR2 protein (Fragment)
A0A7L3N0L7	unassigned	none	module	ryr.hmm matched only 173 profile positions (< 200) — a shared module, not a family assignment	40.6	327.1	286.5	0.8759	2.6e-08	7.1e-95	7.1e-95	0.025	0.035	67	173	0.989	175	Ryr2_2	Oreotrochilus melanogaster	689266	0	RYR2 protein (Fragment)
A0A7L3N180	unassigned	none	module	ryr.hmm matched only 173 profile positions (< 200) — a shared module, not a family assignment	42.6	322.3	279.7	0.8678	6.6e-09	1.9e-93	1.9e-93	0.029	0.035	78	173	0.983	175	Ryr3_0	Oreotrochilus melanogaster	689266	0	RYR3 protein (Fragment)
A0A7L3N1T1	unassigned	none	module	ryr.hmm matched only 108 profile positions (< 200) — a shared module, not a family assignment	133.2	256.2	123.0	0.4801	3.2e-36	1.6e-73	1.6e-73	0.041	0.022	110	108	1.0	108	Ryr3_1	Oreotrochilus melanogaster	689266	0	RYR3 protein (Fragment)
A0A7L3P7U0	unassigned	none	module	ryr.hmm matched only 173 profile positions (< 200) — a shared module, not a family assignment	41.3	326.5	285.2	0.8735	1.6e-08	1.1e-94	1.1e-94	0.028	0.035	75	173	0.977	177	Ryr2_1	Xiphorhynchus elegans	269412	0	RYR2 protein (Fragment)
A0A7L3P8D1	unassigned	none	module	ryr.hmm matched only 108 profile positions (< 200) — a shared module, not a family assignment	130.3	256.2	125.9	0.4914	2.4e-35	1.6e-73	1.6e-73	0.041	0.022	110	108	1.0	108	Ryr2_2	Xiphorhynchus elegans	269412	0	RYR2 protein (Fragment)
A0A7L3PFR6	unassigned	none	module	itpr.hmm matched only 83 profile positions (< 200) — a shared module, not a family assignment	101.3	0.0	101.3	1.0	1.3e-26		1.3e-26	0.031	0.0	83	0	0.939	82	Itpr2_1	Xiphorhynchus elegans	269412	0	ITPR2 protein (Fragment)
A0A7L3PLB8	unassigned	none	module	ryr.hmm matched only 108 profile positions (< 200) — a shared module, not a family assignment	133.2	256.2	123.0	0.4801	3.2e-36	1.6e-73	1.6e-73	0.041	0.022	110	108	1.0	108	Ryr3_2	Xiphorhynchus elegans	269412	0	RYR3 protein (Fragment)
A0A7L3PM25	unassigned	none	module	ryr.hmm matched only 54 profile positions (< 200) — a shared module, not a family assignment	68.3	123.3	55.0	0.4461	1.2e-16	1.7e-33	1.7e-33	0.021	0.011	56	54	1.0	56	Ryr1	Xiphorhynchus elegans	269412	0	RYR1 protein (Fragment)
A0A7L3PNU0	unassigned	none	module	itpr.hmm matched only 153 profile positions (< 200) — a shared module, not a family assignment	267.7	76.5	191.2	0.7142	9e-77	2.1e-19	9e-77	0.057	0.025	153	123	1.0	193	Itpr1_2	Xiphorhynchus elegans	269412	0	ITPR1 protein (Fragment)
A0A7L3PP66	unassigned	none	module	ryr.hmm matched only 44 profile positions (< 200) — a shared module, not a family assignment	0.0	46.2	46.2	1.0		3e-10	3e-10	0.0	0.009	0	44	0.979	47	Ryr3_1	Xiphorhynchus elegans	269412	0	RYR3 protein (Fragment)
A0A7L3PQI1	unassigned	none	module	itpr.hmm matched only 78 profile positions (< 200) — a shared module, not a family assignment	104.1	0.0	104.1	1.0	2e-27		2e-27	0.029	0.0	78	0	0.94	83	Itpr1_1	Xiphorhynchus elegans	269412	0	ITPR1 protein (Fragment)
A0A7L3Q7T3	unassigned	none	module	ryr.hmm matched only 108 profile positions (< 200) — a shared module, not a family assignment	132.3	253.4	121.1	0.4779	6.1e-36	1.1e-72	1.1e-72	0.041	0.022	110	108	1.0	108	Ryr1_0	Cettia cetti	68486	0	RYR1 protein (Fragment)
A0A7L3Q8M8	unassigned	none	module	ryr.hmm matched only 104 profile positions (< 200) — a shared module, not a family assignment	0.0	63.6	63.6	1.0		1.7e-15	1.7e-15	0.0	0.021	0	104	0.665	164	Ryr1_1	Cettia cetti	68486	0	RYR1 protein (Fragment)
A0A7L3QK90	unassigned	none	module	ryr.hmm matched only 108 profile positions (< 200) — a shared module, not a family assignment	130.3	256.2	125.9	0.4914	2.4e-35	1.6e-73	1.6e-73	0.041	0.022	110	108	1.0	108	Ryr2_0	Cettia cetti	68486	0	RYR2 protein (Fragment)
A0A7L3QRZ4	unassigned	none	module	ryr.hmm matched only 173 profile positions (< 200) — a shared module, not a family assignment	42.3	321.3	279.0	0.8683	8.1e-09	3.9e-93	3.9e-93	0.029	0.035	78	173	0.983	175	Ryr3_1	Cettia cetti	68486	0	RYR3 protein (Fragment)
A0A7L3QTW6	unassigned	none	module	ryr.hmm matched only 44 profile positions (< 200) — a shared module, not a family assignment	0.0	46.7	46.7	1.0		2e-10	2e-10	0.0	0.009	0	44	0.979	47	Ryr3_0	Cettia cetti	68486	0	RYR3 protein (Fragment)
A0A7L3QVS9	unassigned	none	module	ryr.hmm matched only 108 profile positions (< 200) — a shared module, not a family assignment	133.2	256.2	123.0	0.4801	3.2e-36	1.6e-73	1.6e-73	0.041	0.022	110	108	1.0	108	Ryr3_2	Cettia cetti	68486	0	RYR3 protein (Fragment)
A0A7L3QW48	unassigned	none	module	itpr.hmm matched only 83 profile positions (< 200) — a shared module, not a family assignment	101.3	0.0	101.3	1.0	1.3e-26		1.3e-26	0.031	0.0	83	0	0.939	82	Itpr2_1	Cettia cetti	68486	0	ITPR2 protein (Fragment)
A0A7L3R2Y8	unassigned	none	module	ryr.hmm matched only 49 profile positions (< 200) — a shared module, not a family assignment	0.0	45.0	45.0	1.0		6.8e-10	6.8e-10	0.0	0.01	0	49	0.904	52	Ryr1_2	Cettia cetti	68486	0	RYR1 protein (Fragment)
A0A7L3RBB2	unassigned	none	module	itpr.hmm matched only 83 profile positions (< 200) — a shared module, not a family assignment	101.3	0.0	101.3	1.0	1.3e-26		1.3e-26	0.031	0.0	83	0	0.939	82	Itpr2_0	Cepphus grylle	28697	0	ITPR2 protein (Fragment)
A0A7L3RC44	unassigned	none	module	itpr.hmm matched only 81 profile positions (< 200) — a shared module, not a family assignment	109.1	0.0	109.1	1.0	5.9e-29		5.9e-29	0.03	0.0	81	0	0.988	82	Itpr1_0	Cepphus grylle	28697	0	ITPR1 protein (Fragment)
A0A7L3RLY8	unassigned	none	module	ryr.hmm matched only 44 profile positions (< 200) — a shared module, not a family assignment	0.0	44.6	44.6	1.0		9e-10	9e-10	0.0	0.009	0	44	0.979	47	Ryr3_0	Cepphus grylle	28697	0	RYR3 protein (Fragment)
A0A7L3RME3	unassigned	none	module	ryr.hmm matched only 108 profile positions (< 200) — a shared module, not a family assignment	133.2	256.2	123.0	0.4801	3.2e-36	1.6e-73	1.6e-73	0.041	0.022	110	108	1.0	108	Ryr3_2	Cepphus grylle	28697	0	RYR3 protein (Fragment)
A0A7L3RQB7	unassigned	none	module	ryr.hmm matched only 173 profile positions (< 200) — a shared module, not a family assignment	41.6	319.9	278.3	0.87	1.3e-08	1e-92	1e-92	0.028	0.035	75	173	0.983	174	Ryr3_1	Cepphus grylle	28697	0	RYR3 protein (Fragment)
A0A7L3SG61	unassigned	none	module	ryr.hmm matched only 44 profile positions (< 200) — a shared module, not a family assignment	0.0	44.4	44.4	1.0		1e-09	1e-09	0.0	0.009	0	44	0.979	47	Ryr1	Cepphus grylle	28697	0	RYR1 protein (Fragment)
A0A7L3SHR9	unassigned	none	module	ryr.hmm matched only 108 profile positions (< 200) — a shared module, not a family assignment	133.2	256.2	123.0	0.4801	3.2e-36	1.6e-73	1.6e-73	0.041	0.022	110	108	1.0	108	Ryr3_2	Rissa tridactyla	75485	0	RYR3 protein (Fragment)
A0A7L3SIC9	unassigned	none	module	ryr.hmm matched only 173 profile positions (< 200) — a shared module, not a family assignment	42.4	320.6	278.2	0.8677	7.6e-09	6.2e-93	6.2e-93	0.029	0.035	78	173	0.989	174	Ryr3_1	Rissa tridactyla	75485	0	RYR3 protein (Fragment)
A0A7L3SL29	unassigned	none	module	ryr.hmm matched only 143 profile positions (< 200) — a shared module, not a family assignment	0.0	191.7	191.7	1.0		4.2e-54	4.2e-54	0.0	0.029	0	143	0.565	255	Ryr3_0	Rissa tridactyla	75485	0	RYR3 protein (Fragment)
A0A7L3SNP5	unassigned	none	module	itpr.hmm matched only 83 profile positions (< 200) — a shared module, not a family assignment	101.3	0.0	101.3	1.0	1.3e-26		1.3e-26	0.031	0.0	83	0	0.939	82	Itpr2_0	Rissa tridactyla	75485	0	ITPR2 protein (Fragment)
A0A7L3T3W7	unassigned	none	module	itpr.hmm matched only 81 profile positions (< 200) — a shared module, not a family assignment	109.1	0.0	109.1	1.0	5.9e-29		5.9e-29	0.03	0.0	81	0	0.988	82	Itpr1_0	Rissa tridactyla	75485	0	ITPR1 protein (Fragment)
A0A7L3TJE7	unassigned	none	module	ryr.hmm matched only 49 profile positions (< 200) — a shared module, not a family assignment	0.0	43.7	43.7	1.0		1.7e-09	1.7e-09	0.0	0.01	0	49	0.676	71	Ryr1	Rissa tridactyla	75485	0	RYR1 protein (Fragment)
A0A7L3TND6	unassigned	none	module	itpr.hmm matched only 81 profile positions (< 200) — a shared module, not a family assignment	109.1	0.0	109.1	1.0	5.9e-29		5.9e-29	0.03	0.0	81	0	0.988	82	Itpr1_0	Uria aalge	13746	0	ITPR1 protein (Fragment)
A0A7L3U7T1	unassigned	none	module	itpr.hmm matched only 83 profile positions (< 200) — a shared module, not a family assignment	101.3	0.0	101.3	1.0	1.3e-26		1.3e-26	0.031	0.0	83	0	0.939	82	Itpr2_0	Uria aalge	13746	0	ITPR2 protein (Fragment)
A0A7L3UN61	unassigned	none	module	ryr.hmm matched only 49 profile positions (< 200) — a shared module, not a family assignment	0.0	44.6	44.6	1.0		8.6e-10	8.6e-10	0.0	0.01	0	49	0.855	55	Ryr1	Uria aalge	13746	0	RYR1 protein (Fragment)
A0A7L3UPK8	unassigned	none	module	ryr.hmm matched only 108 profile positions (< 200) — a shared module, not a family assignment	133.2	256.2	123.0	0.4801	3.2e-36	1.6e-73	1.6e-73	0.041	0.022	110	108	1.0	108	Ryr3_1	Uria aalge	13746	0	RYR3 protein (Fragment)
A0A7L3UPQ9	unassigned	none	module	ryr.hmm matched only 173 profile positions (< 200) — a shared module, not a family assignment	41.6	319.9	278.3	0.87	1.3e-08	1e-92	1e-92	0.028	0.035	75	173	0.983	174	Ryr3_0	Uria aalge	13746	0	RYR3 protein (Fragment)
A0A7L3US04	unassigned	none	module	ryr.hmm matched only 108 profile positions (< 200) — a shared module, not a family assignment	132.3	253.4	121.1	0.4779	6.1e-36	1.1e-72	1.1e-72	0.041	0.022	110	108	1.0	108	Ryr1_0	Molothrus ater	84834	0	RYR1 protein (Fragment)
A0A7L3USE6	unassigned	none	module	itpr.hmm matched only 83 profile positions (< 200) — a shared module, not a family assignment	101.3	0.0	101.3	1.0	1.3e-26		1.3e-26	0.031	0.0	83	0	0.939	82	Itpr2_0	Molothrus ater	84834	0	ITPR2 protein (Fragment)
A0A7L3UXC6	unassigned	none	module	itpr.hmm matched only 81 profile positions (< 200) — a shared module, not a family assignment	103.4	0.0	103.4	1.0	3e-27		3e-27	0.03	0.0	81	0	0.964	83	Itpr1_0	Molothrus ater	84834	0	ITPR1 protein (Fragment)
A0A7L3UZV8	unassigned	none	module	ryr.hmm matched only 49 profile positions (< 200) — a shared module, not a family assignment	0.0	45.3	45.3	1.0		5.3e-10	5.3e-10	0.0	0.01	0	49	0.923	52	Ryr1_2	Molothrus ater	84834	0	RYR1 protein (Fragment)
A0A7L3V1T1	unassigned	none	module	ryr.hmm matched only 113 profile positions (< 200) — a shared module, not a family assignment	36.2	189.1	152.9	0.8086	5.4e-07	2.7e-53	2.7e-53	0.022	0.023	59	113	0.695	164	Ryr1_3	Molothrus ater	84834	0	RYR1 protein (Fragment)
A0A7L3V9Q2	unassigned	none	module	ryr.hmm matched only 44 profile positions (< 200) — a shared module, not a family assignment	0.0	46.7	46.7	1.0		2e-10	2e-10	0.0	0.009	0	44	0.979	47	Ryr3_0	Molothrus ater	84834	0	RYR3 protein (Fragment)
A0A7L3VBI5	unassigned	none	module	ryr.hmm matched only 173 profile positions (< 200) — a shared module, not a family assignment	42.5	321.0	278.5	0.8676	7.2e-09	4.9e-93	4.9e-93	0.029	0.035	78	173	0.977	175	Ryr3_1	Molothrus ater	84834	0	RYR3 protein (Fragment)
A0A7L3VBX5	unassigned	none	module	ryr.hmm matched only 108 profile positions (< 200) — a shared module, not a family assignment	133.2	256.2	123.0	0.4801	3.2e-36	1.6e-73	1.6e-73	0.041	0.022	110	108	1.0	108	Ryr3_2	Molothrus ater	84834	0	RYR3 protein (Fragment)
A0A7L3WBK6	unassigned	none	module	ryr.hmm matched only 99 profile positions (< 200) — a shared module, not a family assignment	0.0	149.7	149.7	1.0		1.9e-41	1.9e-41	0.0	0.02	0	99	0.971	103	Ryr1_1	Atlantisia rogersi	2478892	0	RYR1 protein (Fragment)
A0A7L3WCQ2	unassigned	none	module	ryr.hmm matched only 49 profile positions (< 200) — a shared module, not a family assignment	0.0	42.6	42.6	1.0		3.6e-09	3.6e-09	0.0	0.01	0	49	0.676	71	Ryr1_2	Atlantisia rogersi	2478892	0	RYR1 protein (Fragment)
A0A7L3WFB4	unassigned	none	module	ryr.hmm matched only 108 profile positions (< 200) — a shared module, not a family assignment	130.3	256.2	125.9	0.4914	2.4e-35	1.6e-73	1.6e-73	0.041	0.022	110	108	1.0	108	Ryr2_1	Atlantisia rogersi	2478892	0	RYR2 protein (Fragment)
A0A7L3WFI7	unassigned	none	module	ryr.hmm matched only 44 profile positions (< 200) — a shared module, not a family assignment	0.0	44.9	44.9	1.0		7.2e-10	7.2e-10	0.0	0.009	0	44	0.979	47	Ryr3_0	Atlantisia rogersi	2478892	0	RYR3 protein (Fragment)
A0A7L3WG35	unassigned	none	module	ryr.hmm matched only 173 profile positions (< 200) — a shared module, not a family assignment	41.5	320.8	279.3	0.8706	1.4e-08	5.6e-93	5.6e-93	0.028	0.035	75	173	0.983	174	Ryr3_1	Atlantisia rogersi	2478892	0	RYR3 protein (Fragment)
A0A7L3WGL0	unassigned	none	module	ryr.hmm matched only 173 profile positions (< 200) — a shared module, not a family assignment	41.0	327.7	286.7	0.8749	2e-08	4.7e-95	4.7e-95	0.025	0.035	67	173	0.977	177	Ryr2_0	Atlantisia rogersi	2478892	0	RYR2 protein (Fragment)
A0A7L3WIT5	unassigned	none	module	ryr.hmm matched only 108 profile positions (< 200) — a shared module, not a family assignment	133.2	256.2	123.0	0.4801	3.2e-36	1.6e-73	1.6e-73	0.041	0.022	110	108	1.0	108	Ryr3_2	Atlantisia rogersi	2478892	0	RYR3 protein (Fragment)
A0A7L3WPZ3	unassigned	none	module	itpr.hmm matched only 83 profile positions (< 200) — a shared module, not a family assignment	101.3	0.0	101.3	1.0	1.3e-26		1.3e-26	0.031	0.0	83	0	0.939	82	Itpr2_0	Atlantisia rogersi	2478892	0	ITPR2 protein (Fragment)
A0A7L3WW79	unassigned	none	module	ryr.hmm matched only 99 profile positions (< 200) — a shared module, not a family assignment	124.2	226.8	102.6	0.4524	1.6e-33	1.1e-64	1.1e-64	0.037	0.02	99	99	0.98	100	Ryr1_3	Atlantisia rogersi	2478892	0	RYR1 protein (Fragment)
A0A7L3X2E9	unassigned	none	module	ryr.hmm matched only 104 profile positions (< 200) — a shared module, not a family assignment	0.0	65.0	65.0	1.0		6.5e-16	6.5e-16	0.0	0.021	0	104	0.685	165	Ryr1_4	Atlantisia rogersi	2478892	0	RYR1 protein (Fragment)
A0A7L3X543	unassigned	none	module	itpr.hmm matched only 81 profile positions (< 200) — a shared module, not a family assignment	109.3	0.0	109.3	1.0	5.1e-29		5.1e-29	0.03	0.0	81	0	0.988	82	Itpr1_1	Atlantisia rogersi	2478892	0	ITPR1 protein (Fragment)
A0A7L3XC65	unassigned	none	module	ryr.hmm matched only 187 profile positions (< 200) — a shared module, not a family assignment	0.0	188.5	188.5	1.0		4e-53	4e-53	0.0	0.038	0	187	0.985	196	Ryr1_0	Calonectris borealis	1323832	0	RYR1 protein (Fragment)
A0A7L3XCQ6	unassigned	none	module	itpr.hmm matched only 83 profile positions (< 200) — a shared module, not a family assignment	101.3	0.0	101.3	1.0	1.3e-26		1.3e-26	0.031	0.0	83	0	0.939	82	Itpr2_0	Calonectris borealis	1323832	0	ITPR2 protein (Fragment)
A0A7L3XD12	unassigned	none	module	ryr.hmm matched only 143 profile positions (< 200) — a shared module, not a family assignment	0.0	193.7	193.7	1.0		1.1e-54	1.1e-54	0.0	0.029	0	143	0.714	199	Ryr3_0	Calonectris borealis	1323832	0	RYR3 protein (Fragment)
A0A7L3XGX1	unassigned	none	module	ryr.hmm matched only 49 profile positions (< 200) — a shared module, not a family assignment	0.0	44.7	44.7	1.0		8.1e-10	8.1e-10	0.0	0.01	0	49	0.696	69	Ryr1_1	Calonectris borealis	1323832	0	RYR1 protein (Fragment)
A0A7L3XJW0	unassigned	none	module	ryr.hmm matched only 108 profile positions (< 200) — a shared module, not a family assignment	130.3	256.2	125.9	0.4914	2.4e-35	1.6e-73	1.6e-73	0.041	0.022	110	108	1.0	108	Ryr2_1	Calonectris borealis	1323832	0	RYR2 protein (Fragment)
A0A7L3XN99	unassigned	none	module	ryr.hmm matched only 173 profile positions (< 200) — a shared module, not a family assignment	41.2	327.4	286.2	0.8742	1.7e-08	5.9e-95	5.9e-95	0.025	0.035	67	173	0.977	177	Ryr2_0	Calonectris borealis	1323832	0	RYR2 protein (Fragment)
A0A7L3Y924	unassigned	none	module	ryr.hmm matched only 173 profile positions (< 200) — a shared module, not a family assignment	43.7	320.9	277.2	0.8638	3.1e-09	5.1e-93	5.1e-93	0.028	0.035	75	173	0.983	174	Ryr3_2	Calonectris borealis	1323832	0	RYR3 protein (Fragment)
A0A7L3YA88	unassigned	none	module	itpr.hmm matched only 81 profile positions (< 200) — a shared module, not a family assignment	109.3	0.0	109.3	1.0	5.1e-29		5.1e-29	0.03	0.0	81	0	0.988	82	Itpr1_0	Calonectris borealis	1323832	0	ITPR1 protein (Fragment)
A0A7L3YC26	unassigned	none	module	ryr.hmm matched only 108 profile positions (< 200) — a shared module, not a family assignment	132.3	253.4	121.1	0.4779	6.1e-36	1.1e-72	1.1e-72	0.041	0.022	110	108	1.0	108	Ryr1_2	Calonectris borealis	1323832	0	RYR1 protein (Fragment)
A0A7L3YDC9	unassigned	none	module	ryr.hmm matched only 108 profile positions (< 200) — a shared module, not a family assignment	133.2	256.2	123.0	0.4801	3.2e-36	1.6e-73	1.6e-73	0.041	0.022	110	108	1.0	108	Ryr3_3	Calonectris borealis	1323832	0	RYR3 protein (Fragment)
A0A7L3YK62	unassigned	none	module	itpr.hmm matched only 83 profile positions (< 200) — a shared module, not a family assignment	101.3	0.0	101.3	1.0	1.3e-26		1.3e-26	0.031	0.0	83	0	0.939	82	Itpr2_0	Fregetta grallaria	79628	0	ITPR2 protein (Fragment)
A0A7L3YRL5	unassigned	none	module	itpr.hmm matched only 81 profile positions (< 200) — a shared module, not a family assignment	109.0	0.0	109.0	1.0	6.3e-29		6.3e-29	0.03	0.0	81	0	0.988	82	Itpr1_0	Fregetta grallaria	79628	0	ITPR1 protein (Fragment)
A0A7L3YTG7	unassigned	none	module	ryr.hmm matched only 108 profile positions (< 200) — a shared module, not a family assignment	130.3	256.2	125.9	0.4914	2.4e-35	1.6e-73	1.6e-73	0.041	0.022	110	108	1.0	108	Ryr2_0	Fregetta grallaria	79628	0	RYR2 protein (Fragment)
A0A7L3Z9N9	unassigned	none	module	ryr.hmm matched only 108 profile positions (< 200) — a shared module, not a family assignment	133.2	256.2	123.0	0.4801	3.2e-36	1.6e-73	1.6e-73	0.041	0.022	110	108	1.0	108	Ryr3_2	Fregetta grallaria	79628	0	RYR3 protein (Fragment)
A0A7L3Z9Q8	unassigned	none	module	ryr.hmm matched only 173 profile positions (< 200) — a shared module, not a family assignment	42.6	321.1	278.5	0.8673	6.5e-09	4.4e-93	4.4e-93	0.029	0.035	78	173	0.989	174	Ryr3_1	Fregetta grallaria	79628	0	RYR3 protein (Fragment)
A0A7L3ZA87	unassigned	none	module	ryr.hmm matched only 143 profile positions (< 200) — a shared module, not a family assignment	0.0	191.7	191.7	1.0		4.3e-54	4.3e-54	0.0	0.029	0	143	0.59	239	Ryr3_0	Fregetta grallaria	79628	0	RYR3 protein (Fragment)
A0A7L3ZKL9	unassigned	none	module	itpr.hmm matched only 81 profile positions (< 200) — a shared module, not a family assignment	109.3	0.0	109.3	1.0	5.1e-29		5.1e-29	0.03	0.0	81	0	0.988	82	Itpr1_0	Circaetus pectoralis	321084	0	ITPR1 protein (Fragment)
A0A7L3ZUS2	unassigned	none	module	itpr.hmm matched only 83 profile positions (< 200) — a shared module, not a family assignment	100.3	0.0	100.3	1.0	2.7e-26		2.7e-26	0.031	0.0	83	0	0.939	82	Itpr2_0	Circaetus pectoralis	321084	0	ITPR2 protein (Fragment)
A0A7L3ZWS7	unassigned	none	module	ryr.hmm matched only 108 profile positions (< 200) — a shared module, not a family assignment	133.2	256.2	123.0	0.4801	3.2e-36	1.6e-73	1.6e-73	0.041	0.022	110	108	1.0	108	Ryr3_1	Circaetus pectoralis	321084	0	RYR3 protein (Fragment)
A0A7L3ZYS7	unassigned	none	module	ryr.hmm matched only 173 profile positions (< 200) — a shared module, not a family assignment	42.4	320.8	278.4	0.8678	7.7e-09	5.5e-93	5.5e-93	0.029	0.035	78	173	0.989	174	Ryr3_0	Circaetus pectoralis	321084	0	RYR3 protein (Fragment)
A0A7L4AKJ6	unassigned	none	module	ryr.hmm matched only 49 profile positions (< 200) — a shared module, not a family assignment	0.0	45.6	45.6	1.0		4.6e-10	4.6e-10	0.0	0.01	0	49	0.706	68	Ryr1	Circaetus pectoralis	321084	0	RYR1 protein (Fragment)
A0A7L4AX52	unassigned	none	module	itpr.hmm matched only 81 profile positions (< 200) — a shared module, not a family assignment	109.1	0.0	109.1	1.0	5.9e-29		5.9e-29	0.03	0.0	81	0	0.988	82	Itpr1_0	Phaetusa simplex	297813	0	ITPR1 protein (Fragment)
A0A7L4AZ82	unassigned	none	module	ryr.hmm matched only 143 profile positions (< 200) — a shared module, not a family assignment	0.0	191.8	191.8	1.0		4.1e-54	4.1e-54	0.0	0.029	0	143	0.58	250	Ryr3_1	Phaetusa simplex	297813	0	RYR3 protein (Fragment)
A0A7L4B0R4	unassigned	none	module	ryr.hmm matched only 44 profile positions (< 200) — a shared module, not a family assignment	0.0	46.2	46.2	1.0		3e-10	3e-10	0.0	0.009	0	44	0.979	47	Ryr3_0	Phaetusa simplex	297813	0	RYR3 protein (Fragment)
A0A7L4B4M8	unassigned	none	module	itpr.hmm matched only 83 profile positions (< 200) — a shared module, not a family assignment	101.3	0.0	101.3	1.0	1.3e-26		1.3e-26	0.031	0.0	83	0	0.939	82	Itpr2_0	Phaetusa simplex	297813	0	ITPR2 protein (Fragment)
A0A7L4BFS0	unassigned	none	module	ryr.hmm matched only 108 profile positions (< 200) — a shared module, not a family assignment	133.2	256.2	123.0	0.4801	3.2e-36	1.6e-73	1.6e-73	0.041	0.022	110	108	1.0	108	Ryr3_4	Phaetusa simplex	297813	0	RYR3 protein (Fragment)
A0A7L4BG46	unassigned	none	module	ryr.hmm matched only 173 profile positions (< 200) — a shared module, not a family assignment	42.4	320.6	278.2	0.8677	7.6e-09	6.2e-93	6.2e-93	0.029	0.035	78	173	0.989	174	Ryr3_3	Phaetusa simplex	297813	0	RYR3 protein (Fragment)
A0A7L4BHR8	unassigned	none	module	ryr.hmm matched only 108 profile positions (< 200) — a shared module, not a family assignment	130.3	256.2	125.9	0.4914	2.4e-35	1.6e-73	1.6e-73	0.041	0.022	110	108	1.0	108	Ryr2_2	Phaetusa simplex	297813	0	RYR2 protein (Fragment)
A0A7L4BHZ8	unassigned	none	module	ryr.hmm matched only 173 profile positions (< 200) — a shared module, not a family assignment	41.3	285.6	244.3	0.8554	1.6e-08	2.2e-82	2.2e-82	0.025	0.035	67	173	0.976	167	Ryr2_1	Phaetusa simplex	297813	0	RYR2 protein (Fragment)
A0A7L4BU07	unassigned	none	module	itpr.hmm matched only 75 profile positions (< 200) — a shared module, not a family assignment	100.6	0.0	100.6	1.0	2.2e-26		2.2e-26	0.028	0.0	75	0	0.938	81	Itpr2	Nyctiprogne leucopyga	382315	0	ITPR2 protein (Fragment)
A0A7L4CJB4	unassigned	none	module	ryr.hmm matched only 54 profile positions (< 200) — a shared module, not a family assignment	69.6	124.0	54.4	0.4387	4.9e-17	1.1e-33	1.1e-33	0.021	0.011	56	54	1.0	56	Ryr3_0	Nyctiprogne leucopyga	382315	0	RYR3 protein (Fragment)
A0A7L4CMA4	unassigned	none	module	ryr.hmm matched only 108 profile positions (< 200) — a shared module, not a family assignment	130.3	256.2	125.9	0.4914	2.4e-35	1.6e-73	1.6e-73	0.041	0.022	110	108	1.0	108	Ryr2_1	Nyctiprogne leucopyga	382315	0	RYR2 protein (Fragment)
A0A7L4CP96	unassigned	none	module	ryr.hmm matched only 138 profile positions (< 200) — a shared module, not a family assignment	0.0	192.1	192.1	1.0		3.1e-54	3.1e-54	0.0	0.028	0	138	0.611	229	Ryr3_2	Nyctiprogne leucopyga	382315	0	RYR3 protein (Fragment)
A0A7L4CPQ8	unassigned	none	module	ryr.hmm matched only 173 profile positions (< 200) — a shared module, not a family assignment	40.6	327.1	286.5	0.8759	2.6e-08	7.1e-95	7.1e-95	0.025	0.035	67	173	0.989	175	Ryr2_0	Nyctiprogne leucopyga	382315	0	RYR2 protein (Fragment)
A0A7L4CXC8	unassigned	none	module	ryr.hmm matched only 108 profile positions (< 200) — a shared module, not a family assignment	130.3	256.2	125.9	0.4914	2.4e-35	1.6e-73	1.6e-73	0.041	0.022	110	108	1.0	108	Ryr2_1	Eurystomus gularis	325343	0	RYR2 protein (Fragment)
A0A7L4CXR8	unassigned	none	module	ryr.hmm matched only 173 profile positions (< 200) — a shared module, not a family assignment	40.6	327.1	286.5	0.8759	2.6e-08	7.1e-95	7.1e-95	0.025	0.035	67	173	0.989	175	Ryr2_0	Eurystomus gularis	325343	0	RYR2 protein (Fragment)
A0A7L4CZX7	unassigned	none	module	itpr.hmm matched only 102 profile positions (< 200) — a shared module, not a family assignment	229.2	118.6	110.6	0.4825	3.6e-65	4.6e-32	3.6e-65	0.038	0.02	102	99	1.0	101	Itpr1_2	Eurystomus gularis	325343	0	ITPR1 protein (Fragment)
A0A7L4D196	unassigned	none	module	ryr.hmm matched only 173 profile positions (< 200) — a shared module, not a family assignment	42.2	320.0	277.8	0.8681	8.6e-09	9.4e-93	9.4e-93	0.029	0.035	78	173	0.989	174	Ryr3_0	Eurystomus gularis	325343	0	RYR3 protein (Fragment)
A0A7L4D2H1	unassigned	none	module	itpr.hmm matched only 81 profile positions (< 200) — a shared module, not a family assignment	109.3	0.0	109.3	1.0	5.1e-29		5.1e-29	0.03	0.0	81	0	0.988	82	Itpr1_0	Eurystomus gularis	325343	0	ITPR1 protein (Fragment)
A0A7L4D425	unassigned	none	module	ryr.hmm matched only 108 profile positions (< 200) — a shared module, not a family assignment	133.2	256.2	123.0	0.4801	3.2e-36	1.6e-73	1.6e-73	0.041	0.022	110	108	1.0	108	Ryr3_1	Eurystomus gularis	325343	0	RYR3 protein (Fragment)
A0A7L4DJT3	unassigned	none	module	itpr.hmm matched only 75 profile positions (< 200) — a shared module, not a family assignment	100.6	0.0	100.6	1.0	2.2e-26		2.2e-26	0.028	0.0	75	0	0.938	81	Itpr2_0	Eurystomus gularis	325343	0	ITPR2 protein (Fragment)
A0A7L4DJX3	unassigned	none	module	ryr.hmm matched only 49 profile positions (< 200) — a shared module, not a family assignment	0.0	44.5	44.5	1.0		9.2e-10	9.2e-10	0.0	0.01	0	49	0.904	52	Ryr1	Eurystomus gularis	325343	0	RYR1 protein (Fragment)
A0A7L4F9X1	unassigned	none	module	itpr.hmm matched only 81 profile positions (< 200) — a shared module, not a family assignment	108.5	0.0	108.5	1.0	9e-29		9e-29	0.03	0.0	81	0	0.988	82	Itpr1_0	Pampusana beccarii	2953425	0	ITPR1 protein (Fragment)
A0A7L4FAC5	unassigned	none	module	ryr.hmm matched only 173 profile positions (< 200) — a shared module, not a family assignment	42.4	321.4	279.0	0.8681	7.6e-09	3.7e-93	3.7e-93	0.029	0.035	78	173	0.989	174	Ryr3_2	Pampusana beccarii	2953425	0	RYR3 protein (Fragment)
A0A7L4FAX9	unassigned	none	module	ryr.hmm matched only 44 profile positions (< 200) — a shared module, not a family assignment	0.0	46.6	46.6	1.0		2.3e-10	2.3e-10	0.0	0.009	0	44	0.979	47	Ryr3_0	Pampusana beccarii	2953425	0	RYR3 protein (Fragment)
A0A7L4FCW5	unassigned	none	module	ryr.hmm matched only 143 profile positions (< 200) — a shared module, not a family assignment	0.0	195.4	195.4	1.0		3.4e-55	3.4e-55	0.0	0.029	0	143	0.558	258	Ryr3_1	Pampusana beccarii	2953425	0	RYR3 protein (Fragment)
A0A7L4FD00	unassigned	none	module	ryr.hmm matched only 108 profile positions (< 200) — a shared module, not a family assignment	133.8	256.7	122.9	0.4788	2.1e-36	1.1e-73	1.1e-73	0.041	0.022	110	108	1.0	108	Ryr3_3	Pampusana beccarii	2953425	0	RYR3 protein (Fragment)
A0A7L4G4Z8	unassigned	none	module	itpr.hmm matched only 83 profile positions (< 200) — a shared module, not a family assignment	101.3	0.0	101.3	1.0	1.3e-26		1.3e-26	0.031	0.0	83	0	0.939	82	Itpr2_0	Pampusana beccarii	2953425	0	ITPR2 protein (Fragment)
A0A7L4GEI2	unassigned	none	module	itpr.hmm matched only 83 profile positions (< 200) — a shared module, not a family assignment	101.3	0.0	101.3	1.0	1.3e-26		1.3e-26	0.031	0.0	83	0	0.939	82	Itpr2_0	Podargus strigoides	8905	0	ITPR2 protein (Fragment)
A0A7L4GMW0	unassigned	none	module	ryr.hmm matched only 108 profile positions (< 200) — a shared module, not a family assignment	130.3	256.2	125.9	0.4914	2.4e-35	1.6e-73	1.6e-73	0.041	0.022	110	108	1.0	108	Ryr2_1	Podargus strigoides	8905	0	RYR2 protein (Fragment)
A0A7L4GMY0	unassigned	none	module	ryr.hmm matched only 173 profile positions (< 200) — a shared module, not a family assignment	41.3	327.1	285.8	0.8737	1.6e-08	6.9e-95	6.9e-95	0.026	0.035	70	173	0.977	177	Ryr2_0	Podargus strigoides	8905	0	RYR2 protein (Fragment)
A0A7L4GTQ2	unassigned	none	module	itpr.hmm matched only 81 profile positions (< 200) — a shared module, not a family assignment	108.8	0.0	108.8	1.0	7.4e-29		7.4e-29	0.03	0.0	81	0	0.988	82	Itpr1_0	Podargus strigoides	8905	0	ITPR1 protein (Fragment)
A0A7L4GWZ1	unassigned	none	module	ryr.hmm matched only 44 profile positions (< 200) — a shared module, not a family assignment	0.0	46.7	46.7	1.0		2e-10	2e-10	0.0	0.009	0	44	0.979	47	Ryr3_0	Podargus strigoides	8905	0	RYR3 protein (Fragment)
A0A7L4H9C0	unassigned	none	module	ryr.hmm matched only 74 profile positions (< 200) — a shared module, not a family assignment	73.8	162.0	88.2	0.5444	2.5e-18	3.9e-45	3.9e-45	0.028	0.015	75	74	0.987	76	Ryr1_0	Podargus strigoides	8905	0	RYR1 protein (Fragment)
A0A7L4HEM4	unassigned	none	module	ryr.hmm matched only 173 profile positions (< 200) — a shared module, not a family assignment	42.4	321.4	279.0	0.8681	7.6e-09	3.7e-93	3.7e-93	0.029	0.035	78	173	0.989	174	Ryr3_2	Podargus strigoides	8905	0	RYR3 protein (Fragment)
A0A7L4HFJ9	unassigned	none	module	ryr.hmm matched only 49 profile positions (< 200) — a shared module, not a family assignment	0.0	43.1	43.1	1.0		2.5e-09	2.5e-09	0.0	0.01	0	49	0.696	69	Ryr1_1	Podargus strigoides	8905	0	RYR1 protein (Fragment)
A0A7L4HGT3	unassigned	none	module	ryr.hmm matched only 108 profile positions (< 200) — a shared module, not a family assignment	133.2	256.2	123.0	0.4801	3.2e-36	1.6e-73	1.6e-73	0.041	0.022	110	108	1.0	108	Ryr3_3	Podargus strigoides	8905	0	RYR3 protein (Fragment)
A0A7L4I1R3	unassigned	none	module	ryr.hmm matched only 54 profile positions (< 200) — a shared module, not a family assignment	68.4	125.2	56.8	0.4537	1.1e-16	4.5e-34	4.5e-34	0.021	0.011	56	54	1.0	56	Ryr2	Scopus umbretta	33581	0	RYR2 protein (Fragment)
A0A7L4IEH5	unassigned	none	module	itpr.hmm matched only 83 profile positions (< 200) — a shared module, not a family assignment	101.3	0.0	101.3	1.0	1.3e-26		1.3e-26	0.031	0.0	83	0	0.939	82	Itpr2	Scopus umbretta	33581	0	ITPR2 protein (Fragment)
A0A7L4IJW5	unassigned	none	module	ryr.hmm matched only 173 profile positions (< 200) — a shared module, not a family assignment	42.3	321.3	279.0	0.8683	8.1e-09	3.9e-93	3.9e-93	0.029	0.035	78	173	0.983	175	Ryr3_1	Pomatorhinus ruficollis	932028	0	RYR3 protein (Fragment)
A0A7L4IKT4	unassigned	none	module	ryr.hmm matched only 44 profile positions (< 200) — a shared module, not a family assignment	0.0	46.7	46.7	1.0		2e-10	2e-10	0.0	0.009	0	44	0.979	47	Ryr3_0	Pomatorhinus ruficollis	932028	0	RYR3 protein (Fragment)
A0A7L4ILD6	unassigned	none	module	ryr.hmm matched only 108 profile positions (< 200) — a shared module, not a family assignment	133.2	256.2	123.0	0.4801	3.2e-36	1.6e-73	1.6e-73	0.041	0.022	110	108	1.0	108	Ryr3_2	Pomatorhinus ruficollis	932028	0	RYR3 protein (Fragment)
A0A7L4J0V1	unassigned	none	module	itpr.hmm matched only 83 profile positions (< 200) — a shared module, not a family assignment	101.3	0.0	101.3	1.0	1.3e-26		1.3e-26	0.031	0.0	83	0	0.939	82	Itpr2_0	Pomatorhinus ruficollis	932028	0	ITPR2 protein (Fragment)
A0A7L4J4L8	unassigned	none	module	itpr.hmm matched only 81 profile positions (< 200) — a shared module, not a family assignment	103.4	0.0	103.4	1.0	3e-27		3e-27	0.03	0.0	81	0	0.964	83	Itpr1	Pomatorhinus ruficollis	932028	0	ITPR1 protein (Fragment)
A0A7L4JJ95	unassigned	none	module	itpr.hmm matched only 83 profile positions (< 200) — a shared module, not a family assignment	101.3	0.0	101.3	1.0	1.3e-26		1.3e-26	0.031	0.0	83	0	0.939	82	Itpr2_0	Ceuthmochares aereus	1961834	0	ITPR2 protein (Fragment)
A0A7L4JQ14	unassigned	none	module	itpr.hmm matched only 81 profile positions (< 200) — a shared module, not a family assignment	108.8	0.0	108.8	1.0	7.3e-29		7.3e-29	0.03	0.0	81	0	0.988	82	Itpr1_0	Ceuthmochares aereus	1961834	0	ITPR1 protein (Fragment)
A0A7L4JSG6	unassigned	none	module	ryr.hmm matched only 49 profile positions (< 200) — a shared module, not a family assignment	0.0	46.8	46.8	1.0		1.9e-10	1.9e-10	0.0	0.01	0	49	0.979	48	Ryr3_1	Ceuthmochares aereus	1961834	0	RYR3 protein (Fragment)
A0A7L4JSI7	unassigned	none	module	ryr.hmm matched only 108 profile positions (< 200) — a shared module, not a family assignment	133.2	256.2	123.0	0.4801	3.2e-36	1.6e-73	1.6e-73	0.041	0.022	110	108	1.0	108	Ryr3_3	Ceuthmochares aereus	1961834	0	RYR3 protein (Fragment)
A0A7L4JSL2	unassigned	none	module	ryr.hmm matched only 173 profile positions (< 200) — a shared module, not a family assignment	43.1	320.9	277.8	0.8657	4.6e-09	5.1e-93	5.1e-93	0.029	0.035	78	173	1.0	174	Ryr3_2	Ceuthmochares aereus	1961834	0	RYR3 protein (Fragment)
A0A7L4KKG1	unassigned	none	module	ryr.hmm matched only 54 profile positions (< 200) — a shared module, not a family assignment	68.3	123.3	55.0	0.4461	1.2e-16	1.7e-33	1.7e-33	0.021	0.011	56	54	1.0	56	Ryr1_0	Callaeas wilsoni	1347786	0	RYR1 protein (Fragment)
A0A7L4KTX6	unassigned	none	module	itpr.hmm matched only 81 profile positions (< 200) — a shared module, not a family assignment	103.4	0.0	103.4	1.0	3e-27		3e-27	0.03	0.0	81	0	0.964	83	Itpr1_0	Callaeas wilsoni	1347786	0	ITPR1 protein (Fragment)
A0A7L4KVZ5	unassigned	none	module	ryr.hmm matched only 108 profile positions (< 200) — a shared module, not a family assignment	133.2	256.2	123.0	0.4801	3.2e-36	1.6e-73	1.6e-73	0.041	0.022	110	108	1.0	108	Ryr3_1	Callaeas wilsoni	1347786	0	RYR3 protein (Fragment)
A0A7L4KW75	unassigned	none	module	ryr.hmm matched only 173 profile positions (< 200) — a shared module, not a family assignment	42.5	321.3	278.8	0.8677	7.1e-09	4e-93	4e-93	0.029	0.035	78	173	0.983	175	Ryr3_0	Callaeas wilsoni	1347786	0	RYR3 protein (Fragment)
A0A7L4LF14	unassigned	none	module	ryr.hmm matched only 49 profile positions (< 200) — a shared module, not a family assignment	0.0	43.9	43.9	1.0		1.5e-09	1.5e-09	0.0	0.01	0	49	0.667	72	Ryr1_2	Callaeas wilsoni	1347786	0	RYR1 protein (Fragment)
A0A7L4LJC2	unassigned	none	module	itpr.hmm matched only 83 profile positions (< 200) — a shared module, not a family assignment	101.3	0.0	101.3	1.0	1.3e-26		1.3e-26	0.031	0.0	83	0	0.939	82	Itpr2_0	Callaeas wilsoni	1347786	0	ITPR2 protein (Fragment)
A0A7L4LNN0	unassigned	none	module	ryr.hmm matched only 143 profile positions (< 200) — a shared module, not a family assignment	0.0	110.8	110.8	1.0		1e-29	1e-29	0.0	0.029	0	143	0.922	166	Ryr1_4	Callaeas wilsoni	1347786	0	RYR1 protein (Fragment)
A0A7L4LRE2	unassigned	none	module	ryr.hmm matched only 173 profile positions (< 200) — a shared module, not a family assignment	35.6	305.0	269.4	0.8833	8.5e-07	3.2e-88	3.2e-88	0.022	0.035	59	173	0.977	176	Ryr1_3	Callaeas wilsoni	1347786	0	RYR1 protein (Fragment)
A0A7L4LXL8	unassigned	none	module	ryr.hmm matched only 108 profile positions (< 200) — a shared module, not a family assignment	133.2	256.2	123.0	0.4801	3.2e-36	1.6e-73	1.6e-73	0.041	0.022	110	108	1.0	108	Ryr3_1	Glareola pratincola	43316	0	RYR3 protein (Fragment)
A0A7L4LYZ3	unassigned	none	module	ryr.hmm matched only 173 profile positions (< 200) — a shared module, not a family assignment	41.6	320.0	278.4	0.87	1.3e-08	9.6e-93	9.6e-93	0.028	0.035	75	173	0.983	174	Ryr3_0	Glareola pratincola	43316	0	RYR3 protein (Fragment)
A0A7L4M1Y5	unassigned	none	module	itpr.hmm matched only 81 profile positions (< 200) — a shared module, not a family assignment	109.1	0.0	109.1	1.0	5.9e-29		5.9e-29	0.03	0.0	81	0	0.988	82	Itpr1_0	Glareola pratincola	43316	0	ITPR1 protein (Fragment)
A0A7L4MD48	unassigned	none	module	itpr.hmm matched only 83 profile positions (< 200) — a shared module, not a family assignment	101.3	0.0	101.3	1.0	1.3e-26		1.3e-26	0.031	0.0	83	0	0.939	82	Itpr2_1	Glareola pratincola	43316	0	ITPR2 protein (Fragment)
A0A7L4MSE8	unassigned	none	module	ryr.hmm matched only 49 profile positions (< 200) — a shared module, not a family assignment	0.0	43.6	43.6	1.0		1.7e-09	1.7e-09	0.0	0.01	0	49	0.75	64	Ryr1_0	Glareola pratincola	43316	0	RYR1 protein (Fragment)
A0A7L4MWM4	unassigned	none	module	ryr.hmm matched only 108 profile positions (< 200) — a shared module, not a family assignment	133.2	256.2	123.0	0.4801	3.2e-36	1.6e-73	1.6e-73	0.041	0.022	110	108	1.0	108	Ryr3_0	Ceyx cyanopectus	390723	0	RYR3 protein (Fragment)
A0A7L4MZE4	unassigned	none	module	ryr.hmm matched only 108 profile positions (< 200) — a shared module, not a family assignment	75.6	177.5	101.9	0.5741	7.1e-19	8.3e-50	8.3e-50	0.041	0.022	110	108	1.0	100	Ryr3_1	Ceyx cyanopectus	390723	0	RYR3 protein (Fragment)
A0A7L4N2Q1	unassigned	none	module	itpr.hmm matched only 83 profile positions (< 200) — a shared module, not a family assignment	101.3	0.0	101.3	1.0	1.3e-26		1.3e-26	0.031	0.0	83	0	0.939	82	Itpr2_1	Ceyx cyanopectus	390723	0	ITPR2 protein (Fragment)
A0A7L4NNR5	unassigned	none	module	ryr.hmm matched only 74 profile positions (< 200) — a shared module, not a family assignment	77.4	163.4	86.0	0.5263	2.1e-19	1.5e-45	1.5e-45	0.028	0.015	75	74	1.0	74	Ryr1	Ceyx cyanopectus	390723	0	RYR1 protein (Fragment)
A0A7L4NSW4	unassigned	none	module	ryr.hmm matched only 94 profile positions (< 200) — a shared module, not a family assignment	0.0	167.1	167.1	1.0		1.1e-46	1.1e-46	0.0	0.019	0	94	0.941	102	Ryr2_1	Ceyx cyanopectus	390723	0	RYR2 protein (Fragment)
A0A850TGU2	unassigned	none	module	ryr.hmm matched only 108 profile positions (< 200) — a shared module, not a family assignment	133.2	256.2	123.0	0.4801	3.2e-36	1.6e-73	1.6e-73	0.041	0.022	110	108	1.0	108	Ryr3_1	Grus americana	9117	0	RYR3 protein (Fragment)
A0A850TI68	unassigned	none	module	ryr.hmm matched only 173 profile positions (< 200) — a shared module, not a family assignment	42.2	321.4	279.2	0.8687	8.4e-09	3.6e-93	3.6e-93	0.029	0.035	78	173	0.989	174	Ryr3_0	Grus americana	9117	0	RYR3 protein (Fragment)
A0A850TSF0	unassigned	none	module	itpr.hmm matched only 81 profile positions (< 200) — a shared module, not a family assignment	109.3	0.0	109.3	1.0	5.1e-29		5.1e-29	0.03	0.0	81	0	0.988	82	Itpr1_0	Grus americana	9117	0	ITPR1 protein (Fragment)
A0A850U1X0	unassigned	none	module	itpr.hmm matched only 83 profile positions (< 200) — a shared module, not a family assignment	101.3	0.0	101.3	1.0	1.3e-26		1.3e-26	0.031	0.0	83	0	0.939	82	Itpr2_0	Grus americana	9117	0	ITPR2 protein (Fragment)
A0A850U234	unassigned	none	module	ryr.hmm matched only 108 profile positions (< 200) — a shared module, not a family assignment	130.3	256.2	125.9	0.4914	2.4e-35	1.6e-73	1.6e-73	0.041	0.022	110	108	1.0	108	Ryr2_2	Grus americana	9117	0	RYR2 protein (Fragment)
A0A850U2A6	unassigned	none	module	ryr.hmm matched only 173 profile positions (< 200) — a shared module, not a family assignment	41.4	327.4	286.0	0.8735	1.5e-08	5.8e-95	5.8e-95	0.025	0.035	67	173	0.983	177	Ryr2_1	Grus americana	9117	0	RYR2 protein (Fragment)
A0A850UC53	unassigned	none	module	ryr.hmm matched only 44 profile positions (< 200) — a shared module, not a family assignment	0.0	46.1	46.1	1.0		3.1e-10	3.1e-10	0.0	0.009	0	44	0.979	47	Ryr3_3	Grus americana	9117	0	RYR3 protein (Fragment)
A0A850UMS4	unassigned	none	module	ryr.hmm matched only 173 profile positions (< 200) — a shared module, not a family assignment	42.5	321.3	278.8	0.8677	7.1e-09	4e-93	4e-93	0.029	0.035	78	173	0.983	175	Ryr3_1	Chloropsis hardwickii	667144	0	RYR3 protein (Fragment)
A0A850UNZ6	unassigned	none	module	itpr.hmm matched only 81 profile positions (< 200) — a shared module, not a family assignment	103.4	0.0	103.4	1.0	3e-27		3e-27	0.03	0.0	81	0	0.964	83	Itpr1_0	Chloropsis hardwickii	667144	0	ITPR1 protein (Fragment)
A0A850UQ45	unassigned	none	module	ryr.hmm matched only 108 profile positions (< 200) — a shared module, not a family assignment	133.2	256.2	123.0	0.4801	3.2e-36	1.6e-73	1.6e-73	0.041	0.022	110	108	1.0	108	Ryr3_2	Chloropsis hardwickii	667144	0	RYR3 protein (Fragment)
A0A850UQ85	unassigned	none	module	itpr.hmm matched only 83 profile positions (< 200) — a shared module, not a family assignment	101.3	0.0	101.3	1.0	1.3e-26		1.3e-26	0.031	0.0	83	0	0.939	82	Itpr2_0	Chloropsis hardwickii	667144	0	ITPR2 protein (Fragment)
A0A850UQH8	unassigned	none	module	ryr.hmm matched only 44 profile positions (< 200) — a shared module, not a family assignment	0.0	47.1	47.1	1.0		1.6e-10	1.6e-10	0.0	0.009	0	44	0.979	47	Ryr3_0	Chloropsis hardwickii	667144	0	RYR3 protein (Fragment)
A0A850VL63	unassigned	none	module	ryr.hmm matched only 108 profile positions (< 200) — a shared module, not a family assignment	130.3	256.2	125.9	0.4914	2.4e-35	1.6e-73	1.6e-73	0.041	0.022	110	108	1.0	108	Ryr2_1	Fregata magnificens	37042	0	RYR2 protein (Fragment)
A0A850VUH1	unassigned	none	module	ryr.hmm matched only 173 profile positions (< 200) — a shared module, not a family assignment	40.6	327.1	286.5	0.8759	2.6e-08	7.1e-95	7.1e-95	0.025	0.035	67	173	0.989	175	Ryr2_0	Fregata magnificens	37042	0	RYR2 protein (Fragment)
A0A850W1R4	unassigned	none	module	ryr.hmm matched only 54 profile positions (< 200) — a shared module, not a family assignment	68.8	122.6	53.8	0.4388	8.2e-17	2.8e-33	2.8e-33	0.021	0.011	56	54	1.0	56	Ryr3_0	Fregata magnificens	37042	0	RYR3 protein (Fragment)
A0A850W7C2	unassigned	none	module	ryr.hmm matched only 49 profile positions (< 200) — a shared module, not a family assignment	0.0	47.0	47.0	1.0		1.6e-10	1.6e-10	0.0	0.01	0	49	0.923	52	Ryr1	Fregata magnificens	37042	0	RYR1 protein (Fragment)
A0A850W853	unassigned	none	module	itpr.hmm matched only 75 profile positions (< 200) — a shared module, not a family assignment	100.6	0.0	100.6	1.0	2.2e-26		2.2e-26	0.028	0.0	75	0	0.938	81	Itpr2_1	Fregata magnificens	37042	0	ITPR2 protein (Fragment)
A0A850WCW9	unassigned	none	module	itpr.hmm matched only 102 profile positions (< 200) — a shared module, not a family assignment	229.2	118.6	110.6	0.4825	3.6e-65	4.6e-32	3.6e-65	0.038	0.02	102	99	1.0	101	Itpr1_2	Fregata magnificens	37042	0	ITPR1 protein (Fragment)
A0A850WF92	unassigned	none	module	ryr.hmm matched only 108 profile positions (< 200) — a shared module, not a family assignment	133.2	256.2	123.0	0.4801	3.2e-36	1.6e-73	1.6e-73	0.041	0.022	110	108	1.0	108	Ryr3_2	Piaya cayana	33601	0	RYR3 protein (Fragment)
A0A850WI15	unassigned	none	module	ryr.hmm matched only 44 profile positions (< 200) — a shared module, not a family assignment	0.0	47.4	47.4	1.0		1.3e-10	1.3e-10	0.0	0.009	0	44	0.979	47	Ryr3_0	Piaya cayana	33601	0	RYR3 protein (Fragment)
A0A850WMB8	unassigned	none	module	itpr.hmm matched only 78 profile positions (< 200) — a shared module, not a family assignment	103.4	0.0	103.4	1.0	3e-27		3e-27	0.029	0.0	78	0	0.975	80	Itpr1_1	Fregata magnificens	37042	0	ITPR1 protein (Fragment)
A0A850WMN2	unassigned	none	module	ryr.hmm matched only 173 profile positions (< 200) — a shared module, not a family assignment	43.8	321.0	277.2	0.8636	2.8e-09	4.7e-93	4.7e-93	0.031	0.035	83	173	1.0	174	Ryr3_1	Piaya cayana	33601	0	RYR3 protein (Fragment)
A0A850WQ20	unassigned	none	module	itpr.hmm matched only 83 profile positions (< 200) — a shared module, not a family assignment	101.3	0.0	101.3	1.0	1.3e-26		1.3e-26	0.031	0.0	83	0	0.939	82	Itpr2_0	Piaya cayana	33601	0	ITPR2 protein (Fragment)
A0A850WSX0	unassigned	none	module	ryr.hmm matched only 173 profile positions (< 200) — a shared module, not a family assignment	41.0	327.4	286.4	0.8748	2e-08	5.7e-95	5.7e-95	0.025	0.035	67	173	0.977	177	Ryr2_0	Piaya cayana	33601	0	RYR2 protein (Fragment)
A0A850WYR3	unassigned	none	module	ryr.hmm matched only 49 profile positions (< 200) — a shared module, not a family assignment	0.0	44.4	44.4	1.0		1e-09	1e-09	0.0	0.01	0	49	0.959	49	Ryr1	Piaya cayana	33601	0	RYR1 protein (Fragment)
A0A850WZL0	unassigned	none	module	itpr.hmm matched only 81 profile positions (< 200) — a shared module, not a family assignment	108.8	0.0	108.8	1.0	7.3e-29		7.3e-29	0.03	0.0	81	0	0.988	82	Itpr1_0	Piaya cayana	33601	0	ITPR1 protein (Fragment)
A0A850X5I1	unassigned	none	module	ryr.hmm matched only 108 profile positions (< 200) — a shared module, not a family assignment	130.3	256.2	125.9	0.4914	2.4e-35	1.6e-73	1.6e-73	0.041	0.022	110	108	1.0	108	Ryr2_1	Piaya cayana	33601	0	RYR2 protein (Fragment)
A0A850XN82	unassigned	none	module	ryr.hmm matched only 173 profile positions (< 200) — a shared module, not a family assignment	40.9	326.1	285.2	0.8746	2.1e-08	1.4e-94	1.4e-94	0.027	0.035	72	173	0.989	175	Ryr2_0	Aegithalos caudatus	73327	0	RYR2 protein (Fragment)
A0A850XPE1	unassigned	none	module	ryr.hmm matched only 108 profile positions (< 200) — a shared module, not a family assignment	130.3	256.2	125.9	0.4914	2.4e-35	1.6e-73	1.6e-73	0.041	0.022	110	108	1.0	108	Ryr2_1	Aegithalos caudatus	73327	0	RYR2 protein (Fragment)
A0A850XQI7	unassigned	none	module	itpr.hmm matched only 75 profile positions (< 200) — a shared module, not a family assignment	100.6	0.0	100.6	1.0	2.2e-26		2.2e-26	0.028	0.0	75	0	0.938	81	Itpr2_0	Aegithalos caudatus	73327	0	ITPR2 protein (Fragment)
A0A850XVN5	unassigned	none	module	itpr.hmm matched only 81 profile positions (< 200) — a shared module, not a family assignment	103.4	0.0	103.4	1.0	3e-27		3e-27	0.03	0.0	81	0	0.964	83	Itpr1_0	Aegithalos caudatus	73327	0	ITPR1 protein (Fragment)
A0A850XWD8	unassigned	none	module	ryr.hmm matched only 49 profile positions (< 200) — a shared module, not a family assignment	0.0	45.3	45.3	1.0		5.3e-10	5.3e-10	0.0	0.01	0	49	0.923	52	Ryr1	Aegithalos caudatus	73327	0	RYR1 protein (Fragment)
A0A850XZ92	unassigned	none	module	itpr.hmm matched only 102 profile positions (< 200) — a shared module, not a family assignment	229.2	118.6	110.6	0.4825	3.6e-65	4.6e-32	3.6e-65	0.038	0.02	102	99	1.0	101	Itpr1_2	Aegithalos caudatus	73327	0	ITPR1 protein (Fragment)
A0A850XZI8	unassigned	none	module	ryr.hmm matched only 108 profile positions (< 200) — a shared module, not a family assignment	133.2	256.2	123.0	0.4801	3.2e-36	1.6e-73	1.6e-73	0.041	0.022	110	108	1.0	108	Ryr3_2	Aegithalos caudatus	73327	0	RYR3 protein (Fragment)
A0A850YGJ1	unassigned	none	module	ryr.hmm matched only 173 profile positions (< 200) — a shared module, not a family assignment	42.4	303.7	261.3	0.8604	7.4e-09	7.6e-88	7.6e-88	0.029	0.035	78	173	0.983	173	Ryr3_1	Aegithalos caudatus	73327	0	RYR3 protein (Fragment)
A0A850YZS7	unassigned	none	module	itpr.hmm matched only 81 profile positions (< 200) — a shared module, not a family assignment	103.4	0.0	103.4	1.0	3e-27		3e-27	0.03	0.0	81	0	0.964	83	Itpr1	Tichodroma muraria	237442	0	ITPR1 protein (Fragment)
A0A850Z6C7	unassigned	none	module	itpr.hmm matched only 83 profile positions (< 200) — a shared module, not a family assignment	101.3	0.0	101.3	1.0	1.3e-26		1.3e-26	0.031	0.0	83	0	0.939	82	Itpr2	Tichodroma muraria	237442	0	ITPR2 protein (Fragment)
A0A850Z9R5	unassigned	none	module	ryr.hmm matched only 99 profile positions (< 200) — a shared module, not a family assignment	0.0	161.8	161.8	1.0		4.4e-45	4.4e-45	0.0	0.02	0	99	0.99	102	Ryr3_1	Tichodroma muraria	237442	0	RYR3 protein (Fragment)
A0A850ZDR4	unassigned	none	module	ryr.hmm matched only 89 profile positions (< 200) — a shared module, not a family assignment	0.0	163.2	163.2	1.0		1.6e-45	1.6e-45	0.0	0.018	0	89	0.978	93	Ryr2	Tichodroma muraria	237442	0	RYR2 protein (Fragment)
A0A850ZQI2	unassigned	none	module	itpr.hmm matched only 75 profile positions (< 200) — a shared module, not a family assignment	100.6	0.0	100.6	1.0	2.1e-26		2.1e-26	0.028	0.0	75	0	0.938	81	Itpr2_0	Sula dactylatra	56068	0	ITPR2 protein (Fragment)
A0A850ZQU5	unassigned	none	module	ryr.hmm matched only 49 profile positions (< 200) — a shared module, not a family assignment	0.0	44.8	44.8	1.0		7.5e-10	7.5e-10	0.0	0.01	0	49	0.979	48	Ryr1	Tichodroma muraria	237442	0	RYR1 protein (Fragment)
A0A850ZX03	unassigned	none	module	ryr.hmm matched only 173 profile positions (< 200) — a shared module, not a family assignment	40.4	326.8	286.4	0.8764	3e-08	8.6e-95	8.6e-95	0.025	0.035	67	173	0.994	174	Ryr2_0	Sula dactylatra	56068	0	RYR2 protein (Fragment)
A0A850ZXS7	unassigned	none	module	ryr.hmm matched only 108 profile positions (< 200) — a shared module, not a family assignment	130.3	256.2	125.9	0.4914	2.4e-35	1.6e-73	1.6e-73	0.041	0.022	110	108	1.0	108	Ryr2_1	Sula dactylatra	56068	0	RYR2 protein (Fragment)
A0A851A909	unassigned	none	module	itpr.hmm matched only 102 profile positions (< 200) — a shared module, not a family assignment	229.2	118.6	110.6	0.4825	3.6e-65	4.6e-32	3.6e-65	0.038	0.02	102	99	1.0	101	Itpr1_2	Sula dactylatra	56068	0	ITPR1 protein (Fragment)
A0A851AD99	unassigned	none	module	itpr.hmm matched only 81 profile positions (< 200) — a shared module, not a family assignment	109.3	0.0	109.3	1.0	5.1e-29		5.1e-29	0.03	0.0	81	0	0.988	82	Itpr1_0	Sula dactylatra	56068	0	ITPR1 protein (Fragment)
A0A851AZK2	unassigned	none	module	ryr.hmm matched only 99 profile positions (< 200) — a shared module, not a family assignment	117.7	232.9	115.2	0.4946	1.6e-31	1.6e-66	1.6e-66	0.037	0.02	99	99	1.0	100	Ryr3_1	Picathartes gymnocephalus	175131	0	RYR3 protein (Fragment)
A0A851B303	unassigned	none	module	ryr.hmm matched only 108 profile positions (< 200) — a shared module, not a family assignment	132.3	253.4	121.1	0.4779	6.1e-36	1.1e-72	1.1e-72	0.041	0.022	110	108	1.0	108	Ryr1_1	Picathartes gymnocephalus	175131	0	RYR1 protein (Fragment)
A0A851B339	unassigned	none	module	ryr.hmm matched only 173 profile positions (< 200) — a shared module, not a family assignment	34.9	294.3	259.4	0.8814	1.4e-06	5.3e-85	5.3e-85	0.022	0.035	59	173	0.98	204	Ryr1_0	Picathartes gymnocephalus	175131	0	RYR1 protein (Fragment)
A0A851B498	unassigned	none	module	ryr.hmm matched only 108 profile positions (< 200) — a shared module, not a family assignment	133.2	256.2	123.0	0.4801	3.2e-36	1.6e-73	1.6e-73	0.041	0.022	110	108	1.0	108	Ryr3	Sula dactylatra	56068	0	RYR3 protein (Fragment)
A0A851B5R6	unassigned	none	module	ryr.hmm matched only 123 profile positions (< 200) — a shared module, not a family assignment	0.0	202.3	202.3	1.0		2.8e-57	2.8e-57	0.0	0.025	0	123	0.992	122	Ryr3_2	Picathartes gymnocephalus	175131	0	RYR3 protein (Fragment)
A0A851B5X8	unassigned	none	module	itpr.hmm matched only 83 profile positions (< 200) — a shared module, not a family assignment	101.3	0.0	101.3	1.0	1.3e-26		1.3e-26	0.031	0.0	83	0	0.939	82	Itpr2_0	Picathartes gymnocephalus	175131	0	ITPR2 protein (Fragment)
A0A851B6Y0	unassigned	none	module	itpr.hmm matched only 81 profile positions (< 200) — a shared module, not a family assignment	103.4	0.0	103.4	1.0	3e-27		3e-27	0.03	0.0	81	0	0.964	83	Itpr1_0	Picathartes gymnocephalus	175131	0	ITPR1 protein (Fragment)
A0A851B711	unassigned	none	module	ryr.hmm matched only 44 profile positions (< 200) — a shared module, not a family assignment	0.0	46.7	46.7	1.0		2e-10	2e-10	0.0	0.009	0	44	0.979	47	Ryr3_0	Picathartes gymnocephalus	175131	0	RYR3 protein (Fragment)
A0A851BMF8	unassigned	none	module	ryr.hmm matched only 49 profile positions (< 200) — a shared module, not a family assignment	0.0	43.2	43.2	1.0		2.3e-09	2.3e-09	0.0	0.01	0	49	0.635	74	Ryr1_2	Picathartes gymnocephalus	175131	0	RYR1 protein (Fragment)
A0A851BXW3	unassigned	none	module	itpr.hmm matched only 83 profile positions (< 200) — a shared module, not a family assignment	101.2	0.0	101.2	1.0	1.4e-26		1.4e-26	0.031	0.0	83	0	0.939	82	Itpr2_0	Calyptomena viridis	135972	0	ITPR2 protein (Fragment)
A0A851BYY0	unassigned	none	module	ryr.hmm matched only 108 profile positions (< 200) — a shared module, not a family assignment	133.2	256.2	123.0	0.4801	3.2e-36	1.6e-73	1.6e-73	0.041	0.022	110	108	1.0	108	Ryr3_1	Calyptomena viridis	135972	0	RYR3 protein (Fragment)
A0A851BZD2	unassigned	none	module	ryr.hmm matched only 173 profile positions (< 200) — a shared module, not a family assignment	42.4	320.4	278.0	0.8677	7.3e-09	7.1e-93	7.1e-93	0.029	0.035	78	173	0.989	174	Ryr3_0	Calyptomena viridis	135972	0	RYR3 protein (Fragment)
A0A851CUM6	unassigned	none	module	itpr.hmm matched only 78 profile positions (< 200) — a shared module, not a family assignment	104.1	0.0	104.1	1.0	2e-27		2e-27	0.029	0.0	78	0	0.94	83	Itpr1_0	Calyptomena viridis	135972	0	ITPR1 protein (Fragment)
A0A851CW06	unassigned	none	module	ryr.hmm matched only 99 profile positions (< 200) — a shared module, not a family assignment	128.2	236.9	108.7	0.4588	1e-34	1.1e-67	1.1e-67	0.038	0.02	102	99	1.0	101	Ryr2_1	Calyptomena viridis	135972	0	RYR2 protein (Fragment)
A0A851D3L4	unassigned	none	module	ryr.hmm matched only 44 profile positions (< 200) — a shared module, not a family assignment	0.0	44.3	44.3	1.0		1.1e-09	1.1e-09	0.0	0.009	0	44	0.979	47	Ryr1_0	Todus mexicanus	135184	0	RYR1 protein (Fragment)
A0A851D4H8	unassigned	none	module	ryr.hmm matched only 108 profile positions (< 200) — a shared module, not a family assignment	0.0	76.5	76.5	1.0		2.1e-19	2.1e-19	0.0	0.022	0	108	0.801	136	Ryr1_1	Todus mexicanus	135184	0	RYR1 protein (Fragment)
A0A851DCH7	unassigned	none	module	itpr.hmm matched only 83 profile positions (< 200) — a shared module, not a family assignment	101.3	0.0	101.3	1.0	1.3e-26		1.3e-26	0.031	0.0	83	0	0.939	82	Itpr2	Todus mexicanus	135184	0	ITPR2 protein (Fragment)
A0A851DFE1	unassigned	none	module	itpr.hmm matched only 81 profile positions (< 200) — a shared module, not a family assignment	109.0	0.0	109.0	1.0	6.3e-29		6.3e-29	0.03	0.0	81	0	0.988	82	Itpr1	Todus mexicanus	135184	0	ITPR1 protein (Fragment)
A0A851E0J1	unassigned	none	module	ryr.hmm matched only 108 profile positions (< 200) — a shared module, not a family assignment	132.6	252.5	119.9	0.4749	4.9e-36	2e-72	2e-72	0.041	0.022	110	108	1.0	108	Ryr1_0	Dryoscopus gambensis	85069	0	RYR1 protein (Fragment)
A0A851E259	unassigned	none	module	itpr.hmm matched only 75 profile positions (< 200) — a shared module, not a family assignment	100.6	0.0	100.6	1.0	2.2e-26		2.2e-26	0.028	0.0	75	0	0.938	81	Itpr2	Dryoscopus gambensis	85069	0	ITPR2 protein (Fragment)
A0A851E9T5	unassigned	none	module	itpr.hmm matched only 102 profile positions (< 200) — a shared module, not a family assignment	229.2	118.6	110.6	0.4825	3.6e-65	4.6e-32	3.6e-65	0.038	0.02	102	99	1.0	101	Itpr1_2	Dryoscopus gambensis	85069	0	ITPR1 protein (Fragment)
A0A851EF37	unassigned	none	module	itpr.hmm matched only 81 profile positions (< 200) — a shared module, not a family assignment	103.4	0.0	103.4	1.0	3e-27		3e-27	0.03	0.0	81	0	0.964	83	Itpr1_0	Dryoscopus gambensis	85069	0	ITPR1 protein (Fragment)
A0A851EFL6	unassigned	none	module	ryr.hmm matched only 173 profile positions (< 200) — a shared module, not a family assignment	42.5	321.3	278.8	0.8677	7.1e-09	4e-93	4e-93	0.029	0.035	78	173	0.983	175	Ryr3_0	Dryoscopus gambensis	85069	0	RYR3 protein (Fragment)
A0A851EML9	unassigned	none	module	ryr.hmm matched only 173 profile positions (< 200) — a shared module, not a family assignment	40.9	326.1	285.2	0.8746	2.1e-08	1.4e-94	1.4e-94	0.027	0.035	72	173	0.989	175	Ryr2_1	Dryoscopus gambensis	85069	0	RYR2 protein (Fragment)
A0A851EN10	unassigned	none	module	ryr.hmm matched only 39 profile positions (< 200) — a shared module, not a family assignment	0.0	35.0	35.0	1.0		6.8e-07	6.8e-07	0.0	0.008	0	39	1.0	40	Ryr1_1	Dryoscopus gambensis	85069	0	RYR1 protein (Fragment)
A0A851EVH9	unassigned	none	module	ryr.hmm matched only 173 profile positions (< 200) — a shared module, not a family assignment	40.3	326.0	285.7	0.8764	3.2e-08	1.5e-94	1.5e-94	0.023	0.035	62	173	0.983	176	Ryr2_0	Pitta sordida	9163	0	RYR2 protein (Fragment)
A0A851F0T7	unassigned	none	module	ryr.hmm matched only 108 profile positions (< 200) — a shared module, not a family assignment	130.3	256.2	125.9	0.4914	2.4e-35	1.6e-73	1.6e-73	0.041	0.022	110	108	1.0	108	Ryr2_1	Pitta sordida	9163	0	RYR2 protein (Fragment)
A0A851F755	unassigned	none	module	itpr.hmm matched only 75 profile positions (< 200) — a shared module, not a family assignment	99.3	0.0	99.3	1.0	5.3e-26		5.3e-26	0.028	0.0	75	0	0.938	81	Itpr2_0	Pitta sordida	9163	0	ITPR2 protein (Fragment)
A0A851FA33	unassigned	none	module	ryr.hmm matched only 108 profile positions (< 200) — a shared module, not a family assignment	133.2	256.2	123.0	0.4801	3.2e-36	1.6e-73	1.6e-73	0.041	0.022	110	108	1.0	108	Ryr3_1	Pitta sordida	9163	0	RYR3 protein (Fragment)
A0A851FCG1	unassigned	none	module	itpr.hmm matched only 78 profile positions (< 200) — a shared module, not a family assignment	103.8	0.0	103.8	1.0	2.4e-27		2.4e-27	0.029	0.0	78	0	0.928	83	Itpr1_0	Pitta sordida	9163	0	ITPR1 protein (Fragment)
A0A851FDV0	unassigned	none	module	itpr.hmm matched only 102 profile positions (< 200) — a shared module, not a family assignment	229.2	118.6	110.6	0.4825	3.6e-65	4.6e-32	3.6e-65	0.038	0.02	102	99	1.0	101	Itpr1_2	Pitta sordida	9163	0	ITPR1 protein (Fragment)
A0A851FHJ9	unassigned	none	module	ryr.hmm matched only 173 profile positions (< 200) — a shared module, not a family assignment	42.5	321.3	278.8	0.8677	7.1e-09	4e-93	4e-93	0.029	0.035	78	173	0.983	175	Ryr3_0	Pitta sordida	9163	0	RYR3 protein (Fragment)
A0A851J0G9	unassigned	none	module	itpr.hmm matched only 81 profile positions (< 200) — a shared module, not a family assignment	103.4	0.0	103.4	1.0	3e-27		3e-27	0.03	0.0	81	0	0.964	83	Itpr1_0	Donacobius atricapilla	237420	0	ITPR1 protein (Fragment)
A0A851JAT8	unassigned	none	module	itpr.hmm matched only 83 profile positions (< 200) — a shared module, not a family assignment	101.3	0.0	101.3	1.0	1.3e-26		1.3e-26	0.031	0.0	83	0	0.939	82	Itpr2_0	Donacobius atricapilla	237420	0	ITPR2 protein (Fragment)
A0A851JG71	unassigned	none	module	ryr.hmm matched only 49 profile positions (< 200) — a shared module, not a family assignment	0.0	37.8	37.8	1.0		9.6e-08	9.6e-08	0.0	0.01	0	49	0.959	49	Ryr1_0	Donacobius atricapilla	237420	0	RYR1 protein (Fragment)
A0A851JJK0	unassigned	none	module	ryr.hmm matched only 44 profile positions (< 200) — a shared module, not a family assignment	0.0	46.7	46.7	1.0		2e-10	2e-10	0.0	0.009	0	44	0.979	47	Ryr3_0	Donacobius atricapilla	237420	0	RYR3 protein (Fragment)
A0A851JMJ9	unassigned	none	module	ryr.hmm matched only 108 profile positions (< 200) — a shared module, not a family assignment	133.2	256.2	123.0	0.4801	3.2e-36	1.6e-73	1.6e-73	0.041	0.022	110	108	1.0	108	Ryr3_2	Donacobius atricapilla	237420	0	RYR3 protein (Fragment)
A0A851JQN9	unassigned	none	module	ryr.hmm matched only 108 profile positions (< 200) — a shared module, not a family assignment	130.7	251.6	120.9	0.4805	1.8e-35	3.7e-72	3.7e-72	0.041	0.022	110	108	1.0	108	Ryr1_1	Donacobius atricapilla	237420	0	RYR1 protein (Fragment)
A0A851JU23	unassigned	none	module	ryr.hmm matched only 173 profile positions (< 200) — a shared module, not a family assignment	43.0	320.8	277.8	0.866	4.9e-09	5.4e-93	5.4e-93	0.029	0.035	78	173	0.994	175	Ryr3_1	Donacobius atricapilla	237420	0	RYR3 protein (Fragment)
A0A851K8B9	unassigned	none	module	ryr.hmm matched only 44 profile positions (< 200) — a shared module, not a family assignment	0.0	46.7	46.7	1.0		2e-10	2e-10	0.0	0.009	0	44	0.979	47	Ryr3_0	Vidua chalybeata	81927	0	RYR3 protein (Fragment)
A0A851K8N3	unassigned	none	module	ryr.hmm matched only 173 profile positions (< 200) — a shared module, not a family assignment	42.5	321.3	278.8	0.8677	7.1e-09	4e-93	4e-93	0.029	0.035	78	173	0.983	175	Ryr3_1	Vidua chalybeata	81927	0	RYR3 protein (Fragment)
A0A851KAQ1	unassigned	none	module	itpr.hmm matched only 81 profile positions (< 200) — a shared module, not a family assignment	103.4	0.0	103.4	1.0	3e-27		3e-27	0.03	0.0	81	0	0.964	83	Itpr1_0	Vidua chalybeata	81927	0	ITPR1 protein (Fragment)
A0A851L088	unassigned	none	module	ryr.hmm matched only 108 profile positions (< 200) — a shared module, not a family assignment	130.3	256.2	125.9	0.4914	2.4e-35	1.6e-73	1.6e-73	0.041	0.022	110	108	1.0	108	Ryr2_3	Vidua chalybeata	81927	0	RYR2 protein (Fragment)
A0A851L3V9	unassigned	none	module	ryr.hmm matched only 49 profile positions (< 200) — a shared module, not a family assignment	0.0	44.8	44.8	1.0		7.5e-10	7.5e-10	0.0	0.01	0	49	0.979	48	Ryr1	Vidua chalybeata	81927	0	RYR1 protein (Fragment)
A0A851L433	unassigned	none	module	itpr.hmm matched only 83 profile positions (< 200) — a shared module, not a family assignment	101.3	0.0	101.3	1.0	1.3e-26		1.3e-26	0.031	0.0	83	0	0.939	82	Itpr2_0	Corythaeola cristata	103954	0	ITPR2 protein (Fragment)
A0A851L4B1	unassigned	none	module	ryr.hmm matched only 108 profile positions (< 200) — a shared module, not a family assignment	133.2	256.2	123.0	0.4801	3.2e-36	1.6e-73	1.6e-73	0.041	0.022	110	108	1.0	108	Ryr3_3	Vidua chalybeata	81927	0	RYR3 protein (Fragment)
A0A851L5P6	unassigned	none	module	ryr.hmm matched only 173 profile positions (< 200) — a shared module, not a family assignment	41.3	326.5	285.2	0.8735	1.6e-08	1.1e-94	1.1e-94	0.028	0.035	75	173	0.977	177	Ryr2_2	Vidua chalybeata	81927	0	RYR2 protein (Fragment)
A0A851LAN5	unassigned	none	module	itpr.hmm matched only 81 profile positions (< 200) — a shared module, not a family assignment	109.0	0.0	109.0	1.0	6.3e-29		6.3e-29	0.03	0.0	81	0	0.988	82	Itpr1_0	Corythaeola cristata	103954	0	ITPR1 protein (Fragment)
A0A851M2C1	unassigned	none	module	ryr.hmm matched only 173 profile positions (< 200) — a shared module, not a family assignment	43.2	321.8	278.6	0.8658	4.2e-09	2.8e-93	2.8e-93	0.03	0.035	81	173	0.994	175	Ryr3_1	Campylorhamphus procurvoides	190295	0	RYR3 protein (Fragment)
A0A851M350	unassigned	none	module	ryr.hmm matched only 54 profile positions (< 200) — a shared module, not a family assignment	69.0	123.7	54.7	0.4422	7.3e-17	1.3e-33	1.3e-33	0.021	0.011	56	54	1.0	56	Ryr3	Corythaeola cristata	103954	0	RYR3 protein (Fragment)
A0A851M4J1	unassigned	none	module	ryr.hmm matched only 108 profile positions (< 200) — a shared module, not a family assignment	130.3	256.2	125.9	0.4914	2.4e-35	1.6e-73	1.6e-73	0.041	0.022	110	108	1.0	108	Ryr2	Corythaeola cristata	103954	0	RYR2 protein (Fragment)
A0A851MB90	unassigned	none	module	ryr.hmm matched only 108 profile positions (< 200) — a shared module, not a family assignment	133.2	256.2	123.0	0.4801	3.2e-36	1.6e-73	1.6e-73	0.041	0.022	110	108	1.0	108	Ryr3_2	Campylorhamphus procurvoides	190295	0	RYR3 protein (Fragment)
A0A851MZ47	unassigned	none	module	itpr.hmm matched only 75 profile positions (< 200) — a shared module, not a family assignment	100.6	0.0	100.6	1.0	2.2e-26		2.2e-26	0.028	0.0	75	0	0.938	81	Itpr2_1	Campylorhamphus procurvoides	190295	0	ITPR2 protein (Fragment)
A0A851MZF9	unassigned	none	module	itpr.hmm matched only 78 profile positions (< 200) — a shared module, not a family assignment	103.2	0.0	103.2	1.0	3.4e-27		3.4e-27	0.029	0.0	78	0	0.952	83	Itpr1_0	Campylorhamphus procurvoides	190295	0	ITPR1 protein (Fragment)
A0A851N5E2	unassigned	none	module	itpr.hmm matched only 102 profile positions (< 200) — a shared module, not a family assignment	229.2	118.6	110.6	0.4825	3.6e-65	4.6e-32	3.6e-65	0.038	0.02	102	99	1.0	101	Itpr1_2	Campylorhamphus procurvoides	190295	0	ITPR1 protein (Fragment)
A0A851NI69	unassigned	none	module	itpr.hmm matched only 81 profile positions (< 200) — a shared module, not a family assignment	110.1	0.0	110.1	1.0	3e-29		3e-29	0.03	0.0	81	0	0.988	82	Itpr1_0	Penelope pileata	1118817	0	ITPR1 protein (Fragment)
A0A851NJS7	unassigned	none	module	itpr.hmm matched only 75 profile positions (< 200) — a shared module, not a family assignment	99.3	0.0	99.3	1.0	5.4e-26		5.4e-26	0.028	0.0	75	0	0.938	81	Itpr2_0	Penelope pileata	1118817	0	ITPR2 protein (Fragment)
A0A851NN10	unassigned	none	module	itpr.hmm matched only 102 profile positions (< 200) — a shared module, not a family assignment	229.2	118.6	110.6	0.4825	3.6e-65	4.6e-32	3.6e-65	0.038	0.02	102	99	1.0	101	Itpr1_2	Penelope pileata	1118817	0	ITPR1 protein (Fragment)
A0A851NX27	unassigned	none	module	ryr.hmm matched only 49 profile positions (< 200) — a shared module, not a family assignment	0.0	45.3	45.3	1.0		5.3e-10	5.3e-10	0.0	0.01	0	49	0.923	52	Ryr1	Penelope pileata	1118817	0	RYR1 protein (Fragment)
A0A851P7C0	unassigned	none	module	ryr.hmm matched only 173 profile positions (< 200) — a shared module, not a family assignment	42.7	322.7	280.0	0.8677	6e-09	1.4e-93	1.4e-93	0.029	0.035	78	173	1.0	174	Ryr3_1	Penelope pileata	1118817	0	RYR3 protein (Fragment)
A0A851PBF2	unassigned	none	module	ryr.hmm matched only 108 profile positions (< 200) — a shared module, not a family assignment	130.3	256.2	125.9	0.4914	2.4e-35	1.6e-73	1.6e-73	0.041	0.022	110	108	1.0	108	Ryr2_1	Anhinga anhinga	56067	0	RYR2 protein (Fragment)
A0A851PGC9	unassigned	none	module	ryr.hmm matched only 108 profile positions (< 200) — a shared module, not a family assignment	133.2	256.2	123.0	0.4801	3.2e-36	1.6e-73	1.6e-73	0.041	0.022	110	108	1.0	108	Ryr3_2	Penelope pileata	1118817	0	RYR3 protein (Fragment)
A0A851PJH0	unassigned	none	module	itpr.hmm matched only 81 profile positions (< 200) — a shared module, not a family assignment	109.3	0.0	109.3	1.0	5.1e-29		5.1e-29	0.03	0.0	81	0	0.988	82	Itpr1_0	Anhinga anhinga	56067	0	ITPR1 protein (Fragment)
A0A851PK40	unassigned	none	module	ryr.hmm matched only 173 profile positions (< 200) — a shared module, not a family assignment	41.0	327.5	286.5	0.8748	1.9e-08	5.5e-95	5.5e-95	0.025	0.035	67	173	0.977	177	Ryr2_0	Anhinga anhinga	56067	0	RYR2 protein (Fragment)
A0A851PWE2	unassigned	none	module	itpr.hmm matched only 83 profile positions (< 200) — a shared module, not a family assignment	101.3	0.0	101.3	1.0	1.3e-26		1.3e-26	0.031	0.0	83	0	0.939	82	Itpr2_0	Anhinga anhinga	56067	0	ITPR2 protein (Fragment)
A0A851PYP8	unassigned	none	module	ryr.hmm matched only 173 profile positions (< 200) — a shared module, not a family assignment	42.4	321.4	279.0	0.8681	7.6e-09	3.7e-93	3.7e-93	0.029	0.035	78	173	0.989	174	Ryr3_3	Anhinga anhinga	56067	0	RYR3 protein (Fragment)
A0A851Q3N0	unassigned	none	module	ryr.hmm matched only 44 profile positions (< 200) — a shared module, not a family assignment	0.0	46.2	46.2	1.0		3e-10	3e-10	0.0	0.009	0	44	0.979	47	Ryr3_1	Anhinga anhinga	56067	0	RYR3 protein (Fragment)
A0A851Q4M1	unassigned	none	module	ryr.hmm matched only 108 profile positions (< 200) — a shared module, not a family assignment	133.2	256.2	123.0	0.4801	3.2e-36	1.6e-73	1.6e-73	0.041	0.022	110	108	1.0	108	Ryr3_4	Anhinga anhinga	56067	0	RYR3 protein (Fragment)
A0A851Q6J9	unassigned	none	module	ryr.hmm matched only 143 profile positions (< 200) — a shared module, not a family assignment	0.0	194.3	194.3	1.0		7e-55	7e-55	0.0	0.029	0	143	0.662	216	Ryr3_2	Anhinga anhinga	56067	0	RYR3 protein (Fragment)
A0A851QF85	unassigned	none	module	ryr.hmm matched only 108 profile positions (< 200) — a shared module, not a family assignment	133.2	256.2	123.0	0.4801	3.2e-36	1.6e-73	1.6e-73	0.041	0.022	110	108	1.0	108	Ryr3_2	Tychaedon coryphoeus	614051	0	RYR3 protein (Fragment)
A0A851QNJ1	unassigned	none	module	ryr.hmm matched only 44 profile positions (< 200) — a shared module, not a family assignment	0.0	46.7	46.7	1.0		2e-10	2e-10	0.0	0.009	0	44	0.979	47	Ryr3_0	Tychaedon coryphoeus	614051	0	RYR3 protein (Fragment)
A0A851QPA2	unassigned	none	module	ryr.hmm matched only 173 profile positions (< 200) — a shared module, not a family assignment	42.5	321.3	278.8	0.8677	7.1e-09	4e-93	4e-93	0.029	0.035	78	173	0.983	175	Ryr3_1	Tychaedon coryphoeus	614051	0	RYR3 protein (Fragment)
A0A851QQ19	unassigned	none	module	ryr.hmm matched only 173 profile positions (< 200) — a shared module, not a family assignment	41.2	326.4	285.2	0.8738	1.7e-08	1.1e-94	1.1e-94	0.028	0.035	75	173	0.977	177	Ryr2_0	Tychaedon coryphoeus	614051	0	RYR2 protein (Fragment)
A0A851QSZ1	unassigned	none	module	ryr.hmm matched only 108 profile positions (< 200) — a shared module, not a family assignment	130.3	256.2	125.9	0.4914	2.4e-35	1.6e-73	1.6e-73	0.041	0.022	110	108	1.0	108	Ryr2_1	Tychaedon coryphoeus	614051	0	RYR2 protein (Fragment)
A0A851R1X0	unassigned	none	module	itpr.hmm matched only 83 profile positions (< 200) — a shared module, not a family assignment	101.3	0.0	101.3	1.0	1.3e-26		1.3e-26	0.031	0.0	83	0	0.939	82	Itpr2_0	Tychaedon coryphoeus	614051	0	ITPR2 protein (Fragment)
A0A851RF31	unassigned	none	module	itpr.hmm matched only 81 profile positions (< 200) — a shared module, not a family assignment	103.4	0.0	103.4	1.0	3e-27		3e-27	0.03	0.0	81	0	0.964	83	Itpr1_0	Tychaedon coryphoeus	614051	0	ITPR1 protein (Fragment)
A0A851RMW3	unassigned	none	module	ryr.hmm matched only 173 profile positions (< 200) — a shared module, not a family assignment	42.5	321.3	278.8	0.8677	7.1e-09	4e-93	4e-93	0.029	0.035	78	173	0.983	175	Ryr3_1	Certhia familiaris	73333	0	RYR3 protein (Fragment)
A0A851RQS6	unassigned	none	module	ryr.hmm matched only 108 profile positions (< 200) — a shared module, not a family assignment	133.2	256.2	123.0	0.4801	3.2e-36	1.6e-73	1.6e-73	0.041	0.022	110	108	1.0	108	Ryr3_2	Certhia familiaris	73333	0	RYR3 protein (Fragment)
A0A851RUH0	unassigned	none	module	ryr.hmm matched only 49 profile positions (< 200) — a shared module, not a family assignment	0.0	47.2	47.2	1.0		1.5e-10	1.5e-10	0.0	0.01	0	49	0.979	48	Ryr3_0	Certhia familiaris	73333	0	RYR3 protein (Fragment)
A0A851S8M7	unassigned	none	module	itpr.hmm matched only 83 profile positions (< 200) — a shared module, not a family assignment	101.3	0.0	101.3	1.0	1.3e-26		1.3e-26	0.031	0.0	83	0	0.939	82	Itpr2_0	Certhia familiaris	73333	0	ITPR2 protein (Fragment)
A0A851SC80	unassigned	none	module	itpr.hmm matched only 78 profile positions (< 200) — a shared module, not a family assignment	104.3	0.0	104.3	1.0	1.6e-27		1.6e-27	0.029	0.0	78	0	0.952	83	Itpr1	Certhia familiaris	73333	0	ITPR1 protein (Fragment)
A0A851SMN3	unassigned	none	module	ryr.hmm matched only 173 profile positions (< 200) — a shared module, not a family assignment	40.4	320.5	280.1	0.8739	3e-08	7e-93	7e-93	0.028	0.035	75	173	0.994	172	Ryr3_1	Nothocercus nigrocapillus	1977171	0	RYR3 protein (Fragment)
A0A851SN50	unassigned	none	module	itpr.hmm matched only 81 profile positions (< 200) — a shared module, not a family assignment	109.3	0.0	109.3	1.0	5.1e-29		5.1e-29	0.03	0.0	81	0	0.988	82	Itpr1_0	Nothocercus nigrocapillus	1977171	0	ITPR1 protein (Fragment)
A0A851SSL1	unassigned	none	module	ryr.hmm matched only 108 profile positions (< 200) — a shared module, not a family assignment	134.8	255.6	120.8	0.4726	1e-36	2.5e-73	2.5e-73	0.041	0.022	110	108	1.0	108	Ryr3_2	Nothocercus nigrocapillus	1977171	0	RYR3 protein (Fragment)
A0A851T581	unassigned	none	module	itpr.hmm matched only 83 profile positions (< 200) — a shared module, not a family assignment	101.3	0.0	101.3	1.0	1.3e-26		1.3e-26	0.031	0.0	83	0	0.939	82	Itpr2_0	Nothocercus nigrocapillus	1977171	0	ITPR2 protein (Fragment)
A0A851TQZ3	unassigned	none	module	ryr.hmm matched only 173 profile positions (< 200) — a shared module, not a family assignment	0.0	293.2	293.2	1.0		1.1e-84	1.1e-84	0.0	0.035	0	173	0.98	203	Ryr1_1	Nothocercus nigrocapillus	1977171	0	RYR1 protein (Fragment)
A0A851TQZ7	unassigned	none	module	ryr.hmm matched only 108 profile positions (< 200) — a shared module, not a family assignment	133.2	253.0	119.8	0.4735	3.3e-36	1.4e-72	1.4e-72	0.041	0.022	110	108	1.0	108	Ryr1_2	Nothocercus nigrocapillus	1977171	0	RYR1 protein (Fragment)
A0A851TRJ4	unassigned	none	module	ryr.hmm matched only 49 profile positions (< 200) — a shared module, not a family assignment	0.0	46.3	46.3	1.0		2.7e-10	2.7e-10	0.0	0.01	0	49	0.979	48	Ryr1_0	Nothocercus nigrocapillus	1977171	0	RYR1 protein (Fragment)
A0A851TT77	unassigned	none	module	itpr.hmm matched only 81 profile positions (< 200) — a shared module, not a family assignment	103.4	0.0	103.4	1.0	3e-27		3e-27	0.03	0.0	81	0	0.964	83	Itpr1_0	Elachura formosa	1463973	0	ITPR1 protein (Fragment)
A0A851TYH7	unassigned	none	module	ryr.hmm matched only 44 profile positions (< 200) — a shared module, not a family assignment	0.0	46.7	46.7	1.0		2e-10	2e-10	0.0	0.009	0	44	0.979	47	Ryr3_0	Elachura formosa	1463973	0	RYR3 protein (Fragment)
A0A851TYW7	unassigned	none	module	ryr.hmm matched only 173 profile positions (< 200) — a shared module, not a family assignment	42.5	321.3	278.8	0.8677	7.1e-09	4e-93	4e-93	0.029	0.035	78	173	0.983	175	Ryr3_1	Elachura formosa	1463973	0	RYR3 protein (Fragment)
A0A851U076	unassigned	none	module	ryr.hmm matched only 108 profile positions (< 200) — a shared module, not a family assignment	133.2	256.2	123.0	0.4801	3.2e-36	1.6e-73	1.6e-73	0.041	0.022	110	108	1.0	108	Ryr3_2	Elachura formosa	1463973	0	RYR3 protein (Fragment)
A0A851U9A7	unassigned	none	module	itpr.hmm matched only 83 profile positions (< 200) — a shared module, not a family assignment	101.3	0.0	101.3	1.0	1.3e-26		1.3e-26	0.031	0.0	83	0	0.939	82	Itpr2_0	Elachura formosa	1463973	0	ITPR2 protein (Fragment)
A0A851UVY0	unassigned	none	module	ryr.hmm matched only 108 profile positions (< 200) — a shared module, not a family assignment	133.2	256.2	123.0	0.4801	3.2e-36	1.6e-73	1.6e-73	0.041	0.022	110	108	1.0	108	Ryr3_3	Copsychus sechellarum	797021	0	RYR3 protein (Fragment)
A0A851V2I4	unassigned	none	module	ryr.hmm matched only 173 profile positions (< 200) — a shared module, not a family assignment	42.1	320.5	278.4	0.8686	9.3e-09	6.6e-93	6.6e-93	0.028	0.035	75	173	0.983	175	Ryr3_2	Copsychus sechellarum	797021	0	RYR3 protein (Fragment)
A0A851V3I9	unassigned	none	module	ryr.hmm matched only 44 profile positions (< 200) — a shared module, not a family assignment	0.0	46.7	46.7	1.0		2e-10	2e-10	0.0	0.009	0	44	0.979	47	Ryr3_0	Copsychus sechellarum	797021	0	RYR3 protein (Fragment)
A0A851VHC3	unassigned	none	module	itpr.hmm matched only 81 profile positions (< 200) — a shared module, not a family assignment	103.4	0.0	103.4	1.0	3e-27		3e-27	0.03	0.0	81	0	0.964	83	Itpr1_0	Copsychus sechellarum	797021	0	ITPR1 protein (Fragment)
A0A851VQN5	unassigned	none	module	itpr.hmm matched only 83 profile positions (< 200) — a shared module, not a family assignment	101.3	0.0	101.3	1.0	1.3e-26		1.3e-26	0.031	0.0	83	0	0.939	82	Itpr2_0	Copsychus sechellarum	797021	0	ITPR2 protein (Fragment)
A0A851VVE7	unassigned	none	module	ryr.hmm matched only 54 profile positions (< 200) — a shared module, not a family assignment	68.3	123.3	55.0	0.4461	1.2e-16	1.7e-33	1.7e-33	0.021	0.011	56	54	1.0	56	Ryr1_0	Copsychus sechellarum	797021	0	RYR1 protein (Fragment)
A0A851W3L8	unassigned	none	module	ryr.hmm matched only 158 profile positions (< 200) — a shared module, not a family assignment	0.0	146.3	146.3	1.0		2.1e-40	2.1e-40	0.0	0.032	0	158	0.876	194	Ryr1_1	Copsychus sechellarum	797021	0	RYR1 protein (Fragment)
A0A851WA64	unassigned	none	module	ryr.hmm matched only 49 profile positions (< 200) — a shared module, not a family assignment	0.0	45.0	45.0	1.0		6.6e-10	6.6e-10	0.0	0.01	0	49	0.979	48	Ryr1_2	Copsychus sechellarum	797021	0	RYR1 protein (Fragment)
A0A851X849	unassigned	none	module	itpr.hmm matched only 83 profile positions (< 200) — a shared module, not a family assignment	101.3	0.0	101.3	1.0	1.3e-26		1.3e-26	0.031	0.0	83	0	0.939	82	Itpr2_0	Eolophus roseicapilla	176039	0	ITPR2 protein (Fragment)
A0A851XWY5	unassigned	none	module	ryr.hmm matched only 108 profile positions (< 200) — a shared module, not a family assignment	130.3	256.2	125.9	0.4914	2.4e-35	1.6e-73	1.6e-73	0.041	0.022	110	108	1.0	108	Ryr2_1	Eolophus roseicapilla	176039	0	RYR2 protein (Fragment)
A0A851XWZ0	unassigned	none	module	ryr.hmm matched only 173 profile positions (< 200) — a shared module, not a family assignment	41.0	327.4	286.4	0.8748	2e-08	5.6e-95	5.6e-95	0.025	0.035	67	173	0.977	177	Ryr2_0	Eolophus roseicapilla	176039	0	RYR2 protein (Fragment)
A0A851Y2Y1	unassigned	none	module	ryr.hmm matched only 44 profile positions (< 200) — a shared module, not a family assignment	0.0	46.2	46.2	1.0		3e-10	3e-10	0.0	0.009	0	44	0.979	47	Ryr3_4	Eolophus roseicapilla	176039	0	RYR3 protein (Fragment)
A0A851Y4R3	unassigned	none	module	ryr.hmm matched only 108 profile positions (< 200) — a shared module, not a family assignment	133.2	256.2	123.0	0.4801	3.2e-36	1.6e-73	1.6e-73	0.041	0.022	110	108	1.0	108	Ryr3_3	Eolophus roseicapilla	176039	0	RYR3 protein (Fragment)
A0A851Y782	unassigned	none	module	ryr.hmm matched only 143 profile positions (< 200) — a shared module, not a family assignment	0.0	193.7	193.7	1.0		1.1e-54	1.1e-54	0.0	0.029	0	143	0.623	231	Ryr3_1	Eolophus roseicapilla	176039	0	RYR3 protein (Fragment)
A0A851YCH7	unassigned	none	module	ryr.hmm matched only 173 profile positions (< 200) — a shared module, not a family assignment	41.2	320.5	279.3	0.8715	1.7e-08	6.9e-93	6.9e-93	0.028	0.035	75	173	0.983	174	Ryr3_2	Eolophus roseicapilla	176039	0	RYR3 protein (Fragment)
A0A851YER0	unassigned	none	module	itpr.hmm matched only 83 profile positions (< 200) — a shared module, not a family assignment	101.3	0.0	101.3	1.0	1.3e-26		1.3e-26	0.031	0.0	83	0	0.939	82	Itpr2_0	Halcyon senegalensis	342381	0	ITPR2 protein (Fragment)
A0A851YRT3	unassigned	none	module	itpr.hmm matched only 81 profile positions (< 200) — a shared module, not a family assignment	107.4	0.0	107.4	1.0	1.9e-28		1.9e-28	0.03	0.0	81	0	0.976	82	Itpr1_0	Halcyon senegalensis	342381	0	ITPR1 protein (Fragment)
A0A851YWA1	unassigned	none	module	ryr.hmm matched only 108 profile positions (< 200) — a shared module, not a family assignment	133.2	256.2	123.0	0.4801	3.2e-36	1.6e-73	1.6e-73	0.041	0.022	110	108	1.0	108	Ryr3_1	Halcyon senegalensis	342381	0	RYR3 protein (Fragment)
A0A851Z2H8	unassigned	none	module	ryr.hmm matched only 173 profile positions (< 200) — a shared module, not a family assignment	42.4	320.4	278.0	0.8677	7.7e-09	7.3e-93	7.3e-93	0.029	0.035	78	173	0.989	174	Ryr3_0	Halcyon senegalensis	342381	0	RYR3 protein (Fragment)
A0A851Z949	unassigned	none	module	ryr.hmm matched only 44 profile positions (< 200) — a shared module, not a family assignment	0.0	46.7	46.7	1.0		2e-10	2e-10	0.0	0.009	0	44	0.979	47	Ryr3_0	Calcarius ornatus	198940	0	RYR3 protein (Fragment)
A0A851ZBI6	unassigned	none	module	ryr.hmm matched only 173 profile positions (< 200) — a shared module, not a family assignment	42.5	321.3	278.8	0.8677	7.1e-09	4e-93	4e-93	0.029	0.035	78	173	0.983	175	Ryr3_1	Calcarius ornatus	198940	0	RYR3 protein (Fragment)
A0A851ZC95	unassigned	none	module	ryr.hmm matched only 44 profile positions (< 200) — a shared module, not a family assignment	0.0	44.3	44.3	1.0		1.1e-09	1.1e-09	0.0	0.009	0	44	0.979	47	Ryr1	Halcyon senegalensis	342381	0	RYR1 protein (Fragment)
A0A851ZIB9	unassigned	none	module	ryr.hmm matched only 108 profile positions (< 200) — a shared module, not a family assignment	133.2	256.2	123.0	0.4801	3.2e-36	1.6e-73	1.6e-73	0.041	0.022	110	108	1.0	108	Ryr3_2	Calcarius ornatus	198940	0	RYR3 protein (Fragment)
A0A852A3F1	unassigned	none	module	itpr.hmm matched only 83 profile positions (< 200) — a shared module, not a family assignment	101.3	0.0	101.3	1.0	1.3e-26		1.3e-26	0.031	0.0	83	0	0.939	82	Itpr2_0	Calcarius ornatus	198940	0	ITPR2 protein (Fragment)
A0A852A9D2	unassigned	none	module	itpr.hmm matched only 81 profile positions (< 200) — a shared module, not a family assignment	103.4	0.0	103.4	1.0	3e-27		3e-27	0.03	0.0	81	0	0.964	83	Itpr1_0	Calcarius ornatus	198940	0	ITPR1 protein (Fragment)
A0A852AD37	unassigned	none	module	ryr.hmm matched only 173 profile positions (< 200) — a shared module, not a family assignment	42.2	328.2	286.0	0.8714	8.8e-09	3.4e-95	3.4e-95	0.028	0.035	75	173	0.989	177	Ryr2_1	Calcarius ornatus	198940	0	RYR2 protein (Fragment)
A0A852AGQ1	unassigned	none	module	ryr.hmm matched only 108 profile positions (< 200) — a shared module, not a family assignment	130.3	256.2	125.9	0.4914	2.4e-35	1.6e-73	1.6e-73	0.041	0.022	110	108	1.0	108	Ryr2_2	Calcarius ornatus	198940	0	RYR2 protein (Fragment)
A0A852AHV5	unassigned	none	module	ryr.hmm matched only 128 profile positions (< 200) — a shared module, not a family assignment	36.5	216.8	180.3	0.8316	4.6e-07	1.1e-61	1.1e-61	0.022	0.026	59	128	0.977	131	Ryr1_0	Chloropsis cyanopogon	1218682	0	RYR1 protein (Fragment)
A0A852ASL3	unassigned	none	module	ryr.hmm matched only 123 profile positions (< 200) — a shared module, not a family assignment	0.0	203.5	203.5	1.0		1.2e-57	1.2e-57	0.0	0.025	0	123	0.953	128	Ryr3_0	Chloropsis cyanopogon	1218682	0	RYR3 protein (Fragment)
A0A852AWZ6	unassigned	none	module	itpr.hmm matched only 81 profile positions (< 200) — a shared module, not a family assignment	103.4	0.0	103.4	1.0	3e-27		3e-27	0.03	0.0	81	0	0.964	83	Itpr1_0	Chloropsis cyanopogon	1218682	0	ITPR1 protein (Fragment)
A0A852B1G8	unassigned	none	module	itpr.hmm matched only 83 profile positions (< 200) — a shared module, not a family assignment	101.3	0.0	101.3	1.0	1.3e-26		1.3e-26	0.031	0.0	83	0	0.939	82	Itpr2_0	Chloropsis cyanopogon	1218682	0	ITPR2 protein (Fragment)
A0A852BJ00	unassigned	none	module	ryr.hmm matched only 49 profile positions (< 200) — a shared module, not a family assignment	0.0	46.1	46.1	1.0		3e-10	3e-10	0.0	0.01	0	49	0.96	50	Ryr1_1	Chloropsis cyanopogon	1218682	0	RYR1 protein (Fragment)
A0A852CDA0	unassigned	none	module	ryr.hmm matched only 173 profile positions (< 200) — a shared module, not a family assignment	41.3	327.1	285.8	0.8737	1.6e-08	6.9e-95	6.9e-95	0.026	0.035	70	173	0.977	177	Ryr2_0	Ramphastos sulfuratus	322582	0	RYR2 protein (Fragment)
A0A852CDP9	unassigned	none	module	ryr.hmm matched only 108 profile positions (< 200) — a shared module, not a family assignment	130.3	256.2	125.9	0.4914	2.4e-35	1.6e-73	1.6e-73	0.041	0.022	110	108	1.0	108	Ryr2_1	Ramphastos sulfuratus	322582	0	RYR2 protein (Fragment)
A0A852CM46	unassigned	none	module	ryr.hmm matched only 44 profile positions (< 200) — a shared module, not a family assignment	0.0	46.2	46.2	1.0		3e-10	3e-10	0.0	0.009	0	44	0.979	47	Ryr3_0	Ramphastos sulfuratus	322582	0	RYR3 protein (Fragment)
A0A852CM48	unassigned	none	module	ryr.hmm matched only 173 profile positions (< 200) — a shared module, not a family assignment	41.9	321.1	279.2	0.8695	1.1e-08	4.5e-93	4.5e-93	0.029	0.035	78	173	0.983	175	Ryr3_1	Ramphastos sulfuratus	322582	0	RYR3 protein (Fragment)
A0A852CN71	unassigned	none	module	itpr.hmm matched only 72 profile positions (< 200) — a shared module, not a family assignment	100.9	0.0	100.9	1.0	1.7e-26		1.7e-26	0.027	0.0	72	0	0.878	82	Itpr2_1	Ramphastos sulfuratus	322582	0	ITPR2 protein (Fragment)
A0A852CQC8	unassigned	none	module	ryr.hmm matched only 108 profile positions (< 200) — a shared module, not a family assignment	133.2	256.2	123.0	0.4801	3.2e-36	1.6e-73	1.6e-73	0.041	0.022	110	108	1.0	108	Ryr3_2	Ramphastos sulfuratus	322582	0	RYR3 protein (Fragment)
A0A852CXM5	unassigned	none	module	itpr.hmm matched only 81 profile positions (< 200) — a shared module, not a family assignment	103.4	0.0	103.4	1.0	3e-27		3e-27	0.03	0.0	81	0	0.964	83	Itpr1_0	Passerina amoena	142471	0	ITPR1 protein (Fragment)
A0A852D208	unassigned	none	module	ryr.hmm matched only 173 profile positions (< 200) — a shared module, not a family assignment	44.6	321.5	276.9	0.8613	1.7e-09	3.3e-93	3.3e-93	0.029	0.035	78	173	0.983	175	Ryr3_1	Passerina amoena	142471	0	RYR3 protein (Fragment)
A0A852D3S9	unassigned	none	module	ryr.hmm matched only 44 profile positions (< 200) — a shared module, not a family assignment	0.0	46.7	46.7	1.0		2e-10	2e-10	0.0	0.009	0	44	0.979	47	Ryr3_0	Passerina amoena	142471	0	RYR3 protein (Fragment)
A0A852D5H3	unassigned	none	module	ryr.hmm matched only 108 profile positions (< 200) — a shared module, not a family assignment	133.2	256.2	123.0	0.4801	3.2e-36	1.6e-73	1.6e-73	0.041	0.022	110	108	1.0	108	Ryr3_2	Passerina amoena	142471	0	RYR3 protein (Fragment)
A0A852DDD3	unassigned	none	module	itpr.hmm matched only 83 profile positions (< 200) — a shared module, not a family assignment	101.3	0.0	101.3	1.0	1.3e-26		1.3e-26	0.031	0.0	83	0	0.939	82	Itpr2_0	Passerina amoena	142471	0	ITPR2 protein (Fragment)
A0A852DVY5	unassigned	none	module	ryr.hmm matched only 173 profile positions (< 200) — a shared module, not a family assignment	42.5	321.3	278.8	0.8677	7.1e-09	4e-93	4e-93	0.029	0.035	78	173	0.983	175	Ryr3_0	Vidua macroura	187451	0	RYR3 protein (Fragment)
A0A852DWU1	unassigned	none	module	itpr.hmm matched only 81 profile positions (< 200) — a shared module, not a family assignment	103.4	0.0	103.4	1.0	3e-27		3e-27	0.03	0.0	81	0	0.964	83	Itpr1_0	Vidua macroura	187451	0	ITPR1 protein (Fragment)
A0A852DZZ4	unassigned	none	module	itpr.hmm matched only 102 profile positions (< 200) — a shared module, not a family assignment	229.2	118.6	110.6	0.4825	3.6e-65	4.6e-32	3.6e-65	0.038	0.02	102	99	1.0	101	Itpr1_2	Vidua macroura	187451	0	ITPR1 protein (Fragment)
A0A852E8F6	unassigned	none	module	ryr.hmm matched only 54 profile positions (< 200) — a shared module, not a family assignment	69.0	123.7	54.7	0.4422	7.3e-17	1.3e-33	1.3e-33	0.021	0.011	56	54	1.0	56	Ryr3_1	Vidua macroura	187451	0	RYR3 protein (Fragment)
A0A852EEE2	unassigned	none	module	itpr.hmm matched only 75 profile positions (< 200) — a shared module, not a family assignment	98.2	0.0	98.2	1.0	1.1e-25		1.1e-25	0.028	0.0	75	0	0.938	81	Itpr2_0	Vidua macroura	187451	0	ITPR2 protein (Fragment)
A0A852EKJ5	unassigned	none	module	ryr.hmm matched only 163 profile positions (< 200) — a shared module, not a family assignment	0.0	300.6	300.6	1.0		6.9e-87	6.9e-87	0.0	0.033	0	163	0.994	164	Ryr2_0	Vidua macroura	187451	0	RYR2 protein (Fragment)
A0A852F477	unassigned	none	module	ryr.hmm matched only 108 profile positions (< 200) — a shared module, not a family assignment	133.2	256.2	123.0	0.4801	3.2e-36	1.6e-73	1.6e-73	0.041	0.022	110	108	1.0	108	Ryr3_1	Peucedramus taeniatus	135441	0	RYR3 protein (Fragment)
A0A852F7Q7	unassigned	none	module	itpr.hmm matched only 75 profile positions (< 200) — a shared module, not a family assignment	100.6	0.0	100.6	1.0	2.2e-26		2.2e-26	0.028	0.0	75	0	0.938	81	Itpr2_0	Peucedramus taeniatus	135441	0	ITPR2 protein (Fragment)
A0A852F8N0	unassigned	none	module	ryr.hmm matched only 173 profile positions (< 200) — a shared module, not a family assignment	42.5	321.3	278.8	0.8677	7.1e-09	4e-93	4e-93	0.029	0.035	78	173	0.983	175	Ryr3_0	Peucedramus taeniatus	135441	0	RYR3 protein (Fragment)
A0A852F9U0	unassigned	none	module	ryr.hmm matched only 49 profile positions (< 200) — a shared module, not a family assignment	0.0	45.0	45.0	1.0		6.8e-10	6.8e-10	0.0	0.01	0	49	0.906	53	Ryr1	Peucedramus taeniatus	135441	0	RYR1 protein (Fragment)
A0A852FLM8	unassigned	none	module	itpr.hmm matched only 102 profile positions (< 200) — a shared module, not a family assignment	229.2	118.6	110.6	0.4825	3.6e-65	4.6e-32	3.6e-65	0.038	0.02	102	99	1.0	101	Itpr1_2	Peucedramus taeniatus	135441	0	ITPR1 protein (Fragment)
A0A852FLZ7	unassigned	none	module	itpr.hmm matched only 81 profile positions (< 200) — a shared module, not a family assignment	103.4	0.0	103.4	1.0	3e-27		3e-27	0.03	0.0	81	0	0.964	83	Itpr1_0	Peucedramus taeniatus	135441	0	ITPR1 protein (Fragment)
A0A852FYT4	unassigned	none	module	ryr.hmm matched only 108 profile positions (< 200) — a shared module, not a family assignment	130.3	256.2	125.9	0.4914	2.4e-35	1.6e-73	1.6e-73	0.041	0.022	110	108	1.0	108	Ryr2_1	Peucedramus taeniatus	135441	0	RYR2 protein (Fragment)
A0A852G501	unassigned	none	module	ryr.hmm matched only 49 profile positions (< 200) — a shared module, not a family assignment	0.0	43.7	43.7	1.0		1.7e-09	1.7e-09	0.0	0.01	0	49	0.676	71	Ryr1	Larus smithsonianus	243888	0	RYR1 protein (Fragment)
A0A852G647	unassigned	none	module	itpr.hmm matched only 81 profile positions (< 200) — a shared module, not a family assignment	109.1	0.0	109.1	1.0	5.9e-29		5.9e-29	0.03	0.0	81	0	0.988	82	Itpr1_0	Larus smithsonianus	243888	0	ITPR1 protein (Fragment)
A0A852G676	unassigned	none	module	ryr.hmm matched only 173 profile positions (< 200) — a shared module, not a family assignment	42.2	319.2	277.0	0.8678	8.8e-09	1.6e-92	1.6e-92	0.028	0.035	75	173	0.989	174	Ryr3_0	Larus smithsonianus	243888	0	RYR3 protein (Fragment)
A0A852GBF8	unassigned	none	module	ryr.hmm matched only 108 profile positions (< 200) — a shared module, not a family assignment	133.2	256.2	123.0	0.4801	3.2e-36	1.6e-73	1.6e-73	0.041	0.022	110	108	1.0	108	Ryr3_1	Larus smithsonianus	243888	0	RYR3 protein (Fragment)
A0A852GNQ0	unassigned	none	module	ryr.hmm matched only 143 profile positions (< 200) — a shared module, not a family assignment	0.0	192.7	192.7	1.0		2.1e-54	2.1e-54	0.0	0.029	0	143	0.569	255	Ryr3_2	Larus smithsonianus	243888	0	RYR3 protein (Fragment)
A0A852GYL4	unassigned	none	module	itpr.hmm matched only 83 profile positions (< 200) — a shared module, not a family assignment	101.3	0.0	101.3	1.0	1.3e-26		1.3e-26	0.031	0.0	83	0	0.939	82	Itpr2_1	Larus smithsonianus	243888	0	ITPR2 protein (Fragment)
A0A852H0M8	unassigned	none	module	ryr.hmm matched only 108 profile positions (< 200) — a shared module, not a family assignment	130.3	256.2	125.9	0.4914	2.4e-35	1.6e-73	1.6e-73	0.041	0.022	110	108	1.0	108	Ryr2_1	Larus smithsonianus	243888	0	RYR2 protein (Fragment)
A0A852H4E5	unassigned	none	module	ryr.hmm matched only 173 profile positions (< 200) — a shared module, not a family assignment	41.0	327.5	286.5	0.8748	1.9e-08	5.5e-95	5.5e-95	0.025	0.035	67	173	0.977	177	Ryr2_0	Larus smithsonianus	243888	0	RYR2 protein (Fragment)
A0A852H8D7	unassigned	none	module	itpr.hmm matched only 81 profile positions (< 200) — a shared module, not a family assignment	103.4	0.0	103.4	1.0	3e-27		3e-27	0.03	0.0	81	0	0.964	83	Itpr1_0	Nicator chloris	237433	0	ITPR1 protein (Fragment)
A0A852HD65	unassigned	none	module	ryr.hmm matched only 173 profile positions (< 200) — a shared module, not a family assignment	41.3	326.5	285.2	0.8735	1.6e-08	1.1e-94	1.1e-94	0.028	0.035	75	173	0.977	177	Ryr2_0	Nicator chloris	237433	0	RYR2 protein (Fragment)
A0A852HJI2	unassigned	none	module	ryr.hmm matched only 108 profile positions (< 200) — a shared module, not a family assignment	130.3	256.2	125.9	0.4914	2.4e-35	1.6e-73	1.6e-73	0.041	0.022	110	108	1.0	108	Ryr2_1	Nicator chloris	237433	0	RYR2 protein (Fragment)
A0A852HV31	unassigned	none	module	itpr.hmm matched only 83 profile positions (< 200) — a shared module, not a family assignment	101.3	0.0	101.3	1.0	1.3e-26		1.3e-26	0.031	0.0	83	0	0.939	82	Itpr2_0	Nicator chloris	237433	0	ITPR2 protein (Fragment)
A0A852I5U0	unassigned	none	module	ryr.hmm matched only 173 profile positions (< 200) — a shared module, not a family assignment	42.3	321.3	279.0	0.8683	8.1e-09	3.9e-93	3.9e-93	0.029	0.035	78	173	0.983	175	Ryr3_1	Nicator chloris	237433	0	RYR3 protein (Fragment)
A0A852I624	unassigned	none	module	ryr.hmm matched only 54 profile positions (< 200) — a shared module, not a family assignment	69.0	123.7	54.7	0.4422	7.3e-17	1.3e-33	1.3e-33	0.021	0.011	56	54	1.0	56	Ryr3_2	Nicator chloris	237433	0	RYR3 protein (Fragment)
A0A852IF28	unassigned	none	module	ryr.hmm matched only 54 profile positions (< 200) — a shared module, not a family assignment	68.3	123.3	55.0	0.4461	1.2e-16	1.7e-33	1.7e-33	0.021	0.011	56	54	1.0	56	Ryr1_1	Nicator chloris	237433	0	RYR1 protein (Fragment)
A0A852IIE9	unassigned	none	module	itpr.hmm matched only 81 profile positions (< 200) — a shared module, not a family assignment	105.8	0.0	105.8	1.0	5.8e-28		5.8e-28	0.03	0.0	81	0	0.988	82	Itpr1_0	Tricholaema leucomelas	240729	0	ITPR1 protein (Fragment)
A0A852IV96	unassigned	none	module	ryr.hmm matched only 143 profile positions (< 200) — a shared module, not a family assignment	0.0	195.1	195.1	1.0		4e-55	4e-55	0.0	0.029	0	143	0.544	263	Ryr3_1	Tricholaema leucomelas	240729	0	RYR3 protein (Fragment)
A0A852J088	unassigned	none	module	ryr.hmm matched only 108 profile positions (< 200) — a shared module, not a family assignment	130.3	256.2	125.9	0.4914	2.4e-35	1.6e-73	1.6e-73	0.041	0.022	110	108	1.0	108	Ryr2_2	Tricholaema leucomelas	240729	0	RYR2 protein (Fragment)
A0A852J0U2	unassigned	none	module	ryr.hmm matched only 108 profile positions (< 200) — a shared module, not a family assignment	133.2	256.2	123.0	0.4801	3.2e-36	1.6e-73	1.6e-73	0.041	0.022	110	108	1.0	108	Ryr3_3	Tricholaema leucomelas	240729	0	RYR3 protein (Fragment)
A0A852J3E4	unassigned	none	module	itpr.hmm matched only 72 profile positions (< 200) — a shared module, not a family assignment	100.9	0.0	100.9	1.0	1.7e-26		1.7e-26	0.027	0.0	72	0	0.878	82	Itpr2_1	Tricholaema leucomelas	240729	0	ITPR2 protein (Fragment)
A0A852J413	unassigned	none	module	ryr.hmm matched only 173 profile positions (< 200) — a shared module, not a family assignment	41.0	327.5	286.5	0.8748	1.9e-08	5.5e-95	5.5e-95	0.025	0.035	67	173	0.977	177	Ryr2_1	Tricholaema leucomelas	240729	0	RYR2 protein (Fragment)
A0A852J448	unassigned	none	module	ryr.hmm matched only 173 profile positions (< 200) — a shared module, not a family assignment	41.4	320.5	279.1	0.8708	1.5e-08	6.9e-93	6.9e-93	0.029	0.035	78	173	0.977	175	Ryr3_2	Tricholaema leucomelas	240729	0	RYR3 protein (Fragment)
A0A852J953	unassigned	none	module	ryr.hmm matched only 44 profile positions (< 200) — a shared module, not a family assignment	0.0	45.7	45.7	1.0		4.2e-10	4.2e-10	0.0	0.009	0	44	0.979	47	Ryr3_0	Tricholaema leucomelas	240729	0	RYR3 protein (Fragment)
A0A852JGP1	unassigned	none	module	ryr.hmm matched only 54 profile positions (< 200) — a shared module, not a family assignment	68.3	123.3	55.0	0.4461	1.2e-16	1.7e-33	1.7e-33	0.021	0.011	56	54	1.0	56	Ryr1	Tricholaema leucomelas	240729	0	RYR1 protein (Fragment)
A0A852JNS5	unassigned	none	module	itpr.hmm matched only 83 profile positions (< 200) — a shared module, not a family assignment	101.3	0.0	101.3	1.0	1.3e-26		1.3e-26	0.031	0.0	83	0	0.939	82	Itpr2_1	Spizella passerina	40210	0	ITPR2 protein (Fragment)
A0A852K437	unassigned	none	module	ryr.hmm matched only 54 profile positions (< 200) — a shared module, not a family assignment	68.3	123.3	55.0	0.4461	1.2e-16	1.7e-33	1.7e-33	0.021	0.011	56	54	1.0	56	Ryr1	Spizella passerina	40210	0	RYR1 protein (Fragment)
A0A852K9Z4	unassigned	none	module	ryr.hmm matched only 49 profile positions (< 200) — a shared module, not a family assignment	0.0	42.5	42.5	1.0		3.7e-09	3.7e-09	0.0	0.01	0	49	0.96	50	Ryr1	Urocolius indicus	458196	0	RYR1 protein (Fragment)
A0A852KHS2	unassigned	none	module	itpr.hmm matched only 81 profile positions (< 200) — a shared module, not a family assignment	109.3	0.0	109.3	1.0	5.1e-29		5.1e-29	0.03	0.0	81	0	0.988	82	Itpr1_0	Urocolius indicus	458196	0	ITPR1 protein (Fragment)
A0A852KQ28	unassigned	none	module	ryr.hmm matched only 44 profile positions (< 200) — a shared module, not a family assignment	0.0	46.1	46.1	1.0		3.1e-10	3.1e-10	0.0	0.009	0	44	0.979	47	Ryr3_0	Urocolius indicus	458196	0	RYR3 protein (Fragment)
A0A852KQ58	unassigned	none	module	ryr.hmm matched only 173 profile positions (< 200) — a shared module, not a family assignment	42.8	321.8	279.0	0.867	5.7e-09	2.8e-93	2.8e-93	0.03	0.035	81	173	1.0	174	Ryr3_2	Urocolius indicus	458196	0	RYR3 protein (Fragment)
A0A852KS60	unassigned	none	module	ryr.hmm matched only 148 profile positions (< 200) — a shared module, not a family assignment	0.0	196.3	196.3	1.0		1.7e-55	1.7e-55	0.0	0.03	0	148	0.676	216	Ryr3_1	Urocolius indicus	458196	0	RYR3 protein (Fragment)
A0A852KT68	unassigned	none	module	ryr.hmm matched only 108 profile positions (< 200) — a shared module, not a family assignment	133.2	256.2	123.0	0.4801	3.2e-36	1.6e-73	1.6e-73	0.041	0.022	110	108	1.0	108	Ryr3_3	Urocolius indicus	458196	0	RYR3 protein (Fragment)
A0A852KX82	unassigned	none	module	itpr.hmm matched only 83 profile positions (< 200) — a shared module, not a family assignment	100.0	0.0	100.0	1.0	3.3e-26		3.3e-26	0.031	0.0	83	0	0.939	82	Itpr2_1	Urocolius indicus	458196	0	ITPR2 protein (Fragment)
A0A852LGT7	unassigned	none	module	ryr.hmm matched only 108 profile positions (< 200) — a shared module, not a family assignment	133.2	256.2	123.0	0.4801	3.2e-36	1.6e-73	1.6e-73	0.041	0.022	110	108	1.0	108	Ryr3_2	Centropus bengalensis	1463675	0	RYR3 protein (Fragment)
A0A852LP87	unassigned	none	module	ryr.hmm matched only 173 profile positions (< 200) — a shared module, not a family assignment	41.9	319.8	277.9	0.869	1.1e-08	1.1e-92	1.1e-92	0.028	0.035	75	173	0.983	174	Ryr3_1	Centropus bengalensis	1463675	0	RYR3 protein (Fragment)
A0A852LRJ1	unassigned	none	module	ryr.hmm matched only 44 profile positions (< 200) — a shared module, not a family assignment	0.0	47.4	47.4	1.0		1.3e-10	1.3e-10	0.0	0.009	0	44	0.979	47	Ryr3_0	Centropus bengalensis	1463675	0	RYR3 protein (Fragment)
A0A852LXM7	unassigned	none	module	itpr.hmm matched only 83 profile positions (< 200) — a shared module, not a family assignment	101.3	0.0	101.3	1.0	1.3e-26		1.3e-26	0.031	0.0	83	0	0.939	82	Itpr2_0	Centropus bengalensis	1463675	0	ITPR2 protein (Fragment)
A0A852MG92	unassigned	none	module	ryr.hmm matched only 108 profile positions (< 200) — a shared module, not a family assignment	133.2	256.2	123.0	0.4801	3.2e-36	1.6e-73	1.6e-73	0.041	0.022	110	108	1.0	108	Ryr3_2	Pteruthius melanotis	357074	0	RYR3 protein (Fragment)
A0A852MJK9	unassigned	none	module	ryr.hmm matched only 49 profile positions (< 200) — a shared module, not a family assignment	0.0	42.9	42.9	1.0		2.9e-09	2.9e-09	0.0	0.01	0	49	0.979	48	Ryr1	Centropus bengalensis	1463675	0	RYR1 protein (Fragment)
A0A852MWJ6	unassigned	none	module	ryr.hmm matched only 173 profile positions (< 200) — a shared module, not a family assignment	42.5	321.3	278.8	0.8677	7.1e-09	4e-93	4e-93	0.029	0.035	78	173	0.983	175	Ryr3_1	Pteruthius melanotis	357074	0	RYR3 protein (Fragment)
A0A852MWM0	unassigned	none	module	ryr.hmm matched only 44 profile positions (< 200) — a shared module, not a family assignment	0.0	46.7	46.7	1.0		2e-10	2e-10	0.0	0.009	0	44	0.979	47	Ryr3_0	Pteruthius melanotis	357074	0	RYR3 protein (Fragment)
A0A852MZU9	unassigned	none	module	itpr.hmm matched only 83 profile positions (< 200) — a shared module, not a family assignment	101.3	0.0	101.3	1.0	1.3e-26		1.3e-26	0.031	0.0	83	0	0.939	82	Itpr2_0	Pteruthius melanotis	357074	0	ITPR2 protein (Fragment)
A0A852N291	unassigned	none	module	itpr.hmm matched only 81 profile positions (< 200) — a shared module, not a family assignment	103.4	0.0	103.4	1.0	3e-27		3e-27	0.03	0.0	81	0	0.964	83	Itpr1_0	Pteruthius melanotis	357074	0	ITPR1 protein (Fragment)
A0A852NAG0	unassigned	none	module	ryr.hmm matched only 108 profile positions (< 200) — a shared module, not a family assignment	130.3	256.2	125.9	0.4914	2.4e-35	1.6e-73	1.6e-73	0.041	0.022	110	108	1.0	108	Ryr2_0	Atrichornis clamosus	449594	0	RYR2 protein (Fragment)
A0A852NBE3	unassigned	none	module	ryr.hmm matched only 54 profile positions (< 200) — a shared module, not a family assignment	68.3	123.3	55.0	0.4461	1.2e-16	1.7e-33	1.7e-33	0.021	0.011	56	54	1.0	56	Ryr1_0	Atrichornis clamosus	449594	0	RYR1 protein (Fragment)
A0A852NFN8	unassigned	none	module	ryr.hmm matched only 49 profile positions (< 200) — a shared module, not a family assignment	0.0	44.4	44.4	1.0		1e-09	1e-09	0.0	0.01	0	49	0.923	52	Ryr1	Pteruthius melanotis	357074	0	RYR1 protein (Fragment)
A0A852NR17	unassigned	none	module	itpr.hmm matched only 83 profile positions (< 200) — a shared module, not a family assignment	101.3	0.0	101.3	1.0	1.3e-26		1.3e-26	0.031	0.0	83	0	0.939	82	Itpr2_0	Atrichornis clamosus	449594	0	ITPR2 protein (Fragment)
A0A852NU95	unassigned	none	module	ryr.hmm matched only 44 profile positions (< 200) — a shared module, not a family assignment	0.0	46.2	46.2	1.0		3e-10	3e-10	0.0	0.009	0	44	0.979	47	Ryr3_0	Atrichornis clamosus	449594	0	RYR3 protein (Fragment)
A0A852NUD9	unassigned	none	module	ryr.hmm matched only 173 profile positions (< 200) — a shared module, not a family assignment	42.4	320.3	277.9	0.8676	7.3e-09	7.9e-93	7.9e-93	0.029	0.035	78	173	0.989	174	Ryr3_1	Atrichornis clamosus	449594	0	RYR3 protein (Fragment)
A0A852NUK3	unassigned	none	module	ryr.hmm matched only 108 profile positions (< 200) — a shared module, not a family assignment	133.2	256.2	123.0	0.4801	3.2e-36	1.6e-73	1.6e-73	0.041	0.022	110	108	1.0	108	Ryr3_2	Atrichornis clamosus	449594	0	RYR3 protein (Fragment)
A0A852NUZ6	unassigned	none	module	ryr.hmm matched only 49 profile positions (< 200) — a shared module, not a family assignment	0.0	44.6	44.6	1.0		9e-10	9e-10	0.0	0.01	0	49	0.979	48	Ryr1_1	Atrichornis clamosus	449594	0	RYR1 protein (Fragment)
A0A852PCD4	unassigned	none	module	itpr.hmm matched only 78 profile positions (< 200) — a shared module, not a family assignment	104.3	0.0	104.3	1.0	1.6e-27		1.6e-27	0.029	0.0	78	0	0.952	83	Itpr1_0	Atrichornis clamosus	449594	0	ITPR1 protein (Fragment)
A0A8J4IFY3	unassigned	none	module	ryr.hmm matched only 108 profile positions (< 200) — a shared module, not a family assignment	133.2	256.2	123.0	0.4801	3.2e-36	1.6e-73	1.6e-73	0.041	0.022	110	108	1.0	108	RYR3_RABIT	Spheniscus mendiculus	156760	0	Ryanodine receptor 3 (Fragment)
A0A8J4IG61	unassigned	none	module	ryr.hmm matched only 173 profile positions (< 200) — a shared module, not a family assignment	42.4	321.4	279.0	0.8681	7.6e-09	3.7e-93	3.7e-93	0.029	0.035	78	173	0.989	174	RYR3_2	Spheniscus mendiculus	156760	0	Ryanodine receptor 3 (Fragment)
A0A8J4IGS2	unassigned	none	module	itpr.hmm matched only 83 profile positions (< 200) — a shared module, not a family assignment	101.2	0.0	101.2	1.0	1.4e-26		1.4e-26	0.031	0.0	83	0	0.939	82	Itpr2	Spheniscus mendiculus	156760	0	Inositol 1,4,5-trisphosphate receptor type 2 (Fragment)
A0A8J4IH92	unassigned	none	module	ryr.hmm matched only 44 profile positions (< 200) — a shared module, not a family assignment	0.0	46.2	46.2	1.0		3e-10	3e-10	0.0	0.009	0	44	0.979	47	RYR3_0	Spheniscus mendiculus	156760	0	Ryanodine receptor 3 (Fragment)
A0A8J4IUY0	unassigned	none	module	itpr.hmm matched only 81 profile positions (< 200) — a shared module, not a family assignment	109.3	0.0	109.3	1.0	5.1e-29		5.1e-29	0.03	0.0	81	0	0.988	82	ITPR1	Spheniscus mendiculus	156760	0	Inositol 1,4,5-trisphosphate receptor type 1 (Fragment)
A0A8J4J7R3	unassigned	none	module	itpr.hmm matched only 83 profile positions (< 200) — a shared module, not a family assignment	101.3	0.0	101.3	1.0	1.3e-26		1.3e-26	0.031	0.0	83	0	0.939	82	Itpr2	Eudyptes sclateri	92688	0	Inositol 1,4,5-trisphosphate receptor type 2 (Fragment)
A0A8J4JM00	unassigned	none	module	ryr.hmm matched only 173 profile positions (< 200) — a shared module, not a family assignment	42.4	321.4	279.0	0.8681	7.6e-09	3.7e-93	3.7e-93	0.029	0.035	78	173	0.989	174	RYR3_2	Eudyptes sclateri	92688	0	Ryanodine receptor 3 (Fragment)
A0A8J4JM61	unassigned	none	module	ryr.hmm matched only 108 profile positions (< 200) — a shared module, not a family assignment	133.2	256.2	123.0	0.4801	3.2e-36	1.6e-73	1.6e-73	0.041	0.022	110	108	1.0	108	RYR3_RABIT_1	Eudyptes sclateri	92688	0	Ryanodine receptor 3 (Fragment)
A0A8J4JNG6	unassigned	none	module	ryr.hmm matched only 44 profile positions (< 200) — a shared module, not a family assignment	0.0	46.2	46.2	1.0		3e-10	3e-10	0.0	0.009	0	44	0.979	47	RYR3_1	Eudyptes sclateri	92688	0	Ryanodine receptor 3 (Fragment)
A0A8J4K745	unassigned	none	module	ryr.hmm matched only 44 profile positions (< 200) — a shared module, not a family assignment	0.0	46.2	46.2	1.0		3e-10	3e-10	0.0	0.009	0	44	0.979	47	RYR3_0	Eudyptula minor	37083	0	Ryanodine receptor 3 (Fragment)
A0A8J4K9Z8	unassigned	none	module	itpr.hmm matched only 81 profile positions (< 200) — a shared module, not a family assignment	109.3	0.0	109.3	1.0	5.1e-29		5.1e-29	0.03	0.0	81	0	0.988	82	ITPR1	Eudyptula minor	37083	0	Inositol 1,4,5-trisphosphate receptor type 1 (Fragment)
A0A8J4KDH6	unassigned	none	module	itpr.hmm matched only 83 profile positions (< 200) — a shared module, not a family assignment	101.3	0.0	101.3	1.0	1.3e-26		1.3e-26	0.031	0.0	83	0	0.939	82	Itpr2	Eudyptes chrysocome	79626	0	Inositol 1,4,5-trisphosphate receptor type 2 (Fragment)
A0A8J4KNS3	unassigned	none	module	ryr.hmm matched only 173 profile positions (< 200) — a shared module, not a family assignment	42.4	321.4	279.0	0.8681	7.6e-09	3.7e-93	3.7e-93	0.029	0.035	78	173	0.989	174	RYR3_0	Eudyptes chrysocome	79626	0	Ryanodine receptor 3 (Fragment)
A0A8J4KP53	unassigned	none	module	ryr.hmm matched only 108 profile positions (< 200) — a shared module, not a family assignment	133.2	256.2	123.0	0.4801	3.2e-36	1.6e-73	1.6e-73	0.041	0.022	110	108	1.0	108	RYR3_RABIT_1	Eudyptes chrysocome	79626	0	Ryanodine receptor 3 (Fragment)
A0A8J4KPT6	unassigned	none	module	ryr.hmm matched only 138 profile positions (< 200) — a shared module, not a family assignment	0.0	192.5	192.5	1.0		2.5e-54	2.5e-54	0.0	0.028	0	138	0.704	199	RYR3_RABIT_0	Eudyptes chrysocome	79626	0	Ryanodine receptor 3 (Fragment)
A0A8J4KY54	unassigned	none	module	ryr.hmm matched only 49 profile positions (< 200) — a shared module, not a family assignment	0.0	42.4	42.4	1.0		3.9e-09	3.9e-09	0.0	0.01	0	49	0.727	66	RYR1	Eudyptes chrysocome	79626	0	Ryanodine receptor 1 (Fragment)
A0A8J4L516	unassigned	none	module	ryr.hmm matched only 108 profile positions (< 200) — a shared module, not a family assignment	133.2	256.2	123.0	0.4801	3.2e-36	1.6e-73	1.6e-73	0.041	0.022	110	108	1.0	108	RYR3_RABIT	Aptenodytes patagonicus	9234	0	Ryanodine receptor 3 (Fragment)
A0A8J4L7M8	unassigned	none	module	ryr.hmm matched only 173 profile positions (< 200) — a shared module, not a family assignment	42.4	321.4	279.0	0.8681	7.6e-09	3.7e-93	3.7e-93	0.029	0.035	78	173	0.989	174	RYR3_1	Aptenodytes patagonicus	9234	0	Ryanodine receptor 3 (Fragment)
A0A8J4LCN6	unassigned	none	module	itpr.hmm matched only 81 profile positions (< 200) — a shared module, not a family assignment	108.4	0.0	108.4	1.0	9.6e-29		9.6e-29	0.03	0.0	81	0	0.988	82	Itpr1_0	Aptenodytes patagonicus	9234	0	Inositol 1,4,5-trisphosphate receptor type 1 (Fragment)
A0A8J4MR85	unassigned	none	module	ryr.hmm matched only 138 profile positions (< 200) — a shared module, not a family assignment	0.0	191.2	191.2	1.0		6.3e-54	6.3e-54	0.0	0.028	0	138	0.676	204	RYR3_1	Spheniscus mendiculus	156760	0	Ryanodine receptor 3 (Fragment)
A0A8J4NBX4	unassigned	none	module	ryr.hmm matched only 138 profile positions (< 200) — a shared module, not a family assignment	0.0	192.5	192.5	1.0		2.5e-54	2.5e-54	0.0	0.028	0	138	0.704	199	RYR3_RABIT_0	Eudyptes sclateri	92688	0	Ryanodine receptor 3 (Fragment)
A0A8J4NCC6	unassigned	none	module	itpr.hmm matched only 83 profile positions (< 200) — a shared module, not a family assignment	101.3	0.0	101.3	1.0	1.3e-26		1.3e-26	0.031	0.0	83	0	0.939	82	Itpr2	Eudyptula minor	37083	0	Inositol 1,4,5-trisphosphate receptor type 2 (Fragment)
A0A8J4NHJ8	unassigned	none	module	itpr.hmm matched only 81 profile positions (< 200) — a shared module, not a family assignment	109.3	0.0	109.3	1.0	5.1e-29		5.1e-29	0.03	0.0	81	0	0.988	82	ITPR1	Eudyptes sclateri	92688	0	Inositol 1,4,5-trisphosphate receptor type 1 (Fragment)
A0A8J4NM83	unassigned	none	module	ryr.hmm matched only 173 profile positions (< 200) — a shared module, not a family assignment	43.9	320.0	276.1	0.8628	2.6e-09	9.8e-93	9.8e-93	0.029	0.035	78	173	0.989	174	RYR3_1	Eudyptula minor	37083	0	Ryanodine receptor 3 (Fragment)
A0A8J4NM90	unassigned	none	module	ryr.hmm matched only 143 profile positions (< 200) — a shared module, not a family assignment	0.0	195.5	195.5	1.0		3e-55	3e-55	0.0	0.029	0	143	0.658	219	RYR3_RABIT_0	Eudyptula minor	37083	0	Ryanodine receptor 3 (Fragment)
A0A8J4NMT4	unassigned	none	module	ryr.hmm matched only 108 profile positions (< 200) — a shared module, not a family assignment	133.2	256.2	123.0	0.4801	3.2e-36	1.6e-73	1.6e-73	0.041	0.022	110	108	1.0	108	RYR3_RABIT_1	Eudyptula minor	37083	0	Ryanodine receptor 3 (Fragment)
A0A8J4NQN5	unassigned	none	module	itpr.hmm matched only 81 profile positions (< 200) — a shared module, not a family assignment	109.3	0.0	109.3	1.0	5.1e-29		5.1e-29	0.03	0.0	81	0	0.988	82	ITPR1	Eudyptes chrysocome	79626	0	Inositol 1,4,5-trisphosphate receptor type 1 (Fragment)
A0A8J4NW76	unassigned	none	module	itpr.hmm matched only 83 profile positions (< 200) — a shared module, not a family assignment	101.3	0.0	101.3	1.0	1.3e-26		1.3e-26	0.031	0.0	83	0	0.939	82	Itpr2	Aptenodytes patagonicus	9234	0	Inositol 1,4,5-trisphosphate receptor type 2 (Fragment)
A0A8J4P325	unassigned	none	module	ryr.hmm matched only 44 profile positions (< 200) — a shared module, not a family assignment	0.0	46.2	46.2	1.0		3e-10	3e-10	0.0	0.009	0	44	0.979	47	RYR3_0	Aptenodytes patagonicus	9234	0	Ryanodine receptor 3 (Fragment)
A0A8K0BHU5	unassigned	none	module	itpr.hmm matched only 83 profile positions (< 200) — a shared module, not a family assignment	101.3	0.0	101.3	1.0	1.3e-26		1.3e-26	0.031	0.0	83	0	0.939	82	Itpr2	Eudyptes filholi	1419345	0	Inositol 1,4,5-trisphosphate receptor type 2 (Fragment)
A0A8K0BTX4	unassigned	none	module	ryr.hmm matched only 173 profile positions (< 200) — a shared module, not a family assignment	42.4	321.4	279.0	0.8681	7.6e-09	3.7e-93	3.7e-93	0.029	0.035	78	173	0.989	174	RYR3_1	Eudyptes filholi	1419345	0	Ryanodine receptor 3 (Fragment)
A0A8K0BUC4	unassigned	none	module	ryr.hmm matched only 108 profile positions (< 200) — a shared module, not a family assignment	133.2	256.2	123.0	0.4801	3.2e-36	1.6e-73	1.6e-73	0.041	0.022	110	108	1.0	108	RYR3_RABIT_1	Eudyptes filholi	1419345	0	Ryanodine receptor 3 (Fragment)
A0A8K0BUM2	unassigned	none	module	ryr.hmm matched only 44 profile positions (< 200) — a shared module, not a family assignment	0.0	46.2	46.2	1.0		3e-10	3e-10	0.0	0.009	0	44	0.979	47	RYR3_0	Eudyptes filholi	1419345	0	Ryanodine receptor 3 (Fragment)
A0A8K0FM78	unassigned	none	module	itpr.hmm matched only 81 profile positions (< 200) — a shared module, not a family assignment	109.3	0.0	109.3	1.0	5.1e-29		5.1e-29	0.03	0.0	81	0	0.988	82	ITPR1	Eudyptes filholi	1419345	0	Inositol 1,4,5-trisphosphate receptor type 1 (Fragment)
A0A8K0FQY0	unassigned	none	module	ryr.hmm matched only 138 profile positions (< 200) — a shared module, not a family assignment	0.0	192.5	192.5	1.0		2.5e-54	2.5e-54	0.0	0.028	0	138	0.704	199	RYR3_RABIT_0	Eudyptes filholi	1419345	0	Ryanodine receptor 3 (Fragment)
A0AA40GSC0	unassigned	none	module	ryr.hmm matched only 173 profile positions (< 200) — a shared module, not a family assignment	42.4	321.4	279.0	0.8681	7.6e-09	3.7e-93	3.7e-93	0.029	0.035	78	173	0.989	174	Ryr3_1	Pygoscelis papua	30457	0	RYR3 protein (Fragment)
A0AA40GSV0	unassigned	none	module	ryr.hmm matched only 44 profile positions (< 200) — a shared module, not a family assignment	0.0	46.2	46.2	1.0		3e-10	3e-10	0.0	0.009	0	44	0.979	47	Ryr3_2	Pygoscelis papua	30457	0	RYR3 protein (Fragment)
A0AA40KZW2	unassigned	none	module	itpr.hmm matched only 83 profile positions (< 200) — a shared module, not a family assignment	101.3	0.0	101.3	1.0	1.3e-26		1.3e-26	0.031	0.0	83	0	0.939	82	Itpr2_0	Pygoscelis papua	30457	0	ITPR2 protein (Fragment)
A0AA40L1F4	unassigned	none	module	itpr.hmm matched only 81 profile positions (< 200) — a shared module, not a family assignment	108.8	0.0	108.8	1.0	7.3e-29		7.3e-29	0.03	0.0	81	0	0.988	82	Itpr1_0	Pygoscelis papua	30457	0	ITPR1 protein (Fragment)
A0AA40L3N0	unassigned	none	module	ryr.hmm matched only 108 profile positions (< 200) — a shared module, not a family assignment	133.2	256.2	123.0	0.4801	3.2e-36	1.6e-73	1.6e-73	0.041	0.022	110	108	1.0	108	Ryr3_0	Pygoscelis papua	30457	0	RYR3 protein (Fragment)
A0AA97M9Y7	unassigned	none	module	ryr.hmm matched only 44 profile positions (< 200) — a shared module, not a family assignment	0.0	46.2	46.2	1.0		3e-10	3e-10	0.0	0.009	0	44	0.979	47	Ryr3_0	Menura novaehollandiae	47692	0	RYR3 protein (Fragment)
A0AA97MA13	unassigned	none	module	ryr.hmm matched only 108 profile positions (< 200) — a shared module, not a family assignment	133.2	256.2	123.0	0.4801	3.2e-36	1.6e-73	1.6e-73	0.041	0.022	110	108	1.0	108	Ryr3_3	Menura novaehollandiae	47692	0	RYR3 protein (Fragment)
A0AA97MDD0	unassigned	none	module	itpr.hmm matched only 81 profile positions (< 200) — a shared module, not a family assignment	103.4	0.0	103.4	1.0	3e-27		3e-27	0.03	0.0	81	0	0.964	83	Itpr1_0	Menura novaehollandiae	47692	0	ITPR1 protein (Fragment)
A0AA97MXC5	unassigned	none	module	ryr.hmm matched only 49 profile positions (< 200) — a shared module, not a family assignment	0.0	44.6	44.6	1.0		9e-10	9e-10	0.0	0.01	0	49	0.979	48	Ryr1_0	Menura novaehollandiae	47692	0	RYR1 protein (Fragment)
A0AA97MYC5	unassigned	none	module	ryr.hmm matched only 173 profile positions (< 200) — a shared module, not a family assignment	0.0	124.9	124.9	1.0		5.8e-34	5.8e-34	0.0	0.035	0	173	0.775	240	Ryr1_1	Menura novaehollandiae	47692	0	RYR1 protein (Fragment)
A0AA97N0D1	unassigned	none	module	ryr.hmm matched only 173 profile positions (< 200) — a shared module, not a family assignment	42.4	320.4	278.0	0.8677	7.3e-09	7.1e-93	7.1e-93	0.029	0.035	78	173	0.989	174	Ryr3_2	Menura novaehollandiae	47692	0	RYR3 protein (Fragment)
A0AA97N4F9	unassigned	none	module	itpr.hmm matched only 83 profile positions (< 200) — a shared module, not a family assignment	100.8	0.0	100.8	1.0	1.9e-26		1.9e-26	0.031	0.0	83	0	0.939	82	Itpr2_0	Menura novaehollandiae	47692	0	ITPR2 protein (Fragment)
A0AAV9RU29	unassigned	none	module	ryr.hmm matched only 79 profile positions (< 200) — a shared module, not a family assignment	85.4	189.6	104.2	0.5496	8.4e-22	1.8e-53	1.8e-53	0.027	0.016	72	79	0.988	82	RYR3_2	Crenichthys baileyi	28760	0	Ryanodine receptor 3 (Fragment)
A0AAV9S0X9	unassigned	none	module	ryr.hmm matched only 84 profile positions (< 200) — a shared module, not a family assignment	0.0	87.1	87.1	1.0		1.4e-22	1.4e-22	0.0	0.017	0	84	0.857	98	RYR3_1	Crenichthys baileyi	28760	0	Ryanodine receptor 3 (Fragment)
A0AAV9SM34	unassigned	none	module	itpr.hmm matched only 83 profile positions (< 200) — a shared module, not a family assignment	112.5	0.0	112.5	1.0	5.5e-30		5.5e-30	0.031	0.0	83	0	0.874	95	ITPR1_1	Crenichthys baileyi	28760	0	Inositol 1,4,5-trisphosphate receptor type 1
A0ABQ9TMI4	unassigned	none	module	ryr.hmm matched only 94 profile positions (< 200) — a shared module, not a family assignment	69.5	195.8	126.3	0.645	5e-17	2.6e-55	2.6e-55	0.034	0.019	91	94	1.0	94	RYR2_2	Saguinus oedipus	9490	0	Ryanodine receptor 2 (Fragment)
A0ABQ9TML1	unassigned	none	module	ryr.hmm matched only 54 profile positions (< 200) — a shared module, not a family assignment	64.7	125.3	60.6	0.4836	1.4e-15	4.3e-34	4.3e-34	0.02	0.011	54	54	0.709	79	RYR2_1	Saguinus oedipus	9490	0	Ryanodine receptor 2 (Fragment)
A0ABQ9TMN6	unassigned	none	module	ryr.hmm matched only 99 profile positions (< 200) — a shared module, not a family assignment	0.0	166.7	166.7	1.0		1.4e-46	1.4e-46	0.0	0.02	0	99	0.961	103	RYR2_3	Saguinus oedipus	9490	0	Ryanodine receptor 2 (Fragment)
A0ABQ9TU92	unassigned	none	module	ryr.hmm matched only 148 profile positions (< 200) — a shared module, not a family assignment	0.0	171.9	171.9	1.0		4e-48	4e-48	0.0	0.03	0	148	0.805	200	RYR1_8	Saguinus oedipus	9490	0	Ryanodine receptor 1
A0ABQ9TU93	unassigned	none	module	ryr.hmm matched only 153 profile positions (< 200) — a shared module, not a family assignment	0.0	209.9	209.9	1.0		1.4e-59	1.4e-59	0.0	0.031	0	153	0.778	203	RYR1_7	Saguinus oedipus	9490	0	Ryanodine receptor 1
A0ABQ9TUT4	unassigned	none	module	ryr.hmm matched only 197 profile positions (< 200) — a shared module, not a family assignment	0.0	231.3	231.3	1.0		5.2e-66	5.2e-66	0.0	0.04	0	197	0.888	233	RYR1_5	Saguinus oedipus	9490	0	Ryanodine receptor 1 (Fragment)
A0ABQ9TV23	unassigned	none	module	ryr.hmm matched only 79 profile positions (< 200) — a shared module, not a family assignment	0.0	98.8	98.8	1.0		4e-26	4e-26	0.0	0.016	0	79	0.976	83	RYR1_6	Saguinus oedipus	9490	0	Ryanodine receptor 1 (Fragment)
A0ABQ9TV36	unassigned	none	module	ryr.hmm matched only 104 profile positions (< 200) — a shared module, not a family assignment	130.8	240.4	109.6	0.4559	1.7e-35	9.4e-69	9.4e-69	0.038	0.021	102	104	1.0	103	RYR1_11	Saguinus oedipus	9490	0	Ryanodine receptor 1
A0ABQ9TVC3	unassigned	none	module	ryr.hmm matched only 168 profile positions (< 200) — a shared module, not a family assignment	0.0	215.9	215.9	1.0		2.2e-61	2.2e-61	0.0	0.034	0	168	0.851	201	RYR1_4	Saguinus oedipus	9490	0	Ryanodine receptor 1
A0ABQ9TW27	unassigned	none	module	ryr.hmm matched only 69 profile positions (< 200) — a shared module, not a family assignment	0.0	77.8	77.8	1.0		8.7e-20	8.7e-20	0.0	0.014	0	69	0.504	141	RYR1_3	Saguinus oedipus	9490	0	Ryanodine receptor 1
A0ABQ9UXK7	unassigned	none	module	itpr.hmm matched only 64 profile positions (< 200) — a shared module, not a family assignment	109.5	31.6	77.9	0.7114	4.6e-29	7.3e-06	4.6e-29	0.024	0.011	64	54	0.906	96	ITPR2_5	Saguinus oedipus	9490	0	Inositol 1,4,5-trisphosphate receptor type 2 (Fragment)
A0ABQ9UXQ4	unassigned	none	module	itpr.hmm matched only 105 profile positions (< 200) — a shared module, not a family assignment	174.2	0.0	174.2	1.0	1.5e-48		1.5e-48	0.039	0.0	105	0	0.972	107	ITPR2_4	Saguinus oedipus	9490	0	Inositol 1,4,5-trisphosphate receptor type 2 (Fragment)
A0ABQ9V3A3	unassigned	none	module	ryr.hmm matched only 173 profile positions (< 200) — a shared module, not a family assignment	0.0	202.0	202.0	1.0		3.3e-57	3.3e-57	0.0	0.035	0	173	0.625	277	RYR3_1	Saguinus oedipus	9490	0	Ryanodine receptor 3
A0ABQ9V3K0	unassigned	none	module	ryr.hmm matched only 89 profile positions (< 200) — a shared module, not a family assignment	0.0	127.2	127.2	1.0		1.1e-34	1.1e-34	0.0	0.018	0	89	1.0	91	RYR3_3	Saguinus oedipus	9490	0	Ryanodine receptor 3 (Fragment)
A0ABQ9V425	unassigned	none	module	ryr.hmm matched only 54 profile positions (< 200) — a shared module, not a family assignment	0.0	62.7	62.7	1.0		3e-15	3e-15	0.0	0.011	0	54	1.0	54	RYR3_4	Saguinus oedipus	9490	0	Ryanodine receptor 3 (Fragment)
A0ABU7A6W1	unassigned	none	module	ryr.hmm matched only 192 profile positions (< 200) — a shared module, not a family assignment	0.0	239.0	239.0	1.0		2.3e-68	2.3e-68	0.0	0.039	0	192	1.0	191	RYR2_4	Ataeniobius toweri	208326	0	Ryanodine receptor 2 (Fragment)
A0ABU7ARE2	unassigned	none	module	itpr.hmm matched only 172 profile positions (< 200) — a shared module, not a family assignment	211.5	0.0	211.5	1.0	8e-60		8e-60	0.064	0.0	172	0	0.977	175	ITPR1_8	Ataeniobius toweri	208326	0	Inositol 1,4,5-trisphosphate receptor type 1
A0ABU7BMQ2	unassigned	none	module	ryr.hmm matched only 197 profile positions (< 200) — a shared module, not a family assignment	0.0	241.4	241.4	1.0		4.7e-69	4.7e-69	0.0	0.04	0	197	0.897	224	RYR1_4	Ataeniobius toweri	208326	0	Ryanodine receptor 1
A0ABU7C0I3	unassigned	none	module	ryr.hmm matched only 177 profile positions (< 200) — a shared module, not a family assignment	0.0	186.5	186.5	1.0		1.6e-52	1.6e-52	0.0	0.036	0	177	1.0	180	RYR2_7	Ataeniobius toweri	208326	0	Ryanodine receptor 2 (Fragment)
A0ABU7CA88	unassigned	none	module	ryr.hmm matched only 148 profile positions (< 200) — a shared module, not a family assignment	0.0	254.4	254.4	1.0		5.4e-73	5.4e-73	0.0	0.03	0	148	0.98	151	RYR2_2	Ataeniobius toweri	208326	0	Ryanodine receptor 2 (Fragment)
A0ABU7CHV5	unassigned	none	module	itpr.hmm matched only 132 profile positions (< 200) — a shared module, not a family assignment	192.0	0.0	192.0	1.0	6.1e-54		6.1e-54	0.049	0.0	132	0	0.941	153	ITPR1_7	Ataeniobius toweri	208326	0	Inositol 1,4,5-trisphosphate receptor type 1
A0ABU7CID7	unassigned	none	module	itpr.hmm matched only 72 profile positions (< 200) — a shared module, not a family assignment	85.8	0.0	85.8	1.0	6.2e-22		6.2e-22	0.027	0.0	72	0	0.986	73	ITPR1_2	Ataeniobius toweri	208326	0	Inositol 1,4,5-trisphosphate receptor type 1
A0ABU7CMY6	unassigned	none	module	itpr.hmm matched only 89 profile positions (< 200) — a shared module, not a family assignment	165.1	32.7	132.4	0.8019	8e-46	3.3e-06	8e-46	0.033	0.016	89	79	0.8	110	ITPR1_9	Ataeniobius toweri	208326	0	Inositol 1,4,5-trisphosphate receptor type 1 (Fragment)
A0ABU7CN85	unassigned	none	module	itpr.hmm matched only 72 profile positions (< 200) — a shared module, not a family assignment	85.8	0.0	85.8	1.0	6.2e-22		6.2e-22	0.027	0.0	72	0	0.986	73	ITPR1_7	Characodon lateralis	208331	0	Inositol 1,4,5-trisphosphate receptor type 1
A0ABU7EEU3	unassigned	none	module	itpr.hmm matched only 105 profile positions (< 200) — a shared module, not a family assignment	105.8	0.0	105.8	1.0	5.8e-28		5.8e-28	0.039	0.0	105	0	0.891	128	ITPR1_11	Characodon lateralis	208331	0	Inositol 1,4,5-trisphosphate receptor type 1 (Fragment)
A0ABU7EGT5	unassigned	none	module	ryr.hmm matched only 84 profile positions (< 200) — a shared module, not a family assignment	85.5	195.3	109.8	0.5622	7.5e-22	3.5e-55	3.5e-55	0.028	0.017	75	84	0.923	91	RYR2_1	Characodon lateralis	208331	0	Ryanodine receptor 2
A0ABV0N2J9	unassigned	none	module	itpr.hmm matched only 137 profile positions (< 200) — a shared module, not a family assignment	137.0	0.0	137.0	1.0	2.3e-37		2.3e-37	0.051	0.0	137	0	0.915	200	ITPR1_4	Goodea atripinnis	208336	0	Inositol 1,4,5-trisphosphate receptor type 1 (Fragment)
A0ABV0N5D4	unassigned	none	module	ryr.hmm matched only 118 profile positions (< 200) — a shared module, not a family assignment	47.1	178.9	131.8	0.7367	2.9e-10	3.1e-50	3.1e-50	0.031	0.024	83	118	1.0	110	RYR2_10	Goodea atripinnis	208336	0	Ryanodine receptor 2 (Fragment)
A0ABV0N5E5	unassigned	none	module	ryr.hmm matched only 59 profile positions (< 200) — a shared module, not a family assignment	0.0	53.5	53.5	1.0		1.8e-12	1.8e-12	0.0	0.012	0	59	0.934	61	RYR2_11	Goodea atripinnis	208336	0	Ryanodine receptor 2 (Fragment)
A0ABV0NER1	unassigned	none	module	ryr.hmm matched only 79 profile positions (< 200) — a shared module, not a family assignment	0.0	138.1	138.1	1.0		5.8e-38	5.8e-38	0.0	0.016	0	79	1.0	80	RYR3_5	Goodea atripinnis	208336	0	Ryanodine receptor 3 (Fragment)
A0ABV0NFE2	unassigned	none	module	itpr.hmm matched only 156 profile positions (< 200) — a shared module, not a family assignment	173.7	0.0	173.7	1.0	2e-48		2e-48	0.058	0.0	156	0	0.958	168	ITPR3_2	Goodea atripinnis	208336	0	Inositol 1,4,5-trisphosphate receptor type 3 (Fragment)
A0ABV0NI78	unassigned	none	module	ryr.hmm matched only 173 profile positions (< 200) — a shared module, not a family assignment	0.0	205.1	205.1	1.0		3.9e-58	3.9e-58	0.0	0.035	0	173	1.0	163	RYR3_1	Goodea atripinnis	208336	0	Ryanodine receptor 3 (Fragment)
A0ABV0NMI2	unassigned	none	module	itpr.hmm matched only 169 profile positions (< 200) — a shared module, not a family assignment	209.7	0.0	209.7	1.0	2.8e-59		2.8e-59	0.063	0.0	169	0	1.0	168	ITPR1_6	Goodea atripinnis	208336	0	Inositol 1,4,5-trisphosphate receptor type 1 (Fragment)
A0ABV0NRS1	unassigned	none	module	ryr.hmm matched only 89 profile positions (< 200) — a shared module, not a family assignment	0.0	157.6	157.6	1.0		7.9e-44	7.9e-44	0.0	0.018	0	89	0.845	103	RYR2_14	Goodea atripinnis	208336	0	Ryanodine receptor 2
A0ABV0P9L8	unassigned	none	module	ryr.hmm matched only 74 profile positions (< 200) — a shared module, not a family assignment	0.0	99.2	99.2	1.0		3.2e-26	3.2e-26	0.0	0.015	0	74	1.0	76	RYR3_7	Goodea atripinnis	208336	0	Ryanodine receptor 3 (Fragment)
A0ABV0PAP1	unassigned	none	module	ryr.hmm matched only 148 profile positions (< 200) — a shared module, not a family assignment	0.0	230.6	230.6	1.0		8.4e-66	8.4e-66	0.0	0.03	0	148	0.925	160	RYR2_1	Goodea atripinnis	208336	0	Ryanodine receptor 2
A0ABV0PEN6	unassigned	none	module	itpr.hmm matched only 54 profile positions (< 200) — a shared module, not a family assignment	83.2	0.0	83.2	1.0	3.9e-21		3.9e-21	0.02	0.0	54	0	0.768	69	ITPR1_3	Goodea atripinnis	208336	0	Inositol 1,4,5-trisphosphate receptor type 1 (Fragment)
A0ABV0PGQ9	unassigned	none	module	ryr.hmm matched only 84 profile positions (< 200) — a shared module, not a family assignment	0.0	109.7	109.7	1.0		2.1e-29	2.1e-29	0.0	0.017	0	84	0.956	90	RYR2_3	Goodea atripinnis	208336	0	Ryanodine receptor 2 (Fragment)
A0ABV0PR90	unassigned	none	module	ryr.hmm matched only 123 profile positions (< 200) — a shared module, not a family assignment	0.0	213.4	213.4	1.0		1.3e-60	1.3e-60	0.0	0.025	0	123	0.834	145	RYR2_4	Goodea atripinnis	208336	0	Ryanodine receptor 2 (Fragment)
A0ABV0PYW9	unassigned	none	module	itpr.hmm matched only 134 profile positions (< 200) — a shared module, not a family assignment	244.1	56.4	187.7	0.7689	1.2e-69	2.4e-13	1.2e-69	0.05	0.012	134	59	0.993	135	ITPR1_5	Goodea atripinnis	208336	0	Inositol 1,4,5-trisphosphate receptor type 1 (Fragment)
A0ABV0Q1M3	unassigned	none	module	ryr.hmm matched only 158 profile positions (< 200) — a shared module, not a family assignment	181.3	385.1	203.8	0.5292	1e-50	2.3e-112	2.3e-112	0.054	0.032	145	158	1.0	156	RYR2_7	Goodea atripinnis	208336	0	Ryanodine receptor 2 (Fragment)
A0ABV0Q1Q2	unassigned	none	module	ryr.hmm matched only 79 profile positions (< 200) — a shared module, not a family assignment	0.0	94.3	94.3	1.0		9.2e-25	9.2e-25	0.0	0.016	0	79	0.806	98	RYR2_8	Goodea atripinnis	208336	0	Ryanodine receptor 2 (Fragment)
A0ABV0Q2H1	unassigned	none	module	ryr.hmm matched only 108 profile positions (< 200) — a shared module, not a family assignment	0.0	143.2	143.2	1.0		1.8e-39	1.8e-39	0.0	0.022	0	108	0.964	110	RYR3_4	Goodea atripinnis	208336	0	Ryanodine receptor 3
A0ABV0Q2Q4	unassigned	none	module	ryr.hmm matched only 153 profile positions (< 200) — a shared module, not a family assignment	0.0	255.5	255.5	1.0		2.7e-73	2.7e-73	0.0	0.031	0	153	0.844	179	RYR2_12	Goodea atripinnis	208336	0	Ryanodine receptor 2
A0ABV0Q567	unassigned	none	module	ryr.hmm matched only 49 profile positions (< 200) — a shared module, not a family assignment	0.0	80.1	80.1	1.0		1.8e-20	1.8e-20	0.0	0.01	0	49	0.608	79	RYR2_4	Xenoophorus captivus	1517983	0	Ryanodine receptor 2 (Fragment)
A0ABV0QB85	unassigned	none	module	ryr.hmm matched only 54 profile positions (< 200) — a shared module, not a family assignment	0.0	78.6	78.6	1.0		4.9e-20	4.9e-20	0.0	0.011	0	54	0.643	84	RYR2_6	Xenoophorus captivus	1517983	0	Ryanodine receptor 2 (Fragment)
A0ABV0QBS9	unassigned	none	module	ryr.hmm matched only 89 profile positions (< 200) — a shared module, not a family assignment	0.0	133.7	133.7	1.0		1.3e-36	1.3e-36	0.0	0.018	0	89	0.892	102	RYR2_7	Xenoophorus captivus	1517983	0	Ryanodine receptor 2 (Fragment)
A0ABV0QK74	unassigned	none	module	ryr.hmm matched only 158 profile positions (< 200) — a shared module, not a family assignment	0.0	214.9	214.9	1.0		4.4e-61	4.4e-61	0.0	0.032	0	158	0.885	174	RYR1_6	Xenoophorus captivus	1517983	0	Ryanodine receptor 1 (Fragment)
A0ABV0RAN6	unassigned	none	module	ryr.hmm matched only 94 profile positions (< 200) — a shared module, not a family assignment	0.0	119.1	119.1	1.0		3.3e-32	3.3e-32	0.0	0.019	0	94	0.979	97	RYR3_4	Xenoophorus captivus	1517983	0	Ryanodine receptor 3
A0ABV0RCF4	unassigned	none	module	ryr.hmm matched only 173 profile positions (< 200) — a shared module, not a family assignment	0.0	212.3	212.3	1.0		2.6e-60	2.6e-60	0.0	0.035	0	173	1.0	166	RYR3_1	Xenoophorus captivus	1517983	0	Ryanodine receptor 3 (Fragment)
A0ABV0RGP5	unassigned	none	module	ryr.hmm matched only 44 profile positions (< 200) — a shared module, not a family assignment	0.0	40.5	40.5	1.0		1.5e-08	1.5e-08	0.0	0.009	0	44	0.63	73	RYR2_2	Xenoophorus captivus	1517983	0	Ryanodine receptor 2 (Fragment)
A0ABV0RMT5	unassigned	none	module	itpr.hmm matched only 107 profile positions (< 200) — a shared module, not a family assignment	107.2	0.0	107.2	1.0	2.1e-28		2.1e-28	0.04	0.0	107	0	0.884	121	ITPR1_10	Xenoophorus captivus	1517983	0	Inositol 1,4,5-trisphosphate receptor type 1
A0ABV0RSE3	unassigned	none	module	ryr.hmm matched only 89 profile positions (< 200) — a shared module, not a family assignment	0.0	144.1	144.1	1.0		9.5e-40	9.5e-40	0.0	0.018	0	89	0.907	97	RYR3_5	Xenoophorus captivus	1517983	0	Ryanodine receptor 3
A0ABV0RZQ4	unassigned	none	module	ryr.hmm matched only 99 profile positions (< 200) — a shared module, not a family assignment	74.4	214.7	140.3	0.6535	1.7e-18	4.9e-61	4.9e-61	0.04	0.02	107	99	0.669	145	RYR3_2	Xenoophorus captivus	1517983	0	Ryanodine receptor 3 (Fragment)
A0ABV0S0C3	unassigned	none	module	itpr.hmm matched only 126 profile positions (< 200) — a shared module, not a family assignment	168.0	0.0	168.0	1.0	1e-46		1e-46	0.047	0.0	126	0	0.671	207	ITPR3_5	Xenoophorus captivus	1517983	0	Inositol 1,4,5-trisphosphate receptor type 3 (Fragment)
A0ABV0S0F2	unassigned	none	module	itpr.hmm matched only 89 profile positions (< 200) — a shared module, not a family assignment	165.0	32.8	132.2	0.8012	8.2e-46	3.1e-06	8.2e-46	0.033	0.016	89	79	0.8	110	ITPR1_9	Xenoophorus captivus	1517983	0	Inositol 1,4,5-trisphosphate receptor type 1 (Fragment)
A0ABV0S313	unassigned	none	module	itpr.hmm matched only 54 profile positions (< 200) — a shared module, not a family assignment	70.9	0.0	70.9	1.0	1.9e-17		1.9e-17	0.02	0.0	54	0	0.724	76	ITPR1_4	Xenoophorus captivus	1517983	0	Inositol 1,4,5-trisphosphate receptor type 1 (Fragment)
A0ABV0S4A1	unassigned	none	module	itpr.hmm matched only 183 profile positions (< 200) — a shared module, not a family assignment	350.3	134.7	215.6	0.6155	1.2e-101	6.3e-37	1.2e-101	0.068	0.023	183	113	0.905	201	ITPR3_2	Xenoophorus captivus	1517983	0	Inositol 1,4,5-trisphosphate receptor type 3 (Fragment)
A0ABV0SSP9	unassigned	none	module	ryr.hmm matched only 104 profile positions (< 200) — a shared module, not a family assignment	0.0	126.5	126.5	1.0		1.9e-34	1.9e-34	0.0	0.021	0	104	0.912	113	RYR3_6	Ilyodon furcidens	33524	0	Ryanodine receptor 3
A0ABV0SUU0	unassigned	none	module	ryr.hmm matched only 148 profile positions (< 200) — a shared module, not a family assignment	0.0	253.8	253.8	1.0		8.2e-73	8.2e-73	0.0	0.03	0	148	0.633	237	RYR2_15	Ilyodon furcidens	33524	0	Ryanodine receptor 2 (Fragment)
A0ABV0TKL1	unassigned	none	module	ryr.hmm matched only 168 profile positions (< 200) — a shared module, not a family assignment	0.0	268.2	268.2	1.0		3.8e-77	3.8e-77	0.0	0.034	0	168	0.971	172	RYR2_6	Ilyodon furcidens	33524	0	Ryanodine receptor 2
A0ABV0TPB3	unassigned	none	module	ryr.hmm matched only 153 profile positions (< 200) — a shared module, not a family assignment	0.0	168.6	168.6	1.0		3.8e-47	3.8e-47	0.0	0.031	0	153	0.949	158	RYR3_5	Ilyodon furcidens	33524	0	Ryanodine receptor 3
A0ABV0TTF5	unassigned	none	module	itpr.hmm matched only 83 profile positions (< 200) — a shared module, not a family assignment	112.4	0.0	112.4	1.0	5.9e-30		5.9e-30	0.031	0.0	83	0	0.911	90	ITPR1_4	Ilyodon furcidens	33524	0	Inositol 1,4,5-trisphosphate receptor type 1
A0ABV0TXE6	unassigned	none	module	ryr.hmm matched only 108 profile positions (< 200) — a shared module, not a family assignment	0.0	140.3	140.3	1.0		1.3e-38	1.3e-38	0.0	0.022	0	108	0.991	107	RYR2_4	Ilyodon furcidens	33524	0	Ryanodine receptor 2 (Fragment)
A0ABV0U3V5	unassigned	none	module	ryr.hmm matched only 84 profile positions (< 200) — a shared module, not a family assignment	80.5	195.2	114.7	0.5876	2.5e-20	3.7e-55	3.7e-55	0.027	0.017	72	84	1.0	84	RYR1_9	Ilyodon furcidens	33524	0	Ryanodine receptor 1
A0ABV0U6I4	unassigned	none	module	itpr.hmm matched only 99 profile positions (< 200) — a shared module, not a family assignment	145.9	0.0	145.9	1.0	4.8e-40		4.8e-40	0.037	0.0	99	0	0.854	130	ITPR1_6	Ilyodon furcidens	33524	0	Inositol 1,4,5-trisphosphate receptor type 1
A0ABV0V9B7	unassigned	none	module	itpr.hmm matched only 70 profile positions (< 200) — a shared module, not a family assignment	111.3	33.3	78.0	0.7008	1.3e-29	2.2e-06	1.3e-29	0.026	0.011	70	54	0.889	108	ITPR1_9	Ilyodon furcidens	33524	0	Inositol 1,4,5-trisphosphate receptor type 1
A0ABV0VLQ4	unassigned	none	module	itpr.hmm matched only 172 profile positions (< 200) — a shared module, not a family assignment	211.5	0.0	211.5	1.0	8e-60		8e-60	0.064	0.0	172	0	0.977	175	ITPR1_8	Ilyodon furcidens	33524	0	Inositol 1,4,5-trisphosphate receptor type 1
A0ABV0W3B2	unassigned	none	module	ryr.hmm matched only 79 profile positions (< 200) — a shared module, not a family assignment	0.0	86.5	86.5	1.0		2.2e-22	2.2e-22	0.0	0.016	0	79	1.0	74	RYR3_5	Xenotaenia resolanae	208358	0	Ryanodine receptor 3 (Fragment)
A0ABV0WAD8	unassigned	none	module	ryr.hmm matched only 148 profile positions (< 200) — a shared module, not a family assignment	0.0	180.0	180.0	1.0		1.5e-50	1.5e-50	0.0	0.03	0	148	0.993	148	RYR2_7	Xenotaenia resolanae	208358	0	Ryanodine receptor 2 (Fragment)
A0ABV0WMJ2	unassigned	none	module	ryr.hmm matched only 173 profile positions (< 200) — a shared module, not a family assignment	0.0	247.2	247.2	1.0		8.4e-71	8.4e-71	0.0	0.035	0	173	0.955	177	RYR1_5	Xenotaenia resolanae	208358	0	Ryanodine receptor 1 (Fragment)
A0ABV0WNJ3	unassigned	none	module	itpr.hmm matched only 137 profile positions (< 200) — a shared module, not a family assignment	137.0	0.0	137.0	1.0	2.3e-37		2.3e-37	0.051	0.0	137	0	0.915	200	ITPR1_9	Xenotaenia resolanae	208358	0	Inositol 1,4,5-trisphosphate receptor type 1 (Fragment)
A0ABV0X252	unassigned	none	module	itpr.hmm matched only 156 profile positions (< 200) — a shared module, not a family assignment	330.3	167.7	162.6	0.4923	1.2e-95	7.3e-47	1.2e-95	0.058	0.029	156	143	0.891	201	ITPR1_1	Xenotaenia resolanae	208358	0	Inositol 1,4,5-trisphosphate receptor type 1 (Fragment)
A0ABV0X7B3	unassigned	none	module	itpr.hmm matched only 99 profile positions (< 200) — a shared module, not a family assignment	90.3	0.0	90.3	1.0	2.7e-23		2.7e-23	0.037	0.0	99	0	1.0	107	ITPR1_3	Xenotaenia resolanae	208358	0	Inositol 1,4,5-trisphosphate receptor type 1 (Fragment)
A0ABV0XAG8	unassigned	none	module	itpr.hmm matched only 169 profile positions (< 200) — a shared module, not a family assignment	209.7	0.0	209.7	1.0	2.8e-59		2.8e-59	0.063	0.0	169	0	1.0	168	ITPR1_5	Xenotaenia resolanae	208358	0	Inositol 1,4,5-trisphosphate receptor type 1 (Fragment)
A0ABV0XL56	unassigned	none	module	ryr.hmm matched only 177 profile positions (< 200) — a shared module, not a family assignment	0.0	196.5	196.5	1.0		1.6e-55	1.6e-55	0.0	0.036	0	177	1.0	183	RYR2_17	Ameca splendens	208324	0	Ryanodine receptor 2
A0ABV0XYC4	unassigned	none	module	ryr.hmm matched only 153 profile positions (< 200) — a shared module, not a family assignment	177.1	374.7	197.6	0.5274	1.9e-49	3.2e-109	3.2e-109	0.053	0.031	142	153	1.0	154	RYR2_1	Ameca splendens	208324	0	Ryanodine receptor 2
A0ABV0Y4G5	unassigned	none	module	ryr.hmm matched only 168 profile positions (< 200) — a shared module, not a family assignment	0.0	265.4	265.4	1.0		2.7e-76	2.7e-76	0.0	0.034	0	168	0.982	169	RYR2_7	Ameca splendens	208324	0	Ryanodine receptor 2 (Fragment)
A0ABV0Y569	unassigned	none	module	ryr.hmm matched only 99 profile positions (< 200) — a shared module, not a family assignment	0.0	124.6	124.6	1.0		6.9e-34	6.9e-34	0.0	0.02	0	99	0.678	149	RYR3_9	Ameca splendens	208324	0	Ryanodine receptor 3
A0ABV0YVR8	unassigned	none	module	ryr.hmm matched only 173 profile positions (< 200) — a shared module, not a family assignment	0.0	272.1	272.1	1.0		2.6e-78	2.6e-78	0.0	0.035	0	173	1.0	175	RYR3_13	Ameca splendens	208324	0	Ryanodine receptor 3 (Fragment)
A0ABV0Z697	unassigned	none	module	ryr.hmm matched only 153 profile positions (< 200) — a shared module, not a family assignment	0.0	212.4	212.4	1.0		2.5e-60	2.5e-60	0.0	0.031	0	153	0.994	154	RYR1_10	Ameca splendens	208324	0	Ryanodine receptor 1 (Fragment)
A0ABV0Z946	unassigned	none	module	itpr.hmm matched only 183 profile positions (< 200) — a shared module, not a family assignment	350.3	134.7	215.6	0.6155	1.2e-101	6.3e-37	1.2e-101	0.068	0.023	183	113	0.905	201	ITPR3_1	Ameca splendens	208324	0	Inositol 1,4,5-trisphosphate receptor type 3 (Fragment)
A0ABV0ZF89	unassigned	none	module	ryr.hmm matched only 158 profile positions (< 200) — a shared module, not a family assignment	182.9	387.8	204.9	0.5284	3.5e-51	3.7e-113	3.7e-113	0.056	0.032	150	158	0.913	173	RYR2_11	Ameca splendens	208324	0	Ryanodine receptor 2
A0ABV1A9L4	unassigned	none	module	itpr.hmm matched only 132 profile positions (< 200) — a shared module, not a family assignment	191.0	0.0	191.0	1.0	1.2e-53		1.2e-53	0.049	0.0	132	0	0.941	153	ITPR1_5	Ameca splendens	208324	0	Inositol 1,4,5-trisphosphate receptor type 1
A0ABV1AF06	unassigned	none	module	itpr.hmm matched only 191 profile positions (< 200) — a shared module, not a family assignment	247.4	0.0	247.4	1.0	1.2e-70		1.2e-70	0.071	0.0	191	0	0.98	203	ITPR1_8	Ameca splendens	208324	0	Inositol 1,4,5-trisphosphate receptor type 1 (Fragment)
A0ACB7FGT4	unassigned	none	module	ryr.hmm matched only 44 profile positions (< 200) — a shared module, not a family assignment	0.0	41.3	41.3	1.0		8.7e-09	8.7e-09	0.0	0.009	0	44	0.375	112	RYR3	Nibea albiflora	240163	0	Ryanodine receptor 3 (Fragment)
A0ACB8EGT0	unassigned	none	module	itpr.hmm matched only 89 profile positions (< 200) — a shared module, not a family assignment	117.3	0.0	117.3	1.0	2e-31		2e-31	0.033	0.0	89	0	0.946	93	ITPR1_4	Sphaerodactylus townsendi	933632	0	Inositol 1,4,5-trisphosphate receptor type 1
A0ACB8FQU3	unassigned	none	module	itpr.hmm matched only 105 profile positions (< 200) — a shared module, not a family assignment	159.2	0.0	159.2	1.0	4.7e-44		4.7e-44	0.039	0.0	105	0	0.778	135	ITPR2_3	Sphaerodactylus townsendi	933632	0	Inositol 1,4,5-trisphosphate receptor type 2
A0ACB8FRT5	unassigned	none	module	itpr.hmm matched only 78 profile positions (< 200) — a shared module, not a family assignment	100.0	0.0	100.0	1.0	3.2e-26		3.2e-26	0.029	0.0	78	0	0.848	92	ITPR2_1	Sphaerodactylus townsendi	933632	0	Inositol 1,4,5-trisphosphate receptor type 2
A0ACB8FT31	unassigned	none	module	itpr.hmm matched only 64 profile positions (< 200) — a shared module, not a family assignment	110.9	0.0	110.9	1.0	1.7e-29		1.7e-29	0.024	0.0	64	0	0.719	89	ITPR1_1	Sphaerodactylus townsendi	933632	0	Inositol 1,4,5-trisphosphate receptor type 1
A0ACB8G4V5	unassigned	none	module	ryr.hmm matched only 177 profile positions (< 200) — a shared module, not a family assignment	0.0	253.7	253.7	1.0		9.2e-73	9.2e-73	0.0	0.036	0	177	0.941	187	RYR3_2	Sphaerodactylus townsendi	933632	0	Ryanodine receptor 3
A0ACB8GAN5	unassigned	none	module	ryr.hmm matched only 168 profile positions (< 200) — a shared module, not a family assignment	0.0	218.0	218.0	1.0		5e-62	5e-62	0.0	0.034	0	168	0.77	217	RYR2_3	Sphaerodactylus townsendi	933632	0	Ryanodine receptor 2 (Fragment)
A0ACB8GBD5	unassigned	none	module	ryr.hmm matched only 118 profile positions (< 200) — a shared module, not a family assignment	0.0	207.7	207.7	1.0		6.5e-59	6.5e-59	0.0	0.024	0	118	0.684	171	RYR2_6	Sphaerodactylus townsendi	933632	0	Ryanodine receptor 2
A0ACB8GBK0	unassigned	none	module	ryr.hmm matched only 89 profile positions (< 200) — a shared module, not a family assignment	45.6	148.6	103.0	0.6931	8e-10	4.2e-41	4.2e-41	0.03	0.018	81	89	0.861	101	RYR2_2	Sphaerodactylus townsendi	933632	0	Ryanodine receptor 2
G3WHC9	unassigned	none	module	itpr.hmm matched only 174 profile positions (< 200) — a shared module, not a family assignment	353.3	116.8	236.5	0.6694	1.5e-102	1.6e-31	1.5e-102	0.065	0.02	174	99	0.994	175	ITPR1	Sarcophilus harrisii	9305	0	Inositol 1,4,5-trisphosphate receptor type 1
V8N8N6	unassigned	none	module	itpr.hmm matched only 105 profile positions (< 200) — a shared module, not a family assignment	138.5	0.0	138.5	1.0	8.3e-38		8.3e-38	0.039	0.0	105	0	0.929	99	Itpr2	Ophiophagus hannah	8665	0	Inositol 1,4,5-trisphosphate receptor type 2 (Fragment)
