accession	organism	vclass	vorder	group	cell	copy_id	label	contig	start	end	n_informative	keys
GCA_008658365.1	Alca torda	Aves	Charadriiformes	non_actinopterygian	ITPR1	Alca_torda|GCA_008658365.1|ITPR1.0	Alca_torda|GCA_008658365.1|ITPR1.0	CM018086.1	14511323	14687739	17	ARL8B;BHLHE40;CAV3;CHL1;CNTN6;CRBN;EDEM1;GRM7;IL5RA;LMCD1;LRRN1;OXTR;RAD18;SRGAP3;SSUH2;SUMF1;TRNT1
GCA_008658365.1	Alca torda	Aves	Charadriiformes	non_actinopterygian	ITPR2	Alca_torda|GCA_008658365.1|ITPR2.0	Alca_torda|GCA_008658365.1|ITPR2.0	CM018076.1	74630781	74897326	17	BHLHE41;BMAL2;CYB5R3;DNAI7;ETFRF1;FGFR1OP2;GYS2;INTS13;LDHB;MED21;PPFIBP1;RASSF8;REP15;SPX;SSPN;STK38L;TM7SF3
GCA_008658365.1	Alca torda	Aves	Charadriiformes	non_actinopterygian	ITPR3	Alca_torda|GCA_008658365.1|ITPR3.0	Alca_torda|GCA_008658365.1|ITPR3.0	CM018095.1	3506405	3555552	12	APOBEC2;BAK1;GRM4;HMGA1;IP6K3;LEMD2;MLN;NFYA;NUDT3;OARD1;PACSIN1;SMIM29
GCA_008658365.1	Alca torda	Aves	Charadriiformes	non_actinopterygian	RYR	Alca_torda|GCA_008658365.1|RYR.0	Alca_torda|GCA_008658365.1|RYR.0	CM018078.1	42099162	42521409	20	ACTN2;CHRM3;EDARADD;ERO1B;EXO1;FMN2;GNG4;GPR137B;GREM2;HEATR1;LGALS8;LYST;MAP1LC3C;MTR;NID1;OPN3;PIGM;PLD5;RGS7;WDR64
GCA_008658365.1	Alca torda	Aves	Charadriiformes	non_actinopterygian	RYR	Alca_torda|GCA_008658365.1|RYR.1	Alca_torda|GCA_008658365.1|RYR.1	CM018080.1	32535056	32770773	19	ARHGAP11A;AVEN;CDIN1;CHRM5;DPH6;EIF2AK4;EMC7;FAM98B;FMN1;FSIP1;GPR176;GREM1;KATNBL1;MEIS2;RASGRP1;SCG5;SPRED1;SRP14;THBS1
GCA_009769605.1	Bucorvus abyssinicus	Aves	Bucerotiformes	non_actinopterygian	ITPR1	Bucorvus_abyssinicus|GCA_009769605.1|ITPR1.0	Bucorvus_abyssinicus|GCA_009769605.1|ITPR1.0	CM020037.1	21025145	21185024	18	ARL8B;BHLHE40;CAV3;CHL1;CNTN4;CNTN6;CRBN;EDEM1;GRM7;IL5RA;LMCD1;LRRN1;OXTR;RAD18;SRGAP3;SSUH2;SUMF1;TRNT1
GCA_009769605.1	Bucorvus abyssinicus	Aves	Bucerotiformes	non_actinopterygian	ITPR2	Bucorvus_abyssinicus|GCA_009769605.1|ITPR2.0	Bucorvus_abyssinicus|GCA_009769605.1|ITPR2.0	CM020053.1	12089772	12346833	16	BHLHE41;CCDC22;FGFR1OP2;GABARAPL1;INTS13;KRAS;LMNTD1;MRPL51;RASSF8;SCNN1A;SSPN;STYK1;SYCE3;TMEM52B;VAMP1;YBX3
GCA_009769605.1	Bucorvus abyssinicus	Aves	Bucerotiformes	non_actinopterygian	ITPR3	Bucorvus_abyssinicus|GCA_009769605.1|ITPR3.0	Bucorvus_abyssinicus|GCA_009769605.1|ITPR3.0	CM020055.1	2991828	3045426	16	APOBEC2;BAK1;FOXP4;GRM4;HMGA1;LEMD2;MDFI;MLN;NFYA;NUDT3;OARD1;PACSIN1;RPS10;SMIM29;SPDEF;TSPO2
GCA_009769605.1	Bucorvus abyssinicus	Aves	Bucerotiformes	non_actinopterygian	RYR	Bucorvus_abyssinicus|GCA_009769605.1|RYR.0	Bucorvus_abyssinicus|GCA_009769605.1|RYR.0	CM020031.1	30080173	30383635	19	ACTN2;B3GALNT2;CHRM3;EDARADD;ERO1B;EXO1;GPR137B;GREM2;HEATR1;LGALS8;LYST;MAP1LC3C;MTR;NID1;OPN3;PIGM;PLD5;RGS7;WDR64
GCA_009769605.1	Bucorvus abyssinicus	Aves	Bucerotiformes	non_actinopterygian	RYR	Bucorvus_abyssinicus|GCA_009769605.1|RYR.1	Bucorvus_abyssinicus|GCA_009769605.1|RYR.1	CM020042.1	5133878	5346665	18	AVEN;CDIN1;CHRM5;DPH6;EIF2AK4;EMC7;FAM98B;FMN1;FSIP1;GPR176;GREM1;KATNBL1;MEIS2;RASGRP1;SPRED1;SRP14;THBS1;ZNF770
GCA_009819775.1	Phoenicopterus ruber ruber	Aves	Phoenicopteriformes	non_actinopterygian	ITPR1	Phoenicopterus_ruber_ruber|GCA_009819775.1|ITPR1.0	Phoenicopterus_ruber_ruber|GCA_009819775.1|ITPR1.0	CM020224.1	2238597	2413674	16	ARL8B;BHLHE40;CAV3;CHL1;CRBN;EDEM1;GRM7;IL5RA;LMCD1;LRRN1;OXTR;RAD18;SRGAP3;SSUH2;SUMF1;TRNT1
GCA_009819775.1	Phoenicopterus ruber ruber	Aves	Phoenicopteriformes	non_actinopterygian	ITPR2	Phoenicopterus_ruber_ruber|GCA_009819775.1|ITPR2.0	Phoenicopterus_ruber_ruber|GCA_009819775.1|ITPR2.0	CM020215.1	76787452	77053252	19	BHLHE41;BMAL2;CYB5R3;DNAI7;ETFRF1;FGFR1OP2;GYS2;INTS13;IRAG2;KCNJ8;LDHB;MED21;PPFIBP1;RASSF8;REP15;SPX;SSPN;STK38L;TM7SF3
GCA_009819775.1	Phoenicopterus ruber ruber	Aves	Phoenicopteriformes	non_actinopterygian	ITPR3	Phoenicopterus_ruber_ruber|GCA_009819775.1|ITPR3.0	Phoenicopterus_ruber_ruber|GCA_009819775.1|ITPR3.0	CM020239.1	4308884	4357363	17	APOBEC2;BAK1;FOXP4;GRM4;HMGA1;IP6K3;LEMD2;MDFI;MLN;NCR2;NFYA;OARD1;PACSIN1;RPS10;SMIM29;TFEB;TSPO2
GCA_009819775.1	Phoenicopterus ruber ruber	Aves	Phoenicopteriformes	non_actinopterygian	RYR	Phoenicopterus_ruber_ruber|GCA_009819775.1|RYR.0	Phoenicopterus_ruber_ruber|GCA_009819775.1|RYR.0	CM020217.1	43176402	43630802	20	ACTN2;CHRM3;EDARADD;ERO1B;EXO1;FMN2;GNG4;GPR137B;GREM2;HEATR1;LGALS8;LYST;MAP1LC3C;MTR;NID1;OPN3;PIGM;PLD5;RGS7;WDR64
GCA_009819775.1	Phoenicopterus ruber ruber	Aves	Phoenicopteriformes	non_actinopterygian	RYR	Phoenicopterus_ruber_ruber|GCA_009819775.1|RYR.1	Phoenicopterus_ruber_ruber|GCA_009819775.1|RYR.1	CM020219.1	36415959	36660665	18	ARHGAP11A;AVEN;CDIN1;CHRM5;DPH6;EIF2AK4;EMC7;FAM98B;FMN1;FSIP1;GPR176;GREM1;KATNBL1;MEIS2;RASGRP1;SPRED1;SRP14;THBS1
GCA_013389825.1	Crypturellus undulatus	Aves	Tinamiformes	non_actinopterygian	ITPR2	Crypturellus_undulatus|GCA_013389825.1|ITPR2.0	Crypturellus_undulatus|GCA_013389825.1|ITPR2.0	VWPW01014676.1	286425	522703	7	BHLHE41;FGFR1OP2;INTS13;MED21;SSPN;STK38L;TM7SF3
GCA_013389825.1	Crypturellus undulatus	Aves	Tinamiformes	non_actinopterygian	RYR	Crypturellus_undulatus|GCA_013389825.1|RYR.1	Crypturellus_undulatus|GCA_013389825.1|RYR.1	VWPW01021686.1	6388	188083	9	ARHGAP11A;AVEN;DPH6;FAM98B;GREM1;LD;RASGRP1;SCG5;SPRED1
GCA_013389985.1	Dryoscopus gambensis	Aves	Passeriformes	non_actinopterygian	ITPR3	Dryoscopus_gambensis|GCA_013389985.1|ITPR3.0	Dryoscopus_gambensis|GCA_013389985.1|ITPR3.0	WEIT01027115.1	18120	55110	9	GRM4;HMGA1;IP6K3;LEMD2;MLN;NUDT3;PACSIN1;RPS10;UQCC2
GCA_013390065.1	Chloropsis hardwickii	Aves	Passeriformes	non_actinopterygian	ITPR1	Chloropsis_hardwickii|GCA_013390065.1|ITPR1.0	Chloropsis_hardwickii|GCA_013390065.1|ITPR1.0	WEIW01000372.1	584206	736259	7	BHLHE40;CRBN;IL5RA;LRRN1;SETMAR;SUMF1;TRNT1
GCA_013390065.1	Chloropsis hardwickii	Aves	Passeriformes	non_actinopterygian	ITPR2	Chloropsis_hardwickii|GCA_013390065.1|ITPR2.0	Chloropsis_hardwickii|GCA_013390065.1|ITPR2.0	WEIW01000437.1	216914	459762	5	FGFR1OP2;INTS13;MED21;SSPN;TM7SF3
GCA_013390065.1	Chloropsis hardwickii	Aves	Passeriformes	non_actinopterygian	RYR	Chloropsis_hardwickii|GCA_013390065.1|RYR.0	Chloropsis_hardwickii|GCA_013390065.1|RYR.0	WEIW01000007.1	603461	986066	9	ACTN2;EDARADD;ERO1B;GNG4;GPR137B;HEATR1;LGALS8;LYST;NID1
GCA_013390065.1	Chloropsis hardwickii	Aves	Passeriformes	non_actinopterygian	RYR	Chloropsis_hardwickii|GCA_013390065.1|RYR.1	Chloropsis_hardwickii|GCA_013390065.1|RYR.1	WEIW01000336.1	3014	195968	7	AVEN;CHRM5;EMC7;FSIP1;GPR176;KATNBL1;THBS1
GCA_013390105.1	Tichodroma muraria	Aves	Passeriformes	non_actinopterygian	ITPR3	Tichodroma_muraria|GCA_013390105.1|ITPR3.0	Tichodroma_muraria|GCA_013390105.1|ITPR3.0	WAAG01017736.1	29323	69603	10	BAK1;GRM4;HMGA1;IP6K3;LEMD2;MLN;NUDT3;PRA1;RPS10;SNRPC
GCA_013396355.1	Menura novaehollandiae	Aves	Passeriformes	non_actinopterygian	ITPR1	Menura_novaehollandiae|GCA_013396355.1|ITPR1.0	Menura_novaehollandiae|GCA_013396355.1|ITPR1.0	VWPS01000057.1	1454359	1609868	14	BHLHE40;CAV3;CNTN4;CRBN;EDEM1;IL5RA;LMCD1;LRRN1;RAD18;SETMAR;SRGAP3;SUMF1;THUMPD3;TRNT1
GCA_013396355.1	Menura novaehollandiae	Aves	Passeriformes	non_actinopterygian	ITPR2	Menura_novaehollandiae|GCA_013396355.1|ITPR2.0	Menura_novaehollandiae|GCA_013396355.1|ITPR2.0	VWPS01000128.1	596224	815047	13	BHLHE41;CYB5R3;ENDOUA;ETFRF1;FGFR1OP2;GYS2;INTS13;KRAS;PPFIBP1;REP15;SPX;SSPN;TM7SF3
GCA_013396355.1	Menura novaehollandiae	Aves	Passeriformes	non_actinopterygian	ITPR3	Menura_novaehollandiae|GCA_013396355.1|ITPR3.0	Menura_novaehollandiae|GCA_013396355.1|ITPR3.0	VWPS01000164.1	595136	635528	18	APOBEC2;BAK1;CD300A;GRM4;HMGA1;IP6K3;LEMD2;MDFI;MLN;NFYA;NUDT3;OARD1;PRA1;RPS10;SNRPC;TFEB;TREM2;UHRF1BP1
GCA_013396355.1	Menura novaehollandiae	Aves	Passeriformes	non_actinopterygian	RYR	Menura_novaehollandiae|GCA_013396355.1|RYR.1	Menura_novaehollandiae|GCA_013396355.1|RYR.1	VWPS01000022.1	4514479	4727368	17	ARHGAP11A;AVEN;CHRM5;EIF2AK4;EMC7;FAM98B;FSIP1;GPR176;GREM1;KATNBL1;LD;MEIS2;RASGRP1;SCG5;SPRED1;SRP14;THBS1
GCA_013396355.1	Menura novaehollandiae	Aves	Passeriformes	non_actinopterygian	RYR	Menura_novaehollandiae|GCA_013396355.1|RYR.0	Menura_novaehollandiae|GCA_013396355.1|RYR.0	VWPS01000054.1	947597	1329405	17	ACTN2;B3GALNT2;CHRM3;EDARADD;ERO1B;EXO1;FMN2;GNG4;GPR137B;GREM2;HEATR1;LYST;MAP1LC3C;NID1;OPN3;PIGM;RGS7
GCA_013396465.1	Smithornis capensis	Aves	Passeriformes	non_actinopterygian	ITPR2	Smithornis_capensis|GCA_013396465.1|ITPR2.0	Smithornis_capensis|GCA_013396465.1|ITPR2.0	VWYW01000229.1	449541	677297	15	BHLHE41;CYB5R3;ENDOUA;ETFRF1;FGFR1OP2;GYS2;INTS13;KRAS;MED21;PPFIBP1;RASSF8;REP15;SPX;SSPN;TM7SF3
GCA_013396465.1	Smithornis capensis	Aves	Passeriformes	non_actinopterygian	RYR	Smithornis_capensis|GCA_013396465.1|RYR.1	Smithornis_capensis|GCA_013396465.1|RYR.1	VWYW01000072.1	911143	1129658	17	ARHGAP11A;AVEN;CHRM5;EIF2AK4;EMC7;FAM98B;FSIP1;GPR176;GREM1;KATNBL1;LD;ODF3;RASGRP1;SCG5;SPRED1;SRP14;THBS1
GCA_013396465.1	Smithornis capensis	Aves	Passeriformes	non_actinopterygian	RYR	Smithornis_capensis|GCA_013396465.1|RYR.0	Smithornis_capensis|GCA_013396465.1|RYR.0	VWYW01000101.1	1644478	2036936	10	ACTN2;B3GALNT2;EDARADD;ERO1B;GNG4;GPR137B;HEATR1;LYST;MTR;NID1
GCA_013396485.1	Ptilorrhoa leucosticta	Aves	Passeriformes	non_actinopterygian	RYR	Ptilorrhoa_leucosticta|GCA_013396485.1|RYR.1	Ptilorrhoa_leucosticta|GCA_013396485.1|RYR.1	VWYY01000118.1	1297525	1497345	16	ARHGAP11A;AVEN;CHRM5;EIF2AK4;EMC7;FAM98B;FSIP1;GPR176;GREM1;KATNBL1;LD;RASGRP1;SCG5;SPRED1;SRP14;THBS1
GCA_013396485.1	Ptilorrhoa leucosticta	Aves	Passeriformes	non_actinopterygian	RYR	Ptilorrhoa_leucosticta|GCA_013396485.1|RYR.0	Ptilorrhoa_leucosticta|GCA_013396485.1|RYR.0	VWYY01000123.1	510360	912092	9	ACTN2;CHRM3;EDARADD;ERO1B;FMN2;GPR137B;GREM2;HEATR1;NID1
GCA_013396675.1	Eubucco bourcierii	Aves	Piciformes	non_actinopterygian	ITPR3	Eubucco_bourcierii|GCA_013396675.1|ITPR3.0	Eubucco_bourcierii|GCA_013396675.1|ITPR3.0	VWZE01023714.1	96269	224427	5	APOBEC2;BAK1;LRIF1;NFYA;OARD1
GCA_013396835.1	Psilopogon haemacephalus	Aves	Piciformes	non_actinopterygian	ITPR3	Psilopogon_haemacephalus|GCA_013396835.1|ITPR3.0	Psilopogon_haemacephalus|GCA_013396835.1|ITPR3.0	VWZI01004865.1	499854	631096	19	ADIPOR1;ANKS1A;APOBEC2;BAK1;GRM4;HMGA1;LMOD1;LRIF1;NFYA;NUDT3;OARD1;PACSIN1;RPS10;SCUBE3;SNRPC;TAF11;TIMM17A;UBE2T;UHRF1BP1
GCA_013396835.1	Psilopogon haemacephalus	Aves	Piciformes	non_actinopterygian	RYR	Psilopogon_haemacephalus|GCA_013396835.1|RYR.0	Psilopogon_haemacephalus|GCA_013396835.1|RYR.0	VWZI01009657.1	287938	514786	7	AVEN;CHRM5;EMC7;GREM1;KATNBL1;LD;SCG5
GCA_013396875.1	Vireo altiloquus	Aves	Passeriformes	non_actinopterygian	ITPR3	Vireo_altiloquus|GCA_013396875.1|ITPR3.0	Vireo_altiloquus|GCA_013396875.1|ITPR3.0	VZRF01014545.1	203966	288081	12	APOBEC2;BAK1;CD300LB;GRM4;HMGA1;MLN;NFYA;NUDT3;OARD1;PRA1;RPS10;TREM2
GCA_013396875.1	Vireo altiloquus	Aves	Passeriformes	non_actinopterygian	RYR	Vireo_altiloquus|GCA_013396875.1|RYR.1	Vireo_altiloquus|GCA_013396875.1|RYR.1	VZRF01009222.1	594031	799678	11	AVEN;CHRM5;EMC7;FAM98B;GREM1;KATNBL1;LD;RASGRP1;SCG5;SPRED1;THBS1
GCA_013396935.1	Baryphthengus martii	Aves	Coraciiformes	non_actinopterygian	ITPR3	Baryphthengus_martii|GCA_013396935.1|ITPR3.0	Baryphthengus_martii|GCA_013396935.1|ITPR3.0	VWZK01016629.1	161004	208872	9	APOBEC2;BAK1;CD300LD;IP6K3;LEMD2;NFYA;OARD1;PRA1;TREM2
GCA_013396975.1	Bucco capensis	Aves	Piciformes	non_actinopterygian	ITPR1	Bucco_capensis|GCA_013396975.1|ITPR1.0	Bucco_capensis|GCA_013396975.1|ITPR1.0	VWZO01019971.1	305321	469383	5	ARL8B;BHLHE40;EDEM1;SETMAR;SUMF1
GCA_013397015.1	Myiagra hebetior	Aves	Passeriformes	non_actinopterygian	ITPR1	Myiagra_hebetior|GCA_013397015.1|ITPR1.0	Myiagra_hebetior|GCA_013397015.1|ITPR1.0	VWZQ01007131.1	499494	658436	10	ARL8BA;BHLHE40;CNTN4;CRBN;EDEM1;IL5RA;LRRN1;SETMAR;SUMF1;TRNT1
GCA_013397015.1	Myiagra hebetior	Aves	Passeriformes	non_actinopterygian	ITPR2	Myiagra_hebetior|GCA_013397015.1|ITPR2.0	Myiagra_hebetior|GCA_013397015.1|ITPR2.0	VWZQ01006530.1	363409	582080	8	BHLHE41;FGFR1OP2;INTS13;MED21;PPFIBP1;REP15;SSPN;TM7SF3
GCA_013397015.1	Myiagra hebetior	Aves	Passeriformes	non_actinopterygian	ITPR3	Myiagra_hebetior|GCA_013397015.1|ITPR3.0	Myiagra_hebetior|GCA_013397015.1|ITPR3.0	VWZQ01007200.1	310561	354898	12	APOBEC2;BAK1;CD300LB;GRM4;IP6K3;LEMD2;MDFI;MLN;NFYA;OARD1;PRA1;TREM2
GCA_013397015.1	Myiagra hebetior	Aves	Passeriformes	non_actinopterygian	RYR	Myiagra_hebetior|GCA_013397015.1|RYR.0	Myiagra_hebetior|GCA_013397015.1|RYR.0	VWZQ01001806.1	609461	985178	9	ACTN2;B3GALNT2;EDARADD;ERO1B;GNG4;LGALS8;LYST;NID1;TBCE
GCA_013397015.1	Myiagra hebetior	Aves	Passeriformes	non_actinopterygian	RYR	Myiagra_hebetior|GCA_013397015.1|RYR.1	Myiagra_hebetior|GCA_013397015.1|RYR.1	VWZQ01008955.1	470059	671917	6	AVEN;GREM1;LD;RASGRP1;SCG5;SPRED1
GCA_013397245.1	Thryothorus ludovicianus	Aves	Passeriformes	non_actinopterygian	ITPR2	Thryothorus_ludovicianus|GCA_013397245.1|ITPR2.0	Thryothorus_ludovicianus|GCA_013397245.1|ITPR2.0	VZTB01004788.1	1910	176611	5	BHLHB3;ETFRF1;KRAS;RASSF8;SSPN
GCA_013397245.1	Thryothorus ludovicianus	Aves	Passeriformes	non_actinopterygian	RYR	Thryothorus_ludovicianus|GCA_013397245.1|RYR.0	Thryothorus_ludovicianus|GCA_013397245.1|RYR.0	VZTB01006589.1	395	296542	9	ACTN2;EDARADD;ERO1B;GNG4;GPR137B;HEATR1;LGALS8;LYST;NID1
GCA_013397295.1	Polioptila caerulea	Aves	Passeriformes	non_actinopterygian	ITPR2	Polioptila_caerulea|GCA_013397295.1|ITPR2.0	Polioptila_caerulea|GCA_013397295.1|ITPR2.0	VYXF01001320.1	235431	475463	6	BHLHE41;FGFR1OP2;INTS13;MED21;SSPN;TM7SF3
GCA_013397295.1	Polioptila caerulea	Aves	Passeriformes	non_actinopterygian	RYR	Polioptila_caerulea|GCA_013397295.1|RYR.1	Polioptila_caerulea|GCA_013397295.1|RYR.1	VYXF01009487.1	85514	278560	8	ARHGAP11A;AVEN;FAM98B;GREM1;LD;RASGRP1;SCG5;SPRED1
GCA_013397395.1	Sinosuthora webbiana	Aves	Passeriformes	non_actinopterygian	ITPR1	Sinosuthora_webbiana|GCA_013397395.1|ITPR1.0	Sinosuthora_webbiana|GCA_013397395.1|ITPR1.0	VXBN01013252.1	1291350	1443844	10	ARL8B;BHLHE40;CHL1;CNTN4;CRBN;EDEM1;IL5RA;LRRN1;SETMAR;SUMF1
GCA_013397395.1	Sinosuthora webbiana	Aves	Passeriformes	non_actinopterygian	ITPR2	Sinosuthora_webbiana|GCA_013397395.1|ITPR2.0	Sinosuthora_webbiana|GCA_013397395.1|ITPR2.0	VXBN01011463.1	166562	407849	6	BHLHE41;FGFR1OP2;INTS13;MED21;SSPN;TM7SF3
GCA_013397395.1	Sinosuthora webbiana	Aves	Passeriformes	non_actinopterygian	RYR	Sinosuthora_webbiana|GCA_013397395.1|RYR.0	Sinosuthora_webbiana|GCA_013397395.1|RYR.0	VXBN01012045.1	281508	658308	9	ACTN2;EDARADD;ERO1B;GNG4;GPR137B;HEATR1;LGALS8;LYST;NID1
GCA_013397395.1	Sinosuthora webbiana	Aves	Passeriformes	non_actinopterygian	RYR	Sinosuthora_webbiana|GCA_013397395.1|RYR.1	Sinosuthora_webbiana|GCA_013397395.1|RYR.1	VXBN01015030.1	901189	1094514	16	ARHGAP11A;AVEN;CHRM5;EIF2AK4;EMC7;FGL1L;FSIP1;GPR176;GREM1;KATNBL1;LD;RASGRP1;SCG5;SPRED1;SRP14;THBS1
GCA_013397465.1	Furnarius figulus	Aves	Passeriformes	non_actinopterygian	ITPR1	Furnarius_figulus|GCA_013397465.1|ITPR1.0	Furnarius_figulus|GCA_013397465.1|ITPR1.0	VYZD01000015.1	3558831	3709701	12	BHLHE40;CAV3;CNTN4;CRBN;EDEM1;IL5RA;LMCD1;LRRN1;MTR;SETMAR;SUMF1;TRNT1
GCA_013397465.1	Furnarius figulus	Aves	Passeriformes	non_actinopterygian	ITPR2	Furnarius_figulus|GCA_013397465.1|ITPR2.0	Furnarius_figulus|GCA_013397465.1|ITPR2.0	VYZD01000396.1	298467	525932	8	BHLHE41;FGFR1OP2;INTS13;MED21;PPFIBP1;RASSF8;SSPN;TM7SF3
GCA_013397465.1	Furnarius figulus	Aves	Passeriformes	non_actinopterygian	ITPR3	Furnarius_figulus|GCA_013397465.1|ITPR3.0	Furnarius_figulus|GCA_013397465.1|ITPR3.0	VYZD01000217.1	676899	713352	19	APOBEC2;BAK1;CD300LD;FOXP4;GRM4;HMGA1;IP6K3;LEMD2;MDFI;MLN;NFYA;NUDT3;OARD1;PRA1;RPS10;SMIM29;TFEB;TREM2;UQCC2
GCA_013397495.1	Mionectes macconnelli	Aves	Passeriformes	non_actinopterygian	ITPR2	Mionectes_macconnelli|GCA_013397495.1|ITPR2.0	Mionectes_macconnelli|GCA_013397495.1|ITPR2.0	VYZC01000147.1	1147216	1384546	15	BHLHE41;CYB5R3;ENDOUA;ETFRF1;FGFR1OP2;GYS2;INTS13;KRAS;LDHB;MED21;PPFIBP1;SPX;SSPN;STK38L;TM7SF3
GCA_013397495.1	Mionectes macconnelli	Aves	Passeriformes	non_actinopterygian	RYR	Mionectes_macconnelli|GCA_013397495.1|RYR.1	Mionectes_macconnelli|GCA_013397495.1|RYR.1	VYZC01000019.1	1653182	1869762	17	ARHGAP11A;AVEN;CHRM5;EIF2AK4;EMC7;FAM98B;FGL1L;FSIP1;GPR176;GREM1;KATNBL1;LD;RASGRP1;SCG5;SPRED1;SRP14;THBS1
GCA_013397495.1	Mionectes macconnelli	Aves	Passeriformes	non_actinopterygian	RYR	Mionectes_macconnelli|GCA_013397495.1|RYR.0	Mionectes_macconnelli|GCA_013397495.1|RYR.0	VYZC01000047.1	483865	872792	9	ACTN2;B3GALNT2;EDARADD;ERO1B;GNG4;GPR137B;HEATR1;LYST;NID1
GCA_013397535.1	Pterocles burchelli	Aves	Pterocliformes	non_actinopterygian	ITPR1	Pterocles_burchelli|GCA_013397535.1|ITPR1.0	Pterocles_burchelli|GCA_013397535.1|ITPR1.0	VYZE01000085.1	1051875	1221646	8	ARL8B;BHLHE40;EDEM1;GRM7;LRRN1;SETMAR;SLMAP;SUMF1
GCA_013397535.1	Pterocles burchelli	Aves	Pterocliformes	non_actinopterygian	ITPR2	Pterocles_burchelli|GCA_013397535.1|ITPR2.0	Pterocles_burchelli|GCA_013397535.1|ITPR2.0	VYZE01000061.1	324147	557096	13	ARNTL2;BHLHE41;CASC1;ETFRF1;FGFR1OP2;GYS2;INTS13;KRAS;MED21;SPX;SSPN;STK38L;TM7SF3
GCA_013397535.1	Pterocles burchelli	Aves	Pterocliformes	non_actinopterygian	ITPR3	Pterocles_burchelli|GCA_013397535.1|ITPR3.0	Pterocles_burchelli|GCA_013397535.1|ITPR3.0	VYZE01000639.1	21766	63896	9	GRM4;HMGA1;IP6K3;LEMD2;NUDT3;PACSIN1;RPS10;SNRPC;UQCC2
GCA_013397535.1	Pterocles burchelli	Aves	Pterocliformes	non_actinopterygian	RYR	Pterocles_burchelli|GCA_013397535.1|RYR.0	Pterocles_burchelli|GCA_013397535.1|RYR.0	VYZE01000008.1	59405	339970	7	CHRM3;EXO1;FMN2;GREM2;OPN3;PLD5;RGS7
GCA_013397635.1	Columbina picui	Aves	Columbiformes	non_actinopterygian	ITPR2	Columbina_picui|GCA_013397635.1|ITPR2.0	Columbina_picui|GCA_013397635.1|ITPR2.0	VYZG01000419.1	130253	368840	5	BHLHE41;FGFR1OP2;INTS13;SSPN;TM7SF3
GCA_013397635.1	Columbina picui	Aves	Columbiformes	non_actinopterygian	RYR	Columbina_picui|GCA_013397635.1|RYR.0	Columbina_picui|GCA_013397635.1|RYR.0	VYZG01000063.1	1015244	1404500	7	ACTN2;CHRM3;EDARADD;FMN2;GPR137B;HEATR1;NID1
GCA_013397635.1	Columbina picui	Aves	Columbiformes	non_actinopterygian	RYR	Columbina_picui|GCA_013397635.1|RYR.1	Columbina_picui|GCA_013397635.1|RYR.1	VYZG01000089.1	98286	329833	8	ARHGAP11A;AVEN;FAM98B;GREM1;LD;RASGRP1;SCG5;SPRED1
GCA_013397815.1	Aleadryas rufinucha	Aves	Passeriformes	non_actinopterygian	ITPR2	Aleadryas_rufinucha|GCA_013397815.1|ITPR2.0	Aleadryas_rufinucha|GCA_013397815.1|ITPR2.0	VZTH01019192.1	239755	484630	7	BHLHE41;FGFR1OP2;INTS13;MED21;SSPN;STK38L;TM7SF3
GCA_013397815.1	Aleadryas rufinucha	Aves	Passeriformes	non_actinopterygian	RYR	Aleadryas_rufinucha|GCA_013397815.1|RYR.1	Aleadryas_rufinucha|GCA_013397815.1|RYR.1	VZTH01018405.1	213306	413200	6	AVEN;CHRM5;EMC7;FGL1L;KATNBL1;LD
GCA_013397895.1	Origma solitaria	Aves	Passeriformes	non_actinopterygian	ITPR1	Origma_solitaria|GCA_013397895.1|ITPR1.0	Origma_solitaria|GCA_013397895.1|ITPR1.0	VZRL01005794.1	229952	437130	9	ARL8BA;CNTN4;CRBN;EDEM1;IL5RA;LRRN1;SETMAR;SUMF1;TRNT1
GCA_013397895.1	Origma solitaria	Aves	Passeriformes	non_actinopterygian	ITPR2	Origma_solitaria|GCA_013397895.1|ITPR2.0	Origma_solitaria|GCA_013397895.1|ITPR2.0	VZRL01002161.1	388382	606519	9	CYB5R3;ENDOUA;FGFR1OP2;INTS13;PPFIBP1;REP15;SSPN;STK38L;TM7SF3
GCA_013397895.1	Origma solitaria	Aves	Passeriformes	non_actinopterygian	ITPR3	Origma_solitaria|GCA_013397895.1|ITPR3.0	Origma_solitaria|GCA_013397895.1|ITPR3.0	VZRL01001132.1	236819	265230	6	APOBEC2;BAK1;CD300LD;NFYA;OARD1;TREM2
GCA_013397895.1	Origma solitaria	Aves	Passeriformes	non_actinopterygian	RYR	Origma_solitaria|GCA_013397895.1|RYR.1	Origma_solitaria|GCA_013397895.1|RYR.1	VZRL01002523.1	468171	658861	11	ARHGAP11A;AVEN;CHRM5;EMC7;FGL1L;GREM1;KATNBL1;LD;RASGRP1;SCG5;SPRED1
GCA_013397895.1	Origma solitaria	Aves	Passeriformes	non_actinopterygian	RYR	Origma_solitaria|GCA_013397895.1|RYR.0	Origma_solitaria|GCA_013397895.1|RYR.0	VZRL01003992.1	573360	943975	7	ACTN2;EDARADD;ERO1B;GPR137B;HEATR1;LYST;NID1
GCA_013397955.1	Grantiella picta	Aves	Passeriformes	non_actinopterygian	ITPR1	Grantiella_picta|GCA_013397955.1|ITPR1.0	Grantiella_picta|GCA_013397955.1|ITPR1.0	VZRM01002778.1	346574	494715	10	ARL8BA;BHLHE40;CNTN4;CRBN;EDEM1;IL5RA;LRRN1;SETMAR;SUMF1;TRNT1
GCA_013397955.1	Grantiella picta	Aves	Passeriformes	non_actinopterygian	ITPR2	Grantiella_picta|GCA_013397955.1|ITPR2.0	Grantiella_picta|GCA_013397955.1|ITPR2.0	VZRM01003629.1	237073	476309	11	BHLHE41;ETFRF1;FGFR1OP2;GYS2;INTS13;KRAS;MED21;SPX;SSPN;STK38L;TM7SF3
GCA_013397955.1	Grantiella picta	Aves	Passeriformes	non_actinopterygian	RYR	Grantiella_picta|GCA_013397955.1|RYR.0	Grantiella_picta|GCA_013397955.1|RYR.0	VZRM01002603.1	1392669	1765554	6	CHRM3;FMN2;GREM2;OPN3;PIGM;RGS7
GCA_013397955.1	Grantiella picta	Aves	Passeriformes	non_actinopterygian	RYR	Grantiella_picta|GCA_013397955.1|RYR.1	Grantiella_picta|GCA_013397955.1|RYR.1	VZRM01007608.1	60189	246791	6	AVEN;CHRM5;EMC7;FGL1L;FMN1;KATNBL1
GCA_013398125.1	Aegotheles bennettii	Aves	Caprimulgiformes	non_actinopterygian	ITPR1	Aegotheles_bennettii|GCA_013398125.1|ITPR1.0	Aegotheles_bennettii|GCA_013398125.1|ITPR1.0	VZRW01010862.1	518735	677741	7	CNTN4;CRBN;IL5RA;LRRN1;SETMAR;SUMF1;TRNT1
GCA_013398125.1	Aegotheles bennettii	Aves	Caprimulgiformes	non_actinopterygian	ITPR3	Aegotheles_bennettii|GCA_013398125.1|ITPR3.0	Aegotheles_bennettii|GCA_013398125.1|ITPR3.0	VZRW01011544.1	62	33975	9	APOBEC2;BAK1;CD300LD;FOXP4;MDFI;NFYA;OARD1;TFEB;TREM2
GCA_013398175.1	Climacteris rufus	Aves	Passeriformes	non_actinopterygian	ITPR1	Climacteris_rufus|GCA_013398175.1|ITPR1.0	Climacteris_rufus|GCA_013398175.1|ITPR1.0	VZRZ01002771.1	821575	977803	9	ARL8BA;BHLHE40;CNTN4;CRBN;IL5RA;LRRN1;SETMAR;SUMF1;TRNT1
GCA_013398175.1	Climacteris rufus	Aves	Passeriformes	non_actinopterygian	ITPR2	Climacteris_rufus|GCA_013398175.1|ITPR2.0	Climacteris_rufus|GCA_013398175.1|ITPR2.0	VZRZ01004463.1	409686	656819	9	CYB5R3;ENDOUA;FGFR1OP2;INTS13;MED21;PPFIBP1;SSPN;STK38L;TM7SF3
GCA_013398175.1	Climacteris rufus	Aves	Passeriformes	non_actinopterygian	ITPR3	Climacteris_rufus|GCA_013398175.1|ITPR3.0	Climacteris_rufus|GCA_013398175.1|ITPR3.0	VZRZ01005358.1	42484	82154	7	BAK1;GRM4;HMGA1;IP6K3;LEMD2;MLN;PRA1
GCA_013398175.1	Climacteris rufus	Aves	Passeriformes	non_actinopterygian	RYR	Climacteris_rufus|GCA_013398175.1|RYR.1	Climacteris_rufus|GCA_013398175.1|RYR.1	VZRZ01002579.1	769125	979284	15	ARHGAP11A;AVEN;CHRM5;EIF2AK4;EMC7;FAM98B;FGL1L;FSIP1;GPR176;GREM1;KATNBL1;LD;RASGRP1;SCG5;THBS1
GCA_013398455.1	Loxia curvirostra	Aves	Passeriformes	non_actinopterygian	ITPR1	Loxia_curvirostra|GCA_013398455.1|ITPR1.0	Loxia_curvirostra|GCA_013398455.1|ITPR1.0	VZSM01004910.1	1210115	1402937	13	ARL8BA;BHLHE40;CAV3;CRBN;EDEM1;IL5RA;LMCD1;LRRN1;RAD18;SETMAR;SRGAP3;SUMF1;TRNT1
GCA_013398455.1	Loxia curvirostra	Aves	Passeriformes	non_actinopterygian	ITPR2	Loxia_curvirostra|GCA_013398455.1|ITPR2.0	Loxia_curvirostra|GCA_013398455.1|ITPR2.0	VZSM01004385.1	562622	802507	10	ARFGAP3;BHLHE41;ETFRF1;FGFR1OP2;INTS13;KRAS;MED21;SSPN;STK38L;TM7SF3
GCA_013398455.1	Loxia curvirostra	Aves	Passeriformes	non_actinopterygian	ITPR3	Loxia_curvirostra|GCA_013398455.1|ITPR3.0	Loxia_curvirostra|GCA_013398455.1|ITPR3.0	VZSM01006023.1	1096375	1135930	19	APOBEC2;BAK1;FOXP4;GRM4;HMGA1;IP6K3;LEMD2;MDFI;MLN;NFYA;NUDT3;OARD1;PACSIN1;PRA1;RPS10;SPDEF;TFEB;TREM2;TREML4
GCA_013398455.1	Loxia curvirostra	Aves	Passeriformes	non_actinopterygian	RYR	Loxia_curvirostra|GCA_013398455.1|RYR.1	Loxia_curvirostra|GCA_013398455.1|RYR.1	VZSM01002731.1	5502326	5695489	16	ARHGAP11A;AVEN;CHRM5;EIF2AK4;EMC7;FGL1L;FSIP1;GPR176;GREM1;KATNBL1;LD;RASGRP1;SCG5;SPRED1;SRP14;THBS1
GCA_013398455.1	Loxia curvirostra	Aves	Passeriformes	non_actinopterygian	RYR	Loxia_curvirostra|GCA_013398455.1|RYR.0	Loxia_curvirostra|GCA_013398455.1|RYR.0	VZSM01006932.1	2392609	2761404	17	ACTN2;CHRM3;EDARADD;ERO1B;EXO1;FMN2;GNG4;GPR137B;GREM2;HEATR1;LGALS8;LYST;MAP1LC3C;NID1;OPN3;PIGM;RGS7
GCA_013398575.1	Certhia familiaris	Aves	Passeriformes	non_actinopterygian	RYR	Certhia_familiaris|GCA_013398575.1|RYR.0	Certhia_familiaris|GCA_013398575.1|RYR.0	WBNC01000059.1	569150	939120	18	ACTN2;CHRM3;EDARADD;ERO1B;EXO1;FMN2;GNG4;GPR137B;GREM2;HEATR1;LGALS8;LYST;MAP1LC3C;MTR;NID1;OPN3;PIGM;RGS7
GCA_013398575.1	Certhia familiaris	Aves	Passeriformes	non_actinopterygian	RYR	Certhia_familiaris|GCA_013398575.1|RYR.1	Certhia_familiaris|GCA_013398575.1|RYR.1	WBNC01000130.1	524004	713634	11	ARHGAP11B;AVEN;CHRM5;EMC7;FAM98B;FGL1L;GREM1;KATNBL1;RASGRP1;SCG5;SPRED1
GCA_013398615.1	Brachypodius melanocephalos	Aves	Passeriformes	non_actinopterygian	ITPR1	Brachypodius_melanocephalos|GCA_013398615.1|ITPR1.0	Brachypodius_melanocephalos|GCA_013398615.1|ITPR1.0	VZSR01001459.1	10232712	10378678	14	ARL8BA;BHLHE40;CAV3;CNTN4;CRBN;EDEM1;IL5RA;LRRN1;RAD18;SETMAR;SRGAP3;SUMF1;THUMPD3;TRNT1
GCA_013398615.1	Brachypodius melanocephalos	Aves	Passeriformes	non_actinopterygian	ITPR2	Brachypodius_melanocephalos|GCA_013398615.1|ITPR2.0	Brachypodius_melanocephalos|GCA_013398615.1|ITPR2.0	VZSR01002340.1	8119033	8359258	17	A4GALT;ARFGAP3;BHLHE41;CL004;CYB5R3;DYRK4;ETFRF1;FGF6;FGFR1OP2;INTS13;KRAS;MED21;PPFIBP1;RAD51AP1;REP15;SSPN;TM7SF3
GCA_013398615.1	Brachypodius melanocephalos	Aves	Passeriformes	non_actinopterygian	ITPR3	Brachypodius_melanocephalos|GCA_013398615.1|ITPR3.0	Brachypodius_melanocephalos|GCA_013398615.1|ITPR3.0	VZSR01002526.1	2552752	2589225	17	APOBEC2;BAK1;IP6K3;LEMD2;MLN;NFYA;NUDT3;OARD1;PACSIN1;PGA18;PGC;PRA1;RPS10;TFEB;TREM2;TREML4;UQCC2
GCA_013398615.1	Brachypodius melanocephalos	Aves	Passeriformes	non_actinopterygian	RYR	Brachypodius_melanocephalos|GCA_013398615.1|RYR.1	Brachypodius_melanocephalos|GCA_013398615.1|RYR.1	VZSR01000520.1	18929082	19118951	18	ARHGAP11A;AVEN;CHRM5;DPH6;EIF2AK4;EMC7;FAM98B;FGL1L;FSIP1;GPR176;GREM1;KATNBL1;LD;RASGRP1;SCG5;SPRED1;SRP14;THBS1
GCA_013398615.1	Brachypodius melanocephalos	Aves	Passeriformes	non_actinopterygian	RYR	Brachypodius_melanocephalos|GCA_013398615.1|RYR.0	Brachypodius_melanocephalos|GCA_013398615.1|RYR.0	VZSR01003807.1	4412913	4791937	16	ACTN2;CHRM3;EDARADD;ERO1B;EXO1;FMN2;GNG4;GPR137B;GREM2;HEATR1;LGALS8;LYST;NID1;OPN3;PIGM;RGS7
GCA_013398795.1	Elachura formosa	Aves	Passeriformes	non_actinopterygian	ITPR1	Elachura_formosa|GCA_013398795.1|ITPR1.0	Elachura_formosa|GCA_013398795.1|ITPR1.0	WBNG01000009.1	5257043	5405887	9	ARL8B;CNTN4;CRBN;EDEM1;IL5RA;LRRN1;SETMAR;SUMF1;TRNT1
GCA_013398795.1	Elachura formosa	Aves	Passeriformes	non_actinopterygian	ITPR2	Elachura_formosa|GCA_013398795.1|ITPR2.0	Elachura_formosa|GCA_013398795.1|ITPR2.0	WBNG01000249.1	103434	351395	13	ARFGAP3;BHLHE41;CL004;DYRK4;ETFRF1;FGF23;FGF6;FGFR1OP2;INTS13;KRAS;MED21;RAD51AP1;TM7SF3
GCA_013398795.1	Elachura formosa	Aves	Passeriformes	non_actinopterygian	RYR	Elachura_formosa|GCA_013398795.1|RYR.0	Elachura_formosa|GCA_013398795.1|RYR.0	WBNG01000058.1	2626492	3006297	13	ACTN2;CHRM3;EDARADD;EXO1;FMN2;GREM2;HEATR1;LGALS8;MAP1LC3C;MTR;OPN3;PIGM;RGS7
GCA_013398795.1	Elachura formosa	Aves	Passeriformes	non_actinopterygian	RYR	Elachura_formosa|GCA_013398795.1|RYR.1	Elachura_formosa|GCA_013398795.1|RYR.1	WBNG01000069.1	2325252	2516903	12	ARHGAP11A;AVEN;CHRM5;FAM98B;GREM1;KATNBL1;LD;ODF3;RASGRP1;SCG5;SPRED1;THBS1
GCA_013398835.1	Emberiza fucata	Aves	Passeriformes	non_actinopterygian	ITPR2	Emberiza_fucata|GCA_013398835.1|ITPR2.0	Emberiza_fucata|GCA_013398835.1|ITPR2.0	VYZJ01000507.1	235276	475527	5	FGFR1OP2;INTS13;MED21;SSPN;TM7SF3
GCA_013398835.1	Emberiza fucata	Aves	Passeriformes	non_actinopterygian	RYR	Emberiza_fucata|GCA_013398835.1|RYR.0	Emberiza_fucata|GCA_013398835.1|RYR.0	VYZJ01000130.1	910050	1289332	10	ACTN2;EDARADD;ERO1B;GNG4;GPR137B;HEATR1;LGALS8;LYST;MTR;NID1
GCA_013398835.1	Emberiza fucata	Aves	Passeriformes	non_actinopterygian	RYR	Emberiza_fucata|GCA_013398835.1|RYR.1	Emberiza_fucata|GCA_013398835.1|RYR.1	VYZJ01000340.1	650006	783095	6	CHRM5;FGL1L;FSIP1;GPR176;KATNBL1;THBS1
GCA_013398975.1	Catharus fuscescens	Aves	Passeriformes	non_actinopterygian	RYR	Catharus_fuscescens|GCA_013398975.1|RYR.1	Catharus_fuscescens|GCA_013398975.1|RYR.1	VWYD01065695.1	559436	755825	11	AVEN;CHRM5;EMC7;FAM98B;FGL1L;GREM1;KATNBL1;LD;RASGRP1;SCG5;THBS1
GCA_013399075.1	Chloroceryle aenea	Aves	Coraciiformes	non_actinopterygian	ITPR3	Chloroceryle_aenea|GCA_013399075.1|ITPR3.0	Chloroceryle_aenea|GCA_013399075.1|ITPR3.0	VWZY01000040.1	258710	339501	7	APOBEC2;BAK1;GRM4;NFYA;OARD1;PRA1;TREM2
GCA_013399305.1	Rostratula benghalensis	Aves	Charadriiformes	non_actinopterygian	ITPR1	Rostratula_benghalensis|GCA_013399305.1|ITPR1.0	Rostratula_benghalensis|GCA_013399305.1|ITPR1.0	VXAI01000036.1	5697540	5874783	9	ARL8B;BHLHE40;CNTN4;CRBN;IL5RA;LRRN1;SETMAR;SUMF1;TRNT1
GCA_013399305.1	Rostratula benghalensis	Aves	Charadriiformes	non_actinopterygian	ITPR2	Rostratula_benghalensis|GCA_013399305.1|ITPR2.0	Rostratula_benghalensis|GCA_013399305.1|ITPR2.0	VXAI01000006.1	11343912	11608406	14	BHLHE41;CASC1;CYB5R3;ETFRF1;FGFR1OP2;GYS2;INTS13;KRAS;MED21;PPFIBP1;SPX;SSPN;STK38L;TM7SF3
GCA_013399305.1	Rostratula benghalensis	Aves	Charadriiformes	non_actinopterygian	RYR	Rostratula_benghalensis|GCA_013399305.1|RYR.0	Rostratula_benghalensis|GCA_013399305.1|RYR.0	VXAI01000004.1	229833	617047	9	ACTN2;B3GALNT2;EDARADD;ERO1B;GNG4;GPR137B;HEATR1;LYST;NID1
GCA_013399305.1	Rostratula benghalensis	Aves	Charadriiformes	non_actinopterygian	RYR	Rostratula_benghalensis|GCA_013399305.1|RYR.1	Rostratula_benghalensis|GCA_013399305.1|RYR.1	VXAI01000009.1	8100978	8317864	17	ARHGAP11A;AVEN;CHRM5;DPH6;EIF2AK4;EMC7;FAM98B;FSIP1;GPR176;GREM1;KATNBL1;LD;RASGRP1;SCG5;SPRED1;SRP14;THBS1
GCA_013399395.1	Nyctiprogne leucopyga	Aves	Caprimulgiformes	non_actinopterygian	ITPR1	Nyctiprogne_leucopyga|GCA_013399395.1|ITPR1.0	Nyctiprogne_leucopyga|GCA_013399395.1|ITPR1.0	VZZU01000042.1	509754	681771	5	BHLHE40;EDEM1;LRRN1;SETMAR;SUMF1
GCA_013399395.1	Nyctiprogne leucopyga	Aves	Caprimulgiformes	non_actinopterygian	ITPR3	Nyctiprogne_leucopyga|GCA_013399395.1|ITPR3.0	Nyctiprogne_leucopyga|GCA_013399395.1|ITPR3.0	VZZU01001619.1	130212	174732	7	APOBEC2;BAK1;NFYA;OARD1;TREM2;TREML1;UQCC2
GCA_013399455.1	Anthoscopus minutus	Aves	Passeriformes	non_actinopterygian	ITPR1	Anthoscopus_minutus|GCA_013399455.1|ITPR1.0	Anthoscopus_minutus|GCA_013399455.1|ITPR1.0	VWYI01047507.1	143620	295325	9	BHLHE40;CAV3;EDEM1;LMCD1;LRRN1;RAD18;SETMAR;SRGAP3;SUMF1
GCA_013399495.1	Corythaixoides concolor	Aves	Musophagiformes	non_actinopterygian	ITPR2	Corythaixoides_concolor|GCA_013399495.1|ITPR2.0	Corythaixoides_concolor|GCA_013399495.1|ITPR2.0	VXAM01000304.1	434291	734122	13	ARNTL2;BHLHE41;CYB5R3;ETFRF1;FGFR1OP2;GYS2;INTS13;KRAS;LDHB;PPFIBP1;SPX;SSPN;TM7SF3
GCA_013399495.1	Corythaixoides concolor	Aves	Musophagiformes	non_actinopterygian	ITPR3	Corythaixoides_concolor|GCA_013399495.1|ITPR3.0	Corythaixoides_concolor|GCA_013399495.1|ITPR3.0	VXAM01000033.1	368612	412129	14	APOBEC2;BAK1;FOXP4;GRM4;HMGA1;IP6K3;LEMD2;MDFI;MLN;NFYA;OARD1;RPS10;TFEB;TREM2
GCA_013399565.1	Podilymbus podiceps	Aves	Podicipediformes	non_actinopterygian	ITPR1	Podilymbus_podiceps|GCA_013399565.1|ITPR1.0	Podilymbus_podiceps|GCA_013399565.1|ITPR1.0	VXAO01000176.1	1065495	1237751	7	CNTN4;CRBN;IL5RA;LRRN1;SETMAR;SUMF1;TRNT1
GCA_013399565.1	Podilymbus podiceps	Aves	Podicipediformes	non_actinopterygian	ITPR3	Podilymbus_podiceps|GCA_013399565.1|ITPR3.0	Podilymbus_podiceps|GCA_013399565.1|ITPR3.0	VXAO01000163.1	435533	548892	14	BAK1;CD300LD;FOXP4;GRM4;HMGA1;MDFI;NFYA;NUDT3;OARD1;PACSIN1;SNRPC;SPDEF;TFEB;TREM2
GCA_013399565.1	Podilymbus podiceps	Aves	Podicipediformes	non_actinopterygian	RYR	Podilymbus_podiceps|GCA_013399565.1|RYR.0	Podilymbus_podiceps|GCA_013399565.1|RYR.0	VXAO01000097.1	961397	1389636	9	ACTN2;B3GALNT2;EDARADD;ERO1B;GNG4;GPR137B;HEATR1;LGALS8;LYST
GCA_013399565.1	Podilymbus podiceps	Aves	Podicipediformes	non_actinopterygian	RYR	Podilymbus_podiceps|GCA_013399565.1|RYR.1	Podilymbus_podiceps|GCA_013399565.1|RYR.1	VXAO01000161.1	281873	529214	11	AVEN;CHRM5;EIF2AK4;EMC7;FSIP1;GPR176;GREM1;KATNBL1;LD;SRP14;THBS1
GCA_013399735.1	Tyrannus savana	Aves	Passeriformes	non_actinopterygian	ITPR1	Tyrannus_savana|GCA_013399735.1|ITPR1.0	Tyrannus_savana|GCA_013399735.1|ITPR1.0	VXAW01003770.1	651721	808483	12	ARL8BA;BHLHE40;CAV3;CNTN4;CRBN;EDEM1;IL5RA;LMCD1;LRRN1;SETMAR;SUMF1;TRNT1
GCA_013399735.1	Tyrannus savana	Aves	Passeriformes	non_actinopterygian	ITPR3	Tyrannus_savana|GCA_013399735.1|ITPR3.0	Tyrannus_savana|GCA_013399735.1|ITPR3.0	VXAW01010101.1	229002	338277	11	APOBEC2;BAK1;FOXP4;GRM4;HMGA1;NFYA;NUDT3;OARD1;RPS10;TREM2;TREML2
GCA_013399735.1	Tyrannus savana	Aves	Passeriformes	non_actinopterygian	RYR	Tyrannus_savana|GCA_013399735.1|RYR.1	Tyrannus_savana|GCA_013399735.1|RYR.1	VXAW01003324.1	332648	547640	12	ARHGAP11A;AVEN;CHRM5;EMC7;FAM98B;FGL1L;GREM1;KATNBL1;LD;RASGRP1;SCG5;SPRED1
GCA_013399795.1	Zosterops hypoxanthus	Aves	Passeriformes	non_actinopterygian	ITPR2	Zosterops_hypoxanthus|GCA_013399795.1|ITPR2.0	Zosterops_hypoxanthus|GCA_013399795.1|ITPR2.0	VWYL01018137.1	130450	398472	6	BHLHE41;FGFR1OP2;INTS13;MED21;SSPN;STK38L
GCA_013399855.1	Oxyruncus cristatus	Aves	Passeriformes	non_actinopterygian	ITPR1	Oxyruncus_cristatus|GCA_013399855.1|ITPR1.0	Oxyruncus_cristatus|GCA_013399855.1|ITPR1.0	VXAY01004762.1	2375397	2529988	14	BHLHE40;CAV3;CHL1;CNTN4;EDEM1;IL5RA;LMCD1;LRRN1;MTR;RAD18;SETMAR;SRGAP3;SUMF1;TRNT1
GCA_013399855.1	Oxyruncus cristatus	Aves	Passeriformes	non_actinopterygian	ITPR2	Oxyruncus_cristatus|GCA_013399855.1|ITPR2.0	Oxyruncus_cristatus|GCA_013399855.1|ITPR2.0	VXAY01004465.1	75393	311101	11	BHLHE41;ETFRF1;FGFR1OP2;GYS2;INTS13;KCNJ8;KRAS;LDHB;RASSF8;SSPN;TM7SF3
GCA_013399855.1	Oxyruncus cristatus	Aves	Passeriformes	non_actinopterygian	ITPR3	Oxyruncus_cristatus|GCA_013399855.1|ITPR3.0	Oxyruncus_cristatus|GCA_013399855.1|ITPR3.0	VXAY01006930.1	717935	755531	19	APOBEC2;BAK1;FOXP4;GRM4;HMGA1;IP6K3;LEMD2;MDFI;MLN;NFYA;NUDT3;OARD1;PRA1;RPS10;SMIM29;TFEB;TREM2;TREML2;UQCC2
GCA_013399855.1	Oxyruncus cristatus	Aves	Passeriformes	non_actinopterygian	RYR	Oxyruncus_cristatus|GCA_013399855.1|RYR.1	Oxyruncus_cristatus|GCA_013399855.1|RYR.1	VXAY01001352.1	293252	512248	7	AVEN;CHRM5;EMC7;GREM1;KATNBL1;LD;SCG5
GCA_013399895.1	Serilophus lunatus	Aves	Passeriformes	non_actinopterygian	ITPR2	Serilophus_lunatus|GCA_013399895.1|ITPR2.0	Serilophus_lunatus|GCA_013399895.1|ITPR2.0	VXBA01005702.1	411321	635807	13	BHLHE41;CYB5R3;ENDOUA;ETFRF1;FGFR1OP2;INTS13;KRAS;MED21;PPFIBP1;RASSF8;REP15;SSPN;TM7SF3
GCA_013399895.1	Serilophus lunatus	Aves	Passeriformes	non_actinopterygian	ITPR3	Serilophus_lunatus|GCA_013399895.1|ITPR3.0	Serilophus_lunatus|GCA_013399895.1|ITPR3.0	VXBA01002447.1	184804	284099	12	APOBEC2;BAK1;GRM4;HMGA1;NFYA;NUDT3;OARD1;PACSIN1;RPS10;SMIM29;SNRPC;SPDEF
GCA_013399895.1	Serilophus lunatus	Aves	Passeriformes	non_actinopterygian	RYR	Serilophus_lunatus|GCA_013399895.1|RYR.0	Serilophus_lunatus|GCA_013399895.1|RYR.0	VXBA01001840.1	56628	433628	9	ACTN2;EDARADD;ERO1B;GNG4;GPR137B;HEATR1;LGALS8;LYST;NID1
GCA_013399895.1	Serilophus lunatus	Aves	Passeriformes	non_actinopterygian	RYR	Serilophus_lunatus|GCA_013399895.1|RYR.1	Serilophus_lunatus|GCA_013399895.1|RYR.1	VXBA01005560.1	402796	613975	12	ARHGAP11A;AVEN;CHRM5;EMC7;FAM98B;FGL1L;GREM1;KATNBL1;LD;RASGRP1;SCG5;SPRED1
GCA_013400075.1	Hippolais icterina	Aves	Passeriformes	non_actinopterygian	ITPR2	Hippolais_icterina|GCA_013400075.1|ITPR2.0	Hippolais_icterina|GCA_013400075.1|ITPR2.0	VWYN01013987.1	375873	594494	6	BHLHE41;FGFR1OP2;INTS13;RASSF8;SSPN;TM7SF3
GCA_013400195.1	Aramus guarauna	Aves	Gruiformes	non_actinopterygian	ITPR1	Aramus_guarauna|GCA_013400195.1|ITPR1.0	Aramus_guarauna|GCA_013400195.1|ITPR1.0	VXBL01002157.1	1575190	1746624	15	ARL8BA;BHLHE40;CAV3;CNTN4;CRBN;IL5RA;LMCD1;LRRN1;OXTR;RAD18;SETMAR;SRGAP3;SSUH2;SUMF1;TRNT1
GCA_013400195.1	Aramus guarauna	Aves	Gruiformes	non_actinopterygian	ITPR2	Aramus_guarauna|GCA_013400195.1|ITPR2.0	Aramus_guarauna|GCA_013400195.1|ITPR2.0	VXBL01000728.1	232459	493506	10	BHLHE41;CASC1;ETFRF1;FGFR1OP2;INTS13;KRAS;MED21;RASSF8;SSPN;TM7SF3
GCA_013400195.1	Aramus guarauna	Aves	Gruiformes	non_actinopterygian	ITPR3	Aramus_guarauna|GCA_013400195.1|ITPR3.0	Aramus_guarauna|GCA_013400195.1|ITPR3.0	VXBL01003098.1	326541	371899	16	APOBEC2;BAK1;FOXP4;GRM4;IP6K3;LEMD2;MLN;NFYA;NUDT3;OARD1;PACSIN1;PRA1;RPS10;SNRPC;TREM1;TREM2
GCA_013400195.1	Aramus guarauna	Aves	Gruiformes	non_actinopterygian	RYR	Aramus_guarauna|GCA_013400195.1|RYR.1	Aramus_guarauna|GCA_013400195.1|RYR.1	VXBL01009441.1	447354	685554	11	ARHGAP11A;AVEN;CHRM5;EMC7;FAM98B;GREM1;KATNBL1;LD;RASGRP1;SCG5;SPRED1
GCA_013400215.1	Cisticola juncidis	Aves	Passeriformes	non_actinopterygian	ITPR1	Cisticola_juncidis|GCA_013400215.1|ITPR1.0	Cisticola_juncidis|GCA_013400215.1|ITPR1.0	VXBR01003613.1	1069633	1215817	8	ARL8B;BHLHE40;CNTN4;CRBN;EDEM1;LRRN1;SUMF1;TRNT1
GCA_013400215.1	Cisticola juncidis	Aves	Passeriformes	non_actinopterygian	ITPR2	Cisticola_juncidis|GCA_013400215.1|ITPR2.0	Cisticola_juncidis|GCA_013400215.1|ITPR2.0	VXBR01000324.1	451987	664734	9	BHLHE41;ETFRF1;FGFR1OP2;INTS13;KRAS;MED21;RASSF8;SSPN;TM7SF3
GCA_013400215.1	Cisticola juncidis	Aves	Passeriformes	non_actinopterygian	ITPR3	Cisticola_juncidis|GCA_013400215.1|ITPR3.0	Cisticola_juncidis|GCA_013400215.1|ITPR3.0	VXBR01010904.1	32883	72262	5	BAK1;IP6K3;LEMD2;MLN;PRA1
GCA_013400215.1	Cisticola juncidis	Aves	Passeriformes	non_actinopterygian	RYR	Cisticola_juncidis|GCA_013400215.1|RYR.1	Cisticola_juncidis|GCA_013400215.1|RYR.1	VXBR01005532.1	2477378	2666572	16	ARHGAP11A;AVEN;CHRM5;EIF2AK4;EMC7;FAM98B;FGL1L;FSIP1;GPR176;GREM1;KATNBL1;RASGRP1;SCG5;SPRED1;SRP14;THBS1
GCA_013400215.1	Cisticola juncidis	Aves	Passeriformes	non_actinopterygian	RYR	Cisticola_juncidis|GCA_013400215.1|RYR.0	Cisticola_juncidis|GCA_013400215.1|RYR.0	VXBR01009377.1	36364	405242	9	ACTN2;EDARADD;ERO1B;GNG4;GPR137B;HEATR1;LGALS8;LYST;NID1
GCA_013400415.1	Scytalopus superciliaris	Aves	Passeriformes	non_actinopterygian	ITPR1	Scytalopus_superciliaris|GCA_013400415.1|ITPR1.0	Scytalopus_superciliaris|GCA_013400415.1|ITPR1.0	VXBX01005888.1	25951	155460	7	CNTN4;CRBN;IL5RA;LRRN1;SETMAR;SUMF1;TRNT1
GCA_013400415.1	Scytalopus superciliaris	Aves	Passeriformes	non_actinopterygian	ITPR3	Scytalopus_superciliaris|GCA_013400415.1|ITPR3.0	Scytalopus_superciliaris|GCA_013400415.1|ITPR3.0	VXBX01001803.1	124156	158478	11	APOBEC2;BAK1;CD300LG;IP6K3;LEMD2;MLN;NFYA;OARD1;PRA1;TREM2;UQCC2
GCA_013400415.1	Scytalopus superciliaris	Aves	Passeriformes	non_actinopterygian	RYR	Scytalopus_superciliaris|GCA_013400415.1|RYR.1	Scytalopus_superciliaris|GCA_013400415.1|RYR.1	VXBX01004616.1	1983150	2199773	10	AVEN;CHRM5;EIF2AK4;EMC7;FSIP1;GPR176;KATNBL1;LD;SRP14;THBS1
GCA_013400415.1	Scytalopus superciliaris	Aves	Passeriformes	non_actinopterygian	RYR	Scytalopus_superciliaris|GCA_013400415.1|RYR.0	Scytalopus_superciliaris|GCA_013400415.1|RYR.0	VXBX01009827.1	154	174938	10	CAPN3;CDAN1;HAUS2;LRRC57;RDS2;SNAP23;STARD9;TTBK2;UBR1;ZNF106
GCA_013400445.1	Leiothrix lutea	Aves	Passeriformes	non_actinopterygian	ITPR2	Leiothrix_lutea|GCA_013400445.1|ITPR2.0	Leiothrix_lutea|GCA_013400445.1|ITPR2.0	VXBY01000177.1	219864	466848	8	ARNTL2;BHLHE41;FGFR1OP2;INTS13;MED21;RASSF8;SSPN;TM7SF3
GCA_013400445.1	Leiothrix lutea	Aves	Passeriformes	non_actinopterygian	ITPR3	Leiothrix_lutea|GCA_013400445.1|ITPR3.0	Leiothrix_lutea|GCA_013400445.1|ITPR3.0	VXBY01000669.1	42710	178492	6	BAK1;GRM4;HMGA1;NUDT3;RPS10;SMIM29
GCA_013400515.1	Erpornis zantholeuca	Aves	Passeriformes	non_actinopterygian	ITPR3	Erpornis_zantholeuca|GCA_013400515.1|ITPR3.0	Erpornis_zantholeuca|GCA_013400515.1|ITPR3.0	VZTN01001861.1	496957	543264	16	APOBEC2;BAK1;GRM4;HMGA1;IP6K3;LEMD2;MLN;NFYA;NUDT3;OARD1;PACSIN1;PRA1;RPS10;SNRPC;TREM2;TREML2
GCA_013400585.1	Chloropsis cyanopogon	Aves	Passeriformes	non_actinopterygian	ITPR1	Chloropsis_cyanopogon|GCA_013400585.1|ITPR1.0	Chloropsis_cyanopogon|GCA_013400585.1|ITPR1.0	WEZZ01015506.1	399273	553190	9	ARL8BA;BHLHE40;CRBN;EDEM1;IL5RA;LRRN1;SETMAR;SUMF1;TRNT1
GCA_013400585.1	Chloropsis cyanopogon	Aves	Passeriformes	non_actinopterygian	ITPR2	Chloropsis_cyanopogon|GCA_013400585.1|ITPR2.0	Chloropsis_cyanopogon|GCA_013400585.1|ITPR2.0	WEZZ01021076.1	268745	484547	6	BHLHE41;FGFR1OP2;INTS13;MED21;SSPN;TM7SF3
GCA_013400815.1	Centropus bengalensis	Aves	Cuculiformes	non_actinopterygian	ITPR1	Centropus_bengalensis|GCA_013400815.1|ITPR1.0	Centropus_bengalensis|GCA_013400815.1|ITPR1.0	WBNK01000178.1	3	77066	8	CHL1;CNTN4;CRBN;IL5RA;LRRN1;SETMAR;SUMF1;TRNT1
GCA_013400815.1	Centropus bengalensis	Aves	Cuculiformes	non_actinopterygian	ITPR3	Centropus_bengalensis|GCA_013400815.1|ITPR3.0	Centropus_bengalensis|GCA_013400815.1|ITPR3.0	WBNK01000718.1	263841	293005	6	GRM4;HMGA1;IP6K3;LEMD2;MLN;PRA1
GCA_013400815.1	Centropus bengalensis	Aves	Cuculiformes	non_actinopterygian	RYR	Centropus_bengalensis|GCA_013400815.1|RYR.1	Centropus_bengalensis|GCA_013400815.1|RYR.1	WBNK01000174.1	122183	311755	10	AVEN;CHRM5;EIF2AK4;EMC7;FSIP1;GPR176;KATNBL1;LD;SRP14;THBS1
GCA_013400915.1	Pardalotus punctatus	Aves	Passeriformes	non_actinopterygian	RYR	Pardalotus_punctatus|GCA_013400915.1|RYR.1	Pardalotus_punctatus|GCA_013400915.1|RYR.1	VZTX01001965.1	1190075	1382051	10	AVEN;CHRM5;EIF2AK4;EMC7;FGL1L;FSIP1;GPR176;KATNBL1;SRP14;THBS1
GCA_013400915.1	Pardalotus punctatus	Aves	Passeriformes	non_actinopterygian	RYR	Pardalotus_punctatus|GCA_013400915.1|RYR.0	Pardalotus_punctatus|GCA_013400915.1|RYR.0	VZTX01026248.1	120870	495416	9	ACTN2;B3GALNT2;EDARADD;ERO1B;GNG4;GPR137B;HEATR1;LYST;NID1
GCA_013401195.1	Pomatorhinus ruficollis	Aves	Passeriformes	non_actinopterygian	ITPR2	Pomatorhinus_ruficollis|GCA_013401195.1|ITPR2.0	Pomatorhinus_ruficollis|GCA_013401195.1|ITPR2.0	VZSW01000361.1	364566	611496	6	BHLHE41;FGFR1OP2;INTS13;MED21;SSPN;TM7SF3
GCA_013401195.1	Pomatorhinus ruficollis	Aves	Passeriformes	non_actinopterygian	RYR	Pomatorhinus_ruficollis|GCA_013401195.1|RYR.1	Pomatorhinus_ruficollis|GCA_013401195.1|RYR.1	VZSW01000030.1	1555614	1746403	18	ARHGAP11A;AVEN;CHRM5;EIF2AK4;EMC7;FAM98B;FGL1L;FSIP1;GPR176;GREM1;KATNBL1;LD;ODF3;RASGRP1;SCG5;SPRED1;SRP14;THBS1
GCA_013401195.1	Pomatorhinus ruficollis	Aves	Passeriformes	non_actinopterygian	RYR	Pomatorhinus_ruficollis|GCA_013401195.1|RYR.0	Pomatorhinus_ruficollis|GCA_013401195.1|RYR.0	VZSW01000052.1	2382872	2770601	9	ACTN2;EDARADD;GNG4;GPR137B;HEATR1;LGALS8;LYST;NID1;TBCE
GCA_013401255.1	Urocolius indicus	Aves	Coliiformes	non_actinopterygian	ITPR1	Urocolius_indicus|GCA_013401255.1|ITPR1.0	Urocolius_indicus|GCA_013401255.1|ITPR1.0	WBNH01003138.1	46855	210180	5	ARL8B;BHLHE40;EDEM1;SETMAR;SUMF1
GCA_013401295.1	Glareola pratincola	Aves	Charadriiformes	non_actinopterygian	RYR	Glareola_pratincola|GCA_013401295.1|RYR.0	Glareola_pratincola|GCA_013401295.1|RYR.0	VWPO01000031.1	677092	1087319	9	ACTN2;EDARADD;ERO1B;GNG4;GPR137B;HEATR1;LGALS8;LYST;NID1
GCA_013401295.1	Glareola pratincola	Aves	Charadriiformes	non_actinopterygian	RYR	Glareola_pratincola|GCA_013401295.1|RYR.1	Glareola_pratincola|GCA_013401295.1|RYR.1	VWPO01000327.1	316909	544173	7	ARHGAP11A;AVEN;CHRM5;EMC7;GREM1;LD;SCG5
GCA_014281875.1	Nibea albiflora	Actinopteri		teleost	ITPR1	Nibea_albiflora|GCA_014281875.1|ITPR1.1	Nibea_albiflora|GCA_014281875.1|ITPR1.1	CM024790.1	3836243	3913687	17	ACAD9;ACAD9.2;ARL6IP5.2;ARO1;COMT;GRM7.10;IQSEC2;LRRN1;LXR1;MBD1;MITF;MST1R;SAND;SAND.2;SETMAR;TRAIP;TRNT1.3
GCA_014281875.1	Nibea albiflora	Actinopteri		teleost	ITPR1	Nibea_albiflora|GCA_014281875.1|ITPR1.0	Nibea_albiflora|GCA_014281875.1|ITPR1.0	CM024790.1	23069459	23127860	19	CREB1.3;DNAJB9.2;ENDOU;ESPL1;ESPL1.2;ESYT1;FAIM2.2;LRRN1.2;METTL7A;NR1D2.2;PFKM;RARB;RBMS2;SNX6.2;SUMF1;TSFM;TSFM.2;TTLL3.2;ZC3H10
GCA_014281875.1	Nibea albiflora	Actinopteri		teleost	ITPR2	Nibea_albiflora|GCA_014281875.1|ITPR2.0	Nibea_albiflora|GCA_014281875.1|ITPR2.0	CM024800.1	12447838	12500306	14	ARNTL2;BANP;BHLHE41;CIB1;EEA1;ENDOUC;GCIP;GDPGP1;NR1H4;PPFIBP1.2;RASSF8;SLC17A8;TTN.14;TVP23A
GCA_014281875.1	Nibea albiflora	Actinopteri		teleost	ITPR3	Nibea_albiflora|GCA_014281875.1|ITPR3.0	Nibea_albiflora|GCA_014281875.1|ITPR3.0	CM024793.1	25693049	25721341	14	ABT1;ARL8A;CRAM.4;EMC3.2;GRM6;HCFC1.2;HCFC1.3;IQSEC2.2;MAP4;MECP2;PLXNA3;RAD51C;SRPK3.3;ST14.3
GCA_014281875.1	Nibea albiflora	Actinopteri		teleost	RYR	Nibea_albiflora|GCA_014281875.1|RYR.1	Nibea_albiflora|GCA_014281875.1|RYR.1	CM024794.1	23955621	24011236	20	CLDN3.4;CLDN4.20;CLDN4.21;CLDN4.23;CYP2A13;CYP2F3;CYP2G1;EXOSC5;GAB2.2;GCGR.2;OPA3;PGR;PPP1R13L;PPP5C;PRCP;RASGRP1.2;SYNDIG1.2;TENM1;THAP5.2;TRPC6
GCA_014281875.1	Nibea albiflora	Actinopteri		teleost	RYR	Nibea_albiflora|GCA_014281875.1|RYR.5	Nibea_albiflora|GCA_014281875.1|RYR.5	CM024797.1	8601923	8657968	14	ACTN2;ANK3.2;BICC1-B;BORA.2;CCDC6;CCSER2;CHRM3;DACH1.2;ECD;FAM13C;FMN2;GRID1;MZT1;SLC16A9
GCA_014281875.1	Nibea albiflora	Actinopteri		teleost	RYR	Nibea_albiflora|GCA_014281875.1|RYR.3	Nibea_albiflora|GCA_014281875.1|RYR.3	CM024799.1	9216983	9320793	18	ACP7;ADGRG2.2;BMF;CHRM5;CYP1B1;CYP1B1.2;DPF3;EIF2AK4;EIF2AK4.2;FMN1;GCHFR;GPX2;GREM1;KATNBL1;MAX;RAB15;RGS6;RHOU
GCA_014281875.1	Nibea albiflora	Actinopteri		teleost	RYR	Nibea_albiflora|GCA_014281875.1|RYR.4	Nibea_albiflora|GCA_014281875.1|RYR.4	CM024802.1	15520434	15617299	14	AK7.2;ARHGAP11B;AVEN;CHRM5.2;EMC7;FNTB;HECA;KATNBL1.2;LAMA2;NMBR;RGS6.2;SCG5;SOX11-A.2;TXLNB.4
GCA_014281875.1	Nibea albiflora	Actinopteri		teleost	RYR	Nibea_albiflora|GCA_014281875.1|RYR.0	Nibea_albiflora|GCA_014281875.1|RYR.0	CM024806.1	1526456	1654991	14	ACBD5;ADO.2;ARID5B.5;CYP26A1;EGR2B.2;EXOC6;HHEX;JMJD1C;NHLRC3;REEP3;SLC1A1.4;TDRKH;TMEM94;TRUB1
GCA_014281875.1	Nibea albiflora	Actinopteri		teleost	RYR	Nibea_albiflora|GCA_014281875.1|RYR.2	Nibea_albiflora|GCA_014281875.1|RYR.2	CM024807.1	19140926	19188436	18	ADGRG2;AMER2;BRD8;CXXC5;DNAJB14;GABRR3;IGSF11;LIPH;NFRKB;NRG2;NRXN2;PCYT1B;PDHA1;PHLDB2;PPP3CA;SMS;TMEM45B.2;ZDHHC2
GCA_014839755.1	Sylvia borin	Aves	Passeriformes	non_actinopterygian	ITPR1	Sylvia_borin|GCA_014839755.1|ITPR1.0	Sylvia_borin|GCA_014839755.1|ITPR1.0	CM025968.1	1262639	1420397	17	ARL8B;BHLHE40;CAV3;CHL1;CNTN3;CRBN;EDEM1;GRM7;IL5RA;LMCD1;LRRN1;OXTR;RAD18;SRGAP3;SUMF1;THUMPD3;TRNT1
GCA_014839755.1	Sylvia borin	Aves	Passeriformes	non_actinopterygian	ITPR2	Sylvia_borin|GCA_014839755.1|ITPR2.0	Sylvia_borin|GCA_014839755.1|ITPR2.0	CM025960.1	9884209	10131388	16	ARFGAP3;BHLHE41;BMAL2;DNAI7;ETFRF1;FGFR1OP2;INTS13;KRAS;MED21;PPFIBP1;RASSF8;REP15;SSPN;STK38L;TM7SF3;WNK1
GCA_014839755.1	Sylvia borin	Aves	Passeriformes	non_actinopterygian	ITPR3	Sylvia_borin|GCA_014839755.1|ITPR3.0	Sylvia_borin|GCA_014839755.1|ITPR3.0	CM025980.1	3602897	3659632	16	APOBEC2;BAK1;FOXP4;GRM4;HMGA1;LEMD2;MDFI;MLN;NFYA;NUDT3;OARD1;PACSIN1;SMIM29;SPDEF;TFEB;TSPO2
GCA_014839755.1	Sylvia borin	Aves	Passeriformes	non_actinopterygian	RYR	Sylvia_borin|GCA_014839755.1|RYR.0	Sylvia_borin|GCA_014839755.1|RYR.0	CM025959.1	44443883	44821709	19	ACTN2;CHRM3;EDARADD;ERO1B;EXO1;FMN2;GNG4;GPR137B;GREM2;HEATR1;LGALS8;LYST;MAP1LC3C;MTR;NID1;OPN3;PIGM;RGS7;WDR64
GCA_014839755.1	Sylvia borin	Aves	Passeriformes	non_actinopterygian	RYR	Sylvia_borin|GCA_014839755.1|RYR.2	Sylvia_borin|GCA_014839755.1|RYR.2	CM025962.1	31504005	31698058	18	ARHGAP11A;AVEN;CDIN1;CHRM5;EIF2AK4;EMC7;FAM98B;FMN1;FSIP1;GPR176;GREM1;KATNBL1;MEIS2;RASGRP1;SCG5;SPRED1;SRP14;THBS1
GCA_014839755.1	Sylvia borin	Aves	Passeriformes	non_actinopterygian	RYR	Sylvia_borin|GCA_014839755.1|RYR.1	Sylvia_borin|GCA_014839755.1|RYR.1	JACEWE010000088.1	45824	111847	7	ACTN4;CKM;EIF3K;ERCC2;PLD3;PPP1R14A;SPINT2
GCA_017639675.1	Aplochiton taeniatus	Actinopteri	Galaxiiformes	teleost	ITPR1	Aplochiton_taeniatus|GCA_017639675.1|ITPR1.0	Aplochiton_taeniatus|GCA_017639675.1|ITPR1.0	CM030173.1	32495697	32548345	10	ATF1;ATF7B;DIP2B;ESYT1B;LRRN1;SCN8A;SLC4A8;SUMF1;TTLL3;ZC3H10
GCA_017639675.1	Aplochiton taeniatus	Actinopteri	Galaxiiformes	teleost	ITPR2	Aplochiton_taeniatus|GCA_017639675.1|ITPR2.0	Aplochiton_taeniatus|GCA_017639675.1|ITPR2.0	CM030181.1	6263778	6306171	18	BANP;BHLHE41;BMAL2;C1QTNF13;CES2B;EEA1;FANCI;FBXO31;KRAS;NR1H4;NUDT4A;PLEKHG7;POLG;PPFIBP1B;RASSF8A;SLC17A8;UBE2N;ZNF469
GCA_017639675.1	Aplochiton taeniatus	Actinopteri	Galaxiiformes	teleost	ITPR3	Aplochiton_taeniatus|GCA_017639675.1|ITPR3.0	Aplochiton_taeniatus|GCA_017639675.1|ITPR3.0	CM030174.1	17796711	17826026	12	CXXC1A;EDEM2;FGD1;GRM6A;HM13;MBD1A;MRGBP;PLXNB3;SNX21;SRPK3;TFE3A;TSR2
GCA_017639675.1	Aplochiton taeniatus	Actinopteri	Galaxiiformes	teleost	RYR	Aplochiton_taeniatus|GCA_017639675.1|RYR.1	Aplochiton_taeniatus|GCA_017639675.1|RYR.1	CM030175.1	4185570	4277957	13	AXL;B3GNT2L;BCKDH;BICR;EXOSC5;HNRNPUL1;NAPA;OPA3;PPP1R13L;PPP5C;RASGRP4;TGFB1A;TMEM91
GCA_017639675.1	Aplochiton taeniatus	Actinopteri	Galaxiiformes	teleost	RYR	Aplochiton_taeniatus|GCA_017639675.1|RYR.4	Aplochiton_taeniatus|GCA_017639675.1|RYR.4	CM030179.1	8706577	8788667	15	ACTC1A;AKR1A1A;AVEN;BCL11B;CCDC85C;CCNK;CHRM5B;DNAJB5;EPG5;ERAP2;FMN1;GREM1A;RGMB;RIOK2;SCG5
GCA_017639675.1	Aplochiton taeniatus	Actinopteri	Galaxiiformes	teleost	RYR	Aplochiton_taeniatus|GCA_017639675.1|RYR.3	Aplochiton_taeniatus|GCA_017639675.1|RYR.3	CM030181.1	4641422	4763407	9	ACP7;GPX2;LIN52;PCGF6;SPINT1A;SRP14;THBS1A;VSX2;XGB
GCA_017639675.1	Aplochiton taeniatus	Actinopteri	Galaxiiformes	teleost	RYR	Aplochiton_taeniatus|GCA_017639675.1|RYR.5	Aplochiton_taeniatus|GCA_017639675.1|RYR.5	CM030184.1	14573839	14652808	8	ACTN2B;CHRNA1;FMN2A;GREM2B;MARCHF4A;PCCA;TMEM41A;VPS8
GCA_017639675.1	Aplochiton taeniatus	Actinopteri	Galaxiiformes	teleost	RYR	Aplochiton_taeniatus|GCA_017639675.1|RYR.0	Aplochiton_taeniatus|GCA_017639675.1|RYR.0	CM030187.1	17498765	17605772	13	ANK3B;ARID5B;CHRM3B;DPYSL4;EBF3A;FH;FMN2B;GLRX3;JAKMIP3;MTR;RGS7B;RHOBTB1;TCERG1L
GCA_017639675.1	Aplochiton taeniatus	Actinopteri	Galaxiiformes	teleost	RYR	Aplochiton_taeniatus|GCA_017639675.1|RYR.2	Aplochiton_taeniatus|GCA_017639675.1|RYR.2	CM030190.1	14433793	14551334	13	ARRB1;ATG16L2;BCAS3;DNER;GRIA4A;IL10R;MRE11A;PDGFD;PID1;RASA2;TMPRSS4A;TRIP12;WDR62
GCA_028571685.1	Heterohyrax brucei	Mammalia	Hyracoidea	non_actinopterygian	ITPR1	Heterohyrax_brucei|GCA_028571685.1|ITPR1.0	Heterohyrax_brucei|GCA_028571685.1|ITPR1.0	CM053158.1	40657535	41036590	19	ARL8B;BHLHE40;CAV3;CHL1;CNTN3;CNTN4;CNTN6;CRBN;EDEM1;GRM7;IL5RA;LMCD1;LRRN1;OXTR;RAD18;SRGAP3;SSUH2;SUMF1;TRNT1
GCA_028571685.1	Heterohyrax brucei	Mammalia	Hyracoidea	non_actinopterygian	ITPR2	Heterohyrax_brucei|GCA_028571685.1|ITPR2.0	Heterohyrax_brucei|GCA_028571685.1|ITPR2.0	CM053142.1	90019631	90563786	19	BCAT1;BHLHE41;BMAL2;DNAI7;ETFRF1;ETNK1;FGFR1OP2;INTS13;IRAG2;KRAS;MED21;MRPS35;PPFIBP1;RASSF8;REP15;SOX5;SSPN;STK38L;TM7SF3
GCA_028571685.1	Heterohyrax brucei	Mammalia	Hyracoidea	non_actinopterygian	ITPR3	Heterohyrax_brucei|GCA_028571685.1|ITPR3.0	Heterohyrax_brucei|GCA_028571685.1|ITPR3.0	CM053144.1	52688271	52927405	18	BAK1;BLTP3A;CUTA;DAXX;GRM4;HMGA1;ILRUN;KIFC1;PACSIN1;PHF1;RPS10;SMIM29;SMIM40;SNRPC;SPDEF;SYNGAP1;ZBTB22;ZBTB9
GCA_028571685.1	Heterohyrax brucei	Mammalia	Hyracoidea	non_actinopterygian	RYR	Heterohyrax_brucei|GCA_028571685.1|RYR.2	Heterohyrax_brucei|GCA_028571685.1|RYR.2	CM053151.1	31701161	32421882	16	ACTC1;AQR;AVEN;CHRM5;DPH6;EMC4;EMC7;FMN1;GJD2;GREM1;KATNBL1;LPCAT4;NOP10;NUTM1;SLC12A6;ZNF770
GCA_028571685.1	Heterohyrax brucei	Mammalia	Hyracoidea	non_actinopterygian	RYR	Heterohyrax_brucei|GCA_028571685.1|RYR.1	Heterohyrax_brucei|GCA_028571685.1|RYR.1	CM053152.1	115304135	115443234	16	ACTN4;CAPN12;CATSPERG;EIF3K;FAM98C;GGN;HNRNPL;KCNK6;LGALS4;LGALS7;MAP4K1;PSMD8;RASGRP4;SPINT2;SPRED3;YIF1B
GCA_028571685.1	Heterohyrax brucei	Mammalia	Hyracoidea	non_actinopterygian	RYR	Heterohyrax_brucei|GCA_028571685.1|RYR.0	Heterohyrax_brucei|GCA_028571685.1|RYR.0	CM053155.1	72769510	73529839	20	ACTN2;CHML;CHRM3;EDARADD;ERO1B;EXO1;FH;GNG4;GPR137B;GREM2;HEATR1;KMO;LGALS8;LYST;MTR;NID1;OPN3;RGS7;WDR64;ZP4
GCA_031835075.1	Saguinus oedipus	Mammalia	Primates	non_actinopterygian	ITPR3	Saguinus_oedipus|GCA_031835075.1|ITPR3.0	Saguinus_oedipus|GCA_031835075.1|ITPR3.0	CM063172.1	43596197	43906199	7	BAK1;GGNBP1;KIFC1;PACSIN1;PHF1;SMIM29;ZBTB9
GCA_031835075.1	Saguinus oedipus	Mammalia	Primates	non_actinopterygian	RYR	Saguinus_oedipus|GCA_031835075.1|RYR.2	Saguinus_oedipus|GCA_031835075.1|RYR.2	CM063176.1	60743023	61311848	6	ACTC1;CHRM5;EMC4;GJD2;GREM1;NUTM1
GCA_031835075.1	Saguinus oedipus	Mammalia	Primates	non_actinopterygian	RYR	Saguinus_oedipus|GCA_031835075.1|RYR.0	Saguinus_oedipus|GCA_031835075.1|RYR.0	CM063188.1	10062847	10841146	5	ACTN2;CHRM3;ERO1B;HEATR1;ZP4
GCA_048569125.1	Diretmus argenteus	Actinopteri	Trachichthyiformes	teleost	ITPR1	Diretmus_argenteus|GCA_048569125.1|ITPR1.0	Diretmus_argenteus|GCA_048569125.1|ITPR1.0	CM109045.1	38677351	38746858	9	ATF1;ATF7B;DIP2B;LARP4A;SCN8A;SLC4A8;SUMF1;TTLL3;ZC3H10
GCA_048569125.1	Diretmus argenteus	Actinopteri	Trachichthyiformes	teleost	ITPR1	Diretmus_argenteus|GCA_048569125.1|ITPR1.1	Diretmus_argenteus|GCA_048569125.1|ITPR1.1	CM109045.1	47617436	47739034	16	ARHGAP46A;ARL6IP5A;AVPR2B;BHLHE40;CDH4;DIDO1;FOXP1B;FRMD4B;ID1;LRRN1;MITF;SETMAR;SULF2A;TAF4A;TRNT1;ZMYND8
GCA_048569125.1	Diretmus argenteus	Actinopteri	Trachichthyiformes	teleost	ITPR2	Diretmus_argenteus|GCA_048569125.1|ITPR2.1	Diretmus_argenteus|GCA_048569125.1|ITPR2.1	CM109053.1	10481772	10537224	18	BANP;BHLHE41;BMAL2;C1QTNF13;EEA1;FANCI;FBXO31;KRAS;NR1H4;NUDT4A;PLEKHG7;POLG;PPFIBP1B;RASSF8A;SLC17A8;SSPN;UBE2N;ZNF469
GCA_048569125.1	Diretmus argenteus	Actinopteri	Trachichthyiformes	teleost	ITPR2	Diretmus_argenteus|GCA_048569125.1|ITPR2.0	Diretmus_argenteus|GCA_048569125.1|ITPR2.0	CM109053.1	10558258	10611018	17	BANP;BHLHE41;BMAL2;C1QTNF13;EEA1;FANCI;FBXO31;KRAS;NR1H4;NUDT4A;PLEKHG7;POLG;RASSF8A;SLC17A8;SSPN;UBE2N;ZNF469
GCA_048569125.1	Diretmus argenteus	Actinopteri	Trachichthyiformes	teleost	ITPR3	Diretmus_argenteus|GCA_048569125.1|ITPR3.0	Diretmus_argenteus|GCA_048569125.1|ITPR3.0	CM109051.1	37125450	37189437	10	BCAP31;EDEM2;GPR37L1B;GRIPAP1;HM13;KCND1;MRGBP;PLXNA3;SLC6A8;SNX21
GCA_048569125.1	Diretmus argenteus	Actinopteri	Trachichthyiformes	teleost	RYR	Diretmus_argenteus|GCA_048569125.1|RYR.1	Diretmus_argenteus|GCA_048569125.1|RYR.1	CM109048.1	2969783	3074466	14	AXL;B3GNT2L;BCKDH;BICR;CYP2Y3;EXOSC5;HNRNPUL1;NAPA;OPA3;PPP1R13L;PPP5C;RASGRP4;TGFB1A;TMEM91
GCA_048569125.1	Diretmus argenteus	Actinopteri	Trachichthyiformes	teleost	RYR	Diretmus_argenteus|GCA_048569125.1|RYR.3	Diretmus_argenteus|GCA_048569125.1|RYR.3	CM109052.1	32838764	32963193	10	ACP7;ACTC1B;ARHGAP11A;BMF1;CHRM5A;EIF2AK4;FSIP1;GCHFR;GREM1B;THBS1A
GCA_048569125.1	Diretmus argenteus	Actinopteri	Trachichthyiformes	teleost	RYR	Diretmus_argenteus|GCA_048569125.1|RYR.2	Diretmus_argenteus|GCA_048569125.1|RYR.2	CM109054.1	35305863	35367890	10	CXXC5A;DNAJC18;GABRR3A;GNG8;NFRK;NRG2A;PHLDB2A;PURA;SMS;TMEM45B
GCA_048569125.1	Diretmus argenteus	Actinopteri	Trachichthyiformes	teleost	RYR	Diretmus_argenteus|GCA_048569125.1|RYR.5	Diretmus_argenteus|GCA_048569125.1|RYR.5	CM109060.1	36716553	36803681	13	ACTN2B;BICC1A;CCSER2A;CHRM3A;DNAJC9;ECD;FAM149B1;FMN2A;NDNFL;P4HA1B;PHYHIPL;RGS7A;SPARCL2
GCA_048569125.1	Diretmus argenteus	Actinopteri	Trachichthyiformes	teleost	RYR	Diretmus_argenteus|GCA_048569125.1|RYR.4	Diretmus_argenteus|GCA_048569125.1|RYR.4	CM109062.1	3720415	3949315	16	ABRACL;ACTC1A;AVEN;CHRM5B;CLU;EMC7B;FAM184A;FMN1;GREM1A;HSDL1;KATNBL1;MAN1A1;REPS1;SCARA3;SCG5;TBC1D32
GCA_048569125.1	Diretmus argenteus	Actinopteri	Trachichthyiformes	teleost	RYR	Diretmus_argenteus|GCA_048569125.1|RYR.0	Diretmus_argenteus|GCA_048569125.1|RYR.0	CM109064.1	12105431	12350957	9	BCCIP;CHRM3B;CTBP2L;FMN2B;KCNC3B;MMP21;MTR;REXO4;UROS
GCA_054099775.1	Steatornis caripensis	Aves	Caprimulgiformes	non_actinopterygian	ITPR1	Steatornis_caripensis|GCA_054099775.1|ITPR1.0	Steatornis_caripensis|GCA_054099775.1|ITPR1.0	CM133975.1	12622083	12792788	17	ARL8B;BHLHE40;CAV3;CHL1;CNTN3;CRBN;EDEM1;GRM7;IL5RA;LMCD1;LRRN1;OXTR;RAD18;SRGAP3;SSUH2;SUMF1;TRNT1
GCA_054099775.1	Steatornis caripensis	Aves	Caprimulgiformes	non_actinopterygian	ITPR2	Steatornis_caripensis|GCA_054099775.1|ITPR2.0	Steatornis_caripensis|GCA_054099775.1|ITPR2.0	CM133965.1	73515385	73778560	19	BHLHE41;BMAL2;CYB5R3;DNAI7;ETFRF1;FGFR1OP2;GYS2;INTS13;IRAG2;KRAS;LMNTD1;MED21;PPFIBP1;RASSF8;REP15;SPX;SSPN;STK38L;TM7SF3
GCA_054099775.1	Steatornis caripensis	Aves	Caprimulgiformes	non_actinopterygian	ITPR3	Steatornis_caripensis|GCA_054099775.1|ITPR3.0	Steatornis_caripensis|GCA_054099775.1|ITPR3.0	CM133992.1	3955617	4096591	18	APOBEC2;BAK1;BLTP3A;FOXP4;GRM4;HMGA1;ILRUN;MDFI;NFYA;NUDT3;OARD1;PACSIN1;SMIM29;SNRPC;SPDEF;TFEB;TREM1;TSPO2
GCA_054099775.1	Steatornis caripensis	Aves	Caprimulgiformes	non_actinopterygian	RYR	Steatornis_caripensis|GCA_054099775.1|RYR.0	Steatornis_caripensis|GCA_054099775.1|RYR.0	CM133967.1	84390222	84825042	19	ACTN2;B3GALNT2;CHRM3;EDARADD;ERO1B;EXO1;GPR137B;GREM2;HEATR1;LGALS8;LYST;MAP1LC3C;MTR;NID1;OPN3;PIGM;PLD5;RGS7;WDR64
GCA_054099775.1	Steatornis caripensis	Aves	Caprimulgiformes	non_actinopterygian	RYR	Steatornis_caripensis|GCA_054099775.1|RYR.1	Steatornis_caripensis|GCA_054099775.1|RYR.1	CM133969.1	45930406	46170232	19	ARHGAP11A;AVEN;CDIN1;CHRM5;DPH6;EIF2AK4;EMC7;FAM98B;FMN1;FSIP1;GPR176;GREM1;KATNBL1;MEIS2;RASGRP1;SCG5;SPRED1;SRP14;THBS1
GCA_056783565.1	Hiodon alosoides	Actinopteri	Hiodontiformes	teleost	ITPR1	Hiodon_alosoides|GCA_056783565.1|ITPR1.0	Hiodon_alosoides|GCA_056783565.1|ITPR1.0	CM165611.1	6599474	6687256	13	ARL8B;AVPR2B;CRBN;EDEM1;EDEM2;GNAT1;GSS;LRRN1;RBM6;SEMA3F;SLA2B;SUMF1;TATDN2
GCA_056783565.1	Hiodon alosoides	Actinopteri	Hiodontiformes	teleost	ITPR1	Hiodon_alosoides|GCA_056783565.1|ITPR1.1	Hiodon_alosoides|GCA_056783565.1|ITPR1.1	CM165617.1	30644946	30721720	11	ARL8B;BHLHE40;CAMKV;EEFSEC;GATA2A;MON1A;MST1R;RPN1;SEMA3F;SETMAR;TRAIP
GCA_056783565.1	Hiodon alosoides	Actinopteri	Hiodontiformes	teleost	ITPR2	Hiodon_alosoides|GCA_056783565.1|ITPR2.1	Hiodon_alosoides|GCA_056783565.1|ITPR2.1	CM165630.1	2313772	2370644	9	ANO6;EEA1;GAS2L3;MRPL42;NR1H4;PLEKHG7;PWP1;SLC17A8;SSPN
GCA_056783565.1	Hiodon alosoides	Actinopteri	Hiodontiformes	teleost	ITPR3	Hiodon_alosoides|GCA_056783565.1|ITPR3.0	Hiodon_alosoides|GCA_056783565.1|ITPR3.0	CM165611.1	4333721	4433253	8	CASP9;DDX20;DNAJC16;FKBP5;FRS3;HIPK1A;HSPG2;TMEM269
GCA_056783565.1	Hiodon alosoides	Actinopteri	Hiodontiformes	teleost	RYR	Hiodon_alosoides|GCA_056783565.1|RYR.1	Hiodon_alosoides|GCA_056783565.1|RYR.1	CM165607.1	15546263	15606233	9	B9D2;BCKDH;CBR1L;NAPA;PPP5C;RASGRP4;RSPH4A;SYMPK;ZBED4L2
GCA_056783565.1	Hiodon alosoides	Actinopteri	Hiodontiformes	teleost	RYR	Hiodon_alosoides|GCA_056783565.1|RYR.0	Hiodon_alosoides|GCA_056783565.1|RYR.0	CM165608.1	45106306	45224891	14	ARG1;CYP26A1;DNAJC9;EXOC6;FH;FMN2B;HEATR1;HHEX;JMJD1C;KIF11;MTR;NUDT13;REEP3B;RGS7B
GCA_056783565.1	Hiodon alosoides	Actinopteri	Hiodontiformes	teleost	RYR	Hiodon_alosoides|GCA_056783565.1|RYR.2	Hiodon_alosoides|GCA_056783565.1|RYR.2	CM165610.1	39327554	39408210	14	ARRB1;ATG16L2;B3GNT2L;BICR;CYP2Y3;EHD2B;EXOSC5;HNRNPUL1;OPA3;PPP1R13L;PSMD8;SPRED3;TMEM91;WDR62
GCA_056783565.1	Hiodon alosoides	Actinopteri	Hiodontiformes	teleost	RYR	Hiodon_alosoides|GCA_056783565.1|RYR.3	Hiodon_alosoides|GCA_056783565.1|RYR.3	CM165622.1	1063264	1177341	11	ACP7;ARHGAP11A;AVEN;CHRM5A;DEGS2;EIF2AK4;FSIP1;GPR176;SCG5;TPP1;YY1A
GCA_951230385.1	Staurois parvus	Amphibia	Anura	non_actinopterygian	ITPR1	Staurois_parvus|GCA_951230385.1|ITPR1.0	Staurois_parvus|GCA_951230385.1|ITPR1.0	CATNWA010014760.1	3	152790	10	SPARVUS_LOCUS8217507;SPARVUS_LOCUS8217508;SPARVUS_LOCUS8217509;SPARVUS_LOCUS8217515;SPARVUS_LOCUS8217516;SPARVUS_LOCUS8217517;SPARVUS_LOCUS8217518;SPARVUS_LOCUS8217519;SPARVUS_LOCUS8217520;SPARVUS_LOCUS8217521
GCA_951230385.1	Staurois parvus	Amphibia	Anura	non_actinopterygian	ITPR3	Staurois_parvus|GCA_951230385.1|ITPR3.0	Staurois_parvus|GCA_951230385.1|ITPR3.0	CATNWA010014490.1	708	288860	6	SPARVUS_LOCUS7433256;SPARVUS_LOCUS7433257;SPARVUS_LOCUS7433258;SPARVUS_LOCUS7433265;SPARVUS_LOCUS7433266;SPARVUS_LOCUS7433267
GCA_951230385.1	Staurois parvus	Amphibia	Anura	non_actinopterygian	RYR	Staurois_parvus|GCA_951230385.1|RYR.0	Staurois_parvus|GCA_951230385.1|RYR.0	CATNWA010007479.1	409228	663351	12	SPARVUS_LOCUS4166513;SPARVUS_LOCUS4166514;SPARVUS_LOCUS4166515;SPARVUS_LOCUS4166516;SPARVUS_LOCUS4166517;SPARVUS_LOCUS4166518;SPARVUS_LOCUS4166519;SPARVUS_LOCUS4166522;SPARVUS_LOCUS4166523;SPARVUS_LOCUS4166524;SPARVUS_LOCUS4166525;SPARVUS_LOCUS4166529
GCF_000001405.40	Homo sapiens	Mammalia	Primates	non_actinopterygian	ITPR1	Homo_sapiens|GCF_000001405.40|ITPR1.0	Homo_sapiens|GCF_000001405.40|ITPR1.0	NC_000003.12	4516483	4846225	19	ARL8B;BHLHE40;CAV3;CHL1;CNTN4;CNTN6;CRBN;EDEM1;GRM7;IL5RA;LMCD1;LRRN1;OXTR;RAD18;SETMAR;SRGAP3;SSUH2;SUMF1;TRNT1
GCF_000001405.40	Homo sapiens	Mammalia	Primates	non_actinopterygian	ITPR2	Homo_sapiens|GCF_000001405.40|ITPR2.0	Homo_sapiens|GCF_000001405.40|ITPR2.0	NC_000012.12	26339397	26832781	19	BCAT1;BHLHE41;BMAL2;C12ORF71;DNAI7;ETFRF1;FGFR1OP2;INTS13;IRAG2;KRAS;LMNTD1;MED21;PPFIBP1;RASSF8;REP15;SMCO2;SSPN;STK38L;TM7SF3
GCF_000001405.40	Homo sapiens	Mammalia	Primates	non_actinopterygian	ITPR3	Homo_sapiens|GCF_000001405.40|ITPR3.0	Homo_sapiens|GCF_000001405.40|ITPR3.0	NC_000006.12	33621603	33695780	19	BAK1;CUTA;DAXX;GRM4;HMGA1;IP6K3;KIFC1;LEMD2;MLN;NUDT3;PHF1;RPS10-NUDT3;SMIM29;SMIM40;SYNGAP1;TAPBP;UQCC2;ZBTB22;ZBTB9
GCF_000001405.40	Homo sapiens	Mammalia	Primates	non_actinopterygian	RYR	Homo_sapiens|GCF_000001405.40|RYR.0	Homo_sapiens|GCF_000001405.40|RYR.0	NC_000001.11	237042522	237832647	20	ACTN2;CHML;CHRM3;EDARADD;ERO1B;FH;FMN2;GPR137B;GREM2;HEATR1;KMO;LGALS8;LYST;MT1HL1;MTR;NID1;OPN3;RGS7;WDR64;ZP4
GCF_000001405.40	Homo sapiens	Mammalia	Primates	non_actinopterygian	RYR	Homo_sapiens|GCF_000001405.40|RYR.2	Homo_sapiens|GCF_000001405.40|RYR.2	NC_000015.10	33311046	33865226	19	ARHGAP11A;ARHGAP11A-SCG5;CHRM5;CHRNA7;EMC4;EMC7;FMN1;GOLGA8A;GOLGA8K;GOLGA8N;GOLGA8O;GREM1;KATNBL1;LPCAT4;NOP10;NUTM1;PGBD4;SCG5;SLC12A6
GCF_000001405.40	Homo sapiens	Mammalia	Primates	non_actinopterygian	RYR	Homo_sapiens|GCF_000001405.40|RYR.1	Homo_sapiens|GCF_000001405.40|RYR.1	NC_000019.10	38433827	38587420	20	ACTN4;C19ORF33;CAPN12;CATSPERG;ECH1;EIF3K;FAM98C;GGN;HNRNPL;KCNK6;LGALS4;LGALS7;LGALS7B;MAP4K1;PSMD8;RASGRP4;RINL;SPINT2;SPRED3;YIF1B
GCF_000001635.27	Mus musculus	Mammalia	Rodentia	non_actinopterygian	ITPR1	Mus_musculus|GCF_000001635.27|ITPR1.0	Mus_musculus|GCF_000001635.27|ITPR1.0	NC_000072.7	108213937	108526800	20	ARL8B;BHLHE40;CAV3;CHL1;CNTN3;CNTN4;CNTN6;CRBN;EDEM1;GM6749;GRM7;IL5RA;LMCD1;LRRN1;OXTR;RAD18;SETMAR;SSU2;SUMF1;TRNT1
GCF_000001635.27	Mus musculus	Mammalia	Rodentia	non_actinopterygian	ITPR2	Mus_musculus|GCF_000001635.27|ITPR2.0	Mus_musculus|GCF_000001635.27|ITPR2.0	NC_000072.7	146013169	146403376	20	1700034J05RIK;BCAT1;BHLHE41;BMAL2;DNAI7;ETFRF1;FGFR1OP2;INTS13;IRAG2;KRAS;LMNTD1;MED21;PPFIBP1;RASSF8;REP15;SMCO2;SSPN;STK38L;TM7SF3;TUBA3B
GCF_000001635.27	Mus musculus	Mammalia	Rodentia	non_actinopterygian	ITPR3	Mus_musculus|GCF_000001635.27|ITPR3.0	Mus_musculus|GCF_000001635.27|ITPR3.0	NC_000083.7	27276557	27464987	20	BAK1;BLTP3A;BNIP1;CREBRF;CUTA;GGNBP1;GRM4;HMGA1;ILRUN;KIFC5B;NKX2-5;NUDT3;PACSIN1;PHF1;RPS10;SMIM29;SNRPC;SPDEF;SYNGAP1;ZBTB9
GCF_000001635.27	Mus musculus	Mammalia	Rodentia	non_actinopterygian	RYR	Mus_musculus|GCF_000001635.27|RYR.2	Mus_musculus|GCF_000001635.27|RYR.2	NC_000068.8	112462468	113047335	20	ACTC1;AQR;ARHGAP11A;AVEN;CHRM5;DPH6;EMC4;EMC7;FMN1;GJD2;GM52523;GREM1;KATNBL1;LPCAT4;NOP10;NUTM1;SCG5;SLC12A6;TMCO5B;ZFP770
GCF_000001635.27	Mus musculus	Mammalia	Rodentia	non_actinopterygian	RYR	Mus_musculus|GCF_000001635.27|RYR.1	Mus_musculus|GCF_000001635.27|RYR.1	NC_000073.7	28702883	28825926	20	2200002D01RIK;ACTN4;CAPN12;CATSPERG1;ECH1;EIF3K;FAM98C;GGN;HNRNPL;KCNK6;LGALS4;LGALS7;MAP4K1;PSMD8;RASGRP4;RINL;SIRT2;SPINT2;SPRED3;YIF1B
GCF_000001635.27	Mus musculus	Mammalia	Rodentia	non_actinopterygian	RYR	Mus_musculus|GCF_000001635.27|RYR.0	Mus_musculus|GCF_000001635.27|RYR.0	NC_000079.7	11569402	12121332	20	ACTN2;ADARB2;CHRM3;DIP2C;EDARADD;ERO1B;GM10029;GM53256;GM5445;GM5928;GTPBP4;HEATR1;IDI1;IDI2;LARP4B;LGALS8;MTR;PRL2C3;WDR37;ZMYND11
GCF_000004195.4	Xenopus tropicalis	Amphibia	Anura	non_actinopterygian	ITPR1	Xenopus_tropicalis|GCF_000004195.4|ITPR1.0	Xenopus_tropicalis|GCF_000004195.4|ITPR1.0	NC_030680.2	130063610	130128628	15	ARL8B;BHLHE40;CAV3;CNTN4;CRBN;EDEM1;GRM7;IL5R;LMCD1;LRRN1;OXTR;SETMAR;SSUH2;SUMF1;TRNT1
GCF_000004195.4	Xenopus tropicalis	Amphibia	Anura	non_actinopterygian	ITPR2	Xenopus_tropicalis|GCF_000004195.4|ITPR2.0	Xenopus_tropicalis|GCF_000004195.4|ITPR2.0	NC_030679.2	2434161	2554608	17	BHLHE41;CECR5;CYB5R3;ENDOUL;ETFRF1;FGFR1OP2;INTS13;KRASL;LMNTD1;NRIP3;PPFIBP1;RAB43;RASSF8;REP15;SSPN;STK38L;SYT10
GCF_000004195.4	Xenopus tropicalis	Amphibia	Anura	non_actinopterygian	ITPR3	Xenopus_tropicalis|GCF_000004195.4|ITPR3.0	Xenopus_tropicalis|GCF_000004195.4|ITPR3.0	NC_030678.2	65519880	65957309	18	ANKS1A;BAK1;BRPF3;CEPT1;CNTN2;DENND2D;GRM4;KISS1;MAPK13;MDM4;MYBPH;NFASC;PIK3C2B;PLEKHA6;REN;SOX13;TAF11;TBC1D22B
GCF_000004195.4	Xenopus tropicalis	Amphibia	Anura	non_actinopterygian	RYR	Xenopus_tropicalis|GCF_000004195.4|RYR.0	Xenopus_tropicalis|GCF_000004195.4|RYR.0	NC_030684.2	80282968	80394579	19	ALKBH6;ARHGAP11A;BICR;CLIP3;ECH1;EIF3K;FAM98A;HNRNPL;KPTN;LGALS4;MAP4K1;MEIS3;NAPA;PSMD8;RASGRP4;SLC8A2;SPRED3;SYNE4;TSPAN15
GCF_000004195.4	Xenopus tropicalis	Amphibia	Anura	non_actinopterygian	RYR	Xenopus_tropicalis|GCF_000004195.4|RYR.1	Xenopus_tropicalis|GCF_000004195.4|RYR.1	NC_030684.2	110182588	110425389	19	ARHGAP11A;AVEN;C15ORF41;CCDC177;CHRM5;ERH;EXD2;FAM98B;FMN1;GALNT16;GPR176;GREM1;MEIS2;PLEKHD1;RASGRP1;SCG5;SLC39A9;SPRED1;SUSD6
GCF_000243295.1	Trichechus manatus latirostris	Mammalia	Sirenia	non_actinopterygian	ITPR1	Trichechus_manatus_latirostris|GCF_000243295.1|ITPR1.0	Trichechus_manatus_latirostris|GCF_000243295.1|ITPR1.0	NW_004443937.1	3729845	4097254	15	ARL8B;BHLHE40;CAV3;CRBN;EDEM1;GRM7;IL5RA;LMCD1;LRRN1;OXTR;RAD18;SRGAP3;SSUH2;SUMF1;TRNT1
GCF_000243295.1	Trichechus manatus latirostris	Mammalia	Sirenia	non_actinopterygian	ITPR2	Trichechus_manatus_latirostris|GCF_000243295.1|ITPR2.0	Trichechus_manatus_latirostris|GCF_000243295.1|ITPR2.0	NW_004444048.1	4349025	4936181	19	BCAT1;BHLHE41;BMAL2;CUNH12ORF71;DNAI7;ETFRF1;FGFR1OP2;INTS13;IRAG2;KRAS;LMNTD1;MED21;PPFIBP1;RASSF8;REP15;SMCO2;SSPN;STK38L;TM7SF3
GCF_000243295.1	Trichechus manatus latirostris	Mammalia	Sirenia	non_actinopterygian	ITPR3	Trichechus_manatus_latirostris|GCF_000243295.1|ITPR3.0	Trichechus_manatus_latirostris|GCF_000243295.1|ITPR3.0	NW_004444197.1	479476	766495	19	BAK1;BLTP3A;CUTA;DAXX;GRM4;HMGA1;ILRUN;KIFC1;NUDT3;PACSIN1;PHF1;RPS10;SMIM29;SNRPC;SPDEF;SYNGAP1;TAPBP;ZBTB22;ZBTB9
GCF_000243295.1	Trichechus manatus latirostris	Mammalia	Sirenia	non_actinopterygian	RYR	Trichechus_manatus_latirostris|GCF_000243295.1|RYR.0	Trichechus_manatus_latirostris|GCF_000243295.1|RYR.0	NW_004443957.1	937027	1682636	11	ACTN2;EDARADD;ERO1B;GNG4;GPR137B;HEATR1;LGALS8;LYST;MTR;NID1;ZP4
GCF_000243295.1	Trichechus manatus latirostris	Mammalia	Sirenia	non_actinopterygian	RYR	Trichechus_manatus_latirostris|GCF_000243295.1|RYR.2	Trichechus_manatus_latirostris|GCF_000243295.1|RYR.2	NW_004444012.1	768827	1406582	18	ACTC1;AQR;ARHGAP11A;AVEN;CHRM5;DPH6;EMC4;EMC7;FMN1;GJD2;GREM1;KATNBL1;LPCAT4;NOP10;NUTM1;SCG5;SLC12A6;ZNF770
GCF_000243295.1	Trichechus manatus latirostris	Mammalia	Sirenia	non_actinopterygian	RYR	Trichechus_manatus_latirostris|GCF_000243295.1|RYR.1	Trichechus_manatus_latirostris|GCF_000243295.1|RYR.1	NW_004444143.1	2928420	3060175	16	ACTN4;CAPN12;CATSPERG;CUNH19ORF33;EIF3K;FAM98C;GGN;KCNK6;LGALS4;LGALS7;MAP4K1;PSMD8;RASGRP4;SPINT2;SPRED3;YIF1B
GCF_000298275.1	Orycteropus afer afer	Mammalia	Tubulidentata	non_actinopterygian	ITPR2	Orycteropus_afer_afer|GCF_000298275.1|ITPR2.0	Orycteropus_afer_afer|GCF_000298275.1|ITPR2.0	NW_006921841.1	1916557	2641139	18	ARNTL2;BHLHE41;CUNH12ORF71;DNAI7;ETFRF1;FGFR1OP2;INTS13;IRAG2;KRAS;LMNTD1;MED21;MRPS35;PPFIBP1;RASSF8;REP15;SSPN;STK38L;TM7SF3
GCF_000298275.1	Orycteropus afer afer	Mammalia	Tubulidentata	non_actinopterygian	ITPR3	Orycteropus_afer_afer|GCF_000298275.1|ITPR3.0	Orycteropus_afer_afer|GCF_000298275.1|ITPR3.0	NW_006921646.1	1076671	1222591	17	BAK1;CUTA;DAXX;GRM4;HMGA1;ILRUN;KIFC1;LEMD2;MLN;PACSIN1;PHF1;SMIM29;SNRPC;SPDEF;SYNGAP1;ZBTB22;ZBTB9
GCF_000298275.1	Orycteropus afer afer	Mammalia	Tubulidentata	non_actinopterygian	RYR	Orycteropus_afer_afer|GCF_000298275.1|RYR.2	Orycteropus_afer_afer|GCF_000298275.1|RYR.2	NW_006921655.1	10958714	11770331	16	ACTC1;AQR;AVEN;CDIN1;CHRM5;DPH6;EMC4;EMC7;FMN1;GJD2;GREM1;KATNBL1;LPCAT4;NUTM1;SLC12A6;ZNF770
GCF_000298275.1	Orycteropus afer afer	Mammalia	Tubulidentata	non_actinopterygian	RYR	Orycteropus_afer_afer|GCF_000298275.1|RYR.0	Orycteropus_afer_afer|GCF_000298275.1|RYR.0	NW_006921683.1	86563	1518076	10	CHML;CHRM3;FH;FMN2;GREM2;KMO;OPN3;RGS7;WDR64;ZP4
GCF_000298275.1	Orycteropus afer afer	Mammalia	Tubulidentata	non_actinopterygian	RYR	Orycteropus_afer_afer|GCF_000298275.1|RYR.1	Orycteropus_afer_afer|GCF_000298275.1|RYR.1	NW_006922094.1	839800	1003547	20	ACTN4;CAPN12;CATSPERG;CUNH19ORF33;ECH1;EIF3K;FAM98C;GGN;HNRNPL;KCNK6;LGALS4;MAP4K1;NFKBIB;PSMD8;RASGRP4;RINL;SIRT2;SPINT2;SPRED3;YIF1B
GCF_000299155.1	Elephantulus edwardii	Mammalia	Macroscelidea	non_actinopterygian	ITPR1	Elephantulus_edwardii|GCF_000299155.1|ITPR1.0	Elephantulus_edwardii|GCF_000299155.1|ITPR1.0	NW_006399950.1	2287804	2608413	12	ARL8B;BHLHE40;CNTN4;CNTN6;CRBN;EDEM1;GRM7;IL5RA;LRRN1;SETMAR;SUMF1;TRNT1
GCF_000299155.1	Elephantulus edwardii	Mammalia	Macroscelidea	non_actinopterygian	ITPR2	Elephantulus_edwardii|GCF_000299155.1|ITPR2.0	Elephantulus_edwardii|GCF_000299155.1|ITPR2.0	NW_006399907.1	1203623	1935585	10	ARNTL2;ASUN;BHLHE41;FGFR1OP2;MED21;PPFIBP1;RASSF8;SSPN;STK38L;TM7SF3
GCF_000299155.1	Elephantulus edwardii	Mammalia	Macroscelidea	non_actinopterygian	ITPR3	Elephantulus_edwardii|GCF_000299155.1|ITPR3.0	Elephantulus_edwardii|GCF_000299155.1|ITPR3.0	NW_006399767.1	28437360	28531519	14	BAK1;CUTA;DAXX;GRM4;IP6K3;KIFC1;LEMD2;MLN;NUDT3;PHF1;SYNGAP1;TAPBP;ZBTB22;ZBTB9
GCF_000299155.1	Elephantulus edwardii	Mammalia	Macroscelidea	non_actinopterygian	RYR	Elephantulus_edwardii|GCF_000299155.1|RYR.2	Elephantulus_edwardii|GCF_000299155.1|RYR.2	NW_006399776.1	16239615	16991778	18	ACTC1;AQR;ARHGAP11A;AVEN;CHRM5;DPH6;EMC4;EMC7;FMN1;GJD2;GREM1;KATNBL1;LPCAT4;NOP10;NUTM1;SCG5;SLC12A6;ZNF770
GCF_000299155.1	Elephantulus edwardii	Mammalia	Macroscelidea	non_actinopterygian	RYR	Elephantulus_edwardii|GCF_000299155.1|RYR.0	Elephantulus_edwardii|GCF_000299155.1|RYR.0	NW_006399916.1	2508484	3582440	11	ACTN2;EDARADD;ERO1LB;GPR137B;HEATR1;LGALS8;LYST;MTR;NID1;SYN2;TIMP4
GCF_000299155.1	Elephantulus edwardii	Mammalia	Macroscelidea	non_actinopterygian	RYR	Elephantulus_edwardii|GCF_000299155.1|RYR.1	Elephantulus_edwardii|GCF_000299155.1|RYR.1	NW_006400016.1	3104779	3304164	14	ACTN4;CAPN12;CATSPERG;DPF1;EIF3K;GGN;KCNK6;MAP4K1;PPP1R14A;PSMD8;RASGRP4;SPINT2;SPRED3;YIF1B
GCF_000334495.1	Tupaia belangeri chinensis	Mammalia	Scandentia	non_actinopterygian	ITPR2	Tupaia_belangeri_chinensis|GCF_000334495.1|ITPR2.0	Tupaia_belangeri_chinensis|GCF_000334495.1|ITPR2.0	NW_006159458.1	4235530	4801213	17	BHLHE41;BMAL2;CUNH12ORF71;DNAI7;ETFRF1;FGFR1OP2;INTS13;IRAG2;KRAS;LMNTD1;MED21;PPFIBP1;RASSF8;SMCO2;SSPN;STK38L;TM7SF3
GCF_000334495.1	Tupaia belangeri chinensis	Mammalia	Scandentia	non_actinopterygian	ITPR3	Tupaia_belangeri_chinensis|GCF_000334495.1|ITPR3.0	Tupaia_belangeri_chinensis|GCF_000334495.1|ITPR3.0	NW_006159580.1	2610419	2728783	19	BAK1;CUTA;DAXX;GRM4;HMGA1;IP6K3;KIFC1;LEMD2;MLN;NUDT3;PACSIN1;PHF1;RPS10;SMIM29;SPDEF;SYNGAP1;TAPBP;ZBTB22;ZBTB9
GCF_000334495.1	Tupaia belangeri chinensis	Mammalia	Scandentia	non_actinopterygian	RYR	Tupaia_belangeri_chinensis|GCF_000334495.1|RYR.0	Tupaia_belangeri_chinensis|GCF_000334495.1|RYR.0	NW_006159632.1	764808	1083943	11	ACTN2;CHRM3;EDARADD;ERO1B;GNG4;GPR137B;HEATR1;LGALS8;LYST;MTR;NID1
GCF_000334495.1	Tupaia belangeri chinensis	Mammalia	Scandentia	non_actinopterygian	RYR	Tupaia_belangeri_chinensis|GCF_000334495.1|RYR.1	Tupaia_belangeri_chinensis|GCF_000334495.1|RYR.1	NW_006198801.1	1277978	1458094	16	ACTN4;CAPN12;CATSPERG;CUNH19ORF33;ECH1;EIF3K;GGN;HNRNPL;KCNK6;LGALS4;MAP4K1;PSMD8;RASGRP4;SPRED3;TSLIG3C;YIF1B
GCF_000687185.1	Egretta garzetta	Aves	Pelecaniformes	non_actinopterygian	ITPR1	Egretta_garzetta|GCF_000687185.1|ITPR1.0	Egretta_garzetta|GCF_000687185.1|ITPR1.0	NW_009260758.1	465546	641507	12	ARL8B;BHLHE40;CHL1;CNTN3;CNTN4;CNTN6;CRBN;EDEM1;IL5RA;LRRN1;SUMF1;TRNT1
GCF_000687185.1	Egretta garzetta	Aves	Pelecaniformes	non_actinopterygian	ITPR2	Egretta_garzetta|GCF_000687185.1|ITPR2.0	Egretta_garzetta|GCF_000687185.1|ITPR2.0	NW_009258671.1	5501948	5742304	18	ARNTL2;CFAP94;ETFRF1;FGFR1OP2;GYS2;INTS13;IRAG2;KCNJ8;KRAS;LDHB;MED21;PPFIBP1;RASSF8;REP15;SPX;SSPN;STK38L;TM7SF3
GCF_000687185.1	Egretta garzetta	Aves	Pelecaniformes	non_actinopterygian	ITPR3	Egretta_garzetta|GCF_000687185.1|ITPR3.0	Egretta_garzetta|GCF_000687185.1|ITPR3.0	NW_009259598.1	1127925	1268775	17	ANKS1A;APOBEC2;BAK1;FOXP4;GRM4;ILRUN;MDFI;NFYA;NUDT3;OARD1;PACSIN1;SNRPC;SPDEF;TAF11;TFEB;TREM2;UHRF1BP1
GCF_000687185.1	Egretta garzetta	Aves	Pelecaniformes	non_actinopterygian	RYR	Egretta_garzetta|GCF_000687185.1|RYR.0	Egretta_garzetta|GCF_000687185.1|RYR.0	NW_009258894.1	1562456	1822290	17	ARHGAP11A;AVEN;CDIN1;CHRM5;EIF2AK4;EMC7;FAM98B;FMN1;FSIP1;GPR176;GREM1;KATNBL1;MEIS2;RASGRP1;SPRED1;SRP14;THBS1
GCF_000691975.1	Corvus brachyrhynchos	Aves	Passeriformes	non_actinopterygian	ITPR1	Corvus_brachyrhynchos|GCF_000691975.1|ITPR1.0	Corvus_brachyrhynchos|GCF_000691975.1|ITPR1.0	NW_008238347.1	529510	687093	16	ARL8B;BHLHE40;CAV3;CNTN4;CRBN;EDEM1;GRM7;IL5RA;LMCD1;LRRN1;OXTR;RAD18;SRGAP3;SUMF1;THUMPD3;TRNT1
GCF_000691975.1	Corvus brachyrhynchos	Aves	Passeriformes	non_actinopterygian	ITPR2	Corvus_brachyrhynchos|GCF_000691975.1|ITPR2.0	Corvus_brachyrhynchos|GCF_000691975.1|ITPR2.0	NW_008246056.1	1641155	1876425	13	ARFGAP3;ARNTL2;ASUN;FGFR1OP2;KRAS;LYRM5;MED21;PPFIBP1;RASSF8;REP15;SSPN;STK38L;TM7SF3
GCF_000691975.1	Corvus brachyrhynchos	Aves	Passeriformes	non_actinopterygian	ITPR3	Corvus_brachyrhynchos|GCF_000691975.1|ITPR3.0	Corvus_brachyrhynchos|GCF_000691975.1|ITPR3.0	NW_008236763.1	1288859	1326649	15	APOBEC2;BAK1;FOXP4;GRM4;HMGA1;IP6K3;LEMD2;MDFI;NFYA;NUDT3;OARD1;PACSIN1;TFEB;TREM2;TSPO2
GCF_000691975.1	Corvus brachyrhynchos	Aves	Passeriformes	non_actinopterygian	RYR	Corvus_brachyrhynchos|GCF_000691975.1|RYR.1	Corvus_brachyrhynchos|GCF_000691975.1|RYR.1	NW_008236217.1	577	278652	10	ACTN2;EDARADD;ERO1B;GNG4;GPR137B;HEATR1;LGALS8;LYST;MTR;NID1
GCF_000691975.1	Corvus brachyrhynchos	Aves	Passeriformes	non_actinopterygian	RYR	Corvus_brachyrhynchos|GCF_000691975.1|RYR.0	Corvus_brachyrhynchos|GCF_000691975.1|RYR.0	NW_008239553.1	14520289	14723787	18	ARHGAP11A;AVEN;CHRM5;CUNH15ORF41;EIF2AK4;EMC7;FAM98B;FMN1;FSIP1;GPR176;GREM1;KATNBL1;MEIS2;RASGRP1;SCG5;SPRED1;SRP14;THBS1
GCF_000698965.1	Struthio camelus australis	Aves	Struthioniformes	non_actinopterygian	ITPR1	Struthio_camelus_australis|GCF_000698965.1|ITPR1.0	Struthio_camelus_australis|GCF_000698965.1|ITPR1.0	NW_009276910.1	3858	133776	8	CHL1;CNTN4;CNTN6;CRBN;IL5RA;LRRN1;SUMF1;TRNT1
GCF_000698965.1	Struthio camelus australis	Aves	Struthioniformes	non_actinopterygian	ITPR2	Struthio_camelus_australis|GCF_000698965.1|ITPR2.0	Struthio_camelus_australis|GCF_000698965.1|ITPR2.0	NW_009270423.1	2339724	2570126	10	CASC1;CCDC155;GYS2;KRAS;LMNTD1;LRMP;LYRM5;RASSF8;SPX;SSPN
GCF_000698965.1	Struthio camelus australis	Aves	Struthioniformes	non_actinopterygian	ITPR3	Struthio_camelus_australis|GCF_000698965.1|ITPR3.0	Struthio_camelus_australis|GCF_000698965.1|ITPR3.0	NW_009270925.1	286269	376024	11	APOBEC2;BAK1;NFYA;NUDT3;OARD1;PACSIN1;RPS10;SNRPC;TAF11;TSPO2;UHRF1BP1
GCF_000698965.1	Struthio camelus australis	Aves	Struthioniformes	non_actinopterygian	RYR	Struthio_camelus_australis|GCF_000698965.1|RYR.0	Struthio_camelus_australis|GCF_000698965.1|RYR.0	NW_009270414.1	460600	917882	8	ACTN2;EDARADD;ERO1LB;GPR137B;HEATR1;LGALS8;MTR;NID1
GCF_000698965.1	Struthio camelus australis	Aves	Struthioniformes	non_actinopterygian	RYR	Struthio_camelus_australis|GCF_000698965.1|RYR.1	Struthio_camelus_australis|GCF_000698965.1|RYR.1	NW_009270711.1	4408	201816	9	AVEN;CHRM5;EIF2AK4;EMC7;FSIP1;GPR176;KATNBL1;SRP14;THBS1
GCF_000699105.1	Pygoscelis adeliae	Aves	Sphenisciformes	non_actinopterygian	ITPR1	Pygoscelis_adeliae|GCF_000699105.1|ITPR1.0	Pygoscelis_adeliae|GCF_000699105.1|ITPR1.0	NW_008825411.1	146519	320345	11	ARL8B;BHLHE40;CHL1;CNTN4;CNTN6;CRBN;EDEM1;IL5RA;LRRN1;SUMF1;TRNT1
GCF_000699105.1	Pygoscelis adeliae	Aves	Sphenisciformes	non_actinopterygian	ITPR2	Pygoscelis_adeliae|GCF_000699105.1|ITPR2.0	Pygoscelis_adeliae|GCF_000699105.1|ITPR2.0	NW_008825614.1	2308560	2542672	17	ARNTL2;ASUN;CASC1;FGFR1OP2;GYS2;KCNJ8;KRAS;LDHB;LMNTD1;LRMP;LYRM5;MED21;RASSF8;REP15;SSPN;STK38L;TM7SF3
GCF_000699105.1	Pygoscelis adeliae	Aves	Sphenisciformes	non_actinopterygian	ITPR3	Pygoscelis_adeliae|GCF_000699105.1|ITPR3.0	Pygoscelis_adeliae|GCF_000699105.1|ITPR3.0	NW_008825105.1	2159564	2193900	15	APOBEC2;BAK1;FOXP4;GRM4;IP6K3;LEMD2;MDFI;MLN;NFYA;NUDT3;OARD1;PACSIN1;RPS10;TFEB;TSPO2
GCF_000699105.1	Pygoscelis adeliae	Aves	Sphenisciformes	non_actinopterygian	RYR	Pygoscelis_adeliae|GCF_000699105.1|RYR.1	Pygoscelis_adeliae|GCF_000699105.1|RYR.1	NW_008824446.1	1744397	2012602	18	ARHGAP11A;AVEN;CHRM5;DPH6;EIF2AK4;EMC7;FAM98B;FMN1;FSIP1;GPR176;GREM1;KATNBL1;MEIS2;RASGRP1;SCG5;SPRED1;SRP14;THBS1
GCF_000699105.1	Pygoscelis adeliae	Aves	Sphenisciformes	non_actinopterygian	RYR	Pygoscelis_adeliae|GCF_000699105.1|RYR.0	Pygoscelis_adeliae|GCF_000699105.1|RYR.0	NW_008825216.1	1724863	2164588	17	ACTN2;CHRM3;EDARADD;ERO1LB;FMN2;GNG4;GPR137B;GREM2;HEATR1;LGALS8;LYST;MTR;NID1;OPN3;PIGM;RGS7;WDR64
GCF_000699145.1	Aptenodytes forsteri	Aves	Sphenisciformes	non_actinopterygian	ITPR1	Aptenodytes_forsteri|GCF_000699145.1|ITPR1.0	Aptenodytes_forsteri|GCF_000699145.1|ITPR1.0	NW_008794173.1	1523808	1699190	16	ARL8B;BHLHE40;CAV3;CNTN4;CNTN6;CRBN;EDEM1;GRM7;IL5RA;LMCD1;LRRN1;OXTR;RAD18;SSUH2;SUMF1;TRNT1
GCF_000699145.1	Aptenodytes forsteri	Aves	Sphenisciformes	non_actinopterygian	ITPR2	Aptenodytes_forsteri|GCF_000699145.1|ITPR2.0	Aptenodytes_forsteri|GCF_000699145.1|ITPR2.0	NW_008795252.1	8918860	9157845	18	ARNTL2;ASUN;BHLHE41;CASC1;ETFRF1;FGFR1OP2;GYS2;KRAS;LDHB;LRMP;MED21;PPFIBP1;RASSF8;REP15;SPX;SSPN;STK38L;TM7SF3
GCF_000699145.1	Aptenodytes forsteri	Aves	Sphenisciformes	non_actinopterygian	ITPR3	Aptenodytes_forsteri|GCF_000699145.1|ITPR3.0	Aptenodytes_forsteri|GCF_000699145.1|ITPR3.0	NW_008794598.1	4541206	4664699	17	APOBEC2;BAK1;CUNH6ORF106;FOXP4;GRM4;HMGA1;MDFI;NFYA;NUDT3;OARD1;PACSIN1;RPS10;SNRPC;SPDEF;TAF11;TSPO2;UHRF1BP1
GCF_000699145.1	Aptenodytes forsteri	Aves	Sphenisciformes	non_actinopterygian	RYR	Aptenodytes_forsteri|GCF_000699145.1|RYR.0	Aptenodytes_forsteri|GCF_000699145.1|RYR.0	NW_008794117.1	4087277	4344592	9	CHRM3;EXO1;FMN2;GREM2;MAP1LC3C;OPN3;PIGM;RGS7;WDR64
GCF_000699145.1	Aptenodytes forsteri	Aves	Sphenisciformes	non_actinopterygian	RYR	Aptenodytes_forsteri|GCF_000699145.1|RYR.1	Aptenodytes_forsteri|GCF_000699145.1|RYR.1	NW_008795853.1	1114908	1396460	18	AVEN;CHRM5;COPS4;EIF2AK4;EMC7;ENOPH1;FSIP1;GPR176;HNRNPD;HNRNPDL;KATNBL1;LIN54;SCD5;SEC31A;SRP14;THAP9;THBS1;TMEM150C
GCF_000705375.1	Tinamus guttatus	Aves	Tinamiformes	non_actinopterygian	ITPR3	Tinamus_guttatus|GCF_000705375.1|ITPR3.0	Tinamus_guttatus|GCF_000705375.1|ITPR3.0	NW_010580621.1	261234	277602	7	GRM4;HMGA1;IP6K3;LEMD2;MLN;PACSIN1;RPS10
GCF_000708025.1	Charadrius vociferus	Aves	Charadriiformes	non_actinopterygian	ITPR1	Charadrius_vociferus|GCF_000708025.1|ITPR1.0	Charadrius_vociferus|GCF_000708025.1|ITPR1.0	NW_009647846.1	1649191	1825300	18	ARL8B;BHLHE40;CAV3;CHL1;CNTN4;CNTN6;CRBN;EDEM1;GRM7;IL5RA;LMCD1;LRRN1;OXTR;RAD18;SRGAP3;SSUH2;SUMF1;TRNT1
GCF_000708025.1	Charadrius vociferus	Aves	Charadriiformes	non_actinopterygian	ITPR2	Charadrius_vociferus|GCF_000708025.1|ITPR2.0	Charadrius_vociferus|GCF_000708025.1|ITPR2.0	NW_009647222.1	8019078	8321803	17	ABCC9;ARNTL2;ASUN;CASC1;FGFR1OP2;GYS2;KCNJ8;KRAS;LDHB;LMNTD1;LRMP;LYRM5;MED21;RASSF8;REP15;STK38L;TM7SF3
GCF_000708025.1	Charadrius vociferus	Aves	Charadriiformes	non_actinopterygian	ITPR3	Charadrius_vociferus|GCF_000708025.1|ITPR3.0	Charadrius_vociferus|GCF_000708025.1|ITPR3.0	NW_009649114.1	2954128	3077943	16	ANKS1A;APOBEC2;BAK1;FOXP4;GRM4;HMGA1;MDFI;NFYA;OARD1;PACSIN1;SNRPC;SPDEF;TAF11;TFEB;TSPO2;UHRF1BP1
GCF_000708025.1	Charadrius vociferus	Aves	Charadriiformes	non_actinopterygian	RYR	Charadrius_vociferus|GCF_000708025.1|RYR.1	Charadrius_vociferus|GCF_000708025.1|RYR.1	NW_009648876.1	6210	230186	9	ARHGAP11A;DPH6;FAM98B;FMN1;GREM1;MEIS2;RASGRP1;SCG5;SPRED1
GCF_000708025.1	Charadrius vociferus	Aves	Charadriiformes	non_actinopterygian	RYR	Charadrius_vociferus|GCF_000708025.1|RYR.0	Charadrius_vociferus|GCF_000708025.1|RYR.0	NW_009661370.1	220745	555934	11	CHRM3;EXO1;FMN2;GREM2;MAP1LC3C;MTR;OPN3;PIGM;PLD5;RGS7;WDR64
GCF_000747805.2	Chaetura pelagica	Aves	Apodiformes	non_actinopterygian	ITPR1	Chaetura_pelagica|GCF_000747805.2|ITPR1.0	Chaetura_pelagica|GCF_000747805.2|ITPR1.0	NW_009954216.1	1102883	1279410	17	ARL8B;BHLHE40;CAV3;CNTN4;CNTN6;CRBN;EDEM1;GRM7;IL5RA;LMCD1;LRRN1;OXTR;RAD18;SRGAP3;SUMF1;THUMPD3;TRNT1
GCF_000747805.2	Chaetura pelagica	Aves	Apodiformes	non_actinopterygian	ITPR2	Chaetura_pelagica|GCF_000747805.2|ITPR2.0	Chaetura_pelagica|GCF_000747805.2|ITPR2.0	NW_009954317.1	1129924	1328515	10	AICDA;ARNTL2;ASUN;FGFR1OP2;MED21;MFAP5;PPFIBP1;RIMKLB;STK38L;TM7SF3
GCF_000747805.2	Chaetura pelagica	Aves	Apodiformes	non_actinopterygian	ITPR3	Chaetura_pelagica|GCF_000747805.2|ITPR3.0	Chaetura_pelagica|GCF_000747805.2|ITPR3.0	NW_009970727.1	633770	682232	15	APOBEC2;BAK1;FOXP4;GRM4;HMGA1;IP6K3;LEMD2;MLN;NFYA;NUDT3;OARD1;PACSIN1;RPS10;SPDEF;TSPO2
GCF_000747805.2	Chaetura pelagica	Aves	Apodiformes	non_actinopterygian	RYR	Chaetura_pelagica|GCF_000747805.2|RYR.1	Chaetura_pelagica|GCF_000747805.2|RYR.1	NW_009952265.1	3644051	3858654	19	ARHGAP11A;AVEN;BMF;CHRM5;DPH6;EIF2AK4;EMC7;FAM98B;FMN1;FSIP1;GPR176;GREM1;KATNBL1;MEIS2;RASGRP1;SCG5;SPRED1;SRP14;THBS1
GCF_000747805.2	Chaetura pelagica	Aves	Apodiformes	non_actinopterygian	RYR	Chaetura_pelagica|GCF_000747805.2|RYR.0	Chaetura_pelagica|GCF_000747805.2|RYR.0	NW_009953215.1	1252334	1601770	14	ACTN2;CHRM3;EDARADD;ERO1LB;FMN2;GNG4;GPR137B;GREM2;HEATR1;LGALS8;LYST;MTR;NID1;RGS7
GCF_001715985.3	Manacus vitellinus	Aves	Passeriformes	non_actinopterygian	ITPR1	Manacus_vitellinus|GCF_001715985.3|ITPR1.0	Manacus_vitellinus|GCF_001715985.3|ITPR1.0	NW_021939063.1	1462321	1618265	16	ARL8B;BHLHE40;CAV3;CHL1;CNTN4;CNTN6;CRBN;EDEM1;GRM7;IL5RA;LMCD1;LRRN1;OXTR;RAD18;SUMF1;TRNT1
GCF_001715985.3	Manacus vitellinus	Aves	Passeriformes	non_actinopterygian	ITPR2	Manacus_vitellinus|GCF_001715985.3|ITPR2.0	Manacus_vitellinus|GCF_001715985.3|ITPR2.0	NW_021940729.1	2305507	2544400	19	ARNTL2;CASC1;ENDOU;ETFRF1;FGFR1OP2;GYS2;INTS13;KCNJ8;KRAS;LDHB;LRMP;MED21;PPFIBP1;RASSF8;REP15;SPX;SSPN;STK38L;TM7SF3
GCF_001715985.3	Manacus vitellinus	Aves	Passeriformes	non_actinopterygian	ITPR3	Manacus_vitellinus|GCF_001715985.3|ITPR3.0	Manacus_vitellinus|GCF_001715985.3|ITPR3.0	NW_021940585.1	5497251	5531529	14	APOBEC2;BAK1;FOXP4;HMGA1;IP6K3;LEMD2;MDFI;MLN;NFYA;OARD1;PACSIN1;SPDEF;TREML2;TSPO2
GCF_001715985.3	Manacus vitellinus	Aves	Passeriformes	non_actinopterygian	RYR	Manacus_vitellinus|GCF_001715985.3|RYR.1	Manacus_vitellinus|GCF_001715985.3|RYR.1	NW_021940750.1	10971189	11183170	17	ARHGAP11A;BMF;CHRM5;CUNH15ORF41;EIF2AK4;EMC7;FAM98B;FSIP1;GPR176;GREM1;KATNBL1;MEIS2;RASGRP1;SCG5;SPRED1;SRP14;THBS1
GCF_001715985.3	Manacus vitellinus	Aves	Passeriformes	non_actinopterygian	RYR	Manacus_vitellinus|GCF_001715985.3|RYR.0	Manacus_vitellinus|GCF_001715985.3|RYR.0	NW_021940864.1	26045512	26422755	17	ACTN2;CHRM3;EDARADD;ERO1B;EXO1;FMN2;GPR137B;GREM2;HEATR1;LGALS8;MAP1LC3C;MTR;NID1;OPN3;PIGM;RGS7;WDR64
GCF_003342845.1	Nothoprocta perdicaria	Aves	Tinamiformes	non_actinopterygian	ITPR1	Nothoprocta_perdicaria|GCF_003342845.1|ITPR1.0	Nothoprocta_perdicaria|GCF_003342845.1|ITPR1.0	NW_020454760.1	1617916	1763627	18	APPL1;ARF4;ARL8B;ASB14;BHLHE40;CNTN4;CRBN;DENND6A;DNAH12;EDEM1;GRM7;IL5RA;LRRN1;MTCL1;PDE12;RAB12;SUMF1;TRNT1
GCF_003342845.1	Nothoprocta perdicaria	Aves	Tinamiformes	non_actinopterygian	ITPR2	Nothoprocta_perdicaria|GCF_003342845.1|ITPR2.0	Nothoprocta_perdicaria|GCF_003342845.1|ITPR2.0	NW_020455560.1	467090	706888	8	BHLHE41;CASC1;ETFRF1;KRAS;LMNTD1;LRMP;RASSF8;SSPN
GCF_003342845.1	Nothoprocta perdicaria	Aves	Tinamiformes	non_actinopterygian	ITPR3	Nothoprocta_perdicaria|GCF_003342845.1|ITPR3.0	Nothoprocta_perdicaria|GCF_003342845.1|ITPR3.0	NW_020456276.1	2224562	2267734	15	APOBEC2;BAK1;FOXP4;GRM4;HMGA1;IP6K3;LEMD2;MDFI;MLN;NFYA;OARD1;PACSIN1;RPS10;TFEB;TREM1
GCF_003342845.1	Nothoprocta perdicaria	Aves	Tinamiformes	non_actinopterygian	RYR	Nothoprocta_perdicaria|GCF_003342845.1|RYR.0	Nothoprocta_perdicaria|GCF_003342845.1|RYR.0	NW_020455171.1	388668	726178	14	ACTN2;AFDN;DACT2;EDARADD;ERO1B;FRMD1;GPR137B;HEATR1;KIF25;LGALS8;MTR;NID1;TTLL2;UNC93A
GCF_003342845.1	Nothoprocta perdicaria	Aves	Tinamiformes	non_actinopterygian	RYR	Nothoprocta_perdicaria|GCF_003342845.1|RYR.1	Nothoprocta_perdicaria|GCF_003342845.1|RYR.1	NW_020456087.1	1002751	1177419	17	ARHGAP11A;AVEN;BMF;CHRM5;EIF2AK4;EMC7;FAM98B;FSIP1;GPR176;GREM1;KATNBL1;MEIS2;RASGRP1;SCG5;SPRED1;SRP14;THBS1
GCF_003668045.3	Cricetulus griseus	Mammalia	Rodentia	non_actinopterygian	ITPR1	Cricetulus_griseus|GCF_003668045.3|ITPR1.0	Cricetulus_griseus|GCF_003668045.3|ITPR1.0	NC_048601.1	35945890	36263313	16	ARL8B;BHLHE40;CAV3;CHL1;CNTN4;CRBN;EDEM1;GRM7;IL5RA;LMCD1;LRRN1;OXTR;RAD18;SSUH2;SUMF1;TRNT1
GCF_003668045.3	Cricetulus griseus	Mammalia	Rodentia	non_actinopterygian	ITPR2	Cricetulus_griseus|GCF_003668045.3|ITPR2.0	Cricetulus_griseus|GCF_003668045.3|ITPR2.0	NC_048601.1	3196447	3606830	18	ARNTL2;BCAT1;BHLHE41;CFAP94;CUNH12ORF71;ETFRF1;FGFR1OP2;INTS13;IRAG2;KRAS;LMNTD1;MED21;PPFIBP1;RASSF8;SMCO2;SSPN;STK38L;TM7SF3
GCF_003668045.3	Cricetulus griseus	Mammalia	Rodentia	non_actinopterygian	ITPR3	Cricetulus_griseus|GCF_003668045.3|ITPR3.0	Cricetulus_griseus|GCF_003668045.3|ITPR3.0	NW_023276806.1	232250454	232399863	15	BAK1;CUTA;DAXX;GRM4;HMGA1;ILRUN;KIFC1;PACSIN1;PHF1;RPS10;SMIM29;SMIM40;SNRPC;SPDEF;ZBTB9
GCF_003668045.3	Cricetulus griseus	Mammalia	Rodentia	non_actinopterygian	RYR	Cricetulus_griseus|GCF_003668045.3|RYR.0	Cricetulus_griseus|GCF_003668045.3|RYR.0	NC_048596.1	235528307	236105482	16	ACTN2;CHRM3;EDARADD;ERO1B;GPR137B;GTPBP4;HEATR1;IDI1;IDI2;LARP4B;LGALS8;LYST;MTR;WDR37;ZMYND11;ZP4
GCF_003668045.3	Cricetulus griseus	Mammalia	Rodentia	non_actinopterygian	RYR	Cricetulus_griseus|GCF_003668045.3|RYR.2	Cricetulus_griseus|GCF_003668045.3|RYR.2	NC_048599.1	65228657	65746342	14	ACTC1;AQR;AVEN;CHRM5;EMC4;EMC7;FMN1;GJD2;GREM1;KATNBL1;NOP10;NUTM1;SLC12A6;ZNF770
GCF_003668045.3	Cricetulus griseus	Mammalia	Rodentia	non_actinopterygian	RYR	Cricetulus_griseus|GCF_003668045.3|RYR.1	Cricetulus_griseus|GCF_003668045.3|RYR.1	NC_048602.1	6699547	6824046	12	ACTN4;CAPN12;CATSPERG;ECH1;EIF3K;FAM98C;LGALS4;MAP4K1;PSMD8;RASGRP4;SPINT2;SPRED3
GCF_003957555.1	Calypte anna	Aves	Apodiformes	non_actinopterygian	ITPR1	Calypte_anna|GCF_003957555.1|ITPR1.0	Calypte_anna|GCF_003957555.1|ITPR1.0	NC_044258.1	19887535	20043996	17	ARL8B;BHLHE40;CAV3;CHL1;CNTN4;CRBN;EDEM1;GRM7;IL5RA;LMCD1;LRRN1;OXTR;RAD18;SRGAP3;SUMF1;THUMPD3;TRNT1
GCF_003957555.1	Calypte anna	Aves	Apodiformes	non_actinopterygian	ITPR2	Calypte_anna|GCF_003957555.1|ITPR2.0	Calypte_anna|GCF_003957555.1|ITPR2.0	NC_044244.1	42102890	42358908	18	ARNTL2;BHLHE41;CASC1;ETFRF1;FGFR1OP2;GYS2;INTS13;KRAS;LDHB;LRMP;MED21;PPFIBP1;RASSF8;REP15;SPX;SSPN;STK38L;TM7SF3
GCF_003957555.1	Calypte anna	Aves	Apodiformes	non_actinopterygian	ITPR3	Calypte_anna|GCF_003957555.1|ITPR3.0	Calypte_anna|GCF_003957555.1|ITPR3.0	NC_044271.1	5719989	5754896	15	FOXP4;FRS3;GRM4;HMGA1;IP6K3;LEMD2;NFYA;NUDT3;PACSIN1;RPL10A;RPS10;SPDEF;TFEB;USP49;ZNF76
GCF_003957555.1	Calypte anna	Aves	Apodiformes	non_actinopterygian	RYR	Calypte_anna|GCF_003957555.1|RYR.0	Calypte_anna|GCF_003957555.1|RYR.0	NC_044246.1	6821233	7160598	18	ACTN2;CHRM3;EDARADD;ERO1B;EXO1;FMN2;GNG4;GPR137B;GREM2;HEATR1;LGALS8;LYST;MTR;NID1;OPN3;PIGM;RGS7;WDR64
GCF_003957555.1	Calypte anna	Aves	Apodiformes	non_actinopterygian	RYR	Calypte_anna|GCF_003957555.1|RYR.1	Calypte_anna|GCF_003957555.1|RYR.1	NC_044251.1	11677553	11885029	19	AVEN;BMF;C5AH15ORF41;CHRM5;DPH6;EIF2AK4;EMC7;FAM98B;FMN1;FSIP1;GPR176;GREM1;KATNBL1;MEIS2;RASGRP1;SPRED1;SRP14;THBS1;ZNF770
GCF_004115215.2	Ornithorhynchus anatinus	Mammalia	Monotremata	non_actinopterygian	ITPR1	Ornithorhynchus_anatinus|GCF_004115215.2|ITPR1.0	Ornithorhynchus_anatinus|GCF_004115215.2|ITPR1.0	NC_041749.1	96266008	96580008	17	ARL8B;BHLHE40;CAV3;CHL1;CNTN4;CNTN6;CRBN;EDEM1;GRM7;IL5RA;LMCD1;LRRN1;OXTR;RAD18;SSUH2;SUMF1;TRNT1
GCF_004115215.2	Ornithorhynchus anatinus	Mammalia	Monotremata	non_actinopterygian	ITPR2	Ornithorhynchus_anatinus|GCF_004115215.2|ITPR2.0	Ornithorhynchus_anatinus|GCF_004115215.2|ITPR2.0	NC_041729.1	161959785	162388210	19	BCAT1;BHLHE41;DNAI7;ETFRF1;FGFR1OP2;INTS13;IRAG2;KICS2;KRAS;LMNTD1;MED21;PPFIBP1;RASSF8;RPL18A;SOX5;SRGAP1;SSPN;STK38L;TM7SF3
GCF_004115215.2	Ornithorhynchus anatinus	Mammalia	Monotremata	non_actinopterygian	ITPR3	Ornithorhynchus_anatinus|GCF_004115215.2|ITPR3.0	Ornithorhynchus_anatinus|GCF_004115215.2|ITPR3.0	NC_041734.1	67217745	67372510	19	APOBEC2;BAK1;GRM4;HMGA1;ILRUN;LEMD2;MLN;NFYA;NUDT3;OARD1;PACSIN1;RPS10;SCUBE3;SMIM29;SPDEF;TREM2;TREML1;TREML2;UNC5CL
GCF_004115215.2	Ornithorhynchus anatinus	Mammalia	Monotremata	non_actinopterygian	RYR	Ornithorhynchus_anatinus|GCF_004115215.2|RYR.1	Ornithorhynchus_anatinus|GCF_004115215.2|RYR.1	NC_041732.1	2646515	2851019	15	ACTN4;CAPN12;CRX;DMAC2;ECH1;EIF3K;ERICH4;HNRNPL;KPTN;LGALS4;MAP4K1;NAPA;NOP53;SLC8A2;ZNF541
GCF_004115215.2	Ornithorhynchus anatinus	Mammalia	Monotremata	non_actinopterygian	RYR	Ornithorhynchus_anatinus|GCF_004115215.2|RYR.2	Ornithorhynchus_anatinus|GCF_004115215.2|RYR.2	NC_041740.1	41754594	41824969	19	ACTC1;AQR;ARHGAP11A;CDIN1;CHRM5;DPH6;EMC4;EMC7;FMN1;GJD2;GREM1;KATNBL1;LPCAT4;MEIS2;NOP10;NUTM1;SCG5;SLC12A6;ZNF770
GCF_004115215.2	Ornithorhynchus anatinus	Mammalia	Monotremata	non_actinopterygian	RYR	Ornithorhynchus_anatinus|GCF_004115215.2|RYR.0	Ornithorhynchus_anatinus|GCF_004115215.2|RYR.0	NC_041746.1	1800239	2031660	19	ACTN2;B3GALNT2;CHRM3;ERO1B;FH;FMN2;GNG4;GPR137B;GREM2;HEATR1;KMO;LGALS8;LYST;MTR;NID1;PIGM;PLD5;RGS7;WDR64
GCF_009764475.1	Pristis pectinata	Chondrichthyes	Rhinopristiformes	non_actinopterygian	ITPR1	Pristis_pectinata|GCF_009764475.1|ITPR1.0	Pristis_pectinata|GCF_009764475.1|ITPR1.0	NC_067410.1	44427554	44866170	14	APEH;ARL8B;BHLHE40;BORCS6;CAV3;EDEM1;LMCD1;OXTR;RAD18;RASSF1;SEMA3H;SETMAR;SUMF1;ZMYND10
GCF_009764475.1	Pristis pectinata	Chondrichthyes	Rhinopristiformes	non_actinopterygian	ITPR2	Pristis_pectinata|GCF_009764475.1|ITPR2.0	Pristis_pectinata|GCF_009764475.1|ITPR2.0	NC_067423.1	40181944	40463218	15	BCAT1;BHLHE41;CEP83;CRADD;DNAI7;EEA1;INTS13;LRMP;MRPL42;PLEKHG7;PLXNC1;RASSF8B;SOCS2;SSPN;UBE2N
GCF_009764475.1	Pristis pectinata	Chondrichthyes	Rhinopristiformes	non_actinopterygian	RYR	Pristis_pectinata|GCF_009764475.1|RYR.2	Pristis_pectinata|GCF_009764475.1|RYR.2	NC_067405.1	99603418	99907991	16	AQR;ARG2;AVEN;CDIN1;CHRM5B;DPH6;EMC7B;FAM98B;FMN1;FSIP1;GPR176;GREM1A;KATNBL1;MEIS2A;SPRED1;THBS1B
GCF_009764475.1	Pristis pectinata	Chondrichthyes	Rhinopristiformes	non_actinopterygian	RYR	Pristis_pectinata|GCF_009764475.1|RYR.1	Pristis_pectinata|GCF_009764475.1|RYR.1	NC_067407.1	125014138	125600496	9	ADPGK2;FH;FMN2B;HEATR1;MOCS3;MTR;OPN3;PRKD3;QPCT
GCF_009769465.1	Tauraco erythrolophus	Aves	Musophagiformes	non_actinopterygian	ITPR1	Tauraco_erythrolophus|GCF_009769465.1|ITPR1.0	Tauraco_erythrolophus|GCF_009769465.1|ITPR1.0	NC_141476.1	1959035	2128707	18	ARL8B;BHLHE40;CAV3;CHL1;CNTN4;CNTN6;CRBN;EDEM1;GRM7;IL5RA;LMCD1;LRRN1;OXTR;RAD18;SRGAP3;SUMF1;THUMPD3;TRNT1
GCF_009769465.1	Tauraco erythrolophus	Aves	Musophagiformes	non_actinopterygian	ITPR2	Tauraco_erythrolophus|GCF_009769465.1|ITPR2.0	Tauraco_erythrolophus|GCF_009769465.1|ITPR2.0	NC_141468.1	78392480	78653980	19	BHLHE41;BMAL2;CYB5R3;DNAI7;ETFRF1;FGFR1OP2;GYS2;INTS13;IRAG2;KRAS;LDHB;MED21;PPFIBP1;RASSF8;REP15;SPX;SSPN;STK38L;TM7SF3
GCF_009769465.1	Tauraco erythrolophus	Aves	Musophagiformes	non_actinopterygian	ITPR3	Tauraco_erythrolophus|GCF_009769465.1|ITPR3.0	Tauraco_erythrolophus|GCF_009769465.1|ITPR3.0	NC_141491.1	3997368	4038549	16	APOBEC2;BAK1;FOXP4;GRM4;HMGA1;IP6K3;LEMD2;MDFI;MLN;NFYA;NUDT3;OARD1;RPS10;SMIM29;TSPO2;UQCC2
GCF_009769465.1	Tauraco erythrolophus	Aves	Musophagiformes	non_actinopterygian	RYR	Tauraco_erythrolophus|GCF_009769465.1|RYR.0	Tauraco_erythrolophus|GCF_009769465.1|RYR.0	NC_141466.1	88447581	88892302	19	ACTN2;CHRM3;EDARADD;ERO1B;EXO1;FMN2;GNG4;GPR137B;GREM2;HEATR1;LGALS8;LYST;MAP1LC3C;MTR;NID1;OPN3;PIGM;RGS7;WDR64
GCF_009769465.1	Tauraco erythrolophus	Aves	Musophagiformes	non_actinopterygian	RYR	Tauraco_erythrolophus|GCF_009769465.1|RYR.1	Tauraco_erythrolophus|GCF_009769465.1|RYR.1	NC_141470.1	37040637	37296944	17	ARHGAP11A;AVEN;CDIN1;CHRM5;EIF2AK4;EMC7;FMN1;FSIP1;GPR176;GREM1;KATNBL1;MEIS2;SCG5;SPRED1;SRP14;THBS1;TSLIG3B
GCF_011004845.1	Esox lucius	Actinopteri	Esociformes	teleost	ITPR1	Esox_lucius|GCF_011004845.1|ITPR1.1	Esox_lucius|GCF_011004845.1|ITPR1.1	NC_047585.1	17252673	17361421	18	ARL6IP5A;ARL8B;BHLHE40;CAMKV;COMT;EEVS;FOXP1B;FRMD4B;GRM6B;LRRN1;MDFIC2;MITF;MON1A;MST1R;SEMA3F;SETMAR;TRAIP;TRNT1
GCF_011004845.1	Esox lucius	Actinopteri	Esociformes	teleost	ITPR1	Esox_lucius|GCF_011004845.1|ITPR1.0	Esox_lucius|GCF_011004845.1|ITPR1.0	NC_047585.1	29844710	29945756	9	ATF1;DIP2B;DTX3L2;ESYT1B;NR1D4B;SLC4A8;SUMF1;TTLL3;ZC3H10
GCF_011004845.1	Esox lucius	Actinopteri	Esociformes	teleost	ITPR2	Esox_lucius|GCF_011004845.1|ITPR2.0	Esox_lucius|GCF_011004845.1|ITPR2.0	NC_047587.1	18490340	18586861	16	ARNTL2;BANP;BHLHE41;CES2B;EEA1;FANCI;FBXO31;KRAS;NR1H4;NUDT4A;PLEKHG7;POLG;PPFIBP1B;SLC17A8;SSPN;UBE2N
GCF_011004845.1	Esox lucius	Actinopteri	Esociformes	teleost	ITPR3	Esox_lucius|GCF_011004845.1|ITPR3.0	Esox_lucius|GCF_011004845.1|ITPR3.0	NC_047580.1	17917016	17950654	12	GPR37L1B;HM13;KLHDC8B;LAMB2;LAMB2L;MRGBP;NDRG3B;PHF20B;SLA2;SNX21;SULF2B;USP19
GCF_011004845.1	Esox lucius	Actinopteri	Esociformes	teleost	RYR	Esox_lucius|GCF_011004845.1|RYR.2	Esox_lucius|GCF_011004845.1|RYR.2	NC_047569.1	38839749	38939878	13	B3GNT2L;BCKDH;BICR;EXOSC5;HNRNPUL1;NAPA;OPA3;PPP1R13L;PPP5C;RASGRP4;TGFB1A;TMEM91;WDR62
GCF_011004845.1	Esox lucius	Actinopteri	Esociformes	teleost	RYR	Esox_lucius|GCF_011004845.1|RYR.0	Esox_lucius|GCF_011004845.1|RYR.0	NC_047574.1	7053192	7237092	10	ACADS;EXOC6;FH;FMN2B;GREM2B;HHEX;MTR;PSTK;REEP3B;RGS7B
GCF_011004845.1	Esox lucius	Actinopteri	Esociformes	teleost	RYR	Esox_lucius|GCF_011004845.1|RYR.5	Esox_lucius|GCF_011004845.1|RYR.5	NC_047574.1	16274537	16346383	12	ACTN2B;ANK3A;CCSER2A;CDK1;CHRM3A;ECD;FAM149B1;GRID1A;HTRA1A;NDNFL;SLC16A9A;WAPL
GCF_011004845.1	Esox lucius	Actinopteri	Esociformes	teleost	RYR	Esox_lucius|GCF_011004845.1|RYR.1	Esox_lucius|GCF_011004845.1|RYR.1	NC_047575.1	11396183	11453744	10	B9D2;CBR1L;EHD2A;GABRR3A;HHLA2A;HNRNPUL1L;NAPA;RSPH4A;SMS;SYMPK
GCF_011004845.1	Esox lucius	Actinopteri	Esociformes	teleost	RYR	Esox_lucius|GCF_011004845.1|RYR.3	Esox_lucius|GCF_011004845.1|RYR.3	NC_047583.1	13466541	13578435	7	ACP7;ARHGAP11A;BMF1;CHRM5A;EIF2AK4;FSIP1;GREM1B
GCF_011004845.1	Esox lucius	Actinopteri	Esociformes	teleost	RYR	Esox_lucius|GCF_011004845.1|RYR.4	Esox_lucius|GCF_011004845.1|RYR.4	NC_047591.1	20320178	20437074	12	ACOT20;ACTC1A;AVEN;CHRM5B;EMC7;GPR176;GREM1A;KATNBL1;PAPOL;SRSF5B;SUSD6;THBS1B
GCF_011004875.1	Balearica regulorum gibbericeps	Aves	Gruiformes	non_actinopterygian	ITPR1	Balearica_regulorum_gibbericeps|GCF_011004875.1|ITPR1.0	Balearica_regulorum_gibbericeps|GCF_011004875.1|ITPR1.0	NC_046193.1	22487071	22658027	18	ARL8B;BHLHE40;CAV3;CHL1;CNTN3;CNTN6;CRBN;EDEM1;GRM7;IL5RA;LMCD1;LRRN1;OXTR;RAD18;SRGAP3;SSUH2;SUMF1;TRNT1
GCF_011004875.1	Balearica regulorum gibbericeps	Aves	Gruiformes	non_actinopterygian	ITPR2	Balearica_regulorum_gibbericeps|GCF_011004875.1|ITPR2.0	Balearica_regulorum_gibbericeps|GCF_011004875.1|ITPR2.0	NC_046184.1	75434867	75695846	19	BHLHE41;BMAL2;CYB5R3;DNAI7;ETFRF1;FGFR1OP2;GYS2;INTS13;IRAG2;KRAS;LMNTD1;MED21;PPFIBP1;RASSF8;REP15;SPX;SSPN;STK38L;TM7SF3
GCF_011004875.1	Balearica regulorum gibbericeps	Aves	Gruiformes	non_actinopterygian	ITPR3	Balearica_regulorum_gibbericeps|GCF_011004875.1|ITPR3.0	Balearica_regulorum_gibbericeps|GCF_011004875.1|ITPR3.0	NC_046208.1	4804966	4852899	17	APOBEC2;BAK1;FOXP4;GRM4;HMGA1;LEMD2;MDFI;MLN;NFYA;NUDT3;OARD1;PACSIN1;RPS10;SMIM29;SPDEF;TFEB;TSPO2
GCF_011004875.1	Balearica regulorum gibbericeps	Aves	Gruiformes	non_actinopterygian	RYR	Balearica_regulorum_gibbericeps|GCF_011004875.1|RYR.0	Balearica_regulorum_gibbericeps|GCF_011004875.1|RYR.0	NC_046186.1	84035335	84463793	20	ACTN2;CHRM3;EDARADD;ERO1B;EXO1;FMN2;GNG4;GPR137B;GREM2;HEATR1;LGALS8;LYST;MAP1LC3C;MTR;NID1;OPN3;PIGM;PLD5;RGS7;WDR64
GCF_011004875.1	Balearica regulorum gibbericeps	Aves	Gruiformes	non_actinopterygian	RYR	Balearica_regulorum_gibbericeps|GCF_011004875.1|RYR.1	Balearica_regulorum_gibbericeps|GCF_011004875.1|RYR.1	NC_046188.1	35440154	35686209	19	ARHGAP11A;AVEN;CDIN1;CHRM5;DPH6;EIF2AK4;EMC7;FAM98B;FMN1;FSIP1;GPR176;GREM1;KATNBL1;MEIS2;RASGRP1;SCG5;SPRED1;SRP14;THBS1
GCF_013368585.1	Megalops cyprinoides	Actinopteri	Elopiformes	teleost	ITPR1	Megalops_cyprinoides|GCF_013368585.1|ITPR1.1	Megalops_cyprinoides|GCF_013368585.1|ITPR1.1	NC_050588.1	21333551	21445143	12	ARL8B;BHLHE40;CAMKV;CCDC174;GNAI2A;INKA1A;MON1A;MST1R;SETMAR;SLC38A3A;TRNT1;VHL
GCF_013368585.1	Megalops cyprinoides	Actinopteri	Elopiformes	teleost	ITPR1	Megalops_cyprinoides|GCF_013368585.1|ITPR1.0	Megalops_cyprinoides|GCF_013368585.1|ITPR1.0	NC_050589.1	15326220	15444016	7	GHRL;PRKCD;RBM5;RFT1;SLC38A3B;SUMF1;TATDN2
GCF_013368585.1	Megalops cyprinoides	Actinopteri	Elopiformes	teleost	ITPR2	Megalops_cyprinoides|GCF_013368585.1|ITPR2.0	Megalops_cyprinoides|GCF_013368585.1|ITPR2.0	NC_050607.1	10077854	10165753	7	ATP23;BHLHE41;INTS13;LRIG3;RASSF8B;RPAP3;SSPN
GCF_013368585.1	Megalops cyprinoides	Actinopteri	Elopiformes	teleost	RYR	Megalops_cyprinoides|GCF_013368585.1|RYR.0	Megalops_cyprinoides|GCF_013368585.1|RYR.0	NC_050583.1	54542273	54709244	12	ARG1;DNAJC9;EXOC6;FH;FMN2B;GREM2B;HEATR1;HHEX;MTR;NUDT13;P4HA1A;RGS7B
GCF_013368585.1	Megalops cyprinoides	Actinopteri	Elopiformes	teleost	RYR	Megalops_cyprinoides|GCF_013368585.1|RYR.1	Megalops_cyprinoides|GCF_013368585.1|RYR.1	NC_050585.1	15834634	15912496	5	B9D2;CBR1L;HNRNPUL1L;RSPH4A;SYMPK
GCF_013368585.1	Megalops cyprinoides	Actinopteri	Elopiformes	teleost	RYR	Megalops_cyprinoides|GCF_013368585.1|RYR.2	Megalops_cyprinoides|GCF_013368585.1|RYR.2	NC_050591.1	26057991	26125665	12	ARRB1;B3GNT2L;BCKDH;BICR;EHD2B;EXOSC5;OPA3;PPP1R13L;PSMD8;RASGRP4;TMEM91;WDR62
GCF_013368585.1	Megalops cyprinoides	Actinopteri	Elopiformes	teleost	RYR	Megalops_cyprinoides|GCF_013368585.1|RYR.3	Megalops_cyprinoides|GCF_013368585.1|RYR.3	NC_050594.1	29615179	29741539	10	ACP7;ARHGAP11A;BMF1;CHRM5A;EIF2AK4;FSIP1;GPR176;KATNBL1;SRSF5B;SUSD6
GCF_013368605.1	Nyctibius grandis	Aves	Nyctibiiformes	non_actinopterygian	ITPR1	Nyctibius_grandis|GCF_013368605.1|ITPR1.0	Nyctibius_grandis|GCF_013368605.1|ITPR1.0	NC_090667.1	33410934	33624750	18	ARL8B;CAV3;CHL1;CNTN3;CNTN6;CRBN;EDEM1;GRM7;IL5RA;LMCD1;LRRN1;OXTR;RAD18;SRGAP3;SUMF1;THUMPD3;TRNT1;VHL
GCF_013368605.1	Nyctibius grandis	Aves	Nyctibiiformes	non_actinopterygian	ITPR2	Nyctibius_grandis|GCF_013368605.1|ITPR2.0	Nyctibius_grandis|GCF_013368605.1|ITPR2.0	NC_090662.1	83725869	83990230	19	BHLHE41;BMAL2;CYB5R3;DNAI7;ETFRF1;FGFR1OP2;GYS2;INTS13;IRAG2;KRAS;LDHB;MED21;PPFIBP1;RASSF8;REP15;SPX;SSPN;STK38L;TM7SF3
GCF_013368605.1	Nyctibius grandis	Aves	Nyctibiiformes	non_actinopterygian	ITPR3	Nyctibius_grandis|GCF_013368605.1|ITPR3.0	Nyctibius_grandis|GCF_013368605.1|ITPR3.0	NC_090684.1	3605547	3646116	16	APOBEC2;BAK1;FOXP4;GRM4;HMGA1;IP6K3;LEMD2;MDFI;MLN;NFYA;NUDT3;OARD1;RPS10;SMIM29;TSPO2;UQCC2
GCF_013368605.1	Nyctibius grandis	Aves	Nyctibiiformes	non_actinopterygian	RYR	Nyctibius_grandis|GCF_013368605.1|RYR.0	Nyctibius_grandis|GCF_013368605.1|RYR.0	NC_090658.1	43521544	43980510	20	ACTN2;CHRM3;EDARADD;ERO1B;EXO1;FMN2;GNG4;GPR137B;GREM2;HEATR1;LGALS8;LYST;MAP1LC3C;MTR;NID1;OPN3;PIGM;PLD5;RGS7;WDR64
GCF_013368605.1	Nyctibius grandis	Aves	Nyctibiiformes	non_actinopterygian	RYR	Nyctibius_grandis|GCF_013368605.1|RYR.1	Nyctibius_grandis|GCF_013368605.1|RYR.1	NC_090661.1	36467434	36722276	18	ARHGAP11A;AVEN;CDIN1;CHRM5;EIF2AK4;EMC7;FAM98B;FMN1;FSIP1;GPR176;GREM1;KATNBL1;MEIS2;RASGRP1;SCG5;SPRED1;SRP14;THBS1
GCF_014839835.1	Dryobates pubescens	Aves	Piciformes	non_actinopterygian	ITPR1	Dryobates_pubescens|GCF_014839835.1|ITPR1.0	Dryobates_pubescens|GCF_014839835.1|ITPR1.0	NC_071612.1	1524421	1710101	16	ARL8B;BHLHE40;CAV3;CHL1;CRBN;EDEM1;GRM7;IL5RA;LMCD1;LRRN1;OXTR;RAD18;SRGAP3;SUMF1;THUMPD3;TRNT1
GCF_014839835.1	Dryobates pubescens	Aves	Piciformes	non_actinopterygian	ITPR2	Dryobates_pubescens|GCF_014839835.1|ITPR2.0	Dryobates_pubescens|GCF_014839835.1|ITPR2.0	NC_071626.1	62173	240394	12	BHLHE41;ETFRF1;FGD6;FGFR1OP2;INTS13;KRAS;MGAT4C;NR2C1;RASSF8;RLIG1;SSPN;VEZT
GCF_014839835.1	Dryobates pubescens	Aves	Piciformes	non_actinopterygian	ITPR3	Dryobates_pubescens|GCF_014839835.1|ITPR3.0	Dryobates_pubescens|GCF_014839835.1|ITPR3.0	NC_071646.1	628732	674323	17	APOBEC2;BAK1;FOXP4;GRM4;HMGA1;IP6K3;LEMD2;MDFI;NFYA;NUDT3;OARD1;PACSIN1;RPS10;SMIM29;SPDEF;TFEB;TSPO2
GCF_014839835.1	Dryobates pubescens	Aves	Piciformes	non_actinopterygian	RYR	Dryobates_pubescens|GCF_014839835.1|RYR.1	Dryobates_pubescens|GCF_014839835.1|RYR.1	NC_071616.1	46430991	46666292	18	ARHGAP11A;AVEN;CDIN1;CHRM5;EIF2AK4;EMC7;FAM98B;FMN1;FSIP1;GPR176;GREM1;KATNBL1;MEIS2;RASGRP1;SCG5;SPRED1;SRP14;THBS1
GCF_014839835.1	Dryobates pubescens	Aves	Piciformes	non_actinopterygian	RYR	Dryobates_pubescens|GCF_014839835.1|RYR.0	Dryobates_pubescens|GCF_014839835.1|RYR.0	NC_071617.1	33340112	33716960	19	ACTN2;CHRM3;EDARADD;ERO1B;EXO1;FMN2;GNG4;GPR137B;GREM2;HEATR1;LGALS8;LYST;MAP1LC3C;MTR;NID1;OPN3;PIGM;PLD5;RGS7
GCF_016433145.1	Gracilinanus agilis	Mammalia	Didelphimorphia	non_actinopterygian	ITPR1	Gracilinanus_agilis|GCF_016433145.1|ITPR1.0	Gracilinanus_agilis|GCF_016433145.1|ITPR1.0	NC_058130.1	47525294	47905110	15	ARL8B;CAV3;CHL1;CRBN;EDEM1;GRM7;IL5RA;LMCD1;LRRN1;OXTR;RAD18;SRGAP3;SSUH2;SUMF1;TRNT1
GCF_016433145.1	Gracilinanus agilis	Mammalia	Didelphimorphia	non_actinopterygian	ITPR2	Gracilinanus_agilis|GCF_016433145.1|ITPR2.0	Gracilinanus_agilis|GCF_016433145.1|ITPR2.0	NC_058134.1	181454926	181989960	19	ARNTL2;BCAT1;BHLHE41;DNAI7;ETFRF1;FGFR1OP2;INTS13;IRAG2;KRAS;LMNTD1;MED21;PFKFB3;PRKCQ;RASSF8;RBM17;SOX5;SSPN;STK38L;TM7SF3
GCF_016433145.1	Gracilinanus agilis	Mammalia	Didelphimorphia	non_actinopterygian	ITPR3	Gracilinanus_agilis|GCF_016433145.1|ITPR3.0	Gracilinanus_agilis|GCF_016433145.1|ITPR3.0	NC_058133.1	259809728	259966500	17	BAK1;CUTA;GRM4;HMGA1;IP6K3;KIFC1;LEMD2;NUDT3;PFDN6;PHF1;RGL2;RPS10;SMIM29;SMIM40;SPDEF;SYNGAP1;WDR46
GCF_016433145.1	Gracilinanus agilis	Mammalia	Didelphimorphia	non_actinopterygian	RYR	Gracilinanus_agilis|GCF_016433145.1|RYR.2	Gracilinanus_agilis|GCF_016433145.1|RYR.2	NC_058131.1	538170844	538719944	16	ACTC1;AQR;ARHGAP11A;AVEN;CHRM5;EMC4;EMC7;FMN1;GJD2;GREM1;KATNBL1;LPCAT4;NOP10;NUTM1;SLC12A6;ZNF770
GCF_016433145.1	Gracilinanus agilis	Mammalia	Didelphimorphia	non_actinopterygian	RYR	Gracilinanus_agilis|GCF_016433145.1|RYR.1	Gracilinanus_agilis|GCF_016433145.1|RYR.1	NC_058132.1	27376231	27473576	19	ACTN4;C3H19ORF33;CAPN12;CATSPERG;ECH1;EIF3K;FAM98C;HNRNPL;KCNK6;LGALS4;LGALS7;MAP4K1;PPP1R14A;PSMD8;RASGRP4;RINL;SIRT2;SPINT2;YIF1B
GCF_016433145.1	Gracilinanus agilis	Mammalia	Didelphimorphia	non_actinopterygian	RYR	Gracilinanus_agilis|GCF_016433145.1|RYR.0	Gracilinanus_agilis|GCF_016433145.1|RYR.0	NC_058133.1	148757123	149532419	19	ACTN2;CHRM3;EDARADD;ERO1B;EXO1;FH;FMN2;GPR137B;GREM2;HEATR1;KMO;LGALS8;LYST;MTR;NID1;OPN3;RGS7;WDR64;ZP4
GCF_016699485.2	Gallus gallus	Aves	Galliformes	non_actinopterygian	ITPR1	Gallus_gallus|GCF_016699485.2|ITPR1.0	Gallus_gallus|GCF_016699485.2|ITPR1.0	NC_052543.1	18588292	18733810	19	ARL8B;BHLHE40;CAV3;CHL1;CNTN4;CNTN6;CRBN;EDEM1;GRM7;IL5RA;LMCD1;LRRN1;OXTR;RAD18;SETMAR;SRGAP3;SUMF1;THUMPD3;TRNT1
GCF_016699485.2	Gallus gallus	Aves	Galliformes	non_actinopterygian	ITPR2	Gallus_gallus|GCF_016699485.2|ITPR2.0	Gallus_gallus|GCF_016699485.2|ITPR2.0	NC_052532.1	67742586	68004138	17	ARNTL2;BHLHE41;CYB5R1;DNAI7;ENDOUL;ETFRF1;FGFR1OP2;INTS13;IRAG2;KRAS;MED21;PPFIBP1;RASSF8;SPX;SSPN;STK38L;TM7SF3
GCF_016699485.2	Gallus gallus	Aves	Galliformes	non_actinopterygian	ITPR3	Gallus_gallus|GCF_016699485.2|ITPR3.0	Gallus_gallus|GCF_016699485.2|ITPR3.0	NC_052557.1	4631320	4700161	19	APOBEC2;BAK1;C6ORF106;FOXP4;GRM4;HMGA1;MLN;NFYA;NUDT3;OARD1;OPN1MSW;PACSIN1;RPS10;SNRPC;SPDEF;TREM2;TREMB1;TREMB2;TSPO2
GCF_016699485.2	Gallus gallus	Aves	Galliformes	non_actinopterygian	RYR	Gallus_gallus|GCF_016699485.2|RYR.0	Gallus_gallus|GCF_016699485.2|RYR.0	NC_052534.1	36848359	37208088	18	ACTN2;CHRM3;EDARADD;ERO1B;EXO1;FMN2;GNG4;GPR137B;GREM2;HEATR1;LGALS8;LYST;MTR;NID1;OPN3;PIGM;RGS7;WDR64
GCF_016699485.2	Gallus gallus	Aves	Galliformes	non_actinopterygian	RYR	Gallus_gallus|GCF_016699485.2|RYR.2	Gallus_gallus|GCF_016699485.2|RYR.2	NC_052536.1	29658378	29842255	17	ARHGAP11B;AVEN;BMF;CHRM5;EIF2AK4;EMC7;FAM98B;FMN1;FSIP1;GREM1;KATNBL1;MEIS2;RASGRP1;SCG5;SPRED1;SRP14;THBS1
GCF_016699485.2	Gallus gallus	Aves	Galliformes	non_actinopterygian	RYR	Gallus_gallus|GCF_016699485.2|RYR.1	Gallus_gallus|GCF_016699485.2|RYR.1	NC_052569.1	99829	175949	14	ACTN4;BICRA;ECH1;EIF3K;GLTSCR2;KPTN;MRPS12;NAPA;NFKBIB;PAK4;SARS2;SELENOW;SIRT2;ZNF541
GCF_016859285.1	Xiphias gladius	Actinopteri	Istiophoriformes	teleost	ITPR1	Xiphias_gladius|GCF_016859285.1|ITPR1.0	Xiphias_gladius|GCF_016859285.1|ITPR1.0	NC_053420.1	18850021	18919870	10	ATF1;ATF7B;DIP2B;ESYT1B;FAIM2B;SCN8A;SLC4A8;SUMF1;TTLL3;ZC3H10
GCF_016859285.1	Xiphias gladius	Actinopteri	Istiophoriformes	teleost	ITPR1	Xiphias_gladius|GCF_016859285.1|ITPR1.1	Xiphias_gladius|GCF_016859285.1|ITPR1.1	NC_053420.1	26209830	26290604	14	ARL6IP5A;ARL8B;BHLHE40;EEVS;FRMD4B;GRM6B;LRRN1;MDFIC2;MITF;MON1A;MST1R;SEMA3F;SETMAR;TRNT1
GCF_016859285.1	Xiphias gladius	Actinopteri	Istiophoriformes	teleost	ITPR2	Xiphias_gladius|GCF_016859285.1|ITPR2.0	Xiphias_gladius|GCF_016859285.1|ITPR2.0	NC_053407.1	13548080	13605183	16	ARNTL2;BHLHE41;C1QTNF13;CES2B;EEA1;FBXO31;GDPGP1;KRAS;NR1H4;NUDT4A;PLEKHG7;PPFIBP1B;RHCG;SLC17A8;SSPN;UBE2N
GCF_016859285.1	Xiphias gladius	Actinopteri	Istiophoriformes	teleost	ITPR3	Xiphias_gladius|GCF_016859285.1|ITPR3.0	Xiphias_gladius|GCF_016859285.1|ITPR3.0	NC_053417.1	29009339	29095944	12	BCAP31;CCDC135;EDEM2;GPR37L1B;GRIPAP1;HM13;KCND1;PLXNA3;PTPN18;SLC6A8;SNX21;SULF2B
GCF_016859285.1	Xiphias gladius	Actinopteri	Istiophoriformes	teleost	RYR	Xiphias_gladius|GCF_016859285.1|RYR.4	Xiphias_gladius|GCF_016859285.1|RYR.4	NC_053403.1	6747720	6864620	17	ABRACL;ACOT20;ACTC1A;AVEN;CHRM5B;CLU;EMC7B;GPR176;GREM1A;HECA;KATNBL1;REPS1;SCARA3;SLC10A1;SRSF5B;SUSD6;THBS1B
GCF_016859285.1	Xiphias gladius	Actinopteri	Istiophoriformes	teleost	RYR	Xiphias_gladius|GCF_016859285.1|RYR.1	Xiphias_gladius|GCF_016859285.1|RYR.1	NC_053406.1	24623719	24693555	13	B3GNT2L;BCKDH;BICR;EXOSC5;GIPR;HNRNPUL1;NAPA;OPA3;PPP1R13L;PPP5C;RASGRP4;TGFB1A;TMEM91
GCF_016859285.1	Xiphias gladius	Actinopteri	Istiophoriformes	teleost	RYR	Xiphias_gladius|GCF_016859285.1|RYR.3	Xiphias_gladius|GCF_016859285.1|RYR.3	NC_053409.1	11312145	11419688	8	ACP7;ARHGAP11A;CHRM5A;CRIM1;EIF2AK4;FSIP1;GCHFR;GREM1B
GCF_016859285.1	Xiphias gladius	Actinopteri	Istiophoriformes	teleost	RYR	Xiphias_gladius|GCF_016859285.1|RYR.5	Xiphias_gladius|GCF_016859285.1|RYR.5	NC_053410.1	9874928	9941815	10	ACTN2B;CCSER2A;CHRM3A;ECD;FAM149B1;GREM2A;NDNFL;P4HA1B;PHYHIPL;RGS7A
GCF_016859285.1	Xiphias gladius	Actinopteri	Istiophoriformes	teleost	RYR	Xiphias_gladius|GCF_016859285.1|RYR.2	Xiphias_gladius|GCF_016859285.1|RYR.2	NC_053416.1	16215241	16265501	13	BRD8A;CXXC5A;DNAJC18;GABRR3A;GNG8;NFRK;NRG2A;PCYT1B;PHLDB2A;PPP3C;PURA;SMS;TMEM45B
GCF_017639515.1	Carcharodon carcharias	Chondrichthyes	Lamniformes	non_actinopterygian	ITPR1	Carcharodon_carcharias|GCF_017639515.1|ITPR1.0	Carcharodon_carcharias|GCF_017639515.1|ITPR1.0	NC_054473.1	71613619	72102021	14	APEH;ARL8B;BHLHE40;BORCS6;CAV3;EDEM1;LMCD1;OXTR;RAD18;RASSF1;SEMA3H;SETMAR;SUMF1;ZMYND10
GCF_017639515.1	Carcharodon carcharias	Chondrichthyes	Lamniformes	non_actinopterygian	ITPR2	Carcharodon_carcharias|GCF_017639515.1|ITPR2.0	Carcharodon_carcharias|GCF_017639515.1|ITPR2.0	NC_054479.1	86428271	86896936	11	BHLHE41;CEP83;CRADD;DNAI7;EEA1;INTS13;MRPL42;PLEKHG7;RASSF8B;SOCS2;SSPN
GCF_017639515.1	Carcharodon carcharias	Chondrichthyes	Lamniformes	non_actinopterygian	RYR	Carcharodon_carcharias|GCF_017639515.1|RYR.1	Carcharodon_carcharias|GCF_017639515.1|RYR.1	NC_054468.1	213033354	213838948	10	ADPGK2;FH;FMN2B;GREM2B;HEATR1;MOCS3;MTR;NDUFAF7;OPN3;PRKD3
GCF_017639515.1	Carcharodon carcharias	Chondrichthyes	Lamniformes	non_actinopterygian	RYR	Carcharodon_carcharias|GCF_017639515.1|RYR.2	Carcharodon_carcharias|GCF_017639515.1|RYR.2	NC_054486.1	10395329	10744011	13	AVEN;CDIN1;CHRM5B;EMC7B;FAM98B;FMN1;FSIP1;GPR176;GREM1A;KATNBL1;MEIS2A;SPRED1;THBS1B
GCF_017654505.1	Polyodon spathula	Actinopteri	Acipenseriformes	extra_wgd	RYR	Polyodon_spathula|GCF_017654505.1|RYR.1	Polyodon_spathula|GCF_017654505.1|RYR.1	NC_054538.1	18721436	18967686	7	ARG1;CDC42EP3;EDARADD;LTBP1;OPN3;POLR1B;TTC27
GCF_017976375.1	Cuculus canorus	Aves	Cuculiformes	non_actinopterygian	ITPR1	Cuculus_canorus|GCF_017976375.1|ITPR1.0	Cuculus_canorus|GCF_017976375.1|ITPR1.0	NC_071411.1	11256773	11492824	16	ARL8B;CAV3;CHL1;CRBN;EDEM1;GRM7;IL5RA;LMCD1;LRRN1;OXTR;RAD18;SRGAP3;SSUH2;SUMF1;THUMPD3;TRNT1
GCF_017976375.1	Cuculus canorus	Aves	Cuculiformes	non_actinopterygian	ITPR2	Cuculus_canorus|GCF_017976375.1|ITPR2.0	Cuculus_canorus|GCF_017976375.1|ITPR2.0	NC_071401.1	135363033	135624611	17	BHLHE41;BMAL2;DNAI7;ETFRF1;FGFR1OP2;GYS2;INTS13;IRAG2;KRAS;MED21;PPFIBP1;RASSF8;REP15;SPX;SSPN;STK38L;TM7SF3
GCF_017976375.1	Cuculus canorus	Aves	Cuculiformes	non_actinopterygian	ITPR3	Cuculus_canorus|GCF_017976375.1|ITPR3.0	Cuculus_canorus|GCF_017976375.1|ITPR3.0	NC_071424.1	4078346	4123448	13	APOBEC2;BAK1;FOXP4;GRM4;HMGA1;IP6K3;LEMD2;MDFI;MLN;NUDT3;OARD1;RPS10;SMIM29
GCF_017976375.1	Cuculus canorus	Aves	Cuculiformes	non_actinopterygian	RYR	Cuculus_canorus|GCF_017976375.1|RYR.0	Cuculus_canorus|GCF_017976375.1|RYR.0	NC_071403.1	63556474	63944842	19	ACTN2;CHRM3;EDARADD;ERO1B;EXO1;FMN2;GNG4;GPR137B;GREM2;HEATR1;LGALS8;LYST;MAP1LC3C;MTR;NID1;OPN3;PIGM;RGS7;WDR64
GCF_017976375.1	Cuculus canorus	Aves	Cuculiformes	non_actinopterygian	RYR	Cuculus_canorus|GCF_017976375.1|RYR.2	Cuculus_canorus|GCF_017976375.1|RYR.2	NC_071405.1	58952741	59173007	19	ARHGAP11A;AVEN;CDIN1;CHRM5;DPH6;EIF2AK4;EMC7;FAM98B;FMN1;FSIP1;GPR176;GREM1;KATNBL1;MEIS2;RASGRP1;SCG5;SPRED1;SRP14;THBS1
GCF_017976375.1	Cuculus canorus	Aves	Cuculiformes	non_actinopterygian	RYR	Cuculus_canorus|GCF_017976375.1|RYR.1	Cuculus_canorus|GCF_017976375.1|RYR.1	NC_071437.1	803612	1016285	17	ACTN4;B9D2;BCKDHA;CCDC97;COQ8B;ECH1;EIF3K;EXOSC5;HNRNPL;HNRNPUL1;MRPS12;NFKBIB;PAK4;SARS2;SIRT2;SNRPA;TGFB1
GCF_018139145.2	Gymnogyps californianus	Aves	Accipitriformes	non_actinopterygian	ITPR1	Gymnogyps_californianus|GCF_018139145.2|ITPR1.0	Gymnogyps_californianus|GCF_018139145.2|ITPR1.0	NC_059483.1	2225793	2399204	17	ARL8B;BHLHE40;CAV3;CHL1;CNTN3;CRBN;EDEM1;GRM7;IL5RA;LMCD1;LRRN1;OXTR;RAD18;SRGAP3;SSUH2;SUMF1;TRNT1
GCF_018139145.2	Gymnogyps californianus	Aves	Accipitriformes	non_actinopterygian	ITPR2	Gymnogyps_californianus|GCF_018139145.2|ITPR2.0	Gymnogyps_californianus|GCF_018139145.2|ITPR2.0	NC_059471.1	142962437	143243439	18	BHLHE41;BMAL2;DNAI7;ETFRF1;FGFR1OP2;GYS2;INTS13;IRAG2;KRAS;LDHB;MED21;PPFIBP1;RASSF8;REP15;SPX;SSPN;STK38L;TM7SF3
GCF_018139145.2	Gymnogyps californianus	Aves	Accipitriformes	non_actinopterygian	ITPR3	Gymnogyps_californianus|GCF_018139145.2|ITPR3.0	Gymnogyps_californianus|GCF_018139145.2|ITPR3.0	NC_059497.1	4316392	4358599	16	APOBEC2;BAK1;FOXP4;GRM4;HMGA1;IP6K3;LEMD2;MDFI;MLN;NFYA;NUDT3;OARD1;RPS10;SMIM29;TFEB;TSPO2
GCF_018139145.2	Gymnogyps californianus	Aves	Accipitriformes	non_actinopterygian	RYR	Gymnogyps_californianus|GCF_018139145.2|RYR.0	Gymnogyps_californianus|GCF_018139145.2|RYR.0	NC_059473.1	42967467	43422079	20	ACTN2;CEP170;CHRM3;EDARADD;ERO1B;EXO1;FMN2;GNG4;GPR137B;GREM2;HEATR1;LGALS8;LYST;MAP1LC3C;MTR;NID1;OPN3;PIGM;PLD5;RGS7
GCF_018139145.2	Gymnogyps californianus	Aves	Accipitriformes	non_actinopterygian	RYR	Gymnogyps_californianus|GCF_018139145.2|RYR.1	Gymnogyps_californianus|GCF_018139145.2|RYR.1	NC_059475.1	35791639	36054538	18	ARHGAP11A;AVEN;CDIN1;CHRM5;EIF2AK4;EMC7;FAM98B;FMN1;FSIP1;GPR176;GREM1;KATNBL1;MEIS2;RASGRP1;SCG5;SPRED1;SRP14;THBS1
GCF_018320785.1	Cheilinus undulatus	Actinopteri	Labriformes	teleost	ITPR1	Cheilinus_undulatus|GCF_018320785.1|ITPR1.1	Cheilinus_undulatus|GCF_018320785.1|ITPR1.1	NC_054867.1	15136625	15271944	16	ARL6IP5A;ARL8B;BHLHE40;CAMKV;COMT;EEVS;FRMD4B;GRM6B;LRRN1;MDFIC2;MITF;MON1A;MST1R;SEMA3F;SETMAR;TRNT1
GCF_018320785.1	Cheilinus undulatus	Actinopteri	Labriformes	teleost	ITPR1	Cheilinus_undulatus|GCF_018320785.1|ITPR1.0	Cheilinus_undulatus|GCF_018320785.1|ITPR1.0	NC_054867.1	27332762	27452368	9	ATF1;DIP2B;ESYT1B;RBMS2A;SCN8A;SLC4A8;SUMF1;TTLL3;ZC3H10
GCF_018320785.1	Cheilinus undulatus	Actinopteri	Labriformes	teleost	ITPR2	Cheilinus_undulatus|GCF_018320785.1|ITPR2.0	Cheilinus_undulatus|GCF_018320785.1|ITPR2.0	NC_054873.1	30274442	30375258	15	ARNTL2;BHLHE41;C1QTNF13;CES2B;EEA1;FANCI;FBXO31;KRAS;NR1H4;NUDT4A;PLEKHG7;PPFIBP1B;SLC17A8;SSPN;UBE2N
GCF_018320785.1	Cheilinus undulatus	Actinopteri	Labriformes	teleost	ITPR3	Cheilinus_undulatus|GCF_018320785.1|ITPR3.0	Cheilinus_undulatus|GCF_018320785.1|ITPR3.0	NC_054875.1	48211057	48296325	9	EDEM2;GPR37L1B;GRIPAP1;HM13;KCND1;PLXNA3;PTPN18;SNX21;SULF2B
GCF_018320785.1	Cheilinus undulatus	Actinopteri	Labriformes	teleost	RYR	Cheilinus_undulatus|GCF_018320785.1|RYR.1	Cheilinus_undulatus|GCF_018320785.1|RYR.1	NC_054866.1	46400271	46490140	11	B3GNT2L;BCKDH;EXOSC5;HNRNPUL1;NAPA;OPA3;PPP1R13L;PPP5C;RASGRP4;TGFB1A;TMEM91
GCF_018320785.1	Cheilinus undulatus	Actinopteri	Labriformes	teleost	RYR	Cheilinus_undulatus|GCF_018320785.1|RYR.5	Cheilinus_undulatus|GCF_018320785.1|RYR.5	NC_054870.1	30510163	30607708	9	ACTN2B;CHRM3A;DNAJC9;ECD;FAM149B1;GREM2A;NDNFL;P4HA1B;RGS7A
GCF_018320785.1	Cheilinus undulatus	Actinopteri	Labriformes	teleost	RYR	Cheilinus_undulatus|GCF_018320785.1|RYR.2	Cheilinus_undulatus|GCF_018320785.1|RYR.2	NC_054876.1	34978154	35042963	13	BRD8A;CXXC5A;DNAJC18;GABRR3A;GNG8;NFRK;NRG2A;PCYT1B;PHLDB2A;PPP3C;PURA;SMS;TMEM45B
GCF_018320785.1	Cheilinus undulatus	Actinopteri	Labriformes	teleost	RYR	Cheilinus_undulatus|GCF_018320785.1|RYR.4	Cheilinus_undulatus|GCF_018320785.1|RYR.4	NC_054878.1	36728531	36909986	16	ABRACL;ACOT20;ACTC1A;AVEN;CLU;EMC7B;FMN1;GPR176;GREM1A;KATNBL1;REPS1;SCARA3;SLC10A1;SRSF5B;SUSD6;THBS1B
GCF_018320785.1	Cheilinus undulatus	Actinopteri	Labriformes	teleost	RYR	Cheilinus_undulatus|GCF_018320785.1|RYR.3	Cheilinus_undulatus|GCF_018320785.1|RYR.3	NC_054882.1	25641122	25819800	8	ACP7;ARHGAP11A;CHRM5A;EML5;FSIP1;GREM1B;ISCA2;TTC8
GCF_018320785.1	Cheilinus undulatus	Actinopteri	Labriformes	teleost	RYR	Cheilinus_undulatus|GCF_018320785.1|RYR.0	Cheilinus_undulatus|GCF_018320785.1|RYR.0	NC_054884.1	2956200	3115991	12	BMS1;BSK146;DHRS7C;EGR2B;FDXR;FMN2B;HEXDC;HS3ST3L;MTR;NARF;SULT2ST2;UTS2R2
GCF_018691265.1	Tyto alba	Aves	Strigiformes	non_actinopterygian	ITPR1	Tyto_alba|GCF_018691265.1|ITPR1.0	Tyto_alba|GCF_018691265.1|ITPR1.0	NW_024881304.1	18302107	18505467	15	ARL8B;BHLHE40;CHL1;CNTN4;CNTN6;CRBN;EDEM1;GRM7;IL5RA;LMCD1;LRRN1;OXTR;SSUH2;SUMF1;TRNT1
GCF_018691265.1	Tyto alba	Aves	Strigiformes	non_actinopterygian	ITPR2	Tyto_alba|GCF_018691265.1|ITPR2.0	Tyto_alba|GCF_018691265.1|ITPR2.0	NW_024881295.1	9356745	9625153	18	ARNTL2;BHLHE41;DNAI7;ETFRF1;FGFR1OP2;GYS2;INTS13;IRAG2;KRAS;LMNTD1;MED21;PPFIBP1;RASSF8;REP15;SPX;SSPN;STK38L;TM7SF3
GCF_018691265.1	Tyto alba	Aves	Strigiformes	non_actinopterygian	ITPR3	Tyto_alba|GCF_018691265.1|ITPR3.0	Tyto_alba|GCF_018691265.1|ITPR3.0	NW_024881305.1	3533328	3645424	17	APOBEC2;BAK1;FOXP4;GRM4;HMGA1;ILRUN;MDFI;NFYA;NUDT3;OARD1;PACSIN1;RPS10;SMIM29;SNRPC;SPDEF;TFEB;UHRF1BP1
GCF_018691265.1	Tyto alba	Aves	Strigiformes	non_actinopterygian	RYR	Tyto_alba|GCF_018691265.1|RYR.1	Tyto_alba|GCF_018691265.1|RYR.1	NW_024881280.1	14168144	14409193	16	BMF;CDIN1;CHRM5;DPH6;EIF2AK4;EMC7;FAM98B;FSIP1;GPR176;GREM1;KATNBL1;MEIS2;RASGRP1;SPRED1;SRP14;THBS1
GCF_018691265.1	Tyto alba	Aves	Strigiformes	non_actinopterygian	RYR	Tyto_alba|GCF_018691265.1|RYR.0	Tyto_alba|GCF_018691265.1|RYR.0	NW_024881296.1	8998953	9428156	20	ACTN2;CHRM3;EDARADD;ERO1B;EXO1;FMN2;GNG4;GPR137B;GREM2;HEATR1;LGALS8;LYST;MAP1LC3C;MTR;NID1;OPN3;PIGM;PLD5;RGS7;WDR64
GCF_018977255.1	Callorhinchus milii	Chondrichthyes	Chimaeriformes	non_actinopterygian	ITPR1	Callorhinchus_milii|GCF_018977255.1|ITPR1.0	Callorhinchus_milii|GCF_018977255.1|ITPR1.0	NW_024704753.1	2373660	2505067	11	ARL8B;BHLHE40;CHDH;CHL1B;CNTN4;CRBN;DCP1A;EDEM1;LRRN1;SETMAR;SUMF1
GCF_018977255.1	Callorhinchus milii	Chondrichthyes	Chimaeriformes	non_actinopterygian	ITPR2	Callorhinchus_milii|GCF_018977255.1|ITPR2.0	Callorhinchus_milii|GCF_018977255.1|ITPR2.0	NW_024704746.1	26317070	26386417	9	BHLHE41;CEP83;EEA1;INTS13;MRPL42;NUDT4;PLEKHG7;RASSF8B;SSPN
GCF_018977255.1	Callorhinchus milii	Chondrichthyes	Chimaeriformes	non_actinopterygian	RYR	Callorhinchus_milii|GCF_018977255.1|RYR.1	Callorhinchus_milii|GCF_018977255.1|RYR.1	NW_024704744.1	56279248	56533243	10	ACAT2;CDC42EP3;FH;FMN2B;FNDC1;GREM2B;HEATR1;OPN3;SOD2;WTAP
GCF_018977255.1	Callorhinchus milii	Chondrichthyes	Chimaeriformes	non_actinopterygian	RYR	Callorhinchus_milii|GCF_018977255.1|RYR.2	Callorhinchus_milii|GCF_018977255.1|RYR.2	NW_024704750.1	9868219	9978999	19	AQR;ARG2;ARHGAP11A;CDIN1;CHRM5B;DPH6;EMC7B;FAM98B;FMN1;FSIP1;GPR176;GREM1A;KATNBL1;MEIS2A;RDH12;SPRED1;THBS1B;VTI1B;ZFYVE26
GCF_019279795.1	Protopterus annectens	Dipnoi	Ceratodontiformes	non_actinopterygian	ITPR1	Protopterus_annectens|GCF_019279795.1|ITPR1.0	Protopterus_annectens|GCF_019279795.1|ITPR1.0	NC_056739.1	1463868428	1466539365	12	ARL8B;BHLHE40;CCDC51;CHL1;CNTN4;EDEM1;IL5RA;LRRN1;MAPKAPK3;PLXNB1;SUMF1;TRNT1
GCF_019279795.1	Protopterus annectens	Dipnoi	Ceratodontiformes	non_actinopterygian	ITPR2	Protopterus_annectens|GCF_019279795.1|ITPR2.0	Protopterus_annectens|GCF_019279795.1|ITPR2.0	NC_056745.1	235881312	238294768	17	BCAT1;BHLHE41;DNAI7;EEA1;ETFRF1;INTS13;IRAG2;KRAS;LMNTD1;MRPL42;NUDT4;PLEKHG7;PLXNC1;SOCS2;SOX5;SSPN;UBE2N
GCF_019279795.1	Protopterus annectens	Dipnoi	Ceratodontiformes	non_actinopterygian	ITPR3	Protopterus_annectens|GCF_019279795.1|ITPR3.0	Protopterus_annectens|GCF_019279795.1|ITPR3.0	NC_056739.1	69818967	72625813	14	APOBEC2;ARL8A;ELF3;GPR37L1;GRM4;IP6K3;LEMD2;LGR6;MLN;OARD1;PPP1R12B;PTPN7;TMEM167B;UBE2T
GCF_019279795.1	Protopterus annectens	Dipnoi	Ceratodontiformes	non_actinopterygian	RYR	Protopterus_annectens|GCF_019279795.1|RYR.1	Protopterus_annectens|GCF_019279795.1|RYR.1	NC_056725.1	677632777	679777705	6	CCDC113;MED29;NGB;PAF1;PLEKHG2;SYTL3
GCF_019279795.1	Protopterus annectens	Dipnoi	Ceratodontiformes	non_actinopterygian	RYR	Protopterus_annectens|GCF_019279795.1|RYR.0	Protopterus_annectens|GCF_019279795.1|RYR.0	NC_056727.1	819421066	825643958	12	ACTN2;CHRM3;CRIM1;EHD3;FEZ2;GREM2;HEATR1;LGALS8;LTBP1;MTR;RASGRP3;RIOX1
GCF_019279795.1	Protopterus annectens	Dipnoi	Ceratodontiformes	non_actinopterygian	RYR	Protopterus_annectens|GCF_019279795.1|RYR.2	Protopterus_annectens|GCF_019279795.1|RYR.2	NC_056737.1	411040769	414289751	12	AVEN;BUB1B;CHRM5;EMC7;FMN1;GPX2;GREM1;MTA1;PACS2;PIGH;RAB15;SCG5
GCF_019393635.1	Dromiciops gliroides	Mammalia	Microbiotheria	non_actinopterygian	ITPR1	Dromiciops_gliroides|GCF_019393635.1|ITPR1.0	Dromiciops_gliroides|GCF_019393635.1|ITPR1.0	NC_057861.1	716065122	716433494	14	ARL8B;BHLHE40;CAV3;CNTN4;CRBN;EDEM1;GRM7;IL5RA;LMCD1;LRRN1;OXTR;SSUH2;SUMF1;TRNT1
GCF_019393635.1	Dromiciops gliroides	Mammalia	Microbiotheria	non_actinopterygian	ITPR2	Dromiciops_gliroides|GCF_019393635.1|ITPR2.0	Dromiciops_gliroides|GCF_019393635.1|ITPR2.0	NC_057865.1	175016423	175525192	16	ARNTL2;BHLHE41;DNAI7;ETFRF1;FGFR1OP2;INTS13;IRAG2;KRAS;LMNTD1;MED21;PFKFB3;RASSF8;RBM17;SSPN;STK38L;TM7SF3
GCF_019393635.1	Dromiciops gliroides	Mammalia	Microbiotheria	non_actinopterygian	ITPR3	Dromiciops_gliroides|GCF_019393635.1|ITPR3.0	Dromiciops_gliroides|GCF_019393635.1|ITPR3.0	NC_057864.1	242677927	242817030	16	BAK1;CUTA;DAXX;GRM4;HMGA1;IP6K3;KIFC1;LEMD2;MLN;NUDT3;PHF1;RPS10;SMIM29;SMIM40;SYNGAP1;ZBTB9
GCF_019393635.1	Dromiciops gliroides	Mammalia	Microbiotheria	non_actinopterygian	RYR	Dromiciops_gliroides|GCF_019393635.1|RYR.2	Dromiciops_gliroides|GCF_019393635.1|RYR.2	NC_057862.1	182012020	182692087	16	ACTC1;AQR;ARHGAP11A;AVEN;CHRM5;EMC4;EMC7;FMN1;GJD2;GREM1;KATNBL1;LPCAT4;NOP10;NUTM1;SLC12A6;ZNF770
GCF_019393635.1	Dromiciops gliroides	Mammalia	Microbiotheria	non_actinopterygian	RYR	Dromiciops_gliroides|GCF_019393635.1|RYR.1	Dromiciops_gliroides|GCF_019393635.1|RYR.1	NC_057863.1	643213000	643307916	18	ACTN4;CAPN12;ECH1;EIF3K;FAM98C;GGN;HNRNPL;KCNK6;LGALS4;LGALS7;MAP4K1;PSMD8;RASGRP4;RINL;SIRT2;SPINT2;SPRED3;YIF1B
GCF_019393635.1	Dromiciops gliroides	Mammalia	Microbiotheria	non_actinopterygian	RYR	Dromiciops_gliroides|GCF_019393635.1|RYR.0	Dromiciops_gliroides|GCF_019393635.1|RYR.0	NC_057864.1	141478139	142234883	15	ACTN2;CHRM3;EDARADD;ERO1B;FH;FMN2;GPR137B;GREM2;HEATR1;KMO;LGALS8;MTR;NID1;RGS7;ZP4
GCF_019740435.1	Gambusia affinis	Actinopteri	Cyprinodontiformes	teleost	ITPR1	Gambusia_affinis|GCF_019740435.1|ITPR1.1	Gambusia_affinis|GCF_019740435.1|ITPR1.1	NC_057874.1	4757660	4864707	7	FRMD4B;LRRN1;MITF;PLXNB1B;SETMAR;TP53RK;TRNT1
GCF_019740435.1	Gambusia affinis	Actinopteri	Cyprinodontiformes	teleost	ITPR1	Gambusia_affinis|GCF_019740435.1|ITPR1.0	Gambusia_affinis|GCF_019740435.1|ITPR1.0	NC_057874.1	12759475	12840509	9	ATF1;ATF7B;DIP2B;ESYT1B;LARP4A;SCN8A;SLC4A8;SUMF1;ZC3H10
GCF_019740435.1	Gambusia affinis	Actinopteri	Cyprinodontiformes	teleost	ITPR2	Gambusia_affinis|GCF_019740435.1|ITPR2.0	Gambusia_affinis|GCF_019740435.1|ITPR2.0	NC_057875.1	13332486	13394385	17	ARNTL2;BHLHE41;C1QTNF13;CES2B;EEA1;ENDOUC;FANCI;FBXO31;KRAS;NR1H4;NUDT4A;PLEKHG7;POLG;PPFIBP1B;SLC17A8;SSPN;UBE2N
GCF_019740435.1	Gambusia affinis	Actinopteri	Cyprinodontiformes	teleost	RYR	Gambusia_affinis|GCF_019740435.1|RYR.2	Gambusia_affinis|GCF_019740435.1|RYR.2	NC_057873.1	4438893	4555784	11	EXOSC5;HNRNPUL1;INTS4;KCTD14;OPA3;PPP1R13L;PPP5C;RASGRP4;RPS3;TGFB1A;TMEM91
GCF_019740435.1	Gambusia affinis	Actinopteri	Cyprinodontiformes	teleost	RYR	Gambusia_affinis|GCF_019740435.1|RYR.5	Gambusia_affinis|GCF_019740435.1|RYR.5	NC_057880.1	9646814	9718630	13	ACTN2B;CCSER2A;CHRM3A;DNAJC9;ECD;FAM149B1;FMN2A;GREM2A;NDNFL;P4HA1B;PHYHIPL;RGS7A;SPARCL2
GCF_019740435.1	Gambusia affinis	Actinopteri	Cyprinodontiformes	teleost	RYR	Gambusia_affinis|GCF_019740435.1|RYR.1	Gambusia_affinis|GCF_019740435.1|RYR.1	NC_057882.1	10183852	10237563	14	BRD8A;CXXC5A;DNAJC18;GABRR3A;GNG8;HHLA2A;NFRK;NRG2A;PHLDB2A;PPP3C;PURA;SMS;TMEM45B;ZDHHC20A
GCF_019740435.1	Gambusia affinis	Actinopteri	Cyprinodontiformes	teleost	RYR	Gambusia_affinis|GCF_019740435.1|RYR.3	Gambusia_affinis|GCF_019740435.1|RYR.3	NC_057883.1	16826930	16931868	7	ACP7;ARHGAP11A;CHRM5A;CRIM1;EIF2AK4;FSIP1;GREM1B
GCF_019740435.1	Gambusia affinis	Actinopteri	Cyprinodontiformes	teleost	RYR	Gambusia_affinis|GCF_019740435.1|RYR.0	Gambusia_affinis|GCF_019740435.1|RYR.0	NC_057887.1	1246035	1375740	16	ACBD4;ACTA2;ADGRA1A;ADOA;ARHGAP23B;BMS1;CABCOCO1;CH25H;EGR2B;EXOC6;JMJD1C;MTR;NRBF2B;PLCD3B;REEP3B;STAMBPL1
GCF_019740435.1	Gambusia affinis	Actinopteri	Cyprinodontiformes	teleost	RYR	Gambusia_affinis|GCF_019740435.1|RYR.4	Gambusia_affinis|GCF_019740435.1|RYR.4	NC_057889.1	5450296	5580607	16	ABRACL;ACTC1A;CHRM5B;CLU;EMC7B;FMN1;GPR176;GREM1A;KATNBL1;MAX;REPS1;SCARA3;SLC10A1;SRSF5B;SUSD6;THBS1B
GCF_020171115.1	Neogale vison	Mammalia	Carnivora	non_actinopterygian	ITPR1	Neogale_vison|GCF_020171115.1|ITPR1.0	Neogale_vison|GCF_020171115.1|ITPR1.0	NC_058096.1	177549549	177854102	16	ARL8B;CAV3;CNTN4;CRBN;EDEM1;GRM7;IL5RA;LMCD1;LRRN1;OXTR;RAD18;SRGAP3;SSUH2;SUMF1;THUMPD3;TRNT1
GCF_020171115.1	Neogale vison	Mammalia	Carnivora	non_actinopterygian	ITPR2	Neogale_vison|GCF_020171115.1|ITPR2.0	Neogale_vison|GCF_020171115.1|ITPR2.0	NC_058102.1	68088926	68595673	20	ARNTL2;BCAT1;BHLHE41;C12H12ORF71;DNAI7;ETFRF1;FGFR1OP2;INTS13;IRAG2;KRAS;LMNTD1;MED21;PPFIBP1;RASSF8;REP15;SMCO2;SOX5;SSPN;STK38L;TM7SF3
GCF_020171115.1	Neogale vison	Mammalia	Carnivora	non_actinopterygian	ITPR3	Neogale_vison|GCF_020171115.1|ITPR3.0	Neogale_vison|GCF_020171115.1|ITPR3.0	NC_058091.1	118890066	118980068	17	BAK1;CUTA;DAXX;GRM4;HMGA1;KIFC1;LEMD2;MLN;NUDT3;PACSIN1;PHF1;RPS10;SMIM29;SMIM40;SPDEF;SYNGAP1;ZBTB9
GCF_020171115.1	Neogale vison	Mammalia	Carnivora	non_actinopterygian	RYR	Neogale_vison|GCF_020171115.1|RYR.0	Neogale_vison|GCF_020171115.1|RYR.0	NC_058092.1	161210069	161944540	11	ACTN2;CHRM3;EDARADD;HEATR1;IFIT1B;IFIT3;LGALS8;MTR;ZNF248;ZNF25;ZP4
GCF_020171115.1	Neogale vison	Mammalia	Carnivora	non_actinopterygian	RYR	Neogale_vison|GCF_020171115.1|RYR.1	Neogale_vison|GCF_020171115.1|RYR.1	NC_058097.1	44730889	44841469	18	ACTN4;C7H19ORF33;CAPN12;CATSPERG;ECH1;EIF3K;FAM98C;GGN;HNRNPL;KCNK6;LGALS4;LGALS7;MAP4K1;PSMD8;RASGRP4;SPINT2;SPRED3;YIF1B
GCF_020171115.1	Neogale vison	Mammalia	Carnivora	non_actinopterygian	RYR	Neogale_vison|GCF_020171115.1|RYR.2	Neogale_vison|GCF_020171115.1|RYR.2	NC_058103.1	92917212	93431856	17	ACTC1;AQR;AVEN;CHRM5;DPH6;EMC4;EMC7;FMN1;GJD2;GREM1;KATNBL1;LPCAT4;NOP10;NUTM1;SCG5;SLC12A6;ZNF770
GCF_020740795.1	Apus apus	Aves	Apodiformes	non_actinopterygian	ITPR1	Apus_apus|GCF_020740795.1|ITPR1.0	Apus_apus|GCF_020740795.1|ITPR1.0	NC_067290.1	20237306	20401680	17	ARL8B;BHLHE40;CAV3;CHL1;CNTN6;CRBN;EDEM1;GRM7;IL5RA;LMCD1;LRRN1;OXTR;RAD18;SRGAP3;SUMF1;THUMPD3;TRNT1
GCF_020740795.1	Apus apus	Aves	Apodiformes	non_actinopterygian	ITPR2	Apus_apus|GCF_020740795.1|ITPR2.0	Apus_apus|GCF_020740795.1|ITPR2.0	NC_067282.1	131540978	131807467	19	BHLHE41;BMAL2;DNAI7;ENDOU;ETFRF1;FGFR1OP2;GYS2;INTS13;IRAG2;KRAS;LDHB;MED21;PPFIBP1;RASSF8;REP15;SPX;SSPN;STK38L;TM7SF3
GCF_020740795.1	Apus apus	Aves	Apodiformes	non_actinopterygian	ITPR3	Apus_apus|GCF_020740795.1|ITPR3.0	Apus_apus|GCF_020740795.1|ITPR3.0	NC_067304.1	3100173	3231122	17	APOBEC2;BAK1;BLTP3A;FOXP4;GRM4;HMGA1;ILRUN;MDFI;NFYA;NUDT3;OARD1;PACSIN1;RPS10;SMIM29;SNRPC;SPDEF;TFEB
GCF_020740795.1	Apus apus	Aves	Apodiformes	non_actinopterygian	RYR	Apus_apus|GCF_020740795.1|RYR.0	Apus_apus|GCF_020740795.1|RYR.0	NC_067284.1	84403139	84777757	19	ACTN2;CHRM3;EDARADD;ERO1B;EXO1;FMN2;GNG4;GPR137B;GREM2;HEATR1;LGALS8;LYST;MAP1LC3C;MTR;NID1;OPN3;PIGM;PLD5;RGS7
GCF_020740795.1	Apus apus	Aves	Apodiformes	non_actinopterygian	RYR	Apus_apus|GCF_020740795.1|RYR.1	Apus_apus|GCF_020740795.1|RYR.1	NC_067286.1	32858455	33068469	18	AVEN;CDIN1;CHRM5;DPH6;EIF2AK4;EMC7;FAM98B;FMN1;FSIP1;GPR176;GREM1;KATNBL1;MEIS2;RASGRP1;SPRED1;SRP14;THBS1;ZNF770
GCF_020826845.1	Diceros bicornis minor	Mammalia	Perissodactyla	non_actinopterygian	ITPR1	Diceros_bicornis_minor|GCF_020826845.1|ITPR1.0	Diceros_bicornis_minor|GCF_020826845.1|ITPR1.0	NC_080741.1	74945175	75239901	15	ARL8B;BHLHE40;CAV3;CNTN4;CNTN6;CRBN;EDEM1;GRM7;IL5RA;LMCD1;LRRN1;OXTR;RAD18;SUMF1;TRNT1
GCF_020826845.1	Diceros bicornis minor	Mammalia	Perissodactyla	non_actinopterygian	ITPR2	Diceros_bicornis_minor|GCF_020826845.1|ITPR2.0	Diceros_bicornis_minor|GCF_020826845.1|ITPR2.0	NC_080756.1	36092444	36639662	20	BCAT1;BHLHE41;BMAL2;C17H12ORF71;DNAI7;ETFRF1;FGFR1OP2;INTS13;IRAG2;KRAS;LMNTD1;MED21;PPFIBP1;RASSF8;REP15;SMCO2;SOX5;SSPN;STK38L;TM7SF3
GCF_020826845.1	Diceros bicornis minor	Mammalia	Perissodactyla	non_actinopterygian	ITPR3	Diceros_bicornis_minor|GCF_020826845.1|ITPR3.0	Diceros_bicornis_minor|GCF_020826845.1|ITPR3.0	NC_080753.1	30701436	30931174	18	BAK1;BLTP3A;CUTA;DAXX;GRM4;HMGA1;ILRUN;KIFC1;NUDT3;PACSIN1;PHF1;RPS10;SMIM29;SMIM40;SNRPC;SPDEF;SYNGAP1;ZBTB9
GCF_020826845.1	Diceros bicornis minor	Mammalia	Perissodactyla	non_actinopterygian	RYR	Diceros_bicornis_minor|GCF_020826845.1|RYR.2	Diceros_bicornis_minor|GCF_020826845.1|RYR.2	NC_080744.1	32015265	32507119	18	ACTC1;AQR;ARHGAP11A;AVEN;CHRM5;DPH6;EMC4;EMC7;FMN1;GJD2;GREM1;KATNBL1;LPCAT4;NOP10;NUTM1;SCG5;SLC12A6;ZNF770
GCF_020826845.1	Diceros bicornis minor	Mammalia	Perissodactyla	non_actinopterygian	RYR	Diceros_bicornis_minor|GCF_020826845.1|RYR.0	Diceros_bicornis_minor|GCF_020826845.1|RYR.0	NC_080745.1	19002113	19684278	15	ACTN2;CHRM3;DEPP1;EDARADD;ERO1B;GNG4;GPR137B;HEATR1;LGALS8;LYST;MTR;NID1;RASSF4;TMEM72;ZP4
GCF_020826845.1	Diceros bicornis minor	Mammalia	Perissodactyla	non_actinopterygian	RYR	Diceros_bicornis_minor|GCF_020826845.1|RYR.1	Diceros_bicornis_minor|GCF_020826845.1|RYR.1	NC_080773.1	12643064	12753079	18	ACTN4;C34H19ORF33;CAPN12;CATSPERG;ECH1;EIF3K;FAM98C;GGN;HNRNPL;KCNK6;LGALS4;MAP4K1;PSMD8;RASGRP4;RINL;SPINT2;SPRED3;YIF1B
GCF_021028975.2	Sphaerodactylus townsendi	Lepidosauria	Squamata	non_actinopterygian	ITPR1	Sphaerodactylus_townsendi|GCF_021028975.2|ITPR1.0	Sphaerodactylus_townsendi|GCF_021028975.2|ITPR1.0	NC_059427.1	42061788	42299802	13	ARL8B;BHLHE40;CHL1;CRBN;EDEM1;GRM7;LMCD1;LRRN1;OXTR;RAD18;SSUH2;SUMF1;TRNT1
GCF_021028975.2	Sphaerodactylus townsendi	Lepidosauria	Squamata	non_actinopterygian	ITPR2	Sphaerodactylus_townsendi|GCF_021028975.2|ITPR2.0	Sphaerodactylus_townsendi|GCF_021028975.2|ITPR2.0	NC_059430.1	92332823	92559978	17	ARNTL2;BHLHE41;CDC123;DHTKD1;FGFR1OP2;INTS13;LMNTD1;MED21;NUDT5;PPFIBP1;RASSF8;REP15;SEC61A2;SSPN;STK38L;TM7SF3;UPF2
GCF_021028975.2	Sphaerodactylus townsendi	Lepidosauria	Squamata	non_actinopterygian	ITPR3	Sphaerodactylus_townsendi|GCF_021028975.2|ITPR3.0	Sphaerodactylus_townsendi|GCF_021028975.2|ITPR3.0	NC_059429.1	80677714	80794033	18	APOBEC2;BAK1;ETV7;GRM4;HMGA1;IP6K3;KCTD20;LEMD2;MLN;NFYA;NUDT3;OARD1;RHO;RPS10;SMIM29;SRSF3;STK38;TSPO2
GCF_021028975.2	Sphaerodactylus townsendi	Lepidosauria	Squamata	non_actinopterygian	RYR	Sphaerodactylus_townsendi|GCF_021028975.2|RYR.0	Sphaerodactylus_townsendi|GCF_021028975.2|RYR.0	NC_059425.1	83578715	84041558	19	ACTN2;CHRM3;EDARADD;ERO1B;EXO1;FMN2;GNG4;GPR137B;GREM2;HEATR1;LGALS8;LYST;MAP1LC3C;MTR;NID1;OPN3;PIGM;RGS7;WDR64
GCF_021028975.2	Sphaerodactylus townsendi	Lepidosauria	Squamata	non_actinopterygian	RYR	Sphaerodactylus_townsendi|GCF_021028975.2|RYR.1	Sphaerodactylus_townsendi|GCF_021028975.2|RYR.1	NC_059426.1	128314006	128685371	19	ARHGAP11A;AVEN;CDIN1;CHRM5;DPH6;EIF2AK4;EMC7;FAM98B;FMN1;FSIP1;GPR176;GREM1;KATNBL1;MEIS2;RASGRP1;SCG5;SPRED1;SRP14;THBS1
GCF_021028975.2	Sphaerodactylus townsendi	Lepidosauria	Squamata	non_actinopterygian	RYR	Sphaerodactylus_townsendi|GCF_021028975.2|RYR.2	Sphaerodactylus_townsendi|GCF_021028975.2|RYR.2	NC_059430.1	129011909	129216953	16	ACTN4;CATSPERG;ECH1;EIF3K;FAM98C;GGN;HNRNPL;LGALS4;MAP4K1;MEIS3;NFKBIB;PSMD8;RASGRP4;SIRT2;SLC8A2;SPRED3
GCF_021292245.1	Micropterus dolomieu	Actinopteri	Centrarchiformes	teleost	ITPR1	Micropterus_dolomieu|GCF_021292245.1|ITPR1.0	Micropterus_dolomieu|GCF_021292245.1|ITPR1.0	NC_060167.1	23291270	23356986	7	ESYT1B;RHBDD2;SCN8A;SLC4A8;SUMF1;TTLL3;ZC3H10
GCF_021292245.1	Micropterus dolomieu	Actinopteri	Centrarchiformes	teleost	ITPR1	Micropterus_dolomieu|GCF_021292245.1|ITPR1.1	Micropterus_dolomieu|GCF_021292245.1|ITPR1.1	NC_060167.1	31791952	31871876	15	ARL6IP5A;AVPR2B;BHLHE40;COMT;EEVS;FRMD4B;GRM6B;LRRN1;MDFIC2;MITF;MON1A;MST1R;OPN1LW1;SETMAR;TRNT1
GCF_021292245.1	Micropterus dolomieu	Actinopteri	Centrarchiformes	teleost	ITPR2	Micropterus_dolomieu|GCF_021292245.1|ITPR2.0	Micropterus_dolomieu|GCF_021292245.1|ITPR2.0	NC_060171.1	21014764	21072628	15	BHLHE41;C1QTNF13;CES2B;DNAI7;EEA1;FANCI;FBXO31;KRAS;LYRM5A;NR1H4;NUDT4A;PLEKHG7;SLC5A8;SSPN;UBE2N
GCF_021292245.1	Micropterus dolomieu	Actinopteri	Centrarchiformes	teleost	RYR	Micropterus_dolomieu|GCF_021292245.1|RYR.4	Micropterus_dolomieu|GCF_021292245.1|RYR.4	NC_060159.1	20962455	21101893	13	ACTC1A;AVEN;CLU;EMC7B;FMN1;GPR176;GREM1A;KATNBL1;REPS1;SCARA3;SRSF5B;SUSD6;THBS1B
GCF_021292245.1	Micropterus dolomieu	Actinopteri	Centrarchiformes	teleost	RYR	Micropterus_dolomieu|GCF_021292245.1|RYR.3	Micropterus_dolomieu|GCF_021292245.1|RYR.3	NC_060160.1	18548858	18656657	8	ACP7;ARHGAP11A;CHRM5A;CRIM1;EIF2AK4;FSIP1;GREM1B;TOR4A
GCF_021292245.1	Micropterus dolomieu	Actinopteri	Centrarchiformes	teleost	RYR	Micropterus_dolomieu|GCF_021292245.1|RYR.0	Micropterus_dolomieu|GCF_021292245.1|RYR.0	NC_060163.1	2211426	2401915	13	ACBD4;ADGRA1A;ADOA;BMS1;CABCOCO1;EGR2B;EXOC6;FMN2B;GALK1;JMJD1C;MTR;NRBF2B;TMEM94
GCF_021292245.1	Micropterus dolomieu	Actinopteri	Centrarchiformes	teleost	RYR	Micropterus_dolomieu|GCF_021292245.1|RYR.5	Micropterus_dolomieu|GCF_021292245.1|RYR.5	NC_060164.1	18914061	19001221	12	ACTN2B;CCSER2A;CHRM3A;DNAJC9;ECD;FAM149B1;FMN2A;GREM2A;NDNFL;P4HA1B;RGS7A;SPARCL2
GCF_021292245.1	Micropterus dolomieu	Actinopteri	Centrarchiformes	teleost	RYR	Micropterus_dolomieu|GCF_021292245.1|RYR.1	Micropterus_dolomieu|GCF_021292245.1|RYR.1	NC_060166.1	33089652	33157536	10	BCKDH;EXOSC5;GIPR;HNRNPUL1;OPA3;PPP1R13L;PPP5C;RASGRP4;TGFB1A;TMEM91
GCF_021292245.1	Micropterus dolomieu	Actinopteri	Centrarchiformes	teleost	RYR	Micropterus_dolomieu|GCF_021292245.1|RYR.2	Micropterus_dolomieu|GCF_021292245.1|RYR.2	NC_060172.1	22772035	22818902	14	BRD8A;CXXC5A;DNAJC18;GABRR3A;GNG8;LIPI;NRG2A;PCYT1B;PHLDB2A;PURA;SLC22A6L;SMS;TMEM45B;ZDHHC20A
GCF_021613505.1	Equus quagga	Mammalia	Perissodactyla	non_actinopterygian	ITPR1	Equus_quagga|GCF_021613505.1|ITPR1.0	Equus_quagga|GCF_021613505.1|ITPR1.0	NC_060267.1	110125840	110420256	18	ARL8B;BHLHE40;CAV3;CHL1;CNTN4;CNTN6;CRBN;EDEM1;GRM7;IL5RA;LMCD1;LRRN1;OXTR;RAD18;SRGAP3;SSUH2;SUMF1;TRNT1
GCF_021613505.1	Equus quagga	Mammalia	Perissodactyla	non_actinopterygian	ITPR2	Equus_quagga|GCF_021613505.1|ITPR2.0	Equus_quagga|GCF_021613505.1|ITPR2.0	NC_060267.1	33318957	33783530	20	BCAT1;BHLHE41;BMAL2;C1H12ORF71;DNAI7;ETNK1;FGFR1OP2;INTS13;IRAG2;KRAS;LMNTD1;MED21;PPFIBP1;RASSF8;REP15;SMCO2;SOX5;SSPN;STK38L;TM7SF3
GCF_021613505.1	Equus quagga	Mammalia	Perissodactyla	non_actinopterygian	ITPR3	Equus_quagga|GCF_021613505.1|ITPR3.0	Equus_quagga|GCF_021613505.1|ITPR3.0	NC_060281.1	30103960	30168756	18	BAK1;CUTA;DAXX;GRM4;HMGA1;IP6K3;KIFC1;LEMD2;MLN;NUDT3;PACSIN1;PHF1;RPS10;SMIM29;SYNGAP1;TAPBP;ZBTB22;ZBTB9
GCF_021613505.1	Equus quagga	Mammalia	Perissodactyla	non_actinopterygian	RYR	Equus_quagga|GCF_021613505.1|RYR.2	Equus_quagga|GCF_021613505.1|RYR.2	NC_060268.1	31702790	32186950	16	ACTC1;AQR;AVEN;CDIN1;CHRM5;DPH6;EMC4;EMC7;FMN1;GJD2;GREM1;KATNBL1;LPCAT4;NUTM1;SLC12A6;ZNF770
GCF_021613505.1	Equus quagga	Mammalia	Perissodactyla	non_actinopterygian	RYR	Equus_quagga|GCF_021613505.1|RYR.0	Equus_quagga|GCF_021613505.1|RYR.0	NC_060268.1	111070441	111747694	13	ACTN2;CHRM3;EDARADD;ERO1B;GPR137B;HEATR1;LGALS8;LYST;MTR;NID1;ZNF248;ZNF25;ZP4
GCF_021613505.1	Equus quagga	Mammalia	Perissodactyla	non_actinopterygian	RYR	Equus_quagga|GCF_021613505.1|RYR.1	Equus_quagga|GCF_021613505.1|RYR.1	NC_060279.1	98480156	98590825	20	ACTN4;C13H19ORF33;CAPN12;CATSPERG;ECH1;EIF3K;FAM98C;GGN;HNRNPL;KCNK6;LGALS4;MAP4K1;NFKBIB;PSMD8;RASGRP4;RINL;SIRT2;SPINT2;SPRED3;YIF1B
GCF_023634155.1	Falco peregrinus	Aves	Falconiformes	non_actinopterygian	ITPR1	Falco_peregrinus|GCF_023634155.1|ITPR1.0	Falco_peregrinus|GCF_023634155.1|ITPR1.0	NC_073725.1	92706893	92877772	17	ARL8B;BHLHE40;CAV3;CHL1;CNTN3;CNTN6;CRBN;EDEM1;GRM7;IL5RA;LMCD1;LRRN1;OXTR;RAD18;SSUH2;SUMF1;TRNT1
GCF_023634155.1	Falco peregrinus	Aves	Falconiformes	non_actinopterygian	ITPR2	Falco_peregrinus|GCF_023634155.1|ITPR2.0	Falco_peregrinus|GCF_023634155.1|ITPR2.0	NC_073726.1	76503036	76767553	17	BHLHE41;BMAL2;DNAI7;ETFRF1;FGFR1OP2;GYS2;INTS13;IRAG2;KRAS;MED21;PPFIBP1;RASSF8;REP15;SPX;SSPN;STK38L;TM7SF3
GCF_023634155.1	Falco peregrinus	Aves	Falconiformes	non_actinopterygian	ITPR3	Falco_peregrinus|GCF_023634155.1|ITPR3.0	Falco_peregrinus|GCF_023634155.1|ITPR3.0	NC_073736.1	3786536	3907552	17	APOBEC2;BAK1;BLTP3A;FOXP4;GRM4;HMGA1;ILRUN;MDFI;NFYA;NUDT3;OARD1;PACSIN1;RPS10;SMIM29;SNRPC;SPDEF;TFEB
GCF_023634155.1	Falco peregrinus	Aves	Falconiformes	non_actinopterygian	RYR	Falco_peregrinus|GCF_023634155.1|RYR.1	Falco_peregrinus|GCF_023634155.1|RYR.1	NC_073721.1	75710460	75943533	17	ARHGAP11A;AVEN;CHRM5;EIF2AK4;EMC7;FAM98B;FMN1;FSIP1;GPR176;GREM1;KATNBL1;MEIS2;RASGRP1;SCG5;SPRED1;SRP14;THBS1
GCF_023634155.1	Falco peregrinus	Aves	Falconiformes	non_actinopterygian	RYR	Falco_peregrinus|GCF_023634155.1|RYR.0	Falco_peregrinus|GCF_023634155.1|RYR.0	NC_073727.1	8390232	8823509	19	ACTN2;CHRM3;EDARADD;ERO1B;EXO1;FMN2;GNG4;GPR137B;GREM2;HEATR1;LGALS8;LYST;MAP1LC3C;MTR;NID1;OPN3;PIGM;RGS7;WDR64
GCF_023851605.1	Tamandua tetradactyla	Mammalia	Pilosa	non_actinopterygian	ITPR1	Tamandua_tetradactyla|GCF_023851605.1|ITPR1.0	Tamandua_tetradactyla|GCF_023851605.1|ITPR1.0	NC_135335.1	44660629	44987735	11	ARL8B;BHLHE40;CAV3;EDEM1;GRM7;LMCD1;OXTR;RAD18;SRGAP3;SSUH2;SUMF1
GCF_023851605.1	Tamandua tetradactyla	Mammalia	Pilosa	non_actinopterygian	ITPR2	Tamandua_tetradactyla|GCF_023851605.1|ITPR2.0	Tamandua_tetradactyla|GCF_023851605.1|ITPR2.0	NC_135333.1	89216458	89819054	17	BHLHE41;BMAL2;C7H12ORF71;DNAI7;ETFRF1;FGFR1OP2;INTS13;IRAG2;KRAS;LMNTD1;MED21;PPFIBP1;RASSF8;REP15;SMCO2;STK38L;TM7SF3
GCF_023851605.1	Tamandua tetradactyla	Mammalia	Pilosa	non_actinopterygian	ITPR3	Tamandua_tetradactyla|GCF_023851605.1|ITPR3.0	Tamandua_tetradactyla|GCF_023851605.1|ITPR3.0	NC_135331.1	89627882	89698174	19	BAK1;CUTA;DAXX;GRM4;HMGA1;IP6K3;KIFC1;LEMD2;MLN;NUDT3;PACSIN1;PHF1;RPS10;SMIM29;SMIM40;SYNGAP1;UQCC2;ZBTB22;ZBTB9
GCF_023851605.1	Tamandua tetradactyla	Mammalia	Pilosa	non_actinopterygian	RYR	Tamandua_tetradactyla|GCF_023851605.1|RYR.0	Tamandua_tetradactyla|GCF_023851605.1|RYR.0	NC_135333.1	7845328	8623418	20	ACTN2;CHML;CHRM3;EDARADD;ERO1B;FH;FMN2;GNG4;GPR137B;GREM2;HEATR1;KMO;LGALS8;LYST;MTR;NID1;OPN3;RGS7;WDR64;ZP4
GCF_023851605.1	Tamandua tetradactyla	Mammalia	Pilosa	non_actinopterygian	RYR	Tamandua_tetradactyla|GCF_023851605.1|RYR.2	Tamandua_tetradactyla|GCF_023851605.1|RYR.2	NC_135340.1	46359152	46856562	18	ACTC1;AQR;ARHGAP11A;AVEN;CHRM5;DPH6;EMC4;EMC7;FMN1;GJD2;GREM1;KATNBL1;LPCAT4;NOP10;NUTM1;SCG5;SLC12A6;ZNF770
GCF_023851605.1	Tamandua tetradactyla	Mammalia	Pilosa	non_actinopterygian	RYR	Tamandua_tetradactyla|GCF_023851605.1|RYR.1	Tamandua_tetradactyla|GCF_023851605.1|RYR.1	NC_135342.1	25397899	25510372	20	ACTN4;C16H19ORF33;CAPN12;CATSPERG;ECH1;EIF3K;FAM98C;GGN;HNRNPL;KCNK6;LGALS4;LGALS7;MAP4K1;PSMD8;RASGRP4;RINL;SIRT2;SPINT2;SPRED3;YIF1B
GCF_024166365.1	Elephas maximus indicus	Mammalia	Proboscidea	non_actinopterygian	ITPR1	Elephas_maximus_indicus|GCF_024166365.1|ITPR1.0	Elephas_maximus_indicus|GCF_024166365.1|ITPR1.0	NC_064838.1	28785838	29143045	18	ARL8B;BHLHE40;CAV3;CHL1;CNTN4;CNTN6;CRBN;EDEM1;GRM7;IL5RA;LMCD1;LRRN1;OXTR;RAD18;SRGAP3;SSUH2;SUMF1;TRNT1
GCF_024166365.1	Elephas maximus indicus	Mammalia	Proboscidea	non_actinopterygian	ITPR2	Elephas_maximus_indicus|GCF_024166365.1|ITPR2.0	Elephas_maximus_indicus|GCF_024166365.1|ITPR2.0	NC_064822.1	85124538	85646657	20	BCAT1;BHLHE41;BMAL2;C4H12ORF71;DNAI7;ETFRF1;FGFR1OP2;INTS13;IRAG2;KRAS;LMNTD1;MED21;PPFIBP1;RASSF8;REP15;SMCO2;SOX5;SSPN;STK38L;TM7SF3
GCF_024166365.1	Elephas maximus indicus	Mammalia	Proboscidea	non_actinopterygian	ITPR3	Elephas_maximus_indicus|GCF_024166365.1|ITPR3.0	Elephas_maximus_indicus|GCF_024166365.1|ITPR3.0	NC_064819.1	96399354	96641345	19	BAK1;BLTP3A;CUTA;DAXX;GRM4;HMGA1;ILRUN;KIFC1;NUDT3;PACSIN1;PHF1;RPS10;SMIM29;SMIM40;SNRPC;SPDEF;SYNGAP1;ZBTB22;ZBTB9
GCF_024166365.1	Elephas maximus indicus	Mammalia	Proboscidea	non_actinopterygian	RYR	Elephas_maximus_indicus|GCF_024166365.1|RYR.2	Elephas_maximus_indicus|GCF_024166365.1|RYR.2	NC_064828.1	22878929	23504639	17	ACTC1;AQR;ARHGAP11A;AVEN;CHRM5;EMC4;EMC7;FMN1;GJD2;GREM1;KATNBL1;LPCAT4;NOP10;NUTM1;SCG5;SLC12A6;ZNF770
GCF_024166365.1	Elephas maximus indicus	Mammalia	Proboscidea	non_actinopterygian	RYR	Elephas_maximus_indicus|GCF_024166365.1|RYR.1	Elephas_maximus_indicus|GCF_024166365.1|RYR.1	NC_064829.1	113013442	113148078	16	ACTN4;C11H19ORF33;CAPN12;CATSPERG;EIF3K;FAM98C;GGN;KCNK6;LGALS4;LGALS7;MAP4K1;PSMD8;RASGRP4;SPINT2;SPRED3;YIF1B
GCF_024166365.1	Elephas maximus indicus	Mammalia	Proboscidea	non_actinopterygian	RYR	Elephas_maximus_indicus|GCF_024166365.1|RYR.0	Elephas_maximus_indicus|GCF_024166365.1|RYR.0	NC_064842.1	26493453	27242064	20	ACTN2;CHML;CHRM3;EDARADD;ERO1B;FH;FMN2;GNG4;GPR137B;GREM2;HEATR1;KMO;LGALS8;LYST;MTR;NID1;OPN3;RGS7;WDR64;ZP4
GCF_025201925.1	Gopherus flavomarginatus	Testudines	Testudines	non_actinopterygian	ITPR1	Gopherus_flavomarginatus|GCF_025201925.1|ITPR1.0	Gopherus_flavomarginatus|GCF_025201925.1|ITPR1.0	NC_066622.1	15687179	15912638	13	ARL8B;BHLHE40;CAV3;CNTN6;CRBN;EDEM1;GRM7;IL5RA;LRRN1;OXTR;RAD18;SUMF1;TRNT1
GCF_025201925.1	Gopherus flavomarginatus	Testudines	Testudines	non_actinopterygian	ITPR2	Gopherus_flavomarginatus|GCF_025201925.1|ITPR2.0	Gopherus_flavomarginatus|GCF_025201925.1|ITPR2.0	NC_066617.1	128713936	129190587	18	BMAL2;DNAI7;ETFRF1;FGFR1OP2;GYS2;INTS13;IRAG2;KCNJ8;KRAS;LDHB;LMNTD1;MED21;PPFIBP1;RASSF8;REP15;SPX;STK38L;TM7SF3
GCF_025201925.1	Gopherus flavomarginatus	Testudines	Testudines	non_actinopterygian	ITPR3	Gopherus_flavomarginatus|GCF_025201925.1|ITPR3.0	Gopherus_flavomarginatus|GCF_025201925.1|ITPR3.0	NC_066621.1	18033414	18117414	14	APOBEC2;BAK1;GRM4;HMGA1;IP6K3;LEMD2;MLN;NFYA;NUDT3;OARD1;RPS10;SMIM29;TREML1;TSPO2
GCF_025201925.1	Gopherus flavomarginatus	Testudines	Testudines	non_actinopterygian	RYR	Gopherus_flavomarginatus|GCF_025201925.1|RYR.0	Gopherus_flavomarginatus|GCF_025201925.1|RYR.0	NC_066620.1	79761695	80487965	18	ACTN2;CHRM3;EDARADD;ERO1B;EXO1;FMN2;GPR137B;GREM2;HEATR1;LGALS8;LYST;MAP1LC3C;MTR;NID1;OPN3;PIGM;RGS7;WDR64
GCF_025201925.1	Gopherus flavomarginatus	Testudines	Testudines	non_actinopterygian	RYR	Gopherus_flavomarginatus|GCF_025201925.1|RYR.2	Gopherus_flavomarginatus|GCF_025201925.1|RYR.2	NC_066621.1	101755109	102386061	16	AVEN;CDIN1;CHRM5;DPH6;EIF2AK4;EMC7;FAM98B;FMN1;FSIP1;GPR176;GREM1;KATNBL1;MEIS2;RASGRP1;SPRED1;THBS1
GCF_025201925.1	Gopherus flavomarginatus	Testudines	Testudines	non_actinopterygian	RYR	Gopherus_flavomarginatus|GCF_025201925.1|RYR.1	Gopherus_flavomarginatus|GCF_025201925.1|RYR.1	NC_066634.1	23087959	23196086	18	ACTN4;CATSPERG;ECH1;EIF3K;FAM98C;HNRNPL;KPTN;LGALS4;LGALS7;MAP4K1;MEIS3;NAPA;PSMD8;RASGRP4;RINL;SIRT2;SLC8A2;SPRED3
GCF_027244095.1	Hemicordylus capensis	Lepidosauria	Squamata	non_actinopterygian	ITPR1	Hemicordylus_capensis|GCF_027244095.1|ITPR1.0	Hemicordylus_capensis|GCF_027244095.1|ITPR1.0	NC_069658.1	289537861	289944032	12	ARL8B;BHLHE40;CHL1;CNTN6;CRBN;EDEM1;GRM7;LMCD1;LRRN1;SSUH2;SUMF1;TRNT1
GCF_027244095.1	Hemicordylus capensis	Lepidosauria	Squamata	non_actinopterygian	ITPR2	Hemicordylus_capensis|GCF_027244095.1|ITPR2.0	Hemicordylus_capensis|GCF_027244095.1|ITPR2.0	NC_069661.1	144299069	144646160	17	BHLHE41;BMAL2;CDC123;DHTKD1;FGFR1OP2;INTS13;LMNTD1;MED21;NUDT5;PPFIBP1;RASSF8;REP15;SEC61A2;SSPN;STK38L;TM7SF3;UPF2
GCF_027244095.1	Hemicordylus capensis	Lepidosauria	Squamata	non_actinopterygian	ITPR3	Hemicordylus_capensis|GCF_027244095.1|ITPR3.0	Hemicordylus_capensis|GCF_027244095.1|ITPR3.0	NC_069660.1	75956854	76129438	16	APOBEC2;BAK1;ETV7;GRM4;HMGA1;IP6K3;KCTD20;LEMD2;MLN;NFYA;NUDT3;OARD1;RPS10;SMIM29;STK38;TSPO2
GCF_027244095.1	Hemicordylus capensis	Lepidosauria	Squamata	non_actinopterygian	RYR	Hemicordylus_capensis|GCF_027244095.1|RYR.2	Hemicordylus_capensis|GCF_027244095.1|RYR.2	NC_069657.1	66846215	67489968	17	ARHGAP11A;AVEN;CHRM5;EIF2AK4;EMC7;FAM98B;FMN1;FSIP1;GPR176;GREM1;KATNBL1;MEIS2;RASGRP1;SCG5;SPRED1;SRP14;THBS1
GCF_027244095.1	Hemicordylus capensis	Lepidosauria	Squamata	non_actinopterygian	RYR	Hemicordylus_capensis|GCF_027244095.1|RYR.0	Hemicordylus_capensis|GCF_027244095.1|RYR.0	NC_069657.1	382602747	383227193	19	ACTN2;CHRM3;EDARADD;ERO1B;EXO1;FMN2;GNG4;GPR137B;GREM2;HEATR1;LGALS8;LYST;MAP1LC3C;MTR;NID1;OPN3;PLD5;RGS7;WDR64
GCF_027244095.1	Hemicordylus capensis	Lepidosauria	Squamata	non_actinopterygian	RYR	Hemicordylus_capensis|GCF_027244095.1|RYR.1	Hemicordylus_capensis|GCF_027244095.1|RYR.1	NC_069663.1	26230803	26352322	17	ACTN4;CATSPERG;ECH1;EIF3K;FAM98C;GGN;HNRNPL;KPTN;LGALS4;MAP4K1;MEIS3;PSMD8;RASGRP4;RINL;SIRT2;SLC8A2;SPRED3
GCF_027409185.1	Cynocephalus volans	Mammalia	Dermoptera	non_actinopterygian	ITPR1	Cynocephalus_volans|GCF_027409185.1|ITPR1.0	Cynocephalus_volans|GCF_027409185.1|ITPR1.0	NC_084470.1	87168321	87461115	15	ARL8B;BHLHE40;CAV3;CHL1;CNTN6;CRBN;EDEM1;GRM7;IL5RA;LMCD1;LRRN1;OXTR;SSUH2;SUMF1;TRNT1
GCF_027409185.1	Cynocephalus volans	Mammalia	Dermoptera	non_actinopterygian	ITPR2	Cynocephalus_volans|GCF_027409185.1|ITPR2.0	Cynocephalus_volans|GCF_027409185.1|ITPR2.0	NC_084471.1	86855595	87339988	20	BCAT1;BHLHE41;BMAL2;C12H12ORF71;DNAI7;ETFRF1;FGFR1OP2;INTS13;IRAG2;KRAS;LMNTD1;MED21;PPFIBP1;RASSF8;REP15;SMCO2;SOX5;SSPN;STK38L;TM7SF3
GCF_027409185.1	Cynocephalus volans	Mammalia	Dermoptera	non_actinopterygian	ITPR3	Cynocephalus_volans|GCF_027409185.1|ITPR3.0	Cynocephalus_volans|GCF_027409185.1|ITPR3.0	NC_084464.1	45231446	45303558	20	BAK1;CUTA;DAXX;GRM4;HMGA1;IP6K3;KIFC1;LEMD2;MLN;NUDT3;PACSIN1;PHF1;RPS10;SMIM29;SMIM40;SPDEF;SYNGAP1;TAPBP;ZBTB22;ZBTB9
GCF_027409185.1	Cynocephalus volans	Mammalia	Dermoptera	non_actinopterygian	RYR	Cynocephalus_volans|GCF_027409185.1|RYR.2	Cynocephalus_volans|GCF_027409185.1|RYR.2	NC_084462.1	102818143	103308348	17	ACTC1;AQR;ARHGAP11A;CHRM5;DPH6;EMC4;EMC7;FMN1;GJD2;GREM1;KATNBL1;LPCAT4;NOP10;NUTM1;SCG5;SLC12A6;ZNF770
GCF_027409185.1	Cynocephalus volans	Mammalia	Dermoptera	non_actinopterygian	RYR	Cynocephalus_volans|GCF_027409185.1|RYR.1	Cynocephalus_volans|GCF_027409185.1|RYR.1	NC_084469.1	56189407	56304776	19	ACTN4;C10H19ORF33;CAPN12;CATSPERG;ECH1;EIF3K;FAM98C;GGN;HNRNPL;KCNK6;LGALS4;MAP4K1;PSMD8;RASGRP4;RINL;SIRT2;SPINT2;SPRED3;YIF1B
GCF_027409185.1	Cynocephalus volans	Mammalia	Dermoptera	non_actinopterygian	RYR	Cynocephalus_volans|GCF_027409185.1|RYR.0	Cynocephalus_volans|GCF_027409185.1|RYR.0	NC_084477.1	12255770	12873335	18	ACTN2;CHRM3;DNAH14;EDARADD;ENAH;EPHX1;ERO1B;GNG4;GPR137B;HEATR1;LBR;LGALS8;LYST;MTR;NID1;PYCR2;SRP9;TMEM63A
GCF_027409825.1	Scomber japonicus	Actinopteri	Scombriformes	teleost	ITPR1	Scomber_japonicus|GCF_027409825.1|ITPR1.1	Scomber_japonicus|GCF_027409825.1|ITPR1.1	NC_070580.1	12381978	12460044	18	ARL8B;BHLHE40;COMT;DRD5A;GRM6B;IDH3B;LYAR;MON1A;MST1R;OTOP1;PTPR;SEMA3F;SETMAR;SLC2A9L2;TMEM128;TRAIP;WDR1;ZBTB49
GCF_027409825.1	Scomber japonicus	Actinopteri	Scombriformes	teleost	ITPR1	Scomber_japonicus|GCF_027409825.1|ITPR1.0	Scomber_japonicus|GCF_027409825.1|ITPR1.0	NC_070580.1	17060141	17127759	9	ATF1;ATF7B;DIP2B;ESYT1B;SCN8A;SLC4A8;SUMF1;TTLL3;ZC3H10
GCF_027409825.1	Scomber japonicus	Actinopteri	Scombriformes	teleost	ITPR2	Scomber_japonicus|GCF_027409825.1|ITPR2.0	Scomber_japonicus|GCF_027409825.1|ITPR2.0	NC_070582.1	21312625	21366334	14	BANP;BHLHE41;BMAL2;C1QTNF13;EEA1;FANCI;FBXO31;KRAS;NR1H4;NUDT4A;PLEKHG7;SLC17A8;SSPN;UBE2N
GCF_027409825.1	Scomber japonicus	Actinopteri	Scombriformes	teleost	ITPR3	Scomber_japonicus|GCF_027409825.1|ITPR3.0	Scomber_japonicus|GCF_027409825.1|ITPR3.0	NC_070581.1	34893505	34940997	6	HM13;KCND1;MRGBP;PTPN18;SNX21;SULF2B
GCF_027409825.1	Scomber japonicus	Actinopteri	Scombriformes	teleost	RYR	Scomber_japonicus|GCF_027409825.1|RYR.1	Scomber_japonicus|GCF_027409825.1|RYR.1	NC_070583.1	18532994	18609485	11	B3GNT2L;BCKDH;EXOSC5;HNRNPUL1;NAPA;OPA3;PPP1R13L;PPP5C;RASGRP4;TGFB1A;TMEM91
GCF_027409825.1	Scomber japonicus	Actinopteri	Scombriformes	teleost	RYR	Scomber_japonicus|GCF_027409825.1|RYR.2	Scomber_japonicus|GCF_027409825.1|RYR.2	NC_070590.1	16297503	16346478	11	BRD8A;CXXC5A;DNAJC18;GNG8;MAP7D2A;NFRK;PHLDB2A;PPP3C;PURA;SMS;TMEM45B
GCF_027409825.1	Scomber japonicus	Actinopteri	Scombriformes	teleost	RYR	Scomber_japonicus|GCF_027409825.1|RYR.5	Scomber_japonicus|GCF_027409825.1|RYR.5	NC_070591.1	13579405	13642479	13	ACTN2B;CCSER2A;CHRM3A;DNAJC9;ECD;FAM149B1;FMN2A;GREM2A;GRID1A;NDNFL;P4HA1B;RGS7A;SPARCL2
GCF_027409825.1	Scomber japonicus	Actinopteri	Scombriformes	teleost	RYR	Scomber_japonicus|GCF_027409825.1|RYR.3	Scomber_japonicus|GCF_027409825.1|RYR.3	NC_070593.1	18740874	18839595	10	ACP7;CRIM1;EIF2AK4;FSIP1;GCHFR;GREM1B;MAX;RAB15;SLC10A1;SUSD6
GCF_027409825.1	Scomber japonicus	Actinopteri	Scombriformes	teleost	RYR	Scomber_japonicus|GCF_027409825.1|RYR.4	Scomber_japonicus|GCF_027409825.1|RYR.4	NC_070594.1	22814935	22951048	12	ABRACL;ACTC1A;AVEN;CLU;EMC7B;GPR176;GREM1A;HECA;KATNBL1;LAMA2;REPS1;THBS1B
GCF_027409825.1	Scomber japonicus	Actinopteri	Scombriformes	teleost	RYR	Scomber_japonicus|GCF_027409825.1|RYR.0	Scomber_japonicus|GCF_027409825.1|RYR.0	NC_070597.1	25867613	26079785	14	ACBD4;ADGRA1A;ADOA;BMS1;CABCOCO1;CHRM3B;EGR2B;EXOC6;FMN2B;JMJD1C;MTR;NRBF2B;REEP3B;TMEM26B
GCF_027579695.1	Neoarius graeffei	Actinopteri	Siluriformes	teleost	ITPR1	Neoarius_graeffei|GCF_027579695.1|ITPR1.0	Neoarius_graeffei|GCF_027579695.1|ITPR1.0	NC_083572.1	116317775	116522927	9	C1QL4B;ENDOU;ITGB7;MYL6;PFKFB4B;PFKM;SMARCC2;SUMF1;TSFM
GCF_027579695.1	Neoarius graeffei	Actinopteri	Siluriformes	teleost	ITPR1	Neoarius_graeffei|GCF_027579695.1|ITPR1.1	Neoarius_graeffei|GCF_027579695.1|ITPR1.1	NC_083594.1	52725687	52913828	16	BRK1;CAMKV;CAV4A;GNAI2A;GPX1A;GRM2B;INKA1A;MON1A;MST1R;NFYA;RRP9;SEMA3F;SETMAR;SLC38A3A;SORT1A;TRAIP
GCF_027579695.1	Neoarius graeffei	Actinopteri	Siluriformes	teleost	ITPR2	Neoarius_graeffei|GCF_027579695.1|ITPR2.0	Neoarius_graeffei|GCF_027579695.1|ITPR2.0	NC_083574.1	49012575	49256847	18	ALX1;BHLHE41;BMAL2;C1QTNF13;CTSD;EEA1;EIF4G2B;LRRIQ1;MGAT4C;NR1H4;NTS;NUDT4A;PLEKHG7;RASSF9;SLC17A8;SLC6A15;SSPN;UBE2N
GCF_027579695.1	Neoarius graeffei	Actinopteri	Siluriformes	teleost	ITPR3	Neoarius_graeffei|GCF_027579695.1|ITPR3.0	Neoarius_graeffei|GCF_027579695.1|ITPR3.0	NC_083578.1	63487716	63570539	17	ALAS2;CACNA1S;COL2A1A;CPT2;CRY3A;EFHD2;FHAD1;GLS2A;GPR37L1B;MAGOH;PORCN;SPRYD4;SUV39H1B;TAF10;TMCO1;TMEM9;UCK2A
GCF_027579695.1	Neoarius graeffei	Actinopteri	Siluriformes	teleost	RYR	Neoarius_graeffei|GCF_027579695.1|RYR.4	Neoarius_graeffei|GCF_027579695.1|RYR.4	NC_083571.1	104841350	105136414	13	ACTC1A;ADAM17B;AVEN;CHRM5B;CPSF3;EMC7B;FMN1;GREM1A;KATNBL1;KLF11A;TAF1B;THBS1B;YWHAQ
GCF_027579695.1	Neoarius graeffei	Actinopteri	Siluriformes	teleost	RYR	Neoarius_graeffei|GCF_027579695.1|RYR.1	Neoarius_graeffei|GCF_027579695.1|RYR.1	NC_083574.1	9704945	9984867	10	CELF6;DDX11;FKBP4;GUCA1G;IQSEC3B;PARP6A;PKMA;PTPRQ;RPP25B;WASH1
GCF_027579695.1	Neoarius graeffei	Actinopteri	Siluriformes	teleost	RYR	Neoarius_graeffei|GCF_027579695.1|RYR.5	Neoarius_graeffei|GCF_027579695.1|RYR.5	NC_083579.1	8199026	8409541	15	ACTN2B;ARHGEF33;CHRM3A;ECD;FMN2A;GREM2A;MAP4K3B;P4HA1B;REEP3A;RGS7A;SELENON;SLC22A15;STYXL1;THUMPD2;ZNF593
GCF_027579695.1	Neoarius graeffei	Actinopteri	Siluriformes	teleost	RYR	Neoarius_graeffei|GCF_027579695.1|RYR.3	Neoarius_graeffei|GCF_027579695.1|RYR.3	NC_083579.1	42600784	43098354	10	ACP7;ANKRD9;ARHGAP11A;BMF1;DNAJC17;EIF2AK4;FSIP1;GCHFR;GREM1B;TECPR2
GCF_027579695.1	Neoarius graeffei	Actinopteri	Siluriformes	teleost	RYR	Neoarius_graeffei|GCF_027579695.1|RYR.0	Neoarius_graeffei|GCF_027579695.1|RYR.0	NC_083582.1	72104830	72693173	13	CHRM3B;FBXL15;FDXR;FH;FMN2B;GPX9;GREM2B;HHEX;LZTS2B;MRPL38;MTR;PAX2B;RGS7B
GCF_027579695.1	Neoarius graeffei	Actinopteri	Siluriformes	teleost	RYR	Neoarius_graeffei|GCF_027579695.1|RYR.2	Neoarius_graeffei|GCF_027579695.1|RYR.2	NC_083593.1	630470	758530	13	ACAT1;ACER3;ARR3A;DSCAM;F9B;FGF13B;FHL1B;HTATSF1;IGSF5A;IL2RG;MDH2;SKA2;TMPRSS2
GCF_027579735.1	Bombina bombina	Amphibia	Anura	non_actinopterygian	ITPR1	Bombina_bombina|GCF_027579735.1|ITPR1.0	Bombina_bombina|GCF_027579735.1|ITPR1.0	NC_069505.1	280886791	281367064	13	ARIH2;BHLHE40;DALRD3;EDEM1;GRM7;LMCD1;LRRN1;P4HTM;SLC25A20;SRGAP3;SUMF1;THUMPD3;WDR6
GCF_027579735.1	Bombina bombina	Amphibia	Anura	non_actinopterygian	ITPR2	Bombina_bombina|GCF_027579735.1|ITPR2.0	Bombina_bombina|GCF_027579735.1|ITPR2.0	NC_069504.1	1122135203	1124607298	17	ARFGAP3;BCAT1;BHLHE41;BMAL2;DNAI7;ETFRF1;FGFR1OP2;INTS13;IRAG2;KRAS;LMNTD1;MED21;RASSF8;SSPN;STK38L;TM7SF3;TTLL1
GCF_027579735.1	Bombina bombina	Amphibia	Anura	non_actinopterygian	ITPR3	Bombina_bombina|GCF_027579735.1|ITPR3.0	Bombina_bombina|GCF_027579735.1|ITPR3.0	NC_069501.1	498837649	499494739	14	APOBEC2;BAK1;DRAM2;GPR25;GRM4;HMGA1;INAVA;IP6K3;LEMD2;NUDT3;OARD1;PARL;SMIM29;TBC1D22B
GCF_027579735.1	Bombina bombina	Amphibia	Anura	non_actinopterygian	RYR	Bombina_bombina|GCF_027579735.1|RYR.1	Bombina_bombina|GCF_027579735.1|RYR.1	NC_069499.1	269971288	271053601	19	ARHGAP11A;AVEN;CCDC177;CDIN1;CHRM5;DCAF5;ERH;EXD2;FAM98B;FMN1;GALNT16;GPR176;GREM1;MEIS2;RASGRP1;SCG5;SLC39A9;SPRED1;SUSD6
GCF_027579735.1	Bombina bombina	Amphibia	Anura	non_actinopterygian	RYR	Bombina_bombina|GCF_027579735.1|RYR.0	Bombina_bombina|GCF_027579735.1|RYR.0	NC_069505.1	488657609	488906186	13	ALKBH6;BICRA;CLIP3;EIF3K;FAM98C;KPTN;MAP4K1;MEIS3;NAPA;PSMD8;RASGRP4;SLC8A2;TSPAN15
GCF_027595985.1	Sorex araneus	Mammalia	Eulipotyphla	non_actinopterygian	ITPR1	Sorex_araneus|GCF_027595985.1|ITPR1.0	Sorex_araneus|GCF_027595985.1|ITPR1.0	NC_073305.1	3126191	3267629	15	ARL8B;BHLHE40;CHL1;CRBN;EDEM1;GRM7;LMCD1;LRRN1;OXTR;PDZRN3;RAD18;SRGAP3;SUMF1;THUMPD3;TRNT1
GCF_027595985.1	Sorex araneus	Mammalia	Eulipotyphla	non_actinopterygian	ITPR2	Sorex_araneus|GCF_027595985.1|ITPR2.0	Sorex_araneus|GCF_027595985.1|ITPR2.0	NC_073311.1	64752662	65119595	18	BHLHE41;C10H12ORF71;DNAI7;ETFRF1;FGFR1OP2;INTS13;IRAG2;KRAS;LMNTD1;MANSC4;MED21;MRPS35;PPFIBP1;RASSF8;REP15;SSPN;STK38L;TM7SF3
GCF_027595985.1	Sorex araneus	Mammalia	Eulipotyphla	non_actinopterygian	ITPR3	Sorex_araneus|GCF_027595985.1|ITPR3.0	Sorex_araneus|GCF_027595985.1|ITPR3.0	NC_073303.1	27162848	27321784	18	BAK1;CUTA;DAXX;GRM4;HMGA1;ILRUN;KIFC1;NUDT3;PACSIN1;PHF1;RPS10;SMIM29;SMIM40;SNRPC;SPDEF;SYNGAP1;ZBTB22;ZBTB9
GCF_027595985.1	Sorex araneus	Mammalia	Eulipotyphla	non_actinopterygian	RYR	Sorex_araneus|GCF_027595985.1|RYR.2	Sorex_araneus|GCF_027595985.1|RYR.2	NC_073304.1	78636932	79046745	17	ACTC1;AQR;ARHGAP11A;AVEN;CHRM5;EMC4;EMC7;FMN1;GJD2;GREM1;KATNBL1;LPCAT4;NOP10;NUTM1;SCG5;SLC12A6;ZNF770
GCF_027595985.1	Sorex araneus	Mammalia	Eulipotyphla	non_actinopterygian	RYR	Sorex_araneus|GCF_027595985.1|RYR.1	Sorex_araneus|GCF_027595985.1|RYR.1	NC_073309.1	41991281	42109046	15	ACTN4;C8H19ORF33;CAPN12;CATSPERG;EIF3K;FAM98C;GGN;KCNK6;LGALS7;MAP4K1;PSMD8;RASGRP4;SPINT2;SPRED3;YIF1B
GCF_027595985.1	Sorex araneus	Mammalia	Eulipotyphla	non_actinopterygian	RYR	Sorex_araneus|GCF_027595985.1|RYR.0	Sorex_araneus|GCF_027595985.1|RYR.0	NC_073310.1	25503971	26264381	13	ACTN2;BCR;CHRM3;EDARADD;ERO1B;GNAZ;HEATR1;LGALS8;MTR;RAB36;RSPH14;ZNF248;ZNF25
GCF_028372415.1	Notamacropus eugenii	Mammalia	Diprotodontia	non_actinopterygian	ITPR1	Notamacropus_eugenii|GCF_028372415.1|ITPR1.0	Notamacropus_eugenii|GCF_028372415.1|ITPR1.0	NC_092874.1	441111273	441469460	16	ARL8B;BHLHE40;CAV3;CHL1;CNTN3;CRBN;EDEM1;GRM7;IL5RA;LMCD1;LRRN1;RAD18;SRGAP3;SUMF1;THUMPD3;TRNT1
GCF_028372415.1	Notamacropus eugenii	Mammalia	Diprotodontia	non_actinopterygian	ITPR2	Notamacropus_eugenii|GCF_028372415.1|ITPR2.0	Notamacropus_eugenii|GCF_028372415.1|ITPR2.0	NC_092874.1	178695393	179202289	19	BCAT1;BHLHE41;BMAL2;DNAI7;ETFRF1;FGFR1OP2;INTS13;IRAG2;KRAS;LMNTD1;MED21;PFKFB3;PRKCQ;RASSF8;RBM17;SFMBT2;SSPN;STK38L;TM7SF3
GCF_028372415.1	Notamacropus eugenii	Mammalia	Diprotodontia	non_actinopterygian	ITPR3	Notamacropus_eugenii|GCF_028372415.1|ITPR3.0	Notamacropus_eugenii|GCF_028372415.1|ITPR3.0	NC_092873.1	89590399	89710632	19	BAK1;CUTA;DAXX;GRM4;HMGA1;IP6K3;KIFC1;LEMD2;MLN;NUDT3;PACSIN1;PHF1;RPS10;SMIM29;SMIM40;SYNGAP1;UQCC2;ZBTB22;ZBTB9
GCF_028372415.1	Notamacropus eugenii	Mammalia	Diprotodontia	non_actinopterygian	RYR	Notamacropus_eugenii|GCF_028372415.1|RYR.0	Notamacropus_eugenii|GCF_028372415.1|RYR.0	NC_092873.1	396845033	397669390	18	ACTN2;CHRM3;EDARADD;ERO1B;FH;FMN2;GNG4;GPR137B;GREM2;HEATR1;KMO;LGALS8;LYST;MTR;NID1;OPN3;RGS7;ZP4
GCF_028372415.1	Notamacropus eugenii	Mammalia	Diprotodontia	non_actinopterygian	RYR	Notamacropus_eugenii|GCF_028372415.1|RYR.1	Notamacropus_eugenii|GCF_028372415.1|RYR.1	NC_092876.1	31486735	31797868	20	ACTN4;AKT2;C5H19ORF47;CAPN12;CCNP;DPF1;ECH1;EIF3K;HNRNPL;LGALS4;LGALS7;MAP3K10;MAP4K1;PLD3;PPP1R14A;RINL;SIPA1L3;SIRT2;TTC9B;WDR87
GCF_028372415.1	Notamacropus eugenii	Mammalia	Diprotodontia	non_actinopterygian	RYR	Notamacropus_eugenii|GCF_028372415.1|RYR.2	Notamacropus_eugenii|GCF_028372415.1|RYR.2	NC_092878.1	17686281	18434742	17	AQR;ARHGAP11A;AVEN;CHRM5;DPH6;EMC4;EMC7;FMN1;GJD2;GREM1;KATNBL1;LPCAT4;NOP10;NUTM1;SCG5;SLC12A6;ZNF770
GCF_028389875.1	Rhea pennata	Aves	Rheiformes	non_actinopterygian	ITPR1	Rhea_pennata|GCF_028389875.1|ITPR1.0	Rhea_pennata|GCF_028389875.1|ITPR1.0	NC_084674.1	2193616	2384924	16	ARL8B;BHLHE40;CAV3;CHL1;CRBN;EDEM1;GRM7;IL5RA;LMCD1;LRRN1;OXTR;RAD18;SRGAP3;SUMF1;THUMPD3;TRNT1
GCF_028389875.1	Rhea pennata	Aves	Rheiformes	non_actinopterygian	ITPR2	Rhea_pennata|GCF_028389875.1|ITPR2.0	Rhea_pennata|GCF_028389875.1|ITPR2.0	NC_084663.1	74795933	75075126	18	BHLHE41;BMAL2;DNAI7;ETFRF1;FGFR1OP2;GYS2;INTS13;IRAG2;KRAS;LMNTD1;MED21;PPFIBP1;RASSF8;REP15;SPX;SSPN;STK38L;TM7SF3
GCF_028389875.1	Rhea pennata	Aves	Rheiformes	non_actinopterygian	ITPR3	Rhea_pennata|GCF_028389875.1|ITPR3.0	Rhea_pennata|GCF_028389875.1|ITPR3.0	NC_084687.1	4164527	4206606	15	APOBEC2;BAK1;FOXP4;GRM4;HMGA1;IP6K3;LEMD2;MDFI;NFYA;NUDT3;OARD1;PACSIN1;RPS10;SMIM29;TSPO2
GCF_028389875.1	Rhea pennata	Aves	Rheiformes	non_actinopterygian	RYR	Rhea_pennata|GCF_028389875.1|RYR.0	Rhea_pennata|GCF_028389875.1|RYR.0	NC_084665.1	44110792	44553486	19	ACTN2;CHRM3;EDARADD;ERO1B;EXO1;FMN2;GPR137B;GREM2;HEATR1;LGALS8;MAP1LC3C;MTR;NID1;OPN3;PIGM;RGS7;TTLL2;UNC93A;WDR64
GCF_028389875.1	Rhea pennata	Aves	Rheiformes	non_actinopterygian	RYR	Rhea_pennata|GCF_028389875.1|RYR.1	Rhea_pennata|GCF_028389875.1|RYR.1	NC_084667.1	10070862	10301205	19	ARHGAP11A;AVEN;CDIN1;CHRM5;DPH6;EIF2AK4;EMC7;FAM98B;FMN1;FSIP1;GPR176;GREM1;KATNBL1;MEIS2;RASGRP1;SCG5;SPRED1;SRP14;THBS1
GCF_028858725.1	Colius striatus	Aves	Coliiformes	non_actinopterygian	ITPR1	Colius_striatus|GCF_028858725.1|ITPR1.0	Colius_striatus|GCF_028858725.1|ITPR1.0	NC_084773.1	20738813	20901074	18	ARL8B;BHLHE40;CAV3;CHL1;CNTN3;CNTN6;CRBN;EDEM1;GRM7;IL5RA;LMCD1;LRRN1;OXTR;RAD18;SRGAP3;SSUH2;SUMF1;TRNT1
GCF_028858725.1	Colius striatus	Aves	Coliiformes	non_actinopterygian	ITPR2	Colius_striatus|GCF_028858725.1|ITPR2.0	Colius_striatus|GCF_028858725.1|ITPR2.0	NC_084759.1	134652989	134912015	16	BHLHE41;BMAL2;DNAI7;ETFRF1;FGFR1OP2;INTS13;IRAG2;KRAS;MED21;PPFIBP1;RASSF8;REP15;SPX;SSPN;STK38L;TM7SF3
GCF_028858725.1	Colius striatus	Aves	Coliiformes	non_actinopterygian	ITPR3	Colius_striatus|GCF_028858725.1|ITPR3.0	Colius_striatus|GCF_028858725.1|ITPR3.0	NC_084780.1	3393334	3528570	18	APOBEC2;BAK1;BLTP3A;FOXP4;GRM4;HMGA1;ILRUN;MDFI;NFYA;NUDT3;OARD1;PACSIN1;RPS10;SMIM29;SNRPC;SPDEF;TFEB;TSPO2
GCF_028858725.1	Colius striatus	Aves	Coliiformes	non_actinopterygian	RYR	Colius_striatus|GCF_028858725.1|RYR.0	Colius_striatus|GCF_028858725.1|RYR.0	NC_084760.1	70145850	70468342	17	ACTN2;ARID4B;B3GALNT2;CHRM3;EDARADD;ERO1B;FMN2;GGPS1;GNG4;GPR137B;GREM2;HEATR1;LGALS8;LTB4R;LYST;MTR;NID1
GCF_028858725.1	Colius striatus	Aves	Coliiformes	non_actinopterygian	RYR	Colius_striatus|GCF_028858725.1|RYR.1	Colius_striatus|GCF_028858725.1|RYR.1	NC_084764.1	12505643	12733648	18	ARHGAP11A;AVEN;CDIN1;CHRM5;DPH6;EIF2AK4;EMC7;FAM98B;FMN1;FSIP1;GPR176;GREM1;KATNBL1;MEIS2;RASGRP1;SCG5;SPRED1;THBS1
GCF_029633855.1	Hoplias malabaricus	Actinopteri	Characiformes	teleost	ITPR1	Hoplias_malabaricus|GCF_029633855.1|ITPR1.0	Hoplias_malabaricus|GCF_029633855.1|ITPR1.0	NC_089802.1	52073090	52113304	17	C1QL4B;COL7A1;ENDOU;ESPL1;IP6K2B;ITGB7;MYL6;PFDN5;PFKFB4B;PFKM;SEC61A1A;SLC4A8;SMARCC2;SUMF1;TSFM;TTLL3;UROC1
GCF_029633855.1	Hoplias malabaricus	Actinopteri	Characiformes	teleost	ITPR1	Hoplias_malabaricus|GCF_029633855.1|ITPR1.1	Hoplias_malabaricus|GCF_029633855.1|ITPR1.1	NC_089804.1	36016610	36158601	17	ARL8B;BHLHE40;BRK1;CAMKV;CAV4A;GNAI2A;GPX1A;GRM2B;INKA1A;MON1A;MST1R;RRP9;SEMA3F;SETMAR;SLC38A3A;SORT1A;TRAIP
GCF_029633855.1	Hoplias malabaricus	Actinopteri	Characiformes	teleost	ITPR2	Hoplias_malabaricus|GCF_029633855.1|ITPR2.0	Hoplias_malabaricus|GCF_029633855.1|ITPR2.0	NC_089810.1	21864996	21942659	18	ALX1;BHLHE41;BMAL2;C1QTNF13;CTSD;EEA1;EIF4G2B;LRRIQ1;MGAT4C;NR1H4;NTS;NUDT4A;PLEKHG7;RASSF9;SLC17A8;SLC6A15;SSPN;UBE2N
GCF_029633855.1	Hoplias malabaricus	Actinopteri	Characiformes	teleost	ITPR3	Hoplias_malabaricus|GCF_029633855.1|ITPR3.0	Hoplias_malabaricus|GCF_029633855.1|ITPR3.0	NC_089813.1	29591815	29643783	15	CACNA1S;COL2A1A;CRY3A;EFHD2;ELA2;FHAD1;FOXP3A;GLS2A;GPR37L1B;PORCN;SPRYD4;SUV39H1B;TAF10;TMEM9;TSPY
GCF_029633855.1	Hoplias malabaricus	Actinopteri	Characiformes	teleost	RYR	Hoplias_malabaricus|GCF_029633855.1|RYR.4	Hoplias_malabaricus|GCF_029633855.1|RYR.4	NC_089800.1	68056985	68145088	18	ACTN2B;ADD3B;ARHGEF33;CHRM3A;CYP26C1;ECD;FMN2A;GREM2A;MAP4K3B;MORN2;P4HA1B;REEP3A;RGS7A;SELENON;SLC22A15;SORCS3B;THUMPD2;ZNF593
GCF_029633855.1	Hoplias malabaricus	Actinopteri	Characiformes	teleost	RYR	Hoplias_malabaricus|GCF_029633855.1|RYR.2	Hoplias_malabaricus|GCF_029633855.1|RYR.2	NC_089800.1	74935961	75153157	12	ACP7;ACTC1B;ANKRD9;ARHGAP11A;BMF1;CHRM5A;CYP1C2;EIF2AK4;FSIP1;GREM1B;RCOR1;TECPR2
GCF_029633855.1	Hoplias malabaricus	Actinopteri	Characiformes	teleost	RYR	Hoplias_malabaricus|GCF_029633855.1|RYR.1	Hoplias_malabaricus|GCF_029633855.1|RYR.1	NC_089802.1	3443452	3553534	12	CHRM3B;CYP4F3;DYDC2;FH;FMN2B;GREM2B;HHEX;LZTS2B;MTR;PDZD7B;RGS7B;SELENOU1B
GCF_029633855.1	Hoplias malabaricus	Actinopteri	Characiformes	teleost	RYR	Hoplias_malabaricus|GCF_029633855.1|RYR.3	Hoplias_malabaricus|GCF_029633855.1|RYR.3	NC_089806.1	14612366	14694234	14	ACTC1A;ADAM17B;CHRM5B;CPSF3;EMC7B;EXOC2;FMN1;GREM1A;IRF4B;KATNBL1;KLF11A;TAF1B;THBS1B;YWHAQ
GCF_029633855.1	Hoplias malabaricus	Actinopteri	Characiformes	teleost	RYR	Hoplias_malabaricus|GCF_029633855.1|RYR.0	Hoplias_malabaricus|GCF_029633855.1|RYR.0	NC_089810.1	12904468	12996674	10	ARSA;CELF6;CIMAP1B;DHDH;HCN4;MAPK8IP2;PKMA;RABL2;SHANK3A;TRIM35-30
GCF_029633865.1	Lampris incognitus	Actinopteri	Lampriformes	teleost	ITPR1	Lampris_incognitus|GCF_029633865.1|ITPR1.0	Lampris_incognitus|GCF_029633865.1|ITPR1.0	NC_079212.1	86063075	86264405	10	ATF1;ATF7B;DIP2B;ESYT1B;FAIM2B;LARP4A;SCN8A;SLC4A8;TTLL3;ZC3H10
GCF_029633865.1	Lampris incognitus	Actinopteri	Lampriformes	teleost	ITPR1	Lampris_incognitus|GCF_029633865.1|ITPR1.1	Lampris_incognitus|GCF_029633865.1|ITPR1.1	NC_079212.1	117761611	117924420	14	ARL6IP5A;AVPR2B;BHLHE40;COMT;EEVS;FRMD4B;LRRN1;MDFIC2;MITF;MON1A;MST1R;SETMAR;TRAIP;TRNT1
GCF_029633865.1	Lampris incognitus	Actinopteri	Lampriformes	teleost	ITPR2	Lampris_incognitus|GCF_029633865.1|ITPR2.0	Lampris_incognitus|GCF_029633865.1|ITPR2.0	NC_079216.1	68682028	68840323	14	BANP;BHLHE41;BMAL2;C1QTNF13;EEA1;FBXO31;KRAS;NR1H4;NUDT4A;PLEKHG7;PPFIBP1B;SLC17A8;SSPN;UBE2N
GCF_029633865.1	Lampris incognitus	Actinopteri	Lampriformes	teleost	ITPR3	Lampris_incognitus|GCF_029633865.1|ITPR3.0	Lampris_incognitus|GCF_029633865.1|ITPR3.0	NC_079212.1	10914639	10994676	6	CD34;EDEM2;MFN2;MRGBP;RFC2;USP11
GCF_029633865.1	Lampris incognitus	Actinopteri	Lampriformes	teleost	RYR	Lampris_incognitus|GCF_029633865.1|RYR.1	Lampris_incognitus|GCF_029633865.1|RYR.1	NC_079217.1	8300110	8447161	14	ACAD8;B3GNT2L;BCKDH;BICR;ESAM;EXOSC5;HNRNPUL1;NAPA;OPA3;PPP1R13L;RASGRP4;TGFB1A;THYN1;TMEM91
GCF_029633865.1	Lampris incognitus	Actinopteri	Lampriformes	teleost	RYR	Lampris_incognitus|GCF_029633865.1|RYR.2	Lampris_incognitus|GCF_029633865.1|RYR.2	NC_079218.1	19237021	19316545	11	BRD8A;CXXC5A;DNAJC18;GABRR3A;GNG8;MAP7D2A;NFRK;PHLDB2A;PURA;SMS;TMEM45B
GCF_029633865.1	Lampris incognitus	Actinopteri	Lampriformes	teleost	RYR	Lampris_incognitus|GCF_029633865.1|RYR.5	Lampris_incognitus|GCF_029633865.1|RYR.5	NC_079223.1	18834755	18968390	14	ACTN2B;CCSER2A;CHRM3A;ECD;FAM149B1;FMN2A;GPR155B;GREM2A;GRID1A;NDNFL;P4HA1B;RGS7A;SPARCL2;STYXL1
GCF_029633865.1	Lampris incognitus	Actinopteri	Lampriformes	teleost	RYR	Lampris_incognitus|GCF_029633865.1|RYR.4	Lampris_incognitus|GCF_029633865.1|RYR.4	NC_079225.1	10918808	11087699	16	ACTC1A;AVEN;CHRM5B;EMC7B;GPR176;GREM1A;KATNBL1;KNL1;KNSTRN;MTIF3;RFX6;SLC10A1;SRSF5B;SUSD6;TDRD15;THBS1B
GCF_029633865.1	Lampris incognitus	Actinopteri	Lampriformes	teleost	RYR	Lampris_incognitus|GCF_029633865.1|RYR.3	Lampris_incognitus|GCF_029633865.1|RYR.3	NC_079226.1	18644021	18814704	7	ACP7;ARHGAP11A;BMF1;CHRM5A;EIF2AK4;FSIP1;GREM1B
GCF_029633865.1	Lampris incognitus	Actinopteri	Lampriformes	teleost	RYR	Lampris_incognitus|GCF_029633865.1|RYR.0	Lampris_incognitus|GCF_029633865.1|RYR.0	NC_079227.1	42849181	44077250	5	BMS1;EXOC6;FH;FMN2B;HHEX
GCF_030020395.1	Manis pentadactyla	Mammalia	Pholidota	non_actinopterygian	ITPR1	Manis_pentadactyla|GCF_030020395.1|ITPR1.0	Manis_pentadactyla|GCF_030020395.1|ITPR1.0	NC_080019.1	210716649	211002750	18	ARL8B;BHLHE40;CAV3;CHL1;CNTN4;CNTN6;CRBN;EDEM1;GRM7;IL5RA;LMCD1;LRRN1;OXTR;RAD18;SRGAP3;SSUH2;SUMF1;TRNT1
GCF_030020395.1	Manis pentadactyla	Mammalia	Pholidota	non_actinopterygian	ITPR2	Manis_pentadactyla|GCF_030020395.1|ITPR2.0	Manis_pentadactyla|GCF_030020395.1|ITPR2.0	NC_080032.1	80929886	81410170	19	BCAT1;BHLHE41;C14H12ORF71;DNAI7;ETFRF1;FGFR1OP2;INTS13;IRAG2;KRAS;LMNTD1;MED21;MRPS35;PPFIBP1;RASSF8;REP15;SMCO2;SSPN;STK38L;TM7SF3
GCF_030020395.1	Manis pentadactyla	Mammalia	Pholidota	non_actinopterygian	ITPR3	Manis_pentadactyla|GCF_030020395.1|ITPR3.0	Manis_pentadactyla|GCF_030020395.1|ITPR3.0	NC_080034.1	40227310	40304451	18	BAK1;CUTA;DAXX;GRM4;HMGA1;IP6K3;KIFC1;LEMD2;MLN;NUDT3;PACSIN1;PHF1;RPS10;SMIM29;SMIM40;SPDEF;SYNGAP1;ZBTB9
GCF_030020395.1	Manis pentadactyla	Mammalia	Pholidota	non_actinopterygian	RYR	Manis_pentadactyla|GCF_030020395.1|RYR.0	Manis_pentadactyla|GCF_030020395.1|RYR.0	NC_080026.1	54615012	55574675	18	ACTN2;ARHGAP22;CHRM3;EDARADD;ERO1B;FAM170B;FRMPD2;GPR137B;HEATR1;LGALS8;LRRC18;MAPK8;MTR;NID1;TMEM273;VSTM4;WDFY4;ZP4
GCF_030020395.1	Manis pentadactyla	Mammalia	Pholidota	non_actinopterygian	RYR	Manis_pentadactyla|GCF_030020395.1|RYR.2	Manis_pentadactyla|GCF_030020395.1|RYR.2	NC_080029.1	83057274	83571335	17	ACTC1;AQR;ARHGAP11A;CHRM5;DPH6;EMC4;EMC7;FMN1;GJD2;GREM1;KATNBL1;LPCAT4;NOP10;NUTM1;SCG5;SLC12A6;ZNF770
GCF_030020395.1	Manis pentadactyla	Mammalia	Pholidota	non_actinopterygian	RYR	Manis_pentadactyla|GCF_030020395.1|RYR.1	Manis_pentadactyla|GCF_030020395.1|RYR.1	NC_080033.1	13502429	13615212	18	ACTN4;CAPN12;CATSPERG;ECH1;EIF3K;FAM98C;GGN;HNRNPL;KCNK6;LGALS4;MAP4K1;PPP1R14A;PSMD8;RASGRP4;RINL;SPINT2;SPRED3;YIF1B
GCF_030445035.2	Dasypus novemcinctus	Mammalia	Cingulata	non_actinopterygian	ITPR1	Dasypus_novemcinctus|GCF_030445035.2|ITPR1.0	Dasypus_novemcinctus|GCF_030445035.2|ITPR1.0	NC_080698.1	42101722	42423282	17	ARL8B;BHLHE40;CAV3;CNTN4;CNTN6;CRBN;EDEM1;GRM7;IL5RA;LMCD1;LRRN1;RAD18;SRGAP3;SSUH2;SUMF1;THUMPD3;TRNT1
GCF_030445035.2	Dasypus novemcinctus	Mammalia	Cingulata	non_actinopterygian	ITPR2	Dasypus_novemcinctus|GCF_030445035.2|ITPR2.0	Dasypus_novemcinctus|GCF_030445035.2|ITPR2.0	NC_080692.1	47832546	48310632	19	BCAT1;BHLHE41;BMAL2;C20H12ORF71;DNAI7;FGFR1OP2;INTS13;IRAG2;KRAS;LMNTD1;MED21;PPFIBP1;RASSF8;REP15;SMCO2;SOX5;SSPN;STK38L;TM7SF3
GCF_030445035.2	Dasypus novemcinctus	Mammalia	Cingulata	non_actinopterygian	ITPR3	Dasypus_novemcinctus|GCF_030445035.2|ITPR3.0	Dasypus_novemcinctus|GCF_030445035.2|ITPR3.0	NC_080683.1	5346853	5486440	19	BAK1;CUTA;DAXX;GRM4;HMGA1;KIFC1;LEMD2;MLN;NUDT3;PACSIN1;PHF1;RGL2;RPS10;SMIM29;SPDEF;SYNGAP1;TAPBP;ZBTB22;ZBTB9
GCF_030445035.2	Dasypus novemcinctus	Mammalia	Cingulata	non_actinopterygian	RYR	Dasypus_novemcinctus|GCF_030445035.2|RYR.2	Dasypus_novemcinctus|GCF_030445035.2|RYR.2	NC_080675.1	103866085	104371286	16	ACTC1;AQR;ARHGAP11A;AVEN;CHRM5;DPH6;EMC4;EMC7;FMN1;GJD2;GREM1;KATNBL1;LPCAT4;NUTM1;SLC12A6;ZNF770
GCF_030445035.2	Dasypus novemcinctus	Mammalia	Cingulata	non_actinopterygian	RYR	Dasypus_novemcinctus|GCF_030445035.2|RYR.0	Dasypus_novemcinctus|GCF_030445035.2|RYR.0	NC_080685.1	12301424	13035717	17	ACTN2;CHML;CHRM3;EDARADD;ERO1B;FMN2;GPR137B;GREM2;HEATR1;KMO;LGALS8;LYST;MTR;NID1;OPN3;WDR64;ZP4
GCF_030445035.2	Dasypus novemcinctus	Mammalia	Cingulata	non_actinopterygian	RYR	Dasypus_novemcinctus|GCF_030445035.2|RYR.1	Dasypus_novemcinctus|GCF_030445035.2|RYR.1	NC_080690.1	59083785	59202620	20	ACTN4;C18H19ORF33;CAPN12;CATSPERG;ECH1;EIF3K;FAM98C;GGN;HNRNPL;KCNK6;LGALS4;LGALS7;MAP4K1;PSMD8;RASGRP4;RINL;SIRT2;SPINT2;SPRED3;YIF1B
GCF_030463565.1	Pelecanus crispus	Aves	Pelecaniformes	non_actinopterygian	ITPR1	Pelecanus_crispus|GCF_030463565.1|ITPR1.0	Pelecanus_crispus|GCF_030463565.1|ITPR1.0	NC_134649.1	49501219	49677041	19	ARL8B;BHLHE40;CAV3;CHL1;CNTN3;CNTN4;CNTN6;CRBN;EDEM1;GRM7;IL5RA;LMCD1;LRRN1;OXTR;RAD18;SRGAP3;SSUH2;SUMF1;TRNT1
GCF_030463565.1	Pelecanus crispus	Aves	Pelecaniformes	non_actinopterygian	ITPR2	Pelecanus_crispus|GCF_030463565.1|ITPR2.0	Pelecanus_crispus|GCF_030463565.1|ITPR2.0	NC_134643.1	77489478	77752493	19	BHLHE41;BMAL2;CYB5R3;DNAI7;ETFRF1;FGFR1OP2;GYS2;INTS13;IRAG2;KRAS;LMNTD1;MED21;PPFIBP1;RASSF8;REP15;SPX;SSPN;STK38L;TM7SF3
GCF_030463565.1	Pelecanus crispus	Aves	Pelecaniformes	non_actinopterygian	ITPR3	Pelecanus_crispus|GCF_030463565.1|ITPR3.0	Pelecanus_crispus|GCF_030463565.1|ITPR3.0	NC_134659.1	4585848	4635768	16	APOBEC2;BAK1;FOXP4;GRM4;HMGA1;IP6K3;LEMD2;MDFI;MLN;NFYA;NUDT3;OARD1;PACSIN1;RPS10;SMIM29;TFEB
GCF_030463565.1	Pelecanus crispus	Aves	Pelecaniformes	non_actinopterygian	RYR	Pelecanus_crispus|GCF_030463565.1|RYR.0	Pelecanus_crispus|GCF_030463565.1|RYR.0	NC_134645.1	20650498	21107286	20	ACTN2;CHRM3;EDARADD;ERO1B;EXO1;FMN2;GNG4;GPR137B;GREM2;HEATR1;LGALS8;LYST;MAP1LC3C;MTR;NID1;OPN3;PIGM;PLD5;RGS7;WDR64
GCF_030463565.1	Pelecanus crispus	Aves	Pelecaniformes	non_actinopterygian	RYR	Pelecanus_crispus|GCF_030463565.1|RYR.1	Pelecanus_crispus|GCF_030463565.1|RYR.1	NC_134648.1	37981346	38236159	16	ARHGAP11A;AVEN;CDIN1;CHRM5;EIF2AK4;EMC7;FAM98B;FSIP1;GPR176;GREM1;KATNBL1;RASGRP1;SCG5;SPRED1;SRP14;THBS1
GCF_030490865.1	Poecile atricapillus	Aves	Passeriformes	non_actinopterygian	ITPR1	Poecile_atricapillus|GCF_030490865.1|ITPR1.0	Poecile_atricapillus|GCF_030490865.1|ITPR1.0	NC_081257.1	22867596	23027612	17	ARL8B;BHLHE40;CAV3;CHL1;CNTN6;CRBN;EDEM1;GRM7;IL5RA;LMCD1;LRRN1;OXTR;RAD18;SRGAP3;SUMF1;THUMPD3;TRNT1
GCF_030490865.1	Poecile atricapillus	Aves	Passeriformes	non_actinopterygian	ITPR3	Poecile_atricapillus|GCF_030490865.1|ITPR3.0	Poecile_atricapillus|GCF_030490865.1|ITPR3.0	NC_081271.1	3198430	3304338	18	APOBEC2;BAK1;FOXP4;GRM4;HMGA1;ILRUN;MDFI;NFYA;NUDT3;OARD1;PACSIN1;RPS10;SMIM29;SNRPC;SPDEF;TFEB;TREM2;TSPO2
GCF_030490865.1	Poecile atricapillus	Aves	Passeriformes	non_actinopterygian	RYR	Poecile_atricapillus|GCF_030490865.1|RYR.2	Poecile_atricapillus|GCF_030490865.1|RYR.2	NC_081249.1	149859915	150059406	18	ARHGAP11A;AVEN;CDIN1;CHRM5;EIF2AK4;EMC7;FAM98B;FMN1;FSIP1;GPR176;GREM1;KATNBL1;MEIS2;RASGRP1;SCG5;SPRED1;SRP14;THBS1
GCF_030490865.1	Poecile atricapillus	Aves	Passeriformes	non_actinopterygian	RYR	Poecile_atricapillus|GCF_030490865.1|RYR.0	Poecile_atricapillus|GCF_030490865.1|RYR.0	NC_081251.1	69478251	69858166	19	ACTN2;CHRM3;EDARADD;ERO1B;EXO1;FMN2;GNG4;GPR137B;GREM2;HEATR1;LGALS8;LYST;MAP1LC3C;MTR;NID1;OPN3;PIGM;RGS7;WDR64
GCF_030490865.1	Poecile atricapillus	Aves	Passeriformes	non_actinopterygian	RYR	Poecile_atricapillus|GCF_030490865.1|RYR.1	Poecile_atricapillus|GCF_030490865.1|RYR.1	NC_081279.1	3586397	3745743	13	ACTN4;AKT2;C31H19ORF47;CKM;ECH1;EIF3K;ERCC2;HNRNPL;PLD3;PPP1R14A;PSMD8;SAE1;ZC3H4
GCF_030867095.1	Alligator mississippiensis	Crocodylia	Crocodylia	non_actinopterygian	ITPR1	Alligator_mississippiensis|GCF_030867095.1|ITPR1.0	Alligator_mississippiensis|GCF_030867095.1|ITPR1.0	NC_081835.1	11721359	11945428	16	ARL8B;BHLHE40;CAV3;CHL1;CNTN3;CNTN4;CRBN;EDEM1;GRM7;IL5RA;LMCD1;LRRN1;OXTR;SSUH2;SUMF1;TRNT1
GCF_030867095.1	Alligator mississippiensis	Crocodylia	Crocodylia	non_actinopterygian	ITPR2	Alligator_mississippiensis|GCF_030867095.1|ITPR2.0	Alligator_mississippiensis|GCF_030867095.1|ITPR2.0	NC_081827.1	128848455	129269633	17	BHLHE41;BMAL2;DNAI7;ETFRF1;FGFR1OP2;GYS2;INTS13;IRAG2;KRAS;LMNTD1;MED21;PPFIBP1;RASSF8;REP15;SSPN;STK38L;TM7SF3
GCF_030867095.1	Alligator mississippiensis	Crocodylia	Crocodylia	non_actinopterygian	ITPR3	Alligator_mississippiensis|GCF_030867095.1|ITPR3.0	Alligator_mississippiensis|GCF_030867095.1|ITPR3.0	NC_081837.1	38018265	38094058	16	APOBEC2;BAK1;GRM4;HMGA1;IP6K3;LEMD2;MLN;NFYA;NUDT3;OARD1;PACSIN1;RPS10;SMIM29;SPDEF;TSPO2;UNC5CL
GCF_030867095.1	Alligator mississippiensis	Crocodylia	Crocodylia	non_actinopterygian	RYR	Alligator_mississippiensis|GCF_030867095.1|RYR.0	Alligator_mississippiensis|GCF_030867095.1|RYR.0	NC_081824.1	154260965	155097530	18	ACTN2;CHRM3;EDARADD;ERO1B;EXO1;FMN2;GNG4;GPR137B;GREM2;HEATR1;LGALS8;LYST;MTR;NID1;OPN3;PIGM;RGS7;WDR64
GCF_030867095.1	Alligator mississippiensis	Crocodylia	Crocodylia	non_actinopterygian	RYR	Alligator_mississippiensis|GCF_030867095.1|RYR.2	Alligator_mississippiensis|GCF_030867095.1|RYR.2	NC_081825.1	243691450	244247153	17	AVEN;CDIN1;CHRM5;DPH6;EIF2AK4;EMC7;FAM98B;FMN1;FSIP1;GPR176;GREM1;KATNBL1;MEIS2;RASGRP1;SPRED1;SRP14;THBS1
GCF_030867095.1	Alligator mississippiensis	Crocodylia	Crocodylia	non_actinopterygian	RYR	Alligator_mississippiensis|GCF_030867095.1|RYR.1	Alligator_mississippiensis|GCF_030867095.1|RYR.1	NC_081838.1	1918721	1975992	12	ACTN4;CATSPERG;EIF3K;FAM98C;GGN;KPTN;MAP4K1;MEIS3;PSMD8;RASGRP4;SLC8A2;SPRED3
GCF_030867145.1	Opisthocomus hoazin	Aves	Opisthocomiformes	non_actinopterygian	ITPR1	Opisthocomus_hoazin|GCF_030867145.1|ITPR1.0	Opisthocomus_hoazin|GCF_030867145.1|ITPR1.0	NC_134424.1	2048164	2227628	16	ARL8B;BHLHE40;CAV3;CHL1;CRBN;EDEM1;GRM7;IL5RA;LMCD1;LRRN1;OXTR;RAD18;SRGAP3;SUMF1;THUMPD3;TRNT1
GCF_030867145.1	Opisthocomus hoazin	Aves	Opisthocomiformes	non_actinopterygian	ITPR2	Opisthocomus_hoazin|GCF_030867145.1|ITPR2.0	Opisthocomus_hoazin|GCF_030867145.1|ITPR2.0	NC_134414.1	141755062	142024766	19	A4GALT;BHLHE41;BMAL2;CYB5R3;DNAI7;ETFRF1;FGFR1OP2;GYS2;INTS13;IRAG2;KRAS;LMNTD1;MED21;PPFIBP1;RASSF8;SPX;SSPN;STK38L;TM7SF3
GCF_030867145.1	Opisthocomus hoazin	Aves	Opisthocomiformes	non_actinopterygian	ITPR3	Opisthocomus_hoazin|GCF_030867145.1|ITPR3.0	Opisthocomus_hoazin|GCF_030867145.1|ITPR3.0	NC_134438.1	7482469	7596472	19	APOBEC2;BAK1;BLTP3A;FOXP4;GRM4;HMGA1;ILRUN;MDFI;NFYA;NUDT3;OARD1;PACSIN1;RPS10;SMIM29;SNRPC;SPDEF;TFEB;TREM1;TSPO2
GCF_030867145.1	Opisthocomus hoazin	Aves	Opisthocomiformes	non_actinopterygian	RYR	Opisthocomus_hoazin|GCF_030867145.1|RYR.0	Opisthocomus_hoazin|GCF_030867145.1|RYR.0	NC_134415.1	9067755	9515401	20	ACTN2;CHRM3;EDARADD;ERO1B;EXO1;FMN2;GNG4;GPR137B;GREM2;HEATR1;LGALS8;LYST;MAP1LC3C;MTR;NID1;OPN3;PIGM;PLD5;RGS7;WDR64
GCF_030867145.1	Opisthocomus hoazin	Aves	Opisthocomiformes	non_actinopterygian	RYR	Opisthocomus_hoazin|GCF_030867145.1|RYR.1	Opisthocomus_hoazin|GCF_030867145.1|RYR.1	NC_134420.1	38163329	38409295	17	ARHGAP11A;AVEN;CDIN1;CHRM5;EIF2AK4;EMC7;FAM98B;FSIP1;GPR176;GREM1;KATNBL1;MEIS2;RASGRP1;SCG5;SPRED1;SRP14;THBS1
GCF_030936135.1	Gavia stellata	Aves	Gaviiformes	non_actinopterygian	ITPR1	Gavia_stellata|GCF_030936135.1|ITPR1.0	Gavia_stellata|GCF_030936135.1|ITPR1.0	NC_082605.1	23526661	23764601	16	ARL8B;CAV3;CHL1;CNTN6;CRBN;EDEM1;GRM7;IL5RA;LMCD1;LRRN1;OXTR;RAD18;SRGAP3;SSUH2;SUMF1;TRNT1
GCF_030936135.1	Gavia stellata	Aves	Gaviiformes	non_actinopterygian	ITPR2	Gavia_stellata|GCF_030936135.1|ITPR2.0	Gavia_stellata|GCF_030936135.1|ITPR2.0	NC_082597.1	75916062	76178281	18	BHLHE41;BMAL2;DNAI7;FGFR1OP2;GYS2;INTS13;IRAG2;KCNJ8;KRAS;LDHB;MED21;PPFIBP1;RASSF8;REP15;SPX;SSPN;STK38L;TM7SF3
GCF_030936135.1	Gavia stellata	Aves	Gaviiformes	non_actinopterygian	ITPR3	Gavia_stellata|GCF_030936135.1|ITPR3.0	Gavia_stellata|GCF_030936135.1|ITPR3.0	NC_082623.1	3455025	3565156	19	APOBEC2;BAK1;BLTP3A;FOXP4;GRM4;HMGA1;ILRUN;MDFI;NFYA;NUDT3;OARD1;PACSIN1;RPS10;SMIM29;SNRPC;SPDEF;TFEB;TREM1;TSPO2
GCF_030936135.1	Gavia stellata	Aves	Gaviiformes	non_actinopterygian	RYR	Gavia_stellata|GCF_030936135.1|RYR.0	Gavia_stellata|GCF_030936135.1|RYR.0	NC_082595.1	28168596	28609868	19	ACTN2;CHRM3;EDARADD;ERO1B;EXO1;FMN2;GPR137B;GREM2;HEATR1;LGALS8;LYST;MAP1LC3C;MTR;NID1;OPN3;PIGM;PLD5;RGS7;WDR64
GCF_030936135.1	Gavia stellata	Aves	Gaviiformes	non_actinopterygian	RYR	Gavia_stellata|GCF_030936135.1|RYR.1	Gavia_stellata|GCF_030936135.1|RYR.1	NC_082600.1	36295811	36535622	18	ARHGAP11A;AVEN;CDIN1;CHRM5;DPH6;EIF2AK4;EMC7;FAM98B;FMN1;FSIP1;GPR176;GREM1;KATNBL1;MEIS2;RASGRP1;SCG5;SPRED1;THBS1
GCF_030936135.1	Gavia stellata	Aves	Gaviiformes	non_actinopterygian	RYR	Gavia_stellata|GCF_030936135.1|RYR.2	Gavia_stellata|GCF_030936135.1|RYR.2	NC_082634.1	265267	333613	18	ACTN4;BICRA;ECH1;EHD2;EIF3K;HNRNPL;KPTN;LGALS4;MAP4K1;MRPS12;NAPA;NFKBIB;PSMD8;SARS2;SIRT2;SLC8A2;SPRED3;ZNF541
GCF_033026475.1	Channa argus	Actinopteri	Anabantiformes	teleost	ITPR1	Channa_argus|GCF_033026475.1|ITPR1.1	Channa_argus|GCF_033026475.1|ITPR1.1	NC_090201.1	6408074	6480628	18	ARL6IP5A;ARL8B;AVPR2B;BHLHE40;CAMKV;COMT;EEVS;FRMD4B;GRM6B;LRRN1;MDFIC2;MITF;MON1A;MST1R;SEMA3F;SETMAR;TRAIP;TRNT1
GCF_033026475.1	Channa argus	Actinopteri	Anabantiformes	teleost	ITPR1	Channa_argus|GCF_033026475.1|ITPR1.0	Channa_argus|GCF_033026475.1|ITPR1.0	NC_090201.1	13103597	13164435	8	ATF1;ATF7B;DIP2B;ESYT1B;SCN8A;SLC4A8;SUMF1;ZC3H10
GCF_033026475.1	Channa argus	Actinopteri	Anabantiformes	teleost	ITPR2	Channa_argus|GCF_033026475.1|ITPR2.0	Channa_argus|GCF_033026475.1|ITPR2.0	NC_090200.1	18228193	18278274	17	BANP;BHLHE41;BMAL2;C1QTNF13;CES2B;EEA1;FANCI;FBXO31;KRAS;NR1H4;NUDT4A;PLEKHG7;POLG;PPFIBP1B;SLC17A8;SSPN;UBE2N
GCF_033026475.1	Channa argus	Actinopteri	Anabantiformes	teleost	RYR	Channa_argus|GCF_033026475.1|RYR.5	Channa_argus|GCF_033026475.1|RYR.5	NC_090197.1	36225056	36292277	14	ACTN2B;CCSER2A;CHRM3A;DNAJC9;ECD;FAM149B1;FMN2A;GREM2A;GRID1A;NDNFL;P4HA1B;PHYHIPL;RGS7A;SPARCL2
GCF_033026475.1	Channa argus	Actinopteri	Anabantiformes	teleost	RYR	Channa_argus|GCF_033026475.1|RYR.1	Channa_argus|GCF_033026475.1|RYR.1	NC_090202.1	25303331	25362853	11	B3GNT2L;BCKDH;EXOSC5;HNRNPUL1;NAPA;OPA3;PPP1R13L;PPP5C;RASGRP4;TGFB1A;TMEM91
GCF_033026475.1	Channa argus	Actinopteri	Anabantiformes	teleost	RYR	Channa_argus|GCF_033026475.1|RYR.0	Channa_argus|GCF_033026475.1|RYR.0	NC_090203.1	28419755	28646067	15	ACBD4;ADGRA1A;ADOA;BMS1;CABCOCO1;CHRM3B;CYP26A1;EGR2B;FMN2B;JMJD1C;MTR;NRBF2B;PLCD3B;REEP3B;TUBGCP2
GCF_033026475.1	Channa argus	Actinopteri	Anabantiformes	teleost	RYR	Channa_argus|GCF_033026475.1|RYR.3	Channa_argus|GCF_033026475.1|RYR.3	NC_090212.1	8885562	8975126	8	ACP7;ARHGAP11A;CRIM1;DNAJC17;EIF2AK4;FSIP1;GCHFR;GREM1B
GCF_033026475.1	Channa argus	Actinopteri	Anabantiformes	teleost	RYR	Channa_argus|GCF_033026475.1|RYR.4	Channa_argus|GCF_033026475.1|RYR.4	NC_090213.1	4255617	4348838	16	ABRACL;ACTC1A;AFDN;CLU;EMC7B;GREM1A;KATNBL1;PLG;REPS1;RFX6;SCARA3;SCG5;TDRD15;THBS1B;UNC93A;VGLL2A
GCF_033026475.1	Channa argus	Actinopteri	Anabantiformes	teleost	RYR	Channa_argus|GCF_033026475.1|RYR.2	Channa_argus|GCF_033026475.1|RYR.2	NC_090220.1	563655	610729	13	BRD8A;CXXC5A;DNAJC18;GABRR3A;GNG8;LIPI;NFRK;NRG2A;PHLDB2A;PPP3C;PURA;SMS;TMEM45B
GCF_033807715.1	Cololabis saira	Actinopteri	Beloniformes	teleost	ITPR1	Cololabis_saira|GCF_033807715.1|ITPR1.0	Cololabis_saira|GCF_033807715.1|ITPR1.0	NC_084594.1	27744458	27829701	9	ATF1;ATF7B;DIP2B;ESYT1B;SCN8A;SLC4A8;SUMF1;TTLL3;ZC3H10
GCF_033807715.1	Cololabis saira	Actinopteri	Beloniformes	teleost	ITPR1	Cololabis_saira|GCF_033807715.1|ITPR1.1	Cololabis_saira|GCF_033807715.1|ITPR1.1	NC_084594.1	35806517	35919716	12	ACAD9;ARL6IP5A;EEVS;FRMD4B;GATA2A;LRRN1;MITF;RPN1;SETMAR;SFMBT1;STIMATE;TRNT1
GCF_033807715.1	Cololabis saira	Actinopteri	Beloniformes	teleost	ITPR2	Cololabis_saira|GCF_033807715.1|ITPR2.0	Cololabis_saira|GCF_033807715.1|ITPR2.0	NC_084591.1	41157383	41227539	16	BANP;BHLHE41;BMAL2;C1QTNF13;CES2B;ENDOUC;FBXO31;KRAS;NR1H4;NUDT4A;PLEKHG7;PPFIBP1B;SLC17A8;SSPN;SYCP3;UBE2N
GCF_033807715.1	Cololabis saira	Actinopteri	Beloniformes	teleost	ITPR3	Cololabis_saira|GCF_033807715.1|ITPR3.0	Cololabis_saira|GCF_033807715.1|ITPR3.0	NC_084598.1	14802745	14868163	14	BCAP31;GPR37L1B;GRIPAP1;HM13;ITIH3A;KCND1;MRGBP;MUSTN1B;PLXNA3;PTPN18;SLC6A8;SNX21;ST14B;SULF2B
GCF_033807715.1	Cololabis saira	Actinopteri	Beloniformes	teleost	RYR	Cololabis_saira|GCF_033807715.1|RYR.0	Cololabis_saira|GCF_033807715.1|RYR.0	NC_084590.1	44025478	44178907	11	AAMDC;EXOSC5;HNRNPUL1;INTS4;KCTD14;OPA3;PPP1R13L;PPP5C;RASGRP4;TGFB1A;TMEM91
GCF_033807715.1	Cololabis saira	Actinopteri	Beloniformes	teleost	RYR	Cololabis_saira|GCF_033807715.1|RYR.1	Cololabis_saira|GCF_033807715.1|RYR.1	NC_084600.1	14723321	14781149	12	CXXC5A;DNAJC18;GNG8;NFRK;NRG2A;PPP3C;PURA;RB1;RNF121;SLC6A7;TAF1;TMEM45B
GCF_033807715.1	Cololabis saira	Actinopteri	Beloniformes	teleost	RYR	Cololabis_saira|GCF_033807715.1|RYR.3	Cololabis_saira|GCF_033807715.1|RYR.3	NC_084602.1	25355732	25494327	8	ACP7;ARHGAP11A;CHRM5A;CRIM1;EIF2AK4;FSIP1;GCHFR;GREM1B
GCF_033807715.1	Cololabis saira	Actinopteri	Beloniformes	teleost	RYR	Cololabis_saira|GCF_033807715.1|RYR.5	Cololabis_saira|GCF_033807715.1|RYR.5	NC_084603.1	24957872	25031590	14	ACTN2B;CCDC6A;CCSER2A;CHRM3A;DNAJC9;ECD;FAM149B1;FMN2A;GREM2A;NDNFL;P4HA1B;PHYHIPL;RGS7A;SPARCL2
GCF_033807715.1	Cololabis saira	Actinopteri	Beloniformes	teleost	RYR	Cololabis_saira|GCF_033807715.1|RYR.4	Cololabis_saira|GCF_033807715.1|RYR.4	NC_084604.1	10187043	10332866	18	ABRACL;ACOT20;ACTC1A;AVEN;CHRM5B;CLU;EMC7B;FMN1;GPR176;GREM1A;HECA;KATNBL1;REPS1;SCARA3;SLC10A1;SRSF5B;SUSD6;THBS1B
GCF_033978785.1	Entelurus aequoreus	Actinopteri	Syngnathiformes	teleost	ITPR1	Entelurus_aequoreus|GCF_033978785.1|ITPR1.1	Entelurus_aequoreus|GCF_033978785.1|ITPR1.1	NC_084731.1	24183116	24381431	16	ARL6IP5A;ARL8B;AVPR2B;BHLHE40;FOXP1B;FRMD4B;GRM6B;LRRN1;MITF;MON1A;MST1R;PROK2;SEMA3F;SETMAR;TRAIP;TRNT1
GCF_033978785.1	Entelurus aequoreus	Actinopteri	Syngnathiformes	teleost	ITPR1	Entelurus_aequoreus|GCF_033978785.1|ITPR1.0	Entelurus_aequoreus|GCF_033978785.1|ITPR1.0	NC_084731.1	33154477	33362908	7	ESYT1B;FAIM2B;NR1D4B;SLC4A8;SUMF1;TMT1A;ZC3H10
GCF_033978785.1	Entelurus aequoreus	Actinopteri	Syngnathiformes	teleost	ITPR2	Entelurus_aequoreus|GCF_033978785.1|ITPR2.0	Entelurus_aequoreus|GCF_033978785.1|ITPR2.0	NC_084754.1	22128147	22258226	13	BANP;BHLHE41;BMAL2;C1QTNF13;EEA1;KRAS;NR1H4;NUDT4A;PLEKHG7;PPFIBP1B;SLC17A8;SSPN;UBE2N
GCF_033978785.1	Entelurus aequoreus	Actinopteri	Syngnathiformes	teleost	ITPR3	Entelurus_aequoreus|GCF_033978785.1|ITPR3.0	Entelurus_aequoreus|GCF_033978785.1|ITPR3.0	NC_084737.1	14838831	14988351	10	ABCD1;CCDC120A;HCFC1B;HM13;IRAK1;MECP2;MRGBP;PLXNB3;RFC2;SRPK3
GCF_033978785.1	Entelurus aequoreus	Actinopteri	Syngnathiformes	teleost	RYR	Entelurus_aequoreus|GCF_033978785.1|RYR.4	Entelurus_aequoreus|GCF_033978785.1|RYR.4	NC_084733.1	52930374	53312532	13	ARF6B;ASPG;HIF1A;KIF26A;KTN1;LG03H14ORF180;MNAT1;MSH4;PRKCH;SIX4A;SLC38A6;TRMT5;VCPKMT
GCF_033978785.1	Entelurus aequoreus	Actinopteri	Syngnathiformes	teleost	RYR	Entelurus_aequoreus|GCF_033978785.1|RYR.0	Entelurus_aequoreus|GCF_033978785.1|RYR.0	NC_084738.1	36236874	36509607	12	ADOA;BMS1;DCXR;EGR2B;IPMK;JMJD1C;MTR;NAGLU;NRBF2B;REEP3B;RFNG;TFAM
GCF_033978785.1	Entelurus aequoreus	Actinopteri	Syngnathiformes	teleost	RYR	Entelurus_aequoreus|GCF_033978785.1|RYR.6	Entelurus_aequoreus|GCF_033978785.1|RYR.6	NC_084739.1	61873333	62077739	9	ACTN2B;CFAP36;CHRM3A;FAM13C;FMN2A;PHYHIPL;PPP4R3B;RGS7A;SLC16A9B
GCF_033978785.1	Entelurus aequoreus	Actinopteri	Syngnathiformes	teleost	RYR	Entelurus_aequoreus|GCF_033978785.1|RYR.1	Entelurus_aequoreus|GCF_033978785.1|RYR.1	NC_084740.1	43310425	43605292	10	B3GNT2L;BCKDH;EXOSC5;FNDC3A;HNRNPUL1;OPA3;PPP1R13L;RASGRP4;RCBTB2;TMEM91
GCF_033978785.1	Entelurus aequoreus	Actinopteri	Syngnathiformes	teleost	RYR	Entelurus_aequoreus|GCF_033978785.1|RYR.5	Entelurus_aequoreus|GCF_033978785.1|RYR.5	NC_084753.1	17203788	17511786	12	ABRACL;ACTC1A;CHRM5B;CLU;EMC7B;GPR176;KATNBL1;REPS1;SCARA3;SRSF5B;SUSD6;THBS1B
GCF_034619465.1	Leptosomus discolor	Aves	Leptosomiformes	non_actinopterygian	ITPR1	Leptosomus_discolor|GCF_034619465.1|ITPR1.0	Leptosomus_discolor|GCF_034619465.1|ITPR1.0	NC_141399.1	2110421	2281192	17	ARL8B;BHLHE40;CAV3;CHL1;CNTN6;CRBN;EDEM1;GRM7;IL5RA;LMCD1;LRRN1;OXTR;RAD18;SRGAP3;SSUH2;SUMF1;TRNT1
GCF_034619465.1	Leptosomus discolor	Aves	Leptosomiformes	non_actinopterygian	ITPR2	Leptosomus_discolor|GCF_034619465.1|ITPR2.0	Leptosomus_discolor|GCF_034619465.1|ITPR2.0	NC_141391.1	143509404	143772370	19	BHLHE41;BMAL2;CYB5R3;DNAI7;ETFRF1;FGFR1OP2;GYS2;INTS13;IRAG2;KRAS;LMNTD1;MED21;PPFIBP1;RASSF8;REP15;SPX;SSPN;STK38L;TM7SF3
GCF_034619465.1	Leptosomus discolor	Aves	Leptosomiformes	non_actinopterygian	ITPR3	Leptosomus_discolor|GCF_034619465.1|ITPR3.0	Leptosomus_discolor|GCF_034619465.1|ITPR3.0	NC_141411.1	4243992	4292393	17	APOBEC2;BAK1;FOXP4;GRM4;HMGA1;IP6K3;LEMD2;MDFI;MLN;NFYA;NUDT3;OARD1;PACSIN1;RPS10;SMIM29;TREML1;TSPO2
GCF_034619465.1	Leptosomus discolor	Aves	Leptosomiformes	non_actinopterygian	RYR	Leptosomus_discolor|GCF_034619465.1|RYR.0	Leptosomus_discolor|GCF_034619465.1|RYR.0	NC_141392.1	42633502	43069990	18	ACTN2;CHRM3;EDARADD;ERO1B;EXO1;FMN2;GPR137B;GREM2;HEATR1;LGALS8;LYST;MAP1LC3C;MTR;NID1;OPN3;PIGM;RGS7;WDR64
GCF_034619465.1	Leptosomus discolor	Aves	Leptosomiformes	non_actinopterygian	RYR	Leptosomus_discolor|GCF_034619465.1|RYR.1	Leptosomus_discolor|GCF_034619465.1|RYR.1	NC_141393.1	35892624	36133603	19	ARHGAP11A;AVEN;CDIN1;CHRM5;DPH6;EIF2AK4;EMC7;FMN1;FSIP1;GPR176;GREM1;KATNBL1;MEIS2;RASGRP1;SCG5;SPRED1;SRP14;THBS1;TSLIG3B
GCF_034638445.1	Ciconia boyciana	Aves	Ciconiiformes	non_actinopterygian	ITPR1	Ciconia_boyciana|GCF_034638445.1|ITPR1.0	Ciconia_boyciana|GCF_034638445.1|ITPR1.0	NC_132944.1	10313150	10486288	17	ARL8B;BHLHE40;CAV3;CHL1;CNTN3;CRBN;EDEM1;GRM7;IL5RA;LMCD1;LRRN1;OXTR;RAD18;SRGAP3;SSUH2;SUMF1;TRNT1
GCF_034638445.1	Ciconia boyciana	Aves	Ciconiiformes	non_actinopterygian	ITPR2	Ciconia_boyciana|GCF_034638445.1|ITPR2.0	Ciconia_boyciana|GCF_034638445.1|ITPR2.0	NC_132934.1	76398748	76663038	19	BHLHE41;BMAL2;CYB5R3;DNAI7;ETFRF1;FGFR1OP2;GYS2;INTS13;IRAG2;KRAS;LMNTD1;MED21;PPFIBP1;RASSF8;REP15;SPX;SSPN;STK38L;TM7SF3
GCF_034638445.1	Ciconia boyciana	Aves	Ciconiiformes	non_actinopterygian	ITPR3	Ciconia_boyciana|GCF_034638445.1|ITPR3.0	Ciconia_boyciana|GCF_034638445.1|ITPR3.0	NC_132956.1	4428913	4470976	14	APOBEC2;BAK1;FOXP4;GRM4;HMGA1;IP6K3;LEMD2;MLN;NFYA;NUDT3;OARD1;RPS10;SMIM29;UQCC2
GCF_034638445.1	Ciconia boyciana	Aves	Ciconiiformes	non_actinopterygian	RYR	Ciconia_boyciana|GCF_034638445.1|RYR.0	Ciconia_boyciana|GCF_034638445.1|RYR.0	NC_132936.1	85582057	86029677	20	ACTN2;CEP170;CHRM3;EDARADD;ERO1B;EXO1;FMN2;GNG4;GPR137B;GREM2;HEATR1;LGALS8;LYST;MAP1LC3C;MTR;NID1;OPN3;PIGM;PLD5;RGS7
GCF_034638445.1	Ciconia boyciana	Aves	Ciconiiformes	non_actinopterygian	RYR	Ciconia_boyciana|GCF_034638445.1|RYR.2	Ciconia_boyciana|GCF_034638445.1|RYR.2	NC_132939.1	36023116	36275456	17	ARHGAP11A;AVEN;CDIN1;CHRM5;EIF2AK4;EMC7;FAM98B;FSIP1;GPR176;GREM1;KATNBL1;MEIS2;RASGRP1;SCG5;SPRED1;SRP14;THBS1
GCF_034638445.1	Ciconia boyciana	Aves	Ciconiiformes	non_actinopterygian	RYR	Ciconia_boyciana|GCF_034638445.1|RYR.1	Ciconia_boyciana|GCF_034638445.1|RYR.1	NC_132966.1	281663	409791	19	ACTN4;BICRA;ECH1;EHD2;EIF3K;HNRNPL;KPTN;MAP4K1;MRPS12;NAPA;NFKBIB;NOP53;PAK4;PSMD8;SARS2;SIRT2;SLC8A2;SPRED3;ZNF541
GCF_034702125.1	Engraulis encrasicolus	Actinopteri	Clupeiformes	teleost	ITPR1	Engraulis_encrasicolus|GCF_034702125.1|ITPR1.0	Engraulis_encrasicolus|GCF_034702125.1|ITPR1.0	NC_085870.1	7851637	7951769	11	AGTRAP;ARFGAP1;DRAXIN;ELMO2;ITGA7;NCKAP1L;NPFFL;PANK4;PFKFB4B;RNF207A;SUMF1
GCF_034702125.1	Engraulis encrasicolus	Actinopteri	Clupeiformes	teleost	ITPR1	Engraulis_encrasicolus|GCF_034702125.1|ITPR1.1	Engraulis_encrasicolus|GCF_034702125.1|ITPR1.1	NC_085870.1	26797879	27067336	16	ARL6IP5A;AVPR2B;BHLHE40;EEVS;ERBB3A;FOXP1B;FRMD4B;HP1BP3;KIF17;LRRN1;MITF;PFKFB2B;SETMAR;SH2D5;TRNT1;YOD1
GCF_034702125.1	Engraulis encrasicolus	Actinopteri	Clupeiformes	teleost	ITPR2	Engraulis_encrasicolus|GCF_034702125.1|ITPR2.0	Engraulis_encrasicolus|GCF_034702125.1|ITPR2.0	NC_085860.1	269106	478804	13	BHLHE41;BMAL2;C1QTNF13;EEA1;EIF4G2B;LYVE1B;NR1H4;NUDT4A;PLEKHG7;SLC17A8;SMPD3;SSPN;UBE2N
GCF_034702125.1	Engraulis encrasicolus	Actinopteri	Clupeiformes	teleost	ITPR3	Engraulis_encrasicolus|GCF_034702125.1|ITPR3.0	Engraulis_encrasicolus|GCF_034702125.1|ITPR3.0	NC_085866.1	4370057	4458704	14	BRPF1;CTNNBL1;E2F1;GPR37L1B;KANSL2;KDM5C;MIB2;OLFML3A;RENBP;RPRD1B;SDF4;TAMALIN;TTI1;ZNF341
GCF_034702125.1	Engraulis encrasicolus	Actinopteri	Clupeiformes	teleost	RYR	Engraulis_encrasicolus|GCF_034702125.1|RYR.1	Engraulis_encrasicolus|GCF_034702125.1|RYR.1	NC_085863.1	43243949	43424637	8	ALOX5AP;DDIAS;HMGB1A;KATNAL1;PITX1;SMYD4;TRPC5A;UBL3A
GCF_034702125.1	Engraulis encrasicolus	Actinopteri	Clupeiformes	teleost	RYR	Engraulis_encrasicolus|GCF_034702125.1|RYR.2	Engraulis_encrasicolus|GCF_034702125.1|RYR.2	NC_085864.1	28951884	29062832	11	BCKDH;CLTC;DHX40;EXOSC5;OPA3;PPP1R13L;RASGRP4;TMEM91;TUBD1;USP2A;VMP1
GCF_034702125.1	Engraulis encrasicolus	Actinopteri	Clupeiformes	teleost	RYR	Engraulis_encrasicolus|GCF_034702125.1|RYR.0	Engraulis_encrasicolus|GCF_034702125.1|RYR.0	NC_085873.1	15099399	15231312	12	CCDC57;CHRM3B;FASN;FH;FMN2B;GALK1;HHEX;LLGL2;MTR;MYCBP;MYO15B;TMEM94
GCF_034702125.1	Engraulis encrasicolus	Actinopteri	Clupeiformes	teleost	RYR	Engraulis_encrasicolus|GCF_034702125.1|RYR.4	Engraulis_encrasicolus|GCF_034702125.1|RYR.4	NC_085874.1	2222385	2425228	10	ACTC1A;AVEN;CHRM5B;EMC7B;GALC;GREM1A;KATNBL1;NT5E;RAD51;RMDN3
GCF_034702125.1	Engraulis encrasicolus	Actinopteri	Clupeiformes	teleost	RYR	Engraulis_encrasicolus|GCF_034702125.1|RYR.3	Engraulis_encrasicolus|GCF_034702125.1|RYR.3	NC_085875.1	11411481	11821824	8	ACP7;ARHGAP11A;CHRM5A;EIF2AK4;FSIP1;GREM1B;KDM1A;TMEM30B
GCF_034702125.1	Engraulis encrasicolus	Actinopteri	Clupeiformes	teleost	RYR	Engraulis_encrasicolus|GCF_034702125.1|RYR.5	Engraulis_encrasicolus|GCF_034702125.1|RYR.5	NC_085880.1	25827028	25945297	15	ACTN2B;BAG3;CHRM3A;CSGALNACT2;ECD;FMN2A;GREM2A;INPP5F;KIF11;MCMBP;P4HA1B;REEP3A;RGS7A;SEC23IP;SLC22A15
GCF_035084215.1	Heptranchias perlo	Chondrichthyes	Hexanchiformes	non_actinopterygian	ITPR1	Heptranchias_perlo|GCF_035084215.1|ITPR1.0	Heptranchias_perlo|GCF_035084215.1|ITPR1.0	NC_090341.1	47576884	48014749	11	ARL8B;BHLHE40;CAV3;EDEM1;LMCD1;OXTR;RAD18;SEMA3H;SETMAR;SUMF1;ZMYND10
GCF_035084215.1	Heptranchias perlo	Chondrichthyes	Hexanchiformes	non_actinopterygian	ITPR2	Heptranchias_perlo|GCF_035084215.1|ITPR2.0	Heptranchias_perlo|GCF_035084215.1|ITPR2.0	NC_090348.1	6183808	6475661	12	BCAT1;BHLHE41;CRADD;DNAI7;EEA1;INTS13;LRMP;MRPL42;PLEKHG7;RASSF8B;SOCS2;SSPN
GCF_035084215.1	Heptranchias perlo	Chondrichthyes	Hexanchiformes	non_actinopterygian	ITPR3	Heptranchias_perlo|GCF_035084215.1|ITPR3.0	Heptranchias_perlo|GCF_035084215.1|ITPR3.0	NC_090351.1	20139085	20401768	7	ARL8A;C27H6ORF89;HMGA1A;IGFN1;SMIM29;UBE2T;UQCC2
GCF_035084215.1	Heptranchias perlo	Chondrichthyes	Hexanchiformes	non_actinopterygian	RYR	Heptranchias_perlo|GCF_035084215.1|RYR.1	Heptranchias_perlo|GCF_035084215.1|RYR.1	NC_090332.1	15028240	15665185	10	ADPGK2;FH;GREM2B;HEATR1;LGALS8A;MOCS3;MTR;NDUFAF7;OPN3;QPCT
GCF_035084215.1	Heptranchias perlo	Chondrichthyes	Hexanchiformes	non_actinopterygian	RYR	Heptranchias_perlo|GCF_035084215.1|RYR.2	Heptranchias_perlo|GCF_035084215.1|RYR.2	NC_090334.1	26233452	26630700	17	AQR;ARG2;AVEN;CDIN1;CHRM5B;DPH6;EMC7B;FAM98B;FMN1;FSIP1;GPR176;GREM1A;KATNBL1;MEIS2A;SPRED1;THBS1B;VTI1B
GCF_035582795.1	Mycteria americana	Aves	Ciconiiformes	non_actinopterygian	ITPR1	Mycteria_americana|GCF_035582795.1|ITPR1.0	Mycteria_americana|GCF_035582795.1|ITPR1.0	NC_134375.1	11746753	11919958	17	ARL8B;BHLHE40;CAV3;CHL1;CNTN3;CRBN;EDEM1;GRM7;IL5RA;LMCD1;LRRN1;OXTR;RAD18;SRGAP3;SSUH2;SUMF1;TRNT1
GCF_035582795.1	Mycteria americana	Aves	Ciconiiformes	non_actinopterygian	ITPR2	Mycteria_americana|GCF_035582795.1|ITPR2.0	Mycteria_americana|GCF_035582795.1|ITPR2.0	NC_134365.1	76463245	76728868	19	BHLHE41;BMAL2;CYB5R3;DNAI7;ETFRF1;FGFR1OP2;GYS2;INTS13;IRAG2;KRAS;LMNTD1;MED21;PPFIBP1;RASSF8;REP15;SPX;SSPN;STK38L;TM7SF3
GCF_035582795.1	Mycteria americana	Aves	Ciconiiformes	non_actinopterygian	ITPR3	Mycteria_americana|GCF_035582795.1|ITPR3.0	Mycteria_americana|GCF_035582795.1|ITPR3.0	NC_134384.1	4446623	4493715	17	APOBEC2;BAK1;FOXP4;GRM4;HMGA1;IP6K3;LEMD2;MDFI;NFYA;NUDT3;OARD1;PACSIN1;RPS10;SMIM29;SPDEF;TFEB;TREM1
GCF_035582795.1	Mycteria americana	Aves	Ciconiiformes	non_actinopterygian	RYR	Mycteria_americana|GCF_035582795.1|RYR.0	Mycteria_americana|GCF_035582795.1|RYR.0	NC_134367.1	85724076	86175749	20	ACTN2;CHRM3;EDARADD;ERO1B;EXO1;FMN2;GNG4;GPR137B;GREM2;HEATR1;LGALS8;LYST;MAP1LC3C;MTR;NID1;OPN3;PIGM;PLD5;RGS7;WDR64
GCF_035582795.1	Mycteria americana	Aves	Ciconiiformes	non_actinopterygian	RYR	Mycteria_americana|GCF_035582795.1|RYR.1	Mycteria_americana|GCF_035582795.1|RYR.1	NC_134369.1	38267790	38527102	17	ARHGAP11A;AVEN;CDIN1;CHRM5;EIF2AK4;EMC7;FAM98B;FSIP1;GPR176;GREM1;KATNBL1;MEIS2;RASGRP1;SCG5;SPRED1;SRP14;THBS1
GCF_035609145.1	Eleutherodactylus coqui	Amphibia	Anura	non_actinopterygian	ITPR1	Eleutherodactylus_coqui|GCF_035609145.1|ITPR1.0	Eleutherodactylus_coqui|GCF_035609145.1|ITPR1.0	NC_089839.1	221962727	222044784	10	ARL8B;BHLHE40;CRBN;EDEM1;GRM7;IL5RA;LMCD1;LRRN1;SUMF1;TRNT1
GCF_035609145.1	Eleutherodactylus coqui	Amphibia	Anura	non_actinopterygian	ITPR2	Eleutherodactylus_coqui|GCF_035609145.1|ITPR2.0	Eleutherodactylus_coqui|GCF_035609145.1|ITPR2.0	NC_089838.1	629554	903243	9	AKR1D1;BHLHE41;BMAL2;LMNTD1;MED21;PKP2;RASSF8;SSPN;STK38L
GCF_035609145.1	Eleutherodactylus coqui	Amphibia	Anura	non_actinopterygian	ITPR3	Eleutherodactylus_coqui|GCF_035609145.1|ITPR3.0	Eleutherodactylus_coqui|GCF_035609145.1|ITPR3.0	NC_089837.1	275695004	276468709	15	AATF;ACACA;ANKS1A;BAK1;BLTP3A;C1H3ORF52;DEF6;GRM4;HNF1B;LEMD2;LHX1;SYNRG;TADA2A;TAF11;UQCC2
GCF_035609145.1	Eleutherodactylus coqui	Amphibia	Anura	non_actinopterygian	RYR	Eleutherodactylus_coqui|GCF_035609145.1|RYR.1	Eleutherodactylus_coqui|GCF_035609145.1|RYR.1	NC_089842.1	190448911	191127590	19	ANKRD63;ARHGAP11A;AVEN;BUB1B;CCDC177;CHRM5;ERH;FAM98B;FMN1;GALNT16;GPR176;GREM1;PAK6;PLCB2;PLEKHD1;RASGRP1;SCG5;SLC39A9;SUSD6
GCF_035609145.1	Eleutherodactylus coqui	Amphibia	Anura	non_actinopterygian	RYR	Eleutherodactylus_coqui|GCF_035609145.1|RYR.0	Eleutherodactylus_coqui|GCF_035609145.1|RYR.0	NC_089846.1	140720140	140836421	11	ALKBH6;CLIP3;EIF3K;HNRNPL;KPTN;MAP4K1;MEIS3;NAPA;PSMD8;SLC8A2;TSPAN15
GCF_036013445.1	Caloenas nicobarica	Aves	Columbiformes	non_actinopterygian	ITPR1	Caloenas_nicobarica|GCF_036013445.1|ITPR1.0	Caloenas_nicobarica|GCF_036013445.1|ITPR1.0	NC_088255.1	9735906	9905995	16	ACTR8;ARL8B;BHLHE40;CACNA2D3;CHDH;CHL1;CRBN;EDEM1;ERC2;IL5RA;LRRN1;LRTM1;SELENOK;SUMF1;TRNT1;WNT5A
GCF_036013445.1	Caloenas nicobarica	Aves	Columbiformes	non_actinopterygian	ITPR2	Caloenas_nicobarica|GCF_036013445.1|ITPR2.0	Caloenas_nicobarica|GCF_036013445.1|ITPR2.0	NC_088245.1	77910947	78181118	17	BHLHE41;BMAL2;DNAI7;ETFRF1;FGFR1OP2;GYS2;INTS13;IRAG2;KRAS;MED21;PPFIBP1;RASSF8;REP15;SPX;SSPN;STK38L;TM7SF3
GCF_036013445.1	Caloenas nicobarica	Aves	Columbiformes	non_actinopterygian	ITPR3	Caloenas_nicobarica|GCF_036013445.1|ITPR3.0	Caloenas_nicobarica|GCF_036013445.1|ITPR3.0	NC_088265.1	646872	772933	17	APOBEC2;BAK1;BLTP3A;FOXP4;GRM4;HMGA1;ILRUN;MDFI;NFYA;NUDT3;OARD1;PACSIN1;RPS10;SMIM29;SNRPC;SPDEF;TSPO2
GCF_036013445.1	Caloenas nicobarica	Aves	Columbiformes	non_actinopterygian	RYR	Caloenas_nicobarica|GCF_036013445.1|RYR.0	Caloenas_nicobarica|GCF_036013445.1|RYR.0	NC_088247.1	80425747	80831255	20	ACTN2;CHRM3;EDARADD;ERO1B;EXO1;FMN2;GNG4;GPR137B;GREM2;HEATR1;LGALS8;LYST;MAP1LC3C;MTR;NID1;OPN3;PIGM;PLD5;RGS7;WDR64
GCF_036013445.1	Caloenas nicobarica	Aves	Columbiformes	non_actinopterygian	RYR	Caloenas_nicobarica|GCF_036013445.1|RYR.2	Caloenas_nicobarica|GCF_036013445.1|RYR.2	NC_088249.1	33775096	34016944	19	ARHGAP11A;AVEN;CDIN1;CHRM5;DPH6;EIF2AK4;EMC7;FAM98B;FMN1;FSIP1;GPR176;GREM1;KATNBL1;MEIS2;RASGRP1;SCG5;SPRED1;SRP14;THBS1
GCF_036365525.1	Heterodontus francisci	Chondrichthyes	Heterodontiformes	non_actinopterygian	ITPR1	Heterodontus_francisci|GCF_036365525.1|ITPR1.0	Heterodontus_francisci|GCF_036365525.1|ITPR1.0	NC_090389.1	23179984	23734529	13	ARL8B;BHLHE40;CAV3;EDEM1;LMCD1;OXTR;RAD18;RASSF1;SEMA3H;SETMAR;SUMF1;TUSC2B;ZMYND10
GCF_036365525.1	Heterodontus francisci	Chondrichthyes	Heterodontiformes	non_actinopterygian	ITPR2	Heterodontus_francisci|GCF_036365525.1|ITPR2.0	Heterodontus_francisci|GCF_036365525.1|ITPR2.0	NC_090397.1	12492908	12797103	12	BCAT1;BHLHE41;CRADD;DNAI7;EEA1;INTS13;LRMP;MRPL42;PLEKHG7;RASSF8B;SOCS2;SSPN
GCF_036365525.1	Heterodontus francisci	Chondrichthyes	Heterodontiformes	non_actinopterygian	ITPR3	Heterodontus_francisci|GCF_036365525.1|ITPR3.0	Heterodontus_francisci|GCF_036365525.1|ITPR3.0	NC_090395.1	46557596	46867514	7	C25H6ORF89;HMGA1A;MLNL;NUDT3B;SMIM29;UBE2T;UQCC2
GCF_036365525.1	Heterodontus francisci	Chondrichthyes	Heterodontiformes	non_actinopterygian	RYR	Heterodontus_francisci|GCF_036365525.1|RYR.2	Heterodontus_francisci|GCF_036365525.1|RYR.2	NC_090379.1	84517272	85271571	15	AQR;ARG2;AVEN;CDIN1;CHRM5B;DPH6;EMC7B;FSIP1;GPR176;GREM1A;KATNBL1;MEIS2A;SPRED1;THBS1B;VTI1B
GCF_036365525.1	Heterodontus francisci	Chondrichthyes	Heterodontiformes	non_actinopterygian	RYR	Heterodontus_francisci|GCF_036365525.1|RYR.1	Heterodontus_francisci|GCF_036365525.1|RYR.1	NC_090383.1	102630983	103551995	10	ADPGK2;CEBPZ;FH;GREM2B;MOCS3;MTR;NDUFAF7;OPN3;PRKD3;SLC30A6
GCF_036370855.1	Dromaius novaehollandiae	Aves	Casuariiformes	non_actinopterygian	ITPR1	Dromaius_novaehollandiae|GCF_036370855.1|ITPR1.0	Dromaius_novaehollandiae|GCF_036370855.1|ITPR1.0	NC_088109.1	24691518	24870075	14	ARL8B;BHLHE40;CAV3;CHL1;CNTN6;CRBN;EDEM1;GRM7;IL5RA;LMCD1;LRRN1;OXTR;SUMF1;TRNT1
GCF_036370855.1	Dromaius novaehollandiae	Aves	Casuariiformes	non_actinopterygian	ITPR2	Dromaius_novaehollandiae|GCF_036370855.1|ITPR2.0	Dromaius_novaehollandiae|GCF_036370855.1|ITPR2.0	NC_088098.1	71957342	72225723	18	BHLHE41;BMAL2;DNAI7;FGFR1OP2;GYS2;INTS13;IRAG2;KRAS;LDHB;LMNTD1;MED21;PPFIBP1;RASSF8;REP15;SPX;SSPN;STK38L;TM7SF3
GCF_036370855.1	Dromaius novaehollandiae	Aves	Casuariiformes	non_actinopterygian	ITPR3	Dromaius_novaehollandiae|GCF_036370855.1|ITPR3.0	Dromaius_novaehollandiae|GCF_036370855.1|ITPR3.0	NC_088124.1	3874003	3917222	14	APOBEC2;BAK1;FOXP4;GRM4;HMGA1;IP6K3;LEMD2;MLN;NFYA;OARD1;PACSIN1;RPS10;SMIM29;TSPO2
GCF_036370855.1	Dromaius novaehollandiae	Aves	Casuariiformes	non_actinopterygian	RYR	Dromaius_novaehollandiae|GCF_036370855.1|RYR.0	Dromaius_novaehollandiae|GCF_036370855.1|RYR.0	NC_088100.1	84954287	85416500	18	ACTN2;CHRM3;ERO1B;EXO1;FMN2;GPR137B;GREM2;HEATR1;LGALS8;MAP1LC3C;MTR;NID1;OPN3;PIGM;RGS7;TTLL2;UNC93A;WDR64
GCF_036370855.1	Dromaius novaehollandiae	Aves	Casuariiformes	non_actinopterygian	RYR	Dromaius_novaehollandiae|GCF_036370855.1|RYR.2	Dromaius_novaehollandiae|GCF_036370855.1|RYR.2	NC_088102.1	36299702	36570973	18	ARHGAP11A;AVEN;CDIN1;CHRM5;EIF2AK4;EMC7;FAM98B;FMN1;FSIP1;GPR176;GREM1;KATNBL1;MEIS2;RASGRP1;SCG5;SPRED1;SRP14;THBS1
GCF_036370855.1	Dromaius novaehollandiae	Aves	Casuariiformes	non_actinopterygian	RYR	Dromaius_novaehollandiae|GCF_036370855.1|RYR.1	Dromaius_novaehollandiae|GCF_036370855.1|RYR.1	NC_088133.1	856376	949002	16	ACTN4;BLOC1S3;CATSPERG;CCDC61;ECH1;EIF3K;FAM98C;HNRNPL;KPTN;MAP4K1;NAPA;PSMD8;RASGRP4;SLC8A2;SPRED3;ZNF541
GCF_036373705.1	Amia ocellicauda	Actinopteri	Amiiformes	pre_3R_outgroup	ITPR1	Amia_ocellicauda|GCF_036373705.1|ITPR1.0	Amia_ocellicauda|GCF_036373705.1|ITPR1.0	NC_089852.1	11357593	11499377	15	ARL8B;AVPR2B;BHLHE40;CAMKV;CRBN;EDEM1;GNAT1;LRRN1;MON1A;MST1R;RBM6;SETMAR;SUMF1;TRAIP;TRNT1
GCF_036373705.1	Amia ocellicauda	Actinopteri	Amiiformes	pre_3R_outgroup	ITPR2	Amia_ocellicauda|GCF_036373705.1|ITPR2.0	Amia_ocellicauda|GCF_036373705.1|ITPR2.0	NC_089854.1	44201786	44335523	14	BCAT1;BHLHE41;BTBD11B;C1QTNF13;EEA1;ETNK1;INTS13;MRPL42;PLEKHG7;PWP1;RASSF8B;SOX5;SSPN;STRAP
GCF_036373705.1	Amia ocellicauda	Actinopteri	Amiiformes	pre_3R_outgroup	ITPR3	Amia_ocellicauda|GCF_036373705.1|ITPR3.0	Amia_ocellicauda|GCF_036373705.1|ITPR3.0	NC_089854.1	651249	682534	9	APOBEC2A;ARL8A;C5H6ORF89;CDKN1A;ELF3;FKBP5;OARD1;PTH4;SRSF3B
GCF_036373705.1	Amia ocellicauda	Actinopteri	Amiiformes	pre_3R_outgroup	RYR	Amia_ocellicauda|GCF_036373705.1|RYR.1	Amia_ocellicauda|GCF_036373705.1|RYR.1	NC_089854.1	11876584	11949056	13	BICR;DMAC2;EHD2B;HNRNPUL1;KPTN;MEIS3;OPA3;PPP1R13L;RASGRP4;RINL;SIRT2;ZBED4L2;ZNF541
GCF_036373705.1	Amia ocellicauda	Actinopteri	Amiiformes	pre_3R_outgroup	RYR	Amia_ocellicauda|GCF_036373705.1|RYR.2	Amia_ocellicauda|GCF_036373705.1|RYR.2	NC_089870.1	7807859	7953620	9	ACOT20;ACP7;AVEN;EIF2AK4;EMC7B;FSIP1;GPR176;KATNBL1;THBS1B
GCF_036373705.1	Amia ocellicauda	Actinopteri	Amiiformes	pre_3R_outgroup	RYR	Amia_ocellicauda|GCF_036373705.1|RYR.0	Amia_ocellicauda|GCF_036373705.1|RYR.0	NC_089872.1	18274418	18413002	15	ARG1;CDC42EP3;CHRM3B;EDARADD;EXO1;FH;FMN2B;GREM2B;HEATR1;HYLS1;KMO;MRPL4;MTR;OPN3;YIPF4
GCF_036417535.1	Chlamydotis macqueenii	Aves	Otidiformes	non_actinopterygian	ITPR1	Chlamydotis_macqueenii|GCF_036417535.1|ITPR1.0	Chlamydotis_macqueenii|GCF_036417535.1|ITPR1.0	NC_141565.1	21471093	21695967	16	ARL8B;CAV3;CHL1;CRBN;EDEM1;GRM7;IL5RA;LMCD1;LRRN1;OXTR;RAD18;SRGAP3;SSUH2;SUMF1;THUMPD3;TRNT1
GCF_036417535.1	Chlamydotis macqueenii	Aves	Otidiformes	non_actinopterygian	ITPR2	Chlamydotis_macqueenii|GCF_036417535.1|ITPR2.0	Chlamydotis_macqueenii|GCF_036417535.1|ITPR2.0	NC_141556.1	75434770	75698239	18	BHLHE41;BMAL2;CYB5R3;DNAI7;ETFRF1;FGFR1OP2;INTS13;IRAG2;KRAS;LMNTD1;MED21;PPFIBP1;RASSF8;REP15;SPX;SSPN;STK38L;TM7SF3
GCF_036417535.1	Chlamydotis macqueenii	Aves	Otidiformes	non_actinopterygian	ITPR3	Chlamydotis_macqueenii|GCF_036417535.1|ITPR3.0	Chlamydotis_macqueenii|GCF_036417535.1|ITPR3.0	NC_141578.1	4166379	4293658	16	APOBEC2;BAK1;BLTP3A;FOXP4;GRM4;HMGA1;ILRUN;NFYA;NUDT3;OARD1;PACSIN1;RPS10;SMIM29;SNRPC;SPDEF;TSPO2
GCF_036417535.1	Chlamydotis macqueenii	Aves	Otidiformes	non_actinopterygian	RYR	Chlamydotis_macqueenii|GCF_036417535.1|RYR.0	Chlamydotis_macqueenii|GCF_036417535.1|RYR.0	NC_141558.1	94882079	95310209	16	ACTN2;CHRM3;EDARADD;ERO1B;EXO1;FMN2;GPR137B;GREM2;HEATR1;LGALS8;MAP1LC3C;MTR;NID1;OPN3;PIGM;RGS7
GCF_036417535.1	Chlamydotis macqueenii	Aves	Otidiformes	non_actinopterygian	RYR	Chlamydotis_macqueenii|GCF_036417535.1|RYR.1	Chlamydotis_macqueenii|GCF_036417535.1|RYR.1	NC_141560.1	35418324	35672036	18	ARHGAP11A;AVEN;CDIN1;CHRM5;EIF2AK4;EMC7;FMN1;FSIP1;GPR176;GREM1;KATNBL1;MEIS2;RASGRP1;SCG5;SPRED1;SRP14;THBS1;TSLIG3B
GCF_036417845.1	Apteryx mantelli	Aves	Apterygiformes	non_actinopterygian	ITPR1	Apteryx_mantelli|GCF_036417845.1|ITPR1.0	Apteryx_mantelli|GCF_036417845.1|ITPR1.0	NC_089989.1	26382318	26561737	17	ARL8B;BHLHE40;CAV3;CHL1;CNTN6;CRBN;EDEM1;GRM7;IL5RA;LMCD1;LRRN1;OXTR;RAD18;SRGAP3;SSUH2;SUMF1;TRNT1
GCF_036417845.1	Apteryx mantelli	Aves	Apterygiformes	non_actinopterygian	ITPR2	Apteryx_mantelli|GCF_036417845.1|ITPR2.0	Apteryx_mantelli|GCF_036417845.1|ITPR2.0	NC_089978.1	146010854	146278998	19	BHLHE41;BMAL2;CYB5R3;DNAI7;FGFR1OP2;GYS2;INTS13;IRAG2;KRAS;LDHB;LMNTD1;MED21;PPFIBP1;RASSF8;REP15;SPX;SSPN;STK38L;TM7SF3
GCF_036417845.1	Apteryx mantelli	Aves	Apterygiformes	non_actinopterygian	ITPR3	Apteryx_mantelli|GCF_036417845.1|ITPR3.0	Apteryx_mantelli|GCF_036417845.1|ITPR3.0	NC_090002.1	7412143	7461693	17	APOBEC2;BAK1;FOXP4;GRM4;HMGA1;IP6K3;LEMD2;MDFI;MLN;NFYA;OARD1;PACSIN1;RPS10;SMIM29;SPDEF;TREM1;TSPO2
GCF_036417845.1	Apteryx mantelli	Aves	Apterygiformes	non_actinopterygian	RYR	Apteryx_mantelli|GCF_036417845.1|RYR.0	Apteryx_mantelli|GCF_036417845.1|RYR.0	NC_089980.1	52652279	53122076	19	ACTN2;CHRM3;EDARADD;ERO1B;EXO1;FMN2;GPR137B;GREM2;HEATR1;LGALS8;MAP1LC3C;MTR;NID1;OPN3;PIGM;PLD5;RGS7;TTLL2;WDR64
GCF_036417845.1	Apteryx mantelli	Aves	Apterygiformes	non_actinopterygian	RYR	Apteryx_mantelli|GCF_036417845.1|RYR.1	Apteryx_mantelli|GCF_036417845.1|RYR.1	NC_089981.1	54218198	54485922	18	ARHGAP11A;AVEN;CDIN1;CHRM5;DPH6;EIF2AK4;EMC7;FAM98B;FMN1;FSIP1;GPR176;GREM1;KATNBL1;MEIS2;RASGRP1;SCG5;SPRED1;THBS1
GCF_036417845.1	Apteryx mantelli	Aves	Apterygiformes	non_actinopterygian	RYR	Apteryx_mantelli|GCF_036417845.1|RYR.2	Apteryx_mantelli|GCF_036417845.1|RYR.2	NC_090012.1	588633	643091	18	ACTN4;BICRA;BLOC1S3;CATSPERG;CCDC61;ECH1;EIF3K;HNRNPL;KPTN;LGALS4;MAP4K1;NAPA;NOVA2;PSMD8;RASGRP4;SLC8A2;SPRED3;ZNF541
GCF_036850765.1	Saccopteryx bilineata	Mammalia	Chiroptera	non_actinopterygian	ITPR1	Saccopteryx_bilineata|GCF_036850765.1|ITPR1.0	Saccopteryx_bilineata|GCF_036850765.1|ITPR1.0	NC_089499.1	3891219	4161932	17	ABHD14A;ACY1;ALAS1;ARL8B;BHLHE40;CHL1;CNTN4;CNTN6;CRBN;DUSP7;EDEM1;IL5RA;LRRN1;POC1A;RPL29;SUMF1;TRNT1
GCF_036850765.1	Saccopteryx bilineata	Mammalia	Chiroptera	non_actinopterygian	ITPR2	Saccopteryx_bilineata|GCF_036850765.1|ITPR2.0	Saccopteryx_bilineata|GCF_036850765.1|ITPR2.0	NC_089490.1	126316223	126838503	19	BCAT1;BHLHE41;BIN2;CELA1;CSRNP2;DAZAP2;DNAI7;ETFRF1;GALNT6;IRAG2;KRAS;LETMD1;POU6F1;RASSF8;SLC11A2;SMAGP;SOX5;SSPN;TFCP2
GCF_036850765.1	Saccopteryx bilineata	Mammalia	Chiroptera	non_actinopterygian	ITPR3	Saccopteryx_bilineata|GCF_036850765.1|ITPR3.0	Saccopteryx_bilineata|GCF_036850765.1|ITPR3.0	NC_089490.1	11744548	11821564	16	BAK1;CUTA;DAXX;GRM4;HMGA1;IP6K3;KIFC1;LEMD2;MLN;PHF1;SMIM29;SMIM40;SYNGAP1;TAPBP;ZBTB22;ZBTB9
GCF_036850765.1	Saccopteryx bilineata	Mammalia	Chiroptera	non_actinopterygian	RYR	Saccopteryx_bilineata|GCF_036850765.1|RYR.2	Saccopteryx_bilineata|GCF_036850765.1|RYR.2	NC_089490.1	208671372	209141144	15	ACTN2;ALPK1;ANK2;AP1AR;CAMK2D;EDARADD;ERO1B;GALNT2;HEATR1;LARP7;LGALS8;MTR;NEUROG2;PGBD5;TIFA
GCF_036850765.1	Saccopteryx bilineata	Mammalia	Chiroptera	non_actinopterygian	RYR	Saccopteryx_bilineata|GCF_036850765.1|RYR.1	Saccopteryx_bilineata|GCF_036850765.1|RYR.1	NC_089493.1	88354445	88979509	19	ACTC1;AQR;ARHGAP11A;AVEN;CDIN1;CHRM5;DPH6;EMC4;EMC7;FMN1;GJD2;GREM1;KATNBL1;LPCAT4;NOP10;NUTM1;SCG5;SLC12A6;ZNF770
GCF_036850765.1	Saccopteryx bilineata	Mammalia	Chiroptera	non_actinopterygian	RYR	Saccopteryx_bilineata|GCF_036850765.1|RYR.0	Saccopteryx_bilineata|GCF_036850765.1|RYR.0	NC_089498.1	44778581	44909057	18	ACTN4;CAPN12;CATSPERG;ECH1;EIF3K;FAM98C;GGN;HNRNPL;KCNK6;LGALS4;MAP4K1;PPP1R14A;PSMD8;RASGRP4;RINL;SPINT2;SPRED3;YIF1B
GCF_036971445.1	Narcine bancroftii	Chondrichthyes	Torpediniformes	non_actinopterygian	ITPR1	Narcine_bancroftii|GCF_036971445.1|ITPR1.0	Narcine_bancroftii|GCF_036971445.1|ITPR1.0	NC_091473.1	17687390	18254357	11	APEH;BHLHE40;BORCS6;BSNB;EDEM1;LMCD1;NCKIPSD;PLXND1;RPL32;SETMAR;SUMF1
GCF_036971445.1	Narcine bancroftii	Chondrichthyes	Torpediniformes	non_actinopterygian	ITPR2	Narcine_bancroftii|GCF_036971445.1|ITPR2.0	Narcine_bancroftii|GCF_036971445.1|ITPR2.0	NC_091481.1	35005000	35251972	12	CEP83;CRADD;DNAI7;EEA1;INTS13;NUDT4A;PLEKHG7;PLXNC1;RASSF8B;SSPN;TMCC3;UBE2N
GCF_036971445.1	Narcine bancroftii	Chondrichthyes	Torpediniformes	non_actinopterygian	RYR	Narcine_bancroftii|GCF_036971445.1|RYR.2	Narcine_bancroftii|GCF_036971445.1|RYR.2	NC_091470.1	48392081	48839581	14	AQR;ATL1;CDIN1;CDKL1;DMAC2L;DPH6;FAM98B;L2HGDH;MAP4K5;MEIS2A;SAV1;SOS2;SPRED1;VCPKMT
GCF_036971445.1	Narcine bancroftii	Chondrichthyes	Torpediniformes	non_actinopterygian	RYR	Narcine_bancroftii|GCF_036971445.1|RYR.1	Narcine_bancroftii|GCF_036971445.1|RYR.1	NC_091472.1	26914723	27773843	11	ADPGK2;CEBPZ;FH;HEATR1;KMO;MOCS3;MTR;NDUFAF7;OPN3;PRKD3;QPCT
GCF_037157495.1	Lathamus discolor	Aves	Psittaciformes	non_actinopterygian	ITPR1	Lathamus_discolor|GCF_037157495.1|ITPR1.0	Lathamus_discolor|GCF_037157495.1|ITPR1.0	NC_088890.1	10826917	10999568	17	ARL8B;BHLHE40;CAV3;CHL1;CRBN;EDEM1;GRM7;IL5RA;LMCD1;LRRN1;OXTR;PDZRN3;RAD18;SRGAP3;SSUH2;SUMF1;TRNT1
GCF_037157495.1	Lathamus discolor	Aves	Psittaciformes	non_actinopterygian	ITPR2	Lathamus_discolor|GCF_037157495.1|ITPR2.0	Lathamus_discolor|GCF_037157495.1|ITPR2.0	NC_088884.1	61436654	61694847	18	BHLHE41;BMAL2;DNAI7;ETFRF1;FGFR1OP2;GYS2;INTS13;IRAG2;KRAS;LMNTD1;MED21;PPFIBP1;RASSF8;REP15;SPX;SSPN;STK38L;TM7SF3
GCF_037157495.1	Lathamus discolor	Aves	Psittaciformes	non_actinopterygian	ITPR3	Lathamus_discolor|GCF_037157495.1|ITPR3.0	Lathamus_discolor|GCF_037157495.1|ITPR3.0	NC_088902.1	2800261	2835708	16	APOBEC2;BAK1;FOXP4;GRM4;HMGA1;IP6K3;LEMD2;MDFI;NFYA;NUDT3;OARD1;PACSIN1;RPS10;SMIM29;TFEB;TSPO2
GCF_037157495.1	Lathamus discolor	Aves	Psittaciformes	non_actinopterygian	RYR	Lathamus_discolor|GCF_037157495.1|RYR.0	Lathamus_discolor|GCF_037157495.1|RYR.0	NC_088888.1	30776245	31154737	19	ACTN2;CHRM3;EDARADD;ERO1B;EXO1;FMN2;GNG4;GPR137B;GREM2;HEATR1;LGALS8;LYST;MAP1LC3C;MTR;NID1;OPN3;PIGM;RGS7;WDR64
GCF_037157495.1	Lathamus discolor	Aves	Psittaciformes	non_actinopterygian	RYR	Lathamus_discolor|GCF_037157495.1|RYR.1	Lathamus_discolor|GCF_037157495.1|RYR.1	NC_088889.1	47183095	47398800	18	ARHGAP11A;AVEN;CDIN1;CHRM5;EIF2AK4;EMC7;FAM98B;FMN1;FSIP1;GPR176;GREM1;KATNBL1;MEIS2;RASGRP1;SCG5;SPRED1;SRP14;THBS1
GCF_037176945.1	Latimeria chalumnae	Coelacanthimorpha	Coelacanthiformes	non_actinopterygian	ITPR1	Latimeria_chalumnae|GCF_037176945.1|ITPR1.0	Latimeria_chalumnae|GCF_037176945.1|ITPR1.0	NC_088152.1	35775795	36028576	12	ARL8BB;AVPR2B.1;BHLHE40;CAV3;CAV4A;CRBN;EDEM1;LMCD1;LRRN1;SETMAR;SUMF1;TRNT1
GCF_037176945.1	Latimeria chalumnae	Coelacanthimorpha	Coelacanthiformes	non_actinopterygian	ITPR2	Latimeria_chalumnae|GCF_037176945.1|ITPR2.0	Latimeria_chalumnae|GCF_037176945.1|ITPR2.0	NC_088145.1	35420378	35784935	14	BCAT1;BHLHE41;CRADD;DNAI7;EEA1;INTS13;MRPL42;NUDT4A;PLEKHG7;RASSF8B;SLC5A8;SOCS2;SSPN;UBE2NA
GCF_037176945.1	Latimeria chalumnae	Coelacanthimorpha	Coelacanthiformes	non_actinopterygian	ITPR3	Latimeria_chalumnae|GCF_037176945.1|ITPR3.0	Latimeria_chalumnae|GCF_037176945.1|ITPR3.0	NC_088162.1	1561626	1630784	5	CFAP276;OARD1;SMIM29;TSPO;UBE2T
GCF_037176945.1	Latimeria chalumnae	Coelacanthimorpha	Coelacanthiformes	non_actinopterygian	RYR	Latimeria_chalumnae|GCF_037176945.1|RYR.1	Latimeria_chalumnae|GCF_037176945.1|RYR.1	NC_088141.1	86350375	86979539	10	ADPGK2;CDC42EP3;CRIM1;FH;FMN2B;GREM2B;HEATR1;MTR;OPN3;RIOX1
GCF_037176945.1	Latimeria chalumnae	Coelacanthimorpha	Coelacanthiformes	non_actinopterygian	RYR	Latimeria_chalumnae|GCF_037176945.1|RYR.2	Latimeria_chalumnae|GCF_037176945.1|RYR.2	NC_088149.1	47093654	47459784	11	AVEN;CDIN1;CHRM5A;DPH6;EMC7B;FAM98B;LTK;MEIS2A;PIGH;PLEKHH1;SPRED1
GCF_037176945.1	Latimeria chalumnae	Coelacanthimorpha	Coelacanthiformes	non_actinopterygian	RYR	Latimeria_chalumnae|GCF_037176945.1|RYR.0	Latimeria_chalumnae|GCF_037176945.1|RYR.0	NC_088167.1	3474134	3633012	7	CBR1L;ECH1;EIF3K;MRPS12;NCCRP1;PAK4;SPRED3
GCF_037893015.1	Macrotis lagotis	Mammalia	Peramelemorphia	non_actinopterygian	ITPR1	Macrotis_lagotis|GCF_037893015.1|ITPR1.0	Macrotis_lagotis|GCF_037893015.1|ITPR1.0	NC_133665.1	149794176	150190808	14	ARL8B;BHLHE40;CAV3;CHL1;CNTN3;CRBN;EDEM1;GRM7;IL5RA;LMCD1;LRRN1;SSUH2;SUMF1;TRNT1
GCF_037893015.1	Macrotis lagotis	Mammalia	Peramelemorphia	non_actinopterygian	ITPR2	Macrotis_lagotis|GCF_037893015.1|ITPR2.0	Macrotis_lagotis|GCF_037893015.1|ITPR2.0	NC_133664.1	184466760	184946247	19	BCAT1;BMAL2;DNAI7;ETFRF1;FGFR1OP2;INTS13;IRAG2;KRAS;LMNTD1;MED21;PFKFB3;PRKCQ;RASSF8;RBM17;SFMBT2;SOX5;SSPN;STK38L;TM7SF3
GCF_037893015.1	Macrotis lagotis	Mammalia	Peramelemorphia	non_actinopterygian	ITPR3	Macrotis_lagotis|GCF_037893015.1|ITPR3.0	Macrotis_lagotis|GCF_037893015.1|ITPR3.0	NC_133662.1	5543008	5733883	18	BAK1;CUTA;DAXX;GRM4;HMGA1;KIFC1;LEMD2;MLN;NUDT3;PACSIN1;PHF1;RPS10;SMIM29;SMIM40;SPDEF;SYNGAP1;TAPBP;ZBTB9
GCF_037893015.1	Macrotis lagotis	Mammalia	Peramelemorphia	non_actinopterygian	RYR	Macrotis_lagotis|GCF_037893015.1|RYR.1	Macrotis_lagotis|GCF_037893015.1|RYR.1	NC_133658.1	901434655	901523606	18	ACTN4;CAPN12;ECH1;EIF3K;FAM98C;GGN;HNRNPL;KCNK6;LGALS4;LGALS7;MAP4K1;PSMD8;RASGRP4;RINL;SIRT2;SPINT2;SPRED3;YIF1B
GCF_037893015.1	Macrotis lagotis	Mammalia	Peramelemorphia	non_actinopterygian	RYR	Macrotis_lagotis|GCF_037893015.1|RYR.0	Macrotis_lagotis|GCF_037893015.1|RYR.0	NC_133659.1	145020272	145785643	16	ACTN2;CHRM3;EDARADD;ERO1B;FH;FMN2;GPR137B;GREM2;HEATR1;KMO;LGALS8;LYST;MTR;NID1;RGS7;ZP4
GCF_037893015.1	Macrotis lagotis	Mammalia	Peramelemorphia	non_actinopterygian	RYR	Macrotis_lagotis|GCF_037893015.1|RYR.2	Macrotis_lagotis|GCF_037893015.1|RYR.2	NC_133661.1	191074299	191906584	15	ACTC1;AQR;ARHGAP11A;AVEN;CHRM5;EMC4;EMC7;GJD2;GREM1;KATNBL1;LPCAT4;NOP10;NUTM1;SCG5;SLC12A6
GCF_039877785.1	Chaetodon trifascialis	Actinopteri	Chaetodontiformes	teleost	ITPR1	Chaetodon_trifascialis|GCF_039877785.1|ITPR1.0	Chaetodon_trifascialis|GCF_039877785.1|ITPR1.0	NC_092058.1	17320622	17388134	10	ATF1;ATF7B;DIP2B;DTX3L;ESYT1B;SCN8A;SLC4A8;SUMF1;TTLL3;ZC3H10
GCF_039877785.1	Chaetodon trifascialis	Actinopteri	Chaetodontiformes	teleost	ITPR1	Chaetodon_trifascialis|GCF_039877785.1|ITPR1.1	Chaetodon_trifascialis|GCF_039877785.1|ITPR1.1	NC_092058.1	23631237	23712016	17	ARL6IP5A;ARL8B;AVPR2B;BHLHE40;COMT;EEVS;FRMD4B;GRM6B;LRRN1;MDFIC2;MITF;MON1A;MST1R;SEMA3F;SETMAR;TRAIP;TRNT1
GCF_039877785.1	Chaetodon trifascialis	Actinopteri	Chaetodontiformes	teleost	ITPR2	Chaetodon_trifascialis|GCF_039877785.1|ITPR2.0	Chaetodon_trifascialis|GCF_039877785.1|ITPR2.0	NC_092065.1	15950379	16010339	13	BANP;BHLHE41;BMAL2;C1QTNF13;EEA1;KRAS;NR1H4;NUDT4A;PLEKHG7;SLC17A8;SSPN;UBE2N;ZNF469
GCF_039877785.1	Chaetodon trifascialis	Actinopteri	Chaetodontiformes	teleost	ITPR3	Chaetodon_trifascialis|GCF_039877785.1|ITPR3.0	Chaetodon_trifascialis|GCF_039877785.1|ITPR3.0	NC_092063.1	380883	428891	12	BCAP31;CCDC135;EDEM2;GPR37L1B;GRIPAP1;HM13;KCND1;MRGBP;PLXNA3;PTPN18;SNX21;SULF2B
GCF_039877785.1	Chaetodon trifascialis	Actinopteri	Chaetodontiformes	teleost	RYR	Chaetodon_trifascialis|GCF_039877785.1|RYR.1	Chaetodon_trifascialis|GCF_039877785.1|RYR.1	NC_092064.1	26840981	26893451	11	B3GNT2L;BCKDH;EXOSC5;HNRNPUL1;NAPA;OPA3;PPP1R13L;PPP5C;RASGRP4;TGFB1A;TMEM91
GCF_039877785.1	Chaetodon trifascialis	Actinopteri	Chaetodontiformes	teleost	RYR	Chaetodon_trifascialis|GCF_039877785.1|RYR.5	Chaetodon_trifascialis|GCF_039877785.1|RYR.5	NC_092068.1	19211885	19274629	11	ACTN2B;CCSER2A;CHRM3A;DNAJC9;ECD;FAM149B1;FMN2A;GRID1A;NDNFL;P4HA1B;RGS7A
GCF_039877785.1	Chaetodon trifascialis	Actinopteri	Chaetodontiformes	teleost	RYR	Chaetodon_trifascialis|GCF_039877785.1|RYR.3	Chaetodon_trifascialis|GCF_039877785.1|RYR.3	NC_092069.1	12561203	12659044	10	ACP7;ARHGAP11A;BMF1;CHRM5A;CRIM1;DNAJC17;EIF2AK4;FSIP1;GCHFR;GREM1B
GCF_039877785.1	Chaetodon trifascialis	Actinopteri	Chaetodontiformes	teleost	RYR	Chaetodon_trifascialis|GCF_039877785.1|RYR.2	Chaetodon_trifascialis|GCF_039877785.1|RYR.2	NC_092071.1	14013640	14056652	12	BRD8A;CXXC5A;DNAJC18;GABRR3A;GNG8;LIPI;NFRK;PHLDB2A;PPP3C;PURA;SMS;TMEM45B
GCF_039877785.1	Chaetodon trifascialis	Actinopteri	Chaetodontiformes	teleost	RYR	Chaetodon_trifascialis|GCF_039877785.1|RYR.4	Chaetodon_trifascialis|GCF_039877785.1|RYR.4	NC_092074.1	19203727	19305836	16	ABRACL;ACTC1A;CHRM5B;CLU;EMC7B;FMN1;GPR176;GREM1A;KATNBL1;REPS1;SCARA3;SCG5;SLC10A1;SRSF5B;SUSD6;THBS1B
GCF_039877785.1	Chaetodon trifascialis	Actinopteri	Chaetodontiformes	teleost	RYR	Chaetodon_trifascialis|GCF_039877785.1|RYR.0	Chaetodon_trifascialis|GCF_039877785.1|RYR.0	NC_092076.1	19981022	20174541	13	ACBD4;ADOA;BMS1;CABCOCO1;CHRM3B;CYP26A1;EGR2B;EXOC6;FMN2B;JMJD1C;MTR;NRBF2B;REEP3B
GCF_040054535.1	Antennarius striatus	Actinopteri	Lophiiformes	teleost	ITPR1	Antennarius_striatus|GCF_040054535.1|ITPR1.0	Antennarius_striatus|GCF_040054535.1|ITPR1.0	NC_090780.1	17453789	17511673	9	DLGAP4B;ESYT1B;FAIM2B;MYL9B;SLC4A8;SUMF1;TRIM107;TTLL3;ZC3H10
GCF_040054535.1	Antennarius striatus	Actinopteri	Lophiiformes	teleost	ITPR1	Antennarius_striatus|GCF_040054535.1|ITPR1.1	Antennarius_striatus|GCF_040054535.1|ITPR1.1	NC_090780.1	21682101	21749617	16	ARL6IP5A;ARL8B;AVPR2B;BHLHE40;EEVS;FRMD4B;GRM6B;LRRN1;MDFIC2;MITF;MON1A;MST1R;SEMA3F;SETMAR;TRAIP;TRNT1
GCF_040054535.1	Antennarius striatus	Actinopteri	Lophiiformes	teleost	ITPR2	Antennarius_striatus|GCF_040054535.1|ITPR2.0	Antennarius_striatus|GCF_040054535.1|ITPR2.0	NC_090779.1	14036665	14088003	17	BANP;BHLHE41;BMAL2;C1QTNF13;CES2B;EEA1;ENDOUC;FANCI;FBXO31;KRAS;NR1H4;NUDT4A;PLEKHG7;POLG;PPFIBP1B;SLC17A8;SSPN
GCF_040054535.1	Antennarius striatus	Actinopteri	Lophiiformes	teleost	ITPR3	Antennarius_striatus|GCF_040054535.1|ITPR3.0	Antennarius_striatus|GCF_040054535.1|ITPR3.0	NC_090777.1	22459683	22502741	9	BCAP31;EDEM2;GPR37L1B;GRIPAP1;HM13;KCND1;PLXNA3;PTPN18;SNX21
GCF_040054535.1	Antennarius striatus	Actinopteri	Lophiiformes	teleost	RYR	Antennarius_striatus|GCF_040054535.1|RYR.1	Antennarius_striatus|GCF_040054535.1|RYR.1	NC_090781.1	13441742	13502491	11	B3GNT2L;BCKDH;EXOSC5;HNRNPUL1;NAPA;OPA3;PPP1R13L;PPP5C;RASGRP4;TGFB1A;TMEM91
GCF_040054535.1	Antennarius striatus	Actinopteri	Lophiiformes	teleost	RYR	Antennarius_striatus|GCF_040054535.1|RYR.5	Antennarius_striatus|GCF_040054535.1|RYR.5	NC_090786.1	8240906	8298255	13	ACTN2B;CCSER2A;CHRM3A;DNAJC9;ECD;FAM149B1;FMN2A;GREM2A;GRID1A;NDNFL;P4HA1B;RGS7A;SPARCL2
GCF_040054535.1	Antennarius striatus	Actinopteri	Lophiiformes	teleost	RYR	Antennarius_striatus|GCF_040054535.1|RYR.2	Antennarius_striatus|GCF_040054535.1|RYR.2	NC_090788.1	19122279	19168319	12	CXXC5A;DNAJC18;GABRR3A;GNG8;LIPI;NFRK;NRG2A;PHLDB2A;PPP3C;PURA;SMS;TMEM45B
GCF_040054535.1	Antennarius striatus	Actinopteri	Lophiiformes	teleost	RYR	Antennarius_striatus|GCF_040054535.1|RYR.3	Antennarius_striatus|GCF_040054535.1|RYR.3	NC_090792.1	9453519	9554584	9	ACP7;ARHGAP11A;CHRM5A;CRIM1;DNAJC17;EIF2AK4;FSIP1;GCHFR;GREM1B
GCF_040054535.1	Antennarius striatus	Actinopteri	Lophiiformes	teleost	RYR	Antennarius_striatus|GCF_040054535.1|RYR.4	Antennarius_striatus|GCF_040054535.1|RYR.4	NC_090794.1	3846202	3912855	15	ACOT20;ACTC1A;CHRM5B;CLU;EMC7B;FMN1;GPR176;GREM1A;KATNBL1;REPS1;SCARA3;SCG5;SRSF5B;SUSD6;THBS1B
GCF_040054535.1	Antennarius striatus	Actinopteri	Lophiiformes	teleost	RYR	Antennarius_striatus|GCF_040054535.1|RYR.0	Antennarius_striatus|GCF_040054535.1|RYR.0	NC_090796.1	589682	723641	14	ADGRA1A;BMS1;CHRM3B;CYP26A1;EGR2B;EXOC6;FMN2B;IPMK;JMJD1C;MTR;NAGLU;NRBF2B;REEP3B;TFAM
GCF_040807025.1	Struthio camelus	Aves	Struthioniformes	non_actinopterygian	ITPR1	Struthio_camelus|GCF_040807025.1|ITPR1.0	Struthio_camelus|GCF_040807025.1|ITPR1.0	NC_090955.1	2570270	2745760	15	ARL8B;BHLHE40;CAV3;CHL1;CNTN6;CRBN;EDEM1;GRM7;IL5RA;LMCD1;LRRN1;OXTR;RAD18;SUMF1;TRNT1
GCF_040807025.1	Struthio camelus	Aves	Struthioniformes	non_actinopterygian	ITPR2	Struthio_camelus|GCF_040807025.1|ITPR2.0	Struthio_camelus|GCF_040807025.1|ITPR2.0	NC_090942.1	76763412	77028115	20	BHLHE41;BMAL2;CYB5R3;DAG1;DNAI7;FGFR1OP2;GYS2;INTS13;IRAG2;KRAS;LDHB;LMNTD1;MED21;PPFIBP1;RASSF8;REP15;SPX;SSPN;STK38L;TM7SF3
GCF_040807025.1	Struthio camelus	Aves	Struthioniformes	non_actinopterygian	ITPR3	Struthio_camelus|GCF_040807025.1|ITPR3.0	Struthio_camelus|GCF_040807025.1|ITPR3.0	NC_090965.1	5806837	5896264	16	APOBEC2;BAK1;BLTP3A;FOXP4;GRM4;HMGA1;ILRUN;MDFI;MLN;NFYA;OARD1;PACSIN1;RPS10;SNRPC;SPDEF;TSPO2
GCF_040807025.1	Struthio camelus	Aves	Struthioniformes	non_actinopterygian	RYR	Struthio_camelus|GCF_040807025.1|RYR.0	Struthio_camelus|GCF_040807025.1|RYR.0	NC_090944.1	95168664	95636486	14	ACTN2;CHRM3;EDARADD;ERO1B;FMN2;GPR137B;GREM2;HEATR1;LGALS8;MTR;NID1;OPN3;PIGM;RGS7
GCF_040807025.1	Struthio camelus	Aves	Struthioniformes	non_actinopterygian	RYR	Struthio_camelus|GCF_040807025.1|RYR.2	Struthio_camelus|GCF_040807025.1|RYR.2	NC_090946.1	48183321	48438278	19	ARHGAP11A;AVEN;CDIN1;CHRM5;DPH6;EIF2AK4;EMC7;FAM98B;FMN1;FSIP1;GPR176;GREM1;KATNBL1;MEIS2;RASGRP1;SCG5;SPRED1;SRP14;THBS1
GCF_040807025.1	Struthio camelus	Aves	Struthioniformes	non_actinopterygian	RYR	Struthio_camelus|GCF_040807025.1|RYR.1	Struthio_camelus|GCF_040807025.1|RYR.1	NC_090957.1	999233	1101371	16	ACTN4;BLOC1S3;CATSPERG;CCDC61;ECH1;EIF3K;HNRNPL;KPTN;MAP4K1;NAPA;NOVA2;PSMD8;RASGRP4;SLC8A2;SPRED3;ZNF541
GCF_040954835.1	Lepisosteus oculatus	Actinopteri	Semionotiformes	pre_3R_outgroup	ITPR1	Lepisosteus_oculatus|GCF_040954835.1|ITPR1.0	Lepisosteus_oculatus|GCF_040954835.1|ITPR1.0	NC_090699.1	54752860	54882532	15	ARL8B;AVPR2B;BHLHE40;CRBN;EDEM1;GNAT1;LRRN1;MON1A;MST1R;RBM6;SETMAR;SUMF1;TATDN2;TRNT1;VHL
GCF_040954835.1	Lepisosteus oculatus	Actinopteri	Semionotiformes	pre_3R_outgroup	ITPR2	Lepisosteus_oculatus|GCF_040954835.1|ITPR2.0	Lepisosteus_oculatus|GCF_040954835.1|ITPR2.0	NC_090702.1	51985506	52143307	16	BCAT1;BHLHE41;BTBD11B;C1QTNF13;DNAI7;EEA1;INTS13;KRAS;LRMP;LYRM5B;MRPL42;NUDT4A;PLEKHG7;PWP1;RASSF8B;SSPN
GCF_040954835.1	Lepisosteus oculatus	Actinopteri	Semionotiformes	pre_3R_outgroup	ITPR3	Lepisosteus_oculatus|GCF_040954835.1|ITPR3.0	Lepisosteus_oculatus|GCF_040954835.1|ITPR3.0	NC_090700.1	40308814	40346028	8	APOBEC2A;ARL8A;C5H6ORF89;CDKN1A;ELF3;FKBP5;OARD1;PTH4
GCF_040954835.1	Lepisosteus oculatus	Actinopteri	Semionotiformes	pre_3R_outgroup	RYR	Lepisosteus_oculatus|GCF_040954835.1|RYR.1	Lepisosteus_oculatus|GCF_040954835.1|RYR.1	NC_090698.1	5929514	6042233	13	DMAC2;ECH1;KPTN;MEIS3;OPA3;PPP1R13L;PRSS16;RASGRP4;RINL;RSPH4A;SIRT2;SYMPK;TMEM91
GCF_040954835.1	Lepisosteus oculatus	Actinopteri	Semionotiformes	pre_3R_outgroup	RYR	Lepisosteus_oculatus|GCF_040954835.1|RYR.2	Lepisosteus_oculatus|GCF_040954835.1|RYR.2	NC_090703.1	16136441	16304642	15	ACOT20;ACP7;ACTC1A;AVEN;BMF2;CHRM5B;EIF2AK4;EMC7B;FMN1;FSIP1;GPR176;GREM1A;KATNBL1;SCG5;THBS1B
GCF_040954835.1	Lepisosteus oculatus	Actinopteri	Semionotiformes	pre_3R_outgroup	RYR	Lepisosteus_oculatus|GCF_040954835.1|RYR.0	Lepisosteus_oculatus|GCF_040954835.1|RYR.0	NC_090712.1	16746823	16941296	15	ARG1;BIRC6;CDC42EP3;EDARADD;EXO1;FH;FMN2B;GREM2B;HEATR1;HYLS1;KMO;MRPL4;MTR;OPN3;YIPF4
GCF_041296385.2	Aphelocoma coerulescens	Aves	Passeriformes	non_actinopterygian	ITPR1	Aphelocoma_coerulescens|GCF_041296385.2|ITPR1.0	Aphelocoma_coerulescens|GCF_041296385.2|ITPR1.0	NC_091026.1	20143274	20352616	16	ARL8B;CAV3;CHL1;CNTN6;CRBN;EDEM1;GRM7;IL5RA;LMCD1;LRRN1;OXTR;RAD18;SRGAP3;SUMF1;THUMPD3;TRNT1
GCF_041296385.2	Aphelocoma coerulescens	Aves	Passeriformes	non_actinopterygian	ITPR2	Aphelocoma_coerulescens|GCF_041296385.2|ITPR2.0	Aphelocoma_coerulescens|GCF_041296385.2|ITPR2.0	NC_091014.1	64873963	65117088	15	ARFGAP3;BHLHE41;BMAL2;CYB5R3;ETFRF1;FGFR1OP2;INTS13;KRAS;MED21;PPFIBP1;RASSF8;REP15;SSPN;STK38L;TM7SF3
GCF_041296385.2	Aphelocoma coerulescens	Aves	Passeriformes	non_actinopterygian	ITPR3	Aphelocoma_coerulescens|GCF_041296385.2|ITPR3.0	Aphelocoma_coerulescens|GCF_041296385.2|ITPR3.0	NC_091039.1	4925234	4962952	16	APOBEC2;BAK1;FOXP4;GRM4;HMGA1;IP6K3;LEMD2;MDFI;MLN;NFYA;NUDT3;OARD1;RPS10;SMIM29;TFEB;UQCC2
GCF_041296385.2	Aphelocoma coerulescens	Aves	Passeriformes	non_actinopterygian	RYR	Aphelocoma_coerulescens|GCF_041296385.2|RYR.0	Aphelocoma_coerulescens|GCF_041296385.2|RYR.0	NC_091016.1	53815878	54203695	19	ACTN2;CHRM3;EDARADD;ERO1B;EXO1;FMN2;GPR137B;GREM2;HEATR1;LGALS8;LYST;MAP1LC3C;MTR;NID1;OPN3;PIGM;PPIL4;RGS7;WDR64
GCF_041296385.2	Aphelocoma coerulescens	Aves	Passeriformes	non_actinopterygian	RYR	Aphelocoma_coerulescens|GCF_041296385.2|RYR.2	Aphelocoma_coerulescens|GCF_041296385.2|RYR.2	NC_091019.1	35597898	35800240	16	ARHGAP11A;AVEN;CHRM5;EIF2AK4;EMC7;FAM98B;FSIP1;GPR176;GREM1;KATNBL1;MEIS2;RASGRP1;SCG5;SPRED1;SRP14;THBS1
GCF_041296385.2	Aphelocoma coerulescens	Aves	Passeriformes	non_actinopterygian	RYR	Aphelocoma_coerulescens|GCF_041296385.2|RYR.1	Aphelocoma_coerulescens|GCF_041296385.2|RYR.1	NC_091045.1	518514	577719	14	ACTN4;BICRA;ECH1;EIF3K;ERCC2;HNRNPL;KPTN;LGALS4;NAPA;PLD3;PPP1R14A;PSMD8;SLC8A2;SPINT2
GCF_041902795.1	Electrophorus electricus	Actinopteri	Gymnotiformes	teleost	ITPR1	Electrophorus_electricus|GCF_041902795.1|ITPR1.0	Electrophorus_electricus|GCF_041902795.1|ITPR1.0	NC_137503.1	8379072	8407415	18	C1QL4B;COL7A1;EFCAB12;ENDOU;ESPL1;IP6K2B;ITGB7;MYL6;PFDN5;PFKFB4B;PFKM;SEC61A1A;SLC4A8;SMARCC2;SUMF1;TSFM;TTLL3;UROC1
GCF_041902795.1	Electrophorus electricus	Actinopteri	Gymnotiformes	teleost	ITPR1	Electrophorus_electricus|GCF_041902795.1|ITPR1.1	Electrophorus_electricus|GCF_041902795.1|ITPR1.1	NC_137518.1	14783297	14891923	17	ARL8B;BHLHE40;BRK1;CAMKV;CAV4A;CPNE5B;GPX1A;GRM2B;MON1A;MST1R;NFYA;RRP9;SEMA3F;SETMAR;SORT1A;TEX264B;TRAIP
GCF_041902795.1	Electrophorus electricus	Actinopteri	Gymnotiformes	teleost	ITPR2	Electrophorus_electricus|GCF_041902795.1|ITPR2.0	Electrophorus_electricus|GCF_041902795.1|ITPR2.0	NC_137502.1	2111622	2180383	20	ALX1;BHLHE41;BMAL2;C1QTNF13;CHS2;CTSD;EEA1;EIF4G2B;ENDOUC;LRRIQ1;MGAT4C;NR1H4;NTS;PLEKHG7;PPFIBP1B;RASSF9;SLC17A8;SLC6A15;SSPN;UBE2N
GCF_041902795.1	Electrophorus electricus	Actinopteri	Gymnotiformes	teleost	ITPR3	Electrophorus_electricus|GCF_041902795.1|ITPR3.0	Electrophorus_electricus|GCF_041902795.1|ITPR3.0	NC_137521.1	6463487	6486771	19	ALAS2;CACNA1S;COL2A1A;CPT2;CRY3A;EFHD2;ELA2;ELA2L;FHAD1;GLS2A;GPR37L1B;MAGOH;PORCN;PPP1R3F;SPRYD4;SUV39H1B;TAF10;TMEM9;UCK2A
GCF_041902795.1	Electrophorus electricus	Actinopteri	Gymnotiformes	teleost	RYR	Electrophorus_electricus|GCF_041902795.1|RYR.1	Electrophorus_electricus|GCF_041902795.1|RYR.1	NC_137502.1	13093681	13155321	18	CELF6;CH25HL1;COX5A;DHDH;HCN4;KTI12;NPTN;PARP6A;PIK3C2A;PKMA;PSTPIP1A;RCN2;REC114;RPP25B;SEC11A;TSPAN3A;UGT5F1;ZNF592
GCF_041902795.1	Electrophorus electricus	Actinopteri	Gymnotiformes	teleost	RYR	Electrophorus_electricus|GCF_041902795.1|RYR.4	Electrophorus_electricus|GCF_041902795.1|RYR.4	NC_137503.1	27005559	27074695	18	ACTC1A;ADAM17B;AVEN;CHRM5B;CPSF3;EMC7B;EXOC2;FMN1;FOXQ1B;GREM1A;IRF4B;KATNBL1;KLF11A;RRM2;SCG5;TAF1B;THBS1B;YWHAQ
GCF_041902795.1	Electrophorus electricus	Actinopteri	Gymnotiformes	teleost	RYR	Electrophorus_electricus|GCF_041902795.1|RYR.3	Electrophorus_electricus|GCF_041902795.1|RYR.3	NC_137506.1	24837230	24982160	15	ACP7;ACTC1B;ANKRD9;ARHGAP11A;BMF1;CHRM5A;DNAJC17;EIF2AK4;EMC7A;FSIP1;GCHFR;GREM1B;RCOR1;TECPR2;THBS1A
GCF_041902795.1	Electrophorus electricus	Actinopteri	Gymnotiformes	teleost	RYR	Electrophorus_electricus|GCF_041902795.1|RYR.0	Electrophorus_electricus|GCF_041902795.1|RYR.0	NC_137511.1	26381882	26570797	14	CHRM3B;CYP4F3;DYDC2;FH;FMN2B;GREM2B;HHEX;LZTS2B;MTR;PDZD7B;POLR3A;RGS7B;SELENOU1B;SYDE1
GCF_041902795.1	Electrophorus electricus	Actinopteri	Gymnotiformes	teleost	RYR	Electrophorus_electricus|GCF_041902795.1|RYR.2	Electrophorus_electricus|GCF_041902795.1|RYR.2	NC_137515.1	8011411	8073586	16	ADGRG4B;ARR3A;C2CD2;F9B;FGF13B;FHL1B;HTATSF1;IL2RG;LAGE3;MCF2B;MDH2;PRDM15;SKA2;SLC9A6B;STC1L;WDR45
GCF_042186555.1	Aquarana catesbeiana	Amphibia	Anura	non_actinopterygian	ITPR1	Aquarana_catesbeiana|GCF_042186555.1|ITPR1.0	Aquarana_catesbeiana|GCF_042186555.1|ITPR1.0	NC_133330.1	2484375	2770908	7	CRBN;GRM7;IL5RA;LMCD1;LRRN1;SUMF1;TRNT1
GCF_042186555.1	Aquarana catesbeiana	Amphibia	Anura	non_actinopterygian	ITPR2	Aquarana_catesbeiana|GCF_042186555.1|ITPR2.0	Aquarana_catesbeiana|GCF_042186555.1|ITPR2.0	NC_133326.1	558457101	558971906	12	BHLHE41;BMAL2;FGFR1OP2;INTS13;LMNTD1;MED21;PKP2;RASSF8;SSPN;STK38L;SYT10;TM7SF3
GCF_042186555.1	Aquarana catesbeiana	Amphibia	Anura	non_actinopterygian	ITPR3	Aquarana_catesbeiana|GCF_042186555.1|ITPR3.0	Aquarana_catesbeiana|GCF_042186555.1|ITPR3.0	NC_133325.1	561552130	562136167	17	AATF;ACACA;APOBEC2;BAK1;FANCE;GRM4;HMGA1;HNF1B;LEMD2;LG02H3ORF52;LHX1;MLN;NUDT3;RPS10;SMIM29;SYNRG;TADA2A
GCF_042186555.1	Aquarana catesbeiana	Amphibia	Anura	non_actinopterygian	RYR	Aquarana_catesbeiana|GCF_042186555.1|RYR.0	Aquarana_catesbeiana|GCF_042186555.1|RYR.0	NC_133332.1	68370922	68671179	13	ALKBH6;CLIP3;ECH1;EIF3K;FAM98C;HNRNPL;KPTN;MEIS3;NAPA;PSMD8;RASGRP4;SLC8A2;TSPAN15
GCF_042186555.1	Aquarana catesbeiana	Amphibia	Anura	non_actinopterygian	RYR	Aquarana_catesbeiana|GCF_042186555.1|RYR.1	Aquarana_catesbeiana|GCF_042186555.1|RYR.1	NC_133336.1	100735852	101817078	19	ARHGAP11A;CCDC177;CDIN1;CHRM5;DPH6;ERH;EXD2;FAM98B;FMN1;GALNT16;GPR176;GREM1;MEIS2;PLEKHD1;RASGRP1;SCG5;SLC39A9;SPRED1;SUSD6
GCF_042242105.1	Pempheris klunzingeri	Actinopteri	Acropomatiformes	teleost	ITPR1	Pempheris_klunzingeri|GCF_042242105.1|ITPR1.0	Pempheris_klunzingeri|GCF_042242105.1|ITPR1.0	NC_092013.1	9877267	9939217	9	ATF1;ATF7B;DIP2B;ESYT1B;SCN8A;SLC4A8;SUMF1;TTLL3;ZC3H10
GCF_042242105.1	Pempheris klunzingeri	Actinopteri	Acropomatiformes	teleost	ITPR1	Pempheris_klunzingeri|GCF_042242105.1|ITPR1.1	Pempheris_klunzingeri|GCF_042242105.1|ITPR1.1	NC_092013.1	31204413	31279496	9	ARL6IP5A;AVPR2B;EEVS;FOXP1B;FRMD4B;LRRN1;MITF;SETMAR;TRNT1
GCF_042242105.1	Pempheris klunzingeri	Actinopteri	Acropomatiformes	teleost	ITPR2	Pempheris_klunzingeri|GCF_042242105.1|ITPR2.0	Pempheris_klunzingeri|GCF_042242105.1|ITPR2.0	NC_092016.1	16761730	16816933	17	BANP;BHLHE41;BMAL2;C1QTNF13;CES2B;EEA1;FANCI;FBXO31;KRAS;NR1H4;NUDT4A;PLEKHG7;POLG;SLC17A8;SSPN;UBE2N;ZNF469
GCF_042242105.1	Pempheris klunzingeri	Actinopteri	Acropomatiformes	teleost	ITPR3	Pempheris_klunzingeri|GCF_042242105.1|ITPR3.0	Pempheris_klunzingeri|GCF_042242105.1|ITPR3.0	NC_092022.1	26404523	26550347	11	ARL8A;BCAP31;CCDC135;EDEM2;GPR37L1B;GRIPAP1;HM13;KCND1;MRGBP;PTPN18;SNX21
GCF_042242105.1	Pempheris klunzingeri	Actinopteri	Acropomatiformes	teleost	RYR	Pempheris_klunzingeri|GCF_042242105.1|RYR.1	Pempheris_klunzingeri|GCF_042242105.1|RYR.1	NC_092015.1	4578745	4646954	12	B3GNT2L;BCKDH;BICR;EXOSC5;HNRNPUL1;NAPA;OPA3;PPP1R13L;PPP5C;RASGRP4;TGFB1A;TMEM91
GCF_042242105.1	Pempheris klunzingeri	Actinopteri	Acropomatiformes	teleost	RYR	Pempheris_klunzingeri|GCF_042242105.1|RYR.5	Pempheris_klunzingeri|GCF_042242105.1|RYR.5	NC_092023.1	8908502	8970387	12	ACTN2B;CCSER2A;CHRM3A;ECD;FAM149B1;FMN2A;GREM2A;GRID1A;NDNFL;P4HA1B;RGS7A;SPARCL2
GCF_042242105.1	Pempheris klunzingeri	Actinopteri	Acropomatiformes	teleost	RYR	Pempheris_klunzingeri|GCF_042242105.1|RYR.3	Pempheris_klunzingeri|GCF_042242105.1|RYR.3	NC_092024.1	10088839	10187897	9	ACP7;ARHGAP11A;CHRM5A;CRIM1;DNAJC17;EIF2AK4;FSIP1;GCHFR;GREM1B
GCF_042242105.1	Pempheris klunzingeri	Actinopteri	Acropomatiformes	teleost	RYR	Pempheris_klunzingeri|GCF_042242105.1|RYR.2	Pempheris_klunzingeri|GCF_042242105.1|RYR.2	NC_092025.1	11356847	11404002	13	BRD8A;CXXC5A;DNAJC18;GABRR3A;GNG8;LIPI;NFRK;NRG2A;PHLDB2A;PPP3C;PURA;SMS;TMEM45B
GCF_042242105.1	Pempheris klunzingeri	Actinopteri	Acropomatiformes	teleost	RYR	Pempheris_klunzingeri|GCF_042242105.1|RYR.4	Pempheris_klunzingeri|GCF_042242105.1|RYR.4	NC_092029.1	16488509	16593970	18	ABRACL;ACOT20;ACTC1A;AVEN;CHRM5B;CLU;EMC7B;GPR176;GREM1A;HECA;KATNBL1;REPS1;SCARA3;SCG5;SLC10A1;SRSF5B;SUSD6;THBS1B
GCF_042242105.1	Pempheris klunzingeri	Actinopteri	Acropomatiformes	teleost	RYR	Pempheris_klunzingeri|GCF_042242105.1|RYR.0	Pempheris_klunzingeri|GCF_042242105.1|RYR.0	NC_092031.1	20464652	20619138	14	ADGRA1A;ADOA;BMS1;CABCOCO1;CHRM3B;CYP26A1;EGR2B;EXOC6;FMN2B;JMJD1C;MTR;NRBF2B;REEP3B;TMEM26B
GCF_043380555.1	Nothobranchius furzeri	Actinopteri	Cyprinodontiformes	teleost	ITPR1	Nothobranchius_furzeri|GCF_043380555.1|ITPR1.1	Nothobranchius_furzeri|GCF_043380555.1|ITPR1.1	NC_091743.1	45043802	45241816	12	ARL6IP5A;AVPR2B;BHLHE40;EEVS;FBLIM1;FRMD4B;LRRN1;MITF;PRKAR2A;SETMAR;SLC25A20;TRNT1
GCF_043380555.1	Nothobranchius furzeri	Actinopteri	Cyprinodontiformes	teleost	ITPR1	Nothobranchius_furzeri|GCF_043380555.1|ITPR1.0	Nothobranchius_furzeri|GCF_043380555.1|ITPR1.0	NC_091743.1	49798504	49917515	10	ATF1;ATF7B;DIP2B;DTX3L;ESYT1B;FAIM2B;SCN8A;SLC4A8;SUMF1;ZC3H10
GCF_043380555.1	Nothobranchius furzeri	Actinopteri	Cyprinodontiformes	teleost	ITPR2	Nothobranchius_furzeri|GCF_043380555.1|ITPR2.0	Nothobranchius_furzeri|GCF_043380555.1|ITPR2.0	NC_091744.1	73697693	73772103	19	BANP;BHLHE41;BMAL2;C1QTNF13;CES2B;EEA1;ENDOUC;FANCI;FBXO31;KRAS;NR1H4;NUDT4A;PLEKHG7;POLG;PPFIBP1B;SLC17A8;SSPN;UBE2N;ZNF469
GCF_043380555.1	Nothobranchius furzeri	Actinopteri	Cyprinodontiformes	teleost	ITPR3	Nothobranchius_furzeri|GCF_043380555.1|ITPR3.0	Nothobranchius_furzeri|GCF_043380555.1|ITPR3.0	NC_091755.1	46395347	46450572	8	ARL8A;CCDC135;CLCN6;GPR37L1B;MRGBP;RFC2;SULF2B;USP11
GCF_043380555.1	Nothobranchius furzeri	Actinopteri	Cyprinodontiformes	teleost	RYR	Nothobranchius_furzeri|GCF_043380555.1|RYR.4	Nothobranchius_furzeri|GCF_043380555.1|RYR.4	NC_091742.1	12356541	12461697	10	ACTC1A;AK7A;AVEN;CHRM5B;EMC7B;FMN1;GREM1A;KATNBL1;SCARA3;SCG5
GCF_043380555.1	Nothobranchius furzeri	Actinopteri	Cyprinodontiformes	teleost	RYR	Nothobranchius_furzeri|GCF_043380555.1|RYR.2	Nothobranchius_furzeri|GCF_043380555.1|RYR.2	NC_091750.1	45737691	45796737	13	BRD8A;CXXC5A;DNAJC18;GABRR3A;GNG8;LIPI;NFRK;NRG2A;PHLDB2A;PPP3C;PURA;SMS;TMEM45B
GCF_043380555.1	Nothobranchius furzeri	Actinopteri	Cyprinodontiformes	teleost	RYR	Nothobranchius_furzeri|GCF_043380555.1|RYR.5	Nothobranchius_furzeri|GCF_043380555.1|RYR.5	NC_091752.1	30598107	30706713	12	ACTN2B;CCSER2A;CHRM3A;DNAJC9;ECD;FAM149B1;FMN2A;GREM2A;NDNFL;P4HA1B;RGS7A;SPARCL2
GCF_043380555.1	Nothobranchius furzeri	Actinopteri	Cyprinodontiformes	teleost	RYR	Nothobranchius_furzeri|GCF_043380555.1|RYR.1	Nothobranchius_furzeri|GCF_043380555.1|RYR.1	NC_091753.1	58705712	58821915	10	AAMDC;EXOSC5;HNRNPUL1;INTS4;OPA3;PPP1R13L;PPP5C;RASGRP4;TGFB1A;TMEM91
GCF_043380555.1	Nothobranchius furzeri	Actinopteri	Cyprinodontiformes	teleost	RYR	Nothobranchius_furzeri|GCF_043380555.1|RYR.0	Nothobranchius_furzeri|GCF_043380555.1|RYR.0	NC_091756.1	3032040	3742539	10	ADPRM;CA10A;EME1;IPMK;KDELR2B;MRPL27;MT2;MYOCD;RAB3GAP1;TFAM
GCF_043380555.1	Nothobranchius furzeri	Actinopteri	Cyprinodontiformes	teleost	RYR	Nothobranchius_furzeri|GCF_043380555.1|RYR.3	Nothobranchius_furzeri|GCF_043380555.1|RYR.3	NC_091758.1	33465891	33594580	8	ACP7;ARHGAP11A;CEP170B;CHRM5A;CRIM1;EIF2AK4;FSIP1;GREM1B
GCF_045865225.1	Trachurus japonicus	Actinopteri	Carangiformes	teleost	ITPR1	Trachurus_japonicus|GCF_045865225.1|ITPR1.0	Trachurus_japonicus|GCF_045865225.1|ITPR1.0	NC_140911.1	2647767	2762950	8	ATF1;DIP2B;ESYT1B;SCN8A;SLC4A8;SUMF1;TTLL3;ZC3H10
GCF_045865225.1	Trachurus japonicus	Actinopteri	Carangiformes	teleost	ITPR1	Trachurus_japonicus|GCF_045865225.1|ITPR1.1	Trachurus_japonicus|GCF_045865225.1|ITPR1.1	NC_140911.1	12887720	12970190	17	ARL6IP5A;ARL8B;AVPR2B;BHLHE40;CAMKV;COMT;EEVS;FRMD4B;GRM6B;LRRN1;MDFIC2;MITF;MON1A;MST1R;SETMAR;TRAIP;TRNT1
GCF_045865225.1	Trachurus japonicus	Actinopteri	Carangiformes	teleost	ITPR2	Trachurus_japonicus|GCF_045865225.1|ITPR2.0	Trachurus_japonicus|GCF_045865225.1|ITPR2.0	NC_140912.1	18291804	18345805	13	BANP;BHLHE41;C1QTNF13;EEA1;KRAS;NR1H4;NUDT4A;PLEKHG7;RASSF8A;SLC17A8;SSPN;UBE2N;ZNF469
GCF_045865225.1	Trachurus japonicus	Actinopteri	Carangiformes	teleost	ITPR3	Trachurus_japonicus|GCF_045865225.1|ITPR3.0	Trachurus_japonicus|GCF_045865225.1|ITPR3.0	NC_140913.1	3024266	3151569	10	BCAP31;DRC7;EDEM2;GRIPAP1;HM13;KCND1;MRGBP;PLXNA3;PTPN18;SNX21
GCF_045865225.1	Trachurus japonicus	Actinopteri	Carangiformes	teleost	RYR	Trachurus_japonicus|GCF_045865225.1|RYR.1	Trachurus_japonicus|GCF_045865225.1|RYR.1	NC_140919.1	29060133	29124977	13	AXL;B3GNT2L;BCKDH;EXOSC5;HNRNPUL1;NAPA;NUP88;OPA3;PPP1R13L;PPP5C;RASGRP4;TGFB1A;TMEM91
GCF_045865225.1	Trachurus japonicus	Actinopteri	Carangiformes	teleost	RYR	Trachurus_japonicus|GCF_045865225.1|RYR.2	Trachurus_japonicus|GCF_045865225.1|RYR.2	NC_140920.1	15795103	15839308	12	BRD8A;CXXC5A;DNAJC18;GABRR3A;GNG8;NFRK;NRG2A;PHLDB2A;PPP3C;PURA;SMS;TMEM45B
GCF_045865225.1	Trachurus japonicus	Actinopteri	Carangiformes	teleost	RYR	Trachurus_japonicus|GCF_045865225.1|RYR.5	Trachurus_japonicus|GCF_045865225.1|RYR.5	NC_140921.1	13634595	13697804	12	ACTN2B;BICC1A;CHRM3A;DNAJC9;ECD;FAM149B1;FMN2A;GREM2A;NDNFL;P4HA1B;RGS7A;SPARCL2
GCF_045865225.1	Trachurus japonicus	Actinopteri	Carangiformes	teleost	RYR	Trachurus_japonicus|GCF_045865225.1|RYR.0	Trachurus_japonicus|GCF_045865225.1|RYR.0	NC_140925.1	16620249	16771961	15	ACBD4;ADGRA1A;ADOA;BMS1;CACNA1G;CHRM3B;CYP26A1;EGR2B;EXOC6;FMN2B;JMJD1C;MTR;NRBF2B;PLCD3B;REEP3B
GCF_045865225.1	Trachurus japonicus	Actinopteri	Carangiformes	teleost	RYR	Trachurus_japonicus|GCF_045865225.1|RYR.3	Trachurus_japonicus|GCF_045865225.1|RYR.3	NC_140928.1	18474569	18615415	10	ACP7;CCDC88C;CHRM5A;EML5;FSIP1;GPR68;ISCA2;OSR1;RDH14A;THBS1A
GCF_045865225.1	Trachurus japonicus	Actinopteri	Carangiformes	teleost	RYR	Trachurus_japonicus|GCF_045865225.1|RYR.4	Trachurus_japonicus|GCF_045865225.1|RYR.4	NC_140930.1	11075570	11200629	17	ABRACL;ACTC1A;AVEN;CHRM5B;CLU;EMC7B;FMN1;GPR176;GREM1A;KATNBL1;REPS1;SCARA3;SCG5;SLC10A1;SRSF5B;SUSD6;THBS1B
GCF_046128005.1	Genypterus blacodes	Actinopteri	Ophidiiformes	teleost	ITPR1	Genypterus_blacodes|GCF_046128005.1|ITPR1.1	Genypterus_blacodes|GCF_046128005.1|ITPR1.1	NW_027466831.1	7083524	7138046	11	BHLHE40;CDC42;ETNK2;FBXO2;KLHDC8A;SETMAR;SLC41A1;SNRPE;SOX13;SVBP;WNT4
GCF_046128005.1	Genypterus blacodes	Actinopteri	Ophidiiformes	teleost	ITPR1	Genypterus_blacodes|GCF_046128005.1|ITPR1.0	Genypterus_blacodes|GCF_046128005.1|ITPR1.0	NW_027466880.1	683254	733086	10	ATF1;ATF7B;DIP2B;LARP4A;PFDN5;SCN8A;SLC4A8;SUMF1;TTLL3;ZC3H10
GCF_046128005.1	Genypterus blacodes	Actinopteri	Ophidiiformes	teleost	ITPR2	Genypterus_blacodes|GCF_046128005.1|ITPR2.0	Genypterus_blacodes|GCF_046128005.1|ITPR2.0	NW_027466834.1	3847609	3892173	19	AARS1;BANP;BHLHE41;BMAL2;C1QTNF13;EEA1;EXOSC6;KRAS;NR1H4;NUDT4A;PLEKHG7;PPFIBP1B;RASSF8A;SLC17A8;SSPN;ST3GAL2;TGM2L;UBE2N;ZNF469
GCF_046128005.1	Genypterus blacodes	Actinopteri	Ophidiiformes	teleost	RYR	Genypterus_blacodes|GCF_046128005.1|RYR.4	Genypterus_blacodes|GCF_046128005.1|RYR.4	NW_027466827.1	763438	846833	18	ABRACL;ACTC1A;AK7A;AVEN;CAD;CHRM5B;CLU;DNAJC5G;EMC7B;FMN1;GPR176;GREM1A;HECA;KATNBL1;REPS1;SCARA3;SCG5;THBS1B
GCF_046128005.1	Genypterus blacodes	Actinopteri	Ophidiiformes	teleost	RYR	Genypterus_blacodes|GCF_046128005.1|RYR.1	Genypterus_blacodes|GCF_046128005.1|RYR.1	NW_027466845.1	489927	544775	14	AXL;B3GNT2L;BCKDH;BICR;CYP2Y3;EXOSC5;HNRNPUL1;NAPA;OPA3;PPP1R13L;PPP5C;RASGRP4;TGFB1A;TMEM91
GCF_046128005.1	Genypterus blacodes	Actinopteri	Ophidiiformes	teleost	RYR	Genypterus_blacodes|GCF_046128005.1|RYR.0	Genypterus_blacodes|GCF_046128005.1|RYR.0	NW_027466859.1	338871	425119	15	ADOA;ATP6V0A1B;BMS1;CHRM3B;CYP26A1;DDB2;EGR2B;EXOC6;IPMK;JMJD1C;MTR;NAGLU;NRBF2B;REEP3B;SULT2ST2
GCF_046128005.1	Genypterus blacodes	Actinopteri	Ophidiiformes	teleost	RYR	Genypterus_blacodes|GCF_046128005.1|RYR.3	Genypterus_blacodes|GCF_046128005.1|RYR.3	NW_027466916.1	2581659	2655315	11	ACP7;ACTC1B;ARHGAP11A;BMF1;CHRM5A;CYP1C1;EIF2AK4;FSIP1;GCHFR;GREM1B;THBS1A
GCF_046128005.1	Genypterus blacodes	Actinopteri	Ophidiiformes	teleost	RYR	Genypterus_blacodes|GCF_046128005.1|RYR.2	Genypterus_blacodes|GCF_046128005.1|RYR.2	NW_027466989.1	1674764	1716333	12	GABRR3A;GNG8;KLF5L;KLF8;LIPI;NFRK;PHLDB2A;POF1B;POU4F4;SLC25A14;SMS;TMEM45B
GCF_046128005.1	Genypterus blacodes	Actinopteri	Ophidiiformes	teleost	RYR	Genypterus_blacodes|GCF_046128005.1|RYR.5	Genypterus_blacodes|GCF_046128005.1|RYR.5	NW_027467090.1	297802	346798	14	ACTN2B;BICC1A;CHRM3A;DNAJC9;ECD;FAM149B1;FMN2A;GREM2A;NDNFL;P4HA1B;PHYHIPL;RGS7A;STYXL1;SUPT3H
GCF_047370975.1	Nipponia nippon	Aves	Pelecaniformes	non_actinopterygian	ITPR1	Nipponia_nippon|GCF_047370975.1|ITPR1.0	Nipponia_nippon|GCF_047370975.1|ITPR1.0	NW_028262413.1	13959491	14133347	16	ARL8B;BHLHE40;CAV3;CHL1;CNTN6;CRBN;EDEM1;GRM7;IL5RA;LMCD1;LRRN1;OXTR;RAD18;SSUH2;SUMF1;TRNT1
GCF_047370975.1	Nipponia nippon	Aves	Pelecaniformes	non_actinopterygian	ITPR2	Nipponia_nippon|GCF_047370975.1|ITPR2.0	Nipponia_nippon|GCF_047370975.1|ITPR2.0	NW_028262347.1	75777179	76044506	19	BHLHE41;BMAL2;CYB5R3;DNAI7;ETFRF1;FGFR1OP2;GYS2;INTS13;IRAG2;KRAS;LMNTD1;MED21;PPFIBP1;RASSF8;REP15;SPX;SSPN;STK38L;TM7SF3
GCF_047370975.1	Nipponia nippon	Aves	Pelecaniformes	non_actinopterygian	ITPR3	Nipponia_nippon|GCF_047370975.1|ITPR3.0	Nipponia_nippon|GCF_047370975.1|ITPR3.0	NW_028262342.1	6820446	6885055	14	APOBEC2;BAK1;GRM4;HMGA1;LEMD2;MLN;NFYA;NUDT3;OARD1;PACSIN1;RPS10;SMIM29;SPDEF;TSPO2
GCF_047370975.1	Nipponia nippon	Aves	Pelecaniformes	non_actinopterygian	RYR	Nipponia_nippon|GCF_047370975.1|RYR.2	Nipponia_nippon|GCF_047370975.1|RYR.2	NW_028262291.1	35923906	36177418	19	ARHGAP11A;AVEN;CDIN1;CHRM5;DPH6;EIF2AK4;EMC7;FMN1;FSIP1;GPR176;GREM1;KATNBL1;MEIS2;RASGRP1;SCG5;SPRED1;SRP14;THBS1;TSLIG3B
GCF_047370975.1	Nipponia nippon	Aves	Pelecaniformes	non_actinopterygian	RYR	Nipponia_nippon|GCF_047370975.1|RYR.0	Nipponia_nippon|GCF_047370975.1|RYR.0	NW_028262358.1	42448572	42882047	18	ACTN2;CHRM3;EDARADD;ERO1B;EXO1;FMN2;GPR137B;GREM2;HEATR1;LGALS8;LYST;MAP1LC3C;MTR;NID1;OPN3;PIGM;RGS7;WDR64
GCF_047370975.1	Nipponia nippon	Aves	Pelecaniformes	non_actinopterygian	RYR	Nipponia_nippon|GCF_047370975.1|RYR.1	Nipponia_nippon|GCF_047370975.1|RYR.1	NW_028262365.1	246480	307841	19	ACTN4;BICRA;ECH1;EHD2;EIF3K;HNRNPL;KPTN;MAP4K1;MRPS12;NAPA;NFKBIB;PAK4;PSMD8;RASGRP4;SARS2;SIRT2;SLC8A2;SPRED3;ZNF541
GCF_047496795.1	Chiloscyllium punctatum	Chondrichthyes	Orectolobiformes	non_actinopterygian	ITPR1	Chiloscyllium_punctatum|GCF_047496795.1|ITPR1.0	Chiloscyllium_punctatum|GCF_047496795.1|ITPR1.0	NC_092750.1	63514029	64032080	13	APEH;ARL8B;BHLHE40;BORCS6;EDEM1;LMCD1;OXTR;RAD18;RASSF1;SEMA3H;SETMAR;SUMF1;ZMYND10
GCF_047496795.1	Chiloscyllium punctatum	Chondrichthyes	Orectolobiformes	non_actinopterygian	ITPR2	Chiloscyllium_punctatum|GCF_047496795.1|ITPR2.0	Chiloscyllium_punctatum|GCF_047496795.1|ITPR2.0	NC_092782.1	15861634	16125398	14	BHLHE41;CEP83;CRADD;DNAI7;EEA1;INTS13;LRMP;MRPL42;PLEKHG7;PLXNC1;RASSF8B;SOCS2;SSPN;UBE2N
GCF_047496795.1	Chiloscyllium punctatum	Chondrichthyes	Orectolobiformes	non_actinopterygian	ITPR3	Chiloscyllium_punctatum|GCF_047496795.1|ITPR3.0	Chiloscyllium_punctatum|GCF_047496795.1|ITPR3.0	NC_092783.1	34655282	35125671	5	C45H6ORF89;GPR37L1B;HMGA1A;SMIM29;UQCC2
GCF_047496795.1	Chiloscyllium punctatum	Chondrichthyes	Orectolobiformes	non_actinopterygian	RYR	Chiloscyllium_punctatum|GCF_047496795.1|RYR.2	Chiloscyllium_punctatum|GCF_047496795.1|RYR.2	NC_092742.1	76334191	76716240	17	AQR;ARG2;AVEN;CDIN1;CHRM5B;DPH6;EMC7B;FAM98B;FMN1;FSIP1;GPR176;GREM1A;KATNBL1;MEIS2A;SPRED1;THBS1B;VTI1B
GCF_047496795.1	Chiloscyllium punctatum	Chondrichthyes	Orectolobiformes	non_actinopterygian	RYR	Chiloscyllium_punctatum|GCF_047496795.1|RYR.1	Chiloscyllium_punctatum|GCF_047496795.1|RYR.1	NC_092749.1	27928614	28685561	12	ADPGK2;FH;FMN2B;GREM2B;HEATR1;KMO;MOCS3;MTR;NDUFAF7;OPN3;PRKD3;QPCT
GCF_047496795.1	Chiloscyllium punctatum	Chondrichthyes	Orectolobiformes	non_actinopterygian	RYR	Chiloscyllium_punctatum|GCF_047496795.1|RYR.0	Chiloscyllium_punctatum|GCF_047496795.1|RYR.0	NC_092767.1	63576125	63974777	5	ECH1;MED29;PAF1;PSMD8;RASGRP4
GCF_047496885.1	Scyliorhinus torazame	Chondrichthyes	Carcharhiniformes	non_actinopterygian	ITPR1	Scyliorhinus_torazame|GCF_047496885.1|ITPR1.0	Scyliorhinus_torazame|GCF_047496885.1|ITPR1.0	NC_092719.1	128957828	129684827	11	APEH;ARL8B;BHLHE40;BSNB;EDEM1;LMCD1;RAD18;SEMA3H;SETMAR;SUMF1;ZMYND10
GCF_047496885.1	Scyliorhinus torazame	Chondrichthyes	Carcharhiniformes	non_actinopterygian	ITPR2	Scyliorhinus_torazame|GCF_047496885.1|ITPR2.0	Scyliorhinus_torazame|GCF_047496885.1|ITPR2.0	NC_092719.1	79498875	79827160	14	BCAT1;CEP83;CRADD;DNAI7;EEA1;INTS13;LRMP;MRPL42;PLEKHG7;PLXNC1;RASSF8B;SOCS2;SSPN;UBE2N
GCF_047496885.1	Scyliorhinus torazame	Chondrichthyes	Carcharhiniformes	non_actinopterygian	ITPR3	Scyliorhinus_torazame|GCF_047496885.1|ITPR3.0	Scyliorhinus_torazame|GCF_047496885.1|ITPR3.0	NC_092723.1	44162390	44987385	6	C17H6ORF89;HMGA1A;LGR6;MLNL;SMIM29;UBE2T
GCF_047496885.1	Scyliorhinus torazame	Chondrichthyes	Carcharhiniformes	non_actinopterygian	RYR	Scyliorhinus_torazame|GCF_047496885.1|RYR.1	Scyliorhinus_torazame|GCF_047496885.1|RYR.1	NC_092707.1	374759082	375875811	9	ADPGK2;FH;GREM2B;HEATR1;KMO;MOCS3;MTR;OPN3;QPCT
GCF_047496885.1	Scyliorhinus torazame	Chondrichthyes	Carcharhiniformes	non_actinopterygian	RYR	Scyliorhinus_torazame|GCF_047496885.1|RYR.2	Scyliorhinus_torazame|GCF_047496885.1|RYR.2	NC_092708.1	231928502	232521049	16	ARG2;AVEN;CDIN1;CHRM5B;DPH6;EMC7B;FAM98B;FMN1;FSIP1;GPR176;GREM1A;KATNBL1;MEIS2A;SPRED1;THBS1B;VTI1B
GCF_047663525.1	Anas platyrhynchos	Aves	Anseriformes	non_actinopterygian	ITPR1	Anas_platyrhynchos|GCF_047663525.1|ITPR1.0	Anas_platyrhynchos|GCF_047663525.1|ITPR1.0	NC_092599.1	1846755	2005438	16	ARL8B;BHLHE40;CAV3;CHL1;CRBN;EDEM1;GRM7;IL5RA;LMCD1;LRRN1;OXTR;RAD18;SRGAP3;SSUH2;SUMF1;TRNT1
GCF_047663525.1	Anas platyrhynchos	Aves	Anseriformes	non_actinopterygian	ITPR2	Anas_platyrhynchos|GCF_047663525.1|ITPR2.0	Anas_platyrhynchos|GCF_047663525.1|ITPR2.0	NC_092587.1	75005606	75277225	19	BHLHE41;BMAL2;CYB5R3;DNAI7;ETFRF1;FGFR1OP2;GYS2;INTS13;IRAG2;KRAS;LMNTD1;MED21;PPFIBP1;RASSF8;REP15;SPX;SSPN;STK38L;TM7SF3
GCF_047663525.1	Anas platyrhynchos	Aves	Anseriformes	non_actinopterygian	ITPR3	Anas_platyrhynchos|GCF_047663525.1|ITPR3.0	Anas_platyrhynchos|GCF_047663525.1|ITPR3.0	NC_092613.1	3788420	3847054	17	APOBEC2;BAK1;CEPT1;DRAM2;GRM4;HMGA1;LEMD2;LRIF1;MLN;NFYA;NUDT3;OARD1;PACSIN1;RPS10;SMIM29;SPDEF;TSPO2
GCF_047663525.1	Anas platyrhynchos	Aves	Anseriformes	non_actinopterygian	RYR	Anas_platyrhynchos|GCF_047663525.1|RYR.0	Anas_platyrhynchos|GCF_047663525.1|RYR.0	NC_092589.1	27741600	28144711	19	ACTN2;CHRM3;EDARADD;ERO1B;EXO1;FMN2;GNG4;GPR137B;GREM2;HEATR1;LGALS8;LYST;MAP1LC3C;MTR;NID1;OPN3;PIGM;RGS7;WDR64
GCF_047663525.1	Anas platyrhynchos	Aves	Anseriformes	non_actinopterygian	RYR	Anas_platyrhynchos|GCF_047663525.1|RYR.2	Anas_platyrhynchos|GCF_047663525.1|RYR.2	NC_092591.1	39383382	39601971	15	AVEN;CDIN1;CHRM5;EIF2AK4;EMC7;FAM98B;FSIP1;GPR176;GREM1;KATNBL1;MEIS2;RASGRP1;SPRED1;SRP14;THBS1
GCF_047663525.1	Anas platyrhynchos	Aves	Anseriformes	non_actinopterygian	RYR	Anas_platyrhynchos|GCF_047663525.1|RYR.1	Anas_platyrhynchos|GCF_047663525.1|RYR.1	NC_092618.1	9891968	9992100	15	ACTN4;BICRA;ECH1;EHD2;EIF3K;HNRNPL;MAP4K1;MRPS12;NFKBIB;NOP53;PAK4;SARS2;SELENOW;SIRT2;ZNF541
GCF_047716275.1	Strix uralensis	Aves	Strigiformes	non_actinopterygian	ITPR1	Strix_uralensis|GCF_047716275.1|ITPR1.0	Strix_uralensis|GCF_047716275.1|ITPR1.0	NC_133981.1	12332812	12503102	17	ARL8B;BHLHE40;CAV3;CHL1;CNTN6;CRBN;EDEM1;GRM7;IL5RA;LMCD1;LRRN1;OXTR;RAD18;SRGAP3;SSUH2;SUMF1;TRNT1
GCF_047716275.1	Strix uralensis	Aves	Strigiformes	non_actinopterygian	ITPR2	Strix_uralensis|GCF_047716275.1|ITPR2.0	Strix_uralensis|GCF_047716275.1|ITPR2.0	NC_133976.1	64208588	64488618	19	ASCL4;BHLHE41;BMAL2;DNAI7;ETFRF1;FGFR1OP2;GYS2;INTS13;IRAG2;KRAS;LDHB;MED21;PRDM4;PWP1;RASSF8;SPX;SSPN;STK38L;TM7SF3
GCF_047716275.1	Strix uralensis	Aves	Strigiformes	non_actinopterygian	ITPR3	Strix_uralensis|GCF_047716275.1|ITPR3.0	Strix_uralensis|GCF_047716275.1|ITPR3.0	NC_133995.1	5671534	5713645	17	APOBEC2;BAK1;FOXP4;GRM4;HMGA1;IP6K3;LEMD2;MDFI;MLN;NFYA;NUDT3;OARD1;RPS10;SMIM29;TFEB;TREM1;UQCC2
GCF_047716275.1	Strix uralensis	Aves	Strigiformes	non_actinopterygian	RYR	Strix_uralensis|GCF_047716275.1|RYR.0	Strix_uralensis|GCF_047716275.1|RYR.0	NC_133974.1	85762589	86202282	20	ACTN2;CHRM3;EDARADD;ERO1B;EXO1;FMN2;GNG4;GPR137B;GREM2;HEATR1;LGALS8;LYST;MAP1LC3C;MTR;NID1;OPN3;PIGM;PLD5;RGS7;WDR64
GCF_047716275.1	Strix uralensis	Aves	Strigiformes	non_actinopterygian	RYR	Strix_uralensis|GCF_047716275.1|RYR.2	Strix_uralensis|GCF_047716275.1|RYR.2	NC_133975.1	97732611	97996791	19	ARHGAP11A;AVEN;CDIN1;CHRM5;DPH6;EIF2AK4;EMC7;FAM98B;FMN1;FSIP1;GPR176;GREM1;KATNBL1;MEIS2;RASGRP1;SCG5;SPRED1;SRP14;THBS1
GCF_048418815.1	Hemitrygon akajei	Chondrichthyes	Myliobatiformes	non_actinopterygian	ITPR1	Hemitrygon_akajei|GCF_048418815.1|ITPR1.0	Hemitrygon_akajei|GCF_048418815.1|ITPR1.0	NC_133142.1	48751160	49279278	14	APEH;ARL8B;BHLHE40;BORCS6;CAV3;EDEM1;LMCD1;OXTR;RAD18;RASSF1;SEMA3H;SETMAR;SUMF1;ZMYND10
GCF_048418815.1	Hemitrygon akajei	Chondrichthyes	Myliobatiformes	non_actinopterygian	ITPR2	Hemitrygon_akajei|GCF_048418815.1|ITPR2.0	Hemitrygon_akajei|GCF_048418815.1|ITPR2.0	NC_133137.1	51048910	51317389	12	BHLHE41;CRADD;DNAI7;EEA1;INTS13;LRMP;MRPL42;PLEKHG7;PLXNC1;RASSF8B;SOCS2;SSPN
GCF_048418815.1	Hemitrygon akajei	Chondrichthyes	Myliobatiformes	non_actinopterygian	ITPR3	Hemitrygon_akajei|GCF_048418815.1|ITPR3.0	Hemitrygon_akajei|GCF_048418815.1|ITPR3.0	NC_133150.1	18983420	19293070	5	C27H6ORF89;LGR6;PKP1B;UBE2T;UQCC2
GCF_048418815.1	Hemitrygon akajei	Chondrichthyes	Myliobatiformes	non_actinopterygian	RYR	Hemitrygon_akajei|GCF_048418815.1|RYR.2	Hemitrygon_akajei|GCF_048418815.1|RYR.2	NC_133126.1	73602667	73976398	16	AQR;ARG2;AVEN;CDIN1;CHRM5B;DPH6;EMC7B;FAM98B;FMN1;FSIP1;GPR176;GREM1A;KATNBL1;MEIS2A;SPRED1;THBS1B
GCF_048418815.1	Hemitrygon akajei	Chondrichthyes	Myliobatiformes	non_actinopterygian	RYR	Hemitrygon_akajei|GCF_048418815.1|RYR.1	Hemitrygon_akajei|GCF_048418815.1|RYR.1	NC_133130.1	28576545	29302866	14	ADPGK2;CEBPZ;FH;FMN2B;GREM2B;HEATR1;KMO;LGALS8A;MOCS3;MTR;NDUFAF7;OPN3;PRKD3;QPCT
GCF_048418815.1	Hemitrygon akajei	Chondrichthyes	Myliobatiformes	non_actinopterygian	RYR	Hemitrygon_akajei|GCF_048418815.1|RYR.0	Hemitrygon_akajei|GCF_048418815.1|RYR.0	NC_133148.1	27728801	28287726	6	APEX1;METTL3;OSGEP;PSMD8;RASGRP4;SPRED3
GCF_048593235.1	Sminthopsis crassicaudata	Mammalia	Dasyuromorphia	non_actinopterygian	ITPR1	Sminthopsis_crassicaudata|GCF_048593235.1|ITPR1.0	Sminthopsis_crassicaudata|GCF_048593235.1|ITPR1.0	NC_133617.1	712021628	712381558	16	ARL8B;BHLHE40;CAV3;CNTN4;CNTN6;CRBN;EDEM1;GRM7;IL5RA;LMCD1;LRRN1;OXTR;RAD18;SSUH2;SUMF1;TRNT1
GCF_048593235.1	Sminthopsis crassicaudata	Mammalia	Dasyuromorphia	non_actinopterygian	ITPR2	Sminthopsis_crassicaudata|GCF_048593235.1|ITPR2.0	Sminthopsis_crassicaudata|GCF_048593235.1|ITPR2.0	NC_133621.1	172130249	172632469	20	BCAT1;BHLHE41;BMAL2;DNAI7;ETFRF1;FGFR1OP2;INTS13;IRAG2;KRAS;LMNTD1;MED21;PFKFB3;PRKCQ;RASSF8;RBM17;SFMBT2;SOX5;SSPN;STK38L;TM7SF3
GCF_048593235.1	Sminthopsis crassicaudata	Mammalia	Dasyuromorphia	non_actinopterygian	ITPR3	Sminthopsis_crassicaudata|GCF_048593235.1|ITPR3.0	Sminthopsis_crassicaudata|GCF_048593235.1|ITPR3.0	NC_133620.1	290077389	290190451	19	BAK1;CUTA;DAXX;GRM4;HMGA1;IP6K3;KIFC1;LEMD2;MLN;NUDT3;PACSIN1;PHF1;RPS10;SMIM29;SYNGAP1;TAPBP;UQCC2;ZBTB22;ZBTB9
GCF_048593235.1	Sminthopsis crassicaudata	Mammalia	Dasyuromorphia	non_actinopterygian	RYR	Sminthopsis_crassicaudata|GCF_048593235.1|RYR.2	Sminthopsis_crassicaudata|GCF_048593235.1|RYR.2	NC_133618.1	262487386	263239096	18	ACTC1;AQR;ARHGAP11A;AVEN;CHRM5;DPH6;EMC4;EMC7;FMN1;GJD2;GREM1;KATNBL1;LPCAT4;NOP10;NUTM1;SCG5;SLC12A6;ZNF770
GCF_048593235.1	Sminthopsis crassicaudata	Mammalia	Dasyuromorphia	non_actinopterygian	RYR	Sminthopsis_crassicaudata|GCF_048593235.1|RYR.0	Sminthopsis_crassicaudata|GCF_048593235.1|RYR.0	NC_133620.1	388496471	389193765	18	ACTN2;CHRM3;EDARADD;ERO1B;EXO1;FH;FMN2;GPR137B;GREM2;HEATR1;KMO;LYST;MTR;NID1;OPN3;RGS7;WDR64;ZP4
GCF_048593235.1	Sminthopsis crassicaudata	Mammalia	Dasyuromorphia	non_actinopterygian	RYR	Sminthopsis_crassicaudata|GCF_048593235.1|RYR.1	Sminthopsis_crassicaudata|GCF_048593235.1|RYR.1	NC_133623.1	56804030	56889207	18	ACTN4;CAPN12;CXH19ORF33;ECH1;EIF3K;FAM98C;GGN;HNRNPL;KCNK6;LGALS4;LGALS7;MAP4K1;PSMD8;RASGRP4;RINL;SIRT2;SPRED3;YIF1B
GCF_048594095.1	Paramormyrops kingsleyae	Actinopteri	Osteoglossiformes	teleost	ITPR1	Paramormyrops_kingsleyae|GCF_048594095.1|ITPR1.0	Paramormyrops_kingsleyae|GCF_048594095.1|ITPR1.0	NC_132802.1	24602499	24704510	11	ARL8B;CRBN;EDEM1;GHRL;GNAT1;LRRN1;RBM6;SFMBT1;SUMF1;TATDN2;UBA7
GCF_048594095.1	Paramormyrops kingsleyae	Actinopteri	Osteoglossiformes	teleost	ITPR1	Paramormyrops_kingsleyae|GCF_048594095.1|ITPR1.1	Paramormyrops_kingsleyae|GCF_048594095.1|ITPR1.1	NC_132804.1	15426720	15514326	11	AVPR2B;BHLHE40;CCDC174;GNAI2A;INKA1A;MON1A;MST1R;RFT1;SETMAR;TRAIP;TRNT1
GCF_048594095.1	Paramormyrops kingsleyae	Actinopteri	Osteoglossiformes	teleost	ITPR2	Paramormyrops_kingsleyae|GCF_048594095.1|ITPR2.0	Paramormyrops_kingsleyae|GCF_048594095.1|ITPR2.0	NC_132799.1	35692169	35778871	8	BHLHE41;CELF2;GATA3;INTS13;NUP50;RASSF8B;SSPN;USP6NL
GCF_048594095.1	Paramormyrops kingsleyae	Actinopteri	Osteoglossiformes	teleost	RYR	Paramormyrops_kingsleyae|GCF_048594095.1|RYR.3	Paramormyrops_kingsleyae|GCF_048594095.1|RYR.3	NC_132810.1	8106066	8202121	13	ACP7;ADGRG11;ARHGAP11A;BMF2;EIF2AK4;EMC7B;FSIP1;GPR176;KATNBL1;SCG5;SLC10A1;SUSD6;THBS1B
GCF_048594095.1	Paramormyrops kingsleyae	Actinopteri	Osteoglossiformes	teleost	RYR	Paramormyrops_kingsleyae|GCF_048594095.1|RYR.2	Paramormyrops_kingsleyae|GCF_048594095.1|RYR.2	NC_132813.1	13850591	13908217	13	ARRB1;B3GNT2L;BCKDH;BICR;CDKL1;EHD2B;EXOSC5;HNRNPUL1;OPA3;PPP1R13L;RASGRP4;TMEM91;WDR62
GCF_048594095.1	Paramormyrops kingsleyae	Actinopteri	Osteoglossiformes	teleost	RYR	Paramormyrops_kingsleyae|GCF_048594095.1|RYR.1	Paramormyrops_kingsleyae|GCF_048594095.1|RYR.1	NC_132814.1	8747082	8829328	5	B9D2;CBR1L;PPP5C;RSPH4A;SYMPK
GCF_048594095.1	Paramormyrops kingsleyae	Actinopteri	Osteoglossiformes	teleost	RYR	Paramormyrops_kingsleyae|GCF_048594095.1|RYR.0	Paramormyrops_kingsleyae|GCF_048594095.1|RYR.0	NC_132816.1	16121868	16269782	12	ARG1;CYP26A1;DNAJC9;EXOC6;FH;FMN2B;HEATR1;HHEX;KIF11;MTR;NUDT13;P4HA1A
GCF_048934315.1	Petromyzon marinus	Hyperoartia	Petromyzontiformes	non_actinopterygian	ITPR1	Petromyzon_marinus|GCF_048934315.1|ITPR1.1	Petromyzon_marinus|GCF_048934315.1|ITPR1.1	NC_133696.1	4193989	4332052	5	CCDC77;DLD;PPARD;SUMF1;UQCC2
GCF_048934315.1	Petromyzon marinus	Hyperoartia	Petromyzontiformes	non_actinopterygian	ITPR1	Petromyzon_marinus|GCF_048934315.1|ITPR1.2	Petromyzon_marinus|GCF_048934315.1|ITPR1.2	NC_133708.1	13310471	13441646	14	ATP6AP1;CERK;FAM3C;G6PD;IQUB;ITIH5;LSM3;MUSTN1;NDUFA5;PRPF18;SLC2A13;TOMM6;XPC;XPOT
GCF_048934315.1	Petromyzon marinus	Hyperoartia	Petromyzontiformes	non_actinopterygian	RYR	Petromyzon_marinus|GCF_048934315.1|RYR.1	Petromyzon_marinus|GCF_048934315.1|RYR.1	NC_133672.1	5716832	6045081	5	ABHD12;AVEN;GCH1;PEX6;SLC29A1
GCF_049350105.2	Macaca mulatta	Mammalia	Primates	non_actinopterygian	ITPR1	Macaca_mulatta|GCF_049350105.2|ITPR1.0	Macaca_mulatta|GCF_049350105.2|ITPR1.0	NC_133407.1	143262551	143593525	19	ARL8B;BHLHE40;CAV3;CHL1;CNTN4;CNTN6;CRBN;EDEM1;GRM7;IL5RA;LMCD1;LRRN1;OXTR;RAD18;SETMAR;SRGAP3;SSUH2;SUMF1;TRNT1
GCF_049350105.2	Macaca mulatta	Mammalia	Primates	non_actinopterygian	ITPR2	Macaca_mulatta|GCF_049350105.2|ITPR2.0	Macaca_mulatta|GCF_049350105.2|ITPR2.0	NC_133416.1	28688432	29181099	19	ARNTL2;BCAT1;BHLHE41;C11H12ORF71;DNAI7;ETFRF1;FGFR1OP2;INTS13;IRAG2;KRAS;LMNTD1;MED21;PPFIBP1;RASSF8;REP15;SMCO2;SSPN;STK38L;TM7SF3
GCF_049350105.2	Macaca mulatta	Mammalia	Primates	non_actinopterygian	ITPR3	Macaca_mulatta|GCF_049350105.2|ITPR3.0	Macaca_mulatta|GCF_049350105.2|ITPR3.0	NC_133409.1	148569176	148661307	17	BAK1;CUTA;DAXX;GRM4;HMGA1;IP6K3;KIFC1;LEMD2;MLN;NUDT3;PACSIN1;PHF1;RPS10;SMIM29;SMIM40;SYNGAP1;ZBTB9
GCF_049350105.2	Macaca mulatta	Mammalia	Primates	non_actinopterygian	RYR	Macaca_mulatta|GCF_049350105.2|RYR.0	Macaca_mulatta|GCF_049350105.2|RYR.0	NC_133406.1	11260161	12052517	17	ACTN2;CHRM3;EDARADD;ERO1B;FH;FMN2;GPR137B;GREM2;HEATR1;KMO;LGALS8;LYST;MTR;NID1;OPN3;RGS7;ZP4
GCF_049350105.2	Macaca mulatta	Mammalia	Primates	non_actinopterygian	RYR	Macaca_mulatta|GCF_049350105.2|RYR.2	Macaca_mulatta|GCF_049350105.2|RYR.2	NC_133412.1	10486055	11052073	15	ARHGAP11A;AVEN;CHRM5;EMC4;EMC7;FMN1;GREM1;KATNBL1;LPCAT4;NOP10;NUTM1;PGBD4;SCG5;SLC12A6;TMCO5B
GCF_049350105.2	Macaca mulatta	Mammalia	Primates	non_actinopterygian	RYR	Macaca_mulatta|GCF_049350105.2|RYR.1	Macaca_mulatta|GCF_049350105.2|RYR.1	NC_133424.1	49520741	49679389	18	ACTN4;C19H19ORF33;CAPN12;CATSPERG;ECH1;EIF3K;FAM98C;GGN;HNRNPL;KCNK6;LGALS4;LGALS7B;MAP4K1;PSMD8;RASGRP4;SPINT2;SPRED3;YIF1B
GCF_050624435.1	Tenrec ecaudatus	Mammalia	Afrosoricida	non_actinopterygian	ITPR1	Tenrec_ecaudatus|GCF_050624435.1|ITPR1.0	Tenrec_ecaudatus|GCF_050624435.1|ITPR1.0	NC_134535.1	143553327	143930484	9	ARL8B;BHLHE40;EDEM1;FAM171A1;GRM7;LMCD1;NMT2;SSUH2;SUMF1
GCF_050624435.1	Tenrec ecaudatus	Mammalia	Afrosoricida	non_actinopterygian	ITPR2	Tenrec_ecaudatus|GCF_050624435.1|ITPR2.0	Tenrec_ecaudatus|GCF_050624435.1|ITPR2.0	NC_134535.1	104330198	104916335	16	BHLHE41;BMAL2;C6H12ORF71;DNAI7;ETFRF1;FGFR1OP2;INTS13;IRAG2;KRAS;LMNTD1;MED21;PPFIBP1;RASSF8;SSPN;STK38L;TM7SF3
GCF_050624435.1	Tenrec ecaudatus	Mammalia	Afrosoricida	non_actinopterygian	ITPR3	Tenrec_ecaudatus|GCF_050624435.1|ITPR3.0	Tenrec_ecaudatus|GCF_050624435.1|ITPR3.0	NC_134536.1	164495846	164808007	19	BAK1;BLTP3A;CUTA;DAXX;GRM4;HMGA1;ILRUN;KIFC1;NUDT3;PACSIN1;PHF1;RPS10;SMIM29;SMIM40;SNRPC;SPDEF;SYNGAP1;ZBTB22;ZBTB9
GCF_050624435.1	Tenrec ecaudatus	Mammalia	Afrosoricida	non_actinopterygian	RYR	Tenrec_ecaudatus|GCF_050624435.1|RYR.0	Tenrec_ecaudatus|GCF_050624435.1|RYR.0	NC_134537.1	61480968	62299308	14	ALKAL2;ALLC;CHRM3;COLEC11;DCDC2C;FAM110C;FBXO25;FMN2;GREM2;MTR;RGS7;RPS7;SH3YL1;SOX11
GCF_050624435.1	Tenrec ecaudatus	Mammalia	Afrosoricida	non_actinopterygian	RYR	Tenrec_ecaudatus|GCF_050624435.1|RYR.2	Tenrec_ecaudatus|GCF_050624435.1|RYR.2	NC_134543.1	89718102	90297306	18	ACTC1;AQR;ARHGAP11A;AVEN;CHRM5;DPH6;EMC4;EMC7;FMN1;GJD2;GREM1;KATNBL1;LPCAT4;NOP10;NUTM1;SCG5;SLC12A6;ZNF770
GCF_050624435.1	Tenrec ecaudatus	Mammalia	Afrosoricida	non_actinopterygian	RYR	Tenrec_ecaudatus|GCF_050624435.1|RYR.1	Tenrec_ecaudatus|GCF_050624435.1|RYR.1	NC_134547.1	20130928	20260628	20	ACTN4;C18H19ORF33;CAPN12;CATSPERG;ECH1;EIF3K;FAM98C;GGN;HNRNPL;KCNK6;LGALS4;LGALS7;MAP4K1;PSMD8;RASGRP4;RINL;SIRT2;SPINT2;SPRED3;YIF1B
GCF_052040795.1	Danio rerio	Actinopteri	Cypriniformes	teleost	ITPR1	Danio_rerio|GCF_052040795.1|ITPR1.0	Danio_rerio|GCF_052040795.1|ITPR1.0	NC_141026.1	42103917	42164063	18	C1QL4B;CHCHD4B;COL7A1;EFCAB12;ENDOU;ESPL1;IP6K2B;ITGB7;MYL6;PFDN5;PFKFB4B;PFKM;SEC61A1A;SMARCC2;SUMF1;TSFM;TTLL3;UROC1
GCF_052040795.1	Danio rerio	Actinopteri	Cypriniformes	teleost	ITPR1	Danio_rerio|GCF_052040795.1|ITPR1.1	Danio_rerio|GCF_052040795.1|ITPR1.1	NC_141031.1	38671712	38907392	16	ARL8B;BHLHE40;BRK1;CAMKV;CAV4A;GPX1A;GRM2B;MON1A;MST1R;NFYA;RRP9;SEMA3F;SETMAR;SORT1A;TEX264B;TRAIP
GCF_052040795.1	Danio rerio	Actinopteri	Cypriniformes	teleost	ITPR2	Danio_rerio|GCF_052040795.1|ITPR2.0	Danio_rerio|GCF_052040795.1|ITPR2.0	NC_141038.1	17365080	17531502	20	ALX1;BHLHE41;C1QTNF13;CHS2;CHS3;CHS4;CTSD;EEA1;EPS8B;LRRIQ1;MGAT4C;NR1H4;NTS;NUDT4A;PLEKHG7;RASSF9;SLC17A8;SLC6A15;SSPN;UBE2N
GCF_052040795.1	Danio rerio	Actinopteri	Cypriniformes	teleost	ITPR3	Danio_rerio|GCF_052040795.1|ITPR3.0	Danio_rerio|GCF_052040795.1|ITPR3.0	NC_141028.1	23179810	23248428	17	AJAP1;ALAS2;COL2A1A;CPT2;CRY3A;DFFB;ELA2;ELA2L;FHAD1;GLS2A;GPR37L1B;MAGOH;NPHP4;PORCN;SPRYD4;TMCO1;UCK2A
GCF_052040795.1	Danio rerio	Actinopteri	Cypriniformes	teleost	RYR	Danio_rerio|GCF_052040795.1|RYR.1	Danio_rerio|GCF_052040795.1|RYR.1	NC_141030.1	37176064	37304713	16	B3GLCT;BCL7B;C2CD2;CFAP298;COL26A1;EVA1C;HUNK;IL2RG;MDH2;MIS18A;MYL10;PRDM15;RXFP2A;SKA2;TBL2;TEX14
GCF_052040795.1	Danio rerio	Actinopteri	Cypriniformes	teleost	RYR	Danio_rerio|GCF_052040795.1|RYR.0	Danio_rerio|GCF_052040795.1|RYR.0	NC_141032.1	49697979	49979379	18	ADKB;CHRM3B;FAM53B;FH;FMN2B;GREM2B;HHEX;HPDL;LHPP;LZTS2B;MTR;OAT;PDZD7B;PLAU;RGS7B;SELENOU1B;VCLB;ZRANB1A
GCF_052040795.1	Danio rerio	Actinopteri	Cypriniformes	teleost	RYR	Danio_rerio|GCF_052040795.1|RYR.3	Danio_rerio|GCF_052040795.1|RYR.3	NC_141037.1	825935	1078172	13	ACP7;ACTC1B;ARHGAP11A;BMF1;CHRM5A;DORIP1;EIF2AK4;EMC7A;FSIP1;GREM1B;KLHL28;THBS1A;TOGARAM1
GCF_052040795.1	Danio rerio	Actinopteri	Cypriniformes	teleost	RYR	Danio_rerio|GCF_052040795.1|RYR.5	Danio_rerio|GCF_052040795.1|RYR.5	NC_141037.1	21252708	21366585	18	ACTN2B;BNIP4;CHRM3A;CYP26C1;DICER1;EBF3B;ECD;FMN2A;GNRH3;GREM2A;GSC;KIF11;MGMT;P4HA1B;REEP3A;RGS7A;SLC22A15;SMNDC1
GCF_052040795.1	Danio rerio	Actinopteri	Cypriniformes	teleost	RYR	Danio_rerio|GCF_052040795.1|RYR.2	Danio_rerio|GCF_052040795.1|RYR.2	NC_141038.1	38544916	38786503	16	ACTMAP;B3GAT1A;BCKDH;CFAP45;CLASRP;EXOSC5;HNRNPUL1;ITPKC;LEKR1;OPA3;PPP1R13L;RASGRP4;SIAE;SNRP;TBRG1;TMEM91
GCF_052040795.1	Danio rerio	Actinopteri	Cypriniformes	teleost	RYR	Danio_rerio|GCF_052040795.1|RYR.4	Danio_rerio|GCF_052040795.1|RYR.4	NC_141040.1	33231579	33382711	18	ACOT20;ACOT21;ACTC1A;ADAM17B;AVEN;CHRM5B;EMC7B;FMN1;GPR176;GREM1A;KATNBL1;KLF11A;RRM2;SCG5;SUSD6;TAF1B;THBS1B;YWHAQ
GCF_052327205.1	Somniosus microcephalus	Chondrichthyes	Squaliformes	non_actinopterygian	ITPR1	Somniosus_microcephalus|GCF_052327205.1|ITPR1.0	Somniosus_microcephalus|GCF_052327205.1|ITPR1.0	NC_140997.1	147905519	148503708	10	ARL8B;BHLHE40;CAV3;EDEM1;LMCD1;RAD18;RASSF1;SEMA3H;SETMAR;ZMYND10
GCF_052327205.1	Somniosus microcephalus	Chondrichthyes	Squaliformes	non_actinopterygian	ITPR2	Somniosus_microcephalus|GCF_052327205.1|ITPR2.0	Somniosus_microcephalus|GCF_052327205.1|ITPR2.0	NC_141003.1	13643062	14070753	5	BHLHE41;INTS13;PLEKHG7;RASSF8B;SSPN
GCF_052327205.1	Somniosus microcephalus	Chondrichthyes	Squaliformes	non_actinopterygian	ITPR3	Somniosus_microcephalus|GCF_052327205.1|ITPR3.0	Somniosus_microcephalus|GCF_052327205.1|ITPR3.0	NC_141004.1	41648481	42293206	6	C18H6ORF89;LGR6;MLNL;SMIM29;TNNT2A;UBE2T
GCF_052327205.1	Somniosus microcephalus	Chondrichthyes	Squaliformes	non_actinopterygian	RYR	Somniosus_microcephalus|GCF_052327205.1|RYR.1	Somniosus_microcephalus|GCF_052327205.1|RYR.1	NC_140989.1	40856658	41813447	15	ADPGK2;CEBPZ;CHRM3B;FH;FMN2B;GREM2B;HEATR1;KMO;LGALS8A;MOCS3;MTR;NDUFAF7;OPN3;PRKD3;QPCT
GCF_052327205.1	Somniosus microcephalus	Chondrichthyes	Squaliformes	non_actinopterygian	RYR	Somniosus_microcephalus|GCF_052327205.1|RYR.2	Somniosus_microcephalus|GCF_052327205.1|RYR.2	NC_140998.1	121435491	122164358	15	AQR;ARG2;ARHGAP11A;AVEN;CDIN1;DPH6;EMC7B;FSIP1;GPR176;KATNBL1;MEIS2A;SPRED1;THBS1B;TSLIG3B;VTI1B
GCF_052327205.1	Somniosus microcephalus	Chondrichthyes	Squaliformes	non_actinopterygian	RYR	Somniosus_microcephalus|GCF_052327205.1|RYR.0	Somniosus_microcephalus|GCF_052327205.1|RYR.0	NC_141020.1	19168080	19626967	5	BLOC1S3;NKPD1;PSMD8;RASGRP4;SPRED3
GCF_054371585.1	Giraffa tippelskirchi	Mammalia	Artiodactyla	non_actinopterygian	ITPR1	Giraffa_tippelskirchi|GCF_054371585.1|ITPR1.0	Giraffa_tippelskirchi|GCF_054371585.1|ITPR1.0	NC_137283.1	20674093	20993294	14	ARL8B;BHLHE40;CAV3;CNTN4;CRBN;EDEM1;GRM7;IL5RA;LMCD1;LRRN1;OXTR;SSUH2;SUMF1;TRNT1
GCF_054371585.1	Giraffa tippelskirchi	Mammalia	Artiodactyla	non_actinopterygian	ITPR2	Giraffa_tippelskirchi|GCF_054371585.1|ITPR2.0	Giraffa_tippelskirchi|GCF_054371585.1|ITPR2.0	NC_137278.1	178460678	179020754	18	BHLHE41;BMAL2;C4H12ORF71;DNAI7;ETFRF1;FGFR1OP2;INTS13;IRAG2;KRAS;LMNTD1;MED21;PPFIBP1;RASSF8;REP15;SMCO2;SSPN;STK38L;TM7SF3
GCF_054371585.1	Giraffa tippelskirchi	Mammalia	Artiodactyla	non_actinopterygian	ITPR3	Giraffa_tippelskirchi|GCF_054371585.1|ITPR3.0	Giraffa_tippelskirchi|GCF_054371585.1|ITPR3.0	NC_137282.1	124460593	124589774	18	BAK1;CUTA;DAXX;GRM4;HMGA1;KIFC1;LEMD2;MLN;NUDT3;PACSIN1;PHF1;RPS10;SMIM29;SMIM40;SPDEF;SYNGAP1;ZBTB22;ZBTB9
GCF_054371585.1	Giraffa tippelskirchi	Mammalia	Artiodactyla	non_actinopterygian	RYR	Giraffa_tippelskirchi|GCF_054371585.1|RYR.0	Giraffa_tippelskirchi|GCF_054371585.1|RYR.0	NC_137276.1	81146352	81994089	11	ACTN2;CHRM3;EDARADD;ERO1B;GPR137B;HEATR1;LGALS8;LYST;MTR;NID1;ZP4
GCF_054371585.1	Giraffa tippelskirchi	Mammalia	Artiodactyla	non_actinopterygian	RYR	Giraffa_tippelskirchi|GCF_054371585.1|RYR.1	Giraffa_tippelskirchi|GCF_054371585.1|RYR.1	NC_137281.1	14296151	14594809	13	ACTN4;CAPN12;DPF1;ECH1;EIF3K;HNRNPL;LGALS4;MAP4K1;RINL;SIPA1L3;WDR87;ZFP30;ZNF571
GCF_054371585.1	Giraffa tippelskirchi	Mammalia	Artiodactyla	non_actinopterygian	RYR	Giraffa_tippelskirchi|GCF_054371585.1|RYR.2	Giraffa_tippelskirchi|GCF_054371585.1|RYR.2	NC_137281.1	91841499	92395117	17	ACTC1;AQR;ARHGAP11A;AVEN;CHRM5;EMC4;EMC7;FMN1;GJD2;GREM1;KATNBL1;LPCAT4;NOP10;NUTM1;SCG5;SLC12A6;ZNF770
GCF_054491055.1	Hypomesus nipponensis	Actinopteri	Osmeriformes	teleost	ITPR1	Hypomesus_nipponensis|GCF_054491055.1|ITPR1.0	Hypomesus_nipponensis|GCF_054491055.1|ITPR1.0	NC_140369.1	10085198	10137918	10	ATF1;ATF7B;DIP2B;DTX3L;SCN8A;SLC4A8;SUMF1;TMT1A;TTLL3;ZC3H10
GCF_054491055.1	Hypomesus nipponensis	Actinopteri	Osmeriformes	teleost	ITPR1	Hypomesus_nipponensis|GCF_054491055.1|ITPR1.1	Hypomesus_nipponensis|GCF_054491055.1|ITPR1.1	NC_140369.1	12690544	12752705	16	ARL6IP5A;ARL8B;AVPR2B;BHLHE40;CAMKV;EEVS;FRMD4B;GRM6B;LRRN1;MDFIC2;MITF;MON1A;MST1R;SETMAR;TRAIP;TRNT1
GCF_054491055.1	Hypomesus nipponensis	Actinopteri	Osmeriformes	teleost	ITPR2	Hypomesus_nipponensis|GCF_054491055.1|ITPR2.0	Hypomesus_nipponensis|GCF_054491055.1|ITPR2.0	NC_140374.1	3067582	3116881	18	BANP;BHLHE41;BMAL2;C1QTNF13;CES2B;EEA1;FANCI;FBXO31;KRAS;NR1H4;NUDT4A;PLEKHG7;PPFIBP1B;RASSF8A;SLC17A8;SSPN;UBE2N;ZNF469
GCF_054491055.1	Hypomesus nipponensis	Actinopteri	Osmeriformes	teleost	ITPR3	Hypomesus_nipponensis|GCF_054491055.1|ITPR3.0	Hypomesus_nipponensis|GCF_054491055.1|ITPR3.0	NC_140378.1	6231454	6303427	7	CTNNBL1;EDEM2;MBD6;QUOA;RPRD1B;TGM2A;TTI1
GCF_054491055.1	Hypomesus nipponensis	Actinopteri	Osmeriformes	teleost	RYR	Hypomesus_nipponensis|GCF_054491055.1|RYR.3	Hypomesus_nipponensis|GCF_054491055.1|RYR.3	NC_140363.1	19638513	19734805	15	ACP7;ACTC1B;ARHGAP11A;BMF1;CCDC28B;CHRM5A;DNAJC17;DORIP1;EIF2AK4;FSIP1;GCHFR;GREM1B;KLHL28;THBS1A;TOGARAM1
GCF_054491055.1	Hypomesus nipponensis	Actinopteri	Osmeriformes	teleost	RYR	Hypomesus_nipponensis|GCF_054491055.1|RYR.1	Hypomesus_nipponensis|GCF_054491055.1|RYR.1	NC_140365.1	2087589	2141617	8	GUCY2D;HNRNPUL1L;HSD20B2;RSPH4A;SERPINF1;SLC12A9;SLCO2B1;SYMPK
GCF_054491055.1	Hypomesus nipponensis	Actinopteri	Osmeriformes	teleost	RYR	Hypomesus_nipponensis|GCF_054491055.1|RYR.5	Hypomesus_nipponensis|GCF_054491055.1|RYR.5	NC_140366.1	15246619	15320476	13	ACTC1A;AVEN;BCL11B;CCDC85C;CHRM5B;ELP3;EMC7B;FMN1;GREM1A;HMBOX1B;KATNBL1;PAPOL;SCG5
GCF_054491055.1	Hypomesus nipponensis	Actinopteri	Osmeriformes	teleost	RYR	Hypomesus_nipponensis|GCF_054491055.1|RYR.4	Hypomesus_nipponensis|GCF_054491055.1|RYR.4	NC_140371.1	20038968	20083035	11	ACTN2B;CHRM3A;ECD;FAM149B1;FMN2A;GREM2A;NDNFL;P4HA1B;RGS7A;SLC16A9A;SPARCL2
GCF_054491055.1	Hypomesus nipponensis	Actinopteri	Osmeriformes	teleost	RYR	Hypomesus_nipponensis|GCF_054491055.1|RYR.0	Hypomesus_nipponensis|GCF_054491055.1|RYR.0	NC_140373.1	6334826	6425852	17	ARG1;BTBD16;C13H10ORF88;CHRM3B;CYP26A1;EXOC6;FH;FMN2B;GREM2B;HEATR1;HHEX;HTRA1B;JMJD1C;MTR;P4HA1A;PLEKHA1B;RGS7B
GCF_054491055.1	Hypomesus nipponensis	Actinopteri	Osmeriformes	teleost	RYR	Hypomesus_nipponensis|GCF_054491055.1|RYR.2	Hypomesus_nipponensis|GCF_054491055.1|RYR.2	NC_140375.1	15442162	15501641	16	ATG16L2;AXL;B3GNT2L;BCKDH;BICR;CYP2Y3;EXOSC5;HNRNPUL1;NAPA;OPA3;PPP1R13L;PPP5C;RASGRP4;TGFB1A;TMEM91;WDR62
GCF_056507025.1	Lutjanus erythropterus	Actinopteri	Lutjaniformes	teleost	ITPR1	Lutjanus_erythropterus|GCF_056507025.1|ITPR1.1	Lutjanus_erythropterus|GCF_056507025.1|ITPR1.1	NC_139318.1	11212350	11329839	15	ARL6IP5A;AVPR2B;BHLHE40;COMT;EEVS;FRMD4B;GRM6B;LRRN1;MDFIC2;MITF;MON1A;MST1R;SETMAR;TRAIP;TRNT1
GCF_056507025.1	Lutjanus erythropterus	Actinopteri	Lutjaniformes	teleost	ITPR1	Lutjanus_erythropterus|GCF_056507025.1|ITPR1.0	Lutjanus_erythropterus|GCF_056507025.1|ITPR1.0	NC_139318.1	22113666	22220399	9	ATF1;ATF7B;DIP2B;LARP4A;SCN8A;SLC4A8;SUMF1;TMT1A;ZC3H10
GCF_056507025.1	Lutjanus erythropterus	Actinopteri	Lutjaniformes	teleost	ITPR2	Lutjanus_erythropterus|GCF_056507025.1|ITPR2.0	Lutjanus_erythropterus|GCF_056507025.1|ITPR2.0	NC_139329.1	16865281	16945807	18	BANP;BHLHE41;BMAL2;C1QTNF13;CES2B;EEA1;FANCI;FBXO31;KRAS;NR1H4;NUDT4A;PLEKHG7;PPFIBP1B;RASSF8A;SLC17A8;SSPN;UBE2N;ZNF469
GCF_056507025.1	Lutjanus erythropterus	Actinopteri	Lutjaniformes	teleost	ITPR3	Lutjanus_erythropterus|GCF_056507025.1|ITPR3.0	Lutjanus_erythropterus|GCF_056507025.1|ITPR3.0	NC_139322.1	1452316	1523229	10	COMMD7;GRIPAP1;KCND1;MRGBP;PPDPF;PTK6B;PTPN18;SRMS;TPD52L2B;TRIM101
GCF_056507025.1	Lutjanus erythropterus	Actinopteri	Lutjaniformes	teleost	RYR	Lutjanus_erythropterus|GCF_056507025.1|RYR.1	Lutjanus_erythropterus|GCF_056507025.1|RYR.1	NC_139320.1	27339603	27432392	11	AXL;BCKDH;EXOSC5;GPR171;HNRNPUL1;OPA3;PPP1R13L;PPP5C;RASGRP4;TGFB1A;TMEM91
GCF_056507025.1	Lutjanus erythropterus	Actinopteri	Lutjaniformes	teleost	RYR	Lutjanus_erythropterus|GCF_056507025.1|RYR.2	Lutjanus_erythropterus|GCF_056507025.1|RYR.2	NC_139327.1	19102862	19167086	13	BRD8A;CXXC5A;DNAJC18;GABRR3A;GNG8;LIPI;NFRK;NRG2A;PHLDB2A;PPP3C;PURA;SMS;TMEM45B
GCF_056507025.1	Lutjanus erythropterus	Actinopteri	Lutjaniformes	teleost	RYR	Lutjanus_erythropterus|GCF_056507025.1|RYR.5	Lutjanus_erythropterus|GCF_056507025.1|RYR.5	NC_139330.1	22252678	22323588	12	ACTN2B;BICC1A;CHRM3A;DNAJC9;ECD;FAM149B1;FMN2A;GREM2A;NDNFL;P4HA1B;RGS7A;SPARCL2
GCF_056507025.1	Lutjanus erythropterus	Actinopteri	Lutjaniformes	teleost	RYR	Lutjanus_erythropterus|GCF_056507025.1|RYR.4	Lutjanus_erythropterus|GCF_056507025.1|RYR.4	NC_139331.1	20089519	20240132	17	ABRACL;ACOT20;ACTC1A;AVEN;CHRM5B;CLU;EMC7B;FMN1;GPR176;GREM1A;KATNBL1;REPS1;SCARA3;SCG5;SRSF5B;SUSD6;THBS1B
GCF_056507025.1	Lutjanus erythropterus	Actinopteri	Lutjaniformes	teleost	RYR	Lutjanus_erythropterus|GCF_056507025.1|RYR.0	Lutjanus_erythropterus|GCF_056507025.1|RYR.0	NC_139333.1	30484096	30722197	14	ADGRA1A;ADOA;BMS1;CABCOCO1;CHRM3B;CYP26A1;EGR2B;EXOC6;FMN2B;JMJD1C;MTR;NRBF2B;REEP3B;TMEM26B
GCF_056507025.1	Lutjanus erythropterus	Actinopteri	Lutjaniformes	teleost	RYR	Lutjanus_erythropterus|GCF_056507025.1|RYR.3	Lutjanus_erythropterus|GCF_056507025.1|RYR.3	NC_139334.1	9343055	9490386	11	ACP7;ACTC1B;ARHGAP11A;BMF1;CHRM5A;CYP1C1;CYP1C2;EIF2AK4;FSIP1;GREM1B;THBS1A
GCF_057381845.1	Rhamphochromis longiceps	Actinopteri	Cichliformes	teleost	ITPR1	Rhamphochromis_longiceps|GCF_057381845.1|ITPR1.1	Rhamphochromis_longiceps|GCF_057381845.1|ITPR1.1	NC_140561.1	10651058	10732287	7	ARL6IP5A;AVPR2B;BHLHE40;FRMD4B;LRRN1;SETMAR;TRNT1
GCF_057381845.1	Rhamphochromis longiceps	Actinopteri	Cichliformes	teleost	ITPR1	Rhamphochromis_longiceps|GCF_057381845.1|ITPR1.0	Rhamphochromis_longiceps|GCF_057381845.1|ITPR1.0	NC_140561.1	19627418	19699163	6	ATF1;DIP2B;SCN8A;SLC4A8;TTLL3;ZC3H10
GCF_057381845.1	Rhamphochromis longiceps	Actinopteri	Cichliformes	teleost	ITPR2	Rhamphochromis_longiceps|GCF_057381845.1|ITPR2.0	Rhamphochromis_longiceps|GCF_057381845.1|ITPR2.0	NC_140563.1	7944092	8005628	16	BANP;BHLHE41;BMAL2;C1QTNF13;EEA1;FBXO31;KRAS;NR1H4;NUDT4A;PLEKHG7;PPFIBP1B;RASSF8A;SLC17A8;SSPN;UBE2N;ZNF469
GCF_057381845.1	Rhamphochromis longiceps	Actinopteri	Cichliformes	teleost	RYR	Rhamphochromis_longiceps|GCF_057381845.1|RYR.3	Rhamphochromis_longiceps|GCF_057381845.1|RYR.3	NC_140566.1	16049127	16104087	13	BRD8A;CXXC5A;DNAJC18;GABRR3A;GNG8;LIPI;NFRK;NRG2A;PHLDB2A;PPP3C;PURA;SMS;TMEM45B
GCF_057381845.1	Rhamphochromis longiceps	Actinopteri	Cichliformes	teleost	RYR	Rhamphochromis_longiceps|GCF_057381845.1|RYR.6	Rhamphochromis_longiceps|GCF_057381845.1|RYR.6	NC_140569.1	12975652	13061405	14	ACTN2B;BICC1A;CCSER2A;CHRM3A;DNAJC9;ECD;FAM149B1;FMN2A;GREM2A;NDNFL;P4HA1B;PHYHIPL;RGS7A;SPARCL2
GCF_057381845.1	Rhamphochromis longiceps	Actinopteri	Cichliformes	teleost	RYR	Rhamphochromis_longiceps|GCF_057381845.1|RYR.2	Rhamphochromis_longiceps|GCF_057381845.1|RYR.2	NC_140570.1	35632447	35694415	13	AXL;B3GNT2L;BCKDH;BICR;EXOSC5;HNRNPUL1;NAPA;OPA3;PPP1R13L;PPP5C;RASGRP4;TGFB1A;TMEM91
GCF_057381845.1	Rhamphochromis longiceps	Actinopteri	Cichliformes	teleost	RYR	Rhamphochromis_longiceps|GCF_057381845.1|RYR.5	Rhamphochromis_longiceps|GCF_057381845.1|RYR.5	NC_140571.1	17665756	17776782	14	ABRACL;ACTC1A;AK7A;AVEN;CHRM5B;CLU;EMC7B;GPR176;KATNBL1;REPS1;SCARA3;SCG5;SUSD6;THBS1B
GCF_057381845.1	Rhamphochromis longiceps	Actinopteri	Cichliformes	teleost	RYR	Rhamphochromis_longiceps|GCF_057381845.1|RYR.4	Rhamphochromis_longiceps|GCF_057381845.1|RYR.4	NC_140575.1	32252661	32365060	10	ACP7;ACTC1B;ARHGAP11A;BMF1;CHRM5A;CYP1C1;EIF2AK4;FSIP1;GREM1B;THBS1A
GCF_900324485.3	Mastacembelus armatus	Actinopteri	Synbranchiformes	teleost	ITPR1	Mastacembelus_armatus|GCF_900324485.3|ITPR1.1	Mastacembelus_armatus|GCF_900324485.3|ITPR1.1	NC_046637.1	20338870	20407549	17	ARL6IP5A;ARL8B;AVPR2B;BHLHE40;CAMKV;COMT;EEVS;FRMD4B;GRM6B;LRRN1;MDFIC2;MITF;MON1A;MST1R;SETMAR;TRAIP;TRNT1
GCF_900324485.3	Mastacembelus armatus	Actinopteri	Synbranchiformes	teleost	ITPR1	Mastacembelus_armatus|GCF_900324485.3|ITPR1.0	Mastacembelus_armatus|GCF_900324485.3|ITPR1.0	NC_046637.1	26724814	26783303	7	ATF1;ATF7B;DIP2B;SCN8A;SLC4A8;SUMF1;ZC3H10
GCF_900324485.3	Mastacembelus armatus	Actinopteri	Synbranchiformes	teleost	ITPR2	Mastacembelus_armatus|GCF_900324485.3|ITPR2.0	Mastacembelus_armatus|GCF_900324485.3|ITPR2.0	NC_046638.1	22711883	22760498	18	BANP;BHLHE41;BMAL2;C1QTNF13;EEA1;FANCI;FBXO31;KRAS;NR1H4;NUDT4A;PLEKHG7;POLG;PPFIBP1B;RASSF8A;SLC17A8;SSPN;UBE2N;ZNF469
GCF_900324485.3	Mastacembelus armatus	Actinopteri	Synbranchiformes	teleost	ITPR3	Mastacembelus_armatus|GCF_900324485.3|ITPR3.0	Mastacembelus_armatus|GCF_900324485.3|ITPR3.0	NC_046639.1	18152332	18238584	8	CCDC135;EDEM2;GPR37L1B;HM13;MRGBP;SNX21;SULF2B;USP11
GCF_900324485.3	Mastacembelus armatus	Actinopteri	Synbranchiformes	teleost	RYR	Mastacembelus_armatus|GCF_900324485.3|RYR.1	Mastacembelus_armatus|GCF_900324485.3|RYR.1	NC_046645.1	22753642	22816850	12	AXL;B3GNT2L;BCKDH;EXOSC5;HNRNPUL1;NAPA;OPA3;PPP1R13L;PPP5C;RASGRP4;TGFB1A;TMEM91
GCF_900324485.3	Mastacembelus armatus	Actinopteri	Synbranchiformes	teleost	RYR	Mastacembelus_armatus|GCF_900324485.3|RYR.2	Mastacembelus_armatus|GCF_900324485.3|RYR.2	NC_046646.1	11619015	11660822	11	BRD8A;CXXC5A;DNAJC18;GNG8;LIPI;NFRK;NRG2A;PPP3C;PURA;SMS;TMEM45B
GCF_900324485.3	Mastacembelus armatus	Actinopteri	Synbranchiformes	teleost	RYR	Mastacembelus_armatus|GCF_900324485.3|RYR.5	Mastacembelus_armatus|GCF_900324485.3|RYR.5	NC_046647.1	14139355	14194456	14	ACTN2B;BICC1A;CCSER2A;CHRM3A;DNAJC9;ECD;FAM149B1;FMN2A;GREM2A;GRID1A;NDNFL;P4HA1B;PHYHIPL;RGS7A
GCF_900324485.3	Mastacembelus armatus	Actinopteri	Synbranchiformes	teleost	RYR	Mastacembelus_armatus|GCF_900324485.3|RYR.0	Mastacembelus_armatus|GCF_900324485.3|RYR.0	NC_046651.1	3844311	4240802	13	ACBD4;ADOA;BMS1;CHRM3B;COX19;EGR2B;FMN2B;HHEX;LRRC45;MTR;NRBF2B;RAC3B;TRUB1
GCF_900324485.3	Mastacembelus armatus	Actinopteri	Synbranchiformes	teleost	RYR	Mastacembelus_armatus|GCF_900324485.3|RYR.3	Mastacembelus_armatus|GCF_900324485.3|RYR.3	NC_046654.1	12253668	12360633	10	ACP7;ARHGAP11A;BMF1;CHRM5A;CYP1C1;EIF2AK4;FSIP1;GCHFR;GREM1B;THBS1A
GCF_900324485.3	Mastacembelus armatus	Actinopteri	Synbranchiformes	teleost	RYR	Mastacembelus_armatus|GCF_900324485.3|RYR.4	Mastacembelus_armatus|GCF_900324485.3|RYR.4	NC_046656.1	16179293	16262071	17	ABRACL;ACTC1A;CHRM5B;CLU;EMC7B;GPR176;GREM1A;HECA;KATNBL1;MAX;REPS1;SCARA3;SCG5;SLC10A1;SRSF5B;SUSD6;THBS1B
GCF_900634775.2	Gouania willdenowi	Actinopteri	Blenniiformes	teleost	ITPR1	Gouania_willdenowi|GCF_900634775.2|ITPR1.0	Gouania_willdenowi|GCF_900634775.2|ITPR1.0	NC_041048.1	21385608	21495709	8	ATF1;DIP2B;ESYT1B;SCN8A;SLC4A8;SUMF1;TTLL3;ZC3H10
GCF_900634775.2	Gouania willdenowi	Actinopteri	Blenniiformes	teleost	ITPR1	Gouania_willdenowi|GCF_900634775.2|ITPR1.1	Gouania_willdenowi|GCF_900634775.2|ITPR1.1	NC_041048.1	34250669	34455930	17	ADAMTS9;ARL6IP5A;ATXN7;EEVS;FOXP1B;FRMD4B;LRRN1;MAGI1B;MDFIC2;MITF;PRICKLE2B;PSMD6;SETMAR;SLC25A26;SLC2A9L1;THOC7;TRNT1
GCF_900634775.2	Gouania willdenowi	Actinopteri	Blenniiformes	teleost	ITPR2	Gouania_willdenowi|GCF_900634775.2|ITPR2.0	Gouania_willdenowi|GCF_900634775.2|ITPR2.0	NC_041049.1	44940148	45064923	14	BANP;BHLHE41;C1QTNF13;EEA1;FBXO31;KRAS;NR1H4;NUDT4A;RASSF8A;SASS6;SLC17A8;SSPN;UBE2N;ZNF469
GCF_900634775.2	Gouania willdenowi	Actinopteri	Blenniiformes	teleost	ITPR3	Gouania_willdenowi|GCF_900634775.2|ITPR3.0	Gouania_willdenowi|GCF_900634775.2|ITPR3.0	NC_041050.1	40257828	40328110	10	AMT;HM13;HYAL3;IFRD2;MGLL;MRGBP;NAA80;PRKAR2A;SLC26A6;WDR6
GCF_900634775.2	Gouania willdenowi	Actinopteri	Blenniiformes	teleost	RYR	Gouania_willdenowi|GCF_900634775.2|RYR.1	Gouania_willdenowi|GCF_900634775.2|RYR.1	NC_041056.1	121206	265830	6	AXL;CKMB;ERCC2;KLC3;MARK4B;RASGRP4
GCF_900634775.2	Gouania willdenowi	Actinopteri	Blenniiformes	teleost	RYR	Gouania_willdenowi|GCF_900634775.2|RYR.2	Gouania_willdenowi|GCF_900634775.2|RYR.2	NC_041057.1	4298738	4385252	12	CXXC5A;DNAJC18;GABRR3A;GNG8;LIPI;NFRK;NRG2A;PHLDB2A;PPP3C;PURA;SMS;TMEM45B
GCF_900634775.2	Gouania willdenowi	Actinopteri	Blenniiformes	teleost	RYR	Gouania_willdenowi|GCF_900634775.2|RYR.5	Gouania_willdenowi|GCF_900634775.2|RYR.5	NC_041058.1	9570328	9647501	10	ACTN2B;BICC1A;CHRM3A;DNAJC9;ECD;FAM149B1;FMN2A;NDNFL;P4HA1B;PHYHIPL
GCF_900634775.2	Gouania willdenowi	Actinopteri	Blenniiformes	teleost	RYR	Gouania_willdenowi|GCF_900634775.2|RYR.0	Gouania_willdenowi|GCF_900634775.2|RYR.0	NC_041062.1	21492148	21678467	15	ADOA;ATP6V0A1B;BMS1;CHRM3B;CYP26A1;EGR2B;EXOC6;FMN2B;IPMK;JMJD1C;MTR;NAGLU;NRBF2B;REEP3B;TFAM
GCF_900634775.2	Gouania willdenowi	Actinopteri	Blenniiformes	teleost	RYR	Gouania_willdenowi|GCF_900634775.2|RYR.3	Gouania_willdenowi|GCF_900634775.2|RYR.3	NC_041065.1	24025520	24155919	11	ACP7;ACTC1B;ARHGAP11A;BMF1;CHRM5A;CYP1C1;EIF2AK4;FSIP1;GCHFR;GREM1B;THBS1A
GCF_900634775.2	Gouania willdenowi	Actinopteri	Blenniiformes	teleost	RYR	Gouania_willdenowi|GCF_900634775.2|RYR.4	Gouania_willdenowi|GCF_900634775.2|RYR.4	NC_041066.1	7679505	7848082	18	ACTC1A;CHRM5B;DYNLT1B;EMC7B;FMN1;GPR176;GREM1A;GTF2H5;KATNBL1;MAX;SCG5;SERAC1;SLC10A1;SRSF5B;SUSD6;THBS1B;TMEM181;TULP4A
GCF_900747795.2	Erpetoichthys calabaricus	Cladistia	Polypteriformes	pre_3R_outgroup	ITPR1	Erpetoichthys_calabaricus|GCF_900747795.2|ITPR1.0	Erpetoichthys_calabaricus|GCF_900747795.2|ITPR1.0	NC_041411.2	75817806	75975967	15	ABHD6A;ARL8B;AVPR2B;BHLHE40;CRBN;EDEM1;GHRL;LMCD1;LRRN1;SETMAR;SLMAP;SUMF1;TATDN2;TRNT1;VHL
GCF_900747795.2	Erpetoichthys calabaricus	Cladistia	Polypteriformes	pre_3R_outgroup	ITPR2	Erpetoichthys_calabaricus|GCF_900747795.2|ITPR2.0	Erpetoichthys_calabaricus|GCF_900747795.2|ITPR2.0	NC_041394.2	278386834	278953339	13	BCAT1;BHLHE41;DENND6B;DNAI7;EEA1;INTS13;LRMP;MRPL42;NUDT4A;PLEKHG7;PPP6R2A;RASSF8B;SSPN
GCF_900747795.2	Erpetoichthys calabaricus	Cladistia	Polypteriformes	pre_3R_outgroup	ITPR3	Erpetoichthys_calabaricus|GCF_900747795.2|ITPR3.0	Erpetoichthys_calabaricus|GCF_900747795.2|ITPR3.0	NC_041396.2	33265803	33461210	5	APOBEC2A;ARL8A;C3H6ORF89;ELF3;OARD1
GCF_900747795.2	Erpetoichthys calabaricus	Cladistia	Polypteriformes	pre_3R_outgroup	RYR	Erpetoichthys_calabaricus|GCF_900747795.2|RYR.1	Erpetoichthys_calabaricus|GCF_900747795.2|RYR.1	NC_041394.2	27348788	27734681	6	ACSL2;ENKD1;ESRRD;KCNK6;POLB;SHKBP1
GCF_900747795.2	Erpetoichthys calabaricus	Cladistia	Polypteriformes	pre_3R_outgroup	RYR	Erpetoichthys_calabaricus|GCF_900747795.2|RYR.0	Erpetoichthys_calabaricus|GCF_900747795.2|RYR.0	NC_041408.2	70825170	71481228	15	ASRGL1;B3GAT2;CDC42EP3;CENPK;COL9A1B;FAM135A;FH;FMN2B;GREM2B;MTR;OGFRL1;OPN3;RIMS1B;SDHAF4;SMAP1
GCF_900747795.2	Erpetoichthys calabaricus	Cladistia	Polypteriformes	pre_3R_outgroup	RYR	Erpetoichthys_calabaricus|GCF_900747795.2|RYR.2	Erpetoichthys_calabaricus|GCF_900747795.2|RYR.2	NC_041409.2	33856798	34390339	10	ARHGAP11A;ATP6V1D;AVEN;CHRM5B;CHURC1;EMC7B;GANC;GPR176;SPTB;ZFYVE26
GCF_900880675.2	Sparus aurata	Actinopteri	Spariformes	teleost	ITPR1	Sparus_aurata|GCF_900880675.2|ITPR1.0	Sparus_aurata|GCF_900880675.2|ITPR1.0	NC_044192.1	22530122	22610540	9	ATF1;ATF7B;DIP2B;SCN8A;SLC4A8;SUMF1;TMT1A;TTLL3;ZC3H10
GCF_900880675.2	Sparus aurata	Actinopteri	Spariformes	teleost	ITPR1	Sparus_aurata|GCF_900880675.2|ITPR1.1	Sparus_aurata|GCF_900880675.2|ITPR1.1	NC_044192.1	30648596	30737732	15	ARL6IP5A;ARL8B;AVPR2B;BHLHE40;COMT;FRMD4B;GRM6B;LRRN1;MDFIC2;MITF;MON1A;MST1R;SETMAR;TRAIP;TRNT1
GCF_900880675.2	Sparus aurata	Actinopteri	Spariformes	teleost	ITPR2	Sparus_aurata|GCF_900880675.2|ITPR2.0	Sparus_aurata|GCF_900880675.2|ITPR2.0	NC_044194.1	7364893	7432624	16	BANP;BHLHE41;BMAL2;C1QTNF13;CES2B;EEA1;KRAS;NR1H4;NUDT4A;PLEKHG7;PPFIBP1B;RASSF8A;SLC17A8;SSPN;UBE2N;ZNF469
GCF_900880675.2	Sparus aurata	Actinopteri	Spariformes	teleost	ITPR3	Sparus_aurata|GCF_900880675.2|ITPR3.0	Sparus_aurata|GCF_900880675.2|ITPR3.0	NC_044193.1	1344013	1389021	5	CCDC135;EDEM2;GPR37L1B;HM13;SNX21
GCF_900880675.2	Sparus aurata	Actinopteri	Spariformes	teleost	RYR	Sparus_aurata|GCF_900880675.2|RYR.1	Sparus_aurata|GCF_900880675.2|RYR.1	NC_044188.1	4730681	4796149	10	AXL;B3GNT2L;BCKDH;EXOSC5;HNRNPUL1;NAPA;OPA3;PPP1R13L;RASGRP4;TMEM91
GCF_900880675.2	Sparus aurata	Actinopteri	Spariformes	teleost	RYR	Sparus_aurata|GCF_900880675.2|RYR.2	Sparus_aurata|GCF_900880675.2|RYR.2	NC_044199.1	10571040	10618002	12	BRD8A;CXXC5A;DNAJC18;GABRR3A;GNG8;NFRK;NRG2A;PHLDB2A;PPP3C;PURA;SMS;TMEM45B
GCF_900880675.2	Sparus aurata	Actinopteri	Spariformes	teleost	RYR	Sparus_aurata|GCF_900880675.2|RYR.5	Sparus_aurata|GCF_900880675.2|RYR.5	NC_044201.1	22393551	22457064	14	ACTN2B;BICC1A;CHRM3A;DNAJC9;ECD;FAM149B1;FMN2A;GREM2A;NDNFL;P4HA1B;PHYHIPL;RGS7A;SLC16A9A;SPARCL2
GCF_900880675.2	Sparus aurata	Actinopteri	Spariformes	teleost	RYR	Sparus_aurata|GCF_900880675.2|RYR.3	Sparus_aurata|GCF_900880675.2|RYR.3	NC_044202.1	16703144	16814286	11	ACP7;ACTC1B;ARHGAP11A;BMF1;CHRM5A;CYP1C1;EIF2AK4;FSIP1;GCHFR;GREM1B;THBS1A
GCF_900880675.2	Sparus aurata	Actinopteri	Spariformes	teleost	RYR	Sparus_aurata|GCF_900880675.2|RYR.0	Sparus_aurata|GCF_900880675.2|RYR.0	NC_044206.1	5849321	6015898	10	ABCC3;ACBD4;ADGRA1A;CABCOCO1;CCDC57;CSNK1D;FASN;RAB3GAP1;SLC16A3B;TMEM26B
GCF_900880675.2	Sparus aurata	Actinopteri	Spariformes	teleost	RYR	Sparus_aurata|GCF_900880675.2|RYR.4	Sparus_aurata|GCF_900880675.2|RYR.4	NC_044208.1	13096635	13234084	18	ABRACL;ACOT20;ACTC1A;AVEN;CHRM5B;CLU;EMC7B;FMN1;GPR176;GREM1A;KATNBL1;REPS1;SCARA3;SCG5;SLC10A1;SRSF5B;SUSD6;THBS1B
GCF_901000725.3	Takifugu rubripes	Actinopteri	Tetraodontiformes	teleost	ITPR1	Takifugu_rubripes|GCF_901000725.3|ITPR1.0	Takifugu_rubripes|GCF_901000725.3|ITPR1.0	NC_042303.1	7272640	7316158	7	ESYT1B;FAIM2B;SLC4A8;SUMF1;TTLL3;ZC3H10;ZNF740A
GCF_901000725.3	Takifugu rubripes	Actinopteri	Tetraodontiformes	teleost	ITPR1	Takifugu_rubripes|GCF_901000725.3|ITPR1.1	Takifugu_rubripes|GCF_901000725.3|ITPR1.1	NC_042303.1	17007076	17054504	16	ARL8B;CAMKV;CDK5RAP1;CNTN4;COMT;GHRH;GRM6B;IFT52;LRRN1;MON1A;MST1R;MYBL2B;RPN2;SEMA3F;SETMAR;TRAIP
GCF_901000725.3	Takifugu rubripes	Actinopteri	Tetraodontiformes	teleost	ITPR2	Takifugu_rubripes|GCF_901000725.3|ITPR2.0	Takifugu_rubripes|GCF_901000725.3|ITPR2.0	NC_042293.1	7118211	7154384	16	BANP;BHLHE41;BMAL2;C1QTNF13;CES2B;EEA1;KRAS;NR1H4;NUDT4A;PLEKHG7;PPFIBP1B;RASSF8A;SLC17A8;SSPN;UBE2N;ZNF469
GCF_901000725.3	Takifugu rubripes	Actinopteri	Tetraodontiformes	teleost	ITPR3	Takifugu_rubripes|GCF_901000725.3|ITPR3.0	Takifugu_rubripes|GCF_901000725.3|ITPR3.0	NC_042287.1	5634625	5664918	8	BCAP31;CHCHD6A;GPR37L1B;GRIPAP1;KCND1;PLXNA3;PTPN18;SLC6A8
GCF_901000725.3	Takifugu rubripes	Actinopteri	Tetraodontiformes	teleost	RYR	Takifugu_rubripes|GCF_901000725.3|RYR.2	Takifugu_rubripes|GCF_901000725.3|RYR.2	NC_042285.1	5860143	5953174	10	ADGRA1A;BMS1;CHRM3B;GALK1;LLGL2;MBTD1;MTR;MYO15B;TDRKH;TMEM94
GCF_901000725.3	Takifugu rubripes	Actinopteri	Tetraodontiformes	teleost	RYR	Takifugu_rubripes|GCF_901000725.3|RYR.3	Takifugu_rubripes|GCF_901000725.3|RYR.3	NC_042286.1	10200686	10264420	11	ACP7;ACTC1B;ARHGAP11A;BMF1;CHRM5A;DNAJC17;EIF2AK4;FSIP1;GCHFR;GREM1B;SLC10A1
GCF_901000725.3	Takifugu rubripes	Actinopteri	Tetraodontiformes	teleost	RYR	Takifugu_rubripes|GCF_901000725.3|RYR.5	Takifugu_rubripes|GCF_901000725.3|RYR.5	NC_042288.1	5114135	5161508	14	ACTN2B;CHRM3A;DNAJC9;ECD;FAM13C;FAM149B1;FMN2A;GREM2A;NDNFL;P4HA1B;PHYHIPL;RGS7A;SLC16A9A;STYXL1
GCF_901000725.3	Takifugu rubripes	Actinopteri	Tetraodontiformes	teleost	RYR	Takifugu_rubripes|GCF_901000725.3|RYR.0	Takifugu_rubripes|GCF_901000725.3|RYR.0	NC_042295.1	13887834	13925336	8	AXL;CLDN3A;CLDN8;GRIK1B;OPA3;PPP5C;RASGRP4;TGFB1A
GCF_901000725.3	Takifugu rubripes	Actinopteri	Tetraodontiformes	teleost	RYR	Takifugu_rubripes|GCF_901000725.3|RYR.1	Takifugu_rubripes|GCF_901000725.3|RYR.1	NC_042299.1	14254983	14290077	13	CXXC5A;DNAJC18;GABRR3A;GNG8;LIPI;NFRK;NRG2A;PHLDB2A;PPP3C;PURA;SLC22A6L;SMS;TMEM45B
GCF_901000725.3	Takifugu rubripes	Actinopteri	Tetraodontiformes	teleost	RYR	Takifugu_rubripes|GCF_901000725.3|RYR.4	Takifugu_rubripes|GCF_901000725.3|RYR.4	NC_042300.1	9850796	9907000	17	ACTC1A;ATP6V1D;AVEN;CHRM5B;EIF2S1B;EMC7B;FMN1;GPR176;GREM1A;GTF2H5;HSP90AB1;KATNBL1;PALS1B;RBM25B;SCG5;SERAC1;THBS1B
GCF_901001135.2	Rhinatrema bivittatum	Amphibia	Gymnophiona	non_actinopterygian	ITPR1	Rhinatrema_bivittatum|GCF_901001135.2|ITPR1.0	Rhinatrema_bivittatum|GCF_901001135.2|ITPR1.0	NC_042618.1	431330014	431749144	18	ARL8B;BHLHE40;CRBN;EDEM1;GRM7;HSP90B1;IL5RA;LMCD1;LRRN1;NT5DC3;OXTR;RAD18;SRGAP3;SSUH2;SUMF1;TDG;TRNT1;UQCC6
GCF_901001135.2	Rhinatrema bivittatum	Amphibia	Gymnophiona	non_actinopterygian	ITPR2	Rhinatrema_bivittatum|GCF_901001135.2|ITPR2.0	Rhinatrema_bivittatum|GCF_901001135.2|ITPR2.0	NC_042618.1	286012647	287691553	18	ABCC9;BCAT1;BHLHE41;CMAS;DNAI7;EIF2AK4;FGFR1OP2;GOLT1B;INTS13;IRAG2;KATNBL1;KCNJ8;LMNTD1;MED21;RASSF8;RECQL;SOX5;TM7SF3
GCF_901001135.2	Rhinatrema bivittatum	Amphibia	Gymnophiona	non_actinopterygian	ITPR3	Rhinatrema_bivittatum|GCF_901001135.2|ITPR3.0	Rhinatrema_bivittatum|GCF_901001135.2|ITPR3.0	NC_042626.1	19030086	19483711	18	ABCG4;C2CD2L;CFAP276;GRM4;HINFP;HMGA1;IP6K3;LEMD2;MLN;NHERF4;NLRX1;NUDT3;PACSIN1;RPS10;SARS1;SMIM29;SPDEF;TMEM167B
GCF_901001135.2	Rhinatrema bivittatum	Amphibia	Gymnophiona	non_actinopterygian	RYR	Rhinatrema_bivittatum|GCF_901001135.2|RYR.0	Rhinatrema_bivittatum|GCF_901001135.2|RYR.0	NC_042617.1	163141808	164911523	13	BIRC6;CHRM3;DPY30;FAM98A;LTBP1;MTR;RASGRP3;SLC35F3;SPAST;STRN;TTC27;VIT;YIPF4
GCF_901001135.2	Rhinatrema bivittatum	Amphibia	Gymnophiona	non_actinopterygian	RYR	Rhinatrema_bivittatum|GCF_901001135.2|RYR.2	Rhinatrema_bivittatum|GCF_901001135.2|RYR.2	NC_042618.1	292402913	293693878	19	ABCC9;ARHGAP11A;AVEN;CDIN1;DPH6;EIF2AK4;FAM98B;FGFR1OP2;GOLT1B;GPR176;KATNBL1;KCNJ8;MED21;MEIS2;RECQL;SCG5;THBS1;TM7SF3;ZNF770
GCF_901001135.2	Rhinatrema bivittatum	Amphibia	Gymnophiona	non_actinopterygian	RYR	Rhinatrema_bivittatum|GCF_901001135.2|RYR.1	Rhinatrema_bivittatum|GCF_901001135.2|RYR.1	NC_042625.1	77531090	77662059	11	ALKBH6;CAPNS1;CLIP3;EIF3K;FAM98C;GGN;MAP4K1;PSMD8;RASGRP4;SPRED3;SYNE4
GCF_902148855.1	Sphaeramia orbicularis	Actinopteri	Kurtiformes	teleost	ITPR1	Sphaeramia_orbicularis|GCF_902148855.1|ITPR1.1	Sphaeramia_orbicularis|GCF_902148855.1|ITPR1.1	NC_043961.1	11428304	11643790	11	ARL6IP5A;AVPR2B;BHLHE40;EEVS;FOXP1B;FRMD4B;LRRN1;MITF;NCOA3;SETMAR;TRNT1
GCF_902148855.1	Sphaeramia orbicularis	Actinopteri	Kurtiformes	teleost	ITPR1	Sphaeramia_orbicularis|GCF_902148855.1|ITPR1.0	Sphaeramia_orbicularis|GCF_902148855.1|ITPR1.0	NC_043961.1	28327631	28402852	9	ATF1;ATF7B;DIP2B;DTX3L;SCN8A;SLC4A8;SUMF1;TTLL3;ZC3H10
GCF_902148855.1	Sphaeramia orbicularis	Actinopteri	Kurtiformes	teleost	ITPR2	Sphaeramia_orbicularis|GCF_902148855.1|ITPR2.0	Sphaeramia_orbicularis|GCF_902148855.1|ITPR2.0	NC_043962.1	24602970	24685194	18	BANP;BHLHE41;BMAL2;C1QTNF13;CES2B;EEA1;FANCI;FBXO31;KRAS;NR1H4;NUDT4A;PLEKHG7;PPFIBP1B;RASSF8A;SLC17A8;SSPN;UBE2N;ZNF469
GCF_902148855.1	Sphaeramia orbicularis	Actinopteri	Kurtiformes	teleost	ITPR3	Sphaeramia_orbicularis|GCF_902148855.1|ITPR3.0	Sphaeramia_orbicularis|GCF_902148855.1|ITPR3.0	NC_043963.1	1259080	1321983	7	ADRM1;CRY3A;HM13;MRGBP;RPS21;SNX21;SULF2B
GCF_902148855.1	Sphaeramia orbicularis	Actinopteri	Kurtiformes	teleost	RYR	Sphaeramia_orbicularis|GCF_902148855.1|RYR.1	Sphaeramia_orbicularis|GCF_902148855.1|RYR.1	NC_043969.1	44228740	44357618	12	AXL;B3GNT2L;BCKDH;EXOSC5;HNRNPUL1;NAPA;OPA3;PPP1R13L;PPP5C;RASGRP4;TGFB1A;TMEM91
GCF_902148855.1	Sphaeramia orbicularis	Actinopteri	Kurtiformes	teleost	RYR	Sphaeramia_orbicularis|GCF_902148855.1|RYR.2	Sphaeramia_orbicularis|GCF_902148855.1|RYR.2	NC_043970.1	28734383	28790510	13	BRD8A;CXXC5A;DNAJC18;GABRR3A;GNG8;LIPI;NFRK;NRG2A;PHLDB2A;PPP3C;PURA;SMS;TMEM45B
GCF_902148855.1	Sphaeramia orbicularis	Actinopteri	Kurtiformes	teleost	RYR	Sphaeramia_orbicularis|GCF_902148855.1|RYR.5	Sphaeramia_orbicularis|GCF_902148855.1|RYR.5	NC_043971.1	30716996	30807692	14	ACTN2B;BICC1A;CCSER2A;CHRM3A;DNAJC9;ECD;FAM149B1;FMN2A;GREM2A;NDNFL;P4HA1B;RGS7A;SPARCL2;STYXL1
GCF_902148855.1	Sphaeramia orbicularis	Actinopteri	Kurtiformes	teleost	RYR	Sphaeramia_orbicularis|GCF_902148855.1|RYR.3	Sphaeramia_orbicularis|GCF_902148855.1|RYR.3	NC_043978.1	34649793	34776247	9	ACP7;ACTC1B;ARHGAP11A;BMF1;CHRM5A;EIF2AK4;FSIP1;GREM1B;THBS1A
GCF_902148855.1	Sphaeramia orbicularis	Actinopteri	Kurtiformes	teleost	RYR	Sphaeramia_orbicularis|GCF_902148855.1|RYR.4	Sphaeramia_orbicularis|GCF_902148855.1|RYR.4	NC_043979.1	28766625	28938552	17	ABRACL;ACOT20;ACTC1A;CHRM5B;EMC7B;FMN1;GPR176;GREM1A;HECA;KATNBL1;MTIF3;REPS1;SCARA3;SCG5;SRSF5B;SUSD6;THBS1B
GCF_902150065.1	Myripristis murdjan	Actinopteri	Holocentriformes	teleost	ITPR1	Myripristis_murdjan|GCF_902150065.1|ITPR1.0	Myripristis_murdjan|GCF_902150065.1|ITPR1.0	NC_043984.1	20528351	20600919	8	ATF1;ATF7B;DIP2B;ESYT1B;SCN8A;SLC4A8;SUMF1;ZC3H10
GCF_902150065.1	Myripristis murdjan	Actinopteri	Holocentriformes	teleost	ITPR1	Myripristis_murdjan|GCF_902150065.1|ITPR1.1	Myripristis_murdjan|GCF_902150065.1|ITPR1.1	NC_043984.1	28681105	28777881	17	ARL6IP5A;ARL8B;AVPR2B;BHLHE40;CAMKV;COMT;EEVS;FRMD4B;GRM6B;LRRN1;MDFIC2;MITF;MON1A;MST1R;SETMAR;TRAIP;TRNT1
GCF_902150065.1	Myripristis murdjan	Actinopteri	Holocentriformes	teleost	ITPR2	Myripristis_murdjan|GCF_902150065.1|ITPR2.0	Myripristis_murdjan|GCF_902150065.1|ITPR2.0	NC_043985.1	23685652	23745053	19	BANP;BHLHE41;BMAL2;C1QTNF13;CES2B;EEA1;FANCI;FBXO31;KRAS;NR1H4;NUDT4A;PLEKHG7;POLG;PPFIBP1B;RASSF8A;SLC17A8;SSPN;UBE2N;ZNF469
GCF_902150065.1	Myripristis murdjan	Actinopteri	Holocentriformes	teleost	RYR	Myripristis_murdjan|GCF_902150065.1|RYR.1	Myripristis_murdjan|GCF_902150065.1|RYR.1	NC_043992.1	38685196	38785263	13	AXL;B3GNT2L;BCKDH;BICR;EXOSC5;HNRNPUL1;NAPA;OPA3;PPP1R13L;PPP5C;RASGRP4;TGFB1A;TMEM91
GCF_902150065.1	Myripristis murdjan	Actinopteri	Holocentriformes	teleost	RYR	Myripristis_murdjan|GCF_902150065.1|RYR.2	Myripristis_murdjan|GCF_902150065.1|RYR.2	NC_043993.1	17164556	17223646	14	BHLHA9;BRD8A;CXXC5A;DNAJC18;GABRR3A;GNG8;MICU2;NFRK;NRG2A;PURA;SMS;SPTBN4A;TMEM45B;WSCD1B
GCF_902150065.1	Myripristis murdjan	Actinopteri	Holocentriformes	teleost	RYR	Myripristis_murdjan|GCF_902150065.1|RYR.5	Myripristis_murdjan|GCF_902150065.1|RYR.5	NC_043994.1	13653367	13727258	13	ACTN2B;BICC1A;CCSER2A;CHRM3A;ECD;FAM149B1;FMN2A;NDNFL;P4HA1B;PHYHIPL;RGS7A;SPARCL2;STYXL1
GCF_902150065.1	Myripristis murdjan	Actinopteri	Holocentriformes	teleost	RYR	Myripristis_murdjan|GCF_902150065.1|RYR.0	Myripristis_murdjan|GCF_902150065.1|RYR.0	NC_043998.1	474303	1139184	11	BMS1;CHRM3B;CSNK1E;DMC1;FMN2B;GSPT1;MAFF;MTR;RSL1D1;TMEM184B;TOMM22
GCF_902150065.1	Myripristis murdjan	Actinopteri	Holocentriformes	teleost	RYR	Myripristis_murdjan|GCF_902150065.1|RYR.3	Myripristis_murdjan|GCF_902150065.1|RYR.3	NC_044001.1	19169485	19284191	11	ACP7;ACTC1B;ARHGAP11A;BMF1;CHRM5A;CYP1C1;EIF2AK4;FSIP1;GCHFR;GREM1B;THBS1A
GCF_902150065.1	Myripristis murdjan	Actinopteri	Holocentriformes	teleost	RYR	Myripristis_murdjan|GCF_902150065.1|RYR.4	Myripristis_murdjan|GCF_902150065.1|RYR.4	NC_044003.1	15632877	15768757	14	ACOT20;ACTC1A;AVEN;CHRM5B;CLU;EMC7B;GPR176;GREM1A;KATNBL1;REPS1;SCARA3;SCG5;SUSD6;THBS1B
GCF_902167405.1	Gadus morhua	Actinopteri	Gadiformes	teleost	ITPR1	Gadus_morhua|GCF_902167405.1|ITPR1.0	Gadus_morhua|GCF_902167405.1|ITPR1.0	NC_044060.1	5605266	5680778	13	ATF1;ATF7B;DIP2B;DTEX3L;DTX3L;ESYT1B;LRP1A;SCN8A;SLC4A8;SUMF1;TMT1A;TTLL3;ZC3H10
GCF_902167405.1	Gadus morhua	Actinopteri	Gadiformes	teleost	ITPR1	Gadus_morhua|GCF_902167405.1|ITPR1.1	Gadus_morhua|GCF_902167405.1|ITPR1.1	NC_044060.1	17049730	17145221	16	ARL8B;ATG7;BHLHE40;CAMKV;COMT;GRM6B;HRH1;LRRN1;MON1A;MST1R;SEMA3F;SETMAR;SYN2B;TAMM41;TRAIP;VGLL4B
GCF_902167405.1	Gadus morhua	Actinopteri	Gadiformes	teleost	ITPR2	Gadus_morhua|GCF_902167405.1|ITPR2.0	Gadus_morhua|GCF_902167405.1|ITPR2.0	NC_044056.1	24559978	24633276	18	ADMB;AMPD3B;BHLHE41;BMAL2;C1QTNF13;EEA1;ENDOUC;NR1H4;NUDT4A;PLEKHG7;PPFIBP1B;RASSF8A;SLC17A8;SSPN;SWAP70B;UBE2N;WEE1;ZNF143B
GCF_902167405.1	Gadus morhua	Actinopteri	Gadiformes	teleost	ITPR3	Gadus_morhua|GCF_902167405.1|ITPR3.0	Gadus_morhua|GCF_902167405.1|ITPR3.0	NC_044048.1	22307760	22354203	12	BCAP31;EDEM2;GPR37L1B;GRIPAP1;HM13;KCND1;MRGBP;PLXNA3;PTPN18;RFC2;SLC6A8;SNX21
GCF_902167405.1	Gadus morhua	Actinopteri	Gadiformes	teleost	RYR	Gadus_morhua|GCF_902167405.1|RYR.3	Gadus_morhua|GCF_902167405.1|RYR.3	NC_044052.1	10471875	10601656	9	ACP7;ANGEL1;CHRM5A;FSIP1;GREM1B;LIN52;POMT2;THBS1A;VSX2
GCF_902167405.1	Gadus morhua	Actinopteri	Gadiformes	teleost	RYR	Gadus_morhua|GCF_902167405.1|RYR.1	Gadus_morhua|GCF_902167405.1|RYR.1	NC_044054.1	13554953	13620887	12	CHRDL2;CXXC5A;DEFBL2;DNAJC18;GNG8;MEPCE;NFRK;NRG2A;PURA;SPAG7;TMEM45B;XRRA1
GCF_902167405.1	Gadus morhua	Actinopteri	Gadiformes	teleost	RYR	Gadus_morhua|GCF_902167405.1|RYR.5	Gadus_morhua|GCF_902167405.1|RYR.5	NC_044062.1	18827824	18902559	15	ACTN2B;BICC1A;CCSER2A;CHRM3A;DNAJC9;ECD;FAM149B1;FMN2A;GREM2A;GRID1A;NDNFL;P4HA1B;RGS7A;SLC16A9A;SPARCL2
GCF_902167405.1	Gadus morhua	Actinopteri	Gadiformes	teleost	RYR	Gadus_morhua|GCF_902167405.1|RYR.2	Gadus_morhua|GCF_902167405.1|RYR.2	NC_044063.1	4175822	4270662	10	AQP11;BRCA2;CLNS1A;HDAC12;N4BP2L2;OPA3;RASGRP4;RSF1A;STARD13B;TRMT9B
GCF_902167405.1	Gadus morhua	Actinopteri	Gadiformes	teleost	RYR	Gadus_morhua|GCF_902167405.1|RYR.0	Gadus_morhua|GCF_902167405.1|RYR.0	NC_044065.1	21202025	21366877	10	ADOA;BMS1;CABCOCO1;CHRM3B;EGR2B;EXOC6;FH;HHEX;MTR;NRBF2B
GCF_902167405.1	Gadus morhua	Actinopteri	Gadiformes	teleost	RYR	Gadus_morhua|GCF_902167405.1|RYR.4	Gadus_morhua|GCF_902167405.1|RYR.4	NC_044068.1	15925838	16034053	13	CHRM5B;DPYSL5B;EMC7B;FMN1;GPR176;GREM1A;KATNBL1;SCG5;SLC10A1;SRSF5B;SUSD6;THBS1B;TMEM214
GCF_902362185.1	Chanos chanos	Actinopteri	Gonorynchiformes	teleost	ITPR1	Chanos_chanos|GCF_902362185.1|ITPR1.1	Chanos_chanos|GCF_902362185.1|ITPR1.1	NC_044500.1	43408354	43495188	16	ARL6IP5A;AVPR2B;BHLHE40;CAMKV;EEVS;FRMD4B;INKA1A;LRRN1;MDFIC2;MITF;MON1A;MST1R;SEMA3F;SETMAR;TRAIP;TRNT1
GCF_902362185.1	Chanos chanos	Actinopteri	Gonorynchiformes	teleost	ITPR1	Chanos_chanos|GCF_902362185.1|ITPR1.0	Chanos_chanos|GCF_902362185.1|ITPR1.0	NC_044500.1	49154734	49222204	15	C1QL4B;CHCHD4B;EFCAB12;ENDOU;ESPL1;IP6K2B;ITGB7;MYL6;PFKFB4B;PFKM;SMARCC2;SUMF1;TSFM;TTLL3;UROC1
GCF_902362185.1	Chanos chanos	Actinopteri	Gonorynchiformes	teleost	ITPR2	Chanos_chanos|GCF_902362185.1|ITPR2.0	Chanos_chanos|GCF_902362185.1|ITPR2.0	NC_044507.1	7209471	7278998	16	ALX1;BHLHE41;C1QTNF13;CTSD;EEA1;EIF4G2B;LRRIQ1;MGAT4C;NR1H4;NTS;NUDT4A;PLEKHG7;RASSF9;SLC6A15;SSPN;UBE2N
GCF_902362185.1	Chanos chanos	Actinopteri	Gonorynchiformes	teleost	ITPR3	Chanos_chanos|GCF_902362185.1|ITPR3.0	Chanos_chanos|GCF_902362185.1|ITPR3.0	NC_044503.1	6301849	6330775	20	ADGRL2A;ADGRL4;ALAS2;COL2A1A;CPT2;CRY3A;DNASE2B;GLS2A;GPR37L1B;MAGOH;PORCN;PRKACB;RPF1;SAMD13;SPRYD4;TMCO1;TTLL7;UCK2A;UOX;VTG3
GCF_902362185.1	Chanos chanos	Actinopteri	Gonorynchiformes	teleost	RYR	Chanos_chanos|GCF_902362185.1|RYR.3	Chanos_chanos|GCF_902362185.1|RYR.3	NC_044495.1	6275527	6404942	12	ACP7;ACTC1B;ARHGAP11A;CHRM5A;EIF2AK4;EMC7A;FBP1B;FSIP1;GAS1B;GREM1B;THBS1A;TTC33
GCF_902362185.1	Chanos chanos	Actinopteri	Gonorynchiformes	teleost	RYR	Chanos_chanos|GCF_902362185.1|RYR.2	Chanos_chanos|GCF_902362185.1|RYR.2	NC_044496.1	28156247	28235319	15	B3GNT2L;BCKDH;BICR;DRC9;EXOSC5;GMEB2;HNRNPUL1;LRCH3;NAPA;OPA3;P2RY1;PPP1R13L;RASGRP4;RPL35A;TMEM91
GCF_902362185.1	Chanos chanos	Actinopteri	Gonorynchiformes	teleost	RYR	Chanos_chanos|GCF_902362185.1|RYR.4	Chanos_chanos|GCF_902362185.1|RYR.4	NC_044498.1	9615361	9698660	14	ACBD3;ACTC1A;AVEN;CHRM5B;EMC7B;FMN1;GPR176;GREM1A;KATNBL1;KLF11A;MFSD6A;RRM2;SCG5;THBS1B
GCF_902362185.1	Chanos chanos	Actinopteri	Gonorynchiformes	teleost	RYR	Chanos_chanos|GCF_902362185.1|RYR.0	Chanos_chanos|GCF_902362185.1|RYR.0	NC_044499.1	33162313	33295443	15	BNIP3;CHRM3B;CYP4F3;DPYSL4;FH;FMN2B;GREM2B;HHEX;JAKMIP3;LZTS2B;MTR;PPP2R2D;RGS7B;SELENOU1B;SYDE1
GCF_902362185.1	Chanos chanos	Actinopteri	Gonorynchiformes	teleost	RYR	Chanos_chanos|GCF_902362185.1|RYR.5	Chanos_chanos|GCF_902362185.1|RYR.5	NC_044504.1	23224642	23269839	18	ACTN2B;ARHGEF33;CHRM3A;CYP26C1;ECD;FAM149B1;FMN2A;GREM2A;KIF11;LARP1B;MAP4K3B;MORN2;P4HA1B;PGRMC2;REEP3A;RGS7A;SLC22A15;THUMPD2
GCF_902362185.1	Chanos chanos	Actinopteri	Gonorynchiformes	teleost	RYR	Chanos_chanos|GCF_902362185.1|RYR.1	Chanos_chanos|GCF_902362185.1|RYR.1	NC_044509.1	12466165	12518971	18	ARR3A;CUX1A;DNAJC30A;F9B;FGF13B;FHL1B;HTATSF1;IL2RG;KCTD7;MCF2B;MDH2;PPM1E;RABGEF1;RAD51C;SKA2;SLC9A6B;TMTOPS3B;TRIM37
GCF_902500255.1	Thalassophryne amazonica	Actinopteri	Batrachoidiformes	teleost	ITPR1	Thalassophryne_amazonica|GCF_902500255.1|ITPR1.0	Thalassophryne_amazonica|GCF_902500255.1|ITPR1.0	NC_047105.1	72962888	73240970	8	ATF1;BHLHE40;DIP2B;ESYT1B;SLC4A8;SUMF1;TTLL3;ZC3H10
GCF_902500255.1	Thalassophryne amazonica	Actinopteri	Batrachoidiformes	teleost	ITPR1	Thalassophryne_amazonica|GCF_902500255.1|ITPR1.1	Thalassophryne_amazonica|GCF_902500255.1|ITPR1.1	NC_047105.1	132597615	133107980	12	FOXP1B;FRMD4B;GXYLT2;LRRN1;MITF;PDZRN3B;PPP4R2B;PROK2;RYBP;SETMAR;SHQ1;TRNT1
GCF_902500255.1	Thalassophryne amazonica	Actinopteri	Batrachoidiformes	teleost	ITPR2	Thalassophryne_amazonica|GCF_902500255.1|ITPR2.0	Thalassophryne_amazonica|GCF_902500255.1|ITPR2.0	NC_047110.1	78434288	78641425	17	ARNTL2;BANP;BHLHE41;CES2B;EEA1;ENDOUC;FANCI;FBXO31;KRAS;NR1H4;PLEKHG7;POLG;POLR3B;PPFIBP1B;SLC17A8;SSPN;UBE2N
GCF_902500255.1	Thalassophryne amazonica	Actinopteri	Batrachoidiformes	teleost	ITPR3	Thalassophryne_amazonica|GCF_902500255.1|ITPR3.0	Thalassophryne_amazonica|GCF_902500255.1|ITPR3.0	NC_047108.1	20766872	21032264	10	BCAP31;GRIPAP1;HM13;KCND1;MRGBP;PLXNA3;PTPN18;RFC2;SLC6A8;SNX21
GCF_902500255.1	Thalassophryne amazonica	Actinopteri	Batrachoidiformes	teleost	RYR	Thalassophryne_amazonica|GCF_902500255.1|RYR.1	Thalassophryne_amazonica|GCF_902500255.1|RYR.1	NC_047106.1	132354018	132821896	8	AKAP1B;EXOSC5;HNRNPUL1;OPA3;PPP1R13L;PPP5C;RASGRP4;TGFB1A
GCF_902500255.1	Thalassophryne amazonica	Actinopteri	Batrachoidiformes	teleost	RYR	Thalassophryne_amazonica|GCF_902500255.1|RYR.2	Thalassophryne_amazonica|GCF_902500255.1|RYR.2	NC_047111.1	77629442	77831692	10	CXXC5A;DNAJC18;GNG8;NFRK;PCYT1B;PHLDB2A;PPP3C;PURA;SMS;TMEM45B
GCF_902500255.1	Thalassophryne amazonica	Actinopteri	Batrachoidiformes	teleost	RYR	Thalassophryne_amazonica|GCF_902500255.1|RYR.5	Thalassophryne_amazonica|GCF_902500255.1|RYR.5	NC_047115.1	25331699	25554993	9	ACTN2B;ANK3A;CHRM3A;GREM2B;IFNGR1L;IL22RA2;OLIG3;PHYHIPL;SLC16A9A
GCF_902500255.1	Thalassophryne amazonica	Actinopteri	Batrachoidiformes	teleost	RYR	Thalassophryne_amazonica|GCF_902500255.1|RYR.0	Thalassophryne_amazonica|GCF_902500255.1|RYR.0	NC_047120.1	4866533	5589857	7	ACBD4;BMS1;CCDC57;FASN;IPMK;MTR;PLCD3B
GCF_902500255.1	Thalassophryne amazonica	Actinopteri	Batrachoidiformes	teleost	RYR	Thalassophryne_amazonica|GCF_902500255.1|RYR.4	Thalassophryne_amazonica|GCF_902500255.1|RYR.4	NC_047123.1	6041542	6336729	14	ACTC1A;AFDN;C21H1ORF198;CLEC11A;EMC7;ENAH;KATNBL1;NCOA1;RFX6;RNF17;SELENOL;TDRD15;TTC13;UNC93A
GCF_907165065.1	Caprimulgus europaeus	Aves	Caprimulgiformes	non_actinopterygian	ITPR1	Caprimulgus_europaeus|GCF_907165065.1|ITPR1.0	Caprimulgus_europaeus|GCF_907165065.1|ITPR1.0	NC_136578.1	21657473	21833947	17	ARL8B;BHLHE40;CAV3;CHL1;CNTN3;CRBN;EDEM1;GRM7;IL5RA;LMCD1;LRRN1;OXTR;RAD18;SRGAP3;SUMF1;THUMPD3;TRNT1
GCF_907165065.1	Caprimulgus europaeus	Aves	Caprimulgiformes	non_actinopterygian	ITPR2	Caprimulgus_europaeus|GCF_907165065.1|ITPR2.0	Caprimulgus_europaeus|GCF_907165065.1|ITPR2.0	NC_136557.1	10427681	10693178	16	BHLHE41;BMAL2;CYB5R3;ETFRF1;FGFR1OP2;GYS2;INTS13;LDHB;MED21;PPFIBP1;RASSF8;REP15;SPX;SSPN;STK38L;TM7SF3
GCF_907165065.1	Caprimulgus europaeus	Aves	Caprimulgiformes	non_actinopterygian	ITPR3	Caprimulgus_europaeus|GCF_907165065.1|ITPR3.0	Caprimulgus_europaeus|GCF_907165065.1|ITPR3.0	NC_136566.1	3557580	3601822	17	APOBEC2;BAK1;FOXP4;GRM4;HMGA1;IP6K3;LEMD2;MDFI;MLN;NCR2;NFYA;NUDT3;OARD1;SMIM29;TREM1;TSPO2;UQCC2
GCF_907165065.1	Caprimulgus europaeus	Aves	Caprimulgiformes	non_actinopterygian	RYR	Caprimulgus_europaeus|GCF_907165065.1|RYR.0	Caprimulgus_europaeus|GCF_907165065.1|RYR.0	NC_136553.1	42147723	42558520	20	ACTN2;CHRM3;EDARADD;ERO1B;EXO1;FMN2;GNG4;GPR137B;GREM2;HEATR1;LGALS8;LYST;MAP1LC3C;MTR;NID1;OPN3;PIGM;PLD5;RGS7;WDR64
GCF_907165065.1	Caprimulgus europaeus	Aves	Caprimulgiformes	non_actinopterygian	RYR	Caprimulgus_europaeus|GCF_907165065.1|RYR.1	Caprimulgus_europaeus|GCF_907165065.1|RYR.1	NC_136561.1	34996352	35248039	19	ARHGAP11A;AVEN;CDIN1;CHRM5;DPH6;EIF2AK4;EMC7;FAM98B;FMN1;FSIP1;GPR176;GREM1;KATNBL1;MEIS2;RASGRP1;SCG5;SPRED1;SRP14;THBS1
GCF_933228915.1	Telmatherina bonti	Actinopteri	Atheriniformes	teleost	ITPR1	Telmatherina_bonti|GCF_933228915.1|ITPR1.1	Telmatherina_bonti|GCF_933228915.1|ITPR1.1	NC_136624.1	7905067	8046035	11	ARL6IP5A;ARL8B;AVPR2B;BHLHE40;FRMD4B;LRRN1;MON1A;MST1R;SETMAR;TRAIP;TRNT1
GCF_933228915.1	Telmatherina bonti	Actinopteri	Atheriniformes	teleost	ITPR1	Telmatherina_bonti|GCF_933228915.1|ITPR1.0	Telmatherina_bonti|GCF_933228915.1|ITPR1.0	NC_136624.1	33169234	33251712	8	ATF1;ATF7B;DIP2B;SCN8A;SLC4A8;SUMF1;TTLL3;ZC3H10
GCF_933228915.1	Telmatherina bonti	Actinopteri	Atheriniformes	teleost	ITPR2	Telmatherina_bonti|GCF_933228915.1|ITPR2.0	Telmatherina_bonti|GCF_933228915.1|ITPR2.0	NC_136620.1	34282695	34350436	19	BANP;BHLHE41;BMAL2;C1QTNF13;CES2B;EEA1;FANCI;FBXO31;KRAS;NR1H4;NUDT4A;PLEKHG7;POLG;PPFIBP1B;RASSF8A;SLC17A8;SSPN;UBE2N;ZNF469
GCF_933228915.1	Telmatherina bonti	Actinopteri	Atheriniformes	teleost	ITPR3	Telmatherina_bonti|GCF_933228915.1|ITPR3.0	Telmatherina_bonti|GCF_933228915.1|ITPR3.0	NC_136622.1	8332405	8446758	10	EDEM2;GPR37L1B;HM13;ITIH6;MRGBP;NDNL2;SNX21;SULF2B;TAFAZZIN;USP11
GCF_933228915.1	Telmatherina bonti	Actinopteri	Atheriniformes	teleost	RYR	Telmatherina_bonti|GCF_933228915.1|RYR.4	Telmatherina_bonti|GCF_933228915.1|RYR.4	NC_136614.1	15166353	15287694	19	ABRACL;ACOT20;ACTC1A;AVEN;CHRM5B;CLU;EMC7B;FMN1;GPR176;GREM1A;HECA;KATNBL1;REPS1;SCARA3;SCG5;SLC10A1;SRSF5B;SUSD6;THBS1B
GCF_933228915.1	Telmatherina bonti	Actinopteri	Atheriniformes	teleost	RYR	Telmatherina_bonti|GCF_933228915.1|RYR.1	Telmatherina_bonti|GCF_933228915.1|RYR.1	NC_136627.1	35014271	35127200	13	AAMDC;AXL;CYP2Y3;EXOSC5;HNRNPUL1;INTS4;KCTD14;OPA3;PPP1R13L;PPP5C;RASGRP4;TGFB1A;TMEM91
GCF_933228915.1	Telmatherina bonti	Actinopteri	Atheriniformes	teleost	RYR	Telmatherina_bonti|GCF_933228915.1|RYR.2	Telmatherina_bonti|GCF_933228915.1|RYR.2	NC_136628.1	23319929	23368183	11	CXXC5A;DNAJC18;GNG8;LIPI;NFRK;NRG2A;PHLDB2A;PPP3C;PURA;SMS;TMEM45B
GCF_933228915.1	Telmatherina bonti	Actinopteri	Atheriniformes	teleost	RYR	Telmatherina_bonti|GCF_933228915.1|RYR.5	Telmatherina_bonti|GCF_933228915.1|RYR.5	NC_136629.1	31085402	31163756	13	ACTN2B;BICC1A;CCSER2A;CHRM3A;DNAJC9;ECD;FAM149B1;FMN2A;GRID1A;NDNFL;RGS7A;SPARCL2;WAPL
GCF_933228915.1	Telmatherina bonti	Actinopteri	Atheriniformes	teleost	RYR	Telmatherina_bonti|GCF_933228915.1|RYR.0	Telmatherina_bonti|GCF_933228915.1|RYR.0	NC_136630.1	32479236	32963614	13	A1CF;ANKRD22;ASAH2;ATAD1B;BBS1;FMN2B;LIPF;MINPP1B;MTR;PTEN;RNLS;STAMBPL1;TMEM94
GCF_933228915.1	Telmatherina bonti	Actinopteri	Atheriniformes	teleost	RYR	Telmatherina_bonti|GCF_933228915.1|RYR.3	Telmatherina_bonti|GCF_933228915.1|RYR.3	NC_136631.1	14880541	14993444	11	ACP7;ACTC1B;ARHGAP11A;BMF1;CHRM5A;CYP1C1;EIF2AK4;FSIP1;GCHFR;GREM1B;THBS1A
GCF_947461875.1	Haliaeetus albicilla	Aves	Accipitriformes	non_actinopterygian	ITPR1	Haliaeetus_albicilla|GCF_947461875.1|ITPR1.0	Haliaeetus_albicilla|GCF_947461875.1|ITPR1.0	NC_091506.1	2261357	2434503	17	ARL8B;BHLHE40;CAV3;CHL1;CNTN6;CRBN;EDEM1;GRM7;IL5RA;LMCD1;LRRN1;OXTR;RAD18;SRGAP3;SSUH2;SUMF1;TRNT1
GCF_947461875.1	Haliaeetus albicilla	Aves	Accipitriformes	non_actinopterygian	ITPR2	Haliaeetus_albicilla|GCF_947461875.1|ITPR2.0	Haliaeetus_albicilla|GCF_947461875.1|ITPR2.0	NC_091501.1	19991082	20256976	20	BHLHE41;CRACR2A;DNAI7;ETFRF1;FGFR1OP2;FOXM1;GYS2;INTS13;IRAG2;KRAS;LMNTD1;NRIP2;PARP11;PRMT8;RASSF8;SPX;SSPN;TEAD4;TSPAN9;TULP3
GCF_947461875.1	Haliaeetus albicilla	Aves	Accipitriformes	non_actinopterygian	ITPR3	Haliaeetus_albicilla|GCF_947461875.1|ITPR3.0	Haliaeetus_albicilla|GCF_947461875.1|ITPR3.0	NC_091508.1	4777998	4820221	17	APOBEC2;BAK1;FOXP4;GRM4;HMGA1;IP6K3;LEMD2;MDFI;MLN;NFYA;NUDT3;OARD1;RPS10;SMIM29;TFEB;TSPO2;UQCC2
GCF_947461875.1	Haliaeetus albicilla	Aves	Accipitriformes	non_actinopterygian	RYR	Haliaeetus_albicilla|GCF_947461875.1|RYR.2	Haliaeetus_albicilla|GCF_947461875.1|RYR.2	NC_091487.1	35798722	36042787	17	AVEN;CDIN1;CHRM5;DPH6;EIF2AK4;EMC7;FAM98B;FMN1;FSIP1;GPR176;GREM1;KATNBL1;MEIS2;RASGRP1;SPRED1;THBS1;ZNF770
GCF_947461875.1	Haliaeetus albicilla	Aves	Accipitriformes	non_actinopterygian	RYR	Haliaeetus_albicilla|GCF_947461875.1|RYR.0	Haliaeetus_albicilla|GCF_947461875.1|RYR.0	NC_091495.1	30851186	31305854	20	ACTN2;CHRM3;EDARADD;ERO1B;EXO1;FMN2;GNG4;GPR137B;GREM2;HEATR1;LGALS8;LYST;MAP1LC3C;MTR;NID1;OPN3;PIGM;PLD5;RGS7;WDR64
GCF_947461875.1	Haliaeetus albicilla	Aves	Accipitriformes	non_actinopterygian	RYR	Haliaeetus_albicilla|GCF_947461875.1|RYR.1	Haliaeetus_albicilla|GCF_947461875.1|RYR.1	NC_091516.1	72210054	72272470	9	ECH1;EIF3K;ERCC1;LGALS4;MAP4K1;POLR1G;PPP1R13L;SARS2;SPRED3
GCF_949152265.1	Phoxinus phoxinus	Actinopteri	Cypriniformes	teleost	ITPR1	Phoxinus_phoxinus|GCF_949152265.1|ITPR1.0	Phoxinus_phoxinus|GCF_949152265.1|ITPR1.0	NC_136886.1	10749556	10777964	18	C1QL4B;CHCHD4B;COL7A1;EFCAB12;ENDOU;ESPL1;IP6K2B;ITGB7;MYL6;PFDN5;PFKFB4B;PFKM;SEC61A1A;SMARCC2;SUMF1;TSFM;TTLL3;UROC1
GCF_949152265.1	Phoxinus phoxinus	Actinopteri	Cypriniformes	teleost	ITPR1	Phoxinus_phoxinus|GCF_949152265.1|ITPR1.1	Phoxinus_phoxinus|GCF_949152265.1|ITPR1.1	NC_136897.1	24043985	24164196	16	ARL8B;BHLHE40;BRK1;CAMKV;CAV4A;GNAI2A;GPX1A;GRM2B;INKA1A;MON1A;MST1R;RRP9;SEMA3F;SETMAR;TEX264B;TRAIP
GCF_949152265.1	Phoxinus phoxinus	Actinopteri	Cypriniformes	teleost	ITPR2	Phoxinus_phoxinus|GCF_949152265.1|ITPR2.0	Phoxinus_phoxinus|GCF_949152265.1|ITPR2.0	NC_136883.1	28287642	28376692	18	ALX1;BHLHE41;BMAL2;C1QTNF13;CTSD;EEA1;EPS8B;LRRIQ1;MGAT4C;NR1H4;NTS;NUDT4A;PLEKHG7;RASSF9;SLC17A8;SLC6A15;SSPN;UBE2N
GCF_949152265.1	Phoxinus phoxinus	Actinopteri	Cypriniformes	teleost	ITPR3	Phoxinus_phoxinus|GCF_949152265.1|ITPR3.0	Phoxinus_phoxinus|GCF_949152265.1|ITPR3.0	NC_136890.1	23826566	23861255	18	AJAP1;B3GNT7L;COL2A1A;CPT2;CRY3A;CUNH1ORF174;DFFB;ELA2;ELA2L;FHAD1;GLS2A;GPR37L1B;MAGOH;NPHP4;PORCN;SPRYD4;TMCO1;UCK2A
GCF_949152265.1	Phoxinus phoxinus	Actinopteri	Cypriniformes	teleost	RYR	Phoxinus_phoxinus|GCF_949152265.1|RYR.2	Phoxinus_phoxinus|GCF_949152265.1|RYR.2	NC_136883.1	35433470	35557496	17	ACTMAP;B3GAT1A;BCKDH;CFAP45;CLASRP;EXOSC5;HNRNPUL1;ITPKC;LEKR1;OPA3;PPP1R13L;RASGRP4;SIAE;SNRP;TBRG1;TIPARP;TMEM91
GCF_949152265.1	Phoxinus phoxinus	Actinopteri	Cypriniformes	teleost	RYR	Phoxinus_phoxinus|GCF_949152265.1|RYR.5	Phoxinus_phoxinus|GCF_949152265.1|RYR.5	NC_136888.1	17331917	17398151	15	ACTN2B;BNIP4;CHRM3A;CYP26C1;DICER1;ECD;FMN2A;GNRH3;GREM2A;KIF11;P4HA1B;REEP3A;RGS7A;SLC22A15;SMNDC1
GCF_949152265.1	Phoxinus phoxinus	Actinopteri	Cypriniformes	teleost	RYR	Phoxinus_phoxinus|GCF_949152265.1|RYR.3	Phoxinus_phoxinus|GCF_949152265.1|RYR.3	NC_136888.1	35261156	35445941	13	ACP7;ACTC1B;ARHGAP11A;BMF1;CHRM5A;DORIP1;EIF2AK4;EMC7A;FSIP1;GREM1B;KLHL28;THBS1A;TOGARAM1
GCF_949152265.1	Phoxinus phoxinus	Actinopteri	Cypriniformes	teleost	RYR	Phoxinus_phoxinus|GCF_949152265.1|RYR.4	Phoxinus_phoxinus|GCF_949152265.1|RYR.4	NC_136891.1	31944076	32033068	20	ACOT20;ACTC1A;ADAM17B;CHRM5B;CPSF3;EMC7B;FMN1;GPR176;GREM1A;KATNBL1;KLF11A;MAX;RRM2;SCG5;SLC10A1;SRSF5B;SUSD6;TAF1B;THBS1B;YWHAQ
GCF_949152265.1	Phoxinus phoxinus	Actinopteri	Cypriniformes	teleost	RYR	Phoxinus_phoxinus|GCF_949152265.1|RYR.0	Phoxinus_phoxinus|GCF_949152265.1|RYR.0	NC_136896.1	427819	543599	16	BUB3;CHRM3B;FAM53B;FH;FMN2B;GREM2B;HHEX;HMX3B;HPDL;LHPP;LZTS2B;MTR;OAT;PDZD7B;RGS7B;ZRANB1A
GCF_949152265.1	Phoxinus phoxinus	Actinopteri	Cypriniformes	teleost	RYR	Phoxinus_phoxinus|GCF_949152265.1|RYR.1	Phoxinus_phoxinus|GCF_949152265.1|RYR.1	NC_136898.1	9598853	9645627	17	B3GLCT;BCL7B;C2CD2;CFAP298;COL26A1;EVA1C;FRYB;HUNK;IL2RG;MDH2;MIS18A;MYL10;PRDM15;RXFP2A;SKA2;TBL2;TEX14
GCF_949606895.1	Notothenia rossii	Actinopteri	Perciformes	teleost	ITPR1	Notothenia_rossii|GCF_949606895.1|ITPR1.0	Notothenia_rossii|GCF_949606895.1|ITPR1.0	NC_136903.1	71411014	71478936	6	SCN8A;SLC4A8;SUMF1;TMT1A;TTLL3;ZC3H10
GCF_949606895.1	Notothenia rossii	Actinopteri	Perciformes	teleost	ITPR2	Notothenia_rossii|GCF_949606895.1|ITPR2.0	Notothenia_rossii|GCF_949606895.1|ITPR2.0	NC_136903.1	20836534	20894513	17	BANP;BHLHE41;BMAL2;C1QTNF13;EEA1;FANCI;FBXO31;KRAS;NR1H4;NUDT4A;PLEKHG7;PPFIBP1B;RASSF8A;SLC17A8;SSPN;UBE2N;ZNF469
GCF_949606895.1	Notothenia rossii	Actinopteri	Perciformes	teleost	RYR	Notothenia_rossii|GCF_949606895.1|RYR.2	Notothenia_rossii|GCF_949606895.1|RYR.2	NC_136902.1	58526185	58669808	9	AXL;EXOSC5;HNRNPUL1;OPA3;PPP1R13L;PPP5C;RASGRP4;TGFB1A;TMEM91
GCF_949606895.1	Notothenia rossii	Actinopteri	Perciformes	teleost	RYR	Notothenia_rossii|GCF_949606895.1|RYR.3	Notothenia_rossii|GCF_949606895.1|RYR.3	NC_136905.1	67686982	67813776	10	ACP7;ACTC1B;ARHGAP11A;BMF1;CHRM5A;CYP1C1;EIF2AK4;FSIP1;GREM1B;SLC10A1
GCF_949606895.1	Notothenia rossii	Actinopteri	Perciformes	teleost	RYR	Notothenia_rossii|GCF_949606895.1|RYR.4	Notothenia_rossii|GCF_949606895.1|RYR.4	NC_136906.1	74047751	74187564	15	ABRACL;ACTC1A;AVEN;CHRM5B;CLU;EMC7B;GPR176;GREM1A;MAX;REPS1;SCARA3;SCG5;SRSF5B;SUSD6;THBS1B
GCF_949606895.1	Notothenia rossii	Actinopteri	Perciformes	teleost	RYR	Notothenia_rossii|GCF_949606895.1|RYR.1	Notothenia_rossii|GCF_949606895.1|RYR.1	NC_136907.1	11110922	11164336	12	ARFIP2B;DCHS1B;FHDC3;GABRR3A;MAP7D2A;NFRK;PDHA1A;PRDX4;SMS;TRIM3B;TRIM47;UFM1
GCF_949606895.1	Notothenia rossii	Actinopteri	Perciformes	teleost	RYR	Notothenia_rossii|GCF_949606895.1|RYR.5	Notothenia_rossii|GCF_949606895.1|RYR.5	NC_136909.1	78107406	78183274	14	ACTN2B;BICC1A;CCSER2A;CHRM3A;DNAJC9;ECD;FAM149B1;FMN2A;GREM2A;NDNFL;P4HA1B;PHYHIPL;RGS7A;SPARCL2
GCF_949606895.1	Notothenia rossii	Actinopteri	Perciformes	teleost	RYR	Notothenia_rossii|GCF_949606895.1|RYR.0	Notothenia_rossii|GCF_949606895.1|RYR.0	NC_136910.1	26884485	27171738	10	ADGRA1A;ADOA;BMS1;CHRM3B;CUNH18ORF54;EGR2B;FMN2B;MTR;NRBF2B;REEP3B
GCF_949987555.1	Borostomias antarcticus	Actinopteri	Stomiiformes	teleost	ITPR1	Borostomias_antarcticus|GCF_949987555.1|ITPR1.1	Borostomias_antarcticus|GCF_949987555.1|ITPR1.1	NC_140240.1	5632377	5713056	18	ARL6IP5A;ARL8B;AVPR2B;BHLHE40;CAMKV;COMT;FOXP1B;FRMD4B;GRM6B;LRRN1;MDFIC2;MITF;MON1A;MST1R;SEMA3F;SETMAR;TRAIP;TRNT1
GCF_949987555.1	Borostomias antarcticus	Actinopteri	Stomiiformes	teleost	ITPR1	Borostomias_antarcticus|GCF_949987555.1|ITPR1.0	Borostomias_antarcticus|GCF_949987555.1|ITPR1.0	NC_140244.1	14486109	14637193	13	ATF1;ATF7B;DIP2B;DTX3L;ESYT1B;FAIM2B;LARP4A;PFDN5;SCN8A;SLC4A8;SUMF1;TTLL3;ZC3H10
GCF_949987555.1	Borostomias antarcticus	Actinopteri	Stomiiformes	teleost	ITPR2	Borostomias_antarcticus|GCF_949987555.1|ITPR2.0	Borostomias_antarcticus|GCF_949987555.1|ITPR2.0	NC_140251.1	10500223	10598122	19	BANP;BHLHE41;BMAL2;C1QTNF13;CES2B;EEA1;FANCI;FBXO31;KRAS;NR1H4;NUDT4A;PLEKHG7;POLG;PPFIBP1B;RASSF8A;SLC17A8;SSPN;UBE2N;ZNF469
GCF_949987555.1	Borostomias antarcticus	Actinopteri	Stomiiformes	teleost	ITPR3	Borostomias_antarcticus|GCF_949987555.1|ITPR3.0	Borostomias_antarcticus|GCF_949987555.1|ITPR3.0	NC_140236.1	20384360	20599076	13	AAR2;CTNNBL1;HM13;KLHDC8B;LAMB2;MRGBP;MYT1B;PARL;RPRD1B;SNX21;TBC1D22B;TTI1;USP19
GCF_949987555.1	Borostomias antarcticus	Actinopteri	Stomiiformes	teleost	RYR	Borostomias_antarcticus|GCF_949987555.1|RYR.2	Borostomias_antarcticus|GCF_949987555.1|RYR.2	NC_140234.1	20180813	20242465	17	ARRB1;ATG16L2;AXL;B3GNT2L;BCKDH;BICR;CYP2Y3;EXOSC5;HNRNPUL1;NAPA;OPA3;PPP1R13L;PPP5C;RASGRP4;TGFB1A;TMEM91;WDR62
GCF_949987555.1	Borostomias antarcticus	Actinopteri	Stomiiformes	teleost	RYR	Borostomias_antarcticus|GCF_949987555.1|RYR.4	Borostomias_antarcticus|GCF_949987555.1|RYR.4	NC_140235.1	3131726	3217316	14	ACTN2B;BICC1A;CCSER2A;CHRM3A;ECD;FAM149B1;FMN2A;GREM2A;GRID1A;NDNFL;P4HA1B;RGS7A;SLC16A9A;SPARCL2
GCF_949987555.1	Borostomias antarcticus	Actinopteri	Stomiiformes	teleost	RYR	Borostomias_antarcticus|GCF_949987555.1|RYR.5	Borostomias_antarcticus|GCF_949987555.1|RYR.5	NC_140238.1	2991740	3166595	11	ACP7;ACTC1B;ARHGAP11A;BMF1;CHRM5A;CYP1C2;DNAJC17;EIF2AK4;GCHFR;GPX2;GREM1B
GCF_949987555.1	Borostomias antarcticus	Actinopteri	Stomiiformes	teleost	RYR	Borostomias_antarcticus|GCF_949987555.1|RYR.3	Borostomias_antarcticus|GCF_949987555.1|RYR.3	NC_140239.1	17895007	18021170	16	ACTC1A;AK7A;AVEN;BCL11B;CCDC85C;CCNK;CHRM5B;EMC7B;GPR176;GREM1A;KATNBL1;PAPOL;SCG5;SRSF5B;SUSD6;THBS1B
GCF_949987555.1	Borostomias antarcticus	Actinopteri	Stomiiformes	teleost	RYR	Borostomias_antarcticus|GCF_949987555.1|RYR.1	Borostomias_antarcticus|GCF_949987555.1|RYR.1	NC_140248.1	16824473	16887196	11	EHD2A;GNG8;HNRNPUL1L;NAPA;NFRK;RSPH4A;SELENOW1;SERPINF1;SLCO2B1;SYMPK;TMEM45B
GCF_949987555.1	Borostomias antarcticus	Actinopteri	Stomiiformes	teleost	RYR	Borostomias_antarcticus|GCF_949987555.1|RYR.0	Borostomias_antarcticus|GCF_949987555.1|RYR.0	NC_140262.1	3033931	3173142	15	CHRM3B;CYP26A1;DNAH3;EXOC6;FH;FMN2B;GREM2B;HHEX;LRRC3C;MED24;MKI67;MTR;REEP3B;RGS7B;TOP2A
GCF_949987685.1	Ammodytes marinus	Actinopteri	Uranoscopiformes	teleost	ITPR1	Ammodytes_marinus|GCF_949987685.1|ITPR1.1	Ammodytes_marinus|GCF_949987685.1|ITPR1.1	NC_137233.1	22566881	22658759	14	APOBEC2A;BHLHE40;CAMKV;COMT;ELF3;GOLT1A;GRM6B;LRRN2;MON1A;MST1R;PLEKHA6;SERINC3;SETMAR;TRAIP
GCF_949987685.1	Ammodytes marinus	Actinopteri	Uranoscopiformes	teleost	ITPR1	Ammodytes_marinus|GCF_949987685.1|ITPR1.0	Ammodytes_marinus|GCF_949987685.1|ITPR1.0	NC_137233.1	30542945	30623633	8	ATF1;DIP2B;DTX3L;SCN8A;SLC4A8;SUMF1;TTLL3;ZC3H10
GCF_949987685.1	Ammodytes marinus	Actinopteri	Uranoscopiformes	teleost	ITPR2	Ammodytes_marinus|GCF_949987685.1|ITPR2.0	Ammodytes_marinus|GCF_949987685.1|ITPR2.0	NC_137234.1	21671803	21732297	19	BANP;BHLHE41;BMAL2;C1QTNF13;CES2B;EEA1;FANCI;FBXO31;KRAS;NR1H4;NUDT4A;PLEKHG7;POLG;PPFIBP1B;RASSF8A;SLC17A8;SSPN;UBE2N;ZNF469
GCF_949987685.1	Ammodytes marinus	Actinopteri	Uranoscopiformes	teleost	ITPR3	Ammodytes_marinus|GCF_949987685.1|ITPR3.0	Ammodytes_marinus|GCF_949987685.1|ITPR3.0	NC_137211.1	1468666	1634130	6	CCDC135;EDEM2;GPR37L1B;HM13;MRGBP;SNX21
GCF_949987685.1	Ammodytes marinus	Actinopteri	Uranoscopiformes	teleost	RYR	Ammodytes_marinus|GCF_949987685.1|RYR.5	Ammodytes_marinus|GCF_949987685.1|RYR.5	NC_137215.1	10178302	10245290	13	ACTN2B;BICC1A;CCSER2A;CHRM3A;DNAJC9;ECD;FAM149B1;FMN2A;GRID1A;NDNFL;P4HA1B;RGS7A;SPARCL2
GCF_949987685.1	Ammodytes marinus	Actinopteri	Uranoscopiformes	teleost	RYR	Ammodytes_marinus|GCF_949987685.1|RYR.2	Ammodytes_marinus|GCF_949987685.1|RYR.2	NC_137218.1	16800881	16848414	12	BRD8A;CXXC5A;DNAJC18;GABRR3A;GNG8;LIPI;NFRK;NRG2A;PHLDB2A;PURA;SMS;TMEM45B
GCF_949987685.1	Ammodytes marinus	Actinopteri	Uranoscopiformes	teleost	RYR	Ammodytes_marinus|GCF_949987685.1|RYR.3	Ammodytes_marinus|GCF_949987685.1|RYR.3	NC_137219.1	16349699	16459541	10	ACP7;ACTC1B;ARHGAP11A;BMF1;CHRM5A;CYP1C1;EIF2AK4;FSIP1;GREM1B;THBS1A
GCF_949987685.1	Ammodytes marinus	Actinopteri	Uranoscopiformes	teleost	RYR	Ammodytes_marinus|GCF_949987685.1|RYR.4	Ammodytes_marinus|GCF_949987685.1|RYR.4	NC_137223.1	11705960	11833203	18	ABRACL;ACTC1A;AVEN;CHRM5B;CLU;EMC7B;FMN1;GPR176;GREM1A;HECA;KATNBL1;REPS1;SCARA3;SCG5;SLC10A1;SRSF5B;SUSD6;THBS1B
GCF_949987685.1	Ammodytes marinus	Actinopteri	Uranoscopiformes	teleost	RYR	Ammodytes_marinus|GCF_949987685.1|RYR.0	Ammodytes_marinus|GCF_949987685.1|RYR.0	NC_137224.1	24662408	25334352	12	ADGRA1A;ADOA;BMS1;CHRM3B;CYP26A1;EGR2B;EXOC6;FMN2B;JMJD1C;MTR;NRBF2B;REEP3B
GCF_949987685.1	Ammodytes marinus	Actinopteri	Uranoscopiformes	teleost	RYR	Ammodytes_marinus|GCF_949987685.1|RYR.1	Ammodytes_marinus|GCF_949987685.1|RYR.1	NC_137232.1	11716618	11816860	11	AXL;B3GNT2L;BCKDH;BICR;EXOSC5;HNRNPUL1;NAPA;OPA3;PPP1R13L;RASGRP4;TMEM91
GCF_951640355.1	Cnephaeus nilssonii	Mammalia	Chiroptera	non_actinopterygian	ITPR1	Cnephaeus_nilssonii|GCF_951640355.1|ITPR1.0	Cnephaeus_nilssonii|GCF_951640355.1|ITPR1.0	NC_137088.1	3256057	3456662	18	ALAS1;ARL8B;BHLHE40;CHL1;CNTN3;CNTN4;CNTN6;CRBN;DUSP7;EDEM1;IL5RA;LRRN1;PDZRN3;POC1A;RPL29;TLR9;TRNT1;TWF2
GCF_951640355.1	Cnephaeus nilssonii	Mammalia	Chiroptera	non_actinopterygian	ITPR2	Cnephaeus_nilssonii|GCF_951640355.1|ITPR2.0	Cnephaeus_nilssonii|GCF_951640355.1|ITPR2.0	NC_137077.1	33700054	34123585	19	BCAT1;BHLHE41;BMAL2;DNAI7;ETFRF1;FGFR1OP2;INTS13;IRAG2;KRAS;LMNTD1;MED21;PPFIBP1;RASSF8;REP15;SMCO2;SOX5;SSPN;STK38L;TM7SF3
GCF_951640355.1	Cnephaeus nilssonii	Mammalia	Chiroptera	non_actinopterygian	ITPR3	Cnephaeus_nilssonii|GCF_951640355.1|ITPR3.0	Cnephaeus_nilssonii|GCF_951640355.1|ITPR3.0	NC_137080.1	93687802	93753007	14	BAK1;CUTA;DAXX;GRM4;HMGA1;IP6K3;KIFC1;LEMD2;MLN;PHF1;SMIM40;SYNGAP1;UQCC2;ZBTB9
GCF_951640355.1	Cnephaeus nilssonii	Mammalia	Chiroptera	non_actinopterygian	RYR	Cnephaeus_nilssonii|GCF_951640355.1|RYR.2	Cnephaeus_nilssonii|GCF_951640355.1|RYR.2	NC_137075.1	36979645	37343564	17	ACTC1;AQR;AVEN;CHRM5;DPH6;EMC4;EMC7;FMN1;GJD2;GREM1;KATNBL1;LPCAT4;NOP10;NUTM1;SCG5;SLC12A6;ZNF770
GCF_951640355.1	Cnephaeus nilssonii	Mammalia	Chiroptera	non_actinopterygian	RYR	Cnephaeus_nilssonii|GCF_951640355.1|RYR.1	Cnephaeus_nilssonii|GCF_951640355.1|RYR.1	NC_137091.1	36923737	37047799	18	ACTN4;CAPN12;CATSPERG;DPF1;ECH1;EIF3K;FAM98C;HNRNPL;KCNK6;LGALS4;MAP4K1;PPP1R14A;PSMD8;RASGRP4;RINL;SPINT2;SPRED3;YIF1B
GCF_951640355.1	Cnephaeus nilssonii	Mammalia	Chiroptera	non_actinopterygian	RYR	Cnephaeus_nilssonii|GCF_951640355.1|RYR.0	Cnephaeus_nilssonii|GCF_951640355.1|RYR.0	NC_137094.1	14463369	14661677	18	ACBD3;ACTN2;CHRM3;EDARADD;EPHX1;ERO1B;GNG4;GPR137B;H3-3A;HEATR1;LGALS8;LYST;MTR;NID1;PYCR2;SDE2;TMEM63A;ZP4
GCF_951799975.1	Gobius niger	Actinopteri	Gobiiformes	teleost	ITPR1	Gobius_niger|GCF_951799975.1|ITPR1.1	Gobius_niger|GCF_951799975.1|ITPR1.1	NC_136871.1	14634657	14699028	17	ARL6IP5A;ARL8B;AVPR2B;BHLHE40;CAMKV;COMT;EEVS;FRMD4B;GRM6B;LRRN1;MDFIC2;MITF;MON1A;MST1R;SETMAR;TRAIP;TRNT1
GCF_951799975.1	Gobius niger	Actinopteri	Gobiiformes	teleost	ITPR1	Gobius_niger|GCF_951799975.1|ITPR1.0	Gobius_niger|GCF_951799975.1|ITPR1.0	NC_136871.1	26180341	26302376	7	ATF1;DIP2B;SCN8A;SLC4A8;SUMF1;TTLL3;ZC3H10
GCF_951799975.1	Gobius niger	Actinopteri	Gobiiformes	teleost	ITPR2	Gobius_niger|GCF_951799975.1|ITPR2.0	Gobius_niger|GCF_951799975.1|ITPR2.0	NC_136863.1	8702012	8790900	19	BANP;BHLHE41;BMAL2;C1QTNF13;CHMP1A;EEA1;FANC;KRAS;NR1H4;NUDT4A;PLEKHG7;PPFIBP1B;RASSF8A;SLC10A3;SLC17A8;SSPN;UBE2N;ZNF276;ZNF469
GCF_951799975.1	Gobius niger	Actinopteri	Gobiiformes	teleost	ITPR3	Gobius_niger|GCF_951799975.1|ITPR3.0	Gobius_niger|GCF_951799975.1|ITPR3.0	NC_136857.1	21451833	21496427	9	EDEM2;GPR37L1B;GRIPAP1;HM13;KCND1;MAD2L2;MRGBP;PTPN18;SPEN
GCF_951799975.1	Gobius niger	Actinopteri	Gobiiformes	teleost	RYR	Gobius_niger|GCF_951799975.1|RYR.1	Gobius_niger|GCF_951799975.1|RYR.1	NC_136852.1	19948662	19992967	13	AXL;B3GNT2L;BCKDH;BICR;EXOSC5;HNRNPUL1;NAPA;OPA3;PPP1R13L;PPP5C;RASGRP4;TGFB1A;TMEM91
GCF_951799975.1	Gobius niger	Actinopteri	Gobiiformes	teleost	RYR	Gobius_niger|GCF_951799975.1|RYR.2	Gobius_niger|GCF_951799975.1|RYR.2	NC_136862.1	18104173	18149943	10	CXXC5A;DNAJC18;GNG8;LIPI;NFRK;NRG2A;PPP3C;PURA;SMS;TMEM45B
GCF_951799975.1	Gobius niger	Actinopteri	Gobiiformes	teleost	RYR	Gobius_niger|GCF_951799975.1|RYR.4	Gobius_niger|GCF_951799975.1|RYR.4	NC_136866.1	15334873	15417795	16	ACTC1A;BUB1;CHRM5B;DUSP10;EMC7B;FMN1;GPR176;GREM1A;HEY2;HLX1;KATNBL1;NUDT15;SCG5;SRSF5B;SUSD6;THBS1B
GCF_951799975.1	Gobius niger	Actinopteri	Gobiiformes	teleost	RYR	Gobius_niger|GCF_951799975.1|RYR.3	Gobius_niger|GCF_951799975.1|RYR.3	NC_136867.1	11012248	11108914	9	ACP7;ACTC1B;ARHGAP11A;BMF1;CHRM5A;EIF2AK4;FSIP1;GREM1B;THBS1A
GCF_951799975.1	Gobius niger	Actinopteri	Gobiiformes	teleost	RYR	Gobius_niger|GCF_951799975.1|RYR.0	Gobius_niger|GCF_951799975.1|RYR.0	NC_136870.1	14847687	14892405	17	ACBD4;ADGRA1A;ADOA;ARHGAP23B;BMS1;CABCOCO1;CHRM3B;CYP26A1;EGR2B;EXOC6;FMN2B;GHDC;JMJD1C;MTR;NRBF2B;PLCD3B;REEP3B
GCF_960531495.1	Zeus faber	Actinopteri	Zeiformes	teleost	ITPR1	Zeus_faber|GCF_960531495.1|ITPR1.1	Zeus_faber|GCF_960531495.1|ITPR1.1	NC_137192.1	5818864	5913757	18	ARL6IP5A;BHLHE40;CDK18;EEVS;EIF4E3;ELK4;ETNK2;FOXP1B;FRMD4B;KLHDC8A;LRRN1;MFSD4A;MITF;SETMAR;SLC41A1;SNRPE;SOX13;TRNT1
GCF_960531495.1	Zeus faber	Actinopteri	Zeiformes	teleost	ITPR1	Zeus_faber|GCF_960531495.1|ITPR1.0	Zeus_faber|GCF_960531495.1|ITPR1.0	NC_137192.1	32191630	32258801	8	ATF1;DIP2B;SCN8A;SLC4A8;SUMF1;TMT1A;TTLL3;ZC3H10
GCF_960531495.1	Zeus faber	Actinopteri	Zeiformes	teleost	ITPR2	Zeus_faber|GCF_960531495.1|ITPR2.0	Zeus_faber|GCF_960531495.1|ITPR2.0	NC_137201.1	17034431	17092729	18	BANP;BHLHE41;BMAL2;C1QTNF13;CES2B;EEA1;FANCI;FBXO31;KRAS;NR1H4;NUDT4A;PLEKHG7;PPFIBP1B;RASSF8A;SLC17A8;SSPN;UBE2N;ZNF469
GCF_960531495.1	Zeus faber	Actinopteri	Zeiformes	teleost	ITPR3	Zeus_faber|GCF_960531495.1|ITPR3.0	Zeus_faber|GCF_960531495.1|ITPR3.0	NC_137194.1	3114105	3159407	11	BCAP31;EDEM2;GPR37L1B;GRIPAP1;HM13;KCND1;MRGBP;PLXNA3;PTPN18;SLC6A8;SNX21
GCF_960531495.1	Zeus faber	Actinopteri	Zeiformes	teleost	RYR	Zeus_faber|GCF_960531495.1|RYR.4	Zeus_faber|GCF_960531495.1|RYR.4	NC_137189.1	20657621	20783183	18	ACTC1A;AVEN;CHRM5B;DNMT3A;DTNB;EMC7B;FMN1;GPR176;GREM1A;KATNBL1;MAPRE3B;MAX;SCG5;SLC10A1;SRSF5B;SUSD6;THBS1B;TMEM214
GCF_960531495.1	Zeus faber	Actinopteri	Zeiformes	teleost	RYR	Zeus_faber|GCF_960531495.1|RYR.2	Zeus_faber|GCF_960531495.1|RYR.2	NC_137197.1	24498472	24587541	18	ARAP1;AXL;B3GNT2L;BCKDH;CEP295;CUL3B;EXOSC5;FAM124B;HNRNPUL1;MMP28;NAPA;OPA3;PDE2A;PPP1R13L;RASGRP4;STARD10;TAF15;TMEM91
GCF_960531495.1	Zeus faber	Actinopteri	Zeiformes	teleost	RYR	Zeus_faber|GCF_960531495.1|RYR.3	Zeus_faber|GCF_960531495.1|RYR.3	NC_137198.1	16627999	16798053	12	ACP7;ACTC1B;ARHGAP11A;BMF1;CHRM5A;CYP1C1;DNAJC17;EIF2AK4;FSIP1;GCHFR;GREM1B;THBS1A
GCF_960531495.1	Zeus faber	Actinopteri	Zeiformes	teleost	RYR	Zeus_faber|GCF_960531495.1|RYR.1	Zeus_faber|GCF_960531495.1|RYR.1	NC_137200.1	21543446	21626961	13	CXXC5A;DNAJC18;GABRR3A;GNG8;LIPI;MAP7D2A;NFRK;NRG2A;PHLDB2A;PURA;SLC22A6L;SMS;TMEM45B
GCF_960531495.1	Zeus faber	Actinopteri	Zeiformes	teleost	RYR	Zeus_faber|GCF_960531495.1|RYR.5	Zeus_faber|GCF_960531495.1|RYR.5	NC_137202.1	22169376	22249067	13	ACTN2B;BICC1A;CCSER2A;CHRM3A;ECD;FAM149B1;FMN2A;GRID1A;NDNFL;P4HA1B;RGS7A;SPARCL2;WAPL
GCF_960531495.1	Zeus faber	Actinopteri	Zeiformes	teleost	RYR	Zeus_faber|GCF_960531495.1|RYR.0	Zeus_faber|GCF_960531495.1|RYR.0	NC_137207.1	13128212	13326158	14	ACTA2;ANKRD22;CHRM3B;CYP26A1;EXOC6;FH;FMN2B;GREM2B;HHEX;JMJD1C;MTR;REEP3B;RGS7B;STAMBPL1
GCF_963457635.1	Microchirus variegatus	Actinopteri	Pleuronectiformes	teleost	ITPR1	Microchirus_variegatus|GCF_963457635.1|ITPR1.0	Microchirus_variegatus|GCF_963457635.1|ITPR1.0	NC_139805.1	30912869	31007699	9	DYRK3;IKBKE;IL10;MAPKAPK2A;RASSF5;SLC4A8;SUMF1;TTLL3;ZC3H10
GCF_963457635.1	Microchirus variegatus	Actinopteri	Pleuronectiformes	teleost	ITPR1	Microchirus_variegatus|GCF_963457635.1|ITPR1.1	Microchirus_variegatus|GCF_963457635.1|ITPR1.1	NC_139808.1	16277681	16385788	17	ARL6IP5A;ATXN7L2A;AVPR2B;BHLHE40;CAMK1G;CYB561D1;EEVS;FRMD4B;LAMB3;LRRN1;MITF;SETMAR;SYPL2A;TRNT1;USP48;ZBTB40;ZC3H11A
GCF_963457635.1	Microchirus variegatus	Actinopteri	Pleuronectiformes	teleost	ITPR2	Microchirus_variegatus|GCF_963457635.1|ITPR2.0	Microchirus_variegatus|GCF_963457635.1|ITPR2.0	NC_139809.1	28750090	28851710	16	BANP;BHLHE41;CBLN1;CES2B;CNOT1;EEA1;FBXO31;KRAS;N4BP1;PLEKHG7;RASSF8A;SLC41A2A;SSPN;WASHC4;ZNF423;ZNF469
GCF_963457635.1	Microchirus variegatus	Actinopteri	Pleuronectiformes	teleost	ITPR3	Microchirus_variegatus|GCF_963457635.1|ITPR3.0	Microchirus_variegatus|GCF_963457635.1|ITPR3.0	NC_139810.1	3750879	3795661	9	ABT1;BIRC7;GPR37L1B;HM13;MRGBP;RAD51C;SLC2A4RG;SULF2B;ZBTB46
GCF_963457635.1	Microchirus variegatus	Actinopteri	Pleuronectiformes	teleost	RYR	Microchirus_variegatus|GCF_963457635.1|RYR.2	Microchirus_variegatus|GCF_963457635.1|RYR.2	NC_139803.1	1327704	1371988	10	COL28A1B;ICA1;MIOS;MRPS12;NFRK;RPP25L;SEPTIN7B;SMS;TMEM116;TMEM45B
GCF_963457635.1	Microchirus variegatus	Actinopteri	Pleuronectiformes	teleost	RYR	Microchirus_variegatus|GCF_963457635.1|RYR.1	Microchirus_variegatus|GCF_963457635.1|RYR.1	NC_139804.1	2716201	2809133	14	AXL;DUSP14;FAM181B;IGSF9B;JAM3A;OPA3;PPP5C;PRCP;RASGRP4;SYNRG;TADA2A;TENM4;TGFB1A;THYN1
GCF_963457635.1	Microchirus variegatus	Actinopteri	Pleuronectiformes	teleost	RYR	Microchirus_variegatus|GCF_963457635.1|RYR.5	Microchirus_variegatus|GCF_963457635.1|RYR.5	NC_139812.1	22322218	22385398	10	ACTN2B;BICC1A;EIF4EBP2;GREM2B;HIF1AN;P4HA1B;PPA1B;RPS24;SAR1A;ZMIZ1A
GCF_963457635.1	Microchirus variegatus	Actinopteri	Pleuronectiformes	teleost	RYR	Microchirus_variegatus|GCF_963457635.1|RYR.4	Microchirus_variegatus|GCF_963457635.1|RYR.4	NC_139813.1	23020842	23171446	19	ABRACL;ACOT20;ACTC1A;AVEN;CHRM5B;CLU;EMC7B;FMN1;GPR176;GREM1A;HECA;KATNBL1;MAX;MTIF3;REPS1;SCARA3;SRSF5B;SUSD6;THBS1B
GCF_963457635.1	Microchirus variegatus	Actinopteri	Pleuronectiformes	teleost	RYR	Microchirus_variegatus|GCF_963457635.1|RYR.0	Microchirus_variegatus|GCF_963457635.1|RYR.0	NC_139819.1	23252640	23344907	11	ACBD4;ADGRA1A;BMS1;CCR10;CHRM3B;FMN2B;HID1B;MTR;PLAU;TDRKH;TMEM94
GCF_963457635.1	Microchirus variegatus	Actinopteri	Pleuronectiformes	teleost	RYR	Microchirus_variegatus|GCF_963457635.1|RYR.3	Microchirus_variegatus|GCF_963457635.1|RYR.3	NC_139822.1	16571101	16660256	11	ACP7;ACTC1B;ARHGAP11A;BMF1;CHRM5A;CYP1C2;EIF2AK4;FSIP1;GCHFR;GREM1B;SLC10A1
GCF_963514005.1	Raja brachyura	Chondrichthyes	Rajiformes	non_actinopterygian	ITPR1	Raja_brachyura|GCF_963514005.1|ITPR1.0	Raja_brachyura|GCF_963514005.1|ITPR1.0	NC_137376.1	32839091	33275799	11	BHLHE40;BORCS6;CAV3;EDEM1;LMCD1;RAD18;RASSF1;SEMA3H;SETMAR;SUMF1;ZMYND10
GCF_963514005.1	Raja brachyura	Chondrichthyes	Rajiformes	non_actinopterygian	ITPR2	Raja_brachyura|GCF_963514005.1|ITPR2.0	Raja_brachyura|GCF_963514005.1|ITPR2.0	NC_137379.1	41149092	41408103	11	CRADD;DNAI7;EEA1;INTS13;MRPL42;PLEKHG7;PLXNC1;RASSF8B;SOCS2;SSPN;UBE2N
GCF_963514005.1	Raja brachyura	Chondrichthyes	Rajiformes	non_actinopterygian	RYR	Raja_brachyura|GCF_963514005.1|RYR.1	Raja_brachyura|GCF_963514005.1|RYR.1	NC_137368.1	62077602	62578242	13	ADPGK2;CHRM3B;FH;FMN2B;GREM2B;HEATR1;KMO;MOCS3;MTR;NDUFAF7;OPN3;PRKD3;RGS7B
GCF_963514005.1	Raja brachyura	Chondrichthyes	Rajiformes	non_actinopterygian	RYR	Raja_brachyura|GCF_963514005.1|RYR.2	Raja_brachyura|GCF_963514005.1|RYR.2	NC_137369.1	54677968	55057091	13	ARG2;CDIN1;DPH6;EMC7B;FAM98B;FSIP1;GPR176;KATNBL1;MEIS2A;MRPL24;SPRED1;THBS1B;VTI1B
GCF_963514075.1	Conger conger	Actinopteri	Anguilliformes	teleost	ITPR1	Conger_conger|GCF_963514075.1|ITPR1.1	Conger_conger|GCF_963514075.1|ITPR1.1	NC_083773.1	15363336	15471668	11	ARL8B;BHLHE40;CAMKV;CCDC174;INKA1A;MON1A;MST1R;SEMA3F;SETMAR;TRAIP;TRNT1
GCF_963514075.1	Conger conger	Actinopteri	Anguilliformes	teleost	ITPR2	Conger_conger|GCF_963514075.1|ITPR2.0	Conger_conger|GCF_963514075.1|ITPR2.0	NC_083778.1	15108932	15186370	8	BHLHE41;INTS13;LRIG3;NR1H4;PARV;PPFIBP1B;RASSF8B;SSPN
GCF_963514075.1	Conger conger	Actinopteri	Anguilliformes	teleost	ITPR3	Conger_conger|GCF_963514075.1|ITPR3.0	Conger_conger|GCF_963514075.1|ITPR3.0	NC_083769.1	4745067	4822555	5	CRY3A;FBXW12;GPR37L1B;OARD1;PRKAR2A
GCF_963514075.1	Conger conger	Actinopteri	Anguilliformes	teleost	RYR	Conger_conger|GCF_963514075.1|RYR.3	Conger_conger|GCF_963514075.1|RYR.3	NC_083760.1	20346074	20481706	6	ACP7;ARHGAP11A;CHRM5A;EIF2AK4;FSIP1;GREM1B
GCF_963514075.1	Conger conger	Actinopteri	Anguilliformes	teleost	RYR	Conger_conger|GCF_963514075.1|RYR.0	Conger_conger|GCF_963514075.1|RYR.0	NC_083761.1	15702927	15875229	11	ARG1;DNAJC9;EXOC6;FH;FMN2B;HEATR1;HHEX;KIF11;MTR;NUDT13;P4HA1A
GCF_963514075.1	Conger conger	Actinopteri	Anguilliformes	teleost	RYR	Conger_conger|GCF_963514075.1|RYR.2	Conger_conger|GCF_963514075.1|RYR.2	NC_083766.1	52407162	52502955	6	B9D2;CBR1L;HNRNPUL1L;PPP5C;RSPH4A;SYMPK
GCF_963514075.1	Conger conger	Actinopteri	Anguilliformes	teleost	RYR	Conger_conger|GCF_963514075.1|RYR.1	Conger_conger|GCF_963514075.1|RYR.1	NC_083772.1	17585198	17688669	11	B3GNT2L;BCKDH;BICR;EHD2B;EXOSC5;MED31;OPA3;PPP1R13L;PSMD8;TMEM91;WDR81
GCF_963514085.1	Chelon labrosus	Actinopteri	Mugiliformes	teleost	ITPR1	Chelon_labrosus|GCF_963514085.1|ITPR1.1	Chelon_labrosus|GCF_963514085.1|ITPR1.1	NC_140340.1	3307422	3378273	10	ARL6IP5A;AVPR2B;BHLHE40;EEVS;FOXP1B;FRMD4B;LRRN1;MITF;SETMAR;TRNT1
GCF_963514085.1	Chelon labrosus	Actinopteri	Mugiliformes	teleost	ITPR1	Chelon_labrosus|GCF_963514085.1|ITPR1.0	Chelon_labrosus|GCF_963514085.1|ITPR1.0	NC_140340.1	6279721	6356852	10	ATF1;ATF7B;DIP2B;DTX3L;ESYT1B;SCN8A;SLC4A8;SUMF1;TTLL3;ZC3H10
GCF_963514085.1	Chelon labrosus	Actinopteri	Mugiliformes	teleost	ITPR2	Chelon_labrosus|GCF_963514085.1|ITPR2.0	Chelon_labrosus|GCF_963514085.1|ITPR2.0	NC_140344.1	18806349	18856708	17	BANP;BHLHE41;BMAL2;C1QTNF13;CES2B;EEA1;FBXO31;KRAS;NR1H4;NUDT4A;PLEKHG7;PPFIBP1B;RASSF8A;SLC17A8;SSPN;UBE2N;ZNF469
GCF_963514085.1	Chelon labrosus	Actinopteri	Mugiliformes	teleost	ITPR3	Chelon_labrosus|GCF_963514085.1|ITPR3.0	Chelon_labrosus|GCF_963514085.1|ITPR3.0	NC_140360.1	814722	872905	6	ABT1;CDK16;GPR37L1B;GRM6A;RAD51C;TSR2
GCF_963514085.1	Chelon labrosus	Actinopteri	Mugiliformes	teleost	RYR	Chelon_labrosus|GCF_963514085.1|RYR.1	Chelon_labrosus|GCF_963514085.1|RYR.1	NC_140346.1	25892117	25948220	11	AXL;B3GNT2L;BCKDH;BICR;EXOSC5;HNRNPUL1;NAPA;OPA3;PPP1R13L;RASGRP4;TMEM91
GCF_963514085.1	Chelon labrosus	Actinopteri	Mugiliformes	teleost	RYR	Chelon_labrosus|GCF_963514085.1|RYR.4	Chelon_labrosus|GCF_963514085.1|RYR.4	NC_140347.1	17805812	17914601	17	ABRACL;ACTC1A;AVEN;CHRM5B;EMC7B;FMN1;GPR176;GREM1A;HECA;KATNBL1;REPS1;SCARA3;SCG5;SLC10A1;SRSF5B;SUSD6;THBS1B
GCF_963514085.1	Chelon labrosus	Actinopteri	Mugiliformes	teleost	RYR	Chelon_labrosus|GCF_963514085.1|RYR.5	Chelon_labrosus|GCF_963514085.1|RYR.5	NC_140348.1	10890508	10953077	12	ACTN2B;BICC1A;CCSER2A;CHRM3A;DNAJC9;ECD;FAM149B1;FMN2A;NDNFL;P4HA1B;RGS7A;SPARCL2
GCF_963514085.1	Chelon labrosus	Actinopteri	Mugiliformes	teleost	RYR	Chelon_labrosus|GCF_963514085.1|RYR.2	Chelon_labrosus|GCF_963514085.1|RYR.2	NC_140350.1	1715631	1758909	12	BRD8A;CXXC5A;DNAJC18;GABRR3A;GNG8;MAP7D2A;NFRK;NRG2A;PHLDB2A;PURA;SMS;TMEM45B
GCF_963514085.1	Chelon labrosus	Actinopteri	Mugiliformes	teleost	RYR	Chelon_labrosus|GCF_963514085.1|RYR.0	Chelon_labrosus|GCF_963514085.1|RYR.0	NC_140352.1	25295899	25548857	15	ADOA;BMS1;CHRM3B;CYP26A1;EGR2B;EXOC6;FMN2B;HHEX;JMJD1C;LRRC45;MTR;NRBF2B;REEP3B;TMEM67;TRUB1
GCF_963514085.1	Chelon labrosus	Actinopteri	Mugiliformes	teleost	RYR	Chelon_labrosus|GCF_963514085.1|RYR.3	Chelon_labrosus|GCF_963514085.1|RYR.3	NC_140353.1	14894973	15000759	11	ACP7;ACTC1B;ARHGAP11A;BMF1;CHRM5A;CYP1C1;DNAJC17;EIF2AK4;FSIP1;GREM1B;THBS1A
GCF_963921795.1	Nannobrachium achirus	Actinopteri	Myctophiformes	teleost	ITPR1	Nannobrachium_achirus|GCF_963921795.1|ITPR1.0	Nannobrachium_achirus|GCF_963921795.1|ITPR1.0	NC_137815.1	18763993	18938264	10	CAMK1G;CCDC174;CHD6;CRBN;FGD5B;MKRN2;MKRN2OS;TATDN2;TSEN2;VHL
GCF_963921795.1	Nannobrachium achirus	Actinopteri	Myctophiformes	teleost	ITPR1	Nannobrachium_achirus|GCF_963921795.1|ITPR1.1	Nannobrachium_achirus|GCF_963921795.1|ITPR1.1	NC_137815.1	61537762	61706367	16	ARL6IP5A;ARL8B;AVPR2B;BHLHE40;CAMKV;EIF4E3;FOXP1B;FRMD4B;LRRN1;MITF;MON1A;MST1R;SEMA3F;SETMAR;TRAIP;TRNT1
GCF_963921795.1	Nannobrachium achirus	Actinopteri	Myctophiformes	teleost	ITPR2	Nannobrachium_achirus|GCF_963921795.1|ITPR2.1	Nannobrachium_achirus|GCF_963921795.1|ITPR2.1	NC_137820.1	24316068	24408939	13	BANP;BHLHE41;C1QTNF13;EEA1;KRAS;NR1H4;NUDT4A;PLEKHG7;RASSF8A;SLC17A8;SSPN;UBE2N;ZNF469
GCF_963921795.1	Nannobrachium achirus	Actinopteri	Myctophiformes	teleost	ITPR2	Nannobrachium_achirus|GCF_963921795.1|ITPR2.0	Nannobrachium_achirus|GCF_963921795.1|ITPR2.0	NC_137820.1	24690447	24830527	10	ASCL1B;EEA1;IRF7;LDLRAD3;LRRC56;NUDT4A;PHRF1;PLEKHG7;RASSF7A;TRIM44
GCF_963921795.1	Nannobrachium achirus	Actinopteri	Myctophiformes	teleost	ITPR3	Nannobrachium_achirus|GCF_963921795.1|ITPR3.0	Nannobrachium_achirus|GCF_963921795.1|ITPR3.0	NC_137818.1	4696839	4838858	7	EDEM2;ELK1;GRIPAP1;PLXNA3;PTPN18;RFC2;USP11
GCF_963921795.1	Nannobrachium achirus	Actinopteri	Myctophiformes	teleost	RYR	Nannobrachium_achirus|GCF_963921795.1|RYR.2	Nannobrachium_achirus|GCF_963921795.1|RYR.2	NC_137817.1	48029742	48190243	12	ARAP1;CUL3B;EXOSC5;FAM124B;HNRNPUL1;MMP28;OPA3;PDE2A;PPP1R13L;RASGRP4;STARD10;TMEM91
GCF_963921795.1	Nannobrachium achirus	Actinopteri	Myctophiformes	teleost	RYR	Nannobrachium_achirus|GCF_963921795.1|RYR.4	Nannobrachium_achirus|GCF_963921795.1|RYR.4	NC_137823.1	61846439	62232966	10	AVEN;CHRM5B;EMC7B;GPR176;KATNBL1;MGAT2;RPS29;SIPA1L1;SUSD6;THBS1B
GCF_963921795.1	Nannobrachium achirus	Actinopteri	Myctophiformes	teleost	RYR	Nannobrachium_achirus|GCF_963921795.1|RYR.0	Nannobrachium_achirus|GCF_963921795.1|RYR.0	NC_137825.1	41026776	41319201	10	CHRM3B;CPPED1;ERCC4;EXOC6;FMN2B;GREM2B;HHEX;MRTFB;SHISA9A;SNX29
GCF_963921795.1	Nannobrachium achirus	Actinopteri	Myctophiformes	teleost	RYR	Nannobrachium_achirus|GCF_963921795.1|RYR.1	Nannobrachium_achirus|GCF_963921795.1|RYR.1	NC_137826.1	11084500	11226820	9	AP2B1;BCKDK;GNG8;NFRK;ORAI2;PHLDB2A;RPS14;SMS;TMEM45B
GCF_963921795.1	Nannobrachium achirus	Actinopteri	Myctophiformes	teleost	RYR	Nannobrachium_achirus|GCF_963921795.1|RYR.3	Nannobrachium_achirus|GCF_963921795.1|RYR.3	NC_137827.1	19581930	19924050	11	ACP7;CHRM5A;DLST;ESRR;GPX2;IFT43;PROX2;RPS6KL1;TGFB3;THBS1A;TTLL5
GCF_963921795.1	Nannobrachium achirus	Actinopteri	Myctophiformes	teleost	RYR	Nannobrachium_achirus|GCF_963921795.1|RYR.5	Nannobrachium_achirus|GCF_963921795.1|RYR.5	NC_137833.1	37052043	37196103	13	ACTN2B;BICC1A;CCSER2A;CHRM3A;ECD;FAM149B1;FMN2A;GRID1A;NDNFL;P4HA1B;PHYHIPL;SLC16A9A;SPARCL2
GCF_963921805.1	Phalacrocorax carbo	Aves	Suliformes	non_actinopterygian	ITPR1	Phalacrocorax_carbo|GCF_963921805.1|ITPR1.0	Phalacrocorax_carbo|GCF_963921805.1|ITPR1.0	NC_087518.1	2424633	2597872	16	ARL8B;BHLHE40;CAV3;CHL1;CRBN;EDEM1;GRM7;IL5RA;LMCD1;LRRN1;OXTR;RAD18;SRGAP3;SSUH2;SUMF1;TRNT1
GCF_963921805.1	Phalacrocorax carbo	Aves	Suliformes	non_actinopterygian	ITPR2	Phalacrocorax_carbo|GCF_963921805.1|ITPR2.0	Phalacrocorax_carbo|GCF_963921805.1|ITPR2.0	NC_087513.1	75428417	75704457	18	BHLHE41;BMAL2;DNAI7;ETFRF1;FGFR1OP2;GYS2;INTS13;IRAG2;KRAS;LDHB;LMNTD1;MED21;PPFIBP1;RASSF8;REP15;SSPN;STK38L;TM7SF3
GCF_963921805.1	Phalacrocorax carbo	Aves	Suliformes	non_actinopterygian	ITPR3	Phalacrocorax_carbo|GCF_963921805.1|ITPR3.0	Phalacrocorax_carbo|GCF_963921805.1|ITPR3.0	NC_087535.1	3775828	3822746	13	APOBEC2;BAK1;GRM4;HMGA1;IP6K3;LEMD2;MLN;NFYA;NUDT3;OARD1;PACSIN1;RPS10;SMIM29
GCF_963921805.1	Phalacrocorax carbo	Aves	Suliformes	non_actinopterygian	RYR	Phalacrocorax_carbo|GCF_963921805.1|RYR.0	Phalacrocorax_carbo|GCF_963921805.1|RYR.0	NC_087515.1	7381110	7826799	20	ACTN2;CHRM3;EDARADD;ERO1B;EXO1;FMN2;GNG4;GPR137B;GREM2;HEATR1;LGALS8;LYST;MAP1LC3C;MTR;NID1;OPN3;PIGM;PLD5;RGS7;WDR64
GCF_963921805.1	Phalacrocorax carbo	Aves	Suliformes	non_actinopterygian	RYR	Phalacrocorax_carbo|GCF_963921805.1|RYR.1	Phalacrocorax_carbo|GCF_963921805.1|RYR.1	NC_087521.1	3205968	3459896	19	ARHGAP11A;AVEN;CDIN1;CHRM5;DPH6;EIF2AK4;EMC7;FAM98B;FMN1;FSIP1;GPR176;GREM1;KATNBL1;MEIS2;RASGRP1;SCG5;SPRED1;SRP14;THBS1
GCF_963989245.1	Nansenia antarctica	Actinopteri	Argentiniformes	teleost	ITPR1	Nansenia_antarctica|GCF_963989245.1|ITPR1.1	Nansenia_antarctica|GCF_963989245.1|ITPR1.1	NC_137685.1	6488077	6605936	10	ARL8B;BCDIN3D;BHLHE40;CAMKV;CERS5;MON1A;MST1R;SEMA3F;SETMAR;TRAIP
GCF_963989245.1	Nansenia antarctica	Actinopteri	Argentiniformes	teleost	ITPR1	Nansenia_antarctica|GCF_963989245.1|ITPR1.0	Nansenia_antarctica|GCF_963989245.1|ITPR1.0	NC_137691.1	5023441	5153498	8	ATF1;DIP2B;DTX3L;ESYT1B;FAIM2B;SLC4A8;SUMF1;ZC3H10
GCF_963989245.1	Nansenia antarctica	Actinopteri	Argentiniformes	teleost	ITPR2	Nansenia_antarctica|GCF_963989245.1|ITPR2.0	Nansenia_antarctica|GCF_963989245.1|ITPR2.0	NC_137684.1	13324657	13421600	17	BANP;BHLHE41;C1QTNF13;EEA1;FANCI;FBXO31;KRAS;NR1H4;NUDT4A;PDCD2L;PLEKHG7;POLG;RASSF8A;SLC17A8;SSPN;UBE2N;ZNF469
GCF_963989245.1	Nansenia antarctica	Actinopteri	Argentiniformes	teleost	ITPR3	Nansenia_antarctica|GCF_963989245.1|ITPR3.0	Nansenia_antarctica|GCF_963989245.1|ITPR3.0	NC_137676.1	11830550	11873691	8	GPR37L1B;HM13;KLHDC8B;LAMB2;LAMB2L;SNX21;TNNC2;USP19
GCF_963989245.1	Nansenia antarctica	Actinopteri	Argentiniformes	teleost	RYR	Nansenia_antarctica|GCF_963989245.1|RYR.3	Nansenia_antarctica|GCF_963989245.1|RYR.3	NC_137674.1	32101185	32305976	10	ACP7;ACTC1B;ARHGAP11A;BMF1;CHRM5A;EIF2AK4;FSIP1;GCHFR;GREM1B;THBS1A
GCF_963989245.1	Nansenia antarctica	Actinopteri	Argentiniformes	teleost	RYR	Nansenia_antarctica|GCF_963989245.1|RYR.4	Nansenia_antarctica|GCF_963989245.1|RYR.4	NC_137674.1	59971526	60103767	17	ACOT20;ACTC1A;AVEN;BCL11B;CCDC85C;CCNK;CHRM5B;EMC7B;FMN1;GPR176;GREM1A;ISM2B;KATNBL1;SCG5;SPTLC2B;SUSD6;THBS1B
GCF_963989245.1	Nansenia antarctica	Actinopteri	Argentiniformes	teleost	RYR	Nansenia_antarctica|GCF_963989245.1|RYR.2	Nansenia_antarctica|GCF_963989245.1|RYR.2	NC_137674.1	101847335	101924039	11	ABHD15A;ACTN2B;AIPL1;BICC1A;CHRM3A;CPDA;CRYBA1A;CRYBB1L3;EXO5;GOSR1;TRARG1A
GCF_963989245.1	Nansenia antarctica	Actinopteri	Argentiniformes	teleost	RYR	Nansenia_antarctica|GCF_963989245.1|RYR.5	Nansenia_antarctica|GCF_963989245.1|RYR.5	NC_137681.1	2312462	2403004	12	CHRM3B;CYP26A1;DNTTIP2;EXOC6;FH;FMN2B;GREM2B;HHEX;MTR;REEP3B;RGS7B;SYDE1
GCF_963989245.1	Nansenia antarctica	Actinopteri	Argentiniformes	teleost	RYR	Nansenia_antarctica|GCF_963989245.1|RYR.1	Nansenia_antarctica|GCF_963989245.1|RYR.1	NC_137687.1	15761957	15905365	15	ATG16L2;AXL;BCKDH;BICR;EHD2B;EXOSC5;NAPA;OPA3;PPP1R13L;PPP5C;PSMD8;RASGRP4;TGFB1A;TMEM91;WDR62
GCF_963989245.1	Nansenia antarctica	Actinopteri	Argentiniformes	teleost	RYR	Nansenia_antarctica|GCF_963989245.1|RYR.0	Nansenia_antarctica|GCF_963989245.1|RYR.0	NC_137693.1	6868225	6938864	8	B9D2;CBR1L;CCDC90B;HNRNPUL1L;NCBP3;PCF11;RAP1GAP2B;SMS
GCF_964187855.1	Myxine glutinosa	Myxini	Myxiniformes	non_actinopterygian	ITPR1	Myxine_glutinosa|GCF_964187855.1|ITPR1.0	Myxine_glutinosa|GCF_964187855.1|ITPR1.0	NC_136261.1	297520938	297891384	5	NUDT3;PSMA5;TBC1D30;TMEM115;UQCC2
GCF_964187855.1	Myxine glutinosa	Myxini	Myxiniformes	non_actinopterygian	ITPR1	Myxine_glutinosa|GCF_964187855.1|ITPR1.1	Myxine_glutinosa|GCF_964187855.1|ITPR1.1	NC_136264.1	122839381	123519227	7	BICD2;CACNA2D3;CCDC22;CHDH;FBXO7;IPO9;WASHC1
GCF_964187855.1	Myxine glutinosa	Myxini	Myxiniformes	non_actinopterygian	ITPR1	Myxine_glutinosa|GCF_964187855.1|ITPR1.2	Myxine_glutinosa|GCF_964187855.1|ITPR1.2	NC_136272.1	86116883	86302368	7	BHLHE40;EDEM1;EFCAB10;KICS2;RTCB;SSPN;THUMPD3
GCF_964187855.1	Myxine glutinosa	Myxini	Myxiniformes	non_actinopterygian	RYR	Myxine_glutinosa|GCF_964187855.1|RYR.1	Myxine_glutinosa|GCF_964187855.1|RYR.1	NC_136269.1	26312285	26947317	8	AVEN;DPP3;DYNC2LI1;FSAF1;GREM1;HAO1;MDH1;WDPCP
GCF_964195595.1	Calonectris borealis	Aves	Procellariiformes	non_actinopterygian	ITPR1	Calonectris_borealis|GCF_964195595.1|ITPR1.0	Calonectris_borealis|GCF_964195595.1|ITPR1.0	NC_134321.1	2145124	2416982	15	CAV3;CHL1;CNTN6;CRBN;EDEM1;GRM7;IL5RA;LMCD1;LRRN1;OXTR;RAD18;SRGAP3;SUMF1;THUMPD3;TRNT1
GCF_964195595.1	Calonectris borealis	Aves	Procellariiformes	non_actinopterygian	ITPR2	Calonectris_borealis|GCF_964195595.1|ITPR2.0	Calonectris_borealis|GCF_964195595.1|ITPR2.0	NC_134312.1	75995739	76257213	19	BHLHE41;BMAL2;CYB5R3;DNAI7;ETFRF1;FGFR1OP2;GYS2;INTS13;IRAG2;KRAS;LMNTD1;MED21;PPFIBP1;RASSF8;REP15;SPX;SSPN;STK38L;TM7SF3
GCF_964195595.1	Calonectris borealis	Aves	Procellariiformes	non_actinopterygian	ITPR3	Calonectris_borealis|GCF_964195595.1|ITPR3.0	Calonectris_borealis|GCF_964195595.1|ITPR3.0	NC_134337.1	4316410	4357998	16	APOBEC2;BAK1;FOXP4;GRM4;HMGA1;IP6K3;LEMD2;MDFI;NFYA;NUDT3;OARD1;PACSIN1;RPS10;SMIM29;TFEB;UQCC2
GCF_964195595.1	Calonectris borealis	Aves	Procellariiformes	non_actinopterygian	RYR	Calonectris_borealis|GCF_964195595.1|RYR.0	Calonectris_borealis|GCF_964195595.1|RYR.0	NC_134314.1	85572326	86016448	20	ACTN2;CHRM3;EDARADD;ERO1B;EXO1;FMN2;GNG4;GPR137B;GREM2;HEATR1;LGALS8;LYST;MAP1LC3C;MTR;NID1;OPN3;PIGM;PLD5;RGS7;WDR64
GCF_964195595.1	Calonectris borealis	Aves	Procellariiformes	non_actinopterygian	RYR	Calonectris_borealis|GCF_964195595.1|RYR.2	Calonectris_borealis|GCF_964195595.1|RYR.2	NC_134316.1	35933623	36188477	19	ARHGAP11A;BMF;CDIN1;CHRM5;DPH6;EIF2AK4;EMC7;FAM98B;FMN1;FSIP1;GPR176;GREM1;KATNBL1;MEIS2;RASGRP1;SCG5;SPRED1;SRP14;THBS1
GCF_964195595.1	Calonectris borealis	Aves	Procellariiformes	non_actinopterygian	RYR	Calonectris_borealis|GCF_964195595.1|RYR.1	Calonectris_borealis|GCF_964195595.1|RYR.1	NC_134343.1	575745	652719	18	ACTN4;BICRA;ECH1;EHD2;EIF3K;HNRNPL;KPTN;MAP4K1;MRPS12;NAPA;NFKBIB;NOP53;PAK4;SARS2;SELENOW;SIRT2;SLC8A2;ZNF541
GCF_964237555.1	Oryctolagus cuniculus	Mammalia	Lagomorpha	non_actinopterygian	ITPR1	Oryctolagus_cuniculus|GCF_964237555.1|ITPR1.0	Oryctolagus_cuniculus|GCF_964237555.1|ITPR1.0	NC_091441.1	120929114	121206414	17	ARL8B;BHLHE40;CAV3;CHL1;CNTN4;CNTN6;CRBN;EDEM1;GRM7;IL5RA;LMCD1;LRRN1;OXTR;RAD18;SSUH2;SUMF1;TRNT1
GCF_964237555.1	Oryctolagus cuniculus	Mammalia	Lagomorpha	non_actinopterygian	ITPR2	Oryctolagus_cuniculus|GCF_964237555.1|ITPR2.0	Oryctolagus_cuniculus|GCF_964237555.1|ITPR2.0	NC_091440.1	123483858	124074704	18	BHLHE41;BMAL2;C9H12ORF71;DNAI7;ETFRF1;FGFR1OP2;INTS13;IRAG2;KRAS;LMNTD1;MED21;MRPS35;PPFIBP1;RASSF8;SMCO2;SSPN;STK38L;TM7SF3
GCF_964237555.1	Oryctolagus cuniculus	Mammalia	Lagomorpha	non_actinopterygian	ITPR3	Oryctolagus_cuniculus|GCF_964237555.1|ITPR3.0	Oryctolagus_cuniculus|GCF_964237555.1|ITPR3.0	NC_091436.1	135336144	135581432	19	BAK1;BLTP3A;CUTA;DAXX;GRM4;HMGA1;ILRUN;KIFC1;NUDT3;PACSIN1;PHF1;RPS10;SMIM29;SMIM40;SNRPC;SPDEF;SYNGAP1;ZBTB22;ZBTB9
GCF_964237555.1	Oryctolagus cuniculus	Mammalia	Lagomorpha	non_actinopterygian	RYR	Oryctolagus_cuniculus|GCF_964237555.1|RYR.2	Oryctolagus_cuniculus|GCF_964237555.1|RYR.2	NC_091443.1	56096469	56693533	17	ACTC1;AQR;ARHGAP11A;AVEN;CHRM5;DPH6;EMC4;EMC7;FMN1;GJD2;GREM1;KATNBL1;LPCAT4;NUTM1;SCG5;SLC12A6;ZNF770
GCF_964237555.1	Oryctolagus cuniculus	Mammalia	Lagomorpha	non_actinopterygian	RYR	Oryctolagus_cuniculus|GCF_964237555.1|RYR.0	Oryctolagus_cuniculus|GCF_964237555.1|RYR.0	NC_091444.1	59891363	60447986	10	ACTN2;CHRM3;EDARADD;ERO1B;GPR137B;GREM2;HEATR1;LGALS8;MTR;ZP4
GCF_964237555.1	Oryctolagus cuniculus	Mammalia	Lagomorpha	non_actinopterygian	RYR	Oryctolagus_cuniculus|GCF_964237555.1|RYR.1	Oryctolagus_cuniculus|GCF_964237555.1|RYR.1	NC_091449.1	16084163	16191771	17	ACTN4;C18H19ORF33;CAPN12;CATSPERG;ECH1;EIF3K;FAM98C;GGN;HNRNPL;KCNK6;LGALS4;MAP4K1;PSMD8;RASGRP4;RINL;SPRED3;YIF1B
GCF_964237585.1	Gallinula chloropus	Aves	Gruiformes	non_actinopterygian	ITPR1	Gallinula_chloropus|GCF_964237585.1|ITPR1.0	Gallinula_chloropus|GCF_964237585.1|ITPR1.0	NC_140097.1	1753779	1921297	16	ARL8B;BHLHE40;CAV3;CHL1;CRBN;EDEM1;GRM7;IL5RA;LMCD1;LRRN1;OXTR;RAD18;SRGAP3;SUMF1;THUMPD3;TRNT1
GCF_964237585.1	Gallinula chloropus	Aves	Gruiformes	non_actinopterygian	ITPR2	Gallinula_chloropus|GCF_964237585.1|ITPR2.0	Gallinula_chloropus|GCF_964237585.1|ITPR2.0	NC_140085.1	74456102	74717511	19	BHLHE41;BMAL2;CYB5R3;DNAI7;ETFRF1;FGFR1OP2;GYS2;INTS13;IRAG2;KRAS;LDHB;MED21;PPFIBP1;RASSF8;REP15;SPX;SSPN;STK38L;TM7SF3
GCF_964237585.1	Gallinula chloropus	Aves	Gruiformes	non_actinopterygian	ITPR3	Gallinula_chloropus|GCF_964237585.1|ITPR3.0	Gallinula_chloropus|GCF_964237585.1|ITPR3.0	NC_140112.1	6483567	6591292	17	APOBEC2;BAK1;BLTP3A;FOXP4;GRM4;HMGA1;ILRUN;MDFI;NFYA;NUDT3;OARD1;PACSIN1;SMIM29;SNRPC;SPDEF;TFEB;TSPO2
GCF_964237585.1	Gallinula chloropus	Aves	Gruiformes	non_actinopterygian	RYR	Gallinula_chloropus|GCF_964237585.1|RYR.0	Gallinula_chloropus|GCF_964237585.1|RYR.0	NC_140087.1	43462223	43850627	15	ACTN2;CHRM3;EDARADD;ERO1B;FMN2;GNG4;GPR137B;GREM2;HEATR1;LGALS8;LYST;MTR;NID1;PIGM;RGS7
GCF_964237585.1	Gallinula chloropus	Aves	Gruiformes	non_actinopterygian	RYR	Gallinula_chloropus|GCF_964237585.1|RYR.1	Gallinula_chloropus|GCF_964237585.1|RYR.1	NC_140088.1	14067019	14285815	18	ARHGAP11A;AVEN;CDIN1;CHRM5;DPH6;EIF2AK4;EMC7;FAM98B;FMN1;FSIP1;GPR176;GREM1;KATNBL1;MEIS2;RASGRP1;SPRED1;SRP14;THBS1
GCF_964261635.1	Lissotriton helveticus	Amphibia	Caudata	non_actinopterygian	ITPR1	Lissotriton_helveticus|GCF_964261635.1|ITPR1.0	Lissotriton_helveticus|GCF_964261635.1|ITPR1.0	NC_136070.1	1194533319	1195928831	9	ARL8B;BHLHE40;CRBN;EDEM1;GRM7;IL5RA;LMCD1;LRRN1;SUMF1
GCF_964261635.1	Lissotriton helveticus	Amphibia	Caudata	non_actinopterygian	ITPR2	Lissotriton_helveticus|GCF_964261635.1|ITPR2.0	Lissotriton_helveticus|GCF_964261635.1|ITPR2.0	NC_136057.1	604912961	606646244	17	BCAT1;BHLHE41;BMAL2;DNAI7;ETFRF1;FGFR1OP2;INTS13;IRAG2;KRAS;LMNTD1;MED21;PKP2;RASSF8;SSPN;STK38L;SYT10;TM7SF3
GCF_964261635.1	Lissotriton helveticus	Amphibia	Caudata	non_actinopterygian	ITPR3	Lissotriton_helveticus|GCF_964261635.1|ITPR3.0	Lissotriton_helveticus|GCF_964261635.1|ITPR3.0	NC_136065.1	1347866960	1349534560	14	APOBEC2;BAK1;GPR25;GRM4;HMGA1;INAVA;LEMD2;MLN;NUDT3;OARD1;PACSIN1;RPS10;SMIM29;TMEM167B
GCF_964261635.1	Lissotriton helveticus	Amphibia	Caudata	non_actinopterygian	RYR	Lissotriton_helveticus|GCF_964261635.1|RYR.0	Lissotriton_helveticus|GCF_964261635.1|RYR.0	NC_136067.1	1488244886	1492665789	11	CHRM3;FAM98A;FEZ2;GREM2;MEMO1;PEX13;SANBR;SRD5A2;USP34;XPO1;ZC3H6
GCF_964261635.1	Lissotriton helveticus	Amphibia	Caudata	non_actinopterygian	RYR	Lissotriton_helveticus|GCF_964261635.1|RYR.2	Lissotriton_helveticus|GCF_964261635.1|RYR.2	NC_136070.1	58881790	60814365	16	ARHGAP11A;AVEN;CCDC177;CHRM5;FAM98B;FMN1;GPR176;GREM1;MEIS2;PLEKHD1;RASGRP1;SCG5;SFT2D3;SLC39A9;SPRED1;SUSD6
GCF_964261635.1	Lissotriton helveticus	Amphibia	Caudata	non_actinopterygian	RYR	Lissotriton_helveticus|GCF_964261635.1|RYR.1	Lissotriton_helveticus|GCF_964261635.1|RYR.1	NC_136070.1	916184391	917254474	5	ALKBH6;BICRA;CLIP3;EIF3K;ZNF541
GCF_964289735.1	Phaethon aethereus	Aves	Phaethontiformes	non_actinopterygian	ITPR1	Phaethon_aethereus|GCF_964289735.1|ITPR1.0	Phaethon_aethereus|GCF_964289735.1|ITPR1.0	NC_138587.1	2269477	2501627	16	ARL8B;CAV3;CHL1;CRBN;EDEM1;GRM7;IL5RA;LMCD1;LRRN1;OXTR;RAD18;SRGAP3;SSUH2;SUMF1;THUMPD3;TRNT1
GCF_964289735.1	Phaethon aethereus	Aves	Phaethontiformes	non_actinopterygian	ITPR2	Phaethon_aethereus|GCF_964289735.1|ITPR2.0	Phaethon_aethereus|GCF_964289735.1|ITPR2.0	NC_138575.1	76420449	76691848	18	BHLHE41;BMAL2;CYB5R3;ETFRF1;FGFR1OP2;GYS2;INTS13;IRAG2;KCNJ8;LDHB;MED21;PPFIBP1;RASSF8;REP15;SPX;SSPN;STK38L;TM7SF3
GCF_964289735.1	Phaethon aethereus	Aves	Phaethontiformes	non_actinopterygian	ITPR3	Phaethon_aethereus|GCF_964289735.1|ITPR3.0	Phaethon_aethereus|GCF_964289735.1|ITPR3.0	NC_138600.1	4298788	4340072	16	APOBEC2;BAK1;FOXP4;GRM4;HMGA1;IP6K3;LEMD2;MDFI;NFYA;NUDT3;OARD1;PACSIN1;SMIM29;TFEB;TSPO2;UQCC2
GCF_964289735.1	Phaethon aethereus	Aves	Phaethontiformes	non_actinopterygian	RYR	Phaethon_aethereus|GCF_964289735.1|RYR.0	Phaethon_aethereus|GCF_964289735.1|RYR.0	NC_138576.1	86004148	86420116	20	ACTN2;CHRM3;EDARADD;ERO1B;EXO1;FMN2;GNG4;GPR137B;GREM2;HEATR1;LGALS8;LYST;MAP1LC3C;MTR;NID1;OPN3;PIGM;PLD5;RGS7;WDR64
GCF_964289735.1	Phaethon aethereus	Aves	Phaethontiformes	non_actinopterygian	RYR	Phaethon_aethereus|GCF_964289735.1|RYR.1	Phaethon_aethereus|GCF_964289735.1|RYR.1	NC_138579.1	36474956	36714966	18	ARHGAP11A;AVEN;CDIN1;CHRM5;DPH6;EIF2AK4;EMC7;FAM98B;FMN1;FSIP1;GPR176;GREM1;KATNBL1;MEIS2;RASGRP1;SPRED1;SRP14;THBS1
GCF_964417175.1	Larus argentatus	Aves	Charadriiformes	non_actinopterygian	ITPR1	Larus_argentatus|GCF_964417175.1|ITPR1.0	Larus_argentatus|GCF_964417175.1|ITPR1.0	NC_138697.1	12491935	12667546	15	ARL8B;BHLHE40;CAV3;CNTN6;CRBN;EDEM1;GRM7;IL5RA;LMCD1;LRRN1;OXTR;RAD18;SRGAP3;SUMF1;TRNT1
GCF_964417175.1	Larus argentatus	Aves	Charadriiformes	non_actinopterygian	ITPR2	Larus_argentatus|GCF_964417175.1|ITPR2.0	Larus_argentatus|GCF_964417175.1|ITPR2.0	NC_138688.1	145795008	146063321	18	BHLHE41;BMAL2;DNAI7;ETFRF1;FGFR1OP2;GYS2;INTS13;IRAG2;LDHB;LMNTD1;MED21;PPFIBP1;RASSF8;REP15;SPX;SSPN;STK38L;TM7SF3
GCF_964417175.1	Larus argentatus	Aves	Charadriiformes	non_actinopterygian	ITPR3	Larus_argentatus|GCF_964417175.1|ITPR3.0	Larus_argentatus|GCF_964417175.1|ITPR3.0	NC_138708.1	4218781	4347272	16	APOBEC2;BAK1;BLTP3A;FOXP4;GRM4;HMGA1;ILRUN;NFYA;NUDT3;OARD1;PACSIN1;RPS10;SMIM29;SNRPC;SPDEF;TSPO2
GCF_964417175.1	Larus argentatus	Aves	Charadriiformes	non_actinopterygian	RYR	Larus_argentatus|GCF_964417175.1|RYR.0	Larus_argentatus|GCF_964417175.1|RYR.0	NC_138690.1	83644440	84067209	20	ACTN2;CHRM3;EDARADD;ERO1B;EXO1;FMN2;GNG4;GPR137B;GREM2;HEATR1;LGALS8;LYST;MAP1LC3C;MTR;NID1;OPN3;PIGM;PLD5;RGS7;WDR64
GCF_964417175.1	Larus argentatus	Aves	Charadriiformes	non_actinopterygian	RYR	Larus_argentatus|GCF_964417175.1|RYR.1	Larus_argentatus|GCF_964417175.1|RYR.1	NC_138691.1	60718515	60954678	18	ARHGAP11A;AVEN;CDIN1;CHRM5;DPH6;EIF2AK4;EMC7;FAM98B;FMN1;FSIP1;GPR176;GREM1;KATNBL1;MEIS2;RASGRP1;SCG5;SPRED1;THBS1
GCF_964638095.1	Poromitra crassiceps	Actinopteri	Beryciformes	teleost	ITPR1	Poromitra_crassiceps|GCF_964638095.1|ITPR1.1	Poromitra_crassiceps|GCF_964638095.1|ITPR1.1	NC_139649.1	11210400	11329746	16	ARL8B;AVPR2B;BHLHE40;CAMKV;CBFA2T2;GRM6B;LRRN1;MON1A;MST1R;NECAB3;RBCK1;SEMA3F;SETMAR;SNTA1;TBC1D20;TRAIP
GCF_964638095.1	Poromitra crassiceps	Actinopteri	Beryciformes	teleost	ITPR1	Poromitra_crassiceps|GCF_964638095.1|ITPR1.0	Poromitra_crassiceps|GCF_964638095.1|ITPR1.0	NC_139650.1	1814825	1962272	10	ATF1;DIP2B;DTX3L;ESYT1B;LARP4A;PFDN5;SLC4A8;SUMF1;TTLL3;ZC3H10
GCF_964638095.1	Poromitra crassiceps	Actinopteri	Beryciformes	teleost	ITPR2	Poromitra_crassiceps|GCF_964638095.1|ITPR2.0	Poromitra_crassiceps|GCF_964638095.1|ITPR2.0	NC_139636.1	15547136	15618746	18	BANP;BHLHE41;BMAL2;C1QTNF13;CES2B;EEA1;FANCI;FBXO31;KRAS;NR1H4;NUDT4A;PLEKHG7;PPFIBP1B;RASSF8A;SLC17A8;SSPN;UBE2N;ZNF469
GCF_964638095.1	Poromitra crassiceps	Actinopteri	Beryciformes	teleost	ITPR3	Poromitra_crassiceps|GCF_964638095.1|ITPR3.0	Poromitra_crassiceps|GCF_964638095.1|ITPR3.0	NC_139637.1	26951742	27143409	6	GPR37L1B;GRIPAP1;KCND1;MRGBP;PTPN18;USP11
GCF_964638095.1	Poromitra crassiceps	Actinopteri	Beryciformes	teleost	RYR	Poromitra_crassiceps|GCF_964638095.1|RYR.1	Poromitra_crassiceps|GCF_964638095.1|RYR.1	NC_139623.1	96595133	96698768	12	CXXC5A;DNAJC18;GABRR3A;GNG8;LIPI;NFRK;NRG2A;PHLDB2A;PURA;SLC22A6L;SMS;TMEM45B
GCF_964638095.1	Poromitra crassiceps	Actinopteri	Beryciformes	teleost	RYR	Poromitra_crassiceps|GCF_964638095.1|RYR.3	Poromitra_crassiceps|GCF_964638095.1|RYR.3	NC_139625.1	39928378	40121111	11	ACP7;ACTC1B;ARHGAP11A;BMF1;CHRM5A;CYP1C1;CYP1C2;EIF2AK4;FSIP1;GREM1B;THBS1A
GCF_964638095.1	Poromitra crassiceps	Actinopteri	Beryciformes	teleost	RYR	Poromitra_crassiceps|GCF_964638095.1|RYR.0	Poromitra_crassiceps|GCF_964638095.1|RYR.0	NC_139626.1	19159048	19375479	15	CHRM3B;COL1A1B;COX19;DCXR;FASN;FH;FMN2B;GNGT2B;LRRC45;MTR;PRDM9;RAC3B;RFNG;SGCA;TMEM101
GCF_964638095.1	Poromitra crassiceps	Actinopteri	Beryciformes	teleost	RYR	Poromitra_crassiceps|GCF_964638095.1|RYR.5	Poromitra_crassiceps|GCF_964638095.1|RYR.5	NC_139630.1	41008389	41223435	17	AVEN;CHRM5B;EMC7B;FMN1;GPR176;GPR31;GREM1A;GTF3C2;IFT172;KATNBL1;MAX;SLC10A1;SLC30A2;SRSF5B;SUSD6;THBS1B;TTLL2
GCF_964638095.1	Poromitra crassiceps	Actinopteri	Beryciformes	teleost	RYR	Poromitra_crassiceps|GCF_964638095.1|RYR.4	Poromitra_crassiceps|GCF_964638095.1|RYR.4	NC_139633.1	25618024	25712026	15	ACTN2B;BICC1A;CCSER2A;CHRM3A;DNAJC9;ECD;FAM149B1;FMN2A;GRID1A;METTL22;NDNFL;P4HA1B;PHYHIPL;RGS7A;SPARCL2
GCF_964638095.1	Poromitra crassiceps	Actinopteri	Beryciformes	teleost	RYR	Poromitra_crassiceps|GCF_964638095.1|RYR.2	Poromitra_crassiceps|GCF_964638095.1|RYR.2	NC_139642.1	38844232	38973306	9	B3GNT2L;BCKDH;EXOSC5;HNRNPUL1;NAPA;OPA3;PPP1R13L;RASGRP4;TMEM91
GCF_965183815.1	Platalea leucorodia	Aves	Pelecaniformes	non_actinopterygian	ITPR1	Platalea_leucorodia|GCF_965183815.1|ITPR1.0	Platalea_leucorodia|GCF_965183815.1|ITPR1.0	NC_138831.1	14062950	14236753	16	ARL8B;BHLHE40;CAV3;CHL1;CNTN3;CNTN6;CRBN;EDEM1;GRM7;IL5RA;LMCD1;LRRN1;OXTR;RAD18;SUMF1;TRNT1
GCF_965183815.1	Platalea leucorodia	Aves	Pelecaniformes	non_actinopterygian	ITPR2	Platalea_leucorodia|GCF_965183815.1|ITPR2.0	Platalea_leucorodia|GCF_965183815.1|ITPR2.0	NC_138826.1	52505463	52773580	18	BHLHE41;BMAL2;CYB5R3;ETFRF1;FGFR1OP2;GYS2;INTS13;IRAG2;KCNJ8;LDHB;MED21;PPFIBP1;RASSF8;REP15;SPX;SSPN;STK38L;TM7SF3
GCF_965183815.1	Platalea leucorodia	Aves	Pelecaniformes	non_actinopterygian	ITPR3	Platalea_leucorodia|GCF_965183815.1|ITPR3.0	Platalea_leucorodia|GCF_965183815.1|ITPR3.0	NC_138841.1	882633	931307	14	APOBEC2;BAK1;FOXP4;GRM4;HMGA1;IP6K3;LEMD2;MLN;NFYA;NUDT3;OARD1;PACSIN1;SMIM29;TSPO2
GCF_965183815.1	Platalea leucorodia	Aves	Pelecaniformes	non_actinopterygian	RYR	Platalea_leucorodia|GCF_965183815.1|RYR.0	Platalea_leucorodia|GCF_965183815.1|RYR.0	NC_138825.1	43712133	44153913	20	ACTN2;CHRM3;EDARADD;ERO1B;EXO1;FMN2;GNG4;GPR137B;GREM2;HEATR1;LGALS8;LYST;MAP1LC3C;MTR;NID1;OPN3;PIGM;PLD5;RGS7;WDR64
GCF_965183815.1	Platalea leucorodia	Aves	Pelecaniformes	non_actinopterygian	RYR	Platalea_leucorodia|GCF_965183815.1|RYR.2	Platalea_leucorodia|GCF_965183815.1|RYR.2	NC_138829.1	36714846	36963792	18	ARHGAP11A;AVEN;CDIN1;CHRM5;DPH6;EIF2AK4;EMC7;FAM98B;FMN1;FSIP1;GPR176;GREM1;KATNBL1;MEIS2;RASGRP1;SPRED1;SRP14;THBS1
GCF_965183815.1	Platalea leucorodia	Aves	Pelecaniformes	non_actinopterygian	RYR	Platalea_leucorodia|GCF_965183815.1|RYR.1	Platalea_leucorodia|GCF_965183815.1|RYR.1	NC_138848.1	601615	675691	19	ACTN4;BICRA;ECH1;EHD2;EIF3K;HNRNPL;KPTN;MAP4K1;MRPS12;NAPA;NFKBIB;PAK4;PSMD8;RASGRP4;SARS2;SIRT2;SLC8A2;SPRED3;ZNF541
GCF_965601325.1	Salmo salar	Actinopteri	Salmoniformes	extra_wgd	ITPR1	Salmo_salar|GCF_965601325.1|ITPR1.0	Salmo_salar|GCF_965601325.1|ITPR1.0	NC_138302.1	65213816	65370725	5	ATF1;ESYT1B;SUMF1;TMT1A;TTLL3
GCF_965601325.1	Salmo salar	Actinopteri	Salmoniformes	extra_wgd	ITPR2	Salmo_salar|GCF_965601325.1|ITPR2.0	Salmo_salar|GCF_965601325.1|ITPR2.0	NC_138300.1	103696952	103841600	9	BHLH3;BMAL2;CES2B;ENDOUC;FANCI;KRAS;PPFIBP1B;SLC17A8;UBE2N
GCF_965601325.1	Salmo salar	Actinopteri	Salmoniformes	extra_wgd	ITPR2	Salmo_salar|GCF_965601325.1|ITPR2.1	Salmo_salar|GCF_965601325.1|ITPR2.1	NC_138306.1	18761487	18937101	8	BHLHE41;EEA1;FBXO31;NUDT4A;POLG;RASK;SSPN;UBE2N
GCF_965601325.1	Salmo salar	Actinopteri	Salmoniformes	extra_wgd	ITPR3	Salmo_salar|GCF_965601325.1|ITPR3.0	Salmo_salar|GCF_965601325.1|ITPR3.0	NC_138305.1	81082805	81121985	10	ARHGAP46B;ARL8A;ETBR2;LAMB2;LAMB2L;MRGBP;NDRG3B;PHF20B;SLA2B;USP19
GCF_965601325.1	Salmo salar	Actinopteri	Salmoniformes	extra_wgd	RYR	Salmo_salar|GCF_965601325.1|RYR.8	Salmo_salar|GCF_965601325.1|RYR.8	NC_138296.1	89230968	89493492	5	ACTC1A;AVEN;EMC7B;KATNBL1;SUSD6
GCF_965601325.1	Salmo salar	Actinopteri	Salmoniformes	extra_wgd	RYR	Salmo_salar|GCF_965601325.1|RYR.4	Salmo_salar|GCF_965601325.1|RYR.4	NC_138299.1	160248679	160515658	16	ATG16L2;AXL;B3GNT2L;BCKDH;BICR;EXOSC5;HNRNPUL1;LEG4;NAPA;OPA3;PPP1R13L;PPP5C;RASGRP4;TGFB1A;TMEM91;WDR62
GCF_965601325.1	Salmo salar	Actinopteri	Salmoniformes	extra_wgd	RYR	Salmo_salar|GCF_965601325.1|RYR.3	Salmo_salar|GCF_965601325.1|RYR.3	NC_138301.1	107385212	107534461	7	EHD2A;HNRNPUL1L;NAPA;NFRK;SELENOW1;SPSY;SYMPK
GCF_965638725.1	Aptenodytes patagonicus	Aves	Sphenisciformes	non_actinopterygian	ITPR1	Aptenodytes_patagonicus|GCF_965638725.1|ITPR1.0	Aptenodytes_patagonicus|GCF_965638725.1|ITPR1.0	NC_134956.1	23239786	23413377	17	ARL8B;BHLHE40;CAV3;CHL1;CNTN3;CNTN6;CRBN;EDEM1;GRM7;IL5RA;LMCD1;LRRN1;OXTR;RAD18;SSUH2;SUMF1;TRNT1
GCF_965638725.1	Aptenodytes patagonicus	Aves	Sphenisciformes	non_actinopterygian	ITPR2	Aptenodytes_patagonicus|GCF_965638725.1|ITPR2.0	Aptenodytes_patagonicus|GCF_965638725.1|ITPR2.0	NC_134949.1	76899859	77168011	19	BHLHE41;BMAL2;CYB5R3;DNAI7;ETFRF1;FGFR1OP2;GYS2;INTS13;IRAG2;KRAS;LMNTD1;MED21;PPFIBP1;RASSF8;REP15;SPX;SSPN;STK38L;TM7SF3
GCF_965638725.1	Aptenodytes patagonicus	Aves	Sphenisciformes	non_actinopterygian	ITPR3	Aptenodytes_patagonicus|GCF_965638725.1|ITPR3.0	Aptenodytes_patagonicus|GCF_965638725.1|ITPR3.0	NC_134970.1	4397227	4525979	17	APOBEC2;BAK1;BLTP3A;FOXP4;GRM4;HMGA1;ILRUN;MDFI;NFYA;NUDT3;OARD1;PACSIN1;RPS10;SMIM29;SNRPC;SPDEF;TFEB
GCF_965638725.1	Aptenodytes patagonicus	Aves	Sphenisciformes	non_actinopterygian	RYR	Aptenodytes_patagonicus|GCF_965638725.1|RYR.0	Aptenodytes_patagonicus|GCF_965638725.1|RYR.0	NC_134951.1	87964928	88421604	20	ACTN2;CHRM3;EDARADD;ERO1B;EXO1;FMN2;GNG4;GPR137B;GREM2;HEATR1;LGALS8;LYST;MAP1LC3C;MTR;NID1;OPN3;PIGM;PLD5;RGS7;WDR64
GCF_965638725.1	Aptenodytes patagonicus	Aves	Sphenisciformes	non_actinopterygian	RYR	Aptenodytes_patagonicus|GCF_965638725.1|RYR.1	Aptenodytes_patagonicus|GCF_965638725.1|RYR.1	NC_134955.1	36843781	37128007	19	ARHGAP11A;AVEN;CDIN1;CHRM5;DPH6;EIF2AK4;EMC7;FAM98B;FMN1;FSIP1;GPR176;GREM1;KATNBL1;MEIS2;RASGRP1;SCG5;SPRED1;SRP14;THBS1
