path	group	bytes	sha256
results/constraint/align_stats.json	results/constraint	1526	b79073ea0266fa282dd3cdb96864376bbbf5fd9b228807ac644e56ef5cdd9245
results/constraint/aln_ITPR1.fasta	results/constraint	955926	0967016362ff2aeb7b4467d4e941458c33fe3066d1940d8dc014e0a88cb4aab7
results/constraint/aln_ITPR1_pass1.fasta	results/constraint	955926	0967016362ff2aeb7b4467d4e941458c33fe3066d1940d8dc014e0a88cb4aab7
results/constraint/aln_ITPR1_pass1.log	results/constraint	1536477	2788266a7ba09fc5bd7b74c202787b1cf459fc3b66280a429000152d41d325dc
results/constraint/aln_ITPR2.fasta	results/constraint	866521	045235bc4b9e70a112e7b774163300ad1cd3997c411af23ee008dcf51c4bb784
results/constraint/aln_ITPR2_pass1.fasta	results/constraint	1453504	a7f3628bf3e00cb7ab613ef7e16315c2a8ae559b9dfe94040fde10ff636e6475
results/constraint/aln_ITPR2_pass1.log	results/constraint	1824200	4c5f33ba1ebf87f066fabd5504a587ab890b660cebd5ce6b4bc1f20b8835733a
results/constraint/aln_ITPR3.fasta	results/constraint	1018687	8e83ea1ba55fc2cac835cc852349f3941dad24c11c949871d01e3732ede39541
results/constraint/aln_ITPR3_pass1.fasta	results/constraint	1018687	8e83ea1ba55fc2cac835cc852349f3941dad24c11c949871d01e3732ede39541
results/constraint/aln_ITPR3_pass1.log	results/constraint	1724855	1a4ba7e3e71c04d5d5bd7796d24bdd431f2a6ee20a291bef1368acc4f0522655
results/constraint/clinvar_transcripts.tsv	results/constraint	210	fd01d8f117902ea5569dce3adcaa6dd146ffe27d447a2b46b8c93a05b6a1d616
results/constraint/constraint_ITPR1_Q14643.tsv	results/constraint	436730	9f2650c4e2d3f60ab366e74dd6757fad23fd87e6947c9db86d22df4b76172956
results/constraint/constraint_ITPR2_Q14571.tsv	results/constraint	428434	e3d46322af364feb25f16cd8d4131ba4066596aca644a8eb62b4bc663069a495
results/constraint/constraint_ITPR3_Q14573.tsv	results/constraint	424638	d908c520c298b5434764e8403bae8f1d7911257b71b8a3da1e2438f2db40ec75
results/constraint/constraint_by_element.tsv	results/constraint	4116	8a7b82362399b0f402e1a467daec05d1cb829762a07cc615f4b3045fe3abdbfb
results/constraint/constraint_stats.json	results/constraint	5436	a40acd9448ef0f36c5847b4d2264acd3d0f4185c34f711e4b944781c7e7dcbfe
results/constraint/curated_variant_control.tsv	results/constraint	224	1c6a7b148fb1f9904821fb482e6af7ed0672eec67ecd8be80e24bff745259278
results/constraint/domain_map.tsv	results/constraint	4818	e6ae09666d00d17f47d6e6127990c8dce8895579031c8809d6264a0e1ba58a82
results/constraint/fel/ITPR1.FEL.json	results/constraint	919218	5ac9746bea25cf8c0c817927ac8861e63e00098f5e9c4b5347f4a76c233e6405
results/constraint/fel/ITPR1.FEL.log	results/constraint	318089	fb99f98c986b6f5f71b3fec11757b9d0b2a5cdf20db106de008dec4b48570532
results/constraint/fel/ITPR2.FEL.json	results/constraint	848454	878f44d87d4df06d34a65029519ff95a5ae178fc289573e8b53ce25c7ba29cf7
results/constraint/fel/ITPR2.FEL.log	results/constraint	284994	7818b08be60d77f6bcf3f43874becd425f2f6f2efeb1b54ac3061c76d41e128b
results/constraint/fel/ITPR3.FEL.json	results/constraint	920987	90c0f8fbd2c1161aa24214a2720c798f64bbf8efc58627a5afb3ad4b827274f8
results/constraint/fel/ITPR3.FEL.log	results/constraint	290985	64ba7f9902af6d071922546a7d8067c8423e49e6d43c02e6bcaaaefd5388d38f
results/constraint/fel_sites.tsv	results/constraint	864743	b3f338776c6bcd62f816344288057eef88c54317debe7ce8ef4e21a547a299f1
results/constraint/fel_status.tsv	results/constraint	219	1d1ec6f4b8e5fde3211943b1d7f978c172c9bb2bc70d3f715b7b18e8f2b7f73e
results/constraint/figures/s17_channel_profile.pdf	results/constraint	18981	d4fc4250c27cef9b8f6af0e9a03df015fca8b5fcbc24c95fdd754414879cd5c0
results/constraint/figures/s17_channel_profile.png	results/constraint	165171	13a06f12769e47d4720a677a7de39909468e60b6bfb19abf077d1ff0996a94d8
results/constraint/figures/s17_elements.pdf	results/constraint	19501	b438b9478d793a887689156b171fb61b5315742d0394ddc35a042dd032633eca
results/constraint/figures/s17_elements.png	results/constraint	150921	b1c84558ae96f80686a2ef1828b3929f36aeb525c8b7839913895d6286098734
results/constraint/figures/s17_functional_sites.pdf	results/constraint	19293	604e7ef041ef2fe0a54be63618ad40e377d96174a705ff49b109574f1df446c2
results/constraint/figures/s17_functional_sites.png	results/constraint	202529	29576b721a182800dc851ddb6f36b05f80ef62bc26697b9d29a80d2a74238226
results/constraint/figures/s17_variant_classifier.pdf	results/constraint	18110	eed81e803ef8c14c0bdfa498d16f144707f2a25aa41c39537b30d854cf091329
results/constraint/figures/s17_variant_classifier.png	results/constraint	204657	dc6f869145e7377f3d2c27ea8e0ef702a7b1733219e78c6e48603f85dedebbee
results/constraint/functional_site_constraint.tsv	results/constraint	775	73e0e1b1ade856b99b56f34022f320f3c868630509f463b88a66b6694b0ca495
results/constraint/functional_sites.tsv	results/constraint	2662	ac746b059d7fc89d53f4da8abc2213934c50a264b9cb036712ba5281b099ae13
results/constraint/layer_sizes.tsv	results/constraint	561	02f203226c1ea9912dc6476078b7da61c73f5a30fce36bad906bfaa1a1a932c1
results/constraint/mafft_ITPR1.log	results/constraint	1536477	2788266a7ba09fc5bd7b74c202787b1cf459fc3b66280a429000152d41d325dc
results/constraint/mafft_ITPR2.log	results/constraint	1401608	8e15199cbf0300b2238e19d5d688e88a745d975cb9a088a5998ee83085e55908
results/constraint/mafft_ITPR3.log	results/constraint	1724855	1a4ba7e3e71c04d5d5bd7796d24bdd431f2a6ee20a291bef1368acc4f0522655
results/constraint/metric_controls.tsv	results/constraint	4200	f10c490e14c1dd38387eda49e2ece31e481debb060504e9ead3190960d9cc24c
results/constraint/ortholog_shape.tsv	results/constraint	57384	2af73975c4bf0abfb1d087d54cdf063eea5dad9c413f4d0f677f626b7b36ef7f
results/constraint/orthologs_ITPR1.fasta	results/constraint	749425	3323a984ed85af920e8c4c46cda46d4fd3615a22d5cecf6b7affeaa92272e51c
results/constraint/orthologs_ITPR2.fasta	results/constraint	690050	17546d92673d4c46b2567bee54b4b2fe10b30632ba75949844891c209433fd6e
results/constraint/orthologs_ITPR3.fasta	results/constraint	725494	5f7c8b7dbbe59b79dd48ca9a435e71207abd50d44dac6f341cfbf7fe184bfe53
results/constraint/orthologs_manifest.tsv	results/constraint	183800	504aa188b041b1b894a28175268eaca22ce60a1a3defe462504fdeee21d8ca36
results/constraint/painted/constraint_model_A0A8M6Z266.pdb	results/constraint	208173	87c8068f89af08995d52f2543485545446d5e455e5d7033eece5c906f13f5df1
results/constraint/painted/constraint_model_A0A8M9PQQ3.pdb	results/constraint	210543	2222b4f78e3e7d2ad66fc15fe61dd5edb17787ccd66c28e93acefc655d5f6b3f
results/constraint/painted/constraint_model_P11881.pdb	results/constraint	212834	51d1f215bce16499996b7cf9c9a505e1b33692d5173ef3cf9594497d627d31f0
results/constraint/painted/constraint_model_P70227.pdb	results/constraint	210938	371aec2f0c3e038c6b0ffe658fe3715e84d5d52f92c70feb142748eec08998ab
results/constraint/painted/constraint_model_Q14573.pdb	results/constraint	211017	59468c646d1eb441b103b4bf2361ffe7a205dc94aeb2bb5adc9d9bc834cbd173
results/constraint/painted/constraint_model_Q14643.pdb	results/constraint	212913	62d193837018a95ebc09a87d4e20d4dbd133038c114396956724854aefa3b6e2
results/constraint/painted/constraint_model_Q63269.pdb	results/constraint	210938	ecfe59fb99a5338a07194c8366d6d29947af6e67e19ff3ed1d57d76371078027
results/constraint/painted/constraint_model_Q9Z329.pdb	results/constraint	210780	f35766075cadefc66d149282f7736804f8a98092ddb81a935a133bc7789ebdee
results/constraint/painted/constraint_reference_ITPR1_7LHF.pdb	results/constraint	181708	954f0a634e4790c79bbd6467b99d820ee043ee76b1f9266c10e4dbe23acb43ec
results/constraint/painted/constraint_reference_ITPR2_9YKK.pdb	results/constraint	171280	eee8f61316bab49cf55c4a37a072c77818be8a582ca99c3a2e91a249cc0fe633
results/constraint/painted/constraint_reference_ITPR3_8TKG.pdb	results/constraint	174598	a99fd7c1ae3efe8e0677f06ca45f68f89eee382a302606decb3903c5ace54e33
results/constraint/painted/constraint_state_panel_ITPR3_6DQJ.pdb	results/constraint	172307	1fe71af326b4dff1cdc4a934c493f1cc9578a876ccff45d36a5d31efaba6642b
results/constraint/painted/constraint_state_panel_ITPR3_7T3P.pdb	results/constraint	161721	420807d8d4ea99aea58dfbcdd6de507ebb00294b063e78be75297e1ec4be4a08
results/constraint/painted/constraint_state_panel_ITPR3_8TKF.pdb	results/constraint	179496	a27877c7ddd59c0cd8701f15c5fa181ce8e638e83cdea689407556eee4126218
results/constraint/painted/constraint_state_panel_ITPR3_8TKH.pdb	results/constraint	179180	049ef9f943d1b63c56005e5a93cc63a5a8b8cf5e8178b816e090366d20580855
results/constraint/painted/constraint_state_panel_ITPR3_8TLA.pdb	results/constraint	160694	6fb7c2245a30a3a34ba998f5a9d5e16f18199c264f3dbd6951c3a8d19fa792c2
results/constraint/painted/selection_model_A0A8M6Z266.pdb	results/constraint	208173	a2724bd0b305bce132f63b90b9a40afa24a0387d922add6e67366aaf256f8948
results/constraint/painted/selection_model_A0A8M9PQQ3.pdb	results/constraint	210543	827eaaf69092319bc26956741b4bbc00075d5e4fed6765d67f6adccf6846da89
results/constraint/painted/selection_model_P11881.pdb	results/constraint	212834	0ee8105a754294d6dd23f5b8daf20d177a3ab4663e65f14949f2f19d7b705310
results/constraint/painted/selection_model_P70227.pdb	results/constraint	210938	9217cea012e8ef568ea947eb32a13df0a5a9971f5023781616ea004f0b8125ce
results/constraint/painted/selection_model_Q14573.pdb	results/constraint	211017	111ff3064da045cf4f0ada6747c81630c691723df8162131846bf6ed102b7cc4
results/constraint/painted/selection_model_Q14643.pdb	results/constraint	212913	66915c9bd0e73d747e050689bbb6164c6572712e2d952df61dff5b342e3cb726
results/constraint/painted/selection_model_Q63269.pdb	results/constraint	210938	8826ee6af30b4a6922b87dffd8d31b0ecb52b6d80c7e222891c8fc289fb7902b
results/constraint/painted/selection_model_Q9Z329.pdb	results/constraint	210780	91866425b8f3d25cf80bd2a29c9e8c906577ade3886841673000ac6e3d183f4b
results/constraint/painted/selection_reference_ITPR1_7LHF.pdb	results/constraint	181708	02f0b7237b255439696c407d0c22c2b63c3e69c78755b86b9434e2b1846bf40f
results/constraint/painted/selection_reference_ITPR2_9YKK.pdb	results/constraint	171280	a8f2f6701c347861f702e9dc5304d3401ef1d6beb59d1b2fd41d362994bf8a7c
results/constraint/painted/selection_reference_ITPR3_8TKG.pdb	results/constraint	174598	b515910b8be8946ae95f0bc6607aa4b59a9c93c307d8b05156926f8a705ecaf4
results/constraint/painted/selection_state_panel_ITPR3_6DQJ.pdb	results/constraint	172307	c85249232b068e9d8064e946e713f4b07baa7b188e8e779008f7d20975ae67d4
results/constraint/painted/selection_state_panel_ITPR3_7T3P.pdb	results/constraint	161721	4c2fed8b46c026655bdf3e5db92a395c0dffecea7d0ff87818d787a685d54972
results/constraint/painted/selection_state_panel_ITPR3_8TKF.pdb	results/constraint	179496	ac32590274399ad58c90e46574111684bd32bdac414e5fbafccfdae051e5bff3
results/constraint/painted/selection_state_panel_ITPR3_8TKH.pdb	results/constraint	179180	736c9bd09712484a02eed373f40f3747ce7d670e250d4b2fc6b3e534c0d63498
results/constraint/painted/selection_state_panel_ITPR3_8TLA.pdb	results/constraint	160694	44dc11006788971b5aedb2c51a10db6bb20c3980e47c4c39aa7ca7f458ba8037
results/constraint/painted_structures.tsv	results/constraint	4814	65ac4b6b41d4372544eb7fc9683344cb5c2955ca91a81ba3499a96524a19aaf7
results/constraint/paralog_identity_by_element.tsv	results/constraint	3407	02101b7d59c37fa0ed0bdee70fd5101bbd51b20d6cd8ea4532c28b6ac6bb052b
results/constraint/paralog_variant_audit.tsv	results/constraint	2176	4f9d2b179d4715a2fe6e9313b37b97007994fc5a7a74f66816b046b82f18913a
results/constraint/paralog_variant_positions.tsv	results/constraint	129751	7572ea735d609c596e7b45db1cc3e53e92d917832bcca289ec3ab4e534043bb2
results/constraint/report.md	results/constraint	37674	1db9c2bf9061c8fb00fb71cccba2fa56b86c178cdd4e7a907d0665452d96dc03
results/constraint/selection_by_element.tsv	results/constraint	3017	8eadfb3999d251b228b16f8fa94693feeb416918fe6aa85e809a97ae3a4dd5d1
results/constraint/uniprot_topology.tsv	results/constraint	2014	8599468eb11c0144d4c3822db728dc065be87c83869e6747f0bf607641b0aa7e
results/constraint/variant_by_element.tsv	results/constraint	4874	8f1fbce78c8f3b664ea8cb4cf5e842a5e633252de497acedb1d8edad5cdbf08e
results/constraint/variant_constraint_test.tsv	results/constraint	3386	69304e26c9cf933e9a10de9c9b871d04b71f88a7e74ed0ef30da40921ad57cb7
results/constraint/variant_parsing.tsv	results/constraint	139	721be89aeb3d2c0dd5bf49caaccd9b54cacc454a0c8b7f6462bc6fe396b3ed13
results/constraint/variants.tsv	results/constraint	386199	55ba1c7ceea0d26ebbb862aa4779c07434a7de4cbec70379a8693c17c931fb1b
results/constraint/vus_stratification.tsv	results/constraint	971	27bba01738e26b06a77cb630b22a6bb97a7e1a8fca0ee50da85af048ec9a5437
results/methods/codon_model_power.tsv	results/methods	274	1e9ff0d22d91fff9587e161549b582a68c81290d9485870e286d3def30ee2790
results/methods/saturation.tsv	results/methods	190	f3b8d8c35908c3ed92e14cbbe33615ab2cc55ba480e1b34db02edcc76261349e
results/selection/beb_sites.tsv	results/selection	377	70c7e290e89460af733a7f00efdd842fffdc56f5e89ca7054c0314f991ba54b5
results/selection/bs_restarts.tsv	results/selection	1308	9f3ceb7f5587001be15d8a13525e394507818f3b209b86b78be8955ef3e7e685
results/selection/cds.fasta	results/selection	468528	3bd17e49acb70f5e38968ec5af8297b8d3a7d7943d64f4fd039ecf421496b521
results/selection/cds_status.tsv	results/selection	9039	8a85d809836293436a95dbbf7dd12836748d767df640c8ab04876a3f6d3eb1e0
results/selection/cds_sub.fasta	results/selection	466432	8c6a18c2aa6bcbe5d97fdb782b722e9a1c399e53905c925327569bff1ea45163
results/selection/codeml/bs_alt_ITPR1_w0.5/2NG.dN	results/selection	14029	51316a878050102a59dded5fce2984d67526e78267f803bb122908bc680c7216
results/selection/codeml/bs_alt_ITPR1_w0.5/2NG.dS	results/selection	14029	75ba557d2c15053a7e970312fbb456da20b41153d3e93d881e85b90aa1e48b56
results/selection/codeml/bs_alt_ITPR1_w0.5/2NG.t	results/selection	14029	a7dbb7128f0a58062d8cbf38f5749342a28b7ead81b509ff9e343259f351acb0
results/selection/codeml/bs_alt_ITPR1_w0.5/codeml.ctl	results/selection	476	bdca2011916c8b84fd60561e7767258c71570a756e726d916e6d14cf2d8b5f14
results/selection/codeml/bs_alt_ITPR1_w0.5/codeml.stderr	results/selection	25	3196ccfdce9d33e88315b6c3d87830c4331b163f1705811811cbed72da877f2f
results/selection/codeml/bs_alt_ITPR1_w0.5/codeml.stdout	results/selection	20000	59061da9c2ad3c1db675a4552980f57408bad898ebc6fe6f06f9f055e2724b90
results/selection/codeml/bs_alt_ITPR1_w0.5/lnf	results/selection	1267424	fd8ce3060320c88cef64d0439b0489c417dbcadc30394aef4357657cab80cd3e
results/selection/codeml/bs_alt_ITPR1_w0.5/mlc	results/selection	96240	324edbe4aea343de4b60d0785fe837f3378085afa56b05b51f5c0a6ab59c98d5
results/selection/codeml/bs_alt_ITPR1_w0.5/result.json	results/selection	475	be404428795c54f17c35dd886d29208b11876f8b52febef0b7eb0daa319f4ad3
results/selection/codeml/bs_alt_ITPR1_w0.5/rst	results/selection	226943	cc9f81ba2da54b1dad834d141bbeb6b03e91fd7e61af7fed7b10cf63b8274a9e
results/selection/codeml/bs_alt_ITPR1_w0.5/rst1	results/selection	728	7135efc06974a7deb30410f45a1ed4de7986fdbf5f34999cf3a9ec22dfffc3ce
results/selection/codeml/bs_alt_ITPR1_w0.5/rub	results/selection	267026	1d641c55e8d8aa941c528a686867716045b5d9350d61151ed78f59e076667de3
results/selection/codeml/bs_alt_ITPR1_w0.5/tree.nwk	results/selection	994	a00acad2f03675deb12a3aca70081e3e52e6f628da13cc6081321c77f48e4576
results/selection/codeml/bs_alt_ITPR1_w1.5/2NG.dN	results/selection	14029	51316a878050102a59dded5fce2984d67526e78267f803bb122908bc680c7216
results/selection/codeml/bs_alt_ITPR1_w1.5/2NG.dS	results/selection	14029	75ba557d2c15053a7e970312fbb456da20b41153d3e93d881e85b90aa1e48b56
results/selection/codeml/bs_alt_ITPR1_w1.5/2NG.t	results/selection	14029	a7dbb7128f0a58062d8cbf38f5749342a28b7ead81b509ff9e343259f351acb0
results/selection/codeml/bs_alt_ITPR1_w1.5/codeml.ctl	results/selection	476	c618ffc3af7b96cb39a0e92204dd6b2dbffdcdf95a79eb2187b713f344a803cf
results/selection/codeml/bs_alt_ITPR1_w1.5/codeml.stderr	results/selection	25	3196ccfdce9d33e88315b6c3d87830c4331b163f1705811811cbed72da877f2f
results/selection/codeml/bs_alt_ITPR1_w1.5/codeml.stdout	results/selection	20000	3b42d799705affa87175b52ab0c0fd6dd7b495c1a9e1d1c03f35d0f62362baf4
results/selection/codeml/bs_alt_ITPR1_w1.5/lnf	results/selection	1267424	edabf44d58d01eb87d8f9cd8a46b024399138c1c847a663dafbf9ba663a8515f
results/selection/codeml/bs_alt_ITPR1_w1.5/mlc	results/selection	96260	e1b85524d6da1c7249bd7de32d79d3559c05b0e5def61704c3d6ce9c8b59c9e7
results/selection/codeml/bs_alt_ITPR1_w1.5/result.json	results/selection	475	e8e492c8ee2d101aca6a8381d44e89b4acbcdb2caf145660319e325a891772b9
results/selection/codeml/bs_alt_ITPR1_w1.5/rst	results/selection	226943	ad46b8b97a6ed734c4cfce28c4fa0062b4e859e32d4db8ff2728700e08ca4f85
results/selection/codeml/bs_alt_ITPR1_w1.5/rst1	results/selection	728	a650490be64f094f3f574ff7b540fe577ccd192539f413d5c46b35bfdf25bef7
results/selection/codeml/bs_alt_ITPR1_w1.5/rub	results/selection	321844	5bb723d74c0eceb24c6effde2a40372d9a3ae9911754ca8025d1f81c1868b60a
results/selection/codeml/bs_alt_ITPR1_w1.5/tree.nwk	results/selection	994	a00acad2f03675deb12a3aca70081e3e52e6f628da13cc6081321c77f48e4576
results/selection/codeml/bs_alt_ITPR1_w2.5/2NG.dN	results/selection	14029	51316a878050102a59dded5fce2984d67526e78267f803bb122908bc680c7216
results/selection/codeml/bs_alt_ITPR1_w2.5/2NG.dS	results/selection	14029	75ba557d2c15053a7e970312fbb456da20b41153d3e93d881e85b90aa1e48b56
results/selection/codeml/bs_alt_ITPR1_w2.5/2NG.t	results/selection	14029	a7dbb7128f0a58062d8cbf38f5749342a28b7ead81b509ff9e343259f351acb0
results/selection/codeml/bs_alt_ITPR1_w2.5/codeml.ctl	results/selection	476	66088ff12efbe417ead6acf5c7cd84c04abefc4f5ab9aff80e6dda4d2ee49f2d
results/selection/codeml/bs_alt_ITPR1_w2.5/codeml.stderr	results/selection	25	3196ccfdce9d33e88315b6c3d87830c4331b163f1705811811cbed72da877f2f
results/selection/codeml/bs_alt_ITPR1_w2.5/codeml.stdout	results/selection	20000	6ac9a4174e8bcefb12a64473218104f2c6091ea88971f1f2f80a58a609fe94eb
results/selection/codeml/bs_alt_ITPR1_w2.5/lnf	results/selection	1267424	3f8b410cdbade6ed5b1a12a27c57cba5a763203efff6b5162a1f9c10750110f1
results/selection/codeml/bs_alt_ITPR1_w2.5/mlc	results/selection	96260	10702e97fb76c754d1ffdc58c20f0e030c2081bba03fa43efa1fec6084399a81
results/selection/codeml/bs_alt_ITPR1_w2.5/result.json	results/selection	474	a0b1b083145867f54f1aa5788828c21edc675a0d320df0bcd3fd4b45c442602e
results/selection/codeml/bs_alt_ITPR1_w2.5/rst	results/selection	226943	2674c16c1a3fb41b11fcbb4a2224894d2ea9ff1de4c327185224dc11cb8ee1f3
results/selection/codeml/bs_alt_ITPR1_w2.5/rst1	results/selection	728	c458b485975025633d457b705aef9619ea3910d1c0f53cbb1cd77f9d6b54a401
results/selection/codeml/bs_alt_ITPR1_w2.5/rub	results/selection	234848	d80125f46bb679c99dd2d663203b438f12ad51db1819040bb0c835fd8df0a256
results/selection/codeml/bs_alt_ITPR1_w2.5/tree.nwk	results/selection	994	a00acad2f03675deb12a3aca70081e3e52e6f628da13cc6081321c77f48e4576
results/selection/codeml/bs_alt_ITPR1_w4/2NG.dN	results/selection	14029	51316a878050102a59dded5fce2984d67526e78267f803bb122908bc680c7216
results/selection/codeml/bs_alt_ITPR1_w4/2NG.dS	results/selection	14029	75ba557d2c15053a7e970312fbb456da20b41153d3e93d881e85b90aa1e48b56
results/selection/codeml/bs_alt_ITPR1_w4/2NG.t	results/selection	14029	a7dbb7128f0a58062d8cbf38f5749342a28b7ead81b509ff9e343259f351acb0
results/selection/codeml/bs_alt_ITPR1_w4/codeml.ctl	results/selection	474	210b8b369016b29055c3d17e8fb2f53d0bda87cb3e63e2cb7d6e7d9837da6047
results/selection/codeml/bs_alt_ITPR1_w4/codeml.stderr	results/selection	25	3196ccfdce9d33e88315b6c3d87830c4331b163f1705811811cbed72da877f2f
results/selection/codeml/bs_alt_ITPR1_w4/codeml.stdout	results/selection	20000	fd635f94efe478ba737b05dd0109061d061c0cfd0b78d1998fca2d1c70da5579
results/selection/codeml/bs_alt_ITPR1_w4/lnf	results/selection	1267424	428648fef0fa42733c9d3114141472e9f822170a1869ad587fd616899f4908dc
results/selection/codeml/bs_alt_ITPR1_w4/mlc	results/selection	92953	cd267052dea7033fc713411959d7f368a8118d45b34d68fb3060b24e98ec1423
results/selection/codeml/bs_alt_ITPR1_w4/result.json	results/selection	477	b069867d35d97873cafae296a418606a9f53416a3dc139f4304e6a5206c585d9
results/selection/codeml/bs_alt_ITPR1_w4/rst	results/selection	226943	5a52c2712eb806f37d9d3c61c1feb62b407ebcc83e193987981f1de3ae1dcd75
results/selection/codeml/bs_alt_ITPR1_w4/rst1	results/selection	730	29082fe1cc717bed43ee18edbdca10a9b0585b07f571786ebd52adc4522edb04
results/selection/codeml/bs_alt_ITPR1_w4/rub	results/selection	319480	5225fb6dfab1c1c57b3b5395baf9ba885317d5bbf7abf46c5872dbede9ac9070
results/selection/codeml/bs_alt_ITPR1_w4/tree.nwk	results/selection	994	a00acad2f03675deb12a3aca70081e3e52e6f628da13cc6081321c77f48e4576
results/selection/codeml/bs_alt_ITPR2_w0.5/2NG.dN	results/selection	14029	51316a878050102a59dded5fce2984d67526e78267f803bb122908bc680c7216
results/selection/codeml/bs_alt_ITPR2_w0.5/2NG.dS	results/selection	14029	75ba557d2c15053a7e970312fbb456da20b41153d3e93d881e85b90aa1e48b56
results/selection/codeml/bs_alt_ITPR2_w0.5/2NG.t	results/selection	14029	a7dbb7128f0a58062d8cbf38f5749342a28b7ead81b509ff9e343259f351acb0
results/selection/codeml/bs_alt_ITPR2_w0.5/codeml.ctl	results/selection	476	ae6c27499ea204bada1b7cf78abf33a0166165cac1c87204adb0700c61d8b8de
results/selection/codeml/bs_alt_ITPR2_w0.5/codeml.stderr	results/selection	25	3196ccfdce9d33e88315b6c3d87830c4331b163f1705811811cbed72da877f2f
results/selection/codeml/bs_alt_ITPR2_w0.5/codeml.stdout	results/selection	20000	11858e59583608fd1a11ad16500c93cf4417d996bcfdd8ca4c1c29ec67493ffd
results/selection/codeml/bs_alt_ITPR2_w0.5/lnf	results/selection	1267424	5543f8963de344b0d13e276bfce69dde08c9dc55eeee162669af86df660053ed
results/selection/codeml/bs_alt_ITPR2_w0.5/mlc	results/selection	134287	0202b4101c064e0721d565700e892e85d8a1e5e210dafccf6d0d12cc1cc813a8
results/selection/codeml/bs_alt_ITPR2_w0.5/result.json	results/selection	479	8eb10d051491c2faefa9f73449f5cf66c105cca717022936ffd824d733425f2e
results/selection/codeml/bs_alt_ITPR2_w0.5/rst	results/selection	226945	c8fde8a7e7494b18bcfe3401eb605eebd36e1a88f2ff2c7a57be093810dd4465
results/selection/codeml/bs_alt_ITPR2_w0.5/rst1	results/selection	730	f2f4d5c1651bf7143424159d0fd2b9505da0281ca8666dfea751ba1a34ae2b19
results/selection/codeml/bs_alt_ITPR2_w0.5/rub	results/selection	327008	37c1e7bdf041efd8cf54f0336a04f444c22ea9c01e57ba29613f0cfad267c013
results/selection/codeml/bs_alt_ITPR2_w0.5/tree.nwk	results/selection	994	ccb9d65b6f1fbf75e054943555b20905437c2f99c226352e280110ddf607d223
results/selection/codeml/bs_alt_ITPR2_w1.5/2NG.dN	results/selection	14029	51316a878050102a59dded5fce2984d67526e78267f803bb122908bc680c7216
results/selection/codeml/bs_alt_ITPR2_w1.5/2NG.dS	results/selection	14029	75ba557d2c15053a7e970312fbb456da20b41153d3e93d881e85b90aa1e48b56
results/selection/codeml/bs_alt_ITPR2_w1.5/2NG.t	results/selection	14029	a7dbb7128f0a58062d8cbf38f5749342a28b7ead81b509ff9e343259f351acb0
results/selection/codeml/bs_alt_ITPR2_w1.5/codeml.ctl	results/selection	476	2948a9c8bf66c3a30103ec8f5790a8b93bae55f821232cb72cacab510951fe7b
results/selection/codeml/bs_alt_ITPR2_w1.5/codeml.stderr	results/selection	25	3196ccfdce9d33e88315b6c3d87830c4331b163f1705811811cbed72da877f2f
results/selection/codeml/bs_alt_ITPR2_w1.5/codeml.stdout	results/selection	20000	ad056c880988807c3f1747002fb04c9da7e1533d8bf5bfb1ee10d94ab2c5829a
results/selection/codeml/bs_alt_ITPR2_w1.5/lnf	results/selection	1267424	19dde024bff13a97a6df63b0e8a8d6b13dcd89830132f453a6bf2f336757cef7
results/selection/codeml/bs_alt_ITPR2_w1.5/mlc	results/selection	96875	ce0fe2b3693e32ec4417384d3b98a0661d583ffddf1a3f5010b52aa384a07941
results/selection/codeml/bs_alt_ITPR2_w1.5/result.json	results/selection	479	e6de900b035c15148260f7dd02416824b246dd980e1c770cd0d62cae0faea4af
results/selection/codeml/bs_alt_ITPR2_w1.5/rst	results/selection	226945	651d292ed3415d1b970f1d94c70f9eb068f6903d7fddbc7962f73fc8cc7369cc
results/selection/codeml/bs_alt_ITPR2_w1.5/rst1	results/selection	730	4dc4e87a10dc3abaacdb3bac61dbdfd5520c39168f2e5be58e299fb33cd04aa9
results/selection/codeml/bs_alt_ITPR2_w1.5/rub	results/selection	265865	8c5a0025719517dd85db6e1d9b696fd88f2d1b3f526094f617aaad4f2f6321f9
results/selection/codeml/bs_alt_ITPR2_w1.5/tree.nwk	results/selection	994	ccb9d65b6f1fbf75e054943555b20905437c2f99c226352e280110ddf607d223
results/selection/codeml/bs_alt_ITPR2_w2.5/2NG.dN	results/selection	14029	51316a878050102a59dded5fce2984d67526e78267f803bb122908bc680c7216
results/selection/codeml/bs_alt_ITPR2_w2.5/2NG.dS	results/selection	14029	75ba557d2c15053a7e970312fbb456da20b41153d3e93d881e85b90aa1e48b56
results/selection/codeml/bs_alt_ITPR2_w2.5/2NG.t	results/selection	14029	a7dbb7128f0a58062d8cbf38f5749342a28b7ead81b509ff9e343259f351acb0
results/selection/codeml/bs_alt_ITPR2_w2.5/codeml.ctl	results/selection	476	aee28a1264d04399655751233dbff97a8d28beb6d33a9e3dde73bf975f6db5db
results/selection/codeml/bs_alt_ITPR2_w2.5/codeml.stderr	results/selection	25	3196ccfdce9d33e88315b6c3d87830c4331b163f1705811811cbed72da877f2f
results/selection/codeml/bs_alt_ITPR2_w2.5/codeml.stdout	results/selection	20000	50e3dbfbbebc89fc00cc936a732902dcfb18fa3039682fabad707046d92dd27b
results/selection/codeml/bs_alt_ITPR2_w2.5/lnf	results/selection	1267424	56636a42e037c5ce7ce8171e96ff450d4e96cf0db849f4153a31257b5809ec50
results/selection/codeml/bs_alt_ITPR2_w2.5/mlc	results/selection	98232	acd6fc8fe4815ba0d0f3f2fd5636936e4ac735c3053f78869ab8ddbd59109fc0
results/selection/codeml/bs_alt_ITPR2_w2.5/result.json	results/selection	478	f1cce1e3cd30aff2539431788227a40db74a91942429d99e80dbf66491ea686c
results/selection/codeml/bs_alt_ITPR2_w2.5/rst	results/selection	226945	a9e8f94f7b717057b8448410daf41e86e9c2a83de2dd9714f06d7778cc5fa9ef
results/selection/codeml/bs_alt_ITPR2_w2.5/rst1	results/selection	730	397899d1303c2ae0102924adac4163d549936494ac5bcaac0420a548ae62c69e
results/selection/codeml/bs_alt_ITPR2_w2.5/rub	results/selection	499548	5fa30c092db45d9b171128e8cb01a6b8e0d4acbb1d1ac376b4d41055e85dcd7f
results/selection/codeml/bs_alt_ITPR2_w2.5/tree.nwk	results/selection	994	ccb9d65b6f1fbf75e054943555b20905437c2f99c226352e280110ddf607d223
results/selection/codeml/bs_alt_ITPR2_w4/2NG.dN	results/selection	14029	51316a878050102a59dded5fce2984d67526e78267f803bb122908bc680c7216
results/selection/codeml/bs_alt_ITPR2_w4/2NG.dS	results/selection	14029	75ba557d2c15053a7e970312fbb456da20b41153d3e93d881e85b90aa1e48b56
results/selection/codeml/bs_alt_ITPR2_w4/2NG.t	results/selection	14029	a7dbb7128f0a58062d8cbf38f5749342a28b7ead81b509ff9e343259f351acb0
results/selection/codeml/bs_alt_ITPR2_w4/codeml.ctl	results/selection	474	4332bbdd54c6f39450cbd71545e78a97ff488637abb1864c34fa58879e0be9ce
results/selection/codeml/bs_alt_ITPR2_w4/codeml.stderr	results/selection	25	3196ccfdce9d33e88315b6c3d87830c4331b163f1705811811cbed72da877f2f
results/selection/codeml/bs_alt_ITPR2_w4/codeml.stdout	results/selection	20000	588e47540b299085039d55ff4f49f2c8b4abac7940dda7df2c86cd4f6cf91cdb
results/selection/codeml/bs_alt_ITPR2_w4/lnf	results/selection	1267424	0b176f9052da0fc7f2462c234b261bb8bc6264f3b3f527f1c45e71a987a211b1
results/selection/codeml/bs_alt_ITPR2_w4/mlc	results/selection	96875	8ed90987cc4c1b62d25cfc47634d1e779dbf7037570133d957c6697d541bb378
results/selection/codeml/bs_alt_ITPR2_w4/result.json	results/selection	474	c66a121a31ec0a2efdd0caf111c274feacec78e10aadc6fa4de7d50c85301df0
results/selection/codeml/bs_alt_ITPR2_w4/rst	results/selection	226943	3d26b726304dbd7fe21a32c201ab9b08b9a874b634c4b0e61aeb7dfdedd81694
results/selection/codeml/bs_alt_ITPR2_w4/rst1	results/selection	730	4dc4e87a10dc3abaacdb3bac61dbdfd5520c39168f2e5be58e299fb33cd04aa9
results/selection/codeml/bs_alt_ITPR2_w4/rub	results/selection	361134	e1d4953a399c67e3b2d49a5d82c4a1b5f5fda11a1bb016f24dc76fb9bcaf7e09
results/selection/codeml/bs_alt_ITPR2_w4/tree.nwk	results/selection	994	ccb9d65b6f1fbf75e054943555b20905437c2f99c226352e280110ddf607d223
results/selection/codeml/bs_alt_ITPR3_w0.5/2NG.dN	results/selection	14029	51316a878050102a59dded5fce2984d67526e78267f803bb122908bc680c7216
results/selection/codeml/bs_alt_ITPR3_w0.5/2NG.dS	results/selection	14029	75ba557d2c15053a7e970312fbb456da20b41153d3e93d881e85b90aa1e48b56
results/selection/codeml/bs_alt_ITPR3_w0.5/2NG.t	results/selection	14029	a7dbb7128f0a58062d8cbf38f5749342a28b7ead81b509ff9e343259f351acb0
results/selection/codeml/bs_alt_ITPR3_w0.5/codeml.ctl	results/selection	476	3ae24ba2b72caaed50a24e7101d65f4ea05ee211a5a569fb14aa36c05754da7e
results/selection/codeml/bs_alt_ITPR3_w0.5/codeml.stderr	results/selection	25	3196ccfdce9d33e88315b6c3d87830c4331b163f1705811811cbed72da877f2f
results/selection/codeml/bs_alt_ITPR3_w0.5/codeml.stdout	results/selection	20000	22d70cf509d9d00e4d5244277868ef8bbe0128620daa2954ad40cf9255c65083
results/selection/codeml/bs_alt_ITPR3_w0.5/lnf	results/selection	1267424	66af55fb79f5276ce07f878382c3525b9d8f043a17cc70e8434dfdd345523c42
results/selection/codeml/bs_alt_ITPR3_w0.5/mlc	results/selection	136114	397b215620c49c492db6b06dde0436b0403f25f08f01ce998d3b80dacf6255d0
results/selection/codeml/bs_alt_ITPR3_w0.5/result.json	results/selection	479	f9cba8419d093610690e98569bcbfc1632e5cae820e332631fb2e60baa26ad1d
results/selection/codeml/bs_alt_ITPR3_w0.5/rst	results/selection	226945	9c060c63cb57e24edc60ea7f8d4ff75c85aa334dc81b89a1bb91a6e5b59d7846
results/selection/codeml/bs_alt_ITPR3_w0.5/rst1	results/selection	730	ab04e08fe3a7f64e9c0781c0db25352a73b6c94733fde29f4d10c5b8b16c9c77
results/selection/codeml/bs_alt_ITPR3_w0.5/rub	results/selection	267046	d2c8ffc597cdbd412dc67ec2cdb39e3464db595387478418fc7293af9b4ed6e1
results/selection/codeml/bs_alt_ITPR3_w0.5/tree.nwk	results/selection	994	f61f1f193a18883732424c0734531d04a1e6621efd6114274f786cd9aeb97c4e
results/selection/codeml/bs_alt_ITPR3_w1.5/2NG.dN	results/selection	14029	51316a878050102a59dded5fce2984d67526e78267f803bb122908bc680c7216
results/selection/codeml/bs_alt_ITPR3_w1.5/2NG.dS	results/selection	14029	75ba557d2c15053a7e970312fbb456da20b41153d3e93d881e85b90aa1e48b56
results/selection/codeml/bs_alt_ITPR3_w1.5/2NG.t	results/selection	14029	a7dbb7128f0a58062d8cbf38f5749342a28b7ead81b509ff9e343259f351acb0
results/selection/codeml/bs_alt_ITPR3_w1.5/codeml.ctl	results/selection	476	4a2ffd2b0546c2a8441e491a27606657893d3c0bf2bc406e5caf1c93a6b19c91
results/selection/codeml/bs_alt_ITPR3_w1.5/codeml.stderr	results/selection	25	3196ccfdce9d33e88315b6c3d87830c4331b163f1705811811cbed72da877f2f
results/selection/codeml/bs_alt_ITPR3_w1.5/codeml.stdout	results/selection	20000	000a5f35288875ad49691179e94b965e523c5e357d98ebdd7850c96f76420964
results/selection/codeml/bs_alt_ITPR3_w1.5/lnf	results/selection	1267424	8c92c46accb2df510d18a43204224adbd6977a13194182510a23267b0610770c
results/selection/codeml/bs_alt_ITPR3_w1.5/mlc	results/selection	171174	84c7174ac773239145d0f92f8980a6a054854a3aa21fd6eacaf15a256828a402
results/selection/codeml/bs_alt_ITPR3_w1.5/result.json	results/selection	478	c50560714165b19efea50128455a20901a16b14c431f18cb2138b2eea7944cff
results/selection/codeml/bs_alt_ITPR3_w1.5/rst	results/selection	226945	0a4680ab645d9a7275719fff8f44e80b9221cc65b8f150b74727dd23dbfd0317
results/selection/codeml/bs_alt_ITPR3_w1.5/rst1	results/selection	730	3d7663831ba84852dfd08bbb7c4162c445b7f167ed54ad9b45d1195478be765b
results/selection/codeml/bs_alt_ITPR3_w1.5/rub	results/selection	365254	2e6edab4e7fdfaf28df4b1b1aa92b536c5ff097ec5c19ab254cbf0704d7fe27e
results/selection/codeml/bs_alt_ITPR3_w1.5/tree.nwk	results/selection	994	f61f1f193a18883732424c0734531d04a1e6621efd6114274f786cd9aeb97c4e
results/selection/codeml/bs_alt_ITPR3_w2.5/2NG.dN	results/selection	14029	51316a878050102a59dded5fce2984d67526e78267f803bb122908bc680c7216
results/selection/codeml/bs_alt_ITPR3_w2.5/2NG.dS	results/selection	14029	75ba557d2c15053a7e970312fbb456da20b41153d3e93d881e85b90aa1e48b56
results/selection/codeml/bs_alt_ITPR3_w2.5/2NG.t	results/selection	14029	a7dbb7128f0a58062d8cbf38f5749342a28b7ead81b509ff9e343259f351acb0
results/selection/codeml/bs_alt_ITPR3_w2.5/codeml.ctl	results/selection	476	7afec1f2b29403d71f5a8a478db8bd260a2c23b3e8aa30573ed514b2e9596a01
results/selection/codeml/bs_alt_ITPR3_w2.5/codeml.stderr	results/selection	25	3196ccfdce9d33e88315b6c3d87830c4331b163f1705811811cbed72da877f2f
results/selection/codeml/bs_alt_ITPR3_w2.5/codeml.stdout	results/selection	20000	2894b9e2ebc407e6c6dc8cfa285e93e7114e91ac731c3437f953742252c489b6
results/selection/codeml/bs_alt_ITPR3_w2.5/lnf	results/selection	1267424	1fdc23a01dd8097a9a6360fdb8c447d16a94957071391ad2cc0663d0ed9b401f
results/selection/codeml/bs_alt_ITPR3_w2.5/mlc	results/selection	136114	5f1b7a63c05d82b623949c5aecb3856657c0520f00cc6d8b276944f757767ce0
results/selection/codeml/bs_alt_ITPR3_w2.5/result.json	results/selection	479	fbefc1cc90e026369bfdb3fc0d4fdfd2ae38db5c8a8abba9618cfb09218f3ff3
results/selection/codeml/bs_alt_ITPR3_w2.5/rst	results/selection	226945	a6f67b074ef350a7899c860c01e72a138214666626e717fcbc35f197f73eaceb
results/selection/codeml/bs_alt_ITPR3_w2.5/rst1	results/selection	730	ab04e08fe3a7f64e9c0781c0db25352a73b6c94733fde29f4d10c5b8b16c9c77
results/selection/codeml/bs_alt_ITPR3_w2.5/rub	results/selection	264647	55eaaf7a88d7e5347bb3906717f4c94c9252cccff71193a60455e8cc8bbaae50
results/selection/codeml/bs_alt_ITPR3_w2.5/tree.nwk	results/selection	994	f61f1f193a18883732424c0734531d04a1e6621efd6114274f786cd9aeb97c4e
results/selection/codeml/bs_alt_ITPR3_w4/2NG.dN	results/selection	14029	51316a878050102a59dded5fce2984d67526e78267f803bb122908bc680c7216
results/selection/codeml/bs_alt_ITPR3_w4/2NG.dS	results/selection	14029	75ba557d2c15053a7e970312fbb456da20b41153d3e93d881e85b90aa1e48b56
results/selection/codeml/bs_alt_ITPR3_w4/2NG.t	results/selection	14029	a7dbb7128f0a58062d8cbf38f5749342a28b7ead81b509ff9e343259f351acb0
results/selection/codeml/bs_alt_ITPR3_w4/codeml.ctl	results/selection	474	e7c617fc45405ffcc837cf50b16b32435b51e4985886de1e1d7781de9b9d9158
results/selection/codeml/bs_alt_ITPR3_w4/codeml.stderr	results/selection	25	3196ccfdce9d33e88315b6c3d87830c4331b163f1705811811cbed72da877f2f
results/selection/codeml/bs_alt_ITPR3_w4/codeml.stdout	results/selection	20000	58d5541bff07ac0a3d7d0ef3aeb718a4cc4abfc5fdedb8092466edcafd054abb
results/selection/codeml/bs_alt_ITPR3_w4/lnf	results/selection	1267424	b03ea964a8517b2080b9d868688ee48e9c5e51c4a6d60195df654389ae473f33
results/selection/codeml/bs_alt_ITPR3_w4/mlc	results/selection	136114	8976e1541225a0ebb5a358c32ee8fb3fa1037727122e815b3863353079187d13
results/selection/codeml/bs_alt_ITPR3_w4/result.json	results/selection	476	fb7003f6b2f39db8b618e5939901918b15509d876ac00fe9471a056e4a1b70bf
results/selection/codeml/bs_alt_ITPR3_w4/rst	results/selection	226943	1d829293c065704bfe3593916c7e63db1a22fa81fa93480200bea475415bc4a7
results/selection/codeml/bs_alt_ITPR3_w4/rst1	results/selection	730	ab04e08fe3a7f64e9c0781c0db25352a73b6c94733fde29f4d10c5b8b16c9c77
results/selection/codeml/bs_alt_ITPR3_w4/rub	results/selection	334942	3d0a44098514bf3678040aeca9067634c872d244d59e7dec6b5abeecea4c2148
results/selection/codeml/bs_alt_ITPR3_w4/tree.nwk	results/selection	994	f61f1f193a18883732424c0734531d04a1e6621efd6114274f786cd9aeb97c4e
results/selection/codeml/bs_null_ITPR1/2NG.dN	results/selection	14029	51316a878050102a59dded5fce2984d67526e78267f803bb122908bc680c7216
results/selection/codeml/bs_null_ITPR1/2NG.dS	results/selection	14029	75ba557d2c15053a7e970312fbb456da20b41153d3e93d881e85b90aa1e48b56
results/selection/codeml/bs_null_ITPR1/2NG.t	results/selection	14029	a7dbb7128f0a58062d8cbf38f5749342a28b7ead81b509ff9e343259f351acb0
results/selection/codeml/bs_null_ITPR1/codeml.ctl	results/selection	470	6402e344701563444ff54735378b398c3a72b33292da916cfa684d266a2496c2
results/selection/codeml/bs_null_ITPR1/codeml.stderr	results/selection	25	3196ccfdce9d33e88315b6c3d87830c4331b163f1705811811cbed72da877f2f
results/selection/codeml/bs_null_ITPR1/codeml.stdout	results/selection	20000	eed76f2d2a38ac19270e0bdd90217b4b435e06aac8735e66342dc5b53f2c12fb
results/selection/codeml/bs_null_ITPR1/lnf	results/selection	1267424	f3c727956b5751a28d94b33b1d71a7d82fa3a5e1ac71ff35b1c29dffd458c2c6
results/selection/codeml/bs_null_ITPR1/mlc	results/selection	91127	897b83d68c849d20bfefd2b8a8444b11234c95ce8e3a9e30f9599caccf758a0f
results/selection/codeml/bs_null_ITPR1/result.json	results/selection	456	fc619de0fc5b2ec4a983e3a8f49f0925576738bfeb7a4763a67417b6578f882b
results/selection/codeml/bs_null_ITPR1/rst	results/selection	113706	32b11f8c77388a9071828baa3544e09ed005f61e2456dec0cf92455b7195fa69
results/selection/codeml/bs_null_ITPR1/rst1	results/selection	722	fa0e4f75fcc392d4c190e9d1a7eb4f7c5d6a41147fa2bd6da071e72ee0000cf5
results/selection/codeml/bs_null_ITPR1/rub	results/selection	321421	89870596584a206cfec245ecfbb4662d9cb4bb77bbde29c7b60a5c2edba4ebe8
results/selection/codeml/bs_null_ITPR1/tree.nwk	results/selection	994	a00acad2f03675deb12a3aca70081e3e52e6f628da13cc6081321c77f48e4576
results/selection/codeml/bs_null_ITPR2/2NG.dN	results/selection	14029	51316a878050102a59dded5fce2984d67526e78267f803bb122908bc680c7216
results/selection/codeml/bs_null_ITPR2/2NG.dS	results/selection	14029	75ba557d2c15053a7e970312fbb456da20b41153d3e93d881e85b90aa1e48b56
results/selection/codeml/bs_null_ITPR2/2NG.t	results/selection	14029	a7dbb7128f0a58062d8cbf38f5749342a28b7ead81b509ff9e343259f351acb0
results/selection/codeml/bs_null_ITPR2/codeml.ctl	results/selection	470	ffea309b4c42cee9ff33c02a8d9f0c9b4c0e24142d9737aa44f53bbb440eea83
results/selection/codeml/bs_null_ITPR2/codeml.stderr	results/selection	25	3196ccfdce9d33e88315b6c3d87830c4331b163f1705811811cbed72da877f2f
results/selection/codeml/bs_null_ITPR2/codeml.stdout	results/selection	20000	f51cfce2006857cb90ee9c8f2b23757df4bc763e3e1b063a958b3728c17352ec
results/selection/codeml/bs_null_ITPR2/lnf	results/selection	1267424	17cf992932c66f8bfe0c6d62010d826a62c7e253e619dda6c39ee952e752bdf3
results/selection/codeml/bs_null_ITPR2/mlc	results/selection	91127	4d31772fa6967a3723aaac37f9a4ae21d1b54898d79fd665082e347349afb518
results/selection/codeml/bs_null_ITPR2/result.json	results/selection	455	4ad8ab9fa2035aa633966674bb1a24c6a226c5889497a84fd19b4321592d3efe
results/selection/codeml/bs_null_ITPR2/rst	results/selection	113706	3cd4fdeff837e36965650d6f96b56d420bef09cd9223775f41dd01d2e9d2deae
results/selection/codeml/bs_null_ITPR2/rst1	results/selection	722	36fdd1c14214996d780c7b0d8f8732482692968f7bda14a931a9e31a97128a90
results/selection/codeml/bs_null_ITPR2/rub	results/selection	276612	b25195cc23a83fa8eafa3f345c5a91dd7d0e161dcfc409589e7d3887313668a5
results/selection/codeml/bs_null_ITPR2/tree.nwk	results/selection	994	ccb9d65b6f1fbf75e054943555b20905437c2f99c226352e280110ddf607d223
results/selection/codeml/bs_null_ITPR3/2NG.dN	results/selection	14029	51316a878050102a59dded5fce2984d67526e78267f803bb122908bc680c7216
results/selection/codeml/bs_null_ITPR3/2NG.dS	results/selection	14029	75ba557d2c15053a7e970312fbb456da20b41153d3e93d881e85b90aa1e48b56
results/selection/codeml/bs_null_ITPR3/2NG.t	results/selection	14029	a7dbb7128f0a58062d8cbf38f5749342a28b7ead81b509ff9e343259f351acb0
results/selection/codeml/bs_null_ITPR3/codeml.ctl	results/selection	470	4c1c3e3e5b0a02b275ca426a6655efdc951af9015e86289d2e7807c92cbcd083
results/selection/codeml/bs_null_ITPR3/codeml.stderr	results/selection	25	3196ccfdce9d33e88315b6c3d87830c4331b163f1705811811cbed72da877f2f
results/selection/codeml/bs_null_ITPR3/codeml.stdout	results/selection	20000	a07c3819ee2ca008a2388d27a8689325d9332af48311c99706806f32b5944307
results/selection/codeml/bs_null_ITPR3/lnf	results/selection	1267424	efc91e20d7a4c70a4a7ca70dd7fd4942b58579c935e680bfd886d7188279b6f8
results/selection/codeml/bs_null_ITPR3/mlc	results/selection	91127	ebdb756b3ee6d3161f9cf016e1c65be361d09b546b3adbad580eedcf800df26f
results/selection/codeml/bs_null_ITPR3/result.json	results/selection	456	eda92924af5a153bd5b722ee96b83ffe2d7f4db5f9b5b7847fe118a71c724f27
results/selection/codeml/bs_null_ITPR3/rst	results/selection	113706	1126a5c9b6030508abac3a439273f4f6fe759c3ace5b36f863593262ea4b38a8
results/selection/codeml/bs_null_ITPR3/rst1	results/selection	722	04f02e3a72137a33ad05670d96d8faba187854a99d2048fe4077c45ecbf61446
results/selection/codeml/bs_null_ITPR3/rub	results/selection	266320	49083e4e0c3d92ad48dbc6dfd3d104e92f22bf04319253ac8475c8f437376689
results/selection/codeml/bs_null_ITPR3/tree.nwk	results/selection	994	f61f1f193a18883732424c0734531d04a1e6621efd6114274f786cd9aeb97c4e
results/selection/codeml/m0_ITPR1/2NG.dN	results/selection	1793	b613b909d1e1a38cfdab744ba90c4a94793399b99c5e47235c352847f6cca2c5
results/selection/codeml/m0_ITPR1/2NG.dS	results/selection	1793	a94bd002605304a7d91f3c1a03bf40e1b04a804bda73e81e998a90cf258739c7
results/selection/codeml/m0_ITPR1/2NG.t	results/selection	1793	96ae3241e29361031db525741e9519388c076a8d05df5ba9f5beef4af85df02d
results/selection/codeml/m0_ITPR1/codeml.ctl	results/selection	451	9a1afa12293420c9afec03288cb24720ccea783645b7d4779dfa261f8074d578
results/selection/codeml/m0_ITPR1/codeml.stderr	results/selection	25	3196ccfdce9d33e88315b6c3d87830c4331b163f1705811811cbed72da877f2f
results/selection/codeml/m0_ITPR1/codeml.stdout	results/selection	11031	8955d578c04d5219e8ec4dbb46ffb12e1e9efe1e05807e062d9567220dc074f7
results/selection/codeml/m0_ITPR1/lnf	results/selection	509361	ef28331db04ca5d39520600c0cc1413af8de761c1bc477180b30bf224ac60071
results/selection/codeml/m0_ITPR1/mlc	results/selection	26718	c0a7d240373ee7398d09dcc39777c9449f9c46752bd1ad5098ac2656d7292df4
results/selection/codeml/m0_ITPR1/result.json	results/selection	281	f8b5df6384462e03c458a49ec695dc90655575cee3c74474dba8ddd2f7a1c5e2
results/selection/codeml/m0_ITPR1/rst	results/selection	199	f746b439e7b41d0ac69280232dca089e734f31f13deb0eccd375126cfb355bd6
results/selection/codeml/m0_ITPR1/rst1	results/selection	268	09f2dfd5fec699276c90bb85b49ae7e673b40db92ca50343bd826948009638c4
results/selection/codeml/m0_ITPR1/rub	results/selection	34160	17d2b771bdd244d010200fcf564839b4a82096d6c72f1db69f2f0808bf0ab277
results/selection/codeml/m0_ITPR1/tree.nwk	results/selection	328	5403baad937332afc379981e5f974e5f17f9e9f0285d39fb27381ca04bdc576b
results/selection/codeml/m0_ITPR1_curated/2NG.dN	results/selection	1469	22fc280726819e1d8183f71969bcc0fcf0aec75f4a34edeab02d2c5620eb5541
results/selection/codeml/m0_ITPR1_curated/2NG.dS	results/selection	1469	cb5de2195a7bfd9fc1b9a8743ff10248e60c35c768c8f27f9c56b1edec5b5700
results/selection/codeml/m0_ITPR1_curated/2NG.t	results/selection	1469	1f2927226d455490c20188f064e1714d9d5c41e2df211859d4eb64f2b32c18ca
results/selection/codeml/m0_ITPR1_curated/codeml.ctl	results/selection	467	71126510def603343633d90da23d3cd277c797692bd9ef3ef19700d4a4fd770a
results/selection/codeml/m0_ITPR1_curated/codeml.stderr	results/selection	25	3196ccfdce9d33e88315b6c3d87830c4331b163f1705811811cbed72da877f2f
results/selection/codeml/m0_ITPR1_curated/codeml.stdout	results/selection	8037	d21aac2554c72e1f4ff097038579643f3a2db23d31e78b52d48451b97b75f2f3
results/selection/codeml/m0_ITPR1_curated/lnf	results/selection	469268	29cbb17c0be75ef821c2ec638c7c1cf13dd47015db2930fe658bc10446dfdb25
results/selection/codeml/m0_ITPR1_curated/mlc	results/selection	23335	473e7f510c1f58fbb7954088171d4b6d12453902592b4b56ca8515db5b974001
results/selection/codeml/m0_ITPR1_curated/result.json	results/selection	328	614500bc65c1f05876433d6beccff72d69ca8087c6f1c504a98174e87b94c6b9
results/selection/codeml/m0_ITPR1_curated/rst	results/selection	215	5f691f675aa4c5b67c98920cdbe4dbf26635204b0b0668cf844b595606c9d29d
results/selection/codeml/m0_ITPR1_curated/rst1	results/selection	244	69efac51cc07be9bf9d6bd21232f4b7f19c8b6a9bb32fb2dd4ceacccb39c79ea
results/selection/codeml/m0_ITPR1_curated/rub	results/selection	18484	0b5026f865db3f62eda81083ae03e5addde5e2f02bd7f61d6609ae4bb66d25d0
results/selection/codeml/m0_ITPR1_curated/tree.nwk	results/selection	293	de3df0c875d94e33af5c964f826e30341f7f8498a185dad5dfc883bdd576d63b
results/selection/codeml/m0_ITPR2/2NG.dN	results/selection	917	3dfb6f186aed2b41bcdbcd4a20b90003316470d5344a67195c178e981c0f51e6
results/selection/codeml/m0_ITPR2/2NG.dS	results/selection	917	ec6fe498d4695f7a1bd2c0a5ab74797fc38c23d1ec7383cc29d19a6bafd8c59e
results/selection/codeml/m0_ITPR2/2NG.t	results/selection	917	4f79585a233434ed103162bd56444660b8b7e6ec71f5e81db92347beb0bd6020
results/selection/codeml/m0_ITPR2/codeml.ctl	results/selection	451	7150ac181478beb1a1ea203987506857bd951818df5cc5a31c2300bf3002a4d4
results/selection/codeml/m0_ITPR2/codeml.stderr	results/selection	25	3196ccfdce9d33e88315b6c3d87830c4331b163f1705811811cbed72da877f2f
results/selection/codeml/m0_ITPR2/codeml.stdout	results/selection	6182	854ca9ed8ec734c8ffa7ee7e46f9448a095eab84d7614fdcc48f239e6b4ad9bb
results/selection/codeml/m0_ITPR2/lnf	results/selection	391975	313703d8dc2210be96205f79275c50f3bc4c520fb2ba65887701ea453fd910d2
results/selection/codeml/m0_ITPR2/mlc	results/selection	18377	9801daa84791a5b5288ff4d9a1e3656d2981fa99870b70a600395e0df60f05b6
results/selection/codeml/m0_ITPR2/result.json	results/selection	283	5755923125f5cf307301c6cf5c2500110253a09284063ad0068b3182ef780ae7
results/selection/codeml/m0_ITPR2/rst	results/selection	199	f9d8bfa777660d6ae966ed312e414a57bb1710c9024bf412a4706bdb5ed2746b
results/selection/codeml/m0_ITPR2/rst1	results/selection	196	7f94dcd27f5bc9a873eb08856a8b5feb6316e139ee8ecccac9d1efc157b55069
results/selection/codeml/m0_ITPR2/rub	results/selection	9862	6d0600ce53cf2a102ac2bb2bf52ffe3ade0c5a74993249b9f324d423e42eeb12
results/selection/codeml/m0_ITPR2/tree.nwk	results/selection	221	4370c25a4e701d38c1efe580d148721e597c5ae10049680d3e2213a51704fead
results/selection/codeml/m0_ITPR2_curated/2NG.dN	results/selection	689	8265b9544fee763143d4806669f1b9e8aba9c50e54351c2192ff51012415eb5a
results/selection/codeml/m0_ITPR2_curated/2NG.dS	results/selection	689	de8018e034fbe9805a2e0d451ce7ef628dbdca758060c5bf12fb685e1cbf9254
results/selection/codeml/m0_ITPR2_curated/2NG.t	results/selection	689	0c66d59451953a3c2eebc625e4f3460d5642bf122faaf1f5bdd7c5193ab06f46
results/selection/codeml/m0_ITPR2_curated/codeml.ctl	results/selection	467	707671d442c6e9b32e60aee4d0104ead987b5b0db0a0362b07cdc1974ef50736
results/selection/codeml/m0_ITPR2_curated/codeml.stderr	results/selection	25	3196ccfdce9d33e88315b6c3d87830c4331b163f1705811811cbed72da877f2f
results/selection/codeml/m0_ITPR2_curated/codeml.stdout	results/selection	6333	f2c0c4ff503fa2d8406404753706460e64348cb857422cb43dd875db8e7e378c
results/selection/codeml/m0_ITPR2_curated/lnf	results/selection	349591	e604d74085705b3e7f2bd03fe68d87e9278a6c7ce9cb4310ae587a64dc81e4fb
results/selection/codeml/m0_ITPR2_curated/mlc	results/selection	15282	1385d49136e31d9f5e6d89d34ebcb216173a8622d574c1833fa3d22abbfc3864
results/selection/codeml/m0_ITPR2_curated/result.json	results/selection	327	1cb492430004985be0f87fcb820eb98b98c88d74235e4be65c6a8a8f1aaca802
results/selection/codeml/m0_ITPR2_curated/rst	results/selection	215	a49c0659cbd47a442a6a36fc73765bc4da4ee5febbd390032b074f0940106892
results/selection/codeml/m0_ITPR2_curated/rst1	results/selection	172	ba4f3ed90ed8408629d34a818cb073e137ee1a6baa0cb542288288a3d5c37417
results/selection/codeml/m0_ITPR2_curated/rub	results/selection	10171	6ffca550acdc512ba046679840f5eb3dc489fe66d9fdaf32a1c81afb947a14c1
results/selection/codeml/m0_ITPR2_curated/tree.nwk	results/selection	186	4cc398b5d621ececf1a3378f43ff3f838a813a3de12f99957083117b1e396a08
results/selection/codeml/m0_ITPR3/2NG.dN	results/selection	1793	26c2a7b69e9b569a7a7d5719b684e297c7a1d7e96c242a49930d85f00793aad7
results/selection/codeml/m0_ITPR3/2NG.dS	results/selection	1793	31dc294fe0f54446189837bd8c78153d25856fa58f308b9fd5c780229e9b0450
results/selection/codeml/m0_ITPR3/2NG.t	results/selection	1793	32193f90c37624602f1753cc252997c826ed1d448f1d5972780ec14a5c659655
results/selection/codeml/m0_ITPR3/codeml.ctl	results/selection	451	0daf2e45ccc3f6471ea1a72f7855d9affe90c1fd8f1a80ca2ecf311909afc4d3
results/selection/codeml/m0_ITPR3/codeml.stderr	results/selection	25	3196ccfdce9d33e88315b6c3d87830c4331b163f1705811811cbed72da877f2f
results/selection/codeml/m0_ITPR3/codeml.stdout	results/selection	8755	a4e8dce7a055ffb55609ddb1c27a3293f5e8a24ba4c97a5f0e5d7daec831ead9
results/selection/codeml/m0_ITPR3/lnf	results/selection	504631	0787dd26b0d77488889ea8d2ff46df941b03f8840a02f6c67d43f10e36143235
results/selection/codeml/m0_ITPR3/mlc	results/selection	26668	2d71ef5b7d7f1c11259bb2ac63cc6af54380325cf3d508d401b1f83d3273b6e4
results/selection/codeml/m0_ITPR3/result.json	results/selection	286	1224dfb103d31c5dc31d573438b3e87786b4b6a7643b77435b5464e5905ce525
results/selection/codeml/m0_ITPR3/rst	results/selection	199	9fb611a86d760d71a1209046307ac7b869f87789dc2ad12f368d1e6f1196724a
results/selection/codeml/m0_ITPR3/rst1	results/selection	268	5deb6eb49f9b5d56378349e0082cd5f1b40c7e2e378161247f2a78457d907844
results/selection/codeml/m0_ITPR3/rub	results/selection	22898	1f2e07060a38605edcf973217c4bea64cdcf719e445cb91e7b161a70c34084e8
results/selection/codeml/m0_ITPR3/tree.nwk	results/selection	331	fc626f953d03a09993f1ba2c2926e4da877e52adb27b863055a84f7ddfcc8d84
results/selection/codeml/m0_ITPR3_curated/2NG.dN	results/selection	799	ad9a2cd9ad9fb7a163e053e300834c6d68e31b7b10f1ef972fa50b69ea2d4892
results/selection/codeml/m0_ITPR3_curated/2NG.dS	results/selection	799	aa378a0d9b50fb4bbd251e7de8741870ff3e3b3afdfb63e46280233f9db33d1f
results/selection/codeml/m0_ITPR3_curated/2NG.t	results/selection	799	08f7683e733e3025e6aba1a448f4bd2c42342344552775564e89009c40e2d22b
results/selection/codeml/m0_ITPR3_curated/codeml.ctl	results/selection	467	d6902ee44b0e4387038e41438305cff12bdc56b6d939eab567bb06776d35f63f
results/selection/codeml/m0_ITPR3_curated/codeml.stderr	results/selection	25	3196ccfdce9d33e88315b6c3d87830c4331b163f1705811811cbed72da877f2f
results/selection/codeml/m0_ITPR3_curated/codeml.stdout	results/selection	6923	53bca39777a975555dcea3242dfcfd5a9e9b6b2ce695754e63ef6527cc2d1fa4
results/selection/codeml/m0_ITPR3_curated/lnf	results/selection	359684	f2bc3b30feb20fd51defd3668b06881738c95d5963bd1e05971e7a50b2938f0f
results/selection/codeml/m0_ITPR3_curated/mlc	results/selection	16399	119a2b398c339833b751eacb91ea5ae7d2030cda2a81506408960d08c5ab61fd
results/selection/codeml/m0_ITPR3_curated/result.json	results/selection	328	eed0a86f9435559ede20d50deeb05bd875a4bd8d12ccbd6d087e5c1876143a7a
results/selection/codeml/m0_ITPR3_curated/rst	results/selection	215	41105bc3e56d41deec1d81cdbc947493079c2b0d759dea3d98fbbb2f1e845812
results/selection/codeml/m0_ITPR3_curated/rst1	results/selection	184	41f2b2f457ff245c7cc691758e0c02d6fbb48e7129fdea7df442561a7164b953
results/selection/codeml/m0_ITPR3_curated/rub	results/selection	11518	484e036596938f51211fe89f9cb979ee3a3d58d1fee44614609c30bf56f3c841
results/selection/codeml/m0_ITPR3_curated/tree.nwk	results/selection	206	b1600c77712410c8525ffc79ae8e2e415cae04ce5293a9ed475e0e087dbc77c1
results/selection/codeml/m0_all/2NG.dN	results/selection	14029	51316a878050102a59dded5fce2984d67526e78267f803bb122908bc680c7216
results/selection/codeml/m0_all/2NG.dS	results/selection	14029	75ba557d2c15053a7e970312fbb456da20b41153d3e93d881e85b90aa1e48b56
results/selection/codeml/m0_all/2NG.t	results/selection	14029	a7dbb7128f0a58062d8cbf38f5749342a28b7ead81b509ff9e343259f351acb0
results/selection/codeml/m0_all/codeml.ctl	results/selection	451	63d9f8335e1275500bd100408657c20c9748a67cba7ad9c1de1e278daf2aabeb
results/selection/codeml/m0_all/codeml.stderr	results/selection	25	3196ccfdce9d33e88315b6c3d87830c4331b163f1705811811cbed72da877f2f
results/selection/codeml/m0_all/codeml.stdout	results/selection	20000	a6147485c252dbdf744ee07fbbb8845a4c4ffa3555876f1ec9a28673c895ae00
results/selection/codeml/m0_all/lnf	results/selection	1267424	75b59520159a9e3c2bffc686e3c02bb9c25aa9d0fc5fd4fa6bb370fb8e81de8d
results/selection/codeml/m0_all/mlc	results/selection	98889	8dcd310ccea9157b2a53841a9d970813617a5b7c01fece9f776df29450f3c2da
results/selection/codeml/m0_all/result.json	results/selection	330	5f72d8ee15291e7f7989856b46e6bb64260ad54733cdccc626b8a7fd37f7c8da
results/selection/codeml/m0_all/rst	results/selection	199	0296f76de5b1e4f00e44b7ba981090ecf9f3383f944577bb694a3bc283d8d794
results/selection/codeml/m0_all/rst1	results/selection	725	05f6f79916934c4ae4123f16c10185dcbdc0ac7e93d82d2b42d4ddf2ad553db8
results/selection/codeml/m0_all/rub	results/selection	242856	941df5af7ebd081b56dcec760fe6aef4744236ef5ef34b1019b09de1d0093ad0
results/selection/codeml/m0_all/tree.nwk	results/selection	992	28fc79bb237305254b57b1e87fdf6e133b3019f389bd36acfb0b1ebd3470e3e7
results/selection/codeml/m1a_ITPR1/2NG.dN	results/selection	1793	b613b909d1e1a38cfdab744ba90c4a94793399b99c5e47235c352847f6cca2c5
results/selection/codeml/m1a_ITPR1/2NG.dS	results/selection	1793	a94bd002605304a7d91f3c1a03bf40e1b04a804bda73e81e998a90cf258739c7
results/selection/codeml/m1a_ITPR1/2NG.t	results/selection	1793	96ae3241e29361031db525741e9519388c076a8d05df5ba9f5beef4af85df02d
results/selection/codeml/m1a_ITPR1/codeml.ctl	results/selection	452	56d9d2c231f96e6191f53bc775e934dded6ac3ed25b7dd97cf9be1de480ee117
results/selection/codeml/m1a_ITPR1/codeml.stderr	results/selection	25	3196ccfdce9d33e88315b6c3d87830c4331b163f1705811811cbed72da877f2f
results/selection/codeml/m1a_ITPR1/codeml.stdout	results/selection	10116	530fbdc0dd60e7526cc1e6c2fdcb30751438812e31fbecad8773a0cab627f9e3
results/selection/codeml/m1a_ITPR1/lnf	results/selection	509361	1ff2d103acab84fc42a5fa0243ee1574e34b59cabfe11202fb3a85ae67319fd3
results/selection/codeml/m1a_ITPR1/mlc	results/selection	26775	8b08e090843cb9e8809c0ffdbf035b458ac20ab4a1792d021e4cdf9f4fdd22e4
results/selection/codeml/m1a_ITPR1/result.json	results/selection	285	3aa2f8fe2e043772c62b4a3f4e863d6411cc44cec1b70d5d2ebcc380ce60bbb7
results/selection/codeml/m1a_ITPR1/rst	results/selection	91416	437bac7e8059b9ceca2d8e2563e2dbd0dcf6e6d8fc1b8aad3fcd6a2b016fcff8
results/selection/codeml/m1a_ITPR1/rst1	results/selection	259	def6ebe9a7d58d0152a902c09d5a128d430c1248046cafc91a1d29c4cf5a5f84
results/selection/codeml/m1a_ITPR1/rub	results/selection	30513	a44c86f334b9e3b2165631ae4f5755c2da3e97d8e3d6ed9ba9ebd467095a2a0d
results/selection/codeml/m1a_ITPR1/tree.nwk	results/selection	328	5403baad937332afc379981e5f974e5f17f9e9f0285d39fb27381ca04bdc576b
results/selection/codeml/m1a_ITPR2/2NG.dN	results/selection	917	3dfb6f186aed2b41bcdbcd4a20b90003316470d5344a67195c178e981c0f51e6
results/selection/codeml/m1a_ITPR2/2NG.dS	results/selection	917	ec6fe498d4695f7a1bd2c0a5ab74797fc38c23d1ec7383cc29d19a6bafd8c59e
results/selection/codeml/m1a_ITPR2/2NG.t	results/selection	917	4f79585a233434ed103162bd56444660b8b7e6ec71f5e81db92347beb0bd6020
results/selection/codeml/m1a_ITPR2/codeml.ctl	results/selection	452	277152f99dea31b0a2dd75f8d300facb039ca2d2001b091afb76dc366fc8d2af
results/selection/codeml/m1a_ITPR2/codeml.stderr	results/selection	25	3196ccfdce9d33e88315b6c3d87830c4331b163f1705811811cbed72da877f2f
results/selection/codeml/m1a_ITPR2/codeml.stdout	results/selection	6408	37bec54c6663cf0be46224a32221f6dd39b170d657690b4119d78d38d1946008
results/selection/codeml/m1a_ITPR2/lnf	results/selection	391975	55f28896e0096f2b8ea569ef03f17f09ef62fda21787018270ec867bee4de1ca
results/selection/codeml/m1a_ITPR2/mlc	results/selection	18413	d11f43f7ff8be25847c33a02f044a2de92c47489bfcccd6fcdb36a1b00d33de0
results/selection/codeml/m1a_ITPR2/result.json	results/selection	286	b06c4868021aa0122892b466955aa7d35906843b6d5b1d53a96aaa9e3fe1e59e
results/selection/codeml/m1a_ITPR2/rst	results/selection	91417	5f7ad98bc8aeae0e8b10c137e59e35b1bfeda12b25a9dc2abcf0d3f3354368cb
results/selection/codeml/m1a_ITPR2/rst1	results/selection	187	65dda4e72364ef123a013ed08467112aae851254cf129ba2f4361f8d07cac4d7
results/selection/codeml/m1a_ITPR2/rub	results/selection	10797	8ea6cf06eb2ade3d6edb037f3fa8abb8b9f708876655cc2e24c99da19fa49748
results/selection/codeml/m1a_ITPR2/tree.nwk	results/selection	221	4370c25a4e701d38c1efe580d148721e597c5ae10049680d3e2213a51704fead
results/selection/codeml/m1a_ITPR3/2NG.dN	results/selection	1793	26c2a7b69e9b569a7a7d5719b684e297c7a1d7e96c242a49930d85f00793aad7
results/selection/codeml/m1a_ITPR3/2NG.dS	results/selection	1793	31dc294fe0f54446189837bd8c78153d25856fa58f308b9fd5c780229e9b0450
results/selection/codeml/m1a_ITPR3/2NG.t	results/selection	1793	32193f90c37624602f1753cc252997c826ed1d448f1d5972780ec14a5c659655
results/selection/codeml/m1a_ITPR3/codeml.ctl	results/selection	452	8bfb7712f0224264b79d61c784a28a1734f52da9e76e622c9b5c127156c53d9b
results/selection/codeml/m1a_ITPR3/codeml.stderr	results/selection	25	3196ccfdce9d33e88315b6c3d87830c4331b163f1705811811cbed72da877f2f
results/selection/codeml/m1a_ITPR3/codeml.stdout	results/selection	8846	05374a32af7a5cea8da0b1e4c4c0e7b839c2b6e1d388872661e1c55deb902a0a
results/selection/codeml/m1a_ITPR3/lnf	results/selection	504631	1097861d70e7d85d5239d28fb513fb340d499da2571d35f48931b64604eadc9a
results/selection/codeml/m1a_ITPR3/mlc	results/selection	26704	40d0a713b2718041aadf87806e16de365a7dc728c7692c943944ac73bacbe338
results/selection/codeml/m1a_ITPR3/result.json	results/selection	287	1a9e3acb00e125b939638b7b8916c5b4e7f0ba95880aa4450030e02184132354
results/selection/codeml/m1a_ITPR3/rst	results/selection	91417	6d41a2ed0cf66a7fbb6619a8287cb7632282dbdfe71cfa89b9d63c2fbb1af9ee
results/selection/codeml/m1a_ITPR3/rst1	results/selection	259	ba47de73224527321a9b227c3531141da1419f1fa0f2028a5f05a77d93095b46
results/selection/codeml/m1a_ITPR3/rub	results/selection	23470	286f45cbc0f977cd1743f0c42629f9fd525a3f37f933e86398c5e68bb0b8f9b2
results/selection/codeml/m1a_ITPR3/tree.nwk	results/selection	331	fc626f953d03a09993f1ba2c2926e4da877e52adb27b863055a84f7ddfcc8d84
results/selection/codeml/m2a_ITPR1/2NG.dN	results/selection	1793	b613b909d1e1a38cfdab744ba90c4a94793399b99c5e47235c352847f6cca2c5
results/selection/codeml/m2a_ITPR1/2NG.dS	results/selection	1793	a94bd002605304a7d91f3c1a03bf40e1b04a804bda73e81e998a90cf258739c7
results/selection/codeml/m2a_ITPR1/2NG.t	results/selection	1793	96ae3241e29361031db525741e9519388c076a8d05df5ba9f5beef4af85df02d
results/selection/codeml/m2a_ITPR1/codeml.ctl	results/selection	452	5e4e16f908825c1133e1b7e601dc8aa0dbe10e826d161ec636d8696abfec821b
results/selection/codeml/m2a_ITPR1/codeml.stderr	results/selection	25	3196ccfdce9d33e88315b6c3d87830c4331b163f1705811811cbed72da877f2f
results/selection/codeml/m2a_ITPR1/codeml.stdout	results/selection	20000	905ecfc933a20cb55d1c2f8a08fd72c8124f4793c5ebd70e5de6e533da3a886e
results/selection/codeml/m2a_ITPR1/lnf	results/selection	509361	6d0686b3a6432b807f3a40b1ff64af1f175bd83b745d68b496568247f73b7104
results/selection/codeml/m2a_ITPR1/mlc	results/selection	28227	42072f19e0b6d770e2d5ac4a2f0c2a7bdb44ae5105dae7bc87c65d658d199274
results/selection/codeml/m2a_ITPR1/result.json	results/selection	288	20798cbfddbc95a270e9fdbbbdf00d7e18fa911a10992bd400298b7fd05f5a0d
results/selection/codeml/m2a_ITPR1/rst	results/selection	263869	de4c474ea35501b63f9e5d2d9b0461304da5e0940d72f3254fc358709dd51652
results/selection/codeml/m2a_ITPR1/rst1	results/selection	272	a28390afdfad6b3efb2c47c77799d955ef3f48fe8388605ec4752246de080e24
results/selection/codeml/m2a_ITPR1/rub	results/selection	56578	3fb1b1addeae6456a4a81eb3339692b99e132a9bccd1443ca535fb1432193904
results/selection/codeml/m2a_ITPR1/tree.nwk	results/selection	328	5403baad937332afc379981e5f974e5f17f9e9f0285d39fb27381ca04bdc576b
results/selection/codeml/m2a_ITPR2/2NG.dN	results/selection	917	3dfb6f186aed2b41bcdbcd4a20b90003316470d5344a67195c178e981c0f51e6
results/selection/codeml/m2a_ITPR2/2NG.dS	results/selection	917	ec6fe498d4695f7a1bd2c0a5ab74797fc38c23d1ec7383cc29d19a6bafd8c59e
results/selection/codeml/m2a_ITPR2/2NG.t	results/selection	917	4f79585a233434ed103162bd56444660b8b7e6ec71f5e81db92347beb0bd6020
results/selection/codeml/m2a_ITPR2/codeml.ctl	results/selection	452	a9a5e6d06b2fdb89a0e209826a4997a298597d252bea57473054a626739624eb
results/selection/codeml/m2a_ITPR2/codeml.stderr	results/selection	25	3196ccfdce9d33e88315b6c3d87830c4331b163f1705811811cbed72da877f2f
results/selection/codeml/m2a_ITPR2/codeml.stdout	results/selection	17100	745129e3653f356d9fdbb4889fa7c4f5d6a10076451ca420ab6b00afb1393b42
results/selection/codeml/m2a_ITPR2/lnf	results/selection	391975	dfb9368fd82cd83e075e1989530318210e3f5b915bbb6f3acc6e821ad7289328
results/selection/codeml/m2a_ITPR2/mlc	results/selection	20035	83f779af03b503227d899edc568595e1c31d2c616aca804cd787d03c1603938f
results/selection/codeml/m2a_ITPR2/result.json	results/selection	286	8ccedf0e3d962a3b050681fba07b92e797509b395a453bb419b633ea3953c149
results/selection/codeml/m2a_ITPR2/rst	results/selection	264000	191507e716ab926ae7a682fcfa058383fbf2465497fd3905c7537e2ca1acd33d
results/selection/codeml/m2a_ITPR2/rst1	results/selection	200	ab8a8f70ad1651beff50ac1f0628cbbe6b53b8307ea1f3d7ec421d2ece9af8b0
results/selection/codeml/m2a_ITPR2/rub	results/selection	22760	13149eefd780ba6419edca35df9c9173b22b2402cb39b9383854813efa685454
results/selection/codeml/m2a_ITPR2/tree.nwk	results/selection	221	4370c25a4e701d38c1efe580d148721e597c5ae10049680d3e2213a51704fead
results/selection/codeml/m2a_ITPR3/2NG.dN	results/selection	1793	26c2a7b69e9b569a7a7d5719b684e297c7a1d7e96c242a49930d85f00793aad7
results/selection/codeml/m2a_ITPR3/2NG.dS	results/selection	1793	31dc294fe0f54446189837bd8c78153d25856fa58f308b9fd5c780229e9b0450
results/selection/codeml/m2a_ITPR3/2NG.t	results/selection	1793	32193f90c37624602f1753cc252997c826ed1d448f1d5972780ec14a5c659655
results/selection/codeml/m2a_ITPR3/codeml.ctl	results/selection	452	404594f86e2558280db8f75b3a021b1cc26bab356f3bb5dfbea901905234f4ad
results/selection/codeml/m2a_ITPR3/codeml.stderr	results/selection	25	3196ccfdce9d33e88315b6c3d87830c4331b163f1705811811cbed72da877f2f
results/selection/codeml/m2a_ITPR3/codeml.stdout	results/selection	20000	18005a24d2a67a785830f889b757304201298cb5580caecc227b22a9248203e9
results/selection/codeml/m2a_ITPR3/lnf	results/selection	504631	adf4a8215cfad4e06f75e8e6339970d9ebcb9f89a2d1ff5e8805e9a578c49ef4
results/selection/codeml/m2a_ITPR3/mlc	results/selection	28263	17deef5d2fe2ffdfd65d67a6d25dae380924618c0a6c8fac8a993d5ac65f5c79
results/selection/codeml/m2a_ITPR3/result.json	results/selection	286	9d96fe5bc6cf703d222110e1bc764bee5c2a9b336a0e7e9ea3a28242f388f1ff
results/selection/codeml/m2a_ITPR3/rst	results/selection	263957	481ae9a32fcb7ab2bf1a2eb673f33fd135c9d3b7f1f9253a8267929a41ead78d
results/selection/codeml/m2a_ITPR3/rst1	results/selection	272	97ac177cd9f2bb700a5edb72104653040e4a5602893ab0d959658633e93a0eb8
results/selection/codeml/m2a_ITPR3/rub	results/selection	52236	075bbd2ca11be78b941cc45b8952cf5e4b94d8e010b8bd9e646e4602cd6f95cb
results/selection/codeml/m2a_ITPR3/tree.nwk	results/selection	331	fc626f953d03a09993f1ba2c2926e4da877e52adb27b863055a84f7ddfcc8d84
results/selection/codeml/m7_ITPR1/2NG.dN	results/selection	1793	0c7799747cc043696da6d4bf69d962eb303ebf2e8b9c340e61d2e0bc766baa35
results/selection/codeml/m7_ITPR1/2NG.dS	results/selection	1793	676a08891b1eb9293b49e317f3c6ecedefaae266706757ccdcb48a41de3e59a8
results/selection/codeml/m7_ITPR1/2NG.t	results/selection	1793	6922e736c7ea58e47e52a262c10c52ee65fd56bfcdad0ff2372df0a8fd0b2707
results/selection/codeml/m7_ITPR1/codeml.ctl	results/selection	452	a06cf14924290c45f35733614ee45c93fce4b0b65f4a567a0cfb710321656409
results/selection/codeml/m7_ITPR1/codeml.stderr	results/selection	25	3196ccfdce9d33e88315b6c3d87830c4331b163f1705811811cbed72da877f2f
results/selection/codeml/m7_ITPR1/codeml.stdout	results/selection	10705	6554e36f6ff88cd6350d65ecdf9e3092b41ed2eb047a71af3f390e543db7f454
results/selection/codeml/m7_ITPR1/lnf	results/selection	509361	6a1f9dbdd2d5f68981459b88d3226cfa400e808b8d9f16d355a1fc6e2605aa43
results/selection/codeml/m7_ITPR1/mlc	results/selection	26964	f1551ae8a14becb5b0b629bc5bd71e58c9434887add86902692c49989b93ae7b
results/selection/codeml/m7_ITPR1/result.json	results/selection	287	72fa66c2e83a0984af882cb585588112a6c417ad1b947fb1b9e357a1980f957c
results/selection/codeml/m7_ITPR1/rst	results/selection	248938	ae76e73806d18b02649ae79b4a733fd0bc71f7ce9ad3691641cd6f7f69b05e3d
results/selection/codeml/m7_ITPR1/rst1	results/selection	259	33665d7e28b66f803f3d75ff84a0611c1483c8934c2f939c56e6c5979c9d0cb2
results/selection/codeml/m7_ITPR1/rub	results/selection	32964	ebe53e58a3c3ced8828bc7cb11102a3931b1d9e49586569ea6648240d7881ca9
results/selection/codeml/m7_ITPR1/tree.nwk	results/selection	328	5403baad937332afc379981e5f974e5f17f9e9f0285d39fb27381ca04bdc576b
results/selection/codeml/m7_ITPR2/2NG.dN	results/selection	917	3dfb6f186aed2b41bcdbcd4a20b90003316470d5344a67195c178e981c0f51e6
results/selection/codeml/m7_ITPR2/2NG.dS	results/selection	917	ec6fe498d4695f7a1bd2c0a5ab74797fc38c23d1ec7383cc29d19a6bafd8c59e
results/selection/codeml/m7_ITPR2/2NG.t	results/selection	917	4f79585a233434ed103162bd56444660b8b7e6ec71f5e81db92347beb0bd6020
results/selection/codeml/m7_ITPR2/codeml.ctl	results/selection	452	e1a526087a362f99a6f1be2af94692a45307a20a86c4b6d71e5818a9823eb147
results/selection/codeml/m7_ITPR2/codeml.stderr	results/selection	25	3196ccfdce9d33e88315b6c3d87830c4331b163f1705811811cbed72da877f2f
results/selection/codeml/m7_ITPR2/codeml.stdout	results/selection	6641	5dbe61532ea4cc3cd5f7376c0ea382dd39eba10ce22ced06a09e1cbc9b111e89
results/selection/codeml/m7_ITPR2/lnf	results/selection	391975	dd5d5f499c33ff81127befb7c376c5b765f7372dc34d6a0d69422cd8e1c1f800
results/selection/codeml/m7_ITPR2/mlc	results/selection	18624	2b4ce6c289e598c250ef4982da17c6147e3cee8b38e297045f4ccb623bc12536
results/selection/codeml/m7_ITPR2/result.json	results/selection	286	32bfcee70050150205069119e71daabc6ca5a8ff3834d905c89494a3f7fc50b1
results/selection/codeml/m7_ITPR2/rst	results/selection	248938	d7df49f78bb875479cbecdc969abc90db7ae071646f31253feb68eca2991c7c7
results/selection/codeml/m7_ITPR2/rst1	results/selection	187	04b2e38534c364a9601bdc0ef409492e7384d201f7d384d73983bdeff008b594
results/selection/codeml/m7_ITPR2/rub	results/selection	11670	5532dadaa263ac5821f62eb907f4f4d8010aea7b2aaa86ccbdd26a332265325b
results/selection/codeml/m7_ITPR2/tree.nwk	results/selection	221	4370c25a4e701d38c1efe580d148721e597c5ae10049680d3e2213a51704fead
results/selection/codeml/m7_ITPR3/2NG.dN	results/selection	1793	26c2a7b69e9b569a7a7d5719b684e297c7a1d7e96c242a49930d85f00793aad7
results/selection/codeml/m7_ITPR3/2NG.dS	results/selection	1793	31dc294fe0f54446189837bd8c78153d25856fa58f308b9fd5c780229e9b0450
results/selection/codeml/m7_ITPR3/2NG.t	results/selection	1793	32193f90c37624602f1753cc252997c826ed1d448f1d5972780ec14a5c659655
results/selection/codeml/m7_ITPR3/codeml.ctl	results/selection	452	c665216ecfe6214a759dbc9c92087339cf6d3a58bf78295821282ad8fcc7cf1b
results/selection/codeml/m7_ITPR3/codeml.stderr	results/selection	25	3196ccfdce9d33e88315b6c3d87830c4331b163f1705811811cbed72da877f2f
results/selection/codeml/m7_ITPR3/codeml.stdout	results/selection	8962	ef7419146157f3090196b7c2afb8bb221ce3fb7ac20602aeb72548768443e3f8
results/selection/codeml/m7_ITPR3/lnf	results/selection	504631	cade2c92efd122e5fc07c219d8cbfe1edef2ac1b7fa8a6a57e35cf5dc07f50d8
results/selection/codeml/m7_ITPR3/mlc	results/selection	26914	0579cca7665a7d2cd5cacddd7bb005fa62e3df28e68f64a475a2ba84c75ac6a1
results/selection/codeml/m7_ITPR3/result.json	results/selection	287	6b50663c29bdcf9246473738a53ce4dec81fca15bfd45818a4fd61bca2036162
results/selection/codeml/m7_ITPR3/rst	results/selection	248938	53db0a228d24374277b2d713123f33230bd42bb581b590520bc55331ca88ac18
results/selection/codeml/m7_ITPR3/rst1	results/selection	259	7ed6af81e5c06201c74f18848f2b4018a29c2750138fb7fd8b56ec5eb34a7787
results/selection/codeml/m7_ITPR3/rub	results/selection	23897	5c9e5e03c4f2c90b29ca9cfb049da4d46603f8a36ff08c8accd05d8602f80173
results/selection/codeml/m7_ITPR3/tree.nwk	results/selection	331	fc626f953d03a09993f1ba2c2926e4da877e52adb27b863055a84f7ddfcc8d84
results/selection/codeml/m8_ITPR1/2NG.dN	results/selection	1793	0c7799747cc043696da6d4bf69d962eb303ebf2e8b9c340e61d2e0bc766baa35
results/selection/codeml/m8_ITPR1/2NG.dS	results/selection	1793	676a08891b1eb9293b49e317f3c6ecedefaae266706757ccdcb48a41de3e59a8
results/selection/codeml/m8_ITPR1/2NG.t	results/selection	1793	6922e736c7ea58e47e52a262c10c52ee65fd56bfcdad0ff2372df0a8fd0b2707
results/selection/codeml/m8_ITPR1/codeml.ctl	results/selection	452	f20766406f0345c92209e70ec8de34ed73c57b30775b2a0e9460576406cdcb7c
results/selection/codeml/m8_ITPR1/codeml.stderr	results/selection	25	3196ccfdce9d33e88315b6c3d87830c4331b163f1705811811cbed72da877f2f
results/selection/codeml/m8_ITPR1/codeml.stdout	results/selection	18937	374b0b3dc6b19e46d22cb11b328b6e1b46579cac206c97bb2429a8c4015472e3
results/selection/codeml/m8_ITPR1/lnf	results/selection	509361	64cf166d2812c5f2bc858c33a4dcb3c21d12ea2d1932946870804db04c26afbc
results/selection/codeml/m8_ITPR1/mlc	results/selection	28041	64c657a2d72f9f3e72c3d9b9d30417d8fb5b99c483c56c2183d27973f2b29825
results/selection/codeml/m8_ITPR1/result.json	results/selection	287	d0d06f89041327e7fb5e01959ba853c8076bd76ad2b1222ffdbd129980238b91
results/selection/codeml/m8_ITPR1/rst	results/selection	561521	5cc355249be0ebc4b54bc18522997da2a0fad813202697b6c82c9814c0a97f52
results/selection/codeml/m8_ITPR1/rst1	results/selection	271	8a0faba3965b7e56c2a67937d068f005217e1add5128d127dbdbea012ce17687
results/selection/codeml/m8_ITPR1/rub	results/selection	35465	34cf8242ce5c2ebdec6caa33508e1fe9b3b447dfa4fe7c56352c28ad29909f5c
results/selection/codeml/m8_ITPR1/tree.nwk	results/selection	328	5403baad937332afc379981e5f974e5f17f9e9f0285d39fb27381ca04bdc576b
results/selection/codeml/m8_ITPR2/2NG.dN	results/selection	917	3dfb6f186aed2b41bcdbcd4a20b90003316470d5344a67195c178e981c0f51e6
results/selection/codeml/m8_ITPR2/2NG.dS	results/selection	917	ec6fe498d4695f7a1bd2c0a5ab74797fc38c23d1ec7383cc29d19a6bafd8c59e
results/selection/codeml/m8_ITPR2/2NG.t	results/selection	917	4f79585a233434ed103162bd56444660b8b7e6ec71f5e81db92347beb0bd6020
results/selection/codeml/m8_ITPR2/codeml.ctl	results/selection	452	47b01731770c04ffd678c494e4109e90ad2204ad3e9ed5d986a6b81517ccc82b
results/selection/codeml/m8_ITPR2/codeml.stderr	results/selection	25	3196ccfdce9d33e88315b6c3d87830c4331b163f1705811811cbed72da877f2f
results/selection/codeml/m8_ITPR2/codeml.stdout	results/selection	15557	445aa4242047373f719f5efb29c9143dfc81cc7184f9b7ac8ccc5e3fee9191e2
results/selection/codeml/m8_ITPR2/lnf	results/selection	391975	e34ab7430bddb02fb8146e55ceabaf61144b7dc01881848a3c144fc14250e9e8
results/selection/codeml/m8_ITPR2/mlc	results/selection	20643	73b3db75e845d49a40893fea73efb7832e66d4e8ed3dcdbc66bdab0c0017b866
results/selection/codeml/m8_ITPR2/result.json	results/selection	285	2f750008f3f0fa30153234c81e40a312f3d23f2401fda49d4e9ea9df911b0539
results/selection/codeml/m8_ITPR2/rst	results/selection	579554	9ca3df897310b2ba4f02b589899192fe539b76659b28adb5d04ef514bb6bbbc3
results/selection/codeml/m8_ITPR2/rst1	results/selection	199	35c1d0c9f1983682051e90eb2cc44c2e56a2d29d337625d003147295824ef005
results/selection/codeml/m8_ITPR2/rub	results/selection	15911	64a4dab2e683a53956aabbe3d5f0ae00232e562f3ff732a1e8a239e8998c31a9
results/selection/codeml/m8_ITPR2/tree.nwk	results/selection	221	4370c25a4e701d38c1efe580d148721e597c5ae10049680d3e2213a51704fead
results/selection/codeml/m8_ITPR3/2NG.dN	results/selection	1793	26c2a7b69e9b569a7a7d5719b684e297c7a1d7e96c242a49930d85f00793aad7
results/selection/codeml/m8_ITPR3/2NG.dS	results/selection	1793	31dc294fe0f54446189837bd8c78153d25856fa58f308b9fd5c780229e9b0450
results/selection/codeml/m8_ITPR3/2NG.t	results/selection	1793	32193f90c37624602f1753cc252997c826ed1d448f1d5972780ec14a5c659655
results/selection/codeml/m8_ITPR3/codeml.ctl	results/selection	452	8f40417f5c629c15c7c75ce61eb9505f0b6f10061220d7d22951ed84aa408bcf
results/selection/codeml/m8_ITPR3/codeml.stderr	results/selection	25	3196ccfdce9d33e88315b6c3d87830c4331b163f1705811811cbed72da877f2f
results/selection/codeml/m8_ITPR3/codeml.stdout	results/selection	19144	e4eade16b805415c9a6d94b6137f64863bebc0a0d149553c78cb5384d1f418ad
results/selection/codeml/m8_ITPR3/lnf	results/selection	504631	d898e253b0d7580a950097f90feb2595944b2f53be4ec56f56e8ffd8def3c5d0
results/selection/codeml/m8_ITPR3/mlc	results/selection	28143	31c9dc10fcf2332b818b2a041fef9d6838a0bb4e1c0254e6606117264d0ddf24
results/selection/codeml/m8_ITPR3/result.json	results/selection	286	69485dcea7800d2e58eb7f8236ce96b120cb1ee1a9617119f6690eecf1caf569
results/selection/codeml/m8_ITPR3/rst	results/selection	561693	597858330f16290dea03bd5a52e20a5c5a39815323a644ad0311b058c64f3666
results/selection/codeml/m8_ITPR3/rst1	results/selection	271	755cb09066dce4fafc8cff8a8fe2d6b5c3a8c92f5e74437ba4d23e584cede5a2
results/selection/codeml/m8_ITPR3/rub	results/selection	36724	170f8c049ed27076a510f5d91dc8104b685aec306bfe622e4e3817faffdd932f
results/selection/codeml/m8_ITPR3/tree.nwk	results/selection	331	fc626f953d03a09993f1ba2c2926e4da877e52adb27b863055a84f7ddfcc8d84
results/selection/codeml/pair_ITPR1/2ML.dN	results/selection	1699	4b5ac8c5188e218c5270f11ec9fd2a6810c7962d6ce382203dbf7402c909c0af
results/selection/codeml/pair_ITPR1/2ML.dS	results/selection	1699	e193e5fcebf9bc7ae5d5ce0e06dce65c6f87151adc1f7d6ad3a2a1482139be86
results/selection/codeml/pair_ITPR1/2ML.t	results/selection	1699	5793f9abd2b9d5fd19020d9951c790f9e5da6a8408f1e63a566a5a5471777729
results/selection/codeml/pair_ITPR1/2NG.dN	results/selection	1793	848f825135f21ed72e6e6853536ed2780b717bb77dfc4ad3cabeb2af2fa0091d
results/selection/codeml/pair_ITPR1/2NG.dS	results/selection	1793	2b3ca45db1c00fe266fcd685112e6d50aaf9dd99340edea56f4d8d82d56d9d41
results/selection/codeml/pair_ITPR1/2NG.t	results/selection	1793	566849ab9ec4635666b1b2019ba74e1b08fc86f6a40ae14295615dd0fa37f4d7
results/selection/codeml/pair_ITPR1/codeml.ctl	results/selection	454	08308f01268c09f753b1f3f57dc8aef32680564935a2298392bd1a4eec5ac4a6
results/selection/codeml/pair_ITPR1/codeml.stderr	results/selection	0	e3b0c44298fc1c149afbf4c8996fb92427ae41e4649b934ca495991b7852b855
results/selection/codeml/pair_ITPR1/codeml.stdout	results/selection	20000	d61c64c7a690bc1f082a8edd732c45652f5709427a200b47a2c46ff11102692f
results/selection/codeml/pair_ITPR1/mlc	results/selection	50917	3a7d23f1977b829b8369511212de9b17de2480c97e924f2be27eeb8299e3c88e
results/selection/codeml/pair_ITPR1/result.json	results/selection	282	d8f67127269ff87a4013ea883a985a80d294ebd7a4bc7bb52583fd6b4ea6093e
results/selection/codeml/pair_ITPR1/rst	results/selection	15866	4edec3a7de37b3940b8f8a1da3b110dd99a73d05d50d4b9d6fb1a7c12ad8dae4
results/selection/codeml/pair_ITPR1/rst1	results/selection	7976	a04f575abe8a0712f14c63860c93424dc0ed4994e757cbb5370d57bc43c6bb35
results/selection/codeml/pair_ITPR1/rub	results/selection	7677	a1da53666b0985a507e83cbe32c67fbb87de1fb53dbe2bd173f3883595211e57
results/selection/codeml/pair_ITPR1/tree.nwk	results/selection	328	5403baad937332afc379981e5f974e5f17f9e9f0285d39fb27381ca04bdc576b
results/selection/codeml/pair_ITPR2/2ML.dN	results/selection	852	3f422af735e0fcd9b67903a5f59a724308a9e1742aaa6f4dc5a15a595863d2bf
results/selection/codeml/pair_ITPR2/2ML.dS	results/selection	852	22a45a6a66ddfa264b346993ffef8735d64d70a4cce8768204b4bb232600f617
results/selection/codeml/pair_ITPR2/2ML.t	results/selection	852	a26fff15b8dbc09ddabe236f4b4b50f6263c82aca1dbd85c4bee265c87f348f6
results/selection/codeml/pair_ITPR2/2NG.dN	results/selection	917	0c82e6a3e0d1f9c25bff735843cf763454f0b801623bdbc289d3da552b74a77d
results/selection/codeml/pair_ITPR2/2NG.dS	results/selection	917	1c569987a85d39db42a730084f4f06046e41fed4f78f526298aa1bd1ca99b87b
results/selection/codeml/pair_ITPR2/2NG.t	results/selection	917	08ec061ab71ac22a53d6ae32a65e9e66c1cf77e30967c9cfac45a2bf9f6d3525
results/selection/codeml/pair_ITPR2/codeml.ctl	results/selection	454	b8b30111cbda4053848a034b42f0eb374efa52a4dbd214dc608c02a782d370b1
results/selection/codeml/pair_ITPR2/codeml.stderr	results/selection	0	e3b0c44298fc1c149afbf4c8996fb92427ae41e4649b934ca495991b7852b855
results/selection/codeml/pair_ITPR2/codeml.stdout	results/selection	20000	69f22075a2ebd5fb0b2093206d374c6d6db143cd5750fdcca131c0242e693786
results/selection/codeml/pair_ITPR2/mlc	results/selection	28186	a02239bdafda4071a057a4eef05ef1d7cc25c5698e832e12f7e8e3e208e8f352
results/selection/codeml/pair_ITPR2/result.json	results/selection	282	02d8519f00f4763bf7b5052474d948da8bf0acca5e61ef0651f25f37cb0707a2
results/selection/codeml/pair_ITPR2/rst	results/selection	7404	c9f4df48f83b12934659d7239babe5554a50cc025f75fe6b14155a42ab13e461
results/selection/codeml/pair_ITPR2/rst1	results/selection	3649	10113c2ccd17cb4f3e062650ab32e4162f164d443a180e62a396564f9e1154d4
results/selection/codeml/pair_ITPR2/rub	results/selection	3438	93df295cbc070767f9160a41c625205f4f289772aaee4e54645b1eac6642eadd
results/selection/codeml/pair_ITPR2/tree.nwk	results/selection	221	4370c25a4e701d38c1efe580d148721e597c5ae10049680d3e2213a51704fead
results/selection/codeml/pair_ITPR3/2ML.dN	results/selection	1698	99c5a44550b67f96b90f6e3f248212032a3923bcba3f6de5f705d1c0c7421e67
results/selection/codeml/pair_ITPR3/2ML.dS	results/selection	1699	5e45e307222b9ccb148f6b4c92c5d22b30c4070e0341a578c8685f7e49cfa649
results/selection/codeml/pair_ITPR3/2ML.t	results/selection	1698	4276c51f5fa7e67b1bb73645432db1ef5090a995324b3e47089055787a97cdd6
results/selection/codeml/pair_ITPR3/2NG.dN	results/selection	1793	e1b7ddfbd6c6762e7781eb4cd66ce641c7168c91465b01b8d932934217bfab4b
results/selection/codeml/pair_ITPR3/2NG.dS	results/selection	1793	eaf07d49655f676801c4456358f778198f80a91a8971adfdb8980048d8748b8e
results/selection/codeml/pair_ITPR3/2NG.t	results/selection	1793	419657a2e9b69c63fda46bc876faf7e95965c4ed0562ed638494b8387300eaf3
results/selection/codeml/pair_ITPR3/codeml.ctl	results/selection	454	0fc8691a4330daeed274c9b616a026c3df8d27d4329a6c2db9890913e3eeaa90
results/selection/codeml/pair_ITPR3/codeml.stderr	results/selection	0	e3b0c44298fc1c149afbf4c8996fb92427ae41e4649b934ca495991b7852b855
results/selection/codeml/pair_ITPR3/codeml.stdout	results/selection	20000	3e3b81be62ed22639f8d3415d147f7718fbc59ab58b9f3c9341f78e1f2190cf4
results/selection/codeml/pair_ITPR3/mlc	results/selection	50969	1d11bbcbbc840ff877c396c3ac5ec7bd68ddb6bd8488feab186984ce0a307145
results/selection/codeml/pair_ITPR3/result.json	results/selection	282	fbf39547fca9c39dbc1cf9a05efa15139e49a90fc20c6c2ee4b3e8c76cbb5d02
results/selection/codeml/pair_ITPR3/rst	results/selection	15864	edb3da699212f04f8365ff4547cd2cabd5837dc81458bb17279c47ae135ec6b1
results/selection/codeml/pair_ITPR3/rst1	results/selection	8069	e28378a19071bcad88ce0069555926f7d11496b5eb348c2230f59888bacefeae
results/selection/codeml/pair_ITPR3/rub	results/selection	7731	4632475b1b424b56a3158028c359b8515c65640d72a9d256c1031b040e2d6754
results/selection/codeml/pair_ITPR3/tree.nwk	results/selection	331	fc626f953d03a09993f1ba2c2926e4da877e52adb27b863055a84f7ddfcc8d84
results/selection/codeml/two_ratio_ITPR1/2NG.dN	results/selection	14029	51316a878050102a59dded5fce2984d67526e78267f803bb122908bc680c7216
results/selection/codeml/two_ratio_ITPR1/2NG.dS	results/selection	14029	75ba557d2c15053a7e970312fbb456da20b41153d3e93d881e85b90aa1e48b56
results/selection/codeml/two_ratio_ITPR1/2NG.t	results/selection	14029	a7dbb7128f0a58062d8cbf38f5749342a28b7ead81b509ff9e343259f351acb0
results/selection/codeml/two_ratio_ITPR1/codeml.ctl	results/selection	460	558c479b84a2ebf3d985731478ec9b014c7ebbd7836ff70e742ed797e7666585
results/selection/codeml/two_ratio_ITPR1/codeml.stderr	results/selection	25	3196ccfdce9d33e88315b6c3d87830c4331b163f1705811811cbed72da877f2f
results/selection/codeml/two_ratio_ITPR1/codeml.stdout	results/selection	20000	fbf802c8a929ee80949b6df48f3171118fabdbeeba5e0a438b05d48789f017df
results/selection/codeml/two_ratio_ITPR1/lnf	results/selection	1267424	3b97101c61895d308041c6a0b87a868a1be0d0dcfe1b1e9f90653b45ee4dc47a
results/selection/codeml/two_ratio_ITPR1/mlc	results/selection	105690	cacac7b930520bd449cb58a810eaa38c62b747ea62478e497a3e4cd2355b845d
results/selection/codeml/two_ratio_ITPR1/result.json	results/selection	319	87e88dc6c83b51092b1a51d1ffe96d52b80fce200ca5809c4f3daca71751163e
results/selection/codeml/two_ratio_ITPR1/rst	results/selection	208	f42cc9956fd26c5a38a21203f52ba5ea22379966d11b20ce1eadc09017664674
results/selection/codeml/two_ratio_ITPR1/rst1	results/selection	731	f425ccab0dfcdf458f20a2aed05120dcddc0c55f148276f5631162d57a1dd3a0
results/selection/codeml/two_ratio_ITPR1/rub	results/selection	301231	aef015330ddfb4977395bb936db084eabf79bf3a5f0b9a68aef833264c2ca67b
results/selection/codeml/two_ratio_ITPR1/tree.nwk	results/selection	994	cbbd37d78d240c35e342f5ea898eed2248df9d5e654b0f11ad77928f09ee077e
results/selection/codeml/two_ratio_ITPR2/2NG.dN	results/selection	14029	51316a878050102a59dded5fce2984d67526e78267f803bb122908bc680c7216
results/selection/codeml/two_ratio_ITPR2/2NG.dS	results/selection	14029	75ba557d2c15053a7e970312fbb456da20b41153d3e93d881e85b90aa1e48b56
results/selection/codeml/two_ratio_ITPR2/2NG.t	results/selection	14029	a7dbb7128f0a58062d8cbf38f5749342a28b7ead81b509ff9e343259f351acb0
results/selection/codeml/two_ratio_ITPR2/codeml.ctl	results/selection	460	79382001a9fc6899f414dd3ce8b7501cfd6569852ec2012c5bb9e55bc934ee6e
results/selection/codeml/two_ratio_ITPR2/codeml.stderr	results/selection	25	3196ccfdce9d33e88315b6c3d87830c4331b163f1705811811cbed72da877f2f
results/selection/codeml/two_ratio_ITPR2/codeml.stdout	results/selection	20000	6a4f42acf396632526e5d77aca5c0c1f195879ec22b09a4660ca82664e764a45
results/selection/codeml/two_ratio_ITPR2/lnf	results/selection	1267424	e34e02126d1768dc390632c6e701e5816bf0729a0fbddd42d4c2691c9cfdca86
results/selection/codeml/two_ratio_ITPR2/mlc	results/selection	105673	777ba735be8b026288ffe35733d0dca0ab6730a9c9fc76f9b1584c8229a1e86e
results/selection/codeml/two_ratio_ITPR2/result.json	results/selection	320	32df8b862cc91ab4c09b38005823d64ae58beae94caf993d49b6998f2e15ec95
results/selection/codeml/two_ratio_ITPR2/rst	results/selection	208	873fb773f9c793ad1b6df40d97d29305314d16150208e0ec668e2063019b0182
results/selection/codeml/two_ratio_ITPR2/rst1	results/selection	731	b2a66709611f79327bb201382e938afb4dbfe6910323b6f06dfbc7fa8f5b904f
results/selection/codeml/two_ratio_ITPR2/rub	results/selection	277725	431c2f3e9db4ca73fc3b7adc9c7b9661847d6eda548a296a7fa6913f0b3fb324
results/selection/codeml/two_ratio_ITPR2/tree.nwk	results/selection	994	0e318b8f4ac9c8407cd6fc7eb23bad92e6a713532bbc162e995767ebf5db6d53
results/selection/codeml/two_ratio_ITPR3/2NG.dN	results/selection	14029	51316a878050102a59dded5fce2984d67526e78267f803bb122908bc680c7216
results/selection/codeml/two_ratio_ITPR3/2NG.dS	results/selection	14029	75ba557d2c15053a7e970312fbb456da20b41153d3e93d881e85b90aa1e48b56
results/selection/codeml/two_ratio_ITPR3/2NG.t	results/selection	14029	a7dbb7128f0a58062d8cbf38f5749342a28b7ead81b509ff9e343259f351acb0
results/selection/codeml/two_ratio_ITPR3/codeml.ctl	results/selection	460	dd2f2ecde9f11f99fdd8a00cada8147087c9de64a6cbe14398a27ee583351e9c
results/selection/codeml/two_ratio_ITPR3/codeml.stderr	results/selection	25	3196ccfdce9d33e88315b6c3d87830c4331b163f1705811811cbed72da877f2f
results/selection/codeml/two_ratio_ITPR3/codeml.stdout	results/selection	20000	17552c67b58393b18ed8a5498803a7c6f14ea8c02efd68e60f89816f03b5dfb2
results/selection/codeml/two_ratio_ITPR3/lnf	results/selection	1267424	0669e17a5a91d09970eb98e1b62c9c494dccb2e1ae81f0d2d7014a4a16e72eac
results/selection/codeml/two_ratio_ITPR3/mlc	results/selection	105694	23a9f258792a22b19a6b13bf1e585c5c4a801bf61a2eb6d0e1d03fd273c738c1
results/selection/codeml/two_ratio_ITPR3/result.json	results/selection	319	06b0e090a620224ff46787bfee3277ecd22c98822f2b29480dbe8544ac9bf4e7
results/selection/codeml/two_ratio_ITPR3/rst	results/selection	208	22bdef5cac2f4d07445f51e145d51477395a0fda91fc4681ce14652757fb50c4
results/selection/codeml/two_ratio_ITPR3/rst1	results/selection	731	aa6512784edabab43af183ab713799115b4fbab21661df4481ce91bca296194b
results/selection/codeml/two_ratio_ITPR3/rub	results/selection	305871	a757d8bf324009edacae9cf66f7c1b69c3ab5e4121dee083d13893a65f04c16b
results/selection/codeml/two_ratio_ITPR3/tree.nwk	results/selection	994	f80979dd6b992b4601c1545b892f87246bcd50190f832f170c62b02ba35d4ed5
results/selection/codeml_results.json	results/selection	16533	4fbf16f895f7189b3e95c6648c365315b6961203610438f7b9e8a729cf9d75ce
results/selection/codon_ITPR1.fasta	results/selection	142242	b048c2897baa3bd91a8ba69e2d8acac1a531a5b70ec21114545498ebdcabb8c1
results/selection/codon_ITPR1.phy	results/selection	140503	64db78c796a5fbd83055c214b6ce2ab5c337b7070b17a2b32c0d852dcac24609
results/selection/codon_ITPR1_curated.fasta	results/selection	127269	142fd358c579b0af6929431f68955dffb23931b17f1fa1535e3f3e2a478594de
results/selection/codon_ITPR1_curated.phy	results/selection	125714	ed9f97b2e94e8bad1a3afe6d2de52c357c00cc6c579b85dc32c5f3b624a32401
results/selection/codon_ITPR2.fasta	results/selection	97321	3cb8eb6b4e5eaa4c4fb21f7f080ece06111e2f9c39da7f419e48ff22a2d7289a
results/selection/codon_ITPR2.phy	results/selection	96134	da54d6b799a7a8e350ec62df2bc919229f553461c7632010a9572ee2435ff7d3
results/selection/codon_ITPR2_curated.fasta	results/selection	82348	04b5606ae74eac1b70779861b5dc1e97b59358ec6b0b95ff8cd76f9e54d5d074
results/selection/codon_ITPR2_curated.phy	results/selection	81345	826ab72b46e9fbdd482585bdc0357c063572e2f679362424089cadc28273666e
results/selection/codon_ITPR3.fasta	results/selection	142245	c49aca10bbccf7fe7c0910f41de96d8cf314c9ebd23916f6f812e7a9fc584977
results/selection/codon_ITPR3.phy	results/selection	140506	7b733ab36fc769090c16f6228f7a7971d652967b2c014136c8258ee75ad10e96
results/selection/codon_ITPR3_curated.fasta	results/selection	89837	9a9f91efc3986fa2d35d6f2f604d9bfcd9c246afb64bed8563b98228a81aef07
results/selection/codon_ITPR3_curated.phy	results/selection	88742	866dbaf3e61a51b45e6d95637d0c51a870ac442c4643409469e90e6500dfe8a3
results/selection/codon_aln.fasta	results/selection	566492	417b90495278b55345ec21708a8c23d22beac7018003b0d36e67231331a845ce
results/selection/codon_aln_stats.md	results/selection	596	90f4f614f8dffbe83a05c50e476ee8e831577f23c673eba9db3fc646725695c3
results/selection/codon_trimmed.fasta	results/selection	426728	113e02f658a8fa74d10eb7c37bcf00a1b85de9196ed40bd212688a09e294ef00
results/selection/codon_trimmed.phy	results/selection	421493	81faea0288580dccac78750829c6d6120ce8143ef7b5beb1a6be0881f3ce6ee5
results/selection/figures/s9_branch_contrast.pdf	results/selection	15516	3c21dbd3a4ad4c28fdd195ed3507491933d82e79e6f39d68ec4916564277a792
results/selection/figures/s9_branch_contrast.png	results/selection	92937	0c61f63560e3b705c654570adb0b373d273db4e430edeb54cb5334853fdb09ef
results/selection/figures/s9_bs_restarts.pdf	results/selection	12150	4c7eb9b048c7904fc42466bb831238a028e53f40816bc0e1f1792f2fe5b13030
results/selection/figures/s9_bs_restarts.png	results/selection	108869	97f6234b2d8164b699455f30a7bd875f638f7fc868c59dea8c223bc62ec85300
results/selection/figures/s9_dnds_saturation.pdf	results/selection	19387	f267c7ea88e9487efc375eeebeb5426173f1b661ce0410dc5fbba5389a7259b8
results/selection/figures/s9_dnds_saturation.png	results/selection	219962	9638f119f500f9306120128eefd901051838eceb9ca39248c0dd28b29ef04338
results/selection/figures/s9_omega_by_paralog.pdf	results/selection	11852	9a2132f3cf7423006f846f5d72292654fac894341b12146d15639378b2743a95
results/selection/figures/s9_omega_by_paralog.png	results/selection	72537	6efe22c7f1b3429ef9353ff28f5c4a3f97d65728a0b8be063c80d4da1d8f55d1
results/selection/hyphy/relax_ITPR1.cmd	results/selection	363	1fce37b58bef5e80d2de7c7e681f9d939eba522e0b8a1d76f10e393eed258870
results/selection/hyphy/relax_ITPR1.json	results/selection	1636920	5651a0fe7f7d17c35a8af77ecce25b93c7f6d637f75b07ed4166eb7ab371f1b2
results/selection/hyphy/relax_ITPR1.log	results/selection	9696	654b74aac395b86ec2bd119fc10edd1deddab85e82c84d63e27d75ce113782b6
results/selection/hyphy/relax_ITPR2.cmd	results/selection	363	11af8e58c4059b68dffb1e75619c87c6f645c1c3adf18542b5168841322d0585
results/selection/hyphy/relax_ITPR2.json	results/selection	1613484	ae192deda7baf4aa8e91f47539159a853284a51e7d2aa90731695b136c189faa
results/selection/hyphy/relax_ITPR2.log	results/selection	12081	19772fde56266472b8116953a69ae4b7aa0777d33ccca8d88d7bca37375e0a2f
results/selection/hyphy/relax_ITPR3.cmd	results/selection	363	8fcffd0a0399eddbb0e4003f251bf90c86cb730c762e02b1c6536a4675a9a47a
results/selection/hyphy/relax_ITPR3.json	results/selection	1624981	9c359f1a9e66904f552c6d2a16bea3efbf83c9a359fbd4485d3c3780ccaabbbd
results/selection/hyphy/relax_ITPR3.log	results/selection	12081	f64edc4128d1186a58e66d4c7053e3e79c61d632d744f3075ea1bbe5f9bbc218
results/selection/hyphy/tree_relax_ITPR1.nwk	results/selection	1907	908780234657526e1a064e97f29a8ab4c5978063c68f2f08141502115d5e5acf
results/selection/hyphy/tree_relax_ITPR2.nwk	results/selection	1956	ecd949610339862ad9cde2118e320f2bf17a80beaed7cba86f6c106ce928b8bb
results/selection/hyphy/tree_relax_ITPR3.nwk	results/selection	1896	21684e99073b0523936ee13425ae8965013af0190f210f46771c1f7e9e9d9dbe
results/selection/lrt_table.tsv	results/selection	1513	d97461945014b57748ae9712b5f5923ee9d2156011d64c275a10b2a02b885aaa
results/selection/omega_table.tsv	results/selection	4119	da853d00761e13d783bd6ca34bc47e4b533e7fa48565b0b83539bacda775b3f0
results/selection/pairwise_dnds.tsv	results/selection	26686	83e41cc52a3aeffa7179aba7d3ec885e826d983d71a791b03c42f3f2e7890867
results/selection/pal2nal.log	results/selection	0	e3b0c44298fc1c149afbf4c8996fb92427ae41e4649b934ca495991b7852b855
results/selection/prot_sub.fasta	results/selection	188696	f6f97caa7d2475dbc6b40d84e5a237d08403a4d9edbff51c0a54e0e894c000cf
results/selection/relax_table.tsv	results/selection	322	b6f5d79b9a8611ce85d56adbd986f59a9cfc751e45518f08ddb5838c2e4ee1d8
results/selection/report.md	results/selection	20800	0ec543170fc983eeed80bb2089209961c7b15840f1c49bde0742cd264d30e839
results/selection/selection_stats.json	results/selection	954	c1dd3d9c61bf9ca3307dabea3ade48f066972f567d5e7a26c8e7a9aa1944cc3e
results/selection/site_models.tsv	results/selection	1684	c43741cf54c6225cc0d782bac27f148e227a3beaba88aff49dca4863081a5d36
results/selection/tip_codes.tsv	results/selection	9857	abd3a9b4414c664124239593eb243ca5fff983fc86041aa7483c93b681fd7e4c
results/selection/tree_ITPR1.nwk	results/selection	788	df78fd871b63202ec0915ae76f7a69c27f7478caca1c97bb02dbf65fe8b98a72
results/selection/tree_ITPR1_curated.nwk	results/selection	700	11acfda0fa10248f9e9438489b0de44782943039dbccca9e99a6885f8938d9fa
results/selection/tree_ITPR2.nwk	results/selection	534	7700c92887d0ab84455dfe222e34d03898fe83778d8d8cc6bae1c23dd160ec85
results/selection/tree_ITPR2_curated.nwk	results/selection	447	49a64ecfa3bfa33ae4b73b5b86fcc1222a9881f0ac06ae74574faf586a58858f
results/selection/tree_ITPR3.nwk	results/selection	796	112f66ee6d31ca410ff55f1004fe0dc3b557ae61a5c6cef425d0e51e8661300e
results/selection/tree_ITPR3_curated.nwk	results/selection	490	78fe17161d9e59654bd22512891e5d2698759b92bfcb407527f1a215029097c6
results/selection/tree_all.nwk	results/selection	2429	34516263081d044be7c68e89e09680ddfb1ed7f4467c03eaf533bf9533ffc821
results/selection/trimal.log	results/selection	157316	42db74942eb16639aa68dbdc48f20252d45993f3d5f21920a83de10ae04ac412
results/supplementary/figures/SuppFig3_paralog_alignments.pdf	results/supplementary	25338	7340572e480fc3455b837aede3869539c4ec523f5f1e553280b339c2b112326b
results/supplementary/figures/SuppFig3_paralog_alignments.png	results/supplementary	368577	458e6c0238e40112b04d07ec66858bf8eeb88745db71580804efe5ee0c0bd730
results/supplementary/figures/SuppFig4_codon_alignment.pdf	results/supplementary	24141	57defe427452e15a14dd1f6a78b2594f82625cd1cc181cdc7c1ce3807a3945b6
results/supplementary/figures/SuppFig4_codon_alignment.png	results/supplementary	402457	a9ef3892793c2cf238a0b362867a63a8448ceb797876eeaccc7c9ff16306935d
results/supplementary/figures/SuppFig5_constraint_on_channel.pdf	results/supplementary	312188	b7a8141c2adf604152ed6861797762e2e209dd3f74ee5034891b0760e49ed556
results/supplementary/figures/SuppFig5_constraint_on_channel.png	results/supplementary	1861343	896eedce8ef0fc771f9a52e3a92aa2d345f2cecca059317beedda957c9396928
results/supplementary/figures/SuppFig6_variants_on_structure.pdf	results/supplementary	134729	334feb47a24cad54c109bb25ddb0936b4022c5abcd872fc8dc2ff47c1e4b6454
results/supplementary/figures/SuppFig6_variants_on_structure.png	results/supplementary	542222	3d5782d05b9083b3bac763ffc528291dc6808081b4021875cc86574591beb9d0
results/s0_baseline/references.tsv	results/s0_baseline	58149	b4a83365120f6f68a8b4184baf05bb22ba4e34046e78d8575abbe57ab1a24ef6
results/toolchain_manifest.txt	results	2488	3c8d27a82ff258905ac9ebe94ab855eba352fe479bdbcdf9dbf86dbb51c4f0c7
scripts/build_findings_page.py	scripts	13825	cca8fe734db85d2ca08a597d4475e072b848b7415dcbe3b47ae3afb9f007029d
scripts/dashboard.py	scripts	18673	7221ec0fcf8bb26d4edaa942c6a6a6b1081723b071c803c8b8eb0a6ed292ead1
scripts/fetch_genomes.py	scripts	11821	d895a629f3c81310ae4ad2d0cd8eb5f2cbb7c07e2e488f25847bea3263e2ef32
scripts/figcheck.py	scripts	16500	92a7d72edf753f2ce3826e904a62db179d0309abe32013af4d154f6918b84995
scripts/figstyle.py	scripts	13569	3fa3f715f5f540f39b31a8d43f7111d34f9f881c081e8f9bcdf25a7d88ce63aa
scripts/prose_lex.py	scripts	18863	adbf8efe747616053229074422453b731d32c163601163b36d1b198c9f1402c0
scripts/s0_db_snapshot.py	scripts	11918	fe772df8b5a7bfd839144404446cb8054bc0ad162fc290fd6e1e8df1ee91cf15
scripts/s0_fig_lib.py	scripts	6621	cdea133c6614ace972114ec27b51ad37be1fb53d8dc7809e79fd8f1d75bfb87e
scripts/s0_figdata_align.py	scripts	12978	b34f0d4d868281dc345b6abb64d4ea5b5b9ade73512d6e322ebdc42abccf0fe5
scripts/s0_figdata_curated.py	scripts	7441	382b8ccf2d22f0a4635d5345f28655ac155e38ce7315bd0e3aa35fc8315a7062
scripts/s0_figdata_domains.py	scripts	6020	a30082c015ad5eba5a948740aaf09cd70f8e3cd7ff1daf7086334c5c99b09d5a
scripts/s0_figdata_structure.py	scripts	18526	9366f77a2d3c1e97c69003011131f4110f47a5a54e20d4db8ff7ef48ef6e39b5
scripts/s0_figs_clinical.py	scripts	8583	3bf90444b8d9d1ae21d07dbd549d4715e23e18f3d058f53eaabf49859b420672
scripts/s0_figs_concepts.py	scripts	10753	17887bb7f444a5cce97c8174ec2f2ddd8eacc403be2c83a8ddb99e9557e91cb6
scripts/s0_figs_genomics.py	scripts	11652	a039a961efc7a3f61f96fa435fe537651989c1d8ec55cdf3bb3099470c5a6206
scripts/s0_figs_overview.py	scripts	14576	e2cc4898acfcee29823902acfbd73f7a6e4b9985d575fa285275b2d33db99596
scripts/s0_figs_sequence.py	scripts	11479	2096a2d4f02fe7a551c457ed149ffcb62453eeab29e4bcb5db69f71f4289f7b9
scripts/s0_figs_structure.py	scripts	11826	fb5466e3d3d12d0ec393a6df4595c07ad936320a2059fad712d8ef979b5ea218
scripts/s0_gene_structure.py	scripts	5464	8db984d91e7be5e465aad02f557195080b9c293d4572eb6446318cca11c4cd6f
scripts/s0_report.py	scripts	15282	633adc81de44f6606b4c940ac224023fd49779d39869ecb614cc77cb21d7d0dc
scripts/s0_review_build.py	scripts	12238	8cba92d221ba9ea06afed3fe6298064a26debb75cda4a2f87148fa8a1480b089
scripts/s0_review_figures.py	scripts	4232	22d8e1bab2efeb2bbcd7c93c4f3c4ec12739e502da1d42d3c1db49fdaeda50e8
scripts/s10_case_spec.py	scripts	10503	e656307eab463915c160c9372c877e491a1ccf0774d9f721eb1a102513177980
scripts/s10_context.py	scripts	15637	12ef9cc2c1a45daedbde9d2c44e8238cceec97f67e6aa1937348be3c1dbae2da
scripts/s10_evidence.py	scripts	14403	37e72db1b1babb222168e35a02131a396fd8188aba010d850d7e7fef5b0ad1a0
scripts/s10_figures.py	scripts	18061	16a0afe6d4464e19b53dd9f95b2f55f10cd3af0bb7bb1cae6e0e8be02c943c89
scripts/s10_gff.py	scripts	14027	7ae805fb0abf4f6a000cba5258a46e04ed38857ee698e0d569c884a3b101157f
scripts/s10_orf.py	scripts	8935	d35b664e94482ce6551adf04f4617ec14d0aed5879af4fc757f1bb3c0126700a
scripts/s10_probes.py	scripts	21926	03415170ccac4b8717777bdfbc6b2373582e4354db08ae948a506286f5e14edc
scripts/s10_report.py	scripts	13889	c60d696663f2e2b2819ec8eb5a1b71bfbd4b7db1f23111499f0ff94738d9eac6
scripts/s10_report_cases.py	scripts	16908	3597b4a02817830a6ec66b9b1a8cce02e9cee590369cf79bd4d4d20509704583
scripts/s10_run.py	scripts	16969	1c7ac91e753180c9414501bac53a1f7a32ab73edd2c3c8756ceafc3c288cb26f
scripts/s10_select.py	scripts	10057	b57bbd5f7ae278da8d6e1d9b0556351c2af2593b8801025447609f94646ed2ac
scripts/s10_tables.py	scripts	3561	e37d19b56bca26ade0b290dbadcae6d9c01d3ffa808f4d9cee6852c0f188ec20
scripts/s10_test_evidence.py	scripts	18180	05318258268106e02296a24872db61b587bdb8b6375b71c40b9d6772fae237b6
scripts/s10_tile.py	scripts	13089	137480c9af59183da849c68b2d2c7e1b5f7212edc7b47827ea6e21c42109707c
scripts/s11_afdb_probe.py	scripts	10315	8118885dae003cff6bcb8b4a2eab4b7704481156a9d38497168f7f8f3f3db617
scripts/s11_figures.py	scripts	17058	d5e7e8d8ac5e7f403256f15adc7ca681386042f4f9cb6132676c44e9cdfefc54
scripts/s11_foldseek.py	scripts	8951	d74f0b203b3a34675b24f43c2e19b7f566d1166688a902f19cfbc8a4d50fb1a0
scripts/s11_lib.py	scripts	12266	1c3f6e07307380f711cd485a9901a2fef8f36454cdd666dda1da88cee9ffc6f0
scripts/s11_panel.py	scripts	13944	aa1e295e3f2c7e780f9c011014a484134eb90a5b3557aa11b5c2ab5c80e69ea6
scripts/s11_plddt.py	scripts	9620	72efe8d63e0b1bef4cd3142af035a1cd9795e409bb36ab4c170e3f3eac07e012
scripts/s11_priors.py	scripts	4322	4cccc0287f63f5e2bacfd0c23cb61e8ddfe01dba01e00b832e2ef346b29c51e4
scripts/s11_rcsb.py	scripts	9932	dfccb7fb7b9d61a4764387074b4f92c4e725f5b5ef05f47b7a809fbc233b3261
scripts/s11_refs.py	scripts	15751	975dabd5a927af93f3c27ae84371baea9dbdc1a50ccc1e0d52e102cdb5832b9e
scripts/s11_report.py	scripts	18900	e8c7f590b929ea57df7de0031d9a12990f427f97115d9e4034b0f4572859fde4
scripts/s11_report_results.py	scripts	26906	44a29003b0e6276576e5ade0d1ed0765d2ca4b4325dd6a5ad117dab34717aff9
scripts/s11_run.py	scripts	8291	c97cbb815b51b18e3759bb0b90fb77a4905cdff0e5d258db9e9f97b7bcd1ca2b
scripts/s11_struct_io.py	scripts	6466	32816b0aed583eae1a2ff4765788cef9989bc3542bba9c5942f330bce3f94b89
scripts/s11_tables.py	scripts	13640	6297b4f1de7787425e838c67d6d3f8479ef1ace0ffcfbfe47fb47ad380c6c37f
scripts/s11_test_structures.py	scripts	11644	f31b076d6e585b2ae4aa26c19de3195d52b5ec976b240292fb6b48df7a02d020
scripts/s11_tmalign.py	scripts	4340	b0f2fdcdc9fe7388cabe387a67c5719ffcc8471fe24c820d5728b827c412e55a
scripts/s11_tmalign_run.py	scripts	8946	3707d335e194137847d95114f35a2c144db8caf978a95ec6e1719981b32533c5
scripts/s12_atlas.py	scripts	11095	4d51673093e5788025ce1c4abf9be836d613460f8b01cc9471d63b1d1b8e22d4
scripts/s12_crossmap.py	scripts	6709	bae3077a40a9b9ec3c4b5cca5a3ecebfc43aca7eb6fbd3a0e6a371e08109bcf4
scripts/s12_figures.py	scripts	13734	143c1639d3f5e7caa024f781c1576cbb80a37ca19f8dd5f8873ca2fd3350844c
scripts/s12_lib.py	scripts	17045	b1efb66b018237f587868767221e5066c5bddbee2366ed54786ea2aa3ee9d10e
scripts/s12_locus.py	scripts	15284	9c19ec772ca7be2c53b5fbf2cb331a5d79568790cdf2b7ca3be46333af2f02e9
scripts/s12_panel.py	scripts	10223	fd88aab089ec9696dc691787647847bbffac70f4e2c9c5b66c6ba875748538ad
scripts/s12_priors.py	scripts	5064	a499e47fdc228d5bd7c8c09c16a34a15fdb3cbf2804cf10f73914e585df7c751
scripts/s12_quantify.py	scripts	12587	8683f02023466790c3fffdda9c75669a049f799cf9efbdd70bb809a03953d061
scripts/s12_refs.py	scripts	19723	8655a222b9d19999aad13c80a9a7e834629dca98c3a17b9baaf9e73e00368cd2
scripts/s12_report.py	scripts	16171	7ed098a1094851fd4ee675d26e78ff4cc9de3261c3ffa25cc9cc0eb286b21e53
scripts/s12_report_checks.py	scripts	8167	7f9702582246b5aa13664e8f3a9d4d451292b7aa19e682966d237dabef52f1e0
scripts/s12_report_results.py	scripts	24214	64f2a068dd89809acacaafab4e1ad47f980dbe8dcbc80f9d2265b15c9c6603b1
scripts/s12_run.py	scripts	2930	bec128f97ae9b378f11e2d67370ec60db1f724a2a9f2a76841088c8cfa396310
scripts/s12_runs.py	scripts	9204	2af7abaca146b9fa6bfe6849da062b84228e7e06886fd34befdd8576118945c3
scripts/s12_tables.py	scripts	18457	f434d09151bc2eb864f1581a982a8f2f5323d398c7357caa6363df228f54302d
scripts/s12_test_expression.py	scripts	10401	cdd1bd4e02cd8945e93bbbe21399abc664421f078c1fa960fb1821c646db8fec
scripts/s13_cyclostome.py	scripts	9530	8ed004525dda8179504e35dc4b9bac872c6689101509c264b9557216237e8692
scripts/s13_figures.py	scripts	16626	4e2ee1a334b9078763e77da7b119fdd3559c15df558e27b230a279b7fb5d4312
scripts/s13_lib.py	scripts	17239	9aaf8d050e633052d045b6055eb2d2fa4360760e859af550e5a2d162bead61a7
scripts/s13_losses.py	scripts	8414	c9be9a0080f086ae17df2de17c7387aa6916f89c958c7032479371741b2409f9
scripts/s13_priors.py	scripts	3951	a685f651b697a4db7d50b4114e42ebbd0ba282f8687ce680803d280168a0e7e0
scripts/s13_reconcile.py	scripts	13598	44cbe45daef2302ec2445dffdd5c9e02440433dd0e9f1f580514a21b7d58e65f
scripts/s13_report.py	scripts	13994	8d89a2d2a1476abe09821f1e1796bd70f76ac50815f8b5379cd7d8f72d701287
scripts/s13_report_audit.py	scripts	18019	6a58757a412b99cd816da8289baabe769217614da52ea5ea0784f882537d56ee
scripts/s13_report_results.py	scripts	11851	399249639887b4479a3423b68731c6a38e0487ee9112d9db466ddb33cd9c81b3
scripts/s13_run.py	scripts	5721	45eab477cb5324688b7a9b4617af334d2829af72c46236bd0ed98ba7a110817f
scripts/s13_species_tree.py	scripts	16658	069bdaa70cf1322baea21d98ce08120f357c5acfaadde2532b1037cd0c4298e9
scripts/s13_test_recon.py	scripts	12551	fbc05f0d06a0aad02bd4589468038a5ee6eb17c04070d0d164203a52ecc2c421
scripts/s14_assemble.py	scripts	4632	067d76af1359c49d464e7818d95f970592b35fb33a0a6fefa4ba094fd8546356
scripts/s14_claims.py	scripts	7147	4771d831477e183e25c25d89194fa06b4a866cd0a68959f5d1226a7109198e0a
scripts/s14_claims_function.py	scripts	33710	e8e3484e8de6ad301fafb9ccf96b6aeb533cdfd4f01702720616e4c580bc45c8
scripts/s14_claims_history.py	scripts	27035	13181352d123188fcd1863edc5ec343705c923e9e1b56a7be439dfa821918f3e
scripts/s14_claims_scope.py	scripts	12401	6be86f4bbe3f6cec70d3ff4900d4152287f9fa1f8ed3f3a35716916e7ffc9711
scripts/s14_deposit.py	scripts	5391	49bacf0548f1c3cc0129882d2a55f7818686fef059f690c236abddd7e3375d59
scripts/s14_figures.py	scripts	5016	ad1aff51d4f0e99d42d5668eb42d7ff41924866047c9819fa95767b438ddb1d9
scripts/s14_lib.py	scripts	16512	3abb091a8bc6e95088f8d0203d9d00ae855bc5a54280e6568fca9eed2cdfaf3c
scripts/s14_pdf.py	scripts	13859	5cb46bd308ba114dd8ce02be56062284574c6041a08fdafe67561767f8e17f46
scripts/s14_refs.py	scripts	2545	e415ffd84d16427cbfbf1b21d3c6b33677baf8a09ddf6705086b1bb59ed1029a
scripts/s15_calibrate_recon.py	scripts	6240	adfe6f926d6d8f78230899d6c80faddd17f5648132f8329c64a1ab0beb951d64
scripts/s15_figures.py	scripts	19140	d4b1fc101f5fe9f5fc6e2f36cbed135c43a1e2743081b762ae9b811f4fb5ff47
scripts/s15_integrity.py	scripts	12392	184fc4f6ec1bd47c3824ea72d6f68a19f89a9299337d24b1c7430586ce3a112c
scripts/s15_lib.py	scripts	11127	5d7b89de7737674fe7210ad1c3de8ec496b71b0b38e541a5ac148eea139452b4
scripts/s15_matrix.py	scripts	7321	0ccc3eb41a24fa757cbdfba82a633e794a87c79c813acb92153a043ab6b9bf1a
scripts/s15_priors.py	scripts	4791	b11e9e601cb41326bbee073e967b3999a7a0ba4e2f81f46d0c92cc1150d0dc60
scripts/s15_reconstruct.py	scripts	12965	31b41620ff275f17704197a5a814277cc1d5717bf8a8da66e191942739dfa50d
scripts/s15_report.py	scripts	20210	678d1c3d5c1f49814761de11f07c848a24cd172946b39f006cd742cd8da98fe5
scripts/s15_report_results.py	scripts	25012	01993876d7b1846839ea5fbf1eb636be090632f8f33ab4798a445565cea9e193
scripts/s15_run.py	scripts	6654	ce41748a4d6ea01484777f22b33afb6972a6fd9f0cf33df63c6985e7590e2e2c
scripts/s15_species_tree.py	scripts	11828	2a670fe29c58482b49ca457e7e1db9029af10f3832dba99888b0fa79b4e7b322
scripts/s15_states.py	scripts	10748	5ad3e2695d2eb2c0393c509bd291427312055bf70d54e0e827eeb8213fbd562e
scripts/s15_synteny_reach.py	scripts	8943	d3ebb8944f1ac0e72635b5c3fe0f02f062ccf8a74a58b91fb62cd5776b535aaf
scripts/s15_tables.py	scripts	5984	a7501673ec5fdae385d8043825bf5dc094981abb1a4562894a401bd896160402
scripts/s15_test_loss.py	scripts	14816	e4792badd50f87476b0409bb3f99f5ed2c192a31afc6d46f8a3e975f56cf4105
scripts/s15b_coding.py	scripts	7539	968418dbdf23e3ee23f62115830f188d6055b47ca7ed76ae4aeac54cbb1ecd04
scripts/s15b_dollo.py	scripts	7001	8b5e8ce2dd29e0e24f097f59769c66970d39166f3cd9f26252a1c5016295788c
scripts/s15b_figures.py	scripts	18315	3102f272a4a8bd82e1a38e86d8757adb76bf68df5a0ddff9a9a79b157de02f0b
scripts/s15b_fossils.py	scripts	11311	74fde010bcabebcb1891a7600b2a6e71097de82657e20b54543b7726e1b11de3
scripts/s15b_lib.py	scripts	9380	c1a7e1383c86258eefe5ef11080d03e2df5471b7e1441a12f3b5865a1ece4c01
scripts/s15b_mk.py	scripts	9214	3b0706ec801efad2c570dd684cecc0da739dba245c7662757bf4432deef67346
scripts/s15b_priors.py	scripts	5083	b15a3e3a857fd8a87df6fd35350394171d63487c686c03054b8a5a0b24ed6671
scripts/s15b_report.py	scripts	15701	82ff269c823ab9da8007d721bde2825c16d0fd5ac93edc06526b176366dc0bff
scripts/s15b_report_lesions.py	scripts	18914	c59ef8142bc27654c1727138db40d1e77fff3cfe514003248abd8eae883db843
scripts/s15b_report_results.py	scripts	18203	43f7ed6b94c3b2da3c1fdadd8e240b500b291e9c9f6dc688a103697c0a92fbc2
scripts/s15b_run.py	scripts	6980	ed1b2bc19c6f506f543cc0fa7975f6e3f21d210ee4fb6df21f9d94305716aba1
scripts/s15b_sensitivity.py	scripts	12909	160d586880bb785d92e643a0d68fe52d041efa043249dee357f26ab3d86f1a8f
scripts/s15b_tables.py	scripts	10250	3e93ae73fc10c4198a178f6adcc92e3b3d444568900a8987b0b965f8d31523d2
scripts/s15b_test_counts.py	scripts	14440	eb6f147f69ac46c60cc4375758a46988575fb606695e350a739605cd72e81bcb
scripts/s16_copy_number.py	scripts	12635	28b1eed70821060aa300a616c9477921191fffb213a04b43d6fa48b66fcbb82c
scripts/s16_ensembl_map.py	scripts	12790	0875bc2e969804eebab4e00d2b8a1a432c1c18e6edd5c2344358108f7ac6fc08
scripts/s16_figures.py	scripts	13342	13e07b03efc10445006ad83098f72c8862e0f9673e9146c270519c22aef02a55
scripts/s16_lib.py	scripts	16827	5085ac6c4dc833c0aaf2c33dc2af0522fdaab6bbd7359fd67ed6a65249d9cf53
scripts/s16_paralogon.py	scripts	19192	57fd7938c1a9bc55e9f10f3675a78e761cb3ea66e91523ec5af0d51eb59b6986
scripts/s16_priors.py	scripts	3743	7358f792a209d0cf7358748a2835bb46e0694e852cbda1977c79d898c8a25a7a
scripts/s16_quartet.py	scripts	19097	3da8a28e68a72da85ef6506ec16803268464af3ca43856c5d84b2febd925107f
scripts/s16_report.py	scripts	16476	b8d55cbdf3016fe6943803ec09ea072566566514053a67bee570c5fb86fe8be3
scripts/s16_report_3r.py	scripts	13531	8c63c4947bf77e8dcb1604a3ac6f056148673660b0678a646e1ff7d1bcf0ab05
scripts/s16_report_results.py	scripts	14803	6282cc14ac8d92f7473e934600df25865b189cb3735af458ca24eeb57060e369
scripts/s16_run.py	scripts	4730	7a333af81882eca87a1b249d285a4637cff38fc8cda30366114d24c14ceda876
scripts/s16_tables.py	scripts	8502	f331d48790bfad1f510be5f00f0bbcaaa3186b4c8c890d37c693fe3b4bf2728b
scripts/s16_teleost.py	scripts	21972	28e4020b9796d6c5d95cc81e006db905dca5932035f36f92aacd1cad9b4b0c3d
scripts/s16_test_dup.py	scripts	13909	29a808e27fda01593cf481f328cc7739bd9a03cf6ea4b76db325e69c0e1d7b1c
scripts/s17_conservation.py	scripts	21079	3ee65edaac7363b3b4a66fd62229d9e148187ce288881e8cfb1c7a24aa538054
scripts/s17_domains.py	scripts	18756	457a255ef649b75c21b2b99323bca6a6e5e4d7ff17fb7ee7bf820c0bccc364c1
scripts/s17_fel.py	scripts	11369	e9d39c71accfbb471fea335544c7ad028b3c3876af2d3f639c2604f712412a7a
scripts/s17_figures.py	scripts	17757	fa98c81baeadcbe97acb0c5bf2ccc465232f97938b1f41880fbea1cf7a9475da
scripts/s17_lib.py	scripts	17405	b78408566e4633a75b54364b228fa18854e8a802a3c4cc6b97dc31ecb048dc87
scripts/s17_orthologs.py	scripts	19535	4817ac3c0906f500e056197cd5f1f3671125b7ec9380b2f0a5c0727f0a11cd91
scripts/s17_paint.py	scripts	7325	b8ceed43cb94b3a52da4a962aa2664b44ab4327b4b39fb0aaf3b0d1de2c2bdc5
scripts/s17_priors.py	scripts	5672	df65d4d9a32c2b2e6d1a11494b3274e28933c602038a0fc6a9b365ddddd91ea6
scripts/s17_report.py	scripts	19731	d6cef3483f8ca98097445a596273c39d54d6a91bd3b5aad71a0ec46905667c78
scripts/s17_report_results.py	scripts	12319	45452a2d0572edf58b3e6861bebc211f59986e8f2db938645a6325f53a1b41fe
scripts/s17_report_variants.py	scripts	22533	ec190635bf6df36ccf8e3b4ed5cc220c0cb2696c92dab783f0a3848a7fd5acad
scripts/s17_run.py	scripts	4976	2d4ae8fab32cc25f0f455b372b62e4b73989431cdb1e503f94209baf354e3a09
scripts/s17_tables.py	scripts	10184	cbbe3a26bad52c450a434ef6d98b5e415df2f911fdfa2c4cd4f664523d5466c7
scripts/s17_test_constraint.py	scripts	13071	8d0c5180946798955739d2c5e0c903b4f61aece7f3a80a5c8a03c481b39e0b06
scripts/s17_variant_tests.py	scripts	15279	805170a44e7b089f4486c80586b8b40175cfcebe0b185e23f762ce562e36c6b5
scripts/s17_variants.py	scripts	16975	903973c892c687eb201109ca09e72e1d23c71db5226c6c371a047869fcd3efdb
scripts/s18_corrections.py	scripts	11369	4a37563c308a3e824818c14fd7d49dffbc857579b37e93cbb28c50334a94e276
scripts/s18_figures.py	scripts	13308	5c65f2d05feb507efedb0120364d5447ee1141d90184b8fbc19123ed39a4ed17
scripts/s18_lib.py	scripts	12499	f6eb2c48da401afb191e3c93c7365fd66b03efaac03fa0dc05f1d4d49eb07124
scripts/s18_locus_audit.py	scripts	9565	3ddc8881a4d3e9e8f8c6aae0c1bfb472c9808b86b7585659c03e46c26fe6f1bd
scripts/s18_locus_rules.py	scripts	19500	618f45afee9a889b7a163ae3f8418a84a6f1aa5f7e9ae4072305a15a0a7421dc
scripts/s18_priors.py	scripts	4437	bd457d3c97882814ac3035c2d268172aeee8cce04454d71ce50d5aa010cbcad0
scripts/s18_protein_audit.py	scripts	13047	c51c83493973565356e9547077ccf24af0daa14f419544f4ef2cb6b6f41fdcb6
scripts/s18_report.py	scripts	17170	55252ed9fdbcef29fcf6c220715a8329ab53fc755c70cd6e0e692dcd25b03ac0
scripts/s18_report_priors.py	scripts	9246	e9b3d618077eb83eb0e6542847dc02d1fb871739b39ee1d5c61fe52ff8e3477e
scripts/s18_report_results.py	scripts	19978	547fb8a372a75098f09804f06bd671a43d80c4b31445e89cb1a9bbfc652b091b
scripts/s18_run.py	scripts	12073	c0d058737d36f239f570c1ae4c7353f0a5cc7a6eb248c8e0837b29d0e0fda339
scripts/s18_tables.py	scripts	11352	d4e035793524b6b2b6d7ed52280999da6c23cc6129b58ebfddc6fa110f72de0a
scripts/s18_test_audit.py	scripts	22671	c0a2e81c6061389537af8e3725262ad38874597bbe8e4175b0ce8e8f7ad7e39c
scripts/s18_zero_hits.py	scripts	5145	b8ef793c87b1121246f157b715990ab85a864a09361357d2547f77cae3d6976e
scripts/s19_contiguity.py	scripts	15462	e16ea3270e948ccf1a515c51b76e08727f11d9db64d384a7d8facd39fdd85d2e
scripts/s19_contribution.py	scripts	16451	db1f768aae4c8efedf3a4db614a3ea27db807bc8765bed1f0216462e08be7a79
scripts/s19_drift.py	scripts	18980	63b085ebd188b3400a4e49a6cb6f2be979ad3fe064151a4673e573a2a3e7b2cf
scripts/s19_figures.py	scripts	16576	fa97e84804df190ef3417569e292674c76d21593ddeea830c3b4591894378362
scripts/s19_floor.py	scripts	9151	7972b58b3e31f2aadcd595eb3a71b12a8992b40d6bd36c791e759621a96294b4
scripts/s19_inference.py	scripts	10930	910872a463d82ff2ffefc3ba6edf583f97c00059ba068f0495c6e088311a12d3
scripts/s19_lib.py	scripts	1548	00b3abeaa14fbccd2550aba4def53fb8399a11543a93fe11d4de55e085dfd3c4
scripts/s19_lib_base.py	scripts	17123	0cf91e865bbb3a7961aef8234e091c1293e68e8bd7b82f8920086083689c020e
scripts/s19_panel.py	scripts	23520	60dc9fbd480d07c100b3254d25d1dfc06ba23ac19fd9b3a1066ffbdedf112f16
scripts/s19_priors.py	scripts	4540	06aec288978d1923066732d72b7a41047e6ce60dbfe741ec47c52ec5597a42e6
scripts/s19_recovery.py	scripts	11218	4d522965f68dfe37093417020dc0a21dc5aa2df228b90e6e38fa1e2dd762be0d
scripts/s19_report.py	scripts	8806	7e4812724bc499edf7899ab922cbe11ac2271774950099022c7c180d8ecbd6ad
scripts/s19_report_limits.py	scripts	14687	19d96ed261d69ee95d6420e9bd1772f926975a0ead38a690c1ea5a8099162706
scripts/s19_report_results.py	scripts	16242	fefe3ae2674dc83436642019f97eed34868aea8b82c693326ec1d50b75bc9bb1
scripts/s19_run.py	scripts	4913	5930c84ad8f2383115b4869ebffbff29abc22add1bd2fa1790f8a739dba76259
scripts/s19_tables.py	scripts	8957	7d7612f56041eb84a263f69b07491fd5e17de330376fc0ddf82c11ea63503820
scripts/s19_test_methods.py	scripts	16069	e86fc641d547fdd74e1addd3be86b9d54f0831710414050b54cbb5edcab8b9ac
scripts/s19_universe.py	scripts	4102	48e1de7749e44edea8bceb6cba86884ba749520655e81086516ad46683d23a4f
scripts/s1_benchmark.py	scripts	14256	6320bdaf7097cc399f633974452b56b8208f2d741af3b8ae2a4d752b47209628
scripts/s1_lib.py	scripts	6465	e98161c95e410728a51c3d68537c6af2ee5c33b4ee770ccd0414481f1932fb92
scripts/s1_panels.py	scripts	9223	09364ef31b7871319ce2973235ca1a111bac15930e0aaddf83103d9b3dabd158
scripts/s1_report.py	scripts	15589	11bbd5766e94307f5126cee989fb954c048e2645fb63efa3843d1ebf0d09d3f1
scripts/s1_toolchain.py	scripts	7696	9f2715d0c2f6ac220aaa4605384bbd2535aedd45ce4412a3ebcb8fd71a4ccc26
scripts/s20_census_v5.py	scripts	13406	2aa66b80f98fc89a17617538129ab9af07f1cc20193a9bcc8b3cd56fec709a4d
scripts/s20_evidence.py	scripts	8550	0cab7766191c7a895e8d8bb86273ca280d5ad941c65017981bb78f2da183f9fe
scripts/s20_fetch.py	scripts	6231	2460d4a050886ca00f58bbd92d904ef74da4475524d978db318fb49ed2893793
scripts/s20_figures.py	scripts	17029	7ce0a686a2b62264b9e5374be70893eb31def2eb84c3417baa9ccdd4591f67db
scripts/s20_groups.py	scripts	7111	ebe752b1ff56ffd14987ccf36733662a31f7187f8617d7dbd0d4e8296ef20efb
scripts/s20_jackhmmer.py	scripts	16491	266d303db2b7d060323654118620a3aecfb9b22b892d6a997b201467c18514a9
scripts/s20_lib.py	scripts	5761	cfe4f597a63c25be94774cff3472ba2018c9527860ff564179adacbf413aaa17
scripts/s20_profiles.py	scripts	5809	8f95d3e8c72173a6eb88b1c178272117dd29076c993ea792b118063ec9c4d263
scripts/s20_report.py	scripts	13653	341dd54dfa17134d35d4db3b03764274e3f8d4b3f8864cd69112daaf5ef6f8f4
scripts/s20_report_results.py	scripts	36668	975ecb0c232a39edf8d1e521b84fb07e48acdba23ef75727d79ef9af7bae18e9
scripts/s20_run_sweep.py	scripts	13010	0dbade04ef6f7da8340daf142234366ac335c7024357c820bb0c63a19a1be74b
scripts/s20_taxa.py	scripts	11715	c476a9e2d969c7c40b2cdbf124bac38ebe741d83dd51e423a5502741d284f0db
scripts/s20_test_sensitivity.py	scripts	12246	cfd03edb79bfbf1e39f78bd9cd7898ce5584e2a6f4ef825f3cb6aa0057668d26
scripts/s20_verdicts.py	scripts	16810	573addef51177914d8cf2f2655804e560f9269399520b98cc5d17c83502d848c
scripts/s21_annot.py	scripts	19522	ff72552da096af4acc8d2b1c26db0f67dae6a7c0afefe8d77a65e110c6fa82c1
scripts/s21_architecture.py	scripts	12828	19b76448885dc15a3e6e7f6a43258009f36ba637f072b9372fd8535db9e56a62
scripts/s21_blocks.py	scripts	12177	51b2837daa06d2d0c291b30829c8a41529cfe70d7d2935fdff0abd21253ca87b
scripts/s21_calibrate_intron.py	scripts	6658	c410556e8028b5ff1e917ce4e9108f252a2f71b2d2d5e785b258a9d1350a1635
scripts/s21_figures.py	scripts	15998	02862134ba8b8cdfdf276fd5b844e88816311e6cdf0badc89517976a87356fe7
scripts/s21_frame.py	scripts	8912	81ccd015c0544276f86233992c1f048224cbe3a36b6c18195a43cc1ae2e00285
scripts/s21_introns.py	scripts	12777	eb802b9cbb1e5eb594b80e80f7755266fd6142959961a240aae4d1b578ce7883
scripts/s21_lib.py	scripts	10046	e7feddf370b0068380ab54676047b8944cc56911073c4e6335d3d2f11d76f322
scripts/s21_measure.py	scripts	8418	162411234507432a48b405c5bab8cd26376ee3f18888fe4e68cc3b5f1587f107
scripts/s21_priors.py	scripts	4715	570c41009fdafbef5979cc1ae21d981c54c6c4a912436b7483e414d6db326c9d
scripts/s21_report.py	scripts	12769	684800ab750d72f9b9fcdd09ce952fa75d0d0a78dbe0c477c5acd7fb6d81a448
scripts/s21_report_results.py	scripts	22644	abbd6e5635afdc2fbf4c8aae198697b3efdda60fbc81f9555c657e6a1d807d44
scripts/s21_run.py	scripts	11575	8a034e458eb43574852e74cf943cb046a037bb51bba91ae986b26857a449d334
scripts/s21_tables.py	scripts	12423	c9986439106668f722c9f53fdf7bf15118cc4e5f2457d08e3718df793d862b97
scripts/s21_tandem.py	scripts	12841	f884e9b2146cfa59814bfc0e0e92dd6ab41a4aa7d46c5348b38052e19276fcf0
scripts/s21_test_arch.py	scripts	14161	8031d45562c3fa556bb5bd93ae841ac895fdc339ba2aa4c7f9d178a8958fbf48
scripts/s21_test_claims.py	scripts	10384	f548724c3fadcece3886cef0c26bdc64948a8487341f1af8b621b546a41bd34e
scripts/s22_contacts.py	scripts	11802	67857315363aa2808648efefb479ff398972978760c5200442aeb59a01eb37dc
scripts/s22_deep_lineage.py	scripts	21553	c3ba95f1603c915aa2d857b2434b6685d91fb16cc70d5c24b17ebec1f8d804cb
scripts/s22_figures.py	scripts	16655	f2672f28a332e400936bfc679b1f5be856e4c296ba957b89659ac60e1040233d
scripts/s22_lib.py	scripts	11261	b4600bd9dddce53d57395181cc2151b77f92d0508cad345c80a77b3dfb0b94f7
scripts/s22_lineage.py	scripts	14596	224cb5ce64d7612f075dc0b5e4c1e73cd7ee53df2b4794923a18422d29fb9f36
scripts/s22_modules.py	scripts	8831	a8777812e126efe75f81bdc3b7da282115a00ed3ab27727251d277cf7dfb8b8e
scripts/s22_omega.py	scripts	9653	e7bb8ccddd51b79ac8c61e19aea0dc5afc4d37fb6b14d53bae42204f8b5f29dc
scripts/s22_paired.py	scripts	14045	fdc06ca222dad0b490ad6d5af16d5156f5ba6ef0a10b4a64972a78e26892dbd1
scripts/s22_plc.py	scripts	10409	671afc17b576bf139de7948fd664e2af82e48fb56ec0c3dd265da76090a58e4d
scripts/s22_priors.py	scripts	4267	9f24c848e5677bca791f1e8207675207e050f8c2761259405ce28d580c390712
scripts/s22_report.py	scripts	16722	21cfe0cf2f480e74ffc5ef2f20bff1ccd32a03e907bcecd2c7efe1ac8a36c391
scripts/s22_report_lineage.py	scripts	16359	013d87760a3907de3635cb80ed528aea5f4e7c9f14c6e642162c926bebb98441
scripts/s22_report_results.py	scripts	13872	d728d6b4ec17c634b1247980b94db57cb3c8e04d213e76627760701cbf22174a
scripts/s22_run.py	scripts	2681	3aba702c9b6eeaabe4d8196e2e61fab56666658c57fddcd44aec75823aa5a409
scripts/s22_shells.py	scripts	11289	7701ddefbf8936027f42c387f3f4e4bcead5566927305d07e7741867d50eaf8b
scripts/s22_tables.py	scripts	8404	3547af8dd2a17b250284a6a95c096b0f785ade9ef3c46c6c410b0c303fa6558b
scripts/s22_test_ligand.py	scripts	11666	7f1906c2b39fd2feff1f52588c986ec0b3a6b06ef638ed204e1f1160694ea0cf
scripts/s22_test_lineage.py	scripts	10455	7cad1b078ebddd890895b4f0cadab8d9854040d72cac2c929dad67c50e0fc20e
scripts/s23_bait_select.py	scripts	15596	665672fc7a1e261ca93d947fe1f04f7bd0b987fc05ba89941b466627916f71cf
scripts/s23_bait_spec.py	scripts	22649	9eb7ad5523391b125328840cf320c981a536f7bf6d68c837bbf4d5ad092ee892
scripts/s23_build_baits.py	scripts	14828	6723657fb73dda390bc3e0987df20cce1c03bcaef566cf17453860fb0a4f217f
scripts/s23_build_manifest.py	scripts	9708	6690f011e641f3dc7ad696fbfb819742d1fcddc71bc608ab46abc8670302c2b1
scripts/s23_calibrate_loci.py	scripts	21255	98888c03413944c56fbd543042c8e5e375042e3514c466d31ff251a879e28fe2
scripts/s23_calibration.py	scripts	8499	5ab74c7e3b5413320fb93fd84000f082c68a36c28334bec6078d73d876d24f67
scripts/s23_census_v6.py	scripts	12731	4109c9534758c986816559c7634c104ac5e344c78202b89e09cac4cd94a08c98
scripts/s23_classify.py	scripts	19976	404aca508eaa392a8e0ff5e25133f92125155e2e2df95645f8c52198d60af1c1
scripts/s23_control_profiles.py	scripts	8163	da0522c32338ba78d59920a3b7d2a73c567bb5c80d1584516e347f9c3aa2655c
scripts/s23_control_select.py	scripts	15429	68acb41c759c83e09699b43d47bdec5653551208a8f7cc82f9e64bb920d1cf52
scripts/s23_controls.py	scripts	16614	b2fef9056b3cd2f5d5a84e56ebb14f278813a3c6795c2f29b5847a3a74429d1d
scripts/s23_copy_number.py	scripts	6865	90eb078189ba6ef78e199b8cd7408800a8d92e72e5c979466acf95d924b417d3
scripts/s23_figures.py	scripts	13511	8af7df9ab5fb36bfbcc3516aede49454815e121b59a5188996f4b60f5d2e6b94
scripts/s23_ledger.py	scripts	10863	334e62326eeafbdfc1b3bfc5bef2ebb7148a55a54f4d6603666604b4a7803fa4
scripts/s23_locus_evidence.py	scripts	8795	8a3fafab346377b8949ce2adadd392766eb56e83926108a2613bdf9eb5dff782
scripts/s23_manifest_lib.py	scripts	11576	e4aaf79306b072634cc8d0a5a9e4da6461d75697dc5326c5180d2dfd2699f6bb
scripts/s23_report.py	scripts	24340	476e5917202d2337ecbd4c30c008c706c40e46b9293f7907b3059e7891e89745
scripts/s23_report_results.py	scripts	17688	0bc9874578e567745141c39f5feff4d4f0171a91fe8ac59f6450d34e5e83b9bd
scripts/s23_run_sweep.py	scripts	19077	b90c72e1c2204faf4ed485e262005b01e04263d9d2090c4e58db9441b6159bfc
scripts/s23_scope.py	scripts	12936	d237dba00902e061bc0ed951b6ff1cba5dcb83b854f86101a7a494ea4ff4e492
scripts/s23_span_calibration.py	scripts	14044	509fc794e3024fb8528f37f3bd84198feb75ef34908899806175e470e66ca3e8
scripts/s24_audit.py	scripts	19328	89143d0be66e31546532be18364f1b52e5dbb187f9e65df923584231223efeff
scripts/s24_figs_alignment.py	scripts	13890	0c6ec650cf9093fbfb27039a78299d80f67a532db32e74bfb4d2828fe981d2d1
scripts/s24_figs_inputs.py	scripts	9200	7854474b4bb60c497afbb2d3ecc6afde117c902be745837420435ad2876d4080
scripts/s24_figs_structure.py	scripts	16511	998272f28509195d2c1ddc93e7111c88c9cc8c53968f05ece97c9bfb4d81ba79
scripts/s24_lib.py	scripts	12628	b81ebaca7a3a9befcf0dcdc85d02e09bfa0e4a2066495b0911d6d3e26ebaee62
scripts/s24_report.py	scripts	11682	be4a0d3fd48446c292fc19ae779acdb2a2c040048a383c56054a365837cf54d9
scripts/s24_run.py	scripts	5067	86c2bb54f814bccfb8ca75de78cc244a34855cb10f95c08245d4b093b1f3e8d1
scripts/s24_tables.py	scripts	5995	05af70798305739ca04a8f4005cddc0874fbb60022d1b10d91782dd30a5c60ee
scripts/s24_test_supp.py	scripts	9323	b3051a5ea12569f954cd6b03c2eeb71ff862115fc32ded5641439099f1835b35
scripts/s25_assemble.py	scripts	3932	fd25c3c4e9abea4997914fffd0e9a0c08cbb349999b5614708daa6ad05a9fbde
scripts/s25_assign.py	scripts	4144	bf4b1ce95c24472cfe43ddf4419a0fb565b4cf1a4a973c5c3af0a28b7e34b299
scripts/s25_claims.py	scripts	4468	ddc5966b4fe1c9e95a421df5ee32f4f2e3f575ea09eb360b4bbafde0f8528d95
scripts/s25_claims_carried.py	scripts	3411	d7de406c7c2fbcd3293cfd63790dd2e68b05d7c93532518b4bb683c982119764
scripts/s25_claims_thesis.py	scripts	19875	66358ddca2dacb5ad9ddc3209b6dacd797781069cd045e20b9d99dc72cc0024c
scripts/s25_controls.py	scripts	3861	3ad678a21be83c72c428ee4b06bb2ecad25b13b56eca5d3a3fff14f4a9bfc8b3
scripts/s25_figmap.py	scripts	17368	395086a97db6743a34278a0eda3cdd7230a33943f14166c1a5ab661b83c377ae
scripts/s25_figures.py	scripts	5098	ad2bfb9fa622e330efcbb5ed4f49eb292ad1fa23d90a55fc1a9f0a6683811ec2
scripts/s25_lib.py	scripts	17309	115e0d67c766ff719ab3df69466cf45ab99e000df3eeffcbcc74da3d5c0bd2a3
scripts/s25_pdf.py	scripts	13013	6dc21fe010cf49ce0d5d303ca5e76641e3a382821dc1f1f02652bd2fae5c28eb
scripts/s25_production.py	scripts	5582	cb826a74eb140992aeb9283d30687c72c5a7a8892d8f5f9ba516db00e85e39bb
scripts/s25_prose.py	scripts	9153	357695517e9a5d5355cc485483d3fc4d90e08a79feb172d0fa58ee8ad91096ba
scripts/s25_refs.py	scripts	13946	7a95da2ab0756db028d33c4e23d4fa25861a926e6a4b1ee59deafec423286050
scripts/s25_refs_new.py	scripts	21019	ea45ea117f7c61a3d0f57525a529c5491e8af3a7c506006905688ed4529b18bb
scripts/s25_stitch.py	scripts	5243	f76f05f26dd5dba3ef42cecbc33c639452a2c9939dd790c2e62b510318978589
scripts/s25_test_guards.py	scripts	17131	55d0c3bd41cf0ed25f1b9851f64ad72ea0b27e28e9e0c7787e30cc69477790b9
scripts/s26_assemble.py	scripts	3531	c9354db9804de908a313c9da11458fbeb50f1c40e50350eb95bf9ee86916c3e5
scripts/s26_assign.py	scripts	6273	a957d96a3ad703a6e54491cada5a8a1d4054800de218eaf02c810c69c34a9320
scripts/s26_assignment.py	scripts	15587	348b202f600c168897aefc5130d2610d2e59d82388e5080138785f6eea862a70
scripts/s26_claims.py	scripts	6021	173092d75948e1db30fb961c77e743c5755d5ab1bd7897dd63ad001ca54337ba
scripts/s26_claims_archive.py	scripts	17794	8f094566c1f5625b38bdf8611b0fba97268004136abf3e92d6b0efa111b9b51e
scripts/s26_claims_constraint.py	scripts	25961	307f66c8e45ffdc992b8c7df40ddcbe25984d91c0777c8d095c530deb9055564
scripts/s26_claims_ligand.py	scripts	8587	9b2819c1d6b44031ca89aadf9f614b372b2604b229bf35965c5398f002f4b2a2
scripts/s26_claims_origin.py	scripts	14877	34a3720982e1a978078add0b6b026f9a12eb25c544c747bf0c3164d2f649b13c
scripts/s26_claims_range.py	scripts	12706	b81a75d814f2317b0ce0d288a1633ccf84d89934824dfbb3d48c9cf1cf77025c
scripts/s26_claims_retention.py	scripts	12090	abfe4712f59dfd74317c07a15bdb46f9b59014b20e660429ce752af5a616d04f
scripts/s26_deposit.py	scripts	2645	b0103acf22ba613e4e954f94ab9d29c75d34fa817293180f29c700f0c7f9ebbc
scripts/s26_figures.py	scripts	6333	c8abc8801184732232e092cc59cd8936b4b4a0a061a99963ad63bac32f72f1f0
scripts/s26_lib.py	scripts	4532	8b6e5b20cbc1c12b9b91cbc9987ae82e60682ca5464255c7d316b1064b369503
scripts/s26_paper_archive.py	scripts	4264	5dd6744c9fd3c3aa31cfcc3c4c514df0b5fcd80b1c24da735ae0655e020abd68
scripts/s26_paper_constraint.py	scripts	4561	dbe9f8fc0345037905c20a233452b48f25a2695cccded098da1e05e16338c896
scripts/s26_paper_ligand.py	scripts	3649	65211e6833cdc93d8df759bb9855a570a966f0580d281a26ed4a89d77ecf39e6
scripts/s26_paper_origin.py	scripts	5198	0c564889c84c684ab25855f354738b197100a37b4a0318af8a188a8f3efb4c40
scripts/s26_paper_range.py	scripts	5560	b044d7969fa74ad87aaec45e45bc7a22aaa2e9350a0f2aece74994a7f07e66fd
scripts/s26_paper_retention.py	scripts	4196	c6b94ab90f8ace57c80ba8bd8239cffd0765f294121546506608e32f0707c550
scripts/s26_pdf.py	scripts	7250	493e813f7091e62306ed780587eb16126c5655873a7f83712960e7438507356c
scripts/s26_prose.py	scripts	2119	df214168d86b7684c58e921fdbe3f4c7d440897a408023e06de394c55063034e
scripts/s26_readme.py	scripts	6694	326d2bd6ff94229e9fe1dca7f01600c22a976c69e1d5985fe9f40aa368d738f1
scripts/s26_rules.py	scripts	6117	1c4ae548f24c3ea4a4c656717bf8671c2900e3367c86e30cc376a6e887568088
scripts/s26_stitch.py	scripts	6145	fa9cb9675fb3543b04e3eacaef1291e81822786129e0a616fa82bf14555d45ee
scripts/s26_test_guards.py	scripts	12763	5f8754928e1e8f10ea9b25c288e3d7fc1b3bab6c7cd07b89c9f99bb676c84183
scripts/s28_text_audit.py	scripts	5681	7fe6075a8b25d85d336841d225ea1b93226afd4a81903b6cbf3a558989a36637
scripts/s2_call.py	scripts	15483	83dcba468ddc7cb06baf335d481fa38d9f6708f26763f4cfe1ab80f32fd94851
scripts/s2_delta.py	scripts	8619	5e87448ea609363183fdaea90819a059e09d1c1a61c5e2e4dc69f1c7ce440250
scripts/s2_figures.py	scripts	14356	a4495826857d7fa65efa35d6f24ad86e5af5d8ed710af26bfaa00da77bdfc7f5
scripts/s2_interpro.py	scripts	9893	2f1f3e9582d032e6b2df0e4fcdc25a890afa852c93d5fbf6c95c59c8832c4ae0
scripts/s2_lib.py	scripts	7174	4656dca736351a581bad1829104b8c0a1d593b32859b1d1889b77391efa57578
scripts/s2_report.py	scripts	22905	abb1e3c9ff4d04b2e6c53218efe6cbe77269c0621b135f753fa195591c59d94c
scripts/s2_run.py	scripts	2378	434647f1a3ba0d72c76530a3bc14b5ebbb30bebbb95859b44fe18c929dca45d0
scripts/s2_sequences.py	scripts	7680	1577637758bdce9ba76ff2917264c6935bd4becc60e8a237f7cdb7cbc5580403
scripts/s2_uniprot.py	scripts	6905	e84e872e67c9911043f9991c04af708f2c9cfe71c73ab127e2b9f46b7776d9f5
scripts/s2_verify.py	scripts	7960	5c4e8dfbcbd3c47b54d21a0919536b52efbcc8ff67b94ee3058bd3a15d61d1db
scripts/s3_assign.py	scripts	9648	83e276b3cf6e5ff6058360e79f73207d3abf46b791d0203356b6651f93f1f0cb
scripts/s3_build_seed.py	scripts	10367	e51f823eb158f9449cc3a84bcf641ff8124cca097f8be794c9bc5b358afe4c85
scripts/s3_calibrate.py	scripts	8177	959ee20881bf4c198c4e42052e9ca4ffafb2c2ff6b99025a0e541f80f04fcd13
scripts/s3_census_v3.py	scripts	19871	0455b55edbc5e6182324167b8d8a338d44921d8d3bb3660175292ee3b9e1d512
scripts/s3_fetch_proteomes.py	scripts	10943	3dcb2f78bbe3724c0236896f30cd8c1549577e4f9bbf291cc84e7b801a1344a8
scripts/s3_figures.py	scripts	15747	5b757bff4c60d953e13cdb1a152dc872be2b3c4c8e6cd7b1fdc568d83458458f
scripts/s3_hmm_lib.py	scripts	12284	12571e255bfc2b323c91cd8c2a73c67b0e180afa94a2d04e9251bc58d86aa237
scripts/s3_kill.py	scripts	7516	25c5a2473ee6b6ed690582bc75c1d22458a81af3ac77eb857c9a7d5b43de41fb
scripts/s3_report.py	scripts	18123	f67bc29d03beab22ea99d3c96584d298b313459e2038e2035d75860b9b00f60f
scripts/s3_report_d10.py	scripts	11015	cb622f8d6cd308140a16c787bfeacf4127469aeb8b58cfc43e9e13e4e101e8f1
scripts/s3_run_sweep.py	scripts	10343	5aca146bf79530fea13f5cf9fd8d1a1b8137394aaf6a4f5c06e70e416c4acd45
scripts/s3_seed_spec.py	scripts	7511	f0f87e20493fd41f3078f3010ff4dc268a28bc3356d23b9935e3f55473871ab5
scripts/s4_build_manifest.py	scripts	8578	5305632a7b73f5e38c21b3f2fd887731251edf80df4a982dddeea79d5da16b0c
scripts/s4_manifest_lib.py	scripts	12479	77e6e77c4568a44b6b05220b8d37ae1115a54a98e92510d13e1412d68f3c7fb6
scripts/s4_notes.py	scripts	8377	20e6892d6a2f4d43c77c5e3ecf5fca1d0e8ce6322c7c2b46a512334e19036fdf
scripts/s5_bait_screen.py	scripts	11141	3d0f5b1a08f4571ae5c84cff1c7c216bd46211847bd54afb98a4fc9c37f7d4cf
scripts/s5_bait_spec.py	scripts	9468	03122671af8003741a7fe6a24d52b64cf44ed51d113f228463decef46bf30cc2
scripts/s5_budget.py	scripts	11169	b0a7d9980f83945ebaaca6d669af5aecbbef7f399e72edf0af6060e53d1fe9da
scripts/s5_build_baits.py	scripts	18434	8cb8dcb1e3addc2607313733219f334fa832482f830eebe46afb3bf8f3055e08
scripts/s5_calibrate_margin.py	scripts	12638	6dc4a7fcf6366e2a5793074eb4e40cb4e3b2cbf553e646362c9958a08d449b7c
scripts/s5_calibration.py	scripts	4481	bc401e02aef870525006afd01cbcf3c1da316f4f8e5ed9106fd3b25cc5eac037
scripts/s5_census_v4.py	scripts	15826	3e2cf974f862ab93ce2edc1a45f37e15741e2ca18b632bdedd620e274ec24e95
scripts/s5_classify.py	scripts	12237	b4a441814ba8f9b8ef5a8e7ce749a844357e709036ea76c12f75711079987685
scripts/s5_figures.py	scripts	12601	3febdf2a1259eca56ca186f4b6e51569f276a44ae69be61b67c99587dbc4a0f9
scripts/s5_genome_io.py	scripts	7278	59aa45ff73577776a90405a9f5d0bf782dcf858c352a4b6dc54a85c0fbd29e09
scripts/s5_intron_calibration.py	scripts	13040	c036ae537571ab6455605aa814425e2a4ab87347ce15efba002d57eec62072e9
scripts/s5_ledger.py	scripts	17003	c141e06a3e211ac9f879ca9c089197829440cad971938b4cd314fcecf2560f1e
scripts/s5_report.py	scripts	21740	e95f4615c86bd72ea7397c8422f2c2fd28775eb9e8ab31f324547e9a73dbc3df
scripts/s5_report_results.py	scripts	18187	9f5a9bf41791191f1157915a414b9485aa4445f4dc7fcd95dab6c9c9714e1ed2
scripts/s5_rescue.py	scripts	13228	aa909c2e60a6a552cbe84ccfcf31411b1764b07628854609fb55769ee83b5334
scripts/s5_run_sweep.py	scripts	18539	542730c85c831c750f24fe78a50661fd3abbc895476c3c46a35e43420e7d6ef7
scripts/s5_sweep_lib.py	scripts	20510	38dd4a04f5ce5eacf4921c30c1887c7a1a34fe46be1ad8e01fad20393b64715f
scripts/s5_test_chunked.py	scripts	11689	745a1562bdba9f49771597e5f4f7ad1c37ef74279ddeff595312867d5cf65c6a
scripts/s5_test_resume.py	scripts	7486	7097c4fb2b4e2ebb905d63ede9cd21aacd2ed267a41f2f145cd25b11d1cf5add
scripts/s6_figures.py	scripts	15362	88b5ba10274bc5b2410f648afb3dce7b5645da7cfdb55514880056c8616fb58a
scripts/s6_lib.py	scripts	16271	45e9665b98c2861c31971a7cc9d3a0a9256f9a697bbb0655e29d6872817993b9
scripts/s6_msa.py	scripts	13905	948406acfe5849495247121e8bb54d5af7da547a660d095c34aa2edbd797aa40
scripts/s6_rep_spec.py	scripts	16149	c5c8ecec297a4f4e9293a1ce13d243393bddd317f6d79c8ac61a655ad418db49
scripts/s6_report.py	scripts	15338	7e7107177caffd988ba48950025c32de54f4d9a7d8a5358970778bb8015ac79d
scripts/s6_report_results.py	scripts	25859	a2e6173d54f75cbd9429d4bb2dcdfdad259ec8e78c13e34769ce78a5171342ce
scripts/s6_select_reps.py	scripts	28310	e855182984543d6e6cb8584e27e5d5fdfdfcc3644ee39f84fdff4b087a1867e2
scripts/s6_test_selection.py	scripts	9766	d22547bea1ccaa20e739401017a27173b7368a7de93b63aeb61121abb7d6f862
scripts/s7_analyse.py	scripts	18393	fc76cb18c6238ebad0eaca1cbbee0f1e8e8158da942a9513b72cb30bb07fdc61
scripts/s7_bnni.py	scripts	8285	15f58213b0d1c6fc4490c85bc4b77fa829adcb6bc590950935bf4cfee8b1a2c7
scripts/s7_constraints.py	scripts	11588	f27351d0d3051aac13b4388c732689c370bdc289e45b351027444670aa91dcd0
scripts/s7_figure.py	scripts	15244	5feb7c94786c1767437a2ea558b0e25b65f19b35c4d5fda9934be06297e75e74
scripts/s7_figures.py	scripts	14493	888ec88397cdae43056ad2eb7800b5fc2efbc614ebf1bd2317bd353fb30f845c
scripts/s7_lib.py	scripts	9300	053d84a592d24b0ea70f835e4d313afa70cf2179e9b5212b07dadcb3cb73d48c
scripts/s7_model.py	scripts	6988	a1c6613b1b21ed828fd0f6c60c61430e1aecb39b13166de876ece530751bb5a7
scripts/s7_priors.py	scripts	2374	f2ee81e8e0d723134bed9bd08657a0c0d6b82f7eb7a47d55c301c3745160c765
scripts/s7_rbh.py	scripts	9370	d63a3e4faae15325a0aa426a09cfcd77cf4dc28956c81e17c200d68efd4dbbf8
scripts/s7_report.py	scripts	10465	68b34568f970576d864417eea21ab8bd58bf74b06e0146291ffb00c75e5d658d
scripts/s7_report_checks.py	scripts	10444	103484468931f34678ab3074e9d27b20af6d1019c6c02e6f51458c197f4352db
scripts/s7_report_naming.py	scripts	15713	6b7326e505cfeb01bb67646c815fc10a77283d67b74d82d1814e7010287b2b8f
scripts/s7_report_results.py	scripts	17079	5be25867b9732e8a7f9c84e0ee3db2cb35d47a888cb1537ab57f5c3d682504d1
scripts/s7_run.py	scripts	18431	594bfc707783e5d31e7db443946812e0386f5f743ff796e32c76b743db3ba06e
scripts/s7_test_tree.py	scripts	10023	2766f70d396fe108b538319271740a9c1529ea10b634992abfc0ca496a4909b4
scripts/s8_control.py	scripts	7230	8224eb28822abcd3c0d31042f2638915a4f645290c8f8b5f675621022d196010
scripts/s8_figures.py	scripts	14800	12d42287bcf191b7c87cf1efd0824dd46c36000ee7779548825e0fcafc82d63c
scripts/s8_flank_lib.py	scripts	15365	f0a87a00a53b2ae4951e3e40a522d50a7e7a41d98ef3a315f34b2f0762fec1f4
scripts/s8_paralogon.py	scripts	16086	e2054702caef8892d50b4b57d7f7a4accafad19d1901af711793d55d63640849
scripts/s8_priors.py	scripts	4407	62a4e2b85995efc8bdb827d331093d41d973653b4f4781cdb203dea8a819b355
scripts/s8_report.py	scripts	12583	3c33a09908a96dee9f3437ebff7cffdad70f3624f7be9799ad175728d291cde5
scripts/s8_report_results.py	scripts	24849	5c41516bb308222d5b3069fee95af2b5a179897b8271cd26c97b443b8c346d4a
scripts/s8_run_synteny.py	scripts	15404	16d6523cba4b6536e28419edcf9aef1edeb05320a3ec63306fa98291ca7635c8
scripts/s8_tables.py	scripts	7803	c4d1666405caebc167d799200c510941097117f90f9e39021f06f0ea15a8117a
scripts/s8_test_flanks.py	scripts	15476	4dcb0dc90ef3569c7360c8a0eb6d304a5194185b90173fd5202835065d20d2a1
scripts/s9_cds_lib.py	scripts	16276	dc2a3a68f175edc6ba7bc3252b10577f8ea0611ec7306f66083162868de35faf
scripts/s9_codeml.py	scripts	6983	b530779508d66db4c4933f0274aed56934eb9c0171e920d87de467120b71fb26
scripts/s9_codeml_lib.py	scripts	11381	900307db69b12aea67dccfe69c06226502727cd4f2614756c8afa13fd50cb83d
scripts/s9_codon_aln.py	scripts	13351	812a55415da0ecb036d57303eeebd90553588e89630ff8ac535b506b3490f32d
scripts/s9_fetch_cds.py	scripts	7318	4b641317ae69130a19bf786fe445be8b66777593931bb78fda24d39a6ba4ef50
scripts/s9_figures.py	scripts	13216	fdab3c6b5bf9f488a5eb677652fb3f1f04de7bd2af5e237981c21ad9a4475aa2
scripts/s9_jobs.py	scripts	7509	fb36bc662afc4bd69c6d4f8ee6dda95b4db16a8fc3bcd7e0d43ed841d40ef92f
scripts/s9_miniprot_cds.py	scripts	9226	ccc139fb563f4da64ab2ed6758cd2d7637bc8ddfb1fc93bd7a8105de2f70388a
scripts/s9_priors.py	scripts	4001	da33a554bf91b84c8790f8358ed65faa3ff1ad414223cd562bcd7ab7ec282f78
scripts/s9_relax.py	scripts	8441	30ae2c7e3f7803c36e5d91c34ee63644ba807a1a1ac414bc46c3ba623eccd468
scripts/s9_report.py	scripts	11620	6a4c785b322151d74dbfcc9241e9f499bb116821c5f67cad7b805c9ac9310b8b
scripts/s9_report_models.py	scripts	23930	026263afe16d697729889df406cd090f2b97a6095197c193ef448c87ae32166e
scripts/s9_report_results.py	scripts	11598	296622b1d0f055127c6194bb0807ec0c6b794fa51e89d613a2c534a08e8fad5f
scripts/s9_run.py	scripts	3617	1e87883661e3d8bbc3cd9d4477b7adb16f66e96d6e33b99ce9ae8022b071ccb0
scripts/s9_sets.py	scripts	6456	06292fa8de45dda7a8f238628a9ce524e27ee756663a0e3f27ba53036226eaad
scripts/s9_tables.py	scripts	15735	a762c46ea2af0023d30c3a35fd0e9ded3d28138b372d2a00e0a6ebc3ec122df7
scripts/s9_test_codon.py	scripts	9788	4e7446fb4b9d1febaad23aa14c6b40d82eeb1517ace9a41ede3f076fe4bbb285
papers/constraint/00_frontmatter.md	papers	2127	ca1ae868b37d478d975b7ce083910e83f729410ce2d2405c6e0f74efe715fc74
papers/constraint/01_introduction.md	papers	3010	39c92b7218a12cedea404c0fe338e62d49abc19ec02518abc42fa5c4c7f53f4c
papers/constraint/02_results.md	papers	13109	af56552697e9d5ccdc78811e969b8ea6d370597a1c97f140b5c068bcecc5123b
papers/constraint/03_discussion.md	papers	4171	8cd086cdbf7d6f2940bba22793bd2aa790e2b5d7d9097a427f46e54af810e66d
papers/constraint/04_methods.md	papers	8692	22d68b0f5ed023c2f1bec58ae26da52cbd399d9f0340fb3c590adfdc6eeaa1bf
papers/constraint/05_figure_legends.md	papers	3338	ea5e62c48795e1a1f6bb42a2efc1ac179ffef0e24f90e8ab1a857877b34b5484
papers/constraint/06_extended_data.md	papers	2563	77b6d3f2d7c942dc654a464de0320585c634cde374e2b12f840663427632d859
papers/constraint/07_back_matter.md	papers	2001	49d449c0d01aa16d0715aa346530d882f86d88aaaa71627bbb3acf3342884b1a
papers/constraint/claims_check.tsv	papers	17734	4a57b88b419527929fb5e8d9ce094589f2f639c102ccc55f83345e2e6dd42eb1
papers/constraint/deposit_notes.md	papers	3286	bb226318105249d47ccf23e44921c33bc9b72693a9c1d5521013e280cbace523
papers/constraint/figure_manifest.tsv	papers	5922	bcddd57a1e057128f8c91e953581109ebf5ddb07c626349a6bd988356b51ccda
papers/constraint/figures/ExtDataFig1a_codon_checks.pdf	papers	19387	f267c7ea88e9487efc375eeebeb5426173f1b661ce0410dc5fbba5389a7259b8
papers/constraint/figures/ExtDataFig1a_codon_checks.png	papers	219962	9638f119f500f9306120128eefd901051838eceb9ca39248c0dd28b29ef04338
papers/constraint/figures/ExtDataFig1b_codon_checks.pdf	papers	12150	4c7eb9b048c7904fc42466bb831238a028e53f40816bc0e1f1792f2fe5b13030
papers/constraint/figures/ExtDataFig1b_codon_checks.png	papers	108869	97f6234b2d8164b699455f30a7bd875f638f7fc868c59dea8c223bc62ec85300
papers/constraint/figures/Fig1_omega.pdf	papers	11852	9a2132f3cf7423006f846f5d72292654fac894341b12146d15639378b2743a95
papers/constraint/figures/Fig1_omega.png	papers	72537	6efe22c7f1b3429ef9353ff28f5c4a3f97d65728a0b8be063c80d4da1d8f55d1
papers/constraint/figures/Fig2_branches.pdf	papers	15516	3c21dbd3a4ad4c28fdd195ed3507491933d82e79e6f39d68ec4916564277a792
papers/constraint/figures/Fig2_branches.png	papers	92937	0c61f63560e3b705c654570adb0b373d273db4e430edeb54cb5334853fdb09ef
papers/constraint/figures/Fig3_elements.pdf	papers	19501	b438b9478d793a887689156b171fb61b5315742d0394ddc35a042dd032633eca
papers/constraint/figures/Fig3_elements.png	papers	150921	b1c84558ae96f80686a2ef1828b3929f36aeb525c8b7839913895d6286098734
papers/constraint/figures/Fig4_profile.pdf	papers	18981	d4fc4250c27cef9b8f6af0e9a03df015fca8b5fcbc24c95fdd754414879cd5c0
papers/constraint/figures/Fig4_profile.png	papers	165171	13a06f12769e47d4720a677a7de39909468e60b6bfb19abf077d1ff0996a94d8
papers/constraint/figures/Fig5_sites.pdf	papers	19293	604e7ef041ef2fe0a54be63618ad40e377d96174a705ff49b109574f1df446c2
papers/constraint/figures/Fig5_sites.png	papers	202529	29576b721a182800dc851ddb6f36b05f80ef62bc26697b9d29a80d2a74238226
papers/constraint/figures/Fig6_classifier.pdf	papers	18110	eed81e803ef8c14c0bdfa498d16f144707f2a25aa41c39537b30d854cf091329
papers/constraint/figures/Fig6_classifier.png	papers	204657	dc6f869145e7377f3d2c27ea8e0ef702a7b1733219e78c6e48603f85dedebbee
papers/constraint/figures/SuppFig1_codon_alignment.pdf	papers	24141	57defe427452e15a14dd1f6a78b2594f82625cd1cc181cdc7c1ce3807a3945b6
papers/constraint/figures/SuppFig1_codon_alignment.png	papers	402457	a9ef3892793c2cf238a0b362867a63a8448ceb797876eeaccc7c9ff16306935d
papers/constraint/figures/SuppFig2_paralog_alignments.pdf	papers	25338	7340572e480fc3455b837aede3869539c4ec523f5f1e553280b339c2b112326b
papers/constraint/figures/SuppFig2_paralog_alignments.png	papers	368577	458e6c0238e40112b04d07ec66858bf8eeb88745db71580804efe5ee0c0bd730
papers/constraint/figures/SuppFig3_constraint_on_channel.pdf	papers	312188	b7a8141c2adf604152ed6861797762e2e209dd3f74ee5034891b0760e49ed556
papers/constraint/figures/SuppFig3_constraint_on_channel.png	papers	1861343	896eedce8ef0fc771f9a52e3a92aa2d345f2cecca059317beedda957c9396928
papers/constraint/figures/SuppFig4_variants_on_structure.pdf	papers	134729	334feb47a24cad54c109bb25ddb0936b4022c5abcd872fc8dc2ff47c1e4b6454
papers/constraint/figures/SuppFig4_variants_on_structure.png	papers	542222	3d5782d05b9083b3bac763ffc528291dc6808081b4021875cc86574591beb9d0
papers/constraint/paper.md	papers	48860	22976bfa521a420906bad13c7e0737809999f24e8e583d3f67342950a4b8672f
papers/constraint/paper5_constraint.pdf	papers	697421	85e4f4d1062b16e0d3588a81ed7815e4401b2bbf0e73539b27eee2a99fdb09de
