accession	organism	vclass	cell	status	grade	found	control	control_reason	false_negative	s15_state	s15_rule	level	annotated_assembly	annotation_source	contig_n50	scaffold_n50	total_length_bp	spans_gene	best_coverage	recon_coverage
GCA_000699545.1	Podiceps cristatus	Aves	ITPR1	assembly_gap	assembly_gap	0	itpr_present	S15a present_truncated (R2)	1	present_truncated	R2	Scaffold	Y	GenBank	17412	30087	1134922578	0	0.3343	0.0
GCA_000699545.1	Podiceps cristatus	Aves	ITPR2	fragment	fragment	0	itpr_present	S15a present_partial (R3)	1	present_partial	R3	Scaffold	Y	GenBank	17412	30087	1134922578	0	0.387	0.0
GCA_000699545.1	Podiceps cristatus	Aves	ITPR3	found_no_annotation	found	1	itpr_present	S15a present_single_locus (R1)	0	present_single_locus	R1	Scaffold	Y	GenBank	17412	30087	1134922578	0	0.8239	0.0
GCA_000699545.1	Podiceps cristatus	Aves	RYR	assembly_gap	assembly_gap	0	ryr_sister	present in every vertebrate	1			Scaffold	Y	GenBank	17412	30087	1134922578	0	0.4775	0.0
GCA_000699945.1	Cathartes aura	Aves	ITPR1	tblastn_trace	trace	0	itpr_present	S15a present_fragmented (R4)	1	present_fragmented	R4	Scaffold	Y	GenBank	15248	36359	1152571117	0	0.0	0.8374
GCA_000699945.1	Cathartes aura	Aves	ITPR2	fragment	fragment	0	itpr_present	S15a present_partial (R3)	1	present_partial	R3	Scaffold	Y	GenBank	15248	36359	1152571117	0	0.3752	0.0
GCA_000699945.1	Cathartes aura	Aves	ITPR3	found_annotated	found	1	itpr_present	S15a present_single_locus (R1)	0	present_single_locus	R1	Scaffold	Y	GenBank	15248	36359	1152571117	0	0.7477	0.0
GCA_000699945.1	Cathartes aura	Aves	RYR	assembly_gap	assembly_gap	0	ryr_sister	present in every vertebrate	1			Scaffold	Y	GenBank	15248	36359	1152571117	0	0.4831	0.0
GCA_002197005.1	Cervus elaphus hippelaphus	Mammalia	ITPR1	found_unannotated	found	1	itpr_present	S15a present_single_locus (R1)	0	present_single_locus	R1	Chromosome	Y	GenBank	7944	107358006	3438623608	0	1.0	0.0
GCA_002197005.1	Cervus elaphus hippelaphus	Mammalia	ITPR2	found_unannotated	found	1	itpr_present	S15a present_single_locus (R1)	0	present_single_locus	R1	Chromosome	Y	GenBank	7944	107358006	3438623608	0	1.0	0.0
GCA_002197005.1	Cervus elaphus hippelaphus	Mammalia	ITPR3	tblastn_trace	trace	0	itpr_present	S15a present_fragmented (R4)	1	present_fragmented	R4	Chromosome	Y	GenBank	7944	107358006	3438623608	0	0.0	0.6367
GCA_002197005.1	Cervus elaphus hippelaphus	Mammalia	RYR	found_unannotated	found	1	ryr_sister	present in every vertebrate	0			Chromosome	Y	GenBank	7944	107358006	3438623608	0	0.9974	0.0
GCA_002844005.1	Limosa lapponica baueri	Aves	ITPR1	tblastn_trace	trace	0	itpr_present	S15a present_fragmented (R4)	1	present_fragmented	R4	Scaffold	Y	GenBank	21257	283007	1034771378	0	0.0	0.4905
GCA_002844005.1	Limosa lapponica baueri	Aves	ITPR2	tblastn_trace	trace	0	itpr_present	S15a present_fragmented (R4)	1	present_fragmented	R4	Scaffold	Y	GenBank	21257	283007	1034771378	0	0.0	0.7189
GCA_002844005.1	Limosa lapponica baueri	Aves	ITPR3	found_annotated	found	1	itpr_present	S15a present_single_locus (R1)	0	present_single_locus	R1	Scaffold	Y	GenBank	21257	283007	1034771378	0	0.9801	0.0
GCA_002844005.1	Limosa lapponica baueri	Aves	RYR	found_unannotated	found	1	ryr_sister	present in every vertebrate	0			Scaffold	Y	GenBank	21257	283007	1034771378	0	1.0	0.0
GCA_002909625.1	Bambusicola thoracicus	Aves	ITPR1	assembly_gap	assembly_gap	0	itpr_present	S15a present_truncated (R2)	1	present_truncated	R2	Scaffold	Y	GenBank	10597	13160	1032295167	0	0.3516	0.0
GCA_002909625.1	Bambusicola thoracicus	Aves	ITPR2	assembly_gap	assembly_gap	0	itpr_present	S15a present_truncated (R2)	1	present_truncated	R2	Scaffold	Y	GenBank	10597	13160	1032295167	0	0.2111	0.0
GCA_002909625.1	Bambusicola thoracicus	Aves	ITPR3	assembly_gap	assembly_gap	0	itpr_present	S15a present_truncated (R2)	1	present_truncated	R2	Scaffold	Y	GenBank	10597	13160	1032295167	0	0.6295	0.0
GCA_002909625.1	Bambusicola thoracicus	Aves	RYR	assembly_gap	assembly_gap	0	ryr_sister	present in every vertebrate	1			Scaffold	Y	GenBank	10597	13160	1032295167	0	0.1985	0.0
GCA_003113815.1	Sphenodon punctatus	Lepidosauria	ITPR1	found_no_annotation	found	1	itpr_present	S15a present_single_locus (R1)	0	present_single_locus	R1	Scaffold	N	GenBank	27065	3052611	4272214985	0	0.9975	0.0
GCA_003113815.1	Sphenodon punctatus	Lepidosauria	ITPR2	found_no_annotation	found	1	itpr_present	S15a present_single_locus (R1)	0	present_single_locus	R1	Scaffold	N	GenBank	27065	3052611	4272214985	0	1.0	0.0
GCA_003113815.1	Sphenodon punctatus	Lepidosauria	ITPR3	found_no_annotation	found	1	itpr_present	S15a present_single_locus (R1)	0	present_single_locus	R1	Scaffold	N	GenBank	27065	3052611	4272214985	0	1.0	0.0
GCA_003113815.1	Sphenodon punctatus	Lepidosauria	RYR	found_no_annotation	found	1	ryr_sister	present in every vertebrate	0			Scaffold	N	GenBank	27065	3052611	4272214985	0	0.996	0.0
GCA_004320025.1	Laticauda laticaudata	Lepidosauria	ITPR1	assembly_gap	assembly_gap	0	itpr_present	S15a present_truncated (R2)	1	present_truncated	R2	Scaffold	N	GenBank	35581	39330	1558706106	0	0.5817	0.0
GCA_004320025.1	Laticauda laticaudata	Lepidosauria	ITPR2	assembly_gap	assembly_gap	0	itpr_present	S15a present_truncated (R2)	1	present_truncated	R2	Scaffold	N	GenBank	35581	39330	1558706106	0	0.5616	0.0
GCA_004320025.1	Laticauda laticaudata	Lepidosauria	ITPR3	assembly_gap	assembly_gap	0	itpr_present	S15a present_truncated (R2)	1	present_truncated	R2	Scaffold	N	GenBank	35581	39330	1558706106	0	0.5911	0.0
GCA_004320025.1	Laticauda laticaudata	Lepidosauria	RYR	found_no_annotation	found	1	ryr_sister	present in every vertebrate	0			Scaffold	N	GenBank	35581	39330	1558706106	0	0.725	0.0
GCA_006937325.1	Anomalopteryx didiformis	Aves	ITPR1	found_no_annotation	found	1	itpr_present	S15a present_single_locus (R1)	0	present_single_locus	R1	Scaffold	N	GenBank	824	3350051	1190759065	0	1.0	0.0
GCA_006937325.1	Anomalopteryx didiformis	Aves	ITPR2	found_no_annotation	found	1	itpr_present	S15a present_single_locus (R1)	0	present_single_locus	R1	Scaffold	N	GenBank	824	3350051	1190759065	0	1.0	0.0
GCA_006937325.1	Anomalopteryx didiformis	Aves	ITPR3	found_no_annotation	found	1	itpr_present	S15a present_single_locus (R1)	0	present_single_locus	R1	Scaffold	N	GenBank	824	3350051	1190759065	0	1.0	0.0
GCA_006937325.1	Anomalopteryx didiformis	Aves	RYR	found_no_annotation	found	1	ryr_sister	present in every vertebrate	0			Scaffold	N	GenBank	824	3350051	1190759065	0	0.7081	0.0
GCA_007760645.1	Sousa chinensis	Mammalia	ITPR1	found_no_annotation	found	1	itpr_present	S15a present_single_locus (R1)	0	present_single_locus	R1	Scaffold	N	GenBank	113766	19436979	2338882461	0	1.0	0.0
GCA_007760645.1	Sousa chinensis	Mammalia	ITPR2	found_no_annotation	found	1	itpr_present	S15a present_single_locus (R1)	0	present_single_locus	R1	Scaffold	N	GenBank	113766	19436979	2338882461	0	1.0	0.0
GCA_007760645.1	Sousa chinensis	Mammalia	ITPR3	found_no_annotation	found	1	itpr_present	S15a present_single_locus (R1)	0	present_single_locus	R1	Scaffold	N	GenBank	113766	19436979	2338882461	0	1.0	0.0
GCA_007760645.1	Sousa chinensis	Mammalia	RYR	found_no_annotation	found	1	ryr_sister	present in every vertebrate	0			Scaffold	N	GenBank	113766	19436979	2338882461	0	1.0	0.0
GCA_008658365.1	Alca torda	Aves	ITPR1	found_annotated	found	1	itpr_present	S15a present_single_locus (R1)	0	present_single_locus	R1	Chromosome	Y	GenBank	18221265	84526827	1178473458	1	1.0	0.0
GCA_008658365.1	Alca torda	Aves	ITPR2	found_annotated	found	1	itpr_present	S15a present_single_locus (R1)	0	present_single_locus	R1	Chromosome	Y	GenBank	18221265	84526827	1178473458	1	1.0	0.0
GCA_008658365.1	Alca torda	Aves	ITPR3	found_annotated	found	1	itpr_present	S15a present_single_locus (R1)	0	present_single_locus	R1	Chromosome	Y	GenBank	18221265	84526827	1178473458	1	1.0	0.0
GCA_008658365.1	Alca torda	Aves	RYR	found_annotated	found	1	ryr_sister	present in every vertebrate	0			Chromosome	Y	GenBank	18221265	84526827	1178473458	1	1.0	0.0
GCA_009769605.1	Bucorvus abyssinicus	Aves	ITPR1	found_annotated	found	1	itpr_present	S15a present_single_locus (R1)	0	present_single_locus	R1	Chromosome	Y	GenBank	12039478	40274051	1132597561	1	1.0	0.0
GCA_009769605.1	Bucorvus abyssinicus	Aves	ITPR2	found_annotated	found	1	itpr_present	S15a present_single_locus (R1)	0	present_single_locus	R1	Chromosome	Y	GenBank	12039478	40274051	1132597561	1	1.0	0.0
GCA_009769605.1	Bucorvus abyssinicus	Aves	ITPR3	found_annotated	found	1	itpr_present	S15a present_single_locus (R1)	0	present_single_locus	R1	Chromosome	Y	GenBank	12039478	40274051	1132597561	1	1.0	0.0
GCA_009769605.1	Bucorvus abyssinicus	Aves	RYR	found_annotated	found	1	ryr_sister	present in every vertebrate	0			Chromosome	Y	GenBank	12039478	40274051	1132597561	1	0.993	0.0
GCA_009819775.1	Phoenicopterus ruber ruber	Aves	ITPR1	found_annotated	found	1	itpr_present	S15a present_single_locus (R1)	0	present_single_locus	R1	Chromosome	Y	GenBank	14700712	85472901	1246226932	1	1.0	0.0
GCA_009819775.1	Phoenicopterus ruber ruber	Aves	ITPR2	found_annotated	found	1	itpr_present	S15a present_single_locus (R1)	0	present_single_locus	R1	Chromosome	Y	GenBank	14700712	85472901	1246226932	1	1.0	0.0
GCA_009819775.1	Phoenicopterus ruber ruber	Aves	ITPR3	found_annotated	found	1	itpr_present	S15a present_single_locus (R1)	0	present_single_locus	R1	Chromosome	Y	GenBank	14700712	85472901	1246226932	1	1.0	0.0
GCA_009819775.1	Phoenicopterus ruber ruber	Aves	RYR	found_annotated	found	1	ryr_sister	present in every vertebrate	0			Chromosome	Y	GenBank	14700712	85472901	1246226932	1	1.0	0.0
GCA_010411085.1	Cervus hanglu yarkandensis	Mammalia	ITPR1	found_annotated	found	1	itpr_present	S15a present_single_locus (R1)	0	present_single_locus	R1	Chromosome	Y	GenBank	268660	77688133	2594114534	1	1.0	0.0
GCA_010411085.1	Cervus hanglu yarkandensis	Mammalia	ITPR2	found_annotated	found	1	itpr_present	S15a present_single_locus (R1)	0	present_single_locus	R1	Chromosome	Y	GenBank	268660	77688133	2594114534	1	1.0	0.0
GCA_010411085.1	Cervus hanglu yarkandensis	Mammalia	ITPR3	found_annotated	found	1	itpr_present	S15a present_single_locus (R1)	0	present_single_locus	R1	Chromosome	Y	GenBank	268660	77688133	2594114534	1	1.0	0.0
GCA_010411085.1	Cervus hanglu yarkandensis	Mammalia	RYR	found_annotated	found	1	ryr_sister	present in every vertebrate	0			Chromosome	Y	GenBank	268660	77688133	2594114534	1	1.0	0.0
GCA_011823955.1	Dissostichus mawsoni	Actinopteri	ITPR1	found_unannotated	found	1	itpr_present	S15a present_single_locus (R1)	0	present_single_locus	R1	Scaffold	Y	GenBank	3015437	36983948	926363279	1	1.0	0.0
GCA_011823955.1	Dissostichus mawsoni	Actinopteri	ITPR2	found_unannotated	found	1	itpr_present	S15a present_single_locus (R1)	0	present_single_locus	R1	Scaffold	Y	GenBank	3015437	36983948	926363279	1	1.0	0.0
GCA_011823955.1	Dissostichus mawsoni	Actinopteri	ITPR3	found_unannotated	found	1	itpr_present	S15a present_single_locus (R1)	0	present_single_locus	R1	Scaffold	Y	GenBank	3015437	36983948	926363279	1	1.0	0.0
GCA_011823955.1	Dissostichus mawsoni	Actinopteri	RYR	found_annotated	found	1	ryr_sister	present in every vertebrate	0			Scaffold	Y	GenBank	3015437	36983948	926363279	1	1.0	0.0
GCA_013389825.1	Crypturellus undulatus	Aves	ITPR1	found_unannotated	found	1	itpr_present	S15a present_single_locus (R1)	0	present_single_locus	R1	Scaffold	Y	GenBank	99502	387774	1021424416	0	1.0	0.0
GCA_013389825.1	Crypturellus undulatus	Aves	ITPR2	found_unannotated	found	1	itpr_present	S15a present_single_locus (R1)	0	present_single_locus	R1	Scaffold	Y	GenBank	99502	387774	1021424416	0	1.0	0.0
GCA_013389825.1	Crypturellus undulatus	Aves	ITPR3	tblastn_trace	trace	0	itpr_present	S15a present_fragmented (R4)	1	present_fragmented	R4	Scaffold	Y	GenBank	99502	387774	1021424416	0	0.0	0.7581
GCA_013389825.1	Crypturellus undulatus	Aves	RYR	found_annotated	found	1	ryr_sister	present in every vertebrate	0			Scaffold	Y	GenBank	99502	387774	1021424416	0	0.9386	0.0
GCA_013389885.1	Geococcyx californianus	Aves	ITPR1	found_unannotated	found	1	itpr_present	S15a present_single_locus (R1)	0	present_single_locus	R1	Scaffold	Y	GenBank	47040	59473	1134037073	0	1.0	0.0
GCA_013389885.1	Geococcyx californianus	Aves	ITPR2	tblastn_trace	trace	0	itpr_present	S15a present_fragmented (R4)	1	present_fragmented	R4	Scaffold	Y	GenBank	47040	59473	1134037073	0	0.0	0.9537
GCA_013389885.1	Geococcyx californianus	Aves	ITPR3	tblastn_trace	trace	0	itpr_present	S15a present_fragmented (R4)	1	present_fragmented	R4	Scaffold	Y	GenBank	47040	59473	1134037073	0	0.0	0.9251
GCA_013389885.1	Geococcyx californianus	Aves	RYR	assembly_gap	assembly_gap	0	ryr_sister	present in every vertebrate	1			Scaffold	Y	GenBank	47040	59473	1134037073	0	0.5779	0.0
GCA_013389965.1	Todus mexicanus	Aves	ITPR1	tblastn_trace	trace	0	itpr_present	S15a present_fragmented (R4)	1	present_fragmented	R4	Scaffold	Y	GenBank	8743	12670	853262227	0	0.0	0.594
GCA_013389965.1	Todus mexicanus	Aves	ITPR2	tblastn_trace	trace	0	itpr_present	S15a present_fragmented (R4)	1	present_fragmented	R4	Scaffold	Y	GenBank	8743	12670	853262227	0	0.0	0.1737
GCA_013389965.1	Todus mexicanus	Aves	ITPR3	found_annotated	found	1	itpr_present	S15a present_single_locus (R1)	0	present_single_locus	R1	Scaffold	Y	GenBank	8743	12670	853262227	0	1.0	0.0
GCA_013389965.1	Todus mexicanus	Aves	RYR	found_unannotated	found	1	ryr_sister	present in every vertebrate	0			Scaffold	Y	GenBank	8743	12670	853262227	0	0.8074	0.0
GCA_013389985.1	Dryoscopus gambensis	Aves	ITPR1	found_unannotated	found	1	itpr_present	S15a present_single_locus (R1)	0	present_single_locus	R1	Scaffold	Y	GenBank	29388	113106	992742094	0	1.0	0.0
GCA_013389985.1	Dryoscopus gambensis	Aves	ITPR2	found_unannotated	found	1	itpr_present	S15a present_single_locus (R1)	0	present_single_locus	R1	Scaffold	Y	GenBank	29388	113106	992742094	0	0.763	0.0
GCA_013389985.1	Dryoscopus gambensis	Aves	ITPR3	found_annotated	found	1	itpr_present	S15a present_single_locus (R1)	0	present_single_locus	R1	Scaffold	Y	GenBank	29388	113106	992742094	0	1.0	0.0
GCA_013389985.1	Dryoscopus gambensis	Aves	RYR	assembly_gap	assembly_gap	0	ryr_sister	present in every vertebrate	1			Scaffold	Y	GenBank	29388	113106	992742094	0	0.1707	0.0
GCA_013390065.1	Chloropsis hardwickii	Aves	ITPR1	found_unannotated	found	1	itpr_present	S15a present_single_locus (R1)	0	present_single_locus	R1	Scaffold	Y	GenBank	39381	572698	1054347212	0	1.0	0.0
GCA_013390065.1	Chloropsis hardwickii	Aves	ITPR2	found_unannotated	found	1	itpr_present	S15a present_single_locus (R1)	0	present_single_locus	R1	Scaffold	Y	GenBank	39381	572698	1054347212	0	1.0	0.0
GCA_013390065.1	Chloropsis hardwickii	Aves	ITPR3	found_annotated	found	1	itpr_present	S15a present_single_locus (R1)	0	present_single_locus	R1	Scaffold	Y	GenBank	39381	572698	1054347212	0	0.9337	0.0
GCA_013390065.1	Chloropsis hardwickii	Aves	RYR	found_annotated	found	1	ryr_sister	present in every vertebrate	0			Scaffold	Y	GenBank	39381	572698	1054347212	0	1.0	0.0
GCA_013390105.1	Tichodroma muraria	Aves	ITPR1	tblastn_trace	trace	0	itpr_present	S15a present_fragmented (R4)	1	present_fragmented	R4	Scaffold	Y	GenBank	14901	30899	910679850	0	0.0	0.8859
GCA_013390105.1	Tichodroma muraria	Aves	ITPR2	tblastn_trace	trace	0	itpr_present	S15a present_fragmented (R4)	1	present_fragmented	R4	Scaffold	Y	GenBank	14901	30899	910679850	0	0.0	0.7211
GCA_013390105.1	Tichodroma muraria	Aves	ITPR3	found_annotated	found	1	itpr_present	S15a present_single_locus (R1)	0	present_single_locus	R1	Scaffold	Y	GenBank	14901	30899	910679850	0	1.0	0.0
GCA_013390105.1	Tichodroma muraria	Aves	RYR	tblastn_trace_ambiguous	trace	0	ryr_sister	present in every vertebrate	1			Scaffold	Y	GenBank	14901	30899	910679850	0	0.0	0.0
GCA_013396355.1	Menura novaehollandiae	Aves	ITPR1	found_unannotated	found	1	itpr_present	S15a present_single_locus (R1)	0	present_single_locus	R1	Scaffold	Y	GenBank	85461	2360993	1060480557	0	1.0	0.0
GCA_013396355.1	Menura novaehollandiae	Aves	ITPR2	found_unannotated	found	1	itpr_present	S15a present_single_locus (R1)	0	present_single_locus	R1	Scaffold	Y	GenBank	85461	2360993	1060480557	0	1.0	0.0
GCA_013396355.1	Menura novaehollandiae	Aves	ITPR3	found_annotated	found	1	itpr_present	S15a present_single_locus (R1)	0	present_single_locus	R1	Scaffold	Y	GenBank	85461	2360993	1060480557	0	1.0	0.0
GCA_013396355.1	Menura novaehollandiae	Aves	RYR	found_annotated	found	1	ryr_sister	present in every vertebrate	0			Scaffold	Y	GenBank	85461	2360993	1060480557	0	0.9974	0.0
GCA_013396465.1	Smithornis capensis	Aves	ITPR1	found_unannotated	found	1	itpr_present	S15a present_single_locus (R1)	0	present_single_locus	R1	Scaffold	Y	GenBank	67220	1785105	1061320296	0	0.9712	0.0
GCA_013396465.1	Smithornis capensis	Aves	ITPR2	found_unannotated	found	1	itpr_present	S15a present_single_locus (R1)	0	present_single_locus	R1	Scaffold	Y	GenBank	67220	1785105	1061320296	0	1.0	0.0
GCA_013396465.1	Smithornis capensis	Aves	ITPR3	found_annotated	found	1	itpr_present	S15a present_single_locus (R1)	0	present_single_locus	R1	Scaffold	Y	GenBank	67220	1785105	1061320296	0	0.8573	0.0
GCA_013396465.1	Smithornis capensis	Aves	RYR	found_annotated	found	1	ryr_sister	present in every vertebrate	0			Scaffold	Y	GenBank	67220	1785105	1061320296	0	1.0	0.0
GCA_013396485.1	Ptilorrhoa leucosticta	Aves	ITPR1	found_unannotated	found	1	itpr_present	S15a present_single_locus (R1)	0	present_single_locus	R1	Scaffold	Y	GenBank	77643	1205068	1110559233	0	0.8395	0.0
GCA_013396485.1	Ptilorrhoa leucosticta	Aves	ITPR2	found_unannotated	found	1	itpr_present	S15a present_single_locus (R1)	0	present_single_locus	R1	Scaffold	Y	GenBank	77643	1205068	1110559233	0	0.9885	0.0
GCA_013396485.1	Ptilorrhoa leucosticta	Aves	ITPR3	assembly_gap	assembly_gap	0	itpr_present	S15a present_truncated (R2)	1	present_truncated	R2	Scaffold	Y	GenBank	77643	1205068	1110559233	0	0.5311	0.0
GCA_013396485.1	Ptilorrhoa leucosticta	Aves	RYR	found_annotated	found	1	ryr_sister	present in every vertebrate	0			Scaffold	Y	GenBank	77643	1205068	1110559233	0	1.0	0.0
GCA_013396675.1	Eubucco bourcierii	Aves	ITPR1	found_annotated	found	1	itpr_present	S15a present_single_locus (R1)	0	present_single_locus	R1	Scaffold	Y	GenBank	26549	208022	1237629233	0	0.9971	0.0
GCA_013396675.1	Eubucco bourcierii	Aves	ITPR2	assembly_gap	assembly_gap	0	itpr_present	S15a present_truncated (R2)	1	present_truncated	R2	Scaffold	Y	GenBank	26549	208022	1237629233	0	0.6381	0.0
GCA_013396675.1	Eubucco bourcierii	Aves	ITPR3	found_annotated	found	1	itpr_present	S15a present_single_locus (R1)	0	present_single_locus	R1	Scaffold	Y	GenBank	26549	208022	1237629233	0	1.0	0.0
GCA_013396675.1	Eubucco bourcierii	Aves	RYR	found_annotated	found	1	ryr_sister	present in every vertebrate	0			Scaffold	Y	GenBank	26549	208022	1237629233	0	0.7363	0.0
GCA_013396835.1	Psilopogon haemacephalus	Aves	ITPR1	found_annotated	found	1	itpr_present	S15a present_single_locus (R1)	0	present_single_locus	R1	Scaffold	Y	GenBank	36269	297144	1204560348	0	0.8178	0.0
GCA_013396835.1	Psilopogon haemacephalus	Aves	ITPR2	assembly_gap	assembly_gap	0	itpr_present	S15a present_truncated (R2)	1	present_truncated	R2	Scaffold	Y	GenBank	36269	297144	1204560348	0	0.5256	0.0
GCA_013396835.1	Psilopogon haemacephalus	Aves	ITPR3	found_annotated	found	1	itpr_present	S15a present_single_locus (R1)	0	present_single_locus	R1	Scaffold	Y	GenBank	36269	297144	1204560348	0	1.0	0.0
GCA_013396835.1	Psilopogon haemacephalus	Aves	RYR	found_unannotated	found	1	ryr_sister	present in every vertebrate	0			Scaffold	Y	GenBank	36269	297144	1204560348	0	1.0	0.0
GCA_013396875.1	Vireo altiloquus	Aves	ITPR1	found_unannotated	found	1	itpr_present	S15a present_single_locus (R1)	0	present_single_locus	R1	Scaffold	Y	GenBank	121572	668056	1064977253	0	1.0	0.0
GCA_013396875.1	Vireo altiloquus	Aves	ITPR2	found_unannotated	found	1	itpr_present	S15a present_single_locus (R1)	0	present_single_locus	R1	Scaffold	Y	GenBank	121572	668056	1064977253	0	1.0	0.0
GCA_013396875.1	Vireo altiloquus	Aves	ITPR3	found_annotated	found	1	itpr_present	S15a present_single_locus (R1)	0	present_single_locus	R1	Scaffold	Y	GenBank	121572	668056	1064977253	0	1.0	0.0
GCA_013396875.1	Vireo altiloquus	Aves	RYR	found_annotated	found	1	ryr_sister	present in every vertebrate	0			Scaffold	Y	GenBank	121572	668056	1064977253	0	0.9974	0.0
GCA_013396935.1	Baryphthengus martii	Aves	ITPR1	assembly_gap	assembly_gap	0	itpr_present	S15a present_truncated (R2)	1	present_truncated	R2	Scaffold	Y	GenBank	70136	225352	1100876976	0	0.6715	0.0
GCA_013396935.1	Baryphthengus martii	Aves	ITPR2	found_unannotated	found	1	itpr_present	S15a present_single_locus (R1)	0	present_single_locus	R1	Scaffold	Y	GenBank	70136	225352	1100876976	0	0.9885	0.0
GCA_013396935.1	Baryphthengus martii	Aves	ITPR3	found_annotated	found	1	itpr_present	S15a present_single_locus (R1)	0	present_single_locus	R1	Scaffold	Y	GenBank	70136	225352	1100876976	0	1.0	0.0
GCA_013396935.1	Baryphthengus martii	Aves	RYR	assembly_gap	assembly_gap	0	ryr_sister	present in every vertebrate	1			Scaffold	Y	GenBank	70136	225352	1100876976	0	0.4229	0.0
GCA_013396975.1	Bucco capensis	Aves	ITPR1	found_unannotated	found	1	itpr_present	S15a present_single_locus (R1)	0	present_single_locus	R1	Scaffold	Y	GenBank	66968	338467	988120178	0	1.0	0.0
GCA_013396975.1	Bucco capensis	Aves	ITPR2	tblastn_trace	trace	0	itpr_present	S15a present_fragmented (R4)	1	present_fragmented	R4	Scaffold	Y	GenBank	66968	338467	988120178	0	0.0	0.9693
GCA_013396975.1	Bucco capensis	Aves	ITPR3	assembly_gap	assembly_gap	0	itpr_present	S15a present_truncated (R2)	1	present_truncated	R2	Scaffold	Y	GenBank	66968	338467	988120178	0	0.6854	0.0
GCA_013396975.1	Bucco capensis	Aves	RYR	assembly_gap	assembly_gap	0	ryr_sister	present in every vertebrate	1			Scaffold	Y	GenBank	66968	338467	988120178	0	0.5366	0.0
GCA_013397015.1	Myiagra hebetior	Aves	ITPR1	found_annotated	found	1	itpr_present	S15a present_single_locus (R1)	0	present_single_locus	R1	Scaffold	Y	GenBank	66181	831089	1049898355	0	1.0	0.0
GCA_013397015.1	Myiagra hebetior	Aves	ITPR2	found_unannotated	found	1	itpr_present	S15a present_single_locus (R1)	0	present_single_locus	R1	Scaffold	Y	GenBank	66181	831089	1049898355	0	0.9885	0.0
GCA_013397015.1	Myiagra hebetior	Aves	ITPR3	found_annotated	found	1	itpr_present	S15a present_single_locus (R1)	0	present_single_locus	R1	Scaffold	Y	GenBank	66181	831089	1049898355	0	1.0	0.0
GCA_013397015.1	Myiagra hebetior	Aves	RYR	found_annotated	found	1	ryr_sister	present in every vertebrate	0			Scaffold	Y	GenBank	66181	831089	1049898355	0	0.9974	0.0
GCA_013397245.1	Thryothorus ludovicianus	Aves	ITPR1	assembly_gap	assembly_gap	0	itpr_present	S15a present_truncated (R2)	1	present_truncated	R2	Scaffold	Y	GenBank	60402	495202	1031447271	0	0.5156	0.0
GCA_013397245.1	Thryothorus ludovicianus	Aves	ITPR2	found_unannotated	found	1	itpr_present	S15a present_single_locus (R1)	0	present_single_locus	R1	Scaffold	Y	GenBank	60402	495202	1031447271	0	0.877	0.0
GCA_013397245.1	Thryothorus ludovicianus	Aves	ITPR3	assembly_gap	assembly_gap	0	itpr_present	S15a present_truncated (R2)	1	present_truncated	R2	Scaffold	Y	GenBank	60402	495202	1031447271	0	0.6157	0.0
GCA_013397245.1	Thryothorus ludovicianus	Aves	RYR	assembly_gap	assembly_gap	0	ryr_sister	present in every vertebrate	1			Scaffold	Y	GenBank	60402	495202	1031447271	0	0.6804	0.0
GCA_013397295.1	Polioptila caerulea	Aves	ITPR1	tblastn_trace	trace	0	itpr_present	S15a present_fragmented (R4)	1	present_fragmented	R4	Scaffold	Y	GenBank	50944	602916	1038028908	0	0.0	0.9306
GCA_013397295.1	Polioptila caerulea	Aves	ITPR2	found_unannotated	found	1	itpr_present	S15a present_single_locus (R1)	0	present_single_locus	R1	Scaffold	Y	GenBank	50944	602916	1038028908	0	1.0	0.0
GCA_013397295.1	Polioptila caerulea	Aves	ITPR3	found_annotated	found	1	itpr_present	S15a present_single_locus (R1)	0	present_single_locus	R1	Scaffold	Y	GenBank	50944	602916	1038028908	0	1.0	0.0
GCA_013397295.1	Polioptila caerulea	Aves	RYR	found_annotated	found	1	ryr_sister	present in every vertebrate	0			Scaffold	Y	GenBank	50944	602916	1038028908	0	0.9974	0.0
GCA_013397395.1	Sinosuthora webbiana	Aves	ITPR1	found_unannotated	found	1	itpr_present	S15a present_single_locus (R1)	0	present_single_locus	R1	Scaffold	Y	GenBank	78603	970774	1050295543	0	1.0	0.0
GCA_013397395.1	Sinosuthora webbiana	Aves	ITPR2	found_unannotated	found	1	itpr_present	S15a present_single_locus (R1)	0	present_single_locus	R1	Scaffold	Y	GenBank	78603	970774	1050295543	0	1.0	0.0
GCA_013397395.1	Sinosuthora webbiana	Aves	ITPR3	found_annotated	found	1	itpr_present	S15a present_single_locus (R1)	0	present_single_locus	R1	Scaffold	Y	GenBank	78603	970774	1050295543	0	0.9652	0.0
GCA_013397395.1	Sinosuthora webbiana	Aves	RYR	found_annotated	found	1	ryr_sister	present in every vertebrate	0			Scaffold	Y	GenBank	78603	970774	1050295543	0	1.0	0.0
GCA_013397465.1	Furnarius figulus	Aves	ITPR1	found_annotated	found	1	itpr_present	S15a present_single_locus (R1)	0	present_single_locus	R1	Scaffold	Y	GenBank	55547	650940	1020012445	0	1.0	0.0
GCA_013397465.1	Furnarius figulus	Aves	ITPR2	found_unannotated	found	1	itpr_present	S15a present_single_locus (R1)	0	present_single_locus	R1	Scaffold	Y	GenBank	55547	650940	1020012445	0	1.0	0.0
GCA_013397465.1	Furnarius figulus	Aves	ITPR3	found_annotated	found	1	itpr_present	S15a present_single_locus (R1)	0	present_single_locus	R1	Scaffold	Y	GenBank	55547	650940	1020012445	0	1.0	0.0
GCA_013397465.1	Furnarius figulus	Aves	RYR	assembly_gap	assembly_gap	0	ryr_sister	present in every vertebrate	1			Scaffold	Y	GenBank	55547	650940	1020012445	0	0.6228	0.0
GCA_013397495.1	Mionectes macconnelli	Aves	ITPR1	assembly_gap	assembly_gap	0	itpr_present	S15a present_truncated (R2)	1	present_truncated	R2	Scaffold	Y	GenBank	72805	1646422	1042002978	0	0.6189	0.0
GCA_013397495.1	Mionectes macconnelli	Aves	ITPR2	found_unannotated	found	1	itpr_present	S15a present_single_locus (R1)	0	present_single_locus	R1	Scaffold	Y	GenBank	72805	1646422	1042002978	0	1.0	0.0
GCA_013397495.1	Mionectes macconnelli	Aves	ITPR3	tblastn_trace	trace	0	itpr_present	S15a present_fragmented (R4)	1	present_fragmented	R4	Scaffold	Y	GenBank	72805	1646422	1042002978	0	0.0	0.794
GCA_013397495.1	Mionectes macconnelli	Aves	RYR	found_annotated	found	1	ryr_sister	present in every vertebrate	0			Scaffold	Y	GenBank	72805	1646422	1042002978	0	1.0	0.0
GCA_013397535.1	Pterocles burchelli	Aves	ITPR1	found_unannotated	found	1	itpr_present	S15a present_single_locus (R1)	0	present_single_locus	R1	Scaffold	Y	GenBank	43196	594480	1101016587	0	1.0	0.0
GCA_013397535.1	Pterocles burchelli	Aves	ITPR2	found_unannotated	found	1	itpr_present	S15a present_single_locus (R1)	0	present_single_locus	R1	Scaffold	Y	GenBank	43196	594480	1101016587	0	0.9885	0.0
GCA_013397535.1	Pterocles burchelli	Aves	ITPR3	found_annotated	found	1	itpr_present	S15a present_single_locus (R1)	0	present_single_locus	R1	Scaffold	Y	GenBank	43196	594480	1101016587	0	1.0	0.0
GCA_013397535.1	Pterocles burchelli	Aves	RYR	found_annotated	found	1	ryr_sister	present in every vertebrate	0			Scaffold	Y	GenBank	43196	594480	1101016587	0	0.993	0.0
GCA_013397635.1	Columbina picui	Aves	ITPR1	found_annotated	found	1	itpr_present	S15a present_single_locus (R1)	0	present_single_locus	R1	Scaffold	Y	GenBank	24994	616882	1097919941	0	1.0	0.0
GCA_013397635.1	Columbina picui	Aves	ITPR2	found_unannotated	found	1	itpr_present	S15a present_single_locus (R1)	0	present_single_locus	R1	Scaffold	Y	GenBank	24994	616882	1097919941	0	0.9885	0.0
GCA_013397635.1	Columbina picui	Aves	ITPR3	tblastn_trace	trace	0	itpr_present	S15a present_fragmented (R4)	1	present_fragmented	R4	Scaffold	Y	GenBank	24994	616882	1097919941	0	0.0	0.4547
GCA_013397635.1	Columbina picui	Aves	RYR	found_annotated	found	1	ryr_sister	present in every vertebrate	0			Scaffold	Y	GenBank	24994	616882	1097919941	0	1.0	0.0
GCA_013397815.1	Aleadryas rufinucha	Aves	ITPR1	found_unannotated	found	1	itpr_present	S15a present_single_locus (R1)	0	present_single_locus	R1	Scaffold	Y	GenBank	90297	367770	1050107613	0	1.0	0.0
GCA_013397815.1	Aleadryas rufinucha	Aves	ITPR2	found_unannotated	found	1	itpr_present	S15a present_single_locus (R1)	0	present_single_locus	R1	Scaffold	Y	GenBank	90297	367770	1050107613	0	0.9956	0.0
GCA_013397815.1	Aleadryas rufinucha	Aves	ITPR3	found_annotated	found	1	itpr_present	S15a present_single_locus (R1)	0	present_single_locus	R1	Scaffold	Y	GenBank	90297	367770	1050107613	0	0.9652	0.0
GCA_013397815.1	Aleadryas rufinucha	Aves	RYR	found_unannotated	found	1	ryr_sister	present in every vertebrate	0			Scaffold	Y	GenBank	90297	367770	1050107613	0	0.9312	0.0
GCA_013397895.1	Origma solitaria	Aves	ITPR1	found_unannotated	found	1	itpr_present	S15a present_single_locus (R1)	0	present_single_locus	R1	Scaffold	Y	GenBank	99117	1255867	1033410747	0	1.0	0.0
GCA_013397895.1	Origma solitaria	Aves	ITPR2	found_unannotated	found	1	itpr_present	S15a present_single_locus (R1)	0	present_single_locus	R1	Scaffold	Y	GenBank	99117	1255867	1033410747	0	0.9885	0.0
GCA_013397895.1	Origma solitaria	Aves	ITPR3	found_annotated	found	1	itpr_present	S15a present_single_locus (R1)	0	present_single_locus	R1	Scaffold	Y	GenBank	99117	1255867	1033410747	0	0.7067	0.0
GCA_013397895.1	Origma solitaria	Aves	RYR	found_annotated	found	1	ryr_sister	present in every vertebrate	0			Scaffold	Y	GenBank	99117	1255867	1033410747	0	0.9976	0.0
GCA_013397955.1	Grantiella picta	Aves	ITPR1	found_unannotated	found	1	itpr_present	S15a present_single_locus (R1)	0	present_single_locus	R1	Scaffold	Y	GenBank	100624	1131194	1014521746	0	1.0	0.0
GCA_013397955.1	Grantiella picta	Aves	ITPR2	found_unannotated	found	1	itpr_present	S15a present_single_locus (R1)	0	present_single_locus	R1	Scaffold	Y	GenBank	100624	1131194	1014521746	0	1.0	0.0
GCA_013397955.1	Grantiella picta	Aves	ITPR3	found_annotated	found	1	itpr_present	S15a present_single_locus (R1)	0	present_single_locus	R1	Scaffold	Y	GenBank	100624	1131194	1014521746	0	1.0	0.0
GCA_013397955.1	Grantiella picta	Aves	RYR	found_annotated	found	1	ryr_sister	present in every vertebrate	0			Scaffold	Y	GenBank	100624	1131194	1014521746	0	0.9976	0.0
GCA_013398125.1	Aegotheles bennettii	Aves	ITPR1	found_unannotated	found	1	itpr_present	S15a present_single_locus (R1)	0	present_single_locus	R1	Scaffold	Y	GenBank	65833	324808	1089119258	0	1.0	0.0
GCA_013398125.1	Aegotheles bennettii	Aves	ITPR2	assembly_gap	assembly_gap	0	itpr_present	S15a present_truncated (R2)	1	present_truncated	R2	Scaffold	Y	GenBank	65833	324808	1089119258	0	0.5063	0.0
GCA_013398125.1	Aegotheles bennettii	Aves	ITPR3	found_annotated	found	1	itpr_present	S15a present_single_locus (R1)	0	present_single_locus	R1	Scaffold	Y	GenBank	65833	324808	1089119258	0	0.708	0.0
GCA_013398125.1	Aegotheles bennettii	Aves	RYR	found_annotated	found	1	ryr_sister	present in every vertebrate	0			Scaffold	Y	GenBank	65833	324808	1089119258	0	0.9764	0.0
GCA_013398155.1	Pedionomus torquatus	Aves	ITPR1	found_annotated	found	1	itpr_present	S15a present_single_locus (R1)	0	present_single_locus	R1	Scaffold	Y	GenBank	36855	254645	1134620722	0	1.0	0.0
GCA_013398155.1	Pedionomus torquatus	Aves	ITPR2	found_unannotated	found	1	itpr_present	S15a present_single_locus (R1)	0	present_single_locus	R1	Scaffold	Y	GenBank	36855	254645	1134620722	0	0.9885	0.0
GCA_013398155.1	Pedionomus torquatus	Aves	ITPR3	found_annotated	found	1	itpr_present	S15a present_single_locus (R1)	0	present_single_locus	R1	Scaffold	Y	GenBank	36855	254645	1134620722	0	0.9887	0.0
GCA_013398155.1	Pedionomus torquatus	Aves	RYR	found_annotated	found	1	ryr_sister	present in every vertebrate	0			Scaffold	Y	GenBank	36855	254645	1134620722	0	0.9974	0.0
GCA_013398175.1	Climacteris rufus	Aves	ITPR1	found_annotated	found	1	itpr_present	S15a present_single_locus (R1)	0	present_single_locus	R1	Scaffold	Y	GenBank	72434	863000	1058972301	0	1.0	0.0
GCA_013398175.1	Climacteris rufus	Aves	ITPR2	found_unannotated	found	1	itpr_present	S15a present_single_locus (R1)	0	present_single_locus	R1	Scaffold	Y	GenBank	72434	863000	1058972301	0	1.0	0.0
GCA_013398175.1	Climacteris rufus	Aves	ITPR3	found_annotated	found	1	itpr_present	S15a present_single_locus (R1)	0	present_single_locus	R1	Scaffold	Y	GenBank	72434	863000	1058972301	0	1.0	0.0
GCA_013398175.1	Climacteris rufus	Aves	RYR	found_annotated	found	1	ryr_sister	present in every vertebrate	0			Scaffold	Y	GenBank	72434	863000	1058972301	0	0.9974	0.0
GCA_013398455.1	Loxia curvirostra	Aves	ITPR1	found_unannotated	found	1	itpr_present	S15a present_single_locus (R1)	0	present_single_locus	R1	Scaffold	Y	GenBank	211346	3116274	1028271095	1	1.0	0.0
GCA_013398455.1	Loxia curvirostra	Aves	ITPR2	found_unannotated	found	1	itpr_present	S15a present_single_locus (R1)	0	present_single_locus	R1	Scaffold	Y	GenBank	211346	3116274	1028271095	1	1.0	0.0
GCA_013398455.1	Loxia curvirostra	Aves	ITPR3	found_annotated	found	1	itpr_present	S15a present_single_locus (R1)	0	present_single_locus	R1	Scaffold	Y	GenBank	211346	3116274	1028271095	1	1.0	0.0
GCA_013398455.1	Loxia curvirostra	Aves	RYR	found_annotated	found	1	ryr_sister	present in every vertebrate	0			Scaffold	Y	GenBank	211346	3116274	1028271095	1	0.9974	0.0
GCA_013398575.1	Certhia familiaris	Aves	ITPR1	found_annotated	found	1	itpr_present	S15a present_single_locus (R1)	0	present_single_locus	R1	Scaffold	Y	GenBank	48850	857734	1066430070	0	0.823	0.0
GCA_013398575.1	Certhia familiaris	Aves	ITPR2	found_unannotated	found	1	itpr_present	S15a present_single_locus (R1)	0	present_single_locus	R1	Scaffold	Y	GenBank	48850	857734	1066430070	0	0.7848	0.0
GCA_013398575.1	Certhia familiaris	Aves	ITPR3	found_annotated	found	1	itpr_present	S15a present_single_locus (R1)	0	present_single_locus	R1	Scaffold	Y	GenBank	48850	857734	1066430070	0	1.0	0.0
GCA_013398575.1	Certhia familiaris	Aves	RYR	found_annotated	found	1	ryr_sister	present in every vertebrate	0			Scaffold	Y	GenBank	48850	857734	1066430070	0	0.9976	0.0
GCA_013398615.1	Brachypodius melanocephalos	Aves	ITPR1	found_unannotated	found	1	itpr_present	S15a present_single_locus (R1)	0	present_single_locus	R1	Scaffold	Y	GenBank	85408	17537833	906727256	0	1.0	0.0
GCA_013398615.1	Brachypodius melanocephalos	Aves	ITPR2	found_unannotated	found	1	itpr_present	S15a present_single_locus (R1)	0	present_single_locus	R1	Scaffold	Y	GenBank	85408	17537833	906727256	0	1.0	0.0
GCA_013398615.1	Brachypodius melanocephalos	Aves	ITPR3	found_annotated	found	1	itpr_present	S15a present_single_locus (R1)	0	present_single_locus	R1	Scaffold	Y	GenBank	85408	17537833	906727256	0	1.0	0.0
GCA_013398615.1	Brachypodius melanocephalos	Aves	RYR	found_annotated	found	1	ryr_sister	present in every vertebrate	0			Scaffold	Y	GenBank	85408	17537833	906727256	0	1.0	0.0
GCA_013398795.1	Elachura formosa	Aves	ITPR1	found_unannotated	found	1	itpr_present	S15a present_single_locus (R1)	0	present_single_locus	R1	Scaffold	Y	GenBank	43159	1152566	1013707244	0	1.0	0.0
GCA_013398795.1	Elachura formosa	Aves	ITPR2	found_unannotated	found	1	itpr_present	S15a present_single_locus (R1)	0	present_single_locus	R1	Scaffold	Y	GenBank	43159	1152566	1013707244	0	1.0	0.0
GCA_013398795.1	Elachura formosa	Aves	ITPR3	tblastn_trace	trace	0	itpr_present	S15a present_fragmented (R4)	1	present_fragmented	R4	Scaffold	Y	GenBank	43159	1152566	1013707244	0	0.0	0.8169
GCA_013398795.1	Elachura formosa	Aves	RYR	found_annotated	found	1	ryr_sister	present in every vertebrate	0			Scaffold	Y	GenBank	43159	1152566	1013707244	0	1.0	0.0
GCA_013398835.1	Emberiza fucata	Aves	ITPR1	assembly_gap	assembly_gap	0	itpr_present	S15a present_truncated (R2)	1	present_truncated	R2	Scaffold	Y	GenBank	19687	892245	1032579516	0	0.6222	0.0
GCA_013398835.1	Emberiza fucata	Aves	ITPR2	found_unannotated	found	1	itpr_present	S15a present_single_locus (R1)	0	present_single_locus	R1	Scaffold	Y	GenBank	19687	892245	1032579516	0	1.0	0.0
GCA_013398835.1	Emberiza fucata	Aves	ITPR3	found_annotated	found	1	itpr_present	S15a present_single_locus (R1)	0	present_single_locus	R1	Scaffold	Y	GenBank	19687	892245	1032579516	0	1.0	0.0
GCA_013398835.1	Emberiza fucata	Aves	RYR	found_annotated	found	1	ryr_sister	present in every vertebrate	0			Scaffold	Y	GenBank	19687	892245	1032579516	0	1.0	0.0
GCA_013398935.1	Ceuthmochares aereus	Aves	ITPR1	found_unannotated	found	1	itpr_present	S15a present_single_locus (R1)	0	present_single_locus	R1	Scaffold	Y	GenBank	29269	163031	1120248821	0	1.0	0.0
GCA_013398935.1	Ceuthmochares aereus	Aves	ITPR2	found_unannotated	found	1	itpr_present	S15a present_single_locus (R1)	0	present_single_locus	R1	Scaffold	Y	GenBank	29269	163031	1120248821	0	0.9963	0.0
GCA_013398935.1	Ceuthmochares aereus	Aves	ITPR3	assembly_gap	assembly_gap	0	itpr_present	S15a present_truncated (R2)	1	present_truncated	R2	Scaffold	Y	GenBank	29269	163031	1120248821	0	0.4749	0.0
GCA_013398935.1	Ceuthmochares aereus	Aves	RYR	found_annotated	found	1	ryr_sister	present in every vertebrate	0			Scaffold	Y	GenBank	29269	163031	1120248821	0	1.0	0.0
GCA_013398955.1	Callaeas wilsoni	Aves	ITPR1	assembly_gap	assembly_gap	0	itpr_present	S15a present_truncated (R2)	1	present_truncated	R2	Scaffold	Y	GenBank	118426	133026	1047533504	0	0.6715	0.0
GCA_013398955.1	Callaeas wilsoni	Aves	ITPR2	found_unannotated	found	1	itpr_present	S15a present_single_locus (R1)	0	present_single_locus	R1	Scaffold	Y	GenBank	118426	133026	1047533504	0	1.0	0.0
GCA_013398955.1	Callaeas wilsoni	Aves	ITPR3	found_annotated	found	1	itpr_present	S15a present_single_locus (R1)	0	present_single_locus	R1	Scaffold	Y	GenBank	118426	133026	1047533504	0	0.7457	0.0
GCA_013398955.1	Callaeas wilsoni	Aves	RYR	found_annotated	found	1	ryr_sister	present in every vertebrate	0			Scaffold	Y	GenBank	118426	133026	1047533504	0	0.9974	0.0
GCA_013398975.1	Catharus fuscescens	Aves	ITPR1	assembly_gap	assembly_gap	0	itpr_present	S15a present_truncated (R2)	1	present_truncated	R2	Scaffold	Y	GenBank	56061	276328	1041802491	0	0.6956	0.0
GCA_013398975.1	Catharus fuscescens	Aves	ITPR2	found_unannotated	found	1	itpr_present	S15a present_single_locus (R1)	0	present_single_locus	R1	Scaffold	Y	GenBank	56061	276328	1041802491	0	1.0	0.0
GCA_013398975.1	Catharus fuscescens	Aves	ITPR3	found_annotated	found	1	itpr_present	S15a present_single_locus (R1)	0	present_single_locus	R1	Scaffold	Y	GenBank	56061	276328	1041802491	0	1.0	0.0
GCA_013398975.1	Catharus fuscescens	Aves	RYR	found_annotated	found	1	ryr_sister	present in every vertebrate	0			Scaffold	Y	GenBank	56061	276328	1041802491	0	0.9974	0.0
GCA_013399035.1	Quiscalus mexicanus	Aves	ITPR1	assembly_gap	assembly_gap	0	itpr_present	S15a present_truncated (R2)	1	present_truncated	R2	Scaffold	Y	GenBank	60532	93215	1041398572	0	0.6887	0.0
GCA_013399035.1	Quiscalus mexicanus	Aves	ITPR2	assembly_gap	assembly_gap	0	itpr_present	S15a present_truncated (R2)	1	present_truncated	R2	Scaffold	Y	GenBank	60532	93215	1041398572	0	0.5615	0.0
GCA_013399035.1	Quiscalus mexicanus	Aves	ITPR3	found_annotated	found	1	itpr_present	S15a present_single_locus (R1)	0	present_single_locus	R1	Scaffold	Y	GenBank	60532	93215	1041398572	0	1.0	0.0
GCA_013399035.1	Quiscalus mexicanus	Aves	RYR	found_unannotated	found	1	ryr_sister	present in every vertebrate	0			Scaffold	Y	GenBank	60532	93215	1041398572	0	0.7816	0.0
GCA_013399075.1	Chloroceryle aenea	Aves	ITPR1	found_annotated	found	1	itpr_present	S15a present_single_locus (R1)	0	present_single_locus	R1	Scaffold	Y	GenBank	34835	324840	1062127307	0	0.991	0.0
GCA_013399075.1	Chloroceryle aenea	Aves	ITPR2	found_unannotated	found	1	itpr_present	S15a present_single_locus (R1)	0	present_single_locus	R1	Scaffold	Y	GenBank	34835	324840	1062127307	0	0.7715	0.0
GCA_013399075.1	Chloroceryle aenea	Aves	ITPR3	found_annotated	found	1	itpr_present	S15a present_single_locus (R1)	0	present_single_locus	R1	Scaffold	Y	GenBank	34835	324840	1062127307	0	0.991	0.0
GCA_013399075.1	Chloroceryle aenea	Aves	RYR	found_annotated	found	1	ryr_sister	present in every vertebrate	0			Scaffold	Y	GenBank	34835	324840	1062127307	0	0.9386	0.0
GCA_013399305.1	Rostratula benghalensis	Aves	ITPR1	found_annotated	found	1	itpr_present	S15a present_single_locus (R1)	0	present_single_locus	R1	Scaffold	Y	GenBank	78725	3398382	1103097556	0	1.0	0.0
GCA_013399305.1	Rostratula benghalensis	Aves	ITPR2	found_unannotated	found	1	itpr_present	S15a present_single_locus (R1)	0	present_single_locus	R1	Scaffold	Y	GenBank	78725	3398382	1103097556	0	0.9885	0.0
GCA_013399305.1	Rostratula benghalensis	Aves	ITPR3	found_annotated	found	1	itpr_present	S15a present_single_locus (R1)	0	present_single_locus	R1	Scaffold	Y	GenBank	78725	3398382	1103097556	0	1.0	0.0
GCA_013399305.1	Rostratula benghalensis	Aves	RYR	found_annotated	found	1	ryr_sister	present in every vertebrate	0			Scaffold	Y	GenBank	78725	3398382	1103097556	0	1.0	0.0
GCA_013399395.1	Nyctiprogne leucopyga	Aves	ITPR1	found_annotated	found	1	itpr_present	S15a present_single_locus (R1)	0	present_single_locus	R1	Scaffold	Y	GenBank	28894	190423	1115538861	0	1.0	0.0
GCA_013399395.1	Nyctiprogne leucopyga	Aves	ITPR2	found_unannotated	found	1	itpr_present	S15a present_single_locus (R1)	0	present_single_locus	R1	Scaffold	Y	GenBank	28894	190423	1115538861	0	0.7678	0.0
GCA_013399395.1	Nyctiprogne leucopyga	Aves	ITPR3	found_annotated	found	1	itpr_present	S15a present_single_locus (R1)	0	present_single_locus	R1	Scaffold	Y	GenBank	28894	190423	1115538861	0	1.0	0.0
GCA_013399395.1	Nyctiprogne leucopyga	Aves	RYR	assembly_gap	assembly_gap	0	ryr_sister	present in every vertebrate	1			Scaffold	Y	GenBank	28894	190423	1115538861	0	0.2343	0.0
GCA_013399455.1	Anthoscopus minutus	Aves	ITPR1	found_unannotated	found	1	itpr_present	S15a present_single_locus (R1)	0	present_single_locus	R1	Scaffold	Y	GenBank	49651	108848	978848727	0	1.0	0.0
GCA_013399455.1	Anthoscopus minutus	Aves	ITPR2	assembly_gap	assembly_gap	0	itpr_present	S15a present_truncated (R2)	1	present_truncated	R2	Scaffold	Y	GenBank	49651	108848	978848727	0	0.5941	0.0
GCA_013399455.1	Anthoscopus minutus	Aves	ITPR3	assembly_gap	assembly_gap	0	itpr_present	S15a present_truncated (R2)	1	present_truncated	R2	Scaffold	Y	GenBank	49651	108848	978848727	0	0.5045	0.0
GCA_013399455.1	Anthoscopus minutus	Aves	RYR	assembly_gap	assembly_gap	0	ryr_sister	present in every vertebrate	1			Scaffold	Y	GenBank	49651	108848	978848727	0	0.5712	0.0
GCA_013399495.1	Corythaixoides concolor	Aves	ITPR1	found_unannotated	found	1	itpr_present	S15a present_single_locus (R1)	0	present_single_locus	R1	Scaffold	Y	GenBank	52683	1108645	1187728577	0	0.9712	0.0
GCA_013399495.1	Corythaixoides concolor	Aves	ITPR2	found_unannotated	found	1	itpr_present	S15a present_single_locus (R1)	0	present_single_locus	R1	Scaffold	Y	GenBank	52683	1108645	1187728577	0	0.9885	0.0
GCA_013399495.1	Corythaixoides concolor	Aves	ITPR3	found_annotated	found	1	itpr_present	S15a present_single_locus (R1)	0	present_single_locus	R1	Scaffold	Y	GenBank	52683	1108645	1187728577	0	1.0	0.0
GCA_013399495.1	Corythaixoides concolor	Aves	RYR	found_annotated	found	1	ryr_sister	present in every vertebrate	0			Scaffold	Y	GenBank	52683	1108645	1187728577	0	1.0	0.0
GCA_013399565.1	Podilymbus podiceps	Aves	ITPR1	found_unannotated	found	1	itpr_present	S15a present_single_locus (R1)	0	present_single_locus	R1	Scaffold	Y	GenBank	35810	692269	1197106122	0	1.0	0.0
GCA_013399565.1	Podilymbus podiceps	Aves	ITPR2	assembly_gap	assembly_gap	0	itpr_present	S15a present_truncated (R2)	1	present_truncated	R2	Scaffold	Y	GenBank	35810	692269	1197106122	0	0.6622	0.0
GCA_013399565.1	Podilymbus podiceps	Aves	ITPR3	found_annotated	found	1	itpr_present	S15a present_single_locus (R1)	0	present_single_locus	R1	Scaffold	Y	GenBank	35810	692269	1197106122	0	1.0	0.0
GCA_013399565.1	Podilymbus podiceps	Aves	RYR	found_annotated	found	1	ryr_sister	present in every vertebrate	0			Scaffold	Y	GenBank	35810	692269	1197106122	0	1.0	0.0
GCA_013399735.1	Tyrannus savana	Aves	ITPR1	found_unannotated	found	1	itpr_present	S15a present_single_locus (R1)	0	present_single_locus	R1	Scaffold	Y	GenBank	72317	436182	1055499921	0	1.0	0.0
GCA_013399735.1	Tyrannus savana	Aves	ITPR2	assembly_gap	assembly_gap	0	itpr_present	S15a present_truncated (R2)	1	present_truncated	R2	Scaffold	Y	GenBank	72317	436182	1055499921	0	0.5733	0.0
GCA_013399735.1	Tyrannus savana	Aves	ITPR3	found_annotated	found	1	itpr_present	S15a present_single_locus (R1)	0	present_single_locus	R1	Scaffold	Y	GenBank	72317	436182	1055499921	0	1.0	0.0
GCA_013399735.1	Tyrannus savana	Aves	RYR	found_unannotated	found	1	ryr_sister	present in every vertebrate	0			Scaffold	Y	GenBank	72317	436182	1055499921	0	0.7391	0.0
GCA_013399775.1	Semnornis frantzii	Aves	ITPR1	tblastn_trace	trace	0	itpr_present	S15a present_fragmented (R4)	1	present_fragmented	R4	Scaffold	Y	GenBank	8608	16361	1068132104	0	0.0	0.9449
GCA_013399775.1	Semnornis frantzii	Aves	ITPR2	tblastn_trace	trace	0	itpr_present	S15a present_fragmented (R4)	1	present_fragmented	R4	Scaffold	Y	GenBank	8608	16361	1068132104	0	0.0	0.9589
GCA_013399775.1	Semnornis frantzii	Aves	ITPR3	found_annotated	found	1	itpr_present	S15a present_single_locus (R1)	0	present_single_locus	R1	Scaffold	Y	GenBank	8608	16361	1068132104	0	1.0	0.0
GCA_013399775.1	Semnornis frantzii	Aves	RYR	assembly_gap	assembly_gap	0	ryr_sister	present in every vertebrate	1			Scaffold	Y	GenBank	8608	16361	1068132104	0	0.3406	0.0
GCA_013399795.1	Zosterops hypoxanthus	Aves	ITPR1	assembly_gap	assembly_gap	0	itpr_present	S15a present_truncated (R2)	1	present_truncated	R2	Scaffold	Y	GenBank	48044	306037	1051741454	0	0.6956	0.0
GCA_013399795.1	Zosterops hypoxanthus	Aves	ITPR2	found_unannotated	found	1	itpr_present	S15a present_single_locus (R1)	0	present_single_locus	R1	Scaffold	Y	GenBank	48044	306037	1051741454	0	1.0	0.0
GCA_013399795.1	Zosterops hypoxanthus	Aves	ITPR3	found_annotated	found	1	itpr_present	S15a present_single_locus (R1)	0	present_single_locus	R1	Scaffold	Y	GenBank	48044	306037	1051741454	0	0.9809	0.0
GCA_013399795.1	Zosterops hypoxanthus	Aves	RYR	found_unannotated	found	1	ryr_sister	present in every vertebrate	0			Scaffold	Y	GenBank	48044	306037	1051741454	0	0.7558	0.0
GCA_013399855.1	Oxyruncus cristatus	Aves	ITPR1	found_unannotated	found	1	itpr_present	S15a present_single_locus (R1)	0	present_single_locus	R1	Scaffold	Y	GenBank	75750	1139285	1062467484	0	1.0	0.0
GCA_013399855.1	Oxyruncus cristatus	Aves	ITPR2	found_unannotated	found	1	itpr_present	S15a present_single_locus (R1)	0	present_single_locus	R1	Scaffold	Y	GenBank	75750	1139285	1062467484	0	1.0	0.0
GCA_013399855.1	Oxyruncus cristatus	Aves	ITPR3	found_annotated	found	1	itpr_present	S15a present_single_locus (R1)	0	present_single_locus	R1	Scaffold	Y	GenBank	75750	1139285	1062467484	0	1.0	0.0
GCA_013399855.1	Oxyruncus cristatus	Aves	RYR	found_unannotated	found	1	ryr_sister	present in every vertebrate	0			Scaffold	Y	GenBank	75750	1139285	1062467484	0	0.8893	0.0
GCA_013399895.1	Serilophus lunatus	Aves	ITPR1	found_unannotated	found	1	itpr_present	S15a present_single_locus (R1)	0	present_single_locus	R1	Scaffold	Y	GenBank	89885	848514	1040370003	0	1.0	0.0
GCA_013399895.1	Serilophus lunatus	Aves	ITPR2	found_unannotated	found	1	itpr_present	S15a present_single_locus (R1)	0	present_single_locus	R1	Scaffold	Y	GenBank	89885	848514	1040370003	0	1.0	0.0
GCA_013399895.1	Serilophus lunatus	Aves	ITPR3	found_annotated	found	1	itpr_present	S15a present_single_locus (R1)	0	present_single_locus	R1	Scaffold	Y	GenBank	89885	848514	1040370003	0	1.0	0.0
GCA_013399895.1	Serilophus lunatus	Aves	RYR	found_annotated	found	1	ryr_sister	present in every vertebrate	0			Scaffold	Y	GenBank	89885	848514	1040370003	0	1.0	0.0
GCA_013400075.1	Hippolais icterina	Aves	ITPR1	assembly_gap	assembly_gap	0	itpr_present	S15a present_truncated (R2)	1	present_truncated	R2	Scaffold	Y	GenBank	64762	494139	1048398027	0	0.5185	0.0
GCA_013400075.1	Hippolais icterina	Aves	ITPR2	found_unannotated	found	1	itpr_present	S15a present_single_locus (R1)	0	present_single_locus	R1	Scaffold	Y	GenBank	64762	494139	1048398027	0	0.9885	0.0
GCA_013400075.1	Hippolais icterina	Aves	ITPR3	found_annotated	found	1	itpr_present	S15a present_single_locus (R1)	0	present_single_locus	R1	Scaffold	Y	GenBank	64762	494139	1048398027	0	1.0	0.0
GCA_013400075.1	Hippolais icterina	Aves	RYR	found_unannotated	found	1	ryr_sister	present in every vertebrate	0			Scaffold	Y	GenBank	64762	494139	1048398027	0	0.93	0.0
GCA_013400195.1	Aramus guarauna	Aves	ITPR1	found_annotated	found	1	itpr_present	S15a present_single_locus (R1)	0	present_single_locus	R1	Scaffold	Y	GenBank	62981	810609	1170510309	0	1.0	0.0
GCA_013400195.1	Aramus guarauna	Aves	ITPR2	found_unannotated	found	1	itpr_present	S15a present_single_locus (R1)	0	present_single_locus	R1	Scaffold	Y	GenBank	62981	810609	1170510309	0	1.0	0.0
GCA_013400195.1	Aramus guarauna	Aves	ITPR3	found_annotated	found	1	itpr_present	S15a present_single_locus (R1)	0	present_single_locus	R1	Scaffold	Y	GenBank	62981	810609	1170510309	0	1.0	0.0
GCA_013400195.1	Aramus guarauna	Aves	RYR	found_annotated	found	1	ryr_sister	present in every vertebrate	0			Scaffold	Y	GenBank	62981	810609	1170510309	0	0.9974	0.0
GCA_013400215.1	Cisticola juncidis	Aves	ITPR1	found_unannotated	found	1	itpr_present	S15a present_single_locus (R1)	0	present_single_locus	R1	Scaffold	Y	GenBank	74140	873777	1016620075	0	1.0	0.0
GCA_013400215.1	Cisticola juncidis	Aves	ITPR2	found_unannotated	found	1	itpr_present	S15a present_single_locus (R1)	0	present_single_locus	R1	Scaffold	Y	GenBank	74140	873777	1016620075	0	0.9885	0.0
GCA_013400215.1	Cisticola juncidis	Aves	ITPR3	found_annotated	found	1	itpr_present	S15a present_single_locus (R1)	0	present_single_locus	R1	Scaffold	Y	GenBank	74140	873777	1016620075	0	0.9895	0.0
GCA_013400215.1	Cisticola juncidis	Aves	RYR	found_annotated	found	1	ryr_sister	present in every vertebrate	0			Scaffold	Y	GenBank	74140	873777	1016620075	0	0.9974	0.0
GCA_013400415.1	Scytalopus superciliaris	Aves	ITPR1	found_annotated	found	1	itpr_present	S15a present_single_locus (R1)	0	present_single_locus	R1	Scaffold	Y	GenBank	60031	632025	1061776118	0	0.9705	0.0
GCA_013400415.1	Scytalopus superciliaris	Aves	ITPR2	found_unannotated	found	1	itpr_present	S15a present_single_locus (R1)	0	present_single_locus	R1	Scaffold	Y	GenBank	60031	632025	1061776118	0	0.9137	0.0
GCA_013400415.1	Scytalopus superciliaris	Aves	ITPR3	found_annotated	found	1	itpr_present	S15a present_single_locus (R1)	0	present_single_locus	R1	Scaffold	Y	GenBank	60031	632025	1061776118	0	1.0	0.0
GCA_013400415.1	Scytalopus superciliaris	Aves	RYR	found_unannotated	found	1	ryr_sister	present in every vertebrate	0			Scaffold	Y	GenBank	60031	632025	1061776118	0	0.8831	0.0
GCA_013400445.1	Leiothrix lutea	Aves	ITPR1	tblastn_trace	trace	0	itpr_present	S15a present_fragmented (R4)	1	present_fragmented	R4	Scaffold	Y	GenBank	27764	297511	1058758629	0	0.0	0.7262
GCA_013400445.1	Leiothrix lutea	Aves	ITPR2	found_unannotated	found	1	itpr_present	S15a present_single_locus (R1)	0	present_single_locus	R1	Scaffold	Y	GenBank	27764	297511	1058758629	0	1.0	0.0
GCA_013400445.1	Leiothrix lutea	Aves	ITPR3	found_annotated	found	1	itpr_present	S15a present_single_locus (R1)	0	present_single_locus	R1	Scaffold	Y	GenBank	27764	297511	1058758629	0	1.0	0.0
GCA_013400445.1	Leiothrix lutea	Aves	RYR	found_unannotated	found	1	ryr_sister	present in every vertebrate	0			Scaffold	Y	GenBank	27764	297511	1058758629	0	0.7107	0.0
GCA_013400515.1	Erpornis zantholeuca	Aves	ITPR1	found_annotated	found	1	itpr_present	S15a present_single_locus (R1)	0	present_single_locus	R1	Scaffold	Y	GenBank	45331	176063	1013967273	0	1.0	0.0
GCA_013400515.1	Erpornis zantholeuca	Aves	ITPR2	found_unannotated	found	1	itpr_present	S15a present_single_locus (R1)	0	present_single_locus	R1	Scaffold	Y	GenBank	45331	176063	1013967273	0	0.9885	0.0
GCA_013400515.1	Erpornis zantholeuca	Aves	ITPR3	found_annotated	found	1	itpr_present	S15a present_single_locus (R1)	0	present_single_locus	R1	Scaffold	Y	GenBank	45331	176063	1013967273	0	1.0	0.0
GCA_013400515.1	Erpornis zantholeuca	Aves	RYR	assembly_gap	assembly_gap	0	ryr_sister	present in every vertebrate	1			Scaffold	Y	GenBank	45331	176063	1013967273	0	0.3158	0.0
GCA_013400585.1	Chloropsis cyanopogon	Aves	ITPR1	found_unannotated	found	1	itpr_present	S15a present_single_locus (R1)	0	present_single_locus	R1	Scaffold	Y	GenBank	24720	106723	985401841	0	1.0	0.0
GCA_013400585.1	Chloropsis cyanopogon	Aves	ITPR2	found_unannotated	found	1	itpr_present	S15a present_single_locus (R1)	0	present_single_locus	R1	Scaffold	Y	GenBank	24720	106723	985401841	0	0.9885	0.0
GCA_013400585.1	Chloropsis cyanopogon	Aves	ITPR3	found_annotated	found	1	itpr_present	S15a present_single_locus (R1)	0	present_single_locus	R1	Scaffold	Y	GenBank	24720	106723	985401841	0	1.0	0.0
GCA_013400585.1	Chloropsis cyanopogon	Aves	RYR	assembly_gap	assembly_gap	0	ryr_sister	present in every vertebrate	1			Scaffold	Y	GenBank	24720	106723	985401841	0	0.186	0.0
GCA_013400635.1	Hypocryptadius cinnamomeus	Aves	ITPR1	tblastn_trace	trace	0	itpr_present	S15a present_fragmented (R4)	1	present_fragmented	R4	Scaffold	Y	GenBank	23460	39504	854293167	0	0.0	0.8359
GCA_013400635.1	Hypocryptadius cinnamomeus	Aves	ITPR2	tblastn_trace	trace	0	itpr_present	S15a present_fragmented (R4)	1	present_fragmented	R4	Scaffold	Y	GenBank	23460	39504	854293167	0	0.0	0.7419
GCA_013400635.1	Hypocryptadius cinnamomeus	Aves	ITPR3	found_annotated	found	1	itpr_present	S15a present_single_locus (R1)	0	present_single_locus	R1	Scaffold	Y	GenBank	23460	39504	854293167	0	1.0	0.0
GCA_013400635.1	Hypocryptadius cinnamomeus	Aves	RYR	assembly_gap	assembly_gap	0	ryr_sister	present in every vertebrate	1			Scaffold	Y	GenBank	23460	39504	854293167	0	0.1935	0.0
GCA_013400655.1	Mystacornis crossleyi	Aves	ITPR1	tblastn_trace	trace	0	itpr_present	S15a present_fragmented (R4)	1	present_fragmented	R4	Scaffold	Y	GenBank	10653	36392	1116797458	0	0.0	0.1866
GCA_013400655.1	Mystacornis crossleyi	Aves	ITPR2	found_annotated	found	1	itpr_present	S15a present_single_locus (R1)	0	present_single_locus	R1	Scaffold	Y	GenBank	10653	36392	1116797458	0	0.7374	0.0
GCA_013400655.1	Mystacornis crossleyi	Aves	ITPR3	tblastn_trace	trace	0	itpr_present	S15a present_fragmented (R4)	1	present_fragmented	R4	Scaffold	Y	GenBank	10653	36392	1116797458	0	0.0	0.6587
GCA_013400655.1	Mystacornis crossleyi	Aves	RYR	assembly_gap	assembly_gap	0	ryr_sister	present in every vertebrate	1			Scaffold	Y	GenBank	10653	36392	1116797458	0	0.1181	0.0
GCA_013400675.1	Oxylabes madagascariensis	Aves	ITPR1	tblastn_trace	trace	0	itpr_present	S15a present_fragmented (R4)	1	present_fragmented	R4	Scaffold	Y	GenBank	3531	17018	1199250113	0	0.0	0.2355
GCA_013400675.1	Oxylabes madagascariensis	Aves	ITPR2	assembly_gap	assembly_gap	0	itpr_present	S15a present_truncated (R2)	1	present_truncated	R2	Scaffold	Y	GenBank	3531	17018	1199250113	0	0.3204	0.0
GCA_013400675.1	Oxylabes madagascariensis	Aves	ITPR3	assembly_gap	assembly_gap	0	itpr_present	S15a present_truncated (R2)	1	present_truncated	R2	Scaffold	Y	GenBank	3531	17018	1199250113	0	0.1734	0.0
GCA_013400675.1	Oxylabes madagascariensis	Aves	RYR	assembly_gap	assembly_gap	0	ryr_sister	present in every vertebrate	1			Scaffold	Y	GenBank	3531	17018	1199250113	0	0.2806	0.0
GCA_013400695.1	Neodrepanis coruscans	Aves	ITPR1	tblastn_trace	trace	0	itpr_present	S15a present_fragmented (R4)	1	present_fragmented	R4	Scaffold	Y	GenBank	7054	18836	1024462016	0	0.0	0.2703
GCA_013400695.1	Neodrepanis coruscans	Aves	ITPR2	fragment	fragment	0	itpr_present	S15a present_partial (R3)	1	present_partial	R3	Scaffold	Y	GenBank	7054	18836	1024462016	0	0.187	0.0
GCA_013400695.1	Neodrepanis coruscans	Aves	ITPR3	assembly_gap	assembly_gap	0	itpr_present	S15a present_truncated (R2)	1	present_truncated	R2	Scaffold	Y	GenBank	7054	18836	1024462016	0	0.1345	0.0
GCA_013400695.1	Neodrepanis coruscans	Aves	RYR	assembly_gap	assembly_gap	0	ryr_sister	present in every vertebrate	1			Scaffold	Y	GenBank	7054	18836	1024462016	0	0.2589	0.0
GCA_013400735.1	Pomatostomus ruficeps	Aves	ITPR1	tblastn_trace	trace	0	itpr_present	S15a present_fragmented (R4)	1	present_fragmented	R4	Scaffold	Y	GenBank	34780	71937	1020560999	0	0.0	0.9403
GCA_013400735.1	Pomatostomus ruficeps	Aves	ITPR2	assembly_gap	assembly_gap	0	itpr_present	S15a present_truncated (R2)	1	present_truncated	R2	Scaffold	Y	GenBank	34780	71937	1020560999	0	0.5607	0.0
GCA_013400735.1	Pomatostomus ruficeps	Aves	ITPR3	found_annotated	found	1	itpr_present	S15a present_single_locus (R1)	0	present_single_locus	R1	Scaffold	Y	GenBank	34780	71937	1020560999	0	1.0	0.0
GCA_013400735.1	Pomatostomus ruficeps	Aves	RYR	assembly_gap	assembly_gap	0	ryr_sister	present in every vertebrate	1			Scaffold	Y	GenBank	34780	71937	1020560999	0	0.2017	0.0
GCA_013400815.1	Centropus bengalensis	Aves	ITPR1	assembly_gap	assembly_gap	0	itpr_present	S15a present_truncated (R2)	1	present_truncated	R2	Scaffold	Y	GenBank	34951	1149962	1015638883	0	0.5002	0.0
GCA_013400815.1	Centropus bengalensis	Aves	ITPR2	found_unannotated	found	1	itpr_present	S15a present_single_locus (R1)	0	present_single_locus	R1	Scaffold	Y	GenBank	34951	1149962	1015638883	0	1.0	0.0
GCA_013400815.1	Centropus bengalensis	Aves	ITPR3	found_annotated	found	1	itpr_present	S15a present_single_locus (R1)	0	present_single_locus	R1	Scaffold	Y	GenBank	34951	1149962	1015638883	0	0.9655	0.0
GCA_013400815.1	Centropus bengalensis	Aves	RYR	found_annotated	found	1	ryr_sister	present in every vertebrate	0			Scaffold	Y	GenBank	34951	1149962	1015638883	0	1.0	0.0
GCA_013400855.1	Buphagus erythrorhynchus	Aves	ITPR1	tblastn_trace	trace	0	itpr_present	S15a present_fragmented (R4)	1	present_fragmented	R4	Scaffold	Y	GenBank	13219	37415	1040192226	0	0.0	0.2434
GCA_013400855.1	Buphagus erythrorhynchus	Aves	ITPR2	assembly_gap	assembly_gap	0	itpr_present	S15a present_truncated (R2)	1	present_truncated	R2	Scaffold	Y	GenBank	13219	37415	1040192226	0	0.5981	0.0
GCA_013400855.1	Buphagus erythrorhynchus	Aves	ITPR3	tblastn_trace	trace	0	itpr_present	S15a present_fragmented (R4)	1	present_fragmented	R4	Scaffold	Y	GenBank	13219	37415	1040192226	0	0.0	0.4929
GCA_013400855.1	Buphagus erythrorhynchus	Aves	RYR	assembly_gap	assembly_gap	0	ryr_sister	present in every vertebrate	1			Scaffold	Y	GenBank	13219	37415	1040192226	0	0.1558	0.0
GCA_013400895.1	Thalassarche chlororhynchos	Aves	ITPR1	found_annotated	found	1	itpr_present	S15a present_single_locus (R1)	0	present_single_locus	R1	Scaffold	Y	GenBank	23404	47773	1087776125	0	0.7629	0.0
GCA_013400895.1	Thalassarche chlororhynchos	Aves	ITPR2	tblastn_trace	trace	0	itpr_present	S15a present_fragmented (R4)	1	present_fragmented	R4	Scaffold	Y	GenBank	23404	47773	1087776125	0	0.0	0.89
GCA_013400895.1	Thalassarche chlororhynchos	Aves	ITPR3	found_annotated	found	1	itpr_present	S15a present_single_locus (R1)	0	present_single_locus	R1	Scaffold	Y	GenBank	23404	47773	1087776125	0	1.0	0.0
GCA_013400895.1	Thalassarche chlororhynchos	Aves	RYR	assembly_gap	assembly_gap	0	ryr_sister	present in every vertebrate	1			Scaffold	Y	GenBank	23404	47773	1087776125	0	0.1457	0.0
GCA_013400915.1	Pardalotus punctatus	Aves	ITPR1	assembly_gap	assembly_gap	0	itpr_present	S15a present_truncated (R2)	1	present_truncated	R2	Scaffold	Y	GenBank	83169	306807	1032444361	0	0.4538	0.0
GCA_013400915.1	Pardalotus punctatus	Aves	ITPR2	assembly_gap	assembly_gap	0	itpr_present	S15a present_truncated (R2)	1	present_truncated	R2	Scaffold	Y	GenBank	83169	306807	1032444361	0	0.4722	0.0
GCA_013400915.1	Pardalotus punctatus	Aves	ITPR3	assembly_gap	assembly_gap	0	itpr_present	S15a present_truncated (R2)	1	present_truncated	R2	Scaffold	Y	GenBank	83169	306807	1032444361	0	0.6157	0.0
GCA_013400915.1	Pardalotus punctatus	Aves	RYR	found_annotated	found	1	ryr_sister	present in every vertebrate	0			Scaffold	Y	GenBank	83169	306807	1032444361	0	0.9976	0.0
GCA_013400955.1	Drymodes brunneopygia	Aves	ITPR1	found_unannotated	found	1	itpr_present	S15a present_single_locus (R1)	0	present_single_locus	R1	Scaffold	Y	GenBank	79910	443364	1058966521	0	0.706	0.0
GCA_013400955.1	Drymodes brunneopygia	Aves	ITPR2	assembly_gap	assembly_gap	0	itpr_present	S15a present_truncated (R2)	1	present_truncated	R2	Scaffold	Y	GenBank	79910	443364	1058966521	0	0.6263	0.0
GCA_013400955.1	Drymodes brunneopygia	Aves	ITPR3	found_annotated	found	1	itpr_present	S15a present_single_locus (R1)	0	present_single_locus	R1	Scaffold	Y	GenBank	79910	443364	1058966521	0	0.9652	0.0
GCA_013400955.1	Drymodes brunneopygia	Aves	RYR	found_annotated	found	1	ryr_sister	present in every vertebrate	0			Scaffold	Y	GenBank	79910	443364	1058966521	0	0.9764	0.0
GCA_013400995.1	Oreotrochilus melanogaster	Aves	ITPR1	assembly_gap	assembly_gap	0	itpr_present	S15a present_truncated (R2)	1	present_truncated	R2	Scaffold	Y	GenBank	7679	167855	1107792040	0	0.5934	0.0
GCA_013400995.1	Oreotrochilus melanogaster	Aves	ITPR2	found_unannotated	found	1	itpr_present	S15a present_single_locus (R1)	0	present_single_locus	R1	Scaffold	Y	GenBank	7679	167855	1107792040	0	0.7311	0.0
GCA_013400995.1	Oreotrochilus melanogaster	Aves	ITPR3	found_annotated	found	1	itpr_present	S15a present_single_locus (R1)	0	present_single_locus	R1	Scaffold	Y	GenBank	7679	167855	1107792040	0	0.9655	0.0
GCA_013400995.1	Oreotrochilus melanogaster	Aves	RYR	assembly_gap	assembly_gap	0	ryr_sister	present in every vertebrate	1			Scaffold	Y	GenBank	7679	167855	1107792040	0	0.5525	0.0
GCA_013401035.1	Horornis vulcanius	Aves	ITPR1	tblastn_trace	trace	0	itpr_present	S15a present_fragmented (R4)	1	present_fragmented	R4	Scaffold	Y	GenBank	3129	15429	1223573813	0	0.0	0.2565
GCA_013401035.1	Horornis vulcanius	Aves	ITPR2	assembly_gap	assembly_gap	0	itpr_present	S15a present_truncated (R2)	1	present_truncated	R2	Scaffold	Y	GenBank	3129	15429	1223573813	0	0.1804	0.0
GCA_013401035.1	Horornis vulcanius	Aves	ITPR3	assembly_gap	assembly_gap	0	itpr_present	S15a present_truncated (R2)	1	present_truncated	R2	Scaffold	Y	GenBank	3129	15429	1223573813	0	0.2019	0.0
GCA_013401035.1	Horornis vulcanius	Aves	RYR	assembly_gap	assembly_gap	0	ryr_sister	present in every vertebrate	1			Scaffold	Y	GenBank	3129	15429	1223573813	0	0.1761	0.0
GCA_013401195.1	Pomatorhinus ruficollis	Aves	ITPR1	tblastn_trace	trace	0	itpr_present	S15a present_fragmented (R4)	1	present_fragmented	R4	Scaffold	Y	GenBank	60017	1256354	1065047492	0	0.0	0.8539
GCA_013401195.1	Pomatorhinus ruficollis	Aves	ITPR2	found_unannotated	found	1	itpr_present	S15a present_single_locus (R1)	0	present_single_locus	R1	Scaffold	Y	GenBank	60017	1256354	1065047492	0	1.0	0.0
GCA_013401195.1	Pomatorhinus ruficollis	Aves	ITPR3	tblastn_trace	trace	0	itpr_present	S15a present_fragmented (R4)	1	present_fragmented	R4	Scaffold	Y	GenBank	60017	1256354	1065047492	0	0.0	0.6172
GCA_013401195.1	Pomatorhinus ruficollis	Aves	RYR	found_annotated	found	1	ryr_sister	present in every vertebrate	0			Scaffold	Y	GenBank	60017	1256354	1065047492	0	1.0	0.0
GCA_013401215.1	Atlantisia rogersi	Aves	ITPR1	assembly_gap	assembly_gap	0	itpr_present	S15a present_truncated (R2)	1	present_truncated	R2	Scaffold	Y	GenBank	36139	36904	1168394043	0	0.636	0.0
GCA_013401215.1	Atlantisia rogersi	Aves	ITPR2	assembly_gap	assembly_gap	0	itpr_present	S15a present_truncated (R2)	1	present_truncated	R2	Scaffold	Y	GenBank	36139	36904	1168394043	0	0.2878	0.0
GCA_013401215.1	Atlantisia rogersi	Aves	ITPR3	assembly_gap	assembly_gap	0	itpr_present	S15a present_truncated (R2)	1	present_truncated	R2	Scaffold	Y	GenBank	36139	36904	1168394043	0	0.5315	0.0
GCA_013401215.1	Atlantisia rogersi	Aves	RYR	assembly_gap	assembly_gap	0	ryr_sister	present in every vertebrate	1			Scaffold	Y	GenBank	36139	36904	1168394043	0	0.4193	0.0
GCA_013401255.1	Urocolius indicus	Aves	ITPR1	found_unannotated	found	1	itpr_present	S15a present_single_locus (R1)	0	present_single_locus	R1	Scaffold	Y	GenBank	94415	261726	1109599764	0	1.0	0.0
GCA_013401255.1	Urocolius indicus	Aves	ITPR2	assembly_gap	assembly_gap	0	itpr_present	S15a present_truncated (R2)	1	present_truncated	R2	Scaffold	Y	GenBank	94415	261726	1109599764	0	0.6622	0.0
GCA_013401255.1	Urocolius indicus	Aves	ITPR3	assembly_gap	assembly_gap	0	itpr_present	S15a present_truncated (R2)	1	present_truncated	R2	Scaffold	Y	GenBank	94415	261726	1109599764	0	0.5757	0.0
GCA_013401255.1	Urocolius indicus	Aves	RYR	found_annotated	found	1	ryr_sister	present in every vertebrate	0			Scaffold	Y	GenBank	94415	261726	1109599764	0	0.9764	0.0
GCA_013401295.1	Glareola pratincola	Aves	ITPR1	found_unannotated	found	1	itpr_present	S15a present_single_locus (R1)	0	present_single_locus	R1	Scaffold	Y	GenBank	39898	411631	1172993239	0	1.0	0.0
GCA_013401295.1	Glareola pratincola	Aves	ITPR2	found_unannotated	found	1	itpr_present	S15a present_single_locus (R1)	0	present_single_locus	R1	Scaffold	Y	GenBank	39898	411631	1172993239	0	0.7444	0.0
GCA_013401295.1	Glareola pratincola	Aves	ITPR3	assembly_gap	assembly_gap	0	itpr_present	S15a present_truncated (R2)	1	present_truncated	R2	Scaffold	Y	GenBank	39898	411631	1172993239	0	0.6107	0.0
GCA_013401295.1	Glareola pratincola	Aves	RYR	found_annotated	found	1	ryr_sister	present in every vertebrate	0			Scaffold	Y	GenBank	39898	411631	1172993239	0	0.9974	0.0
GCA_013401315.1	Balaeniceps rex	Aves	ITPR1	found_unannotated	found	1	itpr_present	S15a present_single_locus (R1)	0	present_single_locus	R1	Scaffold	Y	GenBank	24547	60453	1181932130	0	0.8793	0.0
GCA_013401315.1	Balaeniceps rex	Aves	ITPR2	assembly_gap	assembly_gap	0	itpr_present	S15a present_truncated (R2)	1	present_truncated	R2	Scaffold	Y	GenBank	24547	60453	1181932130	0	0.4748	0.0
GCA_013401315.1	Balaeniceps rex	Aves	ITPR3	found_annotated	found	1	itpr_present	S15a present_single_locus (R1)	0	present_single_locus	R1	Scaffold	Y	GenBank	24547	60453	1181932130	0	0.9125	0.0
GCA_013401315.1	Balaeniceps rex	Aves	RYR	assembly_gap	assembly_gap	0	ryr_sister	present in every vertebrate	1			Scaffold	Y	GenBank	24547	60453	1181932130	0	0.1169	0.0
GCA_013401355.1	Ceyx cyanopectus	Aves	ITPR1	assembly_gap	assembly_gap	0	itpr_present	S15a present_truncated (R2)	1	present_truncated	R2	Scaffold	Y	GenBank	14890	25847	1119293467	0	0.1979	0.0
GCA_013401355.1	Ceyx cyanopectus	Aves	ITPR2	found_unannotated	found	1	itpr_present	S15a present_single_locus (R1)	0	present_single_locus	R1	Scaffold	Y	GenBank	14890	25847	1119293467	0	0.783	0.0
GCA_013401355.1	Ceyx cyanopectus	Aves	ITPR3	tblastn_trace	trace	0	itpr_present	S15a present_fragmented (R4)	1	present_fragmented	R4	Scaffold	Y	GenBank	14890	25847	1119293467	0	0.0	0.6603
GCA_013401355.1	Ceyx cyanopectus	Aves	RYR	assembly_gap	assembly_gap	0	ryr_sister	present in every vertebrate	1			Scaffold	Y	GenBank	14890	25847	1119293467	0	0.2424	0.0
GCA_014281875.1	Nibea albiflora	Actinopteri	ITPR1	found_annotated	found	1	itpr_present	S15a present_single_locus (R1)	0	present_single_locus	R1	Chromosome	Y	GenBank	4420150	25433336	627578634	1	1.0	0.0
GCA_014281875.1	Nibea albiflora	Actinopteri	ITPR2	found_unannotated	found	1	itpr_present	S15a present_single_locus (R1)	0	present_single_locus	R1	Chromosome	Y	GenBank	4420150	25433336	627578634	1	1.0	0.0
GCA_014281875.1	Nibea albiflora	Actinopteri	ITPR3	found_annotated	found	1	itpr_present	S15a present_single_locus (R1)	0	present_single_locus	R1	Chromosome	Y	GenBank	4420150	25433336	627578634	1	1.0	0.0
GCA_014281875.1	Nibea albiflora	Actinopteri	RYR	found_unannotated	found	1	ryr_sister	present in every vertebrate	0			Chromosome	Y	GenBank	4420150	25433336	627578634	1	1.0	0.0
GCA_014363365.1	Leucopsar rothschildi	Aves	ITPR1	assembly_gap	assembly_gap	0	itpr_present	S15a present_truncated (R2)	1	present_truncated	R2	Scaffold	N	GenBank	104200	220241	999682512	0	0.4959	0.0
GCA_014363365.1	Leucopsar rothschildi	Aves	ITPR2	assembly_gap	assembly_gap	0	itpr_present	S15a present_truncated (R2)	1	present_truncated	R2	Scaffold	N	GenBank	104200	220241	999682512	0	0.5363	0.0
GCA_014363365.1	Leucopsar rothschildi	Aves	ITPR3	assembly_gap	assembly_gap	0	itpr_present	S15a present_truncated (R2)	1	present_truncated	R2	Scaffold	N	GenBank	104200	220241	999682512	0	0.4052	0.0
GCA_014363365.1	Leucopsar rothschildi	Aves	RYR	assembly_gap	assembly_gap	0	ryr_sister	present in every vertebrate	1			Scaffold	N	GenBank	104200	220241	999682512	0	0.5938	0.0
GCA_014839755.1	Sylvia borin	Aves	ITPR1	found_annotated	found	1	itpr_present	S15a present_single_locus (R1)	0	present_single_locus	R1	Chromosome	Y	GenBank	31914676	72750092	1045652180	1	1.0	0.0
GCA_014839755.1	Sylvia borin	Aves	ITPR2	found_annotated	found	1	itpr_present	S15a present_single_locus (R1)	0	present_single_locus	R1	Chromosome	Y	GenBank	31914676	72750092	1045652180	1	1.0	0.0
GCA_014839755.1	Sylvia borin	Aves	ITPR3	found_annotated	found	1	itpr_present	S15a present_single_locus (R1)	0	present_single_locus	R1	Chromosome	Y	GenBank	31914676	72750092	1045652180	1	1.0	0.0
GCA_014839755.1	Sylvia borin	Aves	RYR	found_annotated	found	1	ryr_sister	present in every vertebrate	0			Chromosome	Y	GenBank	31914676	72750092	1045652180	1	1.0	0.0
GCA_015883425.2	Lamprotornis superbus	Aves	ITPR1	found_annotated	found	1	itpr_present	S15a present_single_locus (R1)	0	present_single_locus	R1	Chromosome	Y	GenBank	150307	72276715	1068005652	1	1.0	0.0
GCA_015883425.2	Lamprotornis superbus	Aves	ITPR2	found_annotated	found	1	itpr_present	S15a present_single_locus (R1)	0	present_single_locus	R1	Chromosome	Y	GenBank	150307	72276715	1068005652	1	1.0	0.0
GCA_015883425.2	Lamprotornis superbus	Aves	ITPR3	found_annotated	found	1	itpr_present	S15a present_single_locus (R1)	0	present_single_locus	R1	Chromosome	Y	GenBank	150307	72276715	1068005652	1	1.0	0.0
GCA_015883425.2	Lamprotornis superbus	Aves	RYR	found_annotated	found	1	ryr_sister	present in every vertebrate	0			Chromosome	Y	GenBank	150307	72276715	1068005652	1	1.0	0.0
GCA_017639675.1	Aplochiton taeniatus	Actinopteri	ITPR1	found_annotated	found	1	itpr_present	S15a present_single_locus (R1)	0	present_single_locus	R1	Chromosome	Y	GenBank	956540	20392628	461946147	1	1.0	0.0
GCA_017639675.1	Aplochiton taeniatus	Actinopteri	ITPR2	found_annotated	found	1	itpr_present	S15a present_single_locus (R1)	0	present_single_locus	R1	Chromosome	Y	GenBank	956540	20392628	461946147	1	1.0	0.0
GCA_017639675.1	Aplochiton taeniatus	Actinopteri	ITPR3	found_annotated	found	1	itpr_present	S15a present_single_locus (R1)	0	present_single_locus	R1	Chromosome	Y	GenBank	956540	20392628	461946147	1	1.0	0.0
GCA_017639675.1	Aplochiton taeniatus	Actinopteri	RYR	found_annotated	found	1	ryr_sister	present in every vertebrate	0			Chromosome	Y	GenBank	956540	20392628	461946147	1	1.0	0.0
GCA_018340635.1	Bothrops jararaca	Lepidosauria	ITPR1	found_no_annotation	found	1	itpr_present	S15a present_single_locus (R1)	0	present_single_locus	R1	Scaffold	N	GenBank	162550	164310	1672323932	1	0.9701	0.0
GCA_018340635.1	Bothrops jararaca	Lepidosauria	ITPR2	tblastn_trace	trace	0	itpr_present	S15a present_fragmented (R4)	1	present_fragmented	R4	Scaffold	N	GenBank	162550	164310	1672323932	1	0.0	0.7956
GCA_018340635.1	Bothrops jararaca	Lepidosauria	ITPR3	found_no_annotation	found	1	itpr_present	S15a present_single_locus (R1)	0	present_single_locus	R1	Scaffold	N	GenBank	162550	164310	1672323932	1	1.0	0.0
GCA_018340635.1	Bothrops jararaca	Lepidosauria	RYR	found_no_annotation	found	1	ryr_sister	present in every vertebrate	0			Scaffold	N	GenBank	162550	164310	1672323932	1	1.0	0.0
GCA_019447015.1	Hymenochirus boettgeri	Amphibia	ITPR1	found_annotated	found	1	itpr_present	S15a present_single_locus (R1)	0	present_single_locus	R1	Chromosome	Y	GenBank	783846	293320900	3210867089	1	1.0	0.0
GCA_019447015.1	Hymenochirus boettgeri	Amphibia	ITPR2	found_annotated	found	1	itpr_present	S15a present_single_locus (R1)	0	present_single_locus	R1	Chromosome	Y	GenBank	783846	293320900	3210867089	1	1.0	0.0
GCA_019447015.1	Hymenochirus boettgeri	Amphibia	ITPR3	found_unannotated	found	1	itpr_present	S15a present_single_locus (R1)	0	present_single_locus	R1	Chromosome	Y	GenBank	783846	293320900	3210867089	1	1.0	0.0
GCA_019447015.1	Hymenochirus boettgeri	Amphibia	RYR	found_annotated	found	1	ryr_sister	present in every vertebrate	0			Chromosome	Y	GenBank	783846	293320900	3210867089	1	1.0	0.0
GCA_020745705.1	Hemiprocne comata	Aves	ITPR1	found_no_annotation	found	1	itpr_present	S15a present_single_locus (R1)	0	present_single_locus	R1	Chromosome	N	GenBank	20531774	91346199	1164793941	1	1.0	0.0
GCA_020745705.1	Hemiprocne comata	Aves	ITPR2	found_no_annotation	found	1	itpr_present	S15a present_single_locus (R1)	0	present_single_locus	R1	Chromosome	N	GenBank	20531774	91346199	1164793941	1	1.0	0.0
GCA_020745705.1	Hemiprocne comata	Aves	ITPR3	found_no_annotation	found	1	itpr_present	S15a present_single_locus (R1)	0	present_single_locus	R1	Chromosome	N	GenBank	20531774	91346199	1164793941	1	1.0	0.0
GCA_020745705.1	Hemiprocne comata	Aves	RYR	found_no_annotation	found	1	ryr_sister	present in every vertebrate	0			Chromosome	N	GenBank	20531774	91346199	1164793941	1	1.0	0.0
GCA_022829145.1	Albula goreensis	Actinopteri	ITPR1	found_annotated	found	1	itpr_present	S15a present_single_locus (R1)	0	present_single_locus	R1	Chromosome	Y	GenBank	17514905	39075509	933663665	1	1.0	0.0
GCA_022829145.1	Albula goreensis	Actinopteri	ITPR2	found_annotated	found	1	itpr_present	S15a present_single_locus (R1)	0	present_single_locus	R1	Chromosome	Y	GenBank	17514905	39075509	933663665	1	1.0	0.0
GCA_022829145.1	Albula goreensis	Actinopteri	ITPR3	found_annotated	found	1	itpr_present	S15a present_single_locus (R1)	0	present_single_locus	R1	Chromosome	Y	GenBank	17514905	39075509	933663665	1	1.0	0.0
GCA_022829145.1	Albula goreensis	Actinopteri	RYR	found_annotated	found	1	ryr_sister	present in every vertebrate	0			Chromosome	Y	GenBank	17514905	39075509	933663665	1	1.0	0.0
GCA_023764695.1	Pygathrix nigripes	Mammalia	ITPR1	found_no_annotation	found	1	itpr_present	S15a present_single_locus (R1)	0	present_single_locus	R1	Contig	N	GenBank	14260291	14260291	2896204080	1	1.0	0.0
GCA_023764695.1	Pygathrix nigripes	Mammalia	ITPR2	found_no_annotation	found	1	itpr_present	S15a present_single_locus (R1)	0	present_single_locus	R1	Contig	N	GenBank	14260291	14260291	2896204080	1	1.0	0.0
GCA_023764695.1	Pygathrix nigripes	Mammalia	ITPR3	found_no_annotation	found	1	itpr_present	S15a present_single_locus (R1)	0	present_single_locus	R1	Contig	N	GenBank	14260291	14260291	2896204080	1	1.0	0.0
GCA_023764695.1	Pygathrix nigripes	Mammalia	RYR	found_no_annotation	found	1	ryr_sister	present in every vertebrate	0			Contig	N	GenBank	14260291	14260291	2896204080	1	1.0	0.0
GCA_023974075.1	Chaenocephalus aceratus	Actinopteri	ITPR1	found_annotated	found	1	itpr_present	S15a present_single_locus (R1)	0	present_single_locus	R1	Chromosome	Y	GenBank	1500626	33456537	1065596499	1	1.0	0.0
GCA_023974075.1	Chaenocephalus aceratus	Actinopteri	ITPR2	found_annotated	found	1	itpr_present	S15a present_single_locus (R1)	0	present_single_locus	R1	Chromosome	Y	GenBank	1500626	33456537	1065596499	1	1.0	0.0
GCA_023974075.1	Chaenocephalus aceratus	Actinopteri	ITPR3	fragment	fragment	0	itpr_present	S15a present_partial (R3)	1	present_partial	R3	Chromosome	Y	GenBank	1500626	33456537	1065596499	1	0.6933	0.0
GCA_023974075.1	Chaenocephalus aceratus	Actinopteri	RYR	found_unannotated	found	1	ryr_sister	present in every vertebrate	0			Chromosome	Y	GenBank	1500626	33456537	1065596499	1	1.0	0.0
GCA_027704905.1	Muraenolepis orangiensis	Actinopteri	ITPR1	found_annotated	found	1	itpr_present	S15a present_single_locus (R1)	0	present_single_locus	R1	Chromosome	Y	GenBank	636888	30072179	893743365	1	1.0	0.0
GCA_027704905.1	Muraenolepis orangiensis	Actinopteri	ITPR2	found_annotated	found	1	itpr_present	S15a present_single_locus (R1)	0	present_single_locus	R1	Chromosome	Y	GenBank	636888	30072179	893743365	1	1.0	0.0
GCA_027704905.1	Muraenolepis orangiensis	Actinopteri	ITPR3	found_annotated	found	1	itpr_present	S15a present_single_locus (R1)	0	present_single_locus	R1	Chromosome	Y	GenBank	636888	30072179	893743365	1	1.0	0.0
GCA_027704905.1	Muraenolepis orangiensis	Actinopteri	RYR	found_annotated	found	1	ryr_sister	present in every vertebrate	0			Chromosome	Y	GenBank	636888	30072179	893743365	1	1.0	0.0
GCA_028571685.1	Heterohyrax brucei	Mammalia	ITPR1	found_annotated	found	1	itpr_present	S15a present_single_locus (R1)	0	present_single_locus	R1	Chromosome	Y	GenBank	78495281	139648372	3488059404	1	1.0	0.0
GCA_028571685.1	Heterohyrax brucei	Mammalia	ITPR2	found_annotated	found	1	itpr_present	S15a present_single_locus (R1)	0	present_single_locus	R1	Chromosome	Y	GenBank	78495281	139648372	3488059404	1	1.0	0.0
GCA_028571685.1	Heterohyrax brucei	Mammalia	ITPR3	found_annotated	found	1	itpr_present	S15a present_single_locus (R1)	0	present_single_locus	R1	Chromosome	Y	GenBank	78495281	139648372	3488059404	1	1.0	0.0
GCA_028571685.1	Heterohyrax brucei	Mammalia	RYR	found_annotated	found	1	ryr_sister	present in every vertebrate	0			Chromosome	Y	GenBank	78495281	139648372	3488059404	1	1.0	0.0
GCA_029706075.1	Aldrovandia affinis	Actinopteri	ITPR1	found_annotated	found	1	itpr_present	S15a present_single_locus (R1)	0	present_single_locus	R1	Scaffold	Y	GenBank	2000165	3835462	1228814362	1	1.0	0.0
GCA_029706075.1	Aldrovandia affinis	Actinopteri	ITPR2	found_annotated	found	1	itpr_present	S15a present_single_locus (R1)	0	present_single_locus	R1	Scaffold	Y	GenBank	2000165	3835462	1228814362	1	1.0	0.0
GCA_029706075.1	Aldrovandia affinis	Actinopteri	ITPR3	found_annotated	found	1	itpr_present	S15a present_single_locus (R1)	0	present_single_locus	R1	Scaffold	Y	GenBank	2000165	3835462	1228814362	1	1.0	0.0
GCA_029706075.1	Aldrovandia affinis	Actinopteri	RYR	found_unannotated	found	1	ryr_sister	present in every vertebrate	0			Scaffold	Y	GenBank	2000165	3835462	1228814362	1	1.0	0.0
GCA_031216635.1	Dissostichus eleginoides	Actinopteri	ITPR1	found_unannotated	found	1	itpr_present	S15a present_single_locus (R1)	0	present_single_locus	R1	Chromosome	Y	GenBank	4228958	36024567	844744120	1	1.0	0.0
GCA_031216635.1	Dissostichus eleginoides	Actinopteri	ITPR2	found_unannotated	found	1	itpr_present	S15a present_single_locus (R1)	0	present_single_locus	R1	Chromosome	Y	GenBank	4228958	36024567	844744120	1	1.0	0.0
GCA_031216635.1	Dissostichus eleginoides	Actinopteri	ITPR3	found_unannotated	found	1	itpr_present	S15a present_single_locus (R1)	0	present_single_locus	R1	Chromosome	Y	GenBank	4228958	36024567	844744120	1	1.0	0.0
GCA_031216635.1	Dissostichus eleginoides	Actinopteri	RYR	found_annotated	found	1	ryr_sister	present in every vertebrate	0			Chromosome	Y	GenBank	4228958	36024567	844744120	1	1.0	0.0
GCA_031835075.1	Saguinus oedipus	Mammalia	ITPR1	found_unannotated	found	1	itpr_present	S15a present_single_locus (R1)	0	present_single_locus	R1	Chromosome	Y	GenBank	91852676	148490209	3240181431	1	1.0	0.0
GCA_031835075.1	Saguinus oedipus	Mammalia	ITPR2	found_unannotated	found	1	itpr_present	S15a present_single_locus (R1)	0	present_single_locus	R1	Chromosome	Y	GenBank	91852676	148490209	3240181431	1	1.0	0.0
GCA_031835075.1	Saguinus oedipus	Mammalia	ITPR3	found_unannotated	found	1	itpr_present	S15a present_single_locus (R1)	0	present_single_locus	R1	Chromosome	Y	GenBank	91852676	148490209	3240181431	1	1.0	0.0
GCA_031835075.1	Saguinus oedipus	Mammalia	RYR	found_unannotated	found	1	ryr_sister	present in every vertebrate	0			Chromosome	Y	GenBank	91852676	148490209	3240181431	1	1.0	0.0
GCA_032275445.1	Crypturellus soui	Aves	ITPR1	found_no_annotation	found	1	itpr_present	S15a present_single_locus (R1)	0	present_single_locus	R1	Scaffold	N	GenBank	10551	2922566	1038921062	0	1.0	0.0
GCA_032275445.1	Crypturellus soui	Aves	ITPR2	found_no_annotation	found	1	itpr_present	S15a present_single_locus (R1)	0	present_single_locus	R1	Scaffold	N	GenBank	10551	2922566	1038921062	0	1.0	0.0
GCA_032275445.1	Crypturellus soui	Aves	ITPR3	found_no_annotation	found	1	itpr_present	S15a present_single_locus (R1)	0	present_single_locus	R1	Scaffold	N	GenBank	10551	2922566	1038921062	0	1.0	0.0
GCA_032275445.1	Crypturellus soui	Aves	RYR	found_no_annotation	found	1	ryr_sister	present in every vertebrate	0			Scaffold	N	GenBank	10551	2922566	1038921062	0	0.9974	0.0
GCA_033238685.1	Lates japonicus	Actinopteri	ITPR1	found_annotated	found	1	itpr_present	S15a present_single_locus (R1)	0	present_single_locus	R1	Scaffold	Y	GenBank	285591	3710658	837949969	1	1.0	0.0
GCA_033238685.1	Lates japonicus	Actinopteri	ITPR2	found_annotated	found	1	itpr_present	S15a present_single_locus (R1)	0	present_single_locus	R1	Scaffold	Y	GenBank	285591	3710658	837949969	1	1.0	0.0
GCA_033238685.1	Lates japonicus	Actinopteri	ITPR3	found_unannotated	found	1	itpr_present	S15a present_single_locus (R1)	0	present_single_locus	R1	Scaffold	Y	GenBank	285591	3710658	837949969	1	1.0	0.0
GCA_033238685.1	Lates japonicus	Actinopteri	RYR	found_unannotated	found	1	ryr_sister	present in every vertebrate	0			Scaffold	Y	GenBank	285591	3710658	837949969	1	1.0	0.0
GCA_035590135.1	Circaetus pectoralis	Aves	ITPR1	found_no_annotation	found	1	itpr_present	S15a present_single_locus (R1)	0	present_single_locus	R1	Scaffold	N	GenBank	43929	36419590	1196886597	0	1.0	0.0
GCA_035590135.1	Circaetus pectoralis	Aves	ITPR2	found_no_annotation	found	1	itpr_present	S15a present_single_locus (R1)	0	present_single_locus	R1	Scaffold	N	GenBank	43929	36419590	1196886597	0	0.9885	0.0
GCA_035590135.1	Circaetus pectoralis	Aves	ITPR3	found_no_annotation	found	1	itpr_present	S15a present_single_locus (R1)	0	present_single_locus	R1	Scaffold	N	GenBank	43929	36419590	1196886597	0	1.0	0.0
GCA_035590135.1	Circaetus pectoralis	Aves	RYR	found_no_annotation	found	1	ryr_sister	present in every vertebrate	0			Scaffold	N	GenBank	43929	36419590	1196886597	0	1.0	0.0
GCA_036247105.2	Cirrhinus mrigala	Actinopteri	ITPR1	found_unannotated	found	1	itpr_present	S15a present_single_locus (R1)	0	present_single_locus	R1	Chromosome	Y	GenBank	3631979	37322513	1057024841	1	1.0	0.0
GCA_036247105.2	Cirrhinus mrigala	Actinopteri	ITPR2	found_unannotated	found	1	itpr_present	S15a present_single_locus (R1)	0	present_single_locus	R1	Chromosome	Y	GenBank	3631979	37322513	1057024841	1	1.0	0.0
GCA_036247105.2	Cirrhinus mrigala	Actinopteri	ITPR3	found_unannotated	found	1	itpr_present	S15a present_single_locus (R1)	0	present_single_locus	R1	Chromosome	Y	GenBank	3631979	37322513	1057024841	1	1.0	0.0
GCA_036247105.2	Cirrhinus mrigala	Actinopteri	RYR	found_unannotated	found	1	ryr_sister	present in every vertebrate	0			Chromosome	Y	GenBank	3631979	37322513	1057024841	1	1.0	0.0
GCA_036250305.1	Ataeniobius toweri	Actinopteri	ITPR1	assembly_gap	assembly_gap	0	itpr_present	S15a present_truncated (R2)	1	present_truncated	R2	Scaffold	Y	GenBank	16136	16360	929852946	0	0.4967	0.0
GCA_036250305.1	Ataeniobius toweri	Actinopteri	ITPR2	assembly_gap	assembly_gap	0	itpr_present	S15a present_truncated (R2)	1	present_truncated	R2	Scaffold	Y	GenBank	16136	16360	929852946	0	0.3688	0.0
GCA_036250305.1	Ataeniobius toweri	Actinopteri	ITPR3	assembly_gap	assembly_gap	0	itpr_present	S15a present_truncated (R2)	1	present_truncated	R2	Scaffold	Y	GenBank	16136	16360	929852946	0	0.5712	0.0
GCA_036250305.1	Ataeniobius toweri	Actinopteri	RYR	found_annotated	found	1	ryr_sister	present in every vertebrate	0			Scaffold	Y	GenBank	16136	16360	929852946	0	0.7074	0.0
GCA_036250325.1	Characodon lateralis	Actinopteri	ITPR1	assembly_gap	assembly_gap	0	itpr_present	S15a present_truncated (R2)	1	present_truncated	R2	Scaffold	Y	GenBank	18129	19409	925961068	0	0.4949	0.0
GCA_036250325.1	Characodon lateralis	Actinopteri	ITPR2	assembly_gap	assembly_gap	0	itpr_present	S15a present_truncated (R2)	1	present_truncated	R2	Scaffold	Y	GenBank	18129	19409	925961068	0	0.6312	0.0
GCA_036250325.1	Characodon lateralis	Actinopteri	ITPR3	assembly_gap	assembly_gap	0	itpr_present	S15a present_truncated (R2)	1	present_truncated	R2	Scaffold	Y	GenBank	18129	19409	925961068	0	0.3618	0.0
GCA_036250325.1	Characodon lateralis	Actinopteri	RYR	assembly_gap	assembly_gap	0	ryr_sister	present in every vertebrate	1			Scaffold	Y	GenBank	18129	19409	925961068	0	0.4633	0.0
GCA_040091285.1	Ameca splendens	Actinopteri	ITPR1	assembly_gap	assembly_gap	0	itpr_present	S15a present_truncated (R2)	1	present_truncated	R2	Scaffold	Y	GenBank	16857	17147	935215237	0	0.4967	0.0
GCA_040091285.1	Ameca splendens	Actinopteri	ITPR2	assembly_gap	assembly_gap	0	itpr_present	S15a present_truncated (R2)	1	present_truncated	R2	Scaffold	Y	GenBank	16857	17147	935215237	0	0.3688	0.0
GCA_040091285.1	Ameca splendens	Actinopteri	ITPR3	assembly_gap	assembly_gap	0	itpr_present	S15a present_truncated (R2)	1	present_truncated	R2	Scaffold	Y	GenBank	16857	17147	935215237	0	0.4869	0.0
GCA_040091285.1	Ameca splendens	Actinopteri	RYR	assembly_gap	assembly_gap	0	ryr_sister	present in every vertebrate	1			Scaffold	Y	GenBank	16857	17147	935215237	0	0.5952	0.0
GCA_040091305.1	Ilyodon furcidens	Actinopteri	ITPR1	assembly_gap	assembly_gap	0	itpr_present	S15a present_truncated (R2)	1	present_truncated	R2	Scaffold	Y	GenBank	11867	13511	927507663	0	0.4967	0.0
GCA_040091305.1	Ilyodon furcidens	Actinopteri	ITPR2	assembly_gap	assembly_gap	0	itpr_present	S15a present_truncated (R2)	1	present_truncated	R2	Scaffold	Y	GenBank	11867	13511	927507663	0	0.3595	0.0
GCA_040091305.1	Ilyodon furcidens	Actinopteri	ITPR3	assembly_gap	assembly_gap	0	itpr_present	S15a present_truncated (R2)	1	present_truncated	R2	Scaffold	Y	GenBank	11867	13511	927507663	0	0.306	0.0
GCA_040091305.1	Ilyodon furcidens	Actinopteri	RYR	assembly_gap	assembly_gap	0	ryr_sister	present in every vertebrate	1			Scaffold	Y	GenBank	11867	13511	927507663	0	0.3188	0.0
GCA_040091325.1	Goodea atripinnis	Actinopteri	ITPR1	assembly_gap	assembly_gap	0	itpr_present	S15a present_truncated (R2)	1	present_truncated	R2	Scaffold	Y	GenBank	16062	17645	979082110	0	0.4967	0.0
GCA_040091325.1	Goodea atripinnis	Actinopteri	ITPR2	assembly_gap	assembly_gap	0	itpr_present	S15a present_truncated (R2)	1	present_truncated	R2	Scaffold	Y	GenBank	16062	17645	979082110	0	0.3688	0.0
GCA_040091325.1	Goodea atripinnis	Actinopteri	ITPR3	assembly_gap	assembly_gap	0	itpr_present	S15a present_truncated (R2)	1	present_truncated	R2	Scaffold	Y	GenBank	16062	17645	979082110	0	0.306	0.0
GCA_040091325.1	Goodea atripinnis	Actinopteri	RYR	assembly_gap	assembly_gap	0	ryr_sister	present in every vertebrate	1			Scaffold	Y	GenBank	16062	17645	979082110	0	0.5952	0.0
GCA_040091335.1	Xenoophorus captivus	Actinopteri	ITPR1	assembly_gap	assembly_gap	0	itpr_present	S15a present_truncated (R2)	1	present_truncated	R2	Scaffold	Y	GenBank	19941	20238	970757911	0	0.3402	0.0
GCA_040091335.1	Xenoophorus captivus	Actinopteri	ITPR2	assembly_gap	assembly_gap	0	itpr_present	S15a present_truncated (R2)	1	present_truncated	R2	Scaffold	Y	GenBank	19941	20238	970757911	0	0.5065	0.0
GCA_040091335.1	Xenoophorus captivus	Actinopteri	ITPR3	assembly_gap	assembly_gap	0	itpr_present	S15a present_truncated (R2)	1	present_truncated	R2	Scaffold	Y	GenBank	19941	20238	970757911	0	0.306	0.0
GCA_040091335.1	Xenoophorus captivus	Actinopteri	RYR	found_unannotated	found	1	ryr_sister	present in every vertebrate	0			Scaffold	Y	GenBank	19941	20238	970757911	0	0.7449	0.0
GCA_040091345.1	Xenotaenia resolanae	Actinopteri	ITPR1	assembly_gap	assembly_gap	0	itpr_present	S15a present_truncated (R2)	1	present_truncated	R2	Scaffold	Y	GenBank	15690	16140	958301961	0	0.4967	0.0
GCA_040091345.1	Xenotaenia resolanae	Actinopteri	ITPR2	assembly_gap	assembly_gap	0	itpr_present	S15a present_truncated (R2)	1	present_truncated	R2	Scaffold	Y	GenBank	15690	16140	958301961	0	0.3688	0.0
GCA_040091345.1	Xenotaenia resolanae	Actinopteri	ITPR3	assembly_gap	assembly_gap	0	itpr_present	S15a present_truncated (R2)	1	present_truncated	R2	Scaffold	Y	GenBank	15690	16140	958301961	0	0.5622	0.0
GCA_040091345.1	Xenotaenia resolanae	Actinopteri	RYR	assembly_gap	assembly_gap	0	ryr_sister	present in every vertebrate	1			Scaffold	Y	GenBank	15690	16140	958301961	0	0.5078	0.0
GCA_043380575.1	Atractosteus spatula	Actinopteri	ITPR1	found_no_annotation	found	1	itpr_present	S15a present_single_locus (R1)	0	present_single_locus	R1	Chromosome	N	GenBank	15716625	56827445	1045212796	1	1.0	0.0
GCA_043380575.1	Atractosteus spatula	Actinopteri	ITPR2	found_no_annotation	found	1	itpr_present	S15a present_single_locus (R1)	0	present_single_locus	R1	Chromosome	N	GenBank	15716625	56827445	1045212796	1	1.0	0.0
GCA_043380575.1	Atractosteus spatula	Actinopteri	ITPR3	found_no_annotation	found	1	itpr_present	S15a present_single_locus (R1)	0	present_single_locus	R1	Chromosome	N	GenBank	15716625	56827445	1045212796	1	1.0	0.0
GCA_043380575.1	Atractosteus spatula	Actinopteri	RYR	found_no_annotation	found	1	ryr_sister	present in every vertebrate	0			Chromosome	N	GenBank	15716625	56827445	1045212796	1	1.0	0.0
GCA_046255725.1	Amblyopsis spelaea	Actinopteri	ITPR1	found_no_annotation	found	1	itpr_present	S15a present_single_locus (R1)	0	present_single_locus	R1	Chromosome	N	GenBank	3811240	32392405	865090090	1	1.0	0.0
GCA_046255725.1	Amblyopsis spelaea	Actinopteri	ITPR2	found_no_annotation	found	1	itpr_present	S15a present_single_locus (R1)	0	present_single_locus	R1	Chromosome	N	GenBank	3811240	32392405	865090090	1	1.0	0.0
GCA_046255725.1	Amblyopsis spelaea	Actinopteri	ITPR3	found_no_annotation	found	1	itpr_present	S15a present_single_locus (R1)	0	present_single_locus	R1	Chromosome	N	GenBank	3811240	32392405	865090090	1	1.0	0.0
GCA_046255725.1	Amblyopsis spelaea	Actinopteri	RYR	found_no_annotation	found	1	ryr_sister	present in every vertebrate	0			Chromosome	N	GenBank	3811240	32392405	865090090	1	1.0	0.0
GCA_047511595.1	Polymixia lowei	Actinopteri	ITPR1	found_no_annotation	found	1	itpr_present	S15a present_single_locus (R1)	0	present_single_locus	R1	Chromosome	N	GenBank	1880763	28700045	671709512	1	1.0	0.0
GCA_047511595.1	Polymixia lowei	Actinopteri	ITPR2	found_no_annotation	found	1	itpr_present	S15a present_single_locus (R1)	0	present_single_locus	R1	Chromosome	N	GenBank	1880763	28700045	671709512	1	0.9956	0.0
GCA_047511595.1	Polymixia lowei	Actinopteri	ITPR3	found_no_annotation	found	1	itpr_present	S15a present_single_locus (R1)	0	present_single_locus	R1	Chromosome	N	GenBank	1880763	28700045	671709512	1	1.0	0.0
GCA_047511595.1	Polymixia lowei	Actinopteri	RYR	found_no_annotation	found	1	ryr_sister	present in every vertebrate	0			Chromosome	N	GenBank	1880763	28700045	671709512	1	1.0	0.0
GCA_048126345.2	Notoryctes typhlops	Mammalia	ITPR1	found_no_annotation	found	1	itpr_present	S15a present_single_locus (R1)	0	present_single_locus	R1	Chromosome	N	GenBank	84282059	357300764	3845125805	1	1.0	0.0
GCA_048126345.2	Notoryctes typhlops	Mammalia	ITPR2	found_no_annotation	found	1	itpr_present	S15a present_single_locus (R1)	0	present_single_locus	R1	Chromosome	N	GenBank	84282059	357300764	3845125805	1	1.0	0.0
GCA_048126345.2	Notoryctes typhlops	Mammalia	ITPR3	found_no_annotation	found	1	itpr_present	S15a present_single_locus (R1)	0	present_single_locus	R1	Chromosome	N	GenBank	84282059	357300764	3845125805	1	1.0	0.0
GCA_048126345.2	Notoryctes typhlops	Mammalia	RYR	found_no_annotation	found	1	ryr_sister	present in every vertebrate	0			Chromosome	N	GenBank	84282059	357300764	3845125805	1	1.0	0.0
GCA_048569125.1	Diretmus argenteus	Actinopteri	ITPR1	found_annotated	found	1	itpr_present	S15a present_single_locus (R1)	0	present_single_locus	R1	Chromosome	Y	GenBank	542425	41803795	1517026147	1	1.0	0.0
GCA_048569125.1	Diretmus argenteus	Actinopteri	ITPR2	found_annotated	found	1	itpr_present	S15a present_single_locus (R1)	0	present_single_locus	R1	Chromosome	Y	GenBank	542425	41803795	1517026147	1	1.0	0.0
GCA_048569125.1	Diretmus argenteus	Actinopteri	ITPR3	found_annotated	found	1	itpr_present	S15a present_single_locus (R1)	0	present_single_locus	R1	Chromosome	Y	GenBank	542425	41803795	1517026147	1	1.0	0.0
GCA_048569125.1	Diretmus argenteus	Actinopteri	RYR	found_annotated	found	1	ryr_sister	present in every vertebrate	0			Chromosome	Y	GenBank	542425	41803795	1517026147	1	1.0	0.0
GCA_050084785.1	Liparis tanakae	Actinopteri	ITPR1	found_no_annotation	found	1	itpr_present	S15a present_single_locus (R1)	0	present_single_locus	R1	Chromosome	N	GenBank	1346787	24637528	574413635	1	1.0	0.0
GCA_050084785.1	Liparis tanakae	Actinopteri	ITPR2	found_no_annotation	found	1	itpr_present	S15a present_single_locus (R1)	0	present_single_locus	R1	Chromosome	N	GenBank	1346787	24637528	574413635	1	0.9981	0.0
GCA_050084785.1	Liparis tanakae	Actinopteri	ITPR3	found_no_annotation	found	1	itpr_present	S15a present_single_locus (R1)	0	present_single_locus	R1	Chromosome	N	GenBank	1346787	24637528	574413635	1	1.0	0.0
GCA_050084785.1	Liparis tanakae	Actinopteri	RYR	found_no_annotation	found	1	ryr_sister	present in every vertebrate	0			Chromosome	N	GenBank	1346787	24637528	574413635	1	1.0	0.0
GCA_051992705.1	Lepidogalaxias salamandroides	Actinopteri	ITPR1	assembly_gap	assembly_gap	0	itpr_present	S15a present_truncated (R2)	1	present_truncated	R2	Scaffold	N	GenBank	1446	5066	490871167	0	0.4312	0.0
GCA_051992705.1	Lepidogalaxias salamandroides	Actinopteri	ITPR2	assembly_gap	assembly_gap	0	itpr_present	S15a present_truncated (R2)	1	present_truncated	R2	Scaffold	N	GenBank	1446	5066	490871167	0	0.1126	0.0
GCA_051992705.1	Lepidogalaxias salamandroides	Actinopteri	ITPR3	assembly_gap	assembly_gap	0	itpr_present	S15a present_truncated (R2)	1	present_truncated	R2	Scaffold	N	GenBank	1446	5066	490871167	0	0.1468	0.0
GCA_051992705.1	Lepidogalaxias salamandroides	Actinopteri	RYR	assembly_gap	assembly_gap	0	ryr_sister	present in every vertebrate	1			Scaffold	N	GenBank	1446	5066	490871167	0	0.4971	0.0
GCA_054084135.1	Copsychus sechellarum	Aves	ITPR1	found_no_annotation	found	1	itpr_present	S15a present_single_locus (R1)	0	present_single_locus	R1	Chromosome	N	GenBank	12529446	71944673	1040605357	1	1.0	0.0
GCA_054084135.1	Copsychus sechellarum	Aves	ITPR2	found_no_annotation	found	1	itpr_present	S15a present_single_locus (R1)	0	present_single_locus	R1	Chromosome	N	GenBank	12529446	71944673	1040605357	1	1.0	0.0
GCA_054084135.1	Copsychus sechellarum	Aves	ITPR3	found_no_annotation	found	1	itpr_present	S15a present_single_locus (R1)	0	present_single_locus	R1	Chromosome	N	GenBank	12529446	71944673	1040605357	1	1.0	0.0
GCA_054084135.1	Copsychus sechellarum	Aves	RYR	found_no_annotation	found	1	ryr_sister	present in every vertebrate	0			Chromosome	N	GenBank	12529446	71944673	1040605357	1	1.0	0.0
GCA_054099775.1	Steatornis caripensis	Aves	ITPR1	found_annotated	found	1	itpr_present	S15a present_single_locus (R1)	0	present_single_locus	R1	Chromosome	Y	GenBank	44324291	84204331	1367945121	1	1.0	0.0
GCA_054099775.1	Steatornis caripensis	Aves	ITPR2	found_annotated	found	1	itpr_present	S15a present_single_locus (R1)	0	present_single_locus	R1	Chromosome	Y	GenBank	44324291	84204331	1367945121	1	1.0	0.0
GCA_054099775.1	Steatornis caripensis	Aves	ITPR3	found_annotated	found	1	itpr_present	S15a present_single_locus (R1)	0	present_single_locus	R1	Chromosome	Y	GenBank	44324291	84204331	1367945121	1	1.0	0.0
GCA_054099775.1	Steatornis caripensis	Aves	RYR	found_annotated	found	1	ryr_sister	present in every vertebrate	0			Chromosome	Y	GenBank	44324291	84204331	1367945121	1	0.9974	0.0
GCA_054644205.1	Lestoros inca	Mammalia	ITPR1	found_no_annotation	found	1	itpr_present	S15a present_single_locus (R1)	0	present_single_locus	R1	Chromosome	N	GenBank	11940304	853182845	4258788792	1	1.0	0.0
GCA_054644205.1	Lestoros inca	Mammalia	ITPR2	found_no_annotation	found	1	itpr_present	S15a present_single_locus (R1)	0	present_single_locus	R1	Chromosome	N	GenBank	11940304	853182845	4258788792	1	1.0	0.0
GCA_054644205.1	Lestoros inca	Mammalia	ITPR3	found_no_annotation	found	1	itpr_present	S15a present_single_locus (R1)	0	present_single_locus	R1	Chromosome	N	GenBank	11940304	853182845	4258788792	1	1.0	0.0
GCA_054644205.1	Lestoros inca	Mammalia	RYR	found_no_annotation	found	1	ryr_sister	present in every vertebrate	0			Chromosome	N	GenBank	11940304	853182845	4258788792	1	1.0	0.0
GCA_054883175.1	Datnioides polota	Actinopteri	ITPR1	found_no_annotation	found	1	itpr_present	S15a present_single_locus (R1)	0	present_single_locus	R1	Chromosome	N	GenBank	16887846	25727267	577847626	1	1.0	0.0
GCA_054883175.1	Datnioides polota	Actinopteri	ITPR2	found_no_annotation	found	1	itpr_present	S15a present_single_locus (R1)	0	present_single_locus	R1	Chromosome	N	GenBank	16887846	25727267	577847626	1	1.0	0.0
GCA_054883175.1	Datnioides polota	Actinopteri	ITPR3	found_no_annotation	found	1	itpr_present	S15a present_single_locus (R1)	0	present_single_locus	R1	Chromosome	N	GenBank	16887846	25727267	577847626	1	1.0	0.0
GCA_054883175.1	Datnioides polota	Actinopteri	RYR	found_no_annotation	found	1	ryr_sister	present in every vertebrate	0			Chromosome	N	GenBank	16887846	25727267	577847626	1	1.0	0.0
GCA_054883375.1	Arapaima gigas	Actinopteri	ITPR1	found_no_annotation	found	1	itpr_present	S15a present_single_locus (R1)	0	present_single_locus	R1	Complete Genome	N	GenBank	27159801	27159801	667947082	1	1.0	0.0
GCA_054883375.1	Arapaima gigas	Actinopteri	ITPR2	found_no_annotation	found	1	itpr_present	S15a present_single_locus (R1)	0	present_single_locus	R1	Complete Genome	N	GenBank	27159801	27159801	667947082	1	1.0	0.0
GCA_054883375.1	Arapaima gigas	Actinopteri	ITPR3	found_no_annotation	found	1	itpr_present	S15a present_single_locus (R1)	0	present_single_locus	R1	Complete Genome	N	GenBank	27159801	27159801	667947082	1	1.0	0.0
GCA_054883375.1	Arapaima gigas	Actinopteri	RYR	found_no_annotation	found	1	ryr_sister	present in every vertebrate	0			Complete Genome	N	GenBank	27159801	27159801	667947082	1	1.0	0.0
GCA_056506795.1	Pristigenys meyeri	Actinopteri	ITPR1	found_no_annotation	found	1	itpr_present	S15a present_single_locus (R1)	0	present_single_locus	R1	Chromosome	N	GenBank	32736534	36857215	839101591	1	1.0	0.0
GCA_056506795.1	Pristigenys meyeri	Actinopteri	ITPR2	found_no_annotation	found	1	itpr_present	S15a present_single_locus (R1)	0	present_single_locus	R1	Chromosome	N	GenBank	32736534	36857215	839101591	1	1.0	0.0
GCA_056506795.1	Pristigenys meyeri	Actinopteri	ITPR3	found_no_annotation	found	1	itpr_present	S15a present_single_locus (R1)	0	present_single_locus	R1	Chromosome	N	GenBank	32736534	36857215	839101591	1	1.0	0.0
GCA_056506795.1	Pristigenys meyeri	Actinopteri	RYR	found_no_annotation	found	1	ryr_sister	present in every vertebrate	0			Chromosome	N	GenBank	32736534	36857215	839101591	1	1.0	0.0
GCA_056776345.1	Spizella passerina	Aves	ITPR1	found_no_annotation	found	1	itpr_present	S15a present_single_locus (R1)	0	present_single_locus	R1	Chromosome	N	GenBank	5055426	60885017	1191310482	1	1.0	0.0
GCA_056776345.1	Spizella passerina	Aves	ITPR2	found_no_annotation	found	1	itpr_present	S15a present_single_locus (R1)	0	present_single_locus	R1	Chromosome	N	GenBank	5055426	60885017	1191310482	1	1.0	0.0
GCA_056776345.1	Spizella passerina	Aves	ITPR3	found_no_annotation	found	1	itpr_present	S15a present_single_locus (R1)	0	present_single_locus	R1	Chromosome	N	GenBank	5055426	60885017	1191310482	1	1.0	0.0
GCA_056776345.1	Spizella passerina	Aves	RYR	found_no_annotation	found	1	ryr_sister	present in every vertebrate	0			Chromosome	N	GenBank	5055426	60885017	1191310482	1	1.0	0.0
GCA_056783565.1	Hiodon alosoides	Actinopteri	ITPR1	found_annotated	found	1	itpr_present	S15a present_single_locus (R1)	0	present_single_locus	R1	Chromosome	Y	GenBank	15034530	31452048	850967845	1	1.0	0.0
GCA_056783565.1	Hiodon alosoides	Actinopteri	ITPR2	found_annotated	found	1	itpr_present	S15a present_single_locus (R1)	0	present_single_locus	R1	Chromosome	Y	GenBank	15034530	31452048	850967845	1	1.0	0.0
GCA_056783565.1	Hiodon alosoides	Actinopteri	ITPR3	found_annotated	found	1	itpr_present	S15a present_single_locus (R1)	0	present_single_locus	R1	Chromosome	Y	GenBank	15034530	31452048	850967845	1	1.0	0.0
GCA_056783565.1	Hiodon alosoides	Actinopteri	RYR	found_annotated	found	1	ryr_sister	present in every vertebrate	0			Chromosome	Y	GenBank	15034530	31452048	850967845	1	1.0	0.0
GCA_056783665.1	Albula glossodonta	Actinopteri	ITPR1	found_no_annotation	found	1	itpr_present	S15a present_single_locus (R1)	0	present_single_locus	R1	Chromosome	N	GenBank	36502201	41800014	985760009	1	1.0	0.0
GCA_056783665.1	Albula glossodonta	Actinopteri	ITPR2	found_no_annotation	found	1	itpr_present	S15a present_single_locus (R1)	0	present_single_locus	R1	Chromosome	N	GenBank	36502201	41800014	985760009	1	1.0	0.0
GCA_056783665.1	Albula glossodonta	Actinopteri	ITPR3	found_no_annotation	found	1	itpr_present	S15a present_single_locus (R1)	0	present_single_locus	R1	Chromosome	N	GenBank	36502201	41800014	985760009	1	1.0	0.0
GCA_056783665.1	Albula glossodonta	Actinopteri	RYR	found_no_annotation	found	1	ryr_sister	present in every vertebrate	0			Chromosome	N	GenBank	36502201	41800014	985760009	1	1.0	0.0
GCA_056824565.1	Stylephorus chordatus	Actinopteri	ITPR1	found_no_annotation	found	1	itpr_present	S15a present_single_locus (R1)	0	present_single_locus	R1	Chromosome	N	GenBank	850304	79700676	1138063058	1	1.0	0.0
GCA_056824565.1	Stylephorus chordatus	Actinopteri	ITPR2	found_no_annotation	found	1	itpr_present	S15a present_single_locus (R1)	0	present_single_locus	R1	Chromosome	N	GenBank	850304	79700676	1138063058	1	1.0	0.0
GCA_056824565.1	Stylephorus chordatus	Actinopteri	ITPR3	found_no_annotation	found	1	itpr_present	S15a present_single_locus (R1)	0	present_single_locus	R1	Chromosome	N	GenBank	850304	79700676	1138063058	1	1.0	0.0
GCA_056824565.1	Stylephorus chordatus	Actinopteri	RYR	found_no_annotation	found	1	ryr_sister	present in every vertebrate	0			Chromosome	N	GenBank	850304	79700676	1138063058	1	1.0	0.0
GCA_056824585.1	Alepocephalus tenebrosus	Actinopteri	ITPR1	found_no_annotation	found	1	itpr_present	S15a present_single_locus (R1)	0	present_single_locus	R1	Chromosome	N	GenBank	731605	176684729	2099802557	1	1.0	0.0
GCA_056824585.1	Alepocephalus tenebrosus	Actinopteri	ITPR2	found_no_annotation	found	1	itpr_present	S15a present_single_locus (R1)	0	present_single_locus	R1	Chromosome	N	GenBank	731605	176684729	2099802557	1	1.0	0.0
GCA_056824585.1	Alepocephalus tenebrosus	Actinopteri	ITPR3	found_no_annotation	found	1	itpr_present	S15a present_single_locus (R1)	0	present_single_locus	R1	Chromosome	N	GenBank	731605	176684729	2099802557	1	1.0	0.0
GCA_056824585.1	Alepocephalus tenebrosus	Actinopteri	RYR	found_no_annotation	found	1	ryr_sister	present in every vertebrate	0			Chromosome	N	GenBank	731605	176684729	2099802557	1	0.9976	0.0
GCA_057876775.1	Echinorhinus cookei	Chondrichthyes	ITPR1	found_no_annotation	found	1	itpr_present	S15a present_single_locus (R1)	0	present_single_locus	R1	Chromosome	N	GenBank	2278199	133955147	6098479163	1	1.0	0.0
GCA_057876775.1	Echinorhinus cookei	Chondrichthyes	ITPR2	found_no_annotation	found	1	itpr_present	S15a present_single_locus (R1)	0	present_single_locus	R1	Chromosome	N	GenBank	2278199	133955147	6098479163	1	1.0	0.0
GCA_057876775.1	Echinorhinus cookei	Chondrichthyes	ITPR3	found_no_annotation	found	1	itpr_present	S15a present_single_locus (R1)	0	present_single_locus	R1	Chromosome	N	GenBank	2278199	133955147	6098479163	1	1.0	0.0
GCA_057876775.1	Echinorhinus cookei	Chondrichthyes	RYR	found_no_annotation	found	1	ryr_sister	present in every vertebrate	0			Chromosome	N	GenBank	2278199	133955147	6098479163	1	1.0	0.0
GCA_058224745.1	Acrocephalus arundinaceus	Aves	ITPR1	found_no_annotation	found	1	itpr_present	S15a present_single_locus (R1)	0	present_single_locus	R1	Scaffold	N	GenBank	14738253	16963899	1165107529	1	1.0	0.0
GCA_058224745.1	Acrocephalus arundinaceus	Aves	ITPR2	found_no_annotation	found	1	itpr_present	S15a present_single_locus (R1)	0	present_single_locus	R1	Scaffold	N	GenBank	14738253	16963899	1165107529	1	1.0	0.0
GCA_058224745.1	Acrocephalus arundinaceus	Aves	ITPR3	found_no_annotation	found	1	itpr_present	S15a present_single_locus (R1)	0	present_single_locus	R1	Scaffold	N	GenBank	14738253	16963899	1165107529	1	1.0	0.0
GCA_058224745.1	Acrocephalus arundinaceus	Aves	RYR	found_no_annotation	found	1	ryr_sister	present in every vertebrate	0			Scaffold	N	GenBank	14738253	16963899	1165107529	1	1.0	0.0
GCA_058707665.1	Platax teira	Actinopteri	ITPR1	found_no_annotation	found	1	itpr_present	S15a present_single_locus (R1)	0	present_single_locus	R1	Complete Genome	N	GenBank	30140486	30140486	693711880	1	1.0	0.0
GCA_058707665.1	Platax teira	Actinopteri	ITPR2	found_no_annotation	found	1	itpr_present	S15a present_single_locus (R1)	0	present_single_locus	R1	Complete Genome	N	GenBank	30140486	30140486	693711880	1	1.0	0.0
GCA_058707665.1	Platax teira	Actinopteri	ITPR3	found_no_annotation	found	1	itpr_present	S15a present_single_locus (R1)	0	present_single_locus	R1	Complete Genome	N	GenBank	30140486	30140486	693711880	1	1.0	0.0
GCA_058707665.1	Platax teira	Actinopteri	RYR	found_no_annotation	found	1	ryr_sister	present in every vertebrate	0			Complete Genome	N	GenBank	30140486	30140486	693711880	1	1.0	0.0
GCA_900312595.1	Guentherus altivela	Actinopteri	ITPR1	assembly_gap	assembly_gap	0	itpr_present	S15a present_truncated (R2)	1	present_truncated	R2	Scaffold	N	GenBank	2928	3201	539598795	0	0.1739	0.0
GCA_900312595.1	Guentherus altivela	Actinopteri	ITPR2	tblastn_trace	trace	0	itpr_present	S15a present_fragmented (R4)	1	present_fragmented	R4	Scaffold	N	GenBank	2928	3201	539598795	0	0.0	0.3502
GCA_900312595.1	Guentherus altivela	Actinopteri	ITPR3	assembly_gap	assembly_gap	0	itpr_present	S15a present_truncated (R2)	1	present_truncated	R2	Scaffold	N	GenBank	2928	3201	539598795	0	0.109	0.0
GCA_900312595.1	Guentherus altivela	Actinopteri	RYR	assembly_gap	assembly_gap	0	ryr_sister	present in every vertebrate	1			Scaffold	N	GenBank	2928	3201	539598795	0	0.1716	0.0
GCA_951230385.1	Staurois parvus	Amphibia	ITPR1	found_unannotated	found	1	itpr_present	S15a present_single_locus (R1)	0	present_single_locus	R1	Scaffold	Y	GenBank	611229	627725	3982222951	1	0.9606	0.0
GCA_951230385.1	Staurois parvus	Amphibia	ITPR2	assembly_gap	assembly_gap	0	itpr_present	S15a present_truncated (R2)	1	present_truncated	R2	Scaffold	Y	GenBank	611229	627725	3982222951	1	0.4935	0.0
GCA_951230385.1	Staurois parvus	Amphibia	ITPR3	assembly_gap	assembly_gap	0	itpr_present	S15a present_truncated (R2)	1	present_truncated	R2	Scaffold	Y	GenBank	611229	627725	3982222951	1	0.6955	0.0
GCA_951230385.1	Staurois parvus	Amphibia	RYR	found_unannotated	found	1	ryr_sister	present in every vertebrate	0			Scaffold	Y	GenBank	611229	627725	3982222951	1	1.0	0.0
GCA_965364685.1	Capros aper	Actinopteri	ITPR1	found_no_annotation	found	1	itpr_present	S15a present_single_locus (R1)	0	present_single_locus	R1	Chromosome	N	GenBank	12853060	32570917	649601108	1	1.0	0.0
GCA_965364685.1	Capros aper	Actinopteri	ITPR2	found_no_annotation	found	1	itpr_present	S15a present_single_locus (R1)	0	present_single_locus	R1	Chromosome	N	GenBank	12853060	32570917	649601108	1	1.0	0.0
GCA_965364685.1	Capros aper	Actinopteri	ITPR3	found_no_annotation	found	1	itpr_present	S15a present_single_locus (R1)	0	present_single_locus	R1	Chromosome	N	GenBank	12853060	32570917	649601108	1	0.9895	0.0
GCA_965364685.1	Capros aper	Actinopteri	RYR	found_no_annotation	found	1	ryr_sister	present in every vertebrate	0			Chromosome	N	GenBank	12853060	32570917	649601108	1	1.0	0.0
GCA_980438365.1	Acanthurus tractus	Actinopteri	ITPR1	found_no_annotation	found	1	itpr_present	S15a present_single_locus (R1)	0	present_single_locus	R1	Chromosome	N	GenBank	31041855	48961085	650160964	1	1.0	0.0
GCA_980438365.1	Acanthurus tractus	Actinopteri	ITPR2	found_no_annotation	found	1	itpr_present	S15a present_single_locus (R1)	0	present_single_locus	R1	Chromosome	N	GenBank	31041855	48961085	650160964	1	1.0	0.0
GCA_980438365.1	Acanthurus tractus	Actinopteri	ITPR3	found_no_annotation	found	1	itpr_present	S15a present_single_locus (R1)	0	present_single_locus	R1	Chromosome	N	GenBank	31041855	48961085	650160964	1	1.0	0.0
GCA_980438365.1	Acanthurus tractus	Actinopteri	RYR	found_no_annotation	found	1	ryr_sister	present in every vertebrate	0			Chromosome	N	GenBank	31041855	48961085	650160964	1	1.0	0.0
GCA_984656905.1	Parequula melbournensis	Actinopteri	ITPR1	found_no_annotation	found	1	itpr_present	S15a present_single_locus (R1)	0	present_single_locus	R1	Chromosome	N	GenBank	5643520	25456707	602936613	1	1.0	0.0
GCA_984656905.1	Parequula melbournensis	Actinopteri	ITPR2	found_no_annotation	found	1	itpr_present	S15a present_single_locus (R1)	0	present_single_locus	R1	Chromosome	N	GenBank	5643520	25456707	602936613	1	1.0	0.0
GCA_984656905.1	Parequula melbournensis	Actinopteri	ITPR3	found_no_annotation	found	1	itpr_present	S15a present_single_locus (R1)	0	present_single_locus	R1	Chromosome	N	GenBank	5643520	25456707	602936613	1	1.0	0.0
GCA_984656905.1	Parequula melbournensis	Actinopteri	RYR	found_no_annotation	found	1	ryr_sister	present in every vertebrate	0			Chromosome	N	GenBank	5643520	25456707	602936613	1	1.0	0.0
GCA_987193245.1	Pontoporia blainvillei	Mammalia	ITPR1	found_no_annotation	found	1	itpr_present	S15a present_single_locus (R1)	0	present_single_locus	R1	Chromosome	N	GenBank	20985247	116384365	2690089892	1	1.0	0.0
GCA_987193245.1	Pontoporia blainvillei	Mammalia	ITPR2	found_no_annotation	found	1	itpr_present	S15a present_single_locus (R1)	0	present_single_locus	R1	Chromosome	N	GenBank	20985247	116384365	2690089892	1	1.0	0.0
GCA_987193245.1	Pontoporia blainvillei	Mammalia	ITPR3	found_no_annotation	found	1	itpr_present	S15a present_single_locus (R1)	0	present_single_locus	R1	Chromosome	N	GenBank	20985247	116384365	2690089892	1	1.0	0.0
GCA_987193245.1	Pontoporia blainvillei	Mammalia	RYR	found_no_annotation	found	1	ryr_sister	present in every vertebrate	0			Chromosome	N	GenBank	20985247	116384365	2690089892	1	1.0	0.0
GCF_000001405.40	Homo sapiens	Mammalia	ITPR1	found_annotated	found	1	itpr_present	S15a present_single_locus (R1)	0	present_single_locus	R1	Chromosome	Y	RefSeq	57879411	67794873	3099441038	1	1.0	0.0
GCF_000001405.40	Homo sapiens	Mammalia	ITPR2	found_annotated	found	1	itpr_present	S15a present_single_locus (R1)	0	present_single_locus	R1	Chromosome	Y	RefSeq	57879411	67794873	3099441038	1	1.0	0.0
GCF_000001405.40	Homo sapiens	Mammalia	ITPR3	found_annotated	found	1	itpr_present	S15a present_single_locus (R1)	0	present_single_locus	R1	Chromosome	Y	RefSeq	57879411	67794873	3099441038	1	1.0	0.0
GCF_000001405.40	Homo sapiens	Mammalia	RYR	found_annotated	found	1	ryr_sister	present in every vertebrate	0			Chromosome	Y	RefSeq	57879411	67794873	3099441038	1	1.0	0.0
GCF_000001635.27	Mus musculus	Mammalia	ITPR1	found_annotated	found	1	itpr_present	S15a present_single_locus (R1)	0	present_single_locus	R1	Chromosome	Y	RefSeq	59462871	106145001	2728206152	1	1.0	0.0
GCF_000001635.27	Mus musculus	Mammalia	ITPR2	found_annotated	found	1	itpr_present	S15a present_single_locus (R1)	0	present_single_locus	R1	Chromosome	Y	RefSeq	59462871	106145001	2728206152	1	1.0	0.0
GCF_000001635.27	Mus musculus	Mammalia	ITPR3	found_annotated	found	1	itpr_present	S15a present_single_locus (R1)	0	present_single_locus	R1	Chromosome	Y	RefSeq	59462871	106145001	2728206152	1	1.0	0.0
GCF_000001635.27	Mus musculus	Mammalia	RYR	found_annotated	found	1	ryr_sister	present in every vertebrate	0			Chromosome	Y	RefSeq	59462871	106145001	2728206152	1	1.0	0.0
GCF_000004195.4	Xenopus tropicalis	Amphibia	ITPR1	found_annotated	found	1	itpr_present	S15a present_single_locus (R1)	0	present_single_locus	R1	Chromosome	Y	RefSeq	14634335	153961319	1451283599	1	1.0	0.0
GCF_000004195.4	Xenopus tropicalis	Amphibia	ITPR2	found_annotated	found	1	itpr_present	S15a present_single_locus (R1)	0	present_single_locus	R1	Chromosome	Y	RefSeq	14634335	153961319	1451283599	1	1.0	0.0
GCF_000004195.4	Xenopus tropicalis	Amphibia	ITPR3	found_annotated	found	1	itpr_present	S15a present_single_locus (R1)	0	present_single_locus	R1	Chromosome	Y	RefSeq	14634335	153961319	1451283599	1	1.0	0.0
GCF_000004195.4	Xenopus tropicalis	Amphibia	RYR	found_annotated	found	1	ryr_sister	present in every vertebrate	0			Chromosome	Y	RefSeq	14634335	153961319	1451283599	1	1.0	0.0
GCF_000243295.1	Trichechus manatus latirostris	Mammalia	ITPR1	found_annotated	found	1	itpr_present	S15a present_single_locus (R1)	0	present_single_locus	R1	Scaffold	Y	RefSeq	37750	14442683	3103791524	0	1.0	0.0
GCF_000243295.1	Trichechus manatus latirostris	Mammalia	ITPR2	found_annotated	found	1	itpr_present	S15a present_single_locus (R1)	0	present_single_locus	R1	Scaffold	Y	RefSeq	37750	14442683	3103791524	0	1.0	0.0
GCF_000243295.1	Trichechus manatus latirostris	Mammalia	ITPR3	found_annotated	found	1	itpr_present	S15a present_single_locus (R1)	0	present_single_locus	R1	Scaffold	Y	RefSeq	37750	14442683	3103791524	0	1.0	0.0
GCF_000243295.1	Trichechus manatus latirostris	Mammalia	RYR	found_annotated	found	1	ryr_sister	present in every vertebrate	0			Scaffold	Y	RefSeq	37750	14442683	3103791524	0	1.0	0.0
GCF_000298275.1	Orycteropus afer afer	Mammalia	ITPR1	found_annotated	found	1	itpr_present	S15a present_single_locus (R1)	0	present_single_locus	R1	Scaffold	Y	RefSeq	17683	7875832	4444063711	0	1.0	0.0
GCF_000298275.1	Orycteropus afer afer	Mammalia	ITPR2	found_annotated	found	1	itpr_present	S15a present_single_locus (R1)	0	present_single_locus	R1	Scaffold	Y	RefSeq	17683	7875832	4444063711	0	1.0	0.0
GCF_000298275.1	Orycteropus afer afer	Mammalia	ITPR3	found_annotated	found	1	itpr_present	S15a present_single_locus (R1)	0	present_single_locus	R1	Scaffold	Y	RefSeq	17683	7875832	4444063711	0	1.0	0.0
GCF_000298275.1	Orycteropus afer afer	Mammalia	RYR	found_annotated	found	1	ryr_sister	present in every vertebrate	0			Scaffold	Y	RefSeq	17683	7875832	4444063711	0	1.0	0.0
GCF_000299155.1	Elephantulus edwardii	Mammalia	ITPR1	found_annotated	found	1	itpr_present	S15a present_single_locus (R1)	0	present_single_locus	R1	Scaffold	Y	RefSeq	24219	15011382	3843982861	0	1.0	0.0
GCF_000299155.1	Elephantulus edwardii	Mammalia	ITPR2	found_annotated	found	1	itpr_present	S15a present_single_locus (R1)	0	present_single_locus	R1	Scaffold	Y	RefSeq	24219	15011382	3843982861	0	1.0	0.0
GCF_000299155.1	Elephantulus edwardii	Mammalia	ITPR3	found_annotated	found	1	itpr_present	S15a present_single_locus (R1)	0	present_single_locus	R1	Scaffold	Y	RefSeq	24219	15011382	3843982861	0	1.0	0.0
GCF_000299155.1	Elephantulus edwardii	Mammalia	RYR	found_annotated	found	1	ryr_sister	present in every vertebrate	0			Scaffold	Y	RefSeq	24219	15011382	3843982861	0	1.0	0.0
GCF_000334495.1	Tupaia belangeri chinensis	Mammalia	ITPR1	found_annotated	found	1	itpr_present	S15a present_single_locus (R1)	0	present_single_locus	R1	Scaffold	Y	RefSeq	25938	3670124	2846580235	0	1.0	0.0
GCF_000334495.1	Tupaia belangeri chinensis	Mammalia	ITPR2	found_annotated	found	1	itpr_present	S15a present_single_locus (R1)	0	present_single_locus	R1	Scaffold	Y	RefSeq	25938	3670124	2846580235	0	0.9885	0.0
GCF_000334495.1	Tupaia belangeri chinensis	Mammalia	ITPR3	found_annotated	found	1	itpr_present	S15a present_single_locus (R1)	0	present_single_locus	R1	Scaffold	Y	RefSeq	25938	3670124	2846580235	0	1.0	0.0
GCF_000334495.1	Tupaia belangeri chinensis	Mammalia	RYR	found_annotated	found	1	ryr_sister	present in every vertebrate	0			Scaffold	Y	RefSeq	25938	3670124	2846580235	0	0.9968	0.0
GCF_000687185.1	Egretta garzetta	Aves	ITPR1	found_annotated	found	1	itpr_present	S15a present_single_locus (R1)	0	present_single_locus	R1	Scaffold	Y	RefSeq	29019	3067157	1206484573	0	1.0	0.0
GCF_000687185.1	Egretta garzetta	Aves	ITPR2	found_annotated	found	1	itpr_present	S15a present_single_locus (R1)	0	present_single_locus	R1	Scaffold	Y	RefSeq	29019	3067157	1206484573	0	0.9885	0.0
GCF_000687185.1	Egretta garzetta	Aves	ITPR3	found_annotated	found	1	itpr_present	S15a present_single_locus (R1)	0	present_single_locus	R1	Scaffold	Y	RefSeq	29019	3067157	1206484573	0	1.0	0.0
GCF_000687185.1	Egretta garzetta	Aves	RYR	found_annotated	found	1	ryr_sister	present in every vertebrate	0			Scaffold	Y	RefSeq	29019	3067157	1206484573	0	1.0	0.0
GCF_000687285.1	Phaethon lepturus	Aves	ITPR1	assembly_gap	assembly_gap	0	itpr_present	S15a present_truncated (R2)	1	present_truncated	R2	Scaffold	Y	RefSeq	22941	47896	1152958507	0	0.6222	0.0
GCF_000687285.1	Phaethon lepturus	Aves	ITPR2	assembly_gap	assembly_gap	0	itpr_present	S15a present_truncated (R2)	1	present_truncated	R2	Scaffold	Y	RefSeq	22941	47896	1152958507	0	0.457	0.0
GCF_000687285.1	Phaethon lepturus	Aves	ITPR3	found_annotated	found	1	itpr_present	S15a present_single_locus (R1)	0	present_single_locus	R1	Scaffold	Y	RefSeq	22941	47896	1152958507	0	0.9801	0.0
GCF_000687285.1	Phaethon lepturus	Aves	RYR	found_annotated	found	1	ryr_sister	present in every vertebrate	0			Scaffold	Y	RefSeq	22941	47896	1152958507	0	0.8941	0.0
GCF_000690535.1	Cariama cristata	Aves	ITPR1	found_annotated	found	1	itpr_present	S15a present_single_locus (R1)	0	present_single_locus	R1	Scaffold	Y	RefSeq	24645	55197	1132245425	0	1.0	0.0
GCF_000690535.1	Cariama cristata	Aves	ITPR2	tblastn_trace	trace	0	itpr_present	S15a present_fragmented (R4)	1	present_fragmented	R4	Scaffold	Y	RefSeq	24645	55197	1132245425	0	0.0	0.9404
GCF_000690535.1	Cariama cristata	Aves	ITPR3	found_annotated	found	1	itpr_present	S15a present_single_locus (R1)	0	present_single_locus	R1	Scaffold	Y	RefSeq	24645	55197	1132245425	0	0.9801	0.0
GCF_000690535.1	Cariama cristata	Aves	RYR	assembly_gap	assembly_gap	0	ryr_sister	present in every vertebrate	1			Scaffold	Y	RefSeq	24645	55197	1132245425	0	0.677	0.0
GCF_000690775.1	Eurypyga helias	Aves	ITPR1	found_annotated	found	1	itpr_present	S15a present_single_locus (R1)	0	present_single_locus	R1	Scaffold	Y	RefSeq	24402	47243	1088019637	0	1.0	0.0
GCF_000690775.1	Eurypyga helias	Aves	ITPR2	tblastn_trace	trace	0	itpr_present	S15a present_fragmented (R4)	1	present_fragmented	R4	Scaffold	Y	RefSeq	24402	47243	1088019637	0	0.0	0.9519
GCF_000690775.1	Eurypyga helias	Aves	ITPR3	found_annotated	found	1	itpr_present	S15a present_single_locus (R1)	0	present_single_locus	R1	Scaffold	Y	RefSeq	24402	47243	1088019637	0	0.9906	0.0
GCF_000690775.1	Eurypyga helias	Aves	RYR	assembly_gap	assembly_gap	0	ryr_sister	present in every vertebrate	1			Scaffold	Y	RefSeq	24402	47243	1088019637	0	0.3639	0.0
GCF_000690835.1	Fulmarus glacialis	Aves	ITPR1	assembly_gap	assembly_gap	0	itpr_present	S15a present_truncated (R2)	1	present_truncated	R2	Scaffold	Y	RefSeq	25926	47208	1141395646	0	0.5934	0.0
GCF_000690835.1	Fulmarus glacialis	Aves	ITPR2	assembly_gap	assembly_gap	0	itpr_present	S15a present_truncated (R2)	1	present_truncated	R2	Scaffold	Y	RefSeq	25926	47208	1141395646	0	0.3381	0.0
GCF_000690835.1	Fulmarus glacialis	Aves	ITPR3	found_annotated	found	1	itpr_present	S15a present_single_locus (R1)	0	present_single_locus	R1	Scaffold	Y	RefSeq	25926	47208	1141395646	0	0.8574	0.0
GCF_000690835.1	Fulmarus glacialis	Aves	RYR	assembly_gap	assembly_gap	0	ryr_sister	present in every vertebrate	1			Scaffold	Y	RefSeq	25926	47208	1141395646	0	0.4883	0.0
GCF_000691845.1	Merops nubicus	Aves	ITPR1	assembly_gap	assembly_gap	0	itpr_present	S15a present_truncated (R2)	1	present_truncated	R2	Scaffold	Y	RefSeq	24675	48089	1062961556	0	0.3293	0.0
GCF_000691845.1	Merops nubicus	Aves	ITPR2	assembly_gap	assembly_gap	0	itpr_present	S15a present_truncated (R2)	1	present_truncated	R2	Scaffold	Y	RefSeq	24675	48089	1062961556	0	0.4552	0.0
GCF_000691845.1	Merops nubicus	Aves	ITPR3	assembly_gap	assembly_gap	0	itpr_present	S15a present_truncated (R2)	1	present_truncated	R2	Scaffold	Y	RefSeq	24675	48089	1062961556	0	0.5083	0.0
GCF_000691845.1	Merops nubicus	Aves	RYR	found_annotated	found	1	ryr_sister	present in every vertebrate	0			Scaffold	Y	RefSeq	24675	48089	1062961556	0	0.7256	0.0
GCF_000691975.1	Corvus brachyrhynchos	Aves	ITPR1	found_annotated	found	1	itpr_present	S15a present_single_locus (R1)	0	present_single_locus	R1	Scaffold	Y	RefSeq	29093	6953989	1091312783	0	1.0	0.0
GCF_000691975.1	Corvus brachyrhynchos	Aves	ITPR2	found_annotated	found	1	itpr_present	S15a present_single_locus (R1)	0	present_single_locus	R1	Scaffold	Y	RefSeq	29093	6953989	1091312783	0	0.9885	0.0
GCF_000691975.1	Corvus brachyrhynchos	Aves	ITPR3	found_annotated	found	1	itpr_present	S15a present_single_locus (R1)	0	present_single_locus	R1	Scaffold	Y	RefSeq	29093	6953989	1091312783	0	1.0	0.0
GCF_000691975.1	Corvus brachyrhynchos	Aves	RYR	found_annotated	found	1	ryr_sister	present in every vertebrate	0			Scaffold	Y	RefSeq	29093	6953989	1091312783	0	1.0	0.0
GCF_000695765.1	Mesitornis unicolor	Aves	ITPR1	found_annotated	found	1	itpr_present	S15a present_single_locus (R1)	0	present_single_locus	R1	Scaffold	Y	RefSeq	22740	47102	1087290853	0	1.0	0.0
GCF_000695765.1	Mesitornis unicolor	Aves	ITPR2	fragment	fragment	0	itpr_present	S15a present_partial (R3)	1	present_partial	R3	Scaffold	Y	RefSeq	22740	47102	1087290853	0	0.6148	0.0
GCF_000695765.1	Mesitornis unicolor	Aves	ITPR3	found_annotated	found	1	itpr_present	S15a present_single_locus (R1)	0	present_single_locus	R1	Scaffold	Y	RefSeq	22740	47102	1087290853	0	0.9576	0.0
GCF_000695765.1	Mesitornis unicolor	Aves	RYR	assembly_gap	assembly_gap	0	ryr_sister	present in every vertebrate	1			Scaffold	Y	RefSeq	22740	47102	1087290853	0	0.4636	0.0
GCF_000695815.1	Acanthisitta chloris	Aves	ITPR1	found_annotated	found	1	itpr_present	S15a present_single_locus (R1)	0	present_single_locus	R1	Scaffold	Y	RefSeq	20602	64469	1035876403	0	0.9946	0.0
GCF_000695815.1	Acanthisitta chloris	Aves	ITPR2	fragment	fragment	0	itpr_present	S15a present_partial (R3)	1	present_partial	R3	Scaffold	Y	RefSeq	20602	64469	1035876403	0	0.6148	0.0
GCF_000695815.1	Acanthisitta chloris	Aves	ITPR3	found_annotated	found	1	itpr_present	S15a present_single_locus (R1)	0	present_single_locus	R1	Scaffold	Y	RefSeq	20602	64469	1035876403	0	0.7918	0.0
GCF_000695815.1	Acanthisitta chloris	Aves	RYR	found_annotated	found	1	ryr_sister	present in every vertebrate	0			Scaffold	Y	RefSeq	20602	64469	1035876403	0	0.9455	0.0
GCF_000696875.1	Nestor notabilis	Aves	ITPR1	found_annotated	found	1	itpr_present	S15a present_single_locus (R1)	0	present_single_locus	R1	Scaffold	Y	RefSeq	26546	61475	1053559886	0	0.9971	0.0
GCF_000696875.1	Nestor notabilis	Aves	ITPR2	assembly_gap	assembly_gap	0	itpr_present	S15a present_truncated (R2)	1	present_truncated	R2	Scaffold	Y	RefSeq	26546	61475	1053559886	0	0.6237	0.0
GCF_000696875.1	Nestor notabilis	Aves	ITPR3	found_annotated	found	1	itpr_present	S15a present_single_locus (R1)	0	present_single_locus	R1	Scaffold	Y	RefSeq	26546	61475	1053559886	0	0.9887	0.0
GCF_000696875.1	Nestor notabilis	Aves	RYR	assembly_gap	assembly_gap	0	ryr_sister	present in every vertebrate	1			Scaffold	Y	RefSeq	26546	61475	1053559886	0	0.5058	0.0
GCF_000698965.1	Struthio camelus australis	Aves	ITPR1	found_annotated	found	1	itpr_present	S15a present_single_locus (R1)	0	present_single_locus	R1	Scaffold	Y	RefSeq	34997	3593425	1225025301	0	0.7236	0.0
GCF_000698965.1	Struthio camelus australis	Aves	ITPR2	found_annotated	found	1	itpr_present	S15a present_single_locus (R1)	0	present_single_locus	R1	Scaffold	Y	RefSeq	34997	3593425	1225025301	0	0.9885	0.0
GCF_000698965.1	Struthio camelus australis	Aves	ITPR3	found_annotated	found	1	itpr_present	S15a present_single_locus (R1)	0	present_single_locus	R1	Scaffold	Y	RefSeq	34997	3593425	1225025301	0	1.0	0.0
GCF_000698965.1	Struthio camelus australis	Aves	RYR	found_annotated	found	1	ryr_sister	present in every vertebrate	0			Scaffold	Y	RefSeq	34997	3593425	1225025301	0	0.9974	0.0
GCF_000699105.1	Pygoscelis adeliae	Aves	ITPR1	found_annotated	found	1	itpr_present	S15a present_single_locus (R1)	0	present_single_locus	R1	Scaffold	Y	RefSeq	22195	5118896	1216600033	0	1.0	0.0
GCF_000699105.1	Pygoscelis adeliae	Aves	ITPR2	found_annotated	found	1	itpr_present	S15a present_single_locus (R1)	0	present_single_locus	R1	Scaffold	Y	RefSeq	22195	5118896	1216600033	0	0.9885	0.0
GCF_000699105.1	Pygoscelis adeliae	Aves	ITPR3	found_annotated	found	1	itpr_present	S15a present_single_locus (R1)	0	present_single_locus	R1	Scaffold	Y	RefSeq	22195	5118896	1216600033	0	0.991	0.0
GCF_000699105.1	Pygoscelis adeliae	Aves	RYR	found_annotated	found	1	ryr_sister	present in every vertebrate	0			Scaffold	Y	RefSeq	22195	5118896	1216600033	0	0.9974	0.0
GCF_000699145.1	Aptenodytes forsteri	Aves	ITPR1	found_annotated	found	1	itpr_present	S15a present_single_locus (R1)	0	present_single_locus	R1	Scaffold	Y	RefSeq	31730	5071598	1254347440	0	1.0	0.0
GCF_000699145.1	Aptenodytes forsteri	Aves	ITPR2	found_annotated	found	1	itpr_present	S15a present_single_locus (R1)	0	present_single_locus	R1	Scaffold	Y	RefSeq	31730	5071598	1254347440	0	0.9885	0.0
GCF_000699145.1	Aptenodytes forsteri	Aves	ITPR3	found_annotated	found	1	itpr_present	S15a present_single_locus (R1)	0	present_single_locus	R1	Scaffold	Y	RefSeq	31730	5071598	1254347440	0	0.991	0.0
GCF_000699145.1	Aptenodytes forsteri	Aves	RYR	found_annotated	found	1	ryr_sister	present in every vertebrate	0			Scaffold	Y	RefSeq	31730	5071598	1254347440	0	0.9455	0.0
GCF_000699245.1	Pterocles gutturalis	Aves	ITPR1	found_annotated	found	1	itpr_present	S15a present_single_locus (R1)	0	present_single_locus	R1	Scaffold	Y	RefSeq	26448	49530	1069324295	0	0.9705	0.0
GCF_000699245.1	Pterocles gutturalis	Aves	ITPR2	fragment	fragment	0	itpr_present	S15a present_partial (R3)	1	present_partial	R3	Scaffold	Y	RefSeq	26448	49530	1069324295	0	0.6152	0.0
GCF_000699245.1	Pterocles gutturalis	Aves	ITPR3	found_annotated	found	1	itpr_present	S15a present_single_locus (R1)	0	present_single_locus	R1	Scaffold	Y	RefSeq	26448	49530	1069324295	0	0.9906	0.0
GCF_000699245.1	Pterocles gutturalis	Aves	RYR	found_annotated	found	1	ryr_sister	present in every vertebrate	0			Scaffold	Y	RefSeq	26448	49530	1069324295	0	0.7403	0.0
GCF_000700745.2	Antrostomus carolinensis	Aves	ITPR1	found_annotated	found	1	itpr_present	S15a present_single_locus (R1)	0	present_single_locus	R1	Scaffold	Y	RefSeq	22170	46377	1118829799	0	0.9917	0.0
GCF_000700745.2	Antrostomus carolinensis	Aves	ITPR2	tblastn_trace	trace	0	itpr_present	S15a present_fragmented (R4)	1	present_fragmented	R4	Scaffold	Y	RefSeq	22170	46377	1118829799	0	0.0	0.9519
GCF_000700745.2	Antrostomus carolinensis	Aves	ITPR3	found_annotated	found	1	itpr_present	S15a present_single_locus (R1)	0	present_single_locus	R1	Scaffold	Y	RefSeq	22170	46377	1118829799	0	1.0	0.0
GCF_000700745.2	Antrostomus carolinensis	Aves	RYR	assembly_gap	assembly_gap	0	ryr_sister	present in every vertebrate	1			Scaffold	Y	RefSeq	22170	46377	1118829799	0	0.4318	0.0
GCF_000703405.1	Apaloderma vittatum	Aves	ITPR1	tblastn_trace	trace	0	itpr_present	S15a present_fragmented (R4)	1	present_fragmented	R4	Scaffold	Y	RefSeq	28882	56673	1070836417	0	0.0	0.9205
GCF_000703405.1	Apaloderma vittatum	Aves	ITPR2	tblastn_trace	trace	0	itpr_present	S15a present_fragmented (R4)	1	present_fragmented	R4	Scaffold	Y	RefSeq	28882	56673	1070836417	0	0.0	0.9396
GCF_000703405.1	Apaloderma vittatum	Aves	ITPR3	found_annotated	found	1	itpr_present	S15a present_single_locus (R1)	0	present_single_locus	R1	Scaffold	Y	RefSeq	28882	56673	1070836417	0	0.9801	0.0
GCF_000703405.1	Apaloderma vittatum	Aves	RYR	assembly_gap	assembly_gap	0	ryr_sister	present in every vertebrate	1			Scaffold	Y	RefSeq	28882	56673	1070836417	0	0.3694	0.0
GCF_000705375.1	Tinamus guttatus	Aves	ITPR1	found_annotated	found	1	itpr_present	S15a present_single_locus (R1)	0	present_single_locus	R1	Scaffold	Y	RefSeq	29773	246268	1047056493	0	1.0	0.0
GCF_000705375.1	Tinamus guttatus	Aves	ITPR2	tblastn_trace	trace	0	itpr_present	S15a present_fragmented (R4)	1	present_fragmented	R4	Scaffold	Y	RefSeq	29773	246268	1047056493	0	0.0	0.953
GCF_000705375.1	Tinamus guttatus	Aves	ITPR3	assembly_gap	assembly_gap	0	itpr_present	S15a present_truncated (R2)	1	present_truncated	R2	Scaffold	Y	RefSeq	29773	246268	1047056493	0	0.5679	0.0
GCF_000705375.1	Tinamus guttatus	Aves	RYR	found_annotated	found	1	ryr_sister	present in every vertebrate	0			Scaffold	Y	RefSeq	29773	246268	1047056493	0	0.993	0.0
GCF_000708025.1	Charadrius vociferus	Aves	ITPR1	found_annotated	found	1	itpr_present	S15a present_single_locus (R1)	0	present_single_locus	R1	Scaffold	Y	RefSeq	39278	3657050	1219859583	0	1.0	0.0
GCF_000708025.1	Charadrius vociferus	Aves	ITPR2	found_annotated	found	1	itpr_present	S15a present_single_locus (R1)	0	present_single_locus	R1	Scaffold	Y	RefSeq	39278	3657050	1219859583	0	0.9885	0.0
GCF_000708025.1	Charadrius vociferus	Aves	ITPR3	found_annotated	found	1	itpr_present	S15a present_single_locus (R1)	0	present_single_locus	R1	Scaffold	Y	RefSeq	39278	3657050	1219859583	0	0.9861	0.0
GCF_000708025.1	Charadrius vociferus	Aves	RYR	found_annotated	found	1	ryr_sister	present in every vertebrate	0			Scaffold	Y	RefSeq	39278	3657050	1219859583	0	0.993	0.0
GCF_000710305.1	Buceros rhinoceros silvestris	Aves	ITPR1	tblastn_trace	trace	0	itpr_present	S15a present_fragmented (R4)	1	present_fragmented	R4	Scaffold	Y	RefSeq	14587	53203	1065782791	0	0.0	0.9176
GCF_000710305.1	Buceros rhinoceros silvestris	Aves	ITPR2	tblastn_trace	trace	0	itpr_present	S15a present_fragmented (R4)	1	present_fragmented	R4	Scaffold	Y	RefSeq	14587	53203	1065782791	0	0.0	0.9544
GCF_000710305.1	Buceros rhinoceros silvestris	Aves	ITPR3	found_annotated	found	1	itpr_present	S15a present_single_locus (R1)	0	present_single_locus	R1	Scaffold	Y	RefSeq	14587	53203	1065782791	0	0.991	0.0
GCF_000710305.1	Buceros rhinoceros silvestris	Aves	RYR	found_annotated	found	1	ryr_sister	present in every vertebrate	0			Scaffold	Y	RefSeq	14587	53203	1065782791	0	0.7758	0.0
GCF_000747805.2	Chaetura pelagica	Aves	ITPR1	found_annotated	found	1	itpr_present	S15a present_single_locus (R1)	0	present_single_locus	R1	Scaffold	Y	RefSeq	30767	3841852	1118724105	0	1.0	0.0
GCF_000747805.2	Chaetura pelagica	Aves	ITPR2	found_annotated	found	1	itpr_present	S15a present_single_locus (R1)	0	present_single_locus	R1	Scaffold	Y	RefSeq	30767	3841852	1118724105	0	0.783	0.0
GCF_000747805.2	Chaetura pelagica	Aves	ITPR3	found_annotated	found	1	itpr_present	S15a present_single_locus (R1)	0	present_single_locus	R1	Scaffold	Y	RefSeq	30767	3841852	1118724105	0	0.9906	0.0
GCF_000747805.2	Chaetura pelagica	Aves	RYR	found_annotated	found	1	ryr_sister	present in every vertebrate	0			Scaffold	Y	RefSeq	30767	3841852	1118724105	0	0.9974	0.0
GCF_001715985.3	Manacus vitellinus	Aves	ITPR1	found_annotated	found	1	itpr_present	S15a present_single_locus (R1)	0	present_single_locus	R1	Scaffold	Y	RefSeq	290580	17883582	1072328541	1	1.0	0.0
GCF_001715985.3	Manacus vitellinus	Aves	ITPR2	found_annotated	found	1	itpr_present	S15a present_single_locus (R1)	0	present_single_locus	R1	Scaffold	Y	RefSeq	290580	17883582	1072328541	1	1.0	0.0
GCF_001715985.3	Manacus vitellinus	Aves	ITPR3	found_annotated	found	1	itpr_present	S15a present_single_locus (R1)	0	present_single_locus	R1	Scaffold	Y	RefSeq	290580	17883582	1072328541	1	0.9888	0.0
GCF_001715985.3	Manacus vitellinus	Aves	RYR	found_annotated	found	1	ryr_sister	present in every vertebrate	0			Scaffold	Y	RefSeq	290580	17883582	1072328541	1	0.9968	0.0
GCF_003342845.1	Nothoprocta perdicaria	Aves	ITPR1	found_annotated	found	1	itpr_present	S15a present_single_locus (R1)	0	present_single_locus	R1	Scaffold	Y	RefSeq	95599	3369196	965904370	0	1.0	0.0
GCF_003342845.1	Nothoprocta perdicaria	Aves	ITPR2	found_annotated	found	1	itpr_present	S15a present_single_locus (R1)	0	present_single_locus	R1	Scaffold	Y	RefSeq	95599	3369196	965904370	0	1.0	0.0
GCF_003342845.1	Nothoprocta perdicaria	Aves	ITPR3	found_annotated	found	1	itpr_present	S15a present_single_locus (R1)	0	present_single_locus	R1	Scaffold	Y	RefSeq	95599	3369196	965904370	0	1.0	0.0
GCF_003342845.1	Nothoprocta perdicaria	Aves	RYR	found_annotated	found	1	ryr_sister	present in every vertebrate	0			Scaffold	Y	RefSeq	95599	3369196	965904370	0	0.9974	0.0
GCF_003668045.3	Cricetulus griseus	Mammalia	ITPR1	found_annotated	found	1	itpr_present	S15a present_single_locus (R1)	0	present_single_locus	R1	Chromosome	Y	RefSeq	2711962	274391693	2366634374	1	1.0	0.0
GCF_003668045.3	Cricetulus griseus	Mammalia	ITPR2	found_annotated	found	1	itpr_present	S15a present_single_locus (R1)	0	present_single_locus	R1	Chromosome	Y	RefSeq	2711962	274391693	2366634374	1	1.0	0.0
GCF_003668045.3	Cricetulus griseus	Mammalia	ITPR3	found_annotated	found	1	itpr_present	S15a present_single_locus (R1)	0	present_single_locus	R1	Chromosome	Y	RefSeq	2711962	274391693	2366634374	1	1.0	0.0
GCF_003668045.3	Cricetulus griseus	Mammalia	RYR	found_annotated	found	1	ryr_sister	present in every vertebrate	0			Chromosome	Y	RefSeq	2711962	274391693	2366634374	1	1.0	0.0
GCF_003957555.1	Calypte anna	Aves	ITPR1	found_annotated	found	1	itpr_present	S15a present_single_locus (R1)	0	present_single_locus	R1	Chromosome	Y	RefSeq	14522327	74081004	1059687259	1	1.0	0.0
GCF_003957555.1	Calypte anna	Aves	ITPR2	found_annotated	found	1	itpr_present	S15a present_single_locus (R1)	0	present_single_locus	R1	Chromosome	Y	RefSeq	14522327	74081004	1059687259	1	1.0	0.0
GCF_003957555.1	Calypte anna	Aves	ITPR3	found_annotated	found	1	itpr_present	S15a present_single_locus (R1)	0	present_single_locus	R1	Chromosome	Y	RefSeq	14522327	74081004	1059687259	1	0.9854	0.0
GCF_003957555.1	Calypte anna	Aves	RYR	found_annotated	found	1	ryr_sister	present in every vertebrate	0			Chromosome	Y	RefSeq	14522327	74081004	1059687259	1	1.0	0.0
GCF_004115215.2	Ornithorhynchus anatinus	Mammalia	ITPR1	found_annotated	found	1	itpr_present	S15a present_single_locus (R1)	0	present_single_locus	R1	Chromosome	Y	RefSeq	15146802	83338043	1859264908	1	1.0	0.0
GCF_004115215.2	Ornithorhynchus anatinus	Mammalia	ITPR2	found_annotated	found	1	itpr_present	S15a present_single_locus (R1)	0	present_single_locus	R1	Chromosome	Y	RefSeq	15146802	83338043	1859264908	1	1.0	0.0
GCF_004115215.2	Ornithorhynchus anatinus	Mammalia	ITPR3	found_annotated	found	1	itpr_present	S15a present_single_locus (R1)	0	present_single_locus	R1	Chromosome	Y	RefSeq	15146802	83338043	1859264908	1	1.0	0.0
GCF_004115215.2	Ornithorhynchus anatinus	Mammalia	RYR	found_annotated	found	1	ryr_sister	present in every vertebrate	0			Chromosome	Y	RefSeq	15146802	83338043	1859264908	1	1.0	0.0
GCF_009764475.1	Pristis pectinata	Chondrichthyes	ITPR1	found_annotated	found	1	itpr_present	S15a present_single_locus (R1)	0	present_single_locus	R1	Chromosome	Y	RefSeq	17009522	101699621	2267840987	1	1.0	0.0
GCF_009764475.1	Pristis pectinata	Chondrichthyes	ITPR2	found_annotated	found	1	itpr_present	S15a present_single_locus (R1)	0	present_single_locus	R1	Chromosome	Y	RefSeq	17009522	101699621	2267840987	1	1.0	0.0
GCF_009764475.1	Pristis pectinata	Chondrichthyes	ITPR3	found_annotated	found	1	itpr_present	S15a present_single_locus (R1)	0	present_single_locus	R1	Chromosome	Y	RefSeq	17009522	101699621	2267840987	1	1.0	0.0
GCF_009764475.1	Pristis pectinata	Chondrichthyes	RYR	found_annotated	found	1	ryr_sister	present in every vertebrate	0			Chromosome	Y	RefSeq	17009522	101699621	2267840987	1	0.9972	0.0
GCF_009769465.1	Tauraco erythrolophus	Aves	ITPR1	found_annotated	found	1	itpr_present	S15a present_single_locus (R1)	0	present_single_locus	R1	Chromosome	Y	RefSeq	11927027	85562082	1252271553	1	1.0	0.0
GCF_009769465.1	Tauraco erythrolophus	Aves	ITPR2	found_annotated	found	1	itpr_present	S15a present_single_locus (R1)	0	present_single_locus	R1	Chromosome	Y	RefSeq	11927027	85562082	1252271553	1	1.0	0.0
GCF_009769465.1	Tauraco erythrolophus	Aves	ITPR3	found_annotated	found	1	itpr_present	S15a present_single_locus (R1)	0	present_single_locus	R1	Chromosome	Y	RefSeq	11927027	85562082	1252271553	1	1.0	0.0
GCF_009769465.1	Tauraco erythrolophus	Aves	RYR	found_annotated	found	1	ryr_sister	present in every vertebrate	0			Chromosome	Y	RefSeq	11927027	85562082	1252271553	1	1.0	0.0
GCF_011004845.1	Esox lucius	Actinopteri	ITPR1	found_annotated	found	1	itpr_present	S15a present_single_locus (R1)	0	present_single_locus	R1	Chromosome	Y	RefSeq	22630263	37473588	918731919	1	1.0	0.0
GCF_011004845.1	Esox lucius	Actinopteri	ITPR2	found_annotated	found	1	itpr_present	S15a present_single_locus (R1)	0	present_single_locus	R1	Chromosome	Y	RefSeq	22630263	37473588	918731919	1	1.0	0.0
GCF_011004845.1	Esox lucius	Actinopteri	ITPR3	found_annotated	found	1	itpr_present	S15a present_single_locus (R1)	0	present_single_locus	R1	Chromosome	Y	RefSeq	22630263	37473588	918731919	1	1.0	0.0
GCF_011004845.1	Esox lucius	Actinopteri	RYR	found_annotated	found	1	ryr_sister	present in every vertebrate	0			Chromosome	Y	RefSeq	22630263	37473588	918731919	1	1.0	0.0
GCF_011004875.1	Balearica regulorum gibbericeps	Aves	ITPR1	found_annotated	found	1	itpr_present	S15a present_single_locus (R1)	0	present_single_locus	R1	Chromosome	Y	RefSeq	23326060	82577926	1221032548	1	1.0	0.0
GCF_011004875.1	Balearica regulorum gibbericeps	Aves	ITPR2	found_annotated	found	1	itpr_present	S15a present_single_locus (R1)	0	present_single_locus	R1	Chromosome	Y	RefSeq	23326060	82577926	1221032548	1	1.0	0.0
GCF_011004875.1	Balearica regulorum gibbericeps	Aves	ITPR3	found_annotated	found	1	itpr_present	S15a present_single_locus (R1)	0	present_single_locus	R1	Chromosome	Y	RefSeq	23326060	82577926	1221032548	1	1.0	0.0
GCF_011004875.1	Balearica regulorum gibbericeps	Aves	RYR	found_annotated	found	1	ryr_sister	present in every vertebrate	0			Chromosome	Y	RefSeq	23326060	82577926	1221032548	1	1.0	0.0
GCF_013368585.1	Megalops cyprinoides	Actinopteri	ITPR1	found_annotated	found	1	itpr_present	S15a present_single_locus (R1)	0	present_single_locus	R1	Chromosome	Y	RefSeq	26850664	38251172	959241634	1	1.0	0.0
GCF_013368585.1	Megalops cyprinoides	Actinopteri	ITPR2	found_annotated	found	1	itpr_present	S15a present_single_locus (R1)	0	present_single_locus	R1	Chromosome	Y	RefSeq	26850664	38251172	959241634	1	1.0	0.0
GCF_013368585.1	Megalops cyprinoides	Actinopteri	ITPR3	found_annotated	found	1	itpr_present	S15a present_single_locus (R1)	0	present_single_locus	R1	Chromosome	Y	RefSeq	26850664	38251172	959241634	1	1.0	0.0
GCF_013368585.1	Megalops cyprinoides	Actinopteri	RYR	found_annotated	found	1	ryr_sister	present in every vertebrate	0			Chromosome	Y	RefSeq	26850664	38251172	959241634	1	1.0	0.0
GCF_013368605.1	Nyctibius grandis	Aves	ITPR1	found_annotated	found	1	itpr_present	S15a present_single_locus (R1)	0	present_single_locus	R1	Chromosome	Y	RefSeq	23231768	92359233	1256393467	1	1.0	0.0
GCF_013368605.1	Nyctibius grandis	Aves	ITPR2	found_annotated	found	1	itpr_present	S15a present_single_locus (R1)	0	present_single_locus	R1	Chromosome	Y	RefSeq	23231768	92359233	1256393467	1	1.0	0.0
GCF_013368605.1	Nyctibius grandis	Aves	ITPR3	found_annotated	found	1	itpr_present	S15a present_single_locus (R1)	0	present_single_locus	R1	Chromosome	Y	RefSeq	23231768	92359233	1256393467	1	1.0	0.0
GCF_013368605.1	Nyctibius grandis	Aves	RYR	found_annotated	found	1	ryr_sister	present in every vertebrate	0			Chromosome	Y	RefSeq	23231768	92359233	1256393467	1	1.0	0.0
GCF_014839835.1	Dryobates pubescens	Aves	ITPR1	found_annotated	found	1	itpr_present	S15a present_single_locus (R1)	0	present_single_locus	R1	Chromosome	Y	RefSeq	19150283	38715865	1187939694	1	0.9971	0.0
GCF_014839835.1	Dryobates pubescens	Aves	ITPR2	found_annotated	found	1	itpr_present	S15a present_single_locus (R1)	0	present_single_locus	R1	Chromosome	Y	RefSeq	19150283	38715865	1187939694	1	1.0	0.0
GCF_014839835.1	Dryobates pubescens	Aves	ITPR3	found_annotated	found	1	itpr_present	S15a present_single_locus (R1)	0	present_single_locus	R1	Chromosome	Y	RefSeq	19150283	38715865	1187939694	1	1.0	0.0
GCF_014839835.1	Dryobates pubescens	Aves	RYR	found_annotated	found	1	ryr_sister	present in every vertebrate	0			Chromosome	Y	RefSeq	19150283	38715865	1187939694	1	1.0	0.0
GCF_016433145.1	Gracilinanus agilis	Mammalia	ITPR1	found_annotated	found	1	itpr_present	S15a present_single_locus (R1)	0	present_single_locus	R1	Chromosome	Y	RefSeq	73170	683521856	3701017385	0	1.0	0.0
GCF_016433145.1	Gracilinanus agilis	Mammalia	ITPR2	found_annotated	found	1	itpr_present	S15a present_single_locus (R1)	0	present_single_locus	R1	Chromosome	Y	RefSeq	73170	683521856	3701017385	0	1.0	0.0
GCF_016433145.1	Gracilinanus agilis	Mammalia	ITPR3	found_annotated	found	1	itpr_present	S15a present_single_locus (R1)	0	present_single_locus	R1	Chromosome	Y	RefSeq	73170	683521856	3701017385	0	1.0	0.0
GCF_016433145.1	Gracilinanus agilis	Mammalia	RYR	found_annotated	found	1	ryr_sister	present in every vertebrate	0			Chromosome	Y	RefSeq	73170	683521856	3701017385	0	1.0	0.0
GCF_016699485.2	Gallus gallus	Aves	ITPR1	found_annotated	found	1	itpr_present	S15a present_single_locus (R1)	0	present_single_locus	R1	Chromosome	Y	RefSeq	18834961	90861225	1053315467	1	1.0	0.0
GCF_016699485.2	Gallus gallus	Aves	ITPR2	found_annotated	found	1	itpr_present	S15a present_single_locus (R1)	0	present_single_locus	R1	Chromosome	Y	RefSeq	18834961	90861225	1053315467	1	1.0	0.0
GCF_016699485.2	Gallus gallus	Aves	ITPR3	found_annotated	found	1	itpr_present	S15a present_single_locus (R1)	0	present_single_locus	R1	Chromosome	Y	RefSeq	18834961	90861225	1053315467	1	1.0	0.0
GCF_016699485.2	Gallus gallus	Aves	RYR	found_annotated	found	1	ryr_sister	present in every vertebrate	0			Chromosome	Y	RefSeq	18834961	90861225	1053315467	1	1.0	0.0
GCF_016859285.1	Xiphias gladius	Actinopteri	ITPR1	found_annotated	found	1	itpr_present	S15a present_single_locus (R1)	0	present_single_locus	R1	Chromosome	Y	RefSeq	5252707	29220096	691763775	1	1.0	0.0
GCF_016859285.1	Xiphias gladius	Actinopteri	ITPR2	found_annotated	found	1	itpr_present	S15a present_single_locus (R1)	0	present_single_locus	R1	Chromosome	Y	RefSeq	5252707	29220096	691763775	1	1.0	0.0
GCF_016859285.1	Xiphias gladius	Actinopteri	ITPR3	found_annotated	found	1	itpr_present	S15a present_single_locus (R1)	0	present_single_locus	R1	Chromosome	Y	RefSeq	5252707	29220096	691763775	1	1.0	0.0
GCF_016859285.1	Xiphias gladius	Actinopteri	RYR	found_annotated	found	1	ryr_sister	present in every vertebrate	0			Chromosome	Y	RefSeq	5252707	29220096	691763775	1	0.997	0.0
GCF_017639515.1	Carcharodon carcharias	Chondrichthyes	ITPR1	found_annotated	found	1	itpr_present	S15a present_single_locus (R1)	0	present_single_locus	R1	Chromosome	Y	RefSeq	6544962	169918123	4286294447	1	1.0	0.0
GCF_017639515.1	Carcharodon carcharias	Chondrichthyes	ITPR2	found_annotated	found	1	itpr_present	S15a present_single_locus (R1)	0	present_single_locus	R1	Chromosome	Y	RefSeq	6544962	169918123	4286294447	1	1.0	0.0
GCF_017639515.1	Carcharodon carcharias	Chondrichthyes	ITPR3	found_annotated	found	1	itpr_present	S15a present_single_locus (R1)	0	present_single_locus	R1	Chromosome	Y	RefSeq	6544962	169918123	4286294447	1	1.0	0.0
GCF_017639515.1	Carcharodon carcharias	Chondrichthyes	RYR	found_annotated	found	1	ryr_sister	present in every vertebrate	0			Chromosome	Y	RefSeq	6544962	169918123	4286294447	1	0.9972	0.0
GCF_017654505.1	Polyodon spathula	Actinopteri	ITPR1	found_annotated	found	1	itpr_present	S15a present_single_locus (R1)	0	present_single_locus	R1	Chromosome	Y	RefSeq	3441286	48906729	1542066908	1	1.0	0.0
GCF_017654505.1	Polyodon spathula	Actinopteri	ITPR2	found_annotated	found	1	itpr_present	S15a present_single_locus (R1)	0	present_single_locus	R1	Chromosome	Y	RefSeq	3441286	48906729	1542066908	1	1.0	0.0
GCF_017654505.1	Polyodon spathula	Actinopteri	ITPR3	found_annotated	found	1	itpr_present	S15a present_single_locus (R1)	0	present_single_locus	R1	Chromosome	Y	RefSeq	3441286	48906729	1542066908	1	1.0	0.0
GCF_017654505.1	Polyodon spathula	Actinopteri	RYR	found_annotated	found	1	ryr_sister	present in every vertebrate	0			Chromosome	Y	RefSeq	3441286	48906729	1542066908	1	1.0	0.0
GCF_017976375.1	Cuculus canorus	Aves	ITPR1	found_annotated	found	1	itpr_present	S15a present_single_locus (R1)	0	present_single_locus	R1	Chromosome	Y	RefSeq	20797936	78325852	1180136575	1	1.0	0.0
GCF_017976375.1	Cuculus canorus	Aves	ITPR2	found_annotated	found	1	itpr_present	S15a present_single_locus (R1)	0	present_single_locus	R1	Chromosome	Y	RefSeq	20797936	78325852	1180136575	1	1.0	0.0
GCF_017976375.1	Cuculus canorus	Aves	ITPR3	found_annotated	found	1	itpr_present	S15a present_single_locus (R1)	0	present_single_locus	R1	Chromosome	Y	RefSeq	20797936	78325852	1180136575	1	1.0	0.0
GCF_017976375.1	Cuculus canorus	Aves	RYR	found_annotated	found	1	ryr_sister	present in every vertebrate	0			Chromosome	Y	RefSeq	20797936	78325852	1180136575	1	1.0	0.0
GCF_018139145.2	Gymnogyps californianus	Aves	ITPR1	found_annotated	found	1	itpr_present	S15a present_single_locus (R1)	0	present_single_locus	R1	Chromosome	Y	RefSeq	17075888	85355094	1240248578	1	1.0	0.0
GCF_018139145.2	Gymnogyps californianus	Aves	ITPR2	found_annotated	found	1	itpr_present	S15a present_single_locus (R1)	0	present_single_locus	R1	Chromosome	Y	RefSeq	17075888	85355094	1240248578	1	1.0	0.0
GCF_018139145.2	Gymnogyps californianus	Aves	ITPR3	found_annotated	found	1	itpr_present	S15a present_single_locus (R1)	0	present_single_locus	R1	Chromosome	Y	RefSeq	17075888	85355094	1240248578	1	1.0	0.0
GCF_018139145.2	Gymnogyps californianus	Aves	RYR	found_annotated	found	1	ryr_sister	present in every vertebrate	0			Chromosome	Y	RefSeq	17075888	85355094	1240248578	1	1.0	0.0
GCF_018320785.1	Cheilinus undulatus	Actinopteri	ITPR1	found_annotated	found	1	itpr_present	S15a present_single_locus (R1)	0	present_single_locus	R1	Chromosome	Y	RefSeq	16477222	51466935	1173455521	1	1.0	0.0
GCF_018320785.1	Cheilinus undulatus	Actinopteri	ITPR2	found_annotated	found	1	itpr_present	S15a present_single_locus (R1)	0	present_single_locus	R1	Chromosome	Y	RefSeq	16477222	51466935	1173455521	1	1.0	0.0
GCF_018320785.1	Cheilinus undulatus	Actinopteri	ITPR3	found_annotated	found	1	itpr_present	S15a present_single_locus (R1)	0	present_single_locus	R1	Chromosome	Y	RefSeq	16477222	51466935	1173455521	1	1.0	0.0
GCF_018320785.1	Cheilinus undulatus	Actinopteri	RYR	found_annotated	found	1	ryr_sister	present in every vertebrate	0			Chromosome	Y	RefSeq	16477222	51466935	1173455521	1	1.0	0.0
GCF_018691265.1	Tyto alba	Aves	ITPR1	found_annotated	found	1	itpr_present	S15a present_single_locus (R1)	0	present_single_locus	R1	Scaffold	Y	RefSeq	17955177	36032128	1249867532	1	1.0	0.0
GCF_018691265.1	Tyto alba	Aves	ITPR2	found_annotated	found	1	itpr_present	S15a present_single_locus (R1)	0	present_single_locus	R1	Scaffold	Y	RefSeq	17955177	36032128	1249867532	1	1.0	0.0
GCF_018691265.1	Tyto alba	Aves	ITPR3	found_annotated	found	1	itpr_present	S15a present_single_locus (R1)	0	present_single_locus	R1	Scaffold	Y	RefSeq	17955177	36032128	1249867532	1	1.0	0.0
GCF_018691265.1	Tyto alba	Aves	RYR	found_annotated	found	1	ryr_sister	present in every vertebrate	0			Scaffold	Y	RefSeq	17955177	36032128	1249867532	1	1.0	0.0
GCF_018977255.1	Callorhinchus milii	Chondrichthyes	ITPR1	found_annotated	found	1	itpr_present	S15a present_single_locus (R1)	0	present_single_locus	R1	Scaffold	Y	RefSeq	1626615	69331348	991519186	1	1.0	0.0
GCF_018977255.1	Callorhinchus milii	Chondrichthyes	ITPR2	found_annotated	found	1	itpr_present	S15a present_single_locus (R1)	0	present_single_locus	R1	Scaffold	Y	RefSeq	1626615	69331348	991519186	1	0.9885	0.0
GCF_018977255.1	Callorhinchus milii	Chondrichthyes	ITPR3	found_annotated	found	1	itpr_present	S15a present_single_locus (R1)	0	present_single_locus	R1	Scaffold	Y	RefSeq	1626615	69331348	991519186	1	1.0	0.0
GCF_018977255.1	Callorhinchus milii	Chondrichthyes	RYR	found_annotated	found	1	ryr_sister	present in every vertebrate	0			Scaffold	Y	RefSeq	1626615	69331348	991519186	1	1.0	0.0
GCF_019279795.1	Protopterus annectens	Dipnoi	ITPR1	found_annotated	found	1	itpr_present	S15a present_single_locus (R1)	0	present_single_locus	R1	Chromosome	Y	RefSeq	1603140	1974114035	40054324612	1	1.0	0.0
GCF_019279795.1	Protopterus annectens	Dipnoi	ITPR2	found_annotated	found	1	itpr_present	S15a present_single_locus (R1)	0	present_single_locus	R1	Chromosome	Y	RefSeq	1603140	1974114035	40054324612	1	1.0	0.0
GCF_019279795.1	Protopterus annectens	Dipnoi	ITPR3	found_annotated	found	1	itpr_present	S15a present_single_locus (R1)	0	present_single_locus	R1	Chromosome	Y	RefSeq	1603140	1974114035	40054324612	1	1.0	0.0
GCF_019279795.1	Protopterus annectens	Dipnoi	RYR	found_annotated	found	1	ryr_sister	present in every vertebrate	0			Chromosome	Y	RefSeq	1603140	1974114035	40054324612	1	1.0	0.0
GCF_019393635.1	Dromiciops gliroides	Mammalia	ITPR1	found_annotated	found	1	itpr_present	S15a present_single_locus (R1)	0	present_single_locus	R1	Chromosome	Y	RefSeq	38230856	670775900	3303199800	1	1.0	0.0
GCF_019393635.1	Dromiciops gliroides	Mammalia	ITPR2	found_annotated	found	1	itpr_present	S15a present_single_locus (R1)	0	present_single_locus	R1	Chromosome	Y	RefSeq	38230856	670775900	3303199800	1	1.0	0.0
GCF_019393635.1	Dromiciops gliroides	Mammalia	ITPR3	found_annotated	found	1	itpr_present	S15a present_single_locus (R1)	0	present_single_locus	R1	Chromosome	Y	RefSeq	38230856	670775900	3303199800	1	1.0	0.0
GCF_019393635.1	Dromiciops gliroides	Mammalia	RYR	found_annotated	found	1	ryr_sister	present in every vertebrate	0			Chromosome	Y	RefSeq	38230856	670775900	3303199800	1	1.0	0.0
GCF_019740435.1	Gambusia affinis	Actinopteri	ITPR1	found_annotated	found	1	itpr_present	S15a present_single_locus (R1)	0	present_single_locus	R1	Chromosome	Y	RefSeq	12906370	29761488	680149392	1	1.0	0.0
GCF_019740435.1	Gambusia affinis	Actinopteri	ITPR2	found_annotated	found	1	itpr_present	S15a present_single_locus (R1)	0	present_single_locus	R1	Chromosome	Y	RefSeq	12906370	29761488	680149392	1	1.0	0.0
GCF_019740435.1	Gambusia affinis	Actinopteri	ITPR3	found_annotated	found	1	itpr_present	S15a present_single_locus (R1)	0	present_single_locus	R1	Chromosome	Y	RefSeq	12906370	29761488	680149392	1	1.0	0.0
GCF_019740435.1	Gambusia affinis	Actinopteri	RYR	found_annotated	found	1	ryr_sister	present in every vertebrate	0			Chromosome	Y	RefSeq	12906370	29761488	680149392	1	1.0	0.0
GCF_020171115.1	Neogale vison	Mammalia	ITPR1	found_annotated	found	1	itpr_present	S15a present_single_locus (R1)	0	present_single_locus	R1	Chromosome	Y	RefSeq	220349319	220349319	2681198719	1	1.0	0.0
GCF_020171115.1	Neogale vison	Mammalia	ITPR2	found_annotated	found	1	itpr_present	S15a present_single_locus (R1)	0	present_single_locus	R1	Chromosome	Y	RefSeq	220349319	220349319	2681198719	1	1.0	0.0
GCF_020171115.1	Neogale vison	Mammalia	ITPR3	found_annotated	found	1	itpr_present	S15a present_single_locus (R1)	0	present_single_locus	R1	Chromosome	Y	RefSeq	220349319	220349319	2681198719	1	1.0	0.0
GCF_020171115.1	Neogale vison	Mammalia	RYR	found_annotated	found	1	ryr_sister	present in every vertebrate	0			Chromosome	Y	RefSeq	220349319	220349319	2681198719	1	1.0	0.0
GCF_020740795.1	Apus apus	Aves	ITPR1	found_annotated	found	1	itpr_present	S15a present_single_locus (R1)	0	present_single_locus	R1	Chromosome	Y	RefSeq	25561769	115508478	1100361224	1	1.0	0.0
GCF_020740795.1	Apus apus	Aves	ITPR2	found_annotated	found	1	itpr_present	S15a present_single_locus (R1)	0	present_single_locus	R1	Chromosome	Y	RefSeq	25561769	115508478	1100361224	1	1.0	0.0
GCF_020740795.1	Apus apus	Aves	ITPR3	found_annotated	found	1	itpr_present	S15a present_single_locus (R1)	0	present_single_locus	R1	Chromosome	Y	RefSeq	25561769	115508478	1100361224	1	1.0	0.0
GCF_020740795.1	Apus apus	Aves	RYR	found_annotated	found	1	ryr_sister	present in every vertebrate	0			Chromosome	Y	RefSeq	25561769	115508478	1100361224	1	1.0	0.0
GCF_020826845.1	Diceros bicornis minor	Mammalia	ITPR1	found_annotated	found	1	itpr_present	S15a present_single_locus (R1)	0	present_single_locus	R1	Chromosome	Y	RefSeq	28468213	65026825	3005519209	1	1.0	0.0
GCF_020826845.1	Diceros bicornis minor	Mammalia	ITPR2	found_annotated	found	1	itpr_present	S15a present_single_locus (R1)	0	present_single_locus	R1	Chromosome	Y	RefSeq	28468213	65026825	3005519209	1	1.0	0.0
GCF_020826845.1	Diceros bicornis minor	Mammalia	ITPR3	found_annotated	found	1	itpr_present	S15a present_single_locus (R1)	0	present_single_locus	R1	Chromosome	Y	RefSeq	28468213	65026825	3005519209	1	1.0	0.0
GCF_020826845.1	Diceros bicornis minor	Mammalia	RYR	found_annotated	found	1	ryr_sister	present in every vertebrate	0			Chromosome	Y	RefSeq	28468213	65026825	3005519209	1	1.0	0.0
GCF_021028975.2	Sphaerodactylus townsendi	Lepidosauria	ITPR1	found_annotated	found	1	itpr_present	S15a present_single_locus (R1)	0	present_single_locus	R1	Chromosome	Y	RefSeq	9459502	133801376	1810846735	1	1.0	0.0
GCF_021028975.2	Sphaerodactylus townsendi	Lepidosauria	ITPR2	found_annotated	found	1	itpr_present	S15a present_single_locus (R1)	0	present_single_locus	R1	Chromosome	Y	RefSeq	9459502	133801376	1810846735	1	1.0	0.0
GCF_021028975.2	Sphaerodactylus townsendi	Lepidosauria	ITPR3	found_annotated	found	1	itpr_present	S15a present_single_locus (R1)	0	present_single_locus	R1	Chromosome	Y	RefSeq	9459502	133801376	1810846735	1	0.9539	0.0
GCF_021028975.2	Sphaerodactylus townsendi	Lepidosauria	RYR	found_annotated	found	1	ryr_sister	present in every vertebrate	0			Chromosome	Y	RefSeq	9459502	133801376	1810846735	1	0.996	0.0
GCF_021292245.1	Micropterus dolomieu	Actinopteri	ITPR1	found_annotated	found	1	itpr_present	S15a present_single_locus (R1)	0	present_single_locus	R1	Chromosome	Y	RefSeq	46775	34173225	829570727	0	1.0	0.0
GCF_021292245.1	Micropterus dolomieu	Actinopteri	ITPR2	found_annotated	found	1	itpr_present	S15a present_single_locus (R1)	0	present_single_locus	R1	Chromosome	Y	RefSeq	46775	34173225	829570727	0	1.0	0.0
GCF_021292245.1	Micropterus dolomieu	Actinopteri	ITPR3	found_annotated	found	1	itpr_present	S15a present_single_locus (R1)	0	present_single_locus	R1	Chromosome	Y	RefSeq	46775	34173225	829570727	0	1.0	0.0
GCF_021292245.1	Micropterus dolomieu	Actinopteri	RYR	found_annotated	found	1	ryr_sister	present in every vertebrate	0			Chromosome	Y	RefSeq	46775	34173225	829570727	0	1.0	0.0
GCF_021613505.1	Equus quagga	Mammalia	ITPR1	found_annotated	found	1	itpr_present	S15a present_single_locus (R1)	0	present_single_locus	R1	Chromosome	Y	RefSeq	427941	122556673	2500914156	1	1.0	0.0
GCF_021613505.1	Equus quagga	Mammalia	ITPR2	found_annotated	found	1	itpr_present	S15a present_single_locus (R1)	0	present_single_locus	R1	Chromosome	Y	RefSeq	427941	122556673	2500914156	1	1.0	0.0
GCF_021613505.1	Equus quagga	Mammalia	ITPR3	found_annotated	found	1	itpr_present	S15a present_single_locus (R1)	0	present_single_locus	R1	Chromosome	Y	RefSeq	427941	122556673	2500914156	1	1.0	0.0
GCF_021613505.1	Equus quagga	Mammalia	RYR	found_annotated	found	1	ryr_sister	present in every vertebrate	0			Chromosome	Y	RefSeq	427941	122556673	2500914156	1	1.0	0.0
GCF_023634155.1	Falco peregrinus	Aves	ITPR1	found_annotated	found	1	itpr_present	S15a present_single_locus (R1)	0	present_single_locus	R1	Chromosome	Y	RefSeq	15744644	93682670	1311580791	1	1.0	0.0
GCF_023634155.1	Falco peregrinus	Aves	ITPR2	found_annotated	found	1	itpr_present	S15a present_single_locus (R1)	0	present_single_locus	R1	Chromosome	Y	RefSeq	15744644	93682670	1311580791	1	1.0	0.0
GCF_023634155.1	Falco peregrinus	Aves	ITPR3	found_annotated	found	1	itpr_present	S15a present_single_locus (R1)	0	present_single_locus	R1	Chromosome	Y	RefSeq	15744644	93682670	1311580791	1	1.0	0.0
GCF_023634155.1	Falco peregrinus	Aves	RYR	found_annotated	found	1	ryr_sister	present in every vertebrate	0			Chromosome	Y	RefSeq	15744644	93682670	1311580791	1	1.0	0.0
GCF_023851605.1	Tamandua tetradactyla	Mammalia	ITPR1	found_annotated	found	1	itpr_present	S15a present_single_locus (R1)	0	present_single_locus	R1	Chromosome	Y	RefSeq	9869167	174634624	3205724741	1	1.0	0.0
GCF_023851605.1	Tamandua tetradactyla	Mammalia	ITPR2	found_annotated	found	1	itpr_present	S15a present_single_locus (R1)	0	present_single_locus	R1	Chromosome	Y	RefSeq	9869167	174634624	3205724741	1	1.0	0.0
GCF_023851605.1	Tamandua tetradactyla	Mammalia	ITPR3	found_annotated	found	1	itpr_present	S15a present_single_locus (R1)	0	present_single_locus	R1	Chromosome	Y	RefSeq	9869167	174634624	3205724741	1	1.0	0.0
GCF_023851605.1	Tamandua tetradactyla	Mammalia	RYR	found_annotated	found	1	ryr_sister	present in every vertebrate	0			Chromosome	Y	RefSeq	9869167	174634624	3205724741	1	1.0	0.0
GCF_024166365.1	Elephas maximus indicus	Mammalia	ITPR1	found_annotated	found	1	itpr_present	S15a present_single_locus (R1)	0	present_single_locus	R1	Chromosome	Y	RefSeq	87987108	127432672	3401247148	1	1.0	0.0
GCF_024166365.1	Elephas maximus indicus	Mammalia	ITPR2	found_annotated	found	1	itpr_present	S15a present_single_locus (R1)	0	present_single_locus	R1	Chromosome	Y	RefSeq	87987108	127432672	3401247148	1	1.0	0.0
GCF_024166365.1	Elephas maximus indicus	Mammalia	ITPR3	found_annotated	found	1	itpr_present	S15a present_single_locus (R1)	0	present_single_locus	R1	Chromosome	Y	RefSeq	87987108	127432672	3401247148	1	1.0	0.0
GCF_024166365.1	Elephas maximus indicus	Mammalia	RYR	found_annotated	found	1	ryr_sister	present in every vertebrate	0			Chromosome	Y	RefSeq	87987108	127432672	3401247148	1	1.0	0.0
GCF_025201925.1	Gopherus flavomarginatus	Testudines	ITPR1	found_annotated	found	1	itpr_present	S15a present_single_locus (R1)	0	present_single_locus	R1	Chromosome	Y	RefSeq	6917139	162938067	2460542086	1	0.9975	0.0
GCF_025201925.1	Gopherus flavomarginatus	Testudines	ITPR2	found_annotated	found	1	itpr_present	S15a present_single_locus (R1)	0	present_single_locus	R1	Chromosome	Y	RefSeq	6917139	162938067	2460542086	1	1.0	0.0
GCF_025201925.1	Gopherus flavomarginatus	Testudines	ITPR3	found_annotated	found	1	itpr_present	S15a present_single_locus (R1)	0	present_single_locus	R1	Chromosome	Y	RefSeq	6917139	162938067	2460542086	1	1.0	0.0
GCF_025201925.1	Gopherus flavomarginatus	Testudines	RYR	found_annotated	found	1	ryr_sister	present in every vertebrate	0			Chromosome	Y	RefSeq	6917139	162938067	2460542086	1	0.996	0.0
GCF_027244095.1	Hemicordylus capensis	Lepidosauria	ITPR1	found_annotated	found	1	itpr_present	S15a present_single_locus (R1)	0	present_single_locus	R1	Chromosome	Y	RefSeq	160691000	359646233	2294751221	1	1.0	0.0
GCF_027244095.1	Hemicordylus capensis	Lepidosauria	ITPR2	found_annotated	found	1	itpr_present	S15a present_single_locus (R1)	0	present_single_locus	R1	Chromosome	Y	RefSeq	160691000	359646233	2294751221	1	1.0	0.0
GCF_027244095.1	Hemicordylus capensis	Lepidosauria	ITPR3	found_annotated	found	1	itpr_present	S15a present_single_locus (R1)	0	present_single_locus	R1	Chromosome	Y	RefSeq	160691000	359646233	2294751221	1	1.0	0.0
GCF_027244095.1	Hemicordylus capensis	Lepidosauria	RYR	found_annotated	found	1	ryr_sister	present in every vertebrate	0			Chromosome	Y	RefSeq	160691000	359646233	2294751221	1	0.996	0.0
GCF_027409185.1	Cynocephalus volans	Mammalia	ITPR1	found_annotated	found	1	itpr_present	S15a present_single_locus (R1)	0	present_single_locus	R1	Chromosome	Y	RefSeq	69195939	165781880	2814418120	1	1.0	0.0
GCF_027409185.1	Cynocephalus volans	Mammalia	ITPR2	found_annotated	found	1	itpr_present	S15a present_single_locus (R1)	0	present_single_locus	R1	Chromosome	Y	RefSeq	69195939	165781880	2814418120	1	1.0	0.0
GCF_027409185.1	Cynocephalus volans	Mammalia	ITPR3	found_annotated	found	1	itpr_present	S15a present_single_locus (R1)	0	present_single_locus	R1	Chromosome	Y	RefSeq	69195939	165781880	2814418120	1	1.0	0.0
GCF_027409185.1	Cynocephalus volans	Mammalia	RYR	found_annotated	found	1	ryr_sister	present in every vertebrate	0			Chromosome	Y	RefSeq	69195939	165781880	2814418120	1	1.0	0.0
GCF_027409825.1	Scomber japonicus	Actinopteri	ITPR1	found_annotated	found	1	itpr_present	S15a present_single_locus (R1)	0	present_single_locus	R1	Chromosome	Y	RefSeq	4898551	34636535	828681152	1	1.0	0.0
GCF_027409825.1	Scomber japonicus	Actinopteri	ITPR2	found_annotated	found	1	itpr_present	S15a present_single_locus (R1)	0	present_single_locus	R1	Chromosome	Y	RefSeq	4898551	34636535	828681152	1	1.0	0.0
GCF_027409825.1	Scomber japonicus	Actinopteri	ITPR3	found_annotated	found	1	itpr_present	S15a present_single_locus (R1)	0	present_single_locus	R1	Chromosome	Y	RefSeq	4898551	34636535	828681152	1	0.7251	0.0
GCF_027409825.1	Scomber japonicus	Actinopteri	RYR	found_annotated	found	1	ryr_sister	present in every vertebrate	0			Chromosome	Y	RefSeq	4898551	34636535	828681152	1	1.0	0.0
GCF_027579695.1	Neoarius graeffei	Actinopteri	ITPR1	found_annotated	found	1	itpr_present	S15a present_single_locus (R1)	0	present_single_locus	R1	Chromosome	Y	RefSeq	14859289	83992109	2341916362	1	1.0	0.0
GCF_027579695.1	Neoarius graeffei	Actinopteri	ITPR2	found_annotated	found	1	itpr_present	S15a present_single_locus (R1)	0	present_single_locus	R1	Chromosome	Y	RefSeq	14859289	83992109	2341916362	1	1.0	0.0
GCF_027579695.1	Neoarius graeffei	Actinopteri	ITPR3	found_annotated	found	1	itpr_present	S15a present_single_locus (R1)	0	present_single_locus	R1	Chromosome	Y	RefSeq	14859289	83992109	2341916362	1	1.0	0.0
GCF_027579695.1	Neoarius graeffei	Actinopteri	RYR	found_annotated	found	1	ryr_sister	present in every vertebrate	0			Chromosome	Y	RefSeq	14859289	83992109	2341916362	1	1.0	0.0
GCF_027579735.1	Bombina bombina	Amphibia	ITPR1	found_annotated	found	1	itpr_present	S15a present_single_locus (R1)	0	present_single_locus	R1	Chromosome	Y	RefSeq	3759931	1241340601	10019663791	1	1.0	0.0
GCF_027579735.1	Bombina bombina	Amphibia	ITPR2	found_annotated	found	1	itpr_present	S15a present_single_locus (R1)	0	present_single_locus	R1	Chromosome	Y	RefSeq	3759931	1241340601	10019663791	1	1.0	0.0
GCF_027579735.1	Bombina bombina	Amphibia	ITPR3	found_annotated	found	1	itpr_present	S15a present_single_locus (R1)	0	present_single_locus	R1	Chromosome	Y	RefSeq	3759931	1241340601	10019663791	1	1.0	0.0
GCF_027579735.1	Bombina bombina	Amphibia	RYR	found_annotated	found	1	ryr_sister	present in every vertebrate	0			Chromosome	Y	RefSeq	3759931	1241340601	10019663791	1	1.0	0.0
GCF_027595985.1	Sorex araneus	Mammalia	ITPR1	found_annotated	found	1	itpr_present	S15a present_single_locus (R1)	0	present_single_locus	R1	Chromosome	Y	RefSeq	4024507	374364821	2405993548	1	1.0	0.0
GCF_027595985.1	Sorex araneus	Mammalia	ITPR2	found_annotated	found	1	itpr_present	S15a present_single_locus (R1)	0	present_single_locus	R1	Chromosome	Y	RefSeq	4024507	374364821	2405993548	1	1.0	0.0
GCF_027595985.1	Sorex araneus	Mammalia	ITPR3	found_annotated	found	1	itpr_present	S15a present_single_locus (R1)	0	present_single_locus	R1	Chromosome	Y	RefSeq	4024507	374364821	2405993548	1	1.0	0.0
GCF_027595985.1	Sorex araneus	Mammalia	RYR	found_annotated	found	1	ryr_sister	present in every vertebrate	0			Chromosome	Y	RefSeq	4024507	374364821	2405993548	1	1.0	0.0
GCF_028372415.1	Notamacropus eugenii	Mammalia	ITPR1	found_annotated	found	1	itpr_present	S15a present_single_locus (R1)	0	present_single_locus	R1	Chromosome	Y	RefSeq	15255043	489668034	3447464908	1	1.0	0.0
GCF_028372415.1	Notamacropus eugenii	Mammalia	ITPR2	found_annotated	found	1	itpr_present	S15a present_single_locus (R1)	0	present_single_locus	R1	Chromosome	Y	RefSeq	15255043	489668034	3447464908	1	1.0	0.0
GCF_028372415.1	Notamacropus eugenii	Mammalia	ITPR3	found_annotated	found	1	itpr_present	S15a present_single_locus (R1)	0	present_single_locus	R1	Chromosome	Y	RefSeq	15255043	489668034	3447464908	1	1.0	0.0
GCF_028372415.1	Notamacropus eugenii	Mammalia	RYR	found_annotated	found	1	ryr_sister	present in every vertebrate	0			Chromosome	Y	RefSeq	15255043	489668034	3447464908	1	1.0	0.0
GCF_028389875.1	Rhea pennata	Aves	ITPR1	found_annotated	found	1	itpr_present	S15a present_single_locus (R1)	0	present_single_locus	R1	Chromosome	Y	RefSeq	19335416	82467789	1269000025	1	1.0	0.0
GCF_028389875.1	Rhea pennata	Aves	ITPR2	found_annotated	found	1	itpr_present	S15a present_single_locus (R1)	0	present_single_locus	R1	Chromosome	Y	RefSeq	19335416	82467789	1269000025	1	1.0	0.0
GCF_028389875.1	Rhea pennata	Aves	ITPR3	found_annotated	found	1	itpr_present	S15a present_single_locus (R1)	0	present_single_locus	R1	Chromosome	Y	RefSeq	19335416	82467789	1269000025	1	1.0	0.0
GCF_028389875.1	Rhea pennata	Aves	RYR	found_annotated	found	1	ryr_sister	present in every vertebrate	0			Chromosome	Y	RefSeq	19335416	82467789	1269000025	1	1.0	0.0
GCF_028858725.1	Colius striatus	Aves	ITPR1	found_annotated	found	1	itpr_present	S15a present_single_locus (R1)	0	present_single_locus	R1	Chromosome	Y	RefSeq	21931325	89023854	1212464869	1	1.0	0.0
GCF_028858725.1	Colius striatus	Aves	ITPR2	found_annotated	found	1	itpr_present	S15a present_single_locus (R1)	0	present_single_locus	R1	Chromosome	Y	RefSeq	21931325	89023854	1212464869	1	1.0	0.0
GCF_028858725.1	Colius striatus	Aves	ITPR3	found_annotated	found	1	itpr_present	S15a present_single_locus (R1)	0	present_single_locus	R1	Chromosome	Y	RefSeq	21931325	89023854	1212464869	1	1.0	0.0
GCF_028858725.1	Colius striatus	Aves	RYR	found_annotated	found	1	ryr_sister	present in every vertebrate	0			Chromosome	Y	RefSeq	21931325	89023854	1212464869	1	0.993	0.0
GCF_029633855.1	Hoplias malabaricus	Actinopteri	ITPR1	found_annotated	found	1	itpr_present	S15a present_single_locus (R1)	0	present_single_locus	R1	Chromosome	Y	RefSeq	3626585	53138383	1186354877	1	1.0	0.0
GCF_029633855.1	Hoplias malabaricus	Actinopteri	ITPR2	found_annotated	found	1	itpr_present	S15a present_single_locus (R1)	0	present_single_locus	R1	Chromosome	Y	RefSeq	3626585	53138383	1186354877	1	1.0	0.0
GCF_029633855.1	Hoplias malabaricus	Actinopteri	ITPR3	found_annotated	found	1	itpr_present	S15a present_single_locus (R1)	0	present_single_locus	R1	Chromosome	Y	RefSeq	3626585	53138383	1186354877	1	1.0	0.0
GCF_029633855.1	Hoplias malabaricus	Actinopteri	RYR	found_annotated	found	1	ryr_sister	present in every vertebrate	0			Chromosome	Y	RefSeq	3626585	53138383	1186354877	1	1.0	0.0
GCF_029633865.1	Lampris incognitus	Actinopteri	ITPR1	found_annotated	found	1	itpr_present	S15a present_single_locus (R1)	0	present_single_locus	R1	Chromosome	Y	RefSeq	917127	62607046	1482357630	1	1.0	0.0
GCF_029633865.1	Lampris incognitus	Actinopteri	ITPR2	found_annotated	found	1	itpr_present	S15a present_single_locus (R1)	0	present_single_locus	R1	Chromosome	Y	RefSeq	917127	62607046	1482357630	1	1.0	0.0
GCF_029633865.1	Lampris incognitus	Actinopteri	ITPR3	found_annotated	found	1	itpr_present	S15a present_single_locus (R1)	0	present_single_locus	R1	Chromosome	Y	RefSeq	917127	62607046	1482357630	1	0.9944	0.0
GCF_029633865.1	Lampris incognitus	Actinopteri	RYR	found_annotated	found	1	ryr_sister	present in every vertebrate	0			Chromosome	Y	RefSeq	917127	62607046	1482357630	1	1.0	0.0
GCF_030020395.1	Manis pentadactyla	Mammalia	ITPR1	found_annotated	found	1	itpr_present	S15a present_single_locus (R1)	0	present_single_locus	R1	Chromosome	Y	RefSeq	25547713	149551276	2840164579	1	1.0	0.0
GCF_030020395.1	Manis pentadactyla	Mammalia	ITPR2	found_annotated	found	1	itpr_present	S15a present_single_locus (R1)	0	present_single_locus	R1	Chromosome	Y	RefSeq	25547713	149551276	2840164579	1	1.0	0.0
GCF_030020395.1	Manis pentadactyla	Mammalia	ITPR3	found_annotated	found	1	itpr_present	S15a present_single_locus (R1)	0	present_single_locus	R1	Chromosome	Y	RefSeq	25547713	149551276	2840164579	1	1.0	0.0
GCF_030020395.1	Manis pentadactyla	Mammalia	RYR	found_annotated	found	1	ryr_sister	present in every vertebrate	0			Chromosome	Y	RefSeq	25547713	149551276	2840164579	1	1.0	0.0
GCF_030445035.2	Dasypus novemcinctus	Mammalia	ITPR1	found_annotated	found	1	itpr_present	S15a present_single_locus (R1)	0	present_single_locus	R1	Chromosome	Y	RefSeq	13963394	127081865	3610534858	1	1.0	0.0
GCF_030445035.2	Dasypus novemcinctus	Mammalia	ITPR2	found_annotated	found	1	itpr_present	S15a present_single_locus (R1)	0	present_single_locus	R1	Chromosome	Y	RefSeq	13963394	127081865	3610534858	1	1.0	0.0
GCF_030445035.2	Dasypus novemcinctus	Mammalia	ITPR3	found_annotated	found	1	itpr_present	S15a present_single_locus (R1)	0	present_single_locus	R1	Chromosome	Y	RefSeq	13963394	127081865	3610534858	1	1.0	0.0
GCF_030445035.2	Dasypus novemcinctus	Mammalia	RYR	found_annotated	found	1	ryr_sister	present in every vertebrate	0			Chromosome	Y	RefSeq	13963394	127081865	3610534858	1	1.0	0.0
GCF_030463565.1	Pelecanus crispus	Aves	ITPR1	found_annotated	found	1	itpr_present	S15a present_single_locus (R1)	0	present_single_locus	R1	Chromosome	Y	RefSeq	9666746	86807213	1314568463	1	1.0	0.0
GCF_030463565.1	Pelecanus crispus	Aves	ITPR2	found_annotated	found	1	itpr_present	S15a present_single_locus (R1)	0	present_single_locus	R1	Chromosome	Y	RefSeq	9666746	86807213	1314568463	1	1.0	0.0
GCF_030463565.1	Pelecanus crispus	Aves	ITPR3	found_annotated	found	1	itpr_present	S15a present_single_locus (R1)	0	present_single_locus	R1	Chromosome	Y	RefSeq	9666746	86807213	1314568463	1	1.0	0.0
GCF_030463565.1	Pelecanus crispus	Aves	RYR	found_annotated	found	1	ryr_sister	present in every vertebrate	0			Chromosome	Y	RefSeq	9666746	86807213	1314568463	1	1.0	0.0
GCF_030490865.1	Poecile atricapillus	Aves	ITPR1	found_annotated	found	1	itpr_present	S15a present_single_locus (R1)	0	present_single_locus	R1	Chromosome	Y	RefSeq	8462732	107919339	1251116877	1	1.0	0.0
GCF_030490865.1	Poecile atricapillus	Aves	ITPR2	found_annotated	found	1	itpr_present	S15a present_single_locus (R1)	0	present_single_locus	R1	Chromosome	Y	RefSeq	8462732	107919339	1251116877	1	1.0	0.0
GCF_030490865.1	Poecile atricapillus	Aves	ITPR3	found_annotated	found	1	itpr_present	S15a present_single_locus (R1)	0	present_single_locus	R1	Chromosome	Y	RefSeq	8462732	107919339	1251116877	1	1.0	0.0
GCF_030490865.1	Poecile atricapillus	Aves	RYR	found_annotated	found	1	ryr_sister	present in every vertebrate	0			Chromosome	Y	RefSeq	8462732	107919339	1251116877	1	1.0	0.0
GCF_030867095.1	Alligator mississippiensis	Crocodylia	ITPR1	found_annotated	found	1	itpr_present	S15a present_single_locus (R1)	0	present_single_locus	R1	Chromosome	Y	RefSeq	38556409	255078640	2346779227	1	0.9978	0.0
GCF_030867095.1	Alligator mississippiensis	Crocodylia	ITPR2	found_annotated	found	1	itpr_present	S15a present_single_locus (R1)	0	present_single_locus	R1	Chromosome	Y	RefSeq	38556409	255078640	2346779227	1	1.0	0.0
GCF_030867095.1	Alligator mississippiensis	Crocodylia	ITPR3	found_annotated	found	1	itpr_present	S15a present_single_locus (R1)	0	present_single_locus	R1	Chromosome	Y	RefSeq	38556409	255078640	2346779227	1	1.0	0.0
GCF_030867095.1	Alligator mississippiensis	Crocodylia	RYR	found_annotated	found	1	ryr_sister	present in every vertebrate	0			Chromosome	Y	RefSeq	38556409	255078640	2346779227	1	1.0	0.0
GCF_030867145.1	Opisthocomus hoazin	Aves	ITPR1	found_annotated	found	1	itpr_present	S15a present_single_locus (R1)	0	present_single_locus	R1	Chromosome	Y	RefSeq	14274197	80946297	1482459898	1	1.0	0.0
GCF_030867145.1	Opisthocomus hoazin	Aves	ITPR2	found_annotated	found	1	itpr_present	S15a present_single_locus (R1)	0	present_single_locus	R1	Chromosome	Y	RefSeq	14274197	80946297	1482459898	1	1.0	0.0
GCF_030867145.1	Opisthocomus hoazin	Aves	ITPR3	found_annotated	found	1	itpr_present	S15a present_single_locus (R1)	0	present_single_locus	R1	Chromosome	Y	RefSeq	14274197	80946297	1482459898	1	1.0	0.0
GCF_030867145.1	Opisthocomus hoazin	Aves	RYR	found_annotated	found	1	ryr_sister	present in every vertebrate	0			Chromosome	Y	RefSeq	14274197	80946297	1482459898	1	1.0	0.0
GCF_030936135.1	Gavia stellata	Aves	ITPR1	found_annotated	found	1	itpr_present	S15a present_single_locus (R1)	0	present_single_locus	R1	Chromosome	Y	RefSeq	13765203	50637386	1321270170	1	1.0	0.0
GCF_030936135.1	Gavia stellata	Aves	ITPR2	found_annotated	found	1	itpr_present	S15a present_single_locus (R1)	0	present_single_locus	R1	Chromosome	Y	RefSeq	13765203	50637386	1321270170	1	1.0	0.0
GCF_030936135.1	Gavia stellata	Aves	ITPR3	found_annotated	found	1	itpr_present	S15a present_single_locus (R1)	0	present_single_locus	R1	Chromosome	Y	RefSeq	13765203	50637386	1321270170	1	1.0	0.0
GCF_030936135.1	Gavia stellata	Aves	RYR	found_annotated	found	1	ryr_sister	present in every vertebrate	0			Chromosome	Y	RefSeq	13765203	50637386	1321270170	1	1.0	0.0
GCF_033026475.1	Channa argus	Actinopteri	ITPR1	found_annotated	found	1	itpr_present	S15a present_single_locus (R1)	0	present_single_locus	R1	Chromosome	Y	RefSeq	16561385	27733855	675457141	1	1.0	0.0
GCF_033026475.1	Channa argus	Actinopteri	ITPR2	found_annotated	found	1	itpr_present	S15a present_single_locus (R1)	0	present_single_locus	R1	Chromosome	Y	RefSeq	16561385	27733855	675457141	1	1.0	0.0
GCF_033026475.1	Channa argus	Actinopteri	ITPR3	found_annotated	found	1	itpr_present	S15a present_single_locus (R1)	0	present_single_locus	R1	Chromosome	Y	RefSeq	16561385	27733855	675457141	1	1.0	0.0
GCF_033026475.1	Channa argus	Actinopteri	RYR	found_annotated	found	1	ryr_sister	present in every vertebrate	0			Chromosome	Y	RefSeq	16561385	27733855	675457141	1	1.0	0.0
GCF_033807715.1	Cololabis saira	Actinopteri	ITPR1	found_annotated	found	1	itpr_present	S15a present_single_locus (R1)	0	present_single_locus	R1	Chromosome	Y	RefSeq	8087617	47710000	1146345828	1	1.0	0.0
GCF_033807715.1	Cololabis saira	Actinopteri	ITPR2	found_annotated	found	1	itpr_present	S15a present_single_locus (R1)	0	present_single_locus	R1	Chromosome	Y	RefSeq	8087617	47710000	1146345828	1	1.0	0.0
GCF_033807715.1	Cololabis saira	Actinopteri	ITPR3	found_annotated	found	1	itpr_present	S15a present_single_locus (R1)	0	present_single_locus	R1	Chromosome	Y	RefSeq	8087617	47710000	1146345828	1	1.0	0.0
GCF_033807715.1	Cololabis saira	Actinopteri	RYR	found_annotated	found	1	ryr_sister	present in every vertebrate	0			Chromosome	Y	RefSeq	8087617	47710000	1146345828	1	1.0	0.0
GCF_033978785.1	Entelurus aequoreus	Actinopteri	ITPR1	found_annotated	found	1	itpr_present	S15a present_single_locus (R1)	0	present_single_locus	R1	Chromosome	Y	RefSeq	2039131	75786231	1892198045	1	1.0	0.0
GCF_033978785.1	Entelurus aequoreus	Actinopteri	ITPR2	found_annotated	found	1	itpr_present	S15a present_single_locus (R1)	0	present_single_locus	R1	Chromosome	Y	RefSeq	2039131	75786231	1892198045	1	1.0	0.0
GCF_033978785.1	Entelurus aequoreus	Actinopteri	ITPR3	found_annotated	found	1	itpr_present	S15a present_single_locus (R1)	0	present_single_locus	R1	Chromosome	Y	RefSeq	2039131	75786231	1892198045	1	0.9989	0.0
GCF_033978785.1	Entelurus aequoreus	Actinopteri	RYR	found_annotated	found	1	ryr_sister	present in every vertebrate	0			Chromosome	Y	RefSeq	2039131	75786231	1892198045	1	1.0	0.0
GCF_034619465.1	Leptosomus discolor	Aves	ITPR1	found_annotated	found	1	itpr_present	S15a present_single_locus (R1)	0	present_single_locus	R1	Chromosome	Y	RefSeq	8826436	82124922	1332028070	1	1.0	0.0
GCF_034619465.1	Leptosomus discolor	Aves	ITPR2	found_annotated	found	1	itpr_present	S15a present_single_locus (R1)	0	present_single_locus	R1	Chromosome	Y	RefSeq	8826436	82124922	1332028070	1	1.0	0.0
GCF_034619465.1	Leptosomus discolor	Aves	ITPR3	found_annotated	found	1	itpr_present	S15a present_single_locus (R1)	0	present_single_locus	R1	Chromosome	Y	RefSeq	8826436	82124922	1332028070	1	1.0	0.0
GCF_034619465.1	Leptosomus discolor	Aves	RYR	found_annotated	found	1	ryr_sister	present in every vertebrate	0			Chromosome	Y	RefSeq	8826436	82124922	1332028070	1	1.0	0.0
GCF_034638445.1	Ciconia boyciana	Aves	ITPR1	found_annotated	found	1	itpr_present	S15a present_single_locus (R1)	0	present_single_locus	R1	Chromosome	Y	RefSeq	35788150	102765642	1240615254	1	1.0	0.0
GCF_034638445.1	Ciconia boyciana	Aves	ITPR2	found_annotated	found	1	itpr_present	S15a present_single_locus (R1)	0	present_single_locus	R1	Chromosome	Y	RefSeq	35788150	102765642	1240615254	1	1.0	0.0
GCF_034638445.1	Ciconia boyciana	Aves	ITPR3	found_annotated	found	1	itpr_present	S15a present_single_locus (R1)	0	present_single_locus	R1	Chromosome	Y	RefSeq	35788150	102765642	1240615254	1	1.0	0.0
GCF_034638445.1	Ciconia boyciana	Aves	RYR	found_annotated	found	1	ryr_sister	present in every vertebrate	0			Chromosome	Y	RefSeq	35788150	102765642	1240615254	1	1.0	0.0
GCF_034702125.1	Engraulis encrasicolus	Actinopteri	ITPR1	found_annotated	found	1	itpr_present	S15a present_single_locus (R1)	0	present_single_locus	R1	Chromosome	Y	RefSeq	1448200	56351229	1435183673	1	1.0	0.0
GCF_034702125.1	Engraulis encrasicolus	Actinopteri	ITPR2	found_annotated	found	1	itpr_present	S15a present_single_locus (R1)	0	present_single_locus	R1	Chromosome	Y	RefSeq	1448200	56351229	1435183673	1	1.0	0.0
GCF_034702125.1	Engraulis encrasicolus	Actinopteri	ITPR3	found_annotated	found	1	itpr_present	S15a present_single_locus (R1)	0	present_single_locus	R1	Chromosome	Y	RefSeq	1448200	56351229	1435183673	1	1.0	0.0
GCF_034702125.1	Engraulis encrasicolus	Actinopteri	RYR	found_annotated	found	1	ryr_sister	present in every vertebrate	0			Chromosome	Y	RefSeq	1448200	56351229	1435183673	1	1.0	0.0
GCF_035084215.1	Heptranchias perlo	Chondrichthyes	ITPR1	found_annotated	found	1	itpr_present	S15a present_single_locus (R1)	0	present_single_locus	R1	Chromosome	Y	RefSeq	4905566	66821466	3249915908	1	1.0	0.0
GCF_035084215.1	Heptranchias perlo	Chondrichthyes	ITPR2	found_annotated	found	1	itpr_present	S15a present_single_locus (R1)	0	present_single_locus	R1	Chromosome	Y	RefSeq	4905566	66821466	3249915908	1	1.0	0.0
GCF_035084215.1	Heptranchias perlo	Chondrichthyes	ITPR3	found_annotated	found	1	itpr_present	S15a present_single_locus (R1)	0	present_single_locus	R1	Chromosome	Y	RefSeq	4905566	66821466	3249915908	1	1.0	0.0
GCF_035084215.1	Heptranchias perlo	Chondrichthyes	RYR	found_annotated	found	1	ryr_sister	present in every vertebrate	0			Chromosome	Y	RefSeq	4905566	66821466	3249915908	1	0.9972	0.0
GCF_035582795.1	Mycteria americana	Aves	ITPR1	found_annotated	found	1	itpr_present	S15a present_single_locus (R1)	0	present_single_locus	R1	Chromosome	Y	RefSeq	36845572	80020930	1348542611	1	1.0	0.0
GCF_035582795.1	Mycteria americana	Aves	ITPR2	found_annotated	found	1	itpr_present	S15a present_single_locus (R1)	0	present_single_locus	R1	Chromosome	Y	RefSeq	36845572	80020930	1348542611	1	1.0	0.0
GCF_035582795.1	Mycteria americana	Aves	ITPR3	found_annotated	found	1	itpr_present	S15a present_single_locus (R1)	0	present_single_locus	R1	Chromosome	Y	RefSeq	36845572	80020930	1348542611	1	1.0	0.0
GCF_035582795.1	Mycteria americana	Aves	RYR	found_annotated	found	1	ryr_sister	present in every vertebrate	0			Chromosome	Y	RefSeq	36845572	80020930	1348542611	1	1.0	0.0
GCF_035609145.1	Eleutherodactylus coqui	Amphibia	ITPR1	found_annotated	found	1	itpr_present	S15a present_single_locus (R1)	0	present_single_locus	R1	Chromosome	Y	RefSeq	10388966	277440397	3371297528	1	1.0	0.0
GCF_035609145.1	Eleutherodactylus coqui	Amphibia	ITPR2	found_annotated	found	1	itpr_present	S15a present_single_locus (R1)	0	present_single_locus	R1	Chromosome	Y	RefSeq	10388966	277440397	3371297528	1	0.8828	0.0
GCF_035609145.1	Eleutherodactylus coqui	Amphibia	ITPR3	found_annotated	found	1	itpr_present	S15a present_single_locus (R1)	0	present_single_locus	R1	Chromosome	Y	RefSeq	10388966	277440397	3371297528	1	1.0	0.0
GCF_035609145.1	Eleutherodactylus coqui	Amphibia	RYR	found_annotated	found	1	ryr_sister	present in every vertebrate	0			Chromosome	Y	RefSeq	10388966	277440397	3371297528	1	1.0	0.0
GCF_036013445.1	Caloenas nicobarica	Aves	ITPR1	found_annotated	found	1	itpr_present	S15a present_single_locus (R1)	0	present_single_locus	R1	Chromosome	Y	RefSeq	25101800	79699707	1285834579	1	1.0	0.0
GCF_036013445.1	Caloenas nicobarica	Aves	ITPR2	found_annotated	found	1	itpr_present	S15a present_single_locus (R1)	0	present_single_locus	R1	Chromosome	Y	RefSeq	25101800	79699707	1285834579	1	1.0	0.0
GCF_036013445.1	Caloenas nicobarica	Aves	ITPR3	found_annotated	found	1	itpr_present	S15a present_single_locus (R1)	0	present_single_locus	R1	Chromosome	Y	RefSeq	25101800	79699707	1285834579	1	1.0	0.0
GCF_036013445.1	Caloenas nicobarica	Aves	RYR	found_annotated	found	1	ryr_sister	present in every vertebrate	0			Chromosome	Y	RefSeq	25101800	79699707	1285834579	1	1.0	0.0
GCF_036365525.1	Heterodontus francisci	Chondrichthyes	ITPR1	found_annotated	found	1	itpr_present	S15a present_single_locus (R1)	0	present_single_locus	R1	Chromosome	Y	RefSeq	3418954	90140832	6013048672	1	1.0	0.0
GCF_036365525.1	Heterodontus francisci	Chondrichthyes	ITPR2	found_annotated	found	1	itpr_present	S15a present_single_locus (R1)	0	present_single_locus	R1	Chromosome	Y	RefSeq	3418954	90140832	6013048672	1	1.0	0.0
GCF_036365525.1	Heterodontus francisci	Chondrichthyes	ITPR3	found_annotated	found	1	itpr_present	S15a present_single_locus (R1)	0	present_single_locus	R1	Chromosome	Y	RefSeq	3418954	90140832	6013048672	1	1.0	0.0
GCF_036365525.1	Heterodontus francisci	Chondrichthyes	RYR	found_annotated	found	1	ryr_sister	present in every vertebrate	0			Chromosome	Y	RefSeq	3418954	90140832	6013048672	1	0.9972	0.0
GCF_036370855.1	Dromaius novaehollandiae	Aves	ITPR1	found_annotated	found	1	itpr_present	S15a present_single_locus (R1)	0	present_single_locus	R1	Chromosome	Y	RefSeq	24239989	77929039	1468706110	1	1.0	0.0
GCF_036370855.1	Dromaius novaehollandiae	Aves	ITPR2	found_annotated	found	1	itpr_present	S15a present_single_locus (R1)	0	present_single_locus	R1	Chromosome	Y	RefSeq	24239989	77929039	1468706110	1	1.0	0.0
GCF_036370855.1	Dromaius novaehollandiae	Aves	ITPR3	found_annotated	found	1	itpr_present	S15a present_single_locus (R1)	0	present_single_locus	R1	Chromosome	Y	RefSeq	24239989	77929039	1468706110	1	1.0	0.0
GCF_036370855.1	Dromaius novaehollandiae	Aves	RYR	found_annotated	found	1	ryr_sister	present in every vertebrate	0			Chromosome	Y	RefSeq	24239989	77929039	1468706110	1	1.0	0.0
GCF_036373705.1	Amia ocellicauda	Actinopteri	ITPR1	found_annotated	found	1	itpr_present	S15a present_single_locus (R1)	0	present_single_locus	R1	Chromosome	Y	RefSeq	17465777	44181238	989103751	1	1.0	0.0
GCF_036373705.1	Amia ocellicauda	Actinopteri	ITPR2	found_annotated	found	1	itpr_present	S15a present_single_locus (R1)	0	present_single_locus	R1	Chromosome	Y	RefSeq	17465777	44181238	989103751	1	1.0	0.0
GCF_036373705.1	Amia ocellicauda	Actinopteri	ITPR3	found_annotated	found	1	itpr_present	S15a present_single_locus (R1)	0	present_single_locus	R1	Chromosome	Y	RefSeq	17465777	44181238	989103751	1	1.0	0.0
GCF_036373705.1	Amia ocellicauda	Actinopteri	RYR	found_annotated	found	1	ryr_sister	present in every vertebrate	0			Chromosome	Y	RefSeq	17465777	44181238	989103751	1	1.0	0.0
GCF_036417535.1	Chlamydotis macqueenii	Aves	ITPR1	found_annotated	found	1	itpr_present	S15a present_single_locus (R1)	0	present_single_locus	R1	Chromosome	Y	RefSeq	25335467	84623986	1273916401	1	1.0	0.0
GCF_036417535.1	Chlamydotis macqueenii	Aves	ITPR2	found_annotated	found	1	itpr_present	S15a present_single_locus (R1)	0	present_single_locus	R1	Chromosome	Y	RefSeq	25335467	84623986	1273916401	1	1.0	0.0
GCF_036417535.1	Chlamydotis macqueenii	Aves	ITPR3	found_annotated	found	1	itpr_present	S15a present_single_locus (R1)	0	present_single_locus	R1	Chromosome	Y	RefSeq	25335467	84623986	1273916401	1	1.0	0.0
GCF_036417535.1	Chlamydotis macqueenii	Aves	RYR	found_annotated	found	1	ryr_sister	present in every vertebrate	0			Chromosome	Y	RefSeq	25335467	84623986	1273916401	1	1.0	0.0
GCF_036417845.1	Apteryx mantelli	Aves	ITPR1	found_annotated	found	1	itpr_present	S15a present_single_locus (R1)	0	present_single_locus	R1	Chromosome	Y	RefSeq	19797665	88095958	1504396159	1	1.0	0.0
GCF_036417845.1	Apteryx mantelli	Aves	ITPR2	found_annotated	found	1	itpr_present	S15a present_single_locus (R1)	0	present_single_locus	R1	Chromosome	Y	RefSeq	19797665	88095958	1504396159	1	1.0	0.0
GCF_036417845.1	Apteryx mantelli	Aves	ITPR3	found_annotated	found	1	itpr_present	S15a present_single_locus (R1)	0	present_single_locus	R1	Chromosome	Y	RefSeq	19797665	88095958	1504396159	1	1.0	0.0
GCF_036417845.1	Apteryx mantelli	Aves	RYR	found_annotated	found	1	ryr_sister	present in every vertebrate	0			Chromosome	Y	RefSeq	19797665	88095958	1504396159	1	0.9974	0.0
GCF_036850765.1	Saccopteryx bilineata	Mammalia	ITPR1	found_annotated	found	1	itpr_present	S15a present_single_locus (R1)	0	present_single_locus	R1	Chromosome	Y	RefSeq	20156883	300074216	2612309609	1	1.0	0.0
GCF_036850765.1	Saccopteryx bilineata	Mammalia	ITPR2	found_annotated	found	1	itpr_present	S15a present_single_locus (R1)	0	present_single_locus	R1	Chromosome	Y	RefSeq	20156883	300074216	2612309609	1	1.0	0.0
GCF_036850765.1	Saccopteryx bilineata	Mammalia	ITPR3	found_annotated	found	1	itpr_present	S15a present_single_locus (R1)	0	present_single_locus	R1	Chromosome	Y	RefSeq	20156883	300074216	2612309609	1	1.0	0.0
GCF_036850765.1	Saccopteryx bilineata	Mammalia	RYR	found_annotated	found	1	ryr_sister	present in every vertebrate	0			Chromosome	Y	RefSeq	20156883	300074216	2612309609	1	1.0	0.0
GCF_036971445.1	Narcine bancroftii	Chondrichthyes	ITPR1	found_annotated	found	1	itpr_present	S15a present_single_locus (R1)	0	present_single_locus	R1	Chromosome	Y	RefSeq	5195315	257710454	3328432768	1	1.0	0.0
GCF_036971445.1	Narcine bancroftii	Chondrichthyes	ITPR2	found_annotated	found	1	itpr_present	S15a present_single_locus (R1)	0	present_single_locus	R1	Chromosome	Y	RefSeq	5195315	257710454	3328432768	1	0.9985	0.0
GCF_036971445.1	Narcine bancroftii	Chondrichthyes	ITPR3	found_annotated	found	1	itpr_present	S15a present_single_locus (R1)	0	present_single_locus	R1	Chromosome	Y	RefSeq	5195315	257710454	3328432768	1	1.0	0.0
GCF_036971445.1	Narcine bancroftii	Chondrichthyes	RYR	found_annotated	found	1	ryr_sister	present in every vertebrate	0			Chromosome	Y	RefSeq	5195315	257710454	3328432768	1	0.9972	0.0
GCF_037157495.1	Lathamus discolor	Aves	ITPR1	found_annotated	found	1	itpr_present	S15a present_single_locus (R1)	0	present_single_locus	R1	Chromosome	Y	RefSeq	19972387	126105786	1241003407	1	1.0	0.0
GCF_037157495.1	Lathamus discolor	Aves	ITPR2	found_annotated	found	1	itpr_present	S15a present_single_locus (R1)	0	present_single_locus	R1	Chromosome	Y	RefSeq	19972387	126105786	1241003407	1	1.0	0.0
GCF_037157495.1	Lathamus discolor	Aves	ITPR3	found_annotated	found	1	itpr_present	S15a present_single_locus (R1)	0	present_single_locus	R1	Chromosome	Y	RefSeq	19972387	126105786	1241003407	1	1.0	0.0
GCF_037157495.1	Lathamus discolor	Aves	RYR	found_annotated	found	1	ryr_sister	present in every vertebrate	0			Chromosome	Y	RefSeq	19972387	126105786	1241003407	1	1.0	0.0
GCF_037176945.1	Latimeria chalumnae	Coelacanthimorpha	ITPR1	found_annotated	found	1	itpr_present	S15a present_single_locus (R1)	0	present_single_locus	R1	Chromosome	Y	RefSeq	42076942	188107785	2947609019	1	1.0	0.0
GCF_037176945.1	Latimeria chalumnae	Coelacanthimorpha	ITPR2	found_annotated	found	1	itpr_present	S15a present_single_locus (R1)	0	present_single_locus	R1	Chromosome	Y	RefSeq	42076942	188107785	2947609019	1	1.0	0.0
GCF_037176945.1	Latimeria chalumnae	Coelacanthimorpha	ITPR3	found_annotated	found	1	itpr_present	S15a present_single_locus (R1)	0	present_single_locus	R1	Chromosome	Y	RefSeq	42076942	188107785	2947609019	1	1.0	0.0
GCF_037176945.1	Latimeria chalumnae	Coelacanthimorpha	RYR	found_annotated	found	1	ryr_sister	present in every vertebrate	0			Chromosome	Y	RefSeq	42076942	188107785	2947609019	1	1.0	0.0
GCF_037893015.1	Macrotis lagotis	Mammalia	ITPR1	found_annotated	found	1	itpr_present	S15a present_single_locus (R1)	0	present_single_locus	R1	Chromosome	Y	RefSeq	1227456	343853051	3655715178	1	1.0	0.0
GCF_037893015.1	Macrotis lagotis	Mammalia	ITPR2	found_annotated	found	1	itpr_present	S15a present_single_locus (R1)	0	present_single_locus	R1	Chromosome	Y	RefSeq	1227456	343853051	3655715178	1	1.0	0.0
GCF_037893015.1	Macrotis lagotis	Mammalia	ITPR3	found_annotated	found	1	itpr_present	S15a present_single_locus (R1)	0	present_single_locus	R1	Chromosome	Y	RefSeq	1227456	343853051	3655715178	1	1.0	0.0
GCF_037893015.1	Macrotis lagotis	Mammalia	RYR	found_annotated	found	1	ryr_sister	present in every vertebrate	0			Chromosome	Y	RefSeq	1227456	343853051	3655715178	1	1.0	0.0
GCF_039877785.1	Chaetodon trifascialis	Actinopteri	ITPR1	found_annotated	found	1	itpr_present	S15a present_single_locus (R1)	0	present_single_locus	R1	Chromosome	Y	RefSeq	21327470	29139200	662489023	1	1.0	0.0
GCF_039877785.1	Chaetodon trifascialis	Actinopteri	ITPR2	found_annotated	found	1	itpr_present	S15a present_single_locus (R1)	0	present_single_locus	R1	Chromosome	Y	RefSeq	21327470	29139200	662489023	1	1.0	0.0
GCF_039877785.1	Chaetodon trifascialis	Actinopteri	ITPR3	found_annotated	found	1	itpr_present	S15a present_single_locus (R1)	0	present_single_locus	R1	Chromosome	Y	RefSeq	21327470	29139200	662489023	1	1.0	0.0
GCF_039877785.1	Chaetodon trifascialis	Actinopteri	RYR	found_annotated	found	1	ryr_sister	present in every vertebrate	0			Chromosome	Y	RefSeq	21327470	29139200	662489023	1	1.0	0.0
GCF_040054535.1	Antennarius striatus	Actinopteri	ITPR1	found_annotated	found	1	itpr_present	S15a present_single_locus (R1)	0	present_single_locus	R1	Chromosome	Y	RefSeq	21047747	23897462	548561997	1	1.0	0.0
GCF_040054535.1	Antennarius striatus	Actinopteri	ITPR2	found_annotated	found	1	itpr_present	S15a present_single_locus (R1)	0	present_single_locus	R1	Chromosome	Y	RefSeq	21047747	23897462	548561997	1	1.0	0.0
GCF_040054535.1	Antennarius striatus	Actinopteri	ITPR3	found_annotated	found	1	itpr_present	S15a present_single_locus (R1)	0	present_single_locus	R1	Chromosome	Y	RefSeq	21047747	23897462	548561997	1	1.0	0.0
GCF_040054535.1	Antennarius striatus	Actinopteri	RYR	found_annotated	found	1	ryr_sister	present in every vertebrate	0			Chromosome	Y	RefSeq	21047747	23897462	548561997	1	1.0	0.0
GCF_040807025.1	Struthio camelus	Aves	ITPR1	found_annotated	found	1	itpr_present	S15a present_single_locus (R1)	0	present_single_locus	R1	Chromosome	Y	RefSeq	28829471	84633522	1452018929	1	1.0	0.0
GCF_040807025.1	Struthio camelus	Aves	ITPR2	found_annotated	found	1	itpr_present	S15a present_single_locus (R1)	0	present_single_locus	R1	Chromosome	Y	RefSeq	28829471	84633522	1452018929	1	1.0	0.0
GCF_040807025.1	Struthio camelus	Aves	ITPR3	found_annotated	found	1	itpr_present	S15a present_single_locus (R1)	0	present_single_locus	R1	Chromosome	Y	RefSeq	28829471	84633522	1452018929	1	1.0	0.0
GCF_040807025.1	Struthio camelus	Aves	RYR	found_annotated	found	1	ryr_sister	present in every vertebrate	0			Chromosome	Y	RefSeq	28829471	84633522	1452018929	1	1.0	0.0
GCF_040954835.1	Lepisosteus oculatus	Actinopteri	ITPR1	found_annotated	found	1	itpr_present	S15a present_single_locus (R1)	0	present_single_locus	R1	Chromosome	Y	RefSeq	20019514	47769348	1200589847	1	1.0	0.0
GCF_040954835.1	Lepisosteus oculatus	Actinopteri	ITPR2	found_annotated	found	1	itpr_present	S15a present_single_locus (R1)	0	present_single_locus	R1	Chromosome	Y	RefSeq	20019514	47769348	1200589847	1	1.0	0.0
GCF_040954835.1	Lepisosteus oculatus	Actinopteri	ITPR3	found_annotated	found	1	itpr_present	S15a present_single_locus (R1)	0	present_single_locus	R1	Chromosome	Y	RefSeq	20019514	47769348	1200589847	1	1.0	0.0
GCF_040954835.1	Lepisosteus oculatus	Actinopteri	RYR	found_annotated	found	1	ryr_sister	present in every vertebrate	0			Chromosome	Y	RefSeq	20019514	47769348	1200589847	1	1.0	0.0
GCF_041296385.2	Aphelocoma coerulescens	Aves	ITPR1	found_annotated	found	1	itpr_present	S15a present_single_locus (R1)	0	present_single_locus	R1	Chromosome	Y	RefSeq	17285536	68049500	1330898477	1	1.0	0.0
GCF_041296385.2	Aphelocoma coerulescens	Aves	ITPR2	found_annotated	found	1	itpr_present	S15a present_single_locus (R1)	0	present_single_locus	R1	Chromosome	Y	RefSeq	17285536	68049500	1330898477	1	1.0	0.0
GCF_041296385.2	Aphelocoma coerulescens	Aves	ITPR3	found_annotated	found	1	itpr_present	S15a present_single_locus (R1)	0	present_single_locus	R1	Chromosome	Y	RefSeq	17285536	68049500	1330898477	1	1.0	0.0
GCF_041296385.2	Aphelocoma coerulescens	Aves	RYR	found_annotated	found	1	ryr_sister	present in every vertebrate	0			Chromosome	Y	RefSeq	17285536	68049500	1330898477	1	1.0	0.0
GCF_041902795.1	Electrophorus electricus	Actinopteri	ITPR1	found_annotated	found	1	itpr_present	S15a present_single_locus (R1)	0	present_single_locus	R1	Chromosome	Y	RefSeq	22449376	30383234	833427914	1	1.0	0.0
GCF_041902795.1	Electrophorus electricus	Actinopteri	ITPR2	found_annotated	found	1	itpr_present	S15a present_single_locus (R1)	0	present_single_locus	R1	Chromosome	Y	RefSeq	22449376	30383234	833427914	1	1.0	0.0
GCF_041902795.1	Electrophorus electricus	Actinopteri	ITPR3	found_annotated	found	1	itpr_present	S15a present_single_locus (R1)	0	present_single_locus	R1	Chromosome	Y	RefSeq	22449376	30383234	833427914	1	1.0	0.0
GCF_041902795.1	Electrophorus electricus	Actinopteri	RYR	found_annotated	found	1	ryr_sister	present in every vertebrate	0			Chromosome	Y	RefSeq	22449376	30383234	833427914	1	1.0	0.0
GCF_042186555.1	Aquarana catesbeiana	Amphibia	ITPR1	assembly_gap	assembly_gap	0	itpr_present	S15a present_truncated (R2)	1	present_truncated	R2	Chromosome	Y	RefSeq	3396515	691824178	6377618952	1	0.545	0.0
GCF_042186555.1	Aquarana catesbeiana	Amphibia	ITPR2	found_annotated	found	1	itpr_present	S15a present_single_locus (R1)	0	present_single_locus	R1	Chromosome	Y	RefSeq	3396515	691824178	6377618952	1	1.0	0.0
GCF_042186555.1	Aquarana catesbeiana	Amphibia	ITPR3	found_annotated	found	1	itpr_present	S15a present_single_locus (R1)	0	present_single_locus	R1	Chromosome	Y	RefSeq	3396515	691824178	6377618952	1	1.0	0.0
GCF_042186555.1	Aquarana catesbeiana	Amphibia	RYR	found_annotated	found	1	ryr_sister	present in every vertebrate	0			Chromosome	Y	RefSeq	3396515	691824178	6377618952	1	1.0	0.0
GCF_042242105.1	Pempheris klunzingeri	Actinopteri	ITPR1	found_annotated	found	1	itpr_present	S15a present_single_locus (R1)	0	present_single_locus	R1	Chromosome	Y	RefSeq	12920725	27715216	646252061	1	1.0	0.0
GCF_042242105.1	Pempheris klunzingeri	Actinopteri	ITPR2	found_annotated	found	1	itpr_present	S15a present_single_locus (R1)	0	present_single_locus	R1	Chromosome	Y	RefSeq	12920725	27715216	646252061	1	1.0	0.0
GCF_042242105.1	Pempheris klunzingeri	Actinopteri	ITPR3	found_annotated	found	1	itpr_present	S15a present_single_locus (R1)	0	present_single_locus	R1	Chromosome	Y	RefSeq	12920725	27715216	646252061	1	1.0	0.0
GCF_042242105.1	Pempheris klunzingeri	Actinopteri	RYR	found_annotated	found	1	ryr_sister	present in every vertebrate	0			Chromosome	Y	RefSeq	12920725	27715216	646252061	1	1.0	0.0
GCF_043380555.1	Nothobranchius furzeri	Actinopteri	ITPR1	found_annotated	found	1	itpr_present	S15a present_single_locus (R1)	0	present_single_locus	R1	Chromosome	Y	RefSeq	9298000	76394082	1479182959	1	1.0	0.0
GCF_043380555.1	Nothobranchius furzeri	Actinopteri	ITPR2	found_annotated	found	1	itpr_present	S15a present_single_locus (R1)	0	present_single_locus	R1	Chromosome	Y	RefSeq	9298000	76394082	1479182959	1	1.0	0.0
GCF_043380555.1	Nothobranchius furzeri	Actinopteri	ITPR3	found_annotated	found	1	itpr_present	S15a present_single_locus (R1)	0	present_single_locus	R1	Chromosome	Y	RefSeq	9298000	76394082	1479182959	1	1.0	0.0
GCF_043380555.1	Nothobranchius furzeri	Actinopteri	RYR	found_annotated	found	1	ryr_sister	present in every vertebrate	0			Chromosome	Y	RefSeq	9298000	76394082	1479182959	1	1.0	0.0
GCF_045865225.1	Trachurus japonicus	Actinopteri	ITPR1	found_annotated	found	1	itpr_present	S15a present_single_locus (R1)	0	present_single_locus	R1	Chromosome	Y	RefSeq	1015092	36386262	867708881	1	1.0	0.0
GCF_045865225.1	Trachurus japonicus	Actinopteri	ITPR2	found_annotated	found	1	itpr_present	S15a present_single_locus (R1)	0	present_single_locus	R1	Chromosome	Y	RefSeq	1015092	36386262	867708881	1	1.0	0.0
GCF_045865225.1	Trachurus japonicus	Actinopteri	ITPR3	found_annotated	found	1	itpr_present	S15a present_single_locus (R1)	0	present_single_locus	R1	Chromosome	Y	RefSeq	1015092	36386262	867708881	1	1.0	0.0
GCF_045865225.1	Trachurus japonicus	Actinopteri	RYR	found_annotated	found	1	ryr_sister	present in every vertebrate	0			Chromosome	Y	RefSeq	1015092	36386262	867708881	1	1.0	0.0
GCF_046128005.1	Genypterus blacodes	Actinopteri	ITPR1	found_annotated	found	1	itpr_present	S15a present_single_locus (R1)	0	present_single_locus	R1	Contig	Y	RefSeq	4774482	4774482	463765610	1	1.0	0.0
GCF_046128005.1	Genypterus blacodes	Actinopteri	ITPR2	found_annotated	found	1	itpr_present	S15a present_single_locus (R1)	0	present_single_locus	R1	Contig	Y	RefSeq	4774482	4774482	463765610	1	1.0	0.0
GCF_046128005.1	Genypterus blacodes	Actinopteri	ITPR3	found_annotated	found	1	itpr_present	S15a present_single_locus (R1)	0	present_single_locus	R1	Contig	Y	RefSeq	4774482	4774482	463765610	1	0.8944	0.0
GCF_046128005.1	Genypterus blacodes	Actinopteri	RYR	found_annotated	found	1	ryr_sister	present in every vertebrate	0			Contig	Y	RefSeq	4774482	4774482	463765610	1	1.0	0.0
GCF_047370975.1	Nipponia nippon	Aves	ITPR1	found_annotated	found	1	itpr_present	S15a present_single_locus (R1)	0	present_single_locus	R1	Scaffold	Y	RefSeq	56735934	101183595	1248639181	1	1.0	0.0
GCF_047370975.1	Nipponia nippon	Aves	ITPR2	found_annotated	found	1	itpr_present	S15a present_single_locus (R1)	0	present_single_locus	R1	Scaffold	Y	RefSeq	56735934	101183595	1248639181	1	1.0	0.0
GCF_047370975.1	Nipponia nippon	Aves	ITPR3	found_annotated	found	1	itpr_present	S15a present_single_locus (R1)	0	present_single_locus	R1	Scaffold	Y	RefSeq	56735934	101183595	1248639181	1	1.0	0.0
GCF_047370975.1	Nipponia nippon	Aves	RYR	found_annotated	found	1	ryr_sister	present in every vertebrate	0			Scaffold	Y	RefSeq	56735934	101183595	1248639181	1	1.0	0.0
GCF_047496795.1	Chiloscyllium punctatum	Chondrichthyes	ITPR1	found_annotated	found	1	itpr_present	S15a present_single_locus (R1)	0	present_single_locus	R1	Chromosome	Y	RefSeq	5342658	93668967	5274411202	1	1.0	0.0
GCF_047496795.1	Chiloscyllium punctatum	Chondrichthyes	ITPR2	found_annotated	found	1	itpr_present	S15a present_single_locus (R1)	0	present_single_locus	R1	Chromosome	Y	RefSeq	5342658	93668967	5274411202	1	1.0	0.0
GCF_047496795.1	Chiloscyllium punctatum	Chondrichthyes	ITPR3	found_annotated	found	1	itpr_present	S15a present_single_locus (R1)	0	present_single_locus	R1	Chromosome	Y	RefSeq	5342658	93668967	5274411202	1	1.0	0.0
GCF_047496795.1	Chiloscyllium punctatum	Chondrichthyes	RYR	found_annotated	found	1	ryr_sister	present in every vertebrate	0			Chromosome	Y	RefSeq	5342658	93668967	5274411202	1	0.9972	0.0
GCF_047496885.1	Scyliorhinus torazame	Chondrichthyes	ITPR1	found_annotated	found	1	itpr_present	S15a present_single_locus (R1)	0	present_single_locus	R1	Chromosome	Y	RefSeq	3187150	266286206	6451259511	1	1.0	0.0
GCF_047496885.1	Scyliorhinus torazame	Chondrichthyes	ITPR2	found_annotated	found	1	itpr_present	S15a present_single_locus (R1)	0	present_single_locus	R1	Chromosome	Y	RefSeq	3187150	266286206	6451259511	1	1.0	0.0
GCF_047496885.1	Scyliorhinus torazame	Chondrichthyes	ITPR3	found_annotated	found	1	itpr_present	S15a present_single_locus (R1)	0	present_single_locus	R1	Chromosome	Y	RefSeq	3187150	266286206	6451259511	1	1.0	0.0
GCF_047496885.1	Scyliorhinus torazame	Chondrichthyes	RYR	found_annotated	found	1	ryr_sister	present in every vertebrate	0			Chromosome	Y	RefSeq	3187150	266286206	6451259511	1	0.9972	0.0
GCF_047663525.1	Anas platyrhynchos	Aves	ITPR1	found_annotated	found	1	itpr_present	S15a present_single_locus (R1)	0	present_single_locus	R1	Complete Genome	Y	RefSeq	80154792	80154792	1261969826	1	1.0	0.0
GCF_047663525.1	Anas platyrhynchos	Aves	ITPR2	found_annotated	found	1	itpr_present	S15a present_single_locus (R1)	0	present_single_locus	R1	Complete Genome	Y	RefSeq	80154792	80154792	1261969826	1	1.0	0.0
GCF_047663525.1	Anas platyrhynchos	Aves	ITPR3	found_annotated	found	1	itpr_present	S15a present_single_locus (R1)	0	present_single_locus	R1	Complete Genome	Y	RefSeq	80154792	80154792	1261969826	1	1.0	0.0
GCF_047663525.1	Anas platyrhynchos	Aves	RYR	found_annotated	found	1	ryr_sister	present in every vertebrate	0			Complete Genome	Y	RefSeq	80154792	80154792	1261969826	1	1.0	0.0
GCF_047716275.1	Strix uralensis	Aves	ITPR1	found_annotated	found	1	itpr_present	S15a present_single_locus (R1)	0	present_single_locus	R1	Chromosome	Y	RefSeq	16359274	90173155	1380990639	1	1.0	0.0
GCF_047716275.1	Strix uralensis	Aves	ITPR2	found_annotated	found	1	itpr_present	S15a present_single_locus (R1)	0	present_single_locus	R1	Chromosome	Y	RefSeq	16359274	90173155	1380990639	1	1.0	0.0
GCF_047716275.1	Strix uralensis	Aves	ITPR3	found_annotated	found	1	itpr_present	S15a present_single_locus (R1)	0	present_single_locus	R1	Chromosome	Y	RefSeq	16359274	90173155	1380990639	1	1.0	0.0
GCF_047716275.1	Strix uralensis	Aves	RYR	found_annotated	found	1	ryr_sister	present in every vertebrate	0			Chromosome	Y	RefSeq	16359274	90173155	1380990639	1	1.0	0.0
GCF_048418815.1	Hemitrygon akajei	Chondrichthyes	ITPR1	found_annotated	found	1	itpr_present	S15a present_single_locus (R1)	0	present_single_locus	R1	Chromosome	Y	RefSeq	8940806	175234968	4229631903	1	1.0	0.0
GCF_048418815.1	Hemitrygon akajei	Chondrichthyes	ITPR2	found_annotated	found	1	itpr_present	S15a present_single_locus (R1)	0	present_single_locus	R1	Chromosome	Y	RefSeq	8940806	175234968	4229631903	1	0.9985	0.0
GCF_048418815.1	Hemitrygon akajei	Chondrichthyes	ITPR3	found_annotated	found	1	itpr_present	S15a present_single_locus (R1)	0	present_single_locus	R1	Chromosome	Y	RefSeq	8940806	175234968	4229631903	1	1.0	0.0
GCF_048418815.1	Hemitrygon akajei	Chondrichthyes	RYR	found_annotated	found	1	ryr_sister	present in every vertebrate	0			Chromosome	Y	RefSeq	8940806	175234968	4229631903	1	0.9972	0.0
GCF_048593235.1	Sminthopsis crassicaudata	Mammalia	ITPR1	found_annotated	found	1	itpr_present	S15a present_single_locus (R1)	0	present_single_locus	R1	Chromosome	Y	RefSeq	4359487	656909261	3239981553	1	1.0	0.0
GCF_048593235.1	Sminthopsis crassicaudata	Mammalia	ITPR2	found_annotated	found	1	itpr_present	S15a present_single_locus (R1)	0	present_single_locus	R1	Chromosome	Y	RefSeq	4359487	656909261	3239981553	1	1.0	0.0
GCF_048593235.1	Sminthopsis crassicaudata	Mammalia	ITPR3	found_annotated	found	1	itpr_present	S15a present_single_locus (R1)	0	present_single_locus	R1	Chromosome	Y	RefSeq	4359487	656909261	3239981553	1	1.0	0.0
GCF_048593235.1	Sminthopsis crassicaudata	Mammalia	RYR	found_annotated	found	1	ryr_sister	present in every vertebrate	0			Chromosome	Y	RefSeq	4359487	656909261	3239981553	1	1.0	0.0
GCF_048594095.1	Paramormyrops kingsleyae	Actinopteri	ITPR1	found_annotated	found	1	itpr_present	S15a present_single_locus (R1)	0	present_single_locus	R1	Chromosome	Y	RefSeq	10969524	35261244	933939706	1	1.0	0.0
GCF_048594095.1	Paramormyrops kingsleyae	Actinopteri	ITPR2	found_annotated	found	1	itpr_present	S15a present_single_locus (R1)	0	present_single_locus	R1	Chromosome	Y	RefSeq	10969524	35261244	933939706	1	1.0	0.0
GCF_048594095.1	Paramormyrops kingsleyae	Actinopteri	ITPR3	found_annotated	found	1	itpr_present	S15a present_single_locus (R1)	0	present_single_locus	R1	Chromosome	Y	RefSeq	10969524	35261244	933939706	1	1.0	0.0
GCF_048594095.1	Paramormyrops kingsleyae	Actinopteri	RYR	found_annotated	found	1	ryr_sister	present in every vertebrate	0			Chromosome	Y	RefSeq	10969524	35261244	933939706	1	1.0	0.0
GCF_048934315.1	Petromyzon marinus	Hyperoartia	ITPR1	found_annotated	found	1	itpr_present	S15a present_single_locus (R1)	0	present_single_locus	R1	Chromosome	Y	RefSeq	4594409	13495987	1808332251	1	1.0	0.0
GCF_048934315.1	Petromyzon marinus	Hyperoartia	ITPR2	absent	absent	0		S15a paralog_unassignable — not counted either way	0	paralog_unassignable	R5	Chromosome	Y	RefSeq	4594409	13495987	1808332251	1	0.0	0.0
GCF_048934315.1	Petromyzon marinus	Hyperoartia	ITPR3	absent	absent	0		S15a paralog_unassignable — not counted either way	0	paralog_unassignable	R5	Chromosome	Y	RefSeq	4594409	13495987	1808332251	1	0.0	0.0
GCF_048934315.1	Petromyzon marinus	Hyperoartia	RYR	found_annotated	found	1	ryr_sister	present in every vertebrate	0			Chromosome	Y	RefSeq	4594409	13495987	1808332251	1	1.0	0.0
GCF_049350105.2	Macaca mulatta	Mammalia	ITPR1	found_annotated	found	1	itpr_present	S15a present_single_locus (R1)	0	present_single_locus	R1	Complete Genome	Y	RefSeq	162285572	162285572	3115120525	1	1.0	0.0
GCF_049350105.2	Macaca mulatta	Mammalia	ITPR2	found_annotated	found	1	itpr_present	S15a present_single_locus (R1)	0	present_single_locus	R1	Complete Genome	Y	RefSeq	162285572	162285572	3115120525	1	1.0	0.0
GCF_049350105.2	Macaca mulatta	Mammalia	ITPR3	found_annotated	found	1	itpr_present	S15a present_single_locus (R1)	0	present_single_locus	R1	Complete Genome	Y	RefSeq	162285572	162285572	3115120525	1	1.0	0.0
GCF_049350105.2	Macaca mulatta	Mammalia	RYR	found_annotated	found	1	ryr_sister	present in every vertebrate	0			Complete Genome	Y	RefSeq	162285572	162285572	3115120525	1	1.0	0.0
GCF_050624435.1	Tenrec ecaudatus	Mammalia	ITPR1	found_annotated	found	1	itpr_present	S15a present_single_locus (R1)	0	present_single_locus	R1	Chromosome	Y	RefSeq	41601014	163958880	3922859826	1	1.0	0.0
GCF_050624435.1	Tenrec ecaudatus	Mammalia	ITPR2	found_annotated	found	1	itpr_present	S15a present_single_locus (R1)	0	present_single_locus	R1	Chromosome	Y	RefSeq	41601014	163958880	3922859826	1	1.0	0.0
GCF_050624435.1	Tenrec ecaudatus	Mammalia	ITPR3	found_annotated	found	1	itpr_present	S15a present_single_locus (R1)	0	present_single_locus	R1	Chromosome	Y	RefSeq	41601014	163958880	3922859826	1	1.0	0.0
GCF_050624435.1	Tenrec ecaudatus	Mammalia	RYR	found_annotated	found	1	ryr_sister	present in every vertebrate	0			Chromosome	Y	RefSeq	41601014	163958880	3922859826	1	1.0	0.0
GCF_052040795.1	Danio rerio	Actinopteri	ITPR1	found_annotated	found	1	itpr_present	S15a present_single_locus (R1)	0	present_single_locus	R1	Complete Genome	Y	RefSeq	59431669	59431669	1450693629	1	1.0	0.0
GCF_052040795.1	Danio rerio	Actinopteri	ITPR2	found_annotated	found	1	itpr_present	S15a present_single_locus (R1)	0	present_single_locus	R1	Complete Genome	Y	RefSeq	59431669	59431669	1450693629	1	1.0	0.0
GCF_052040795.1	Danio rerio	Actinopteri	ITPR3	found_annotated	found	1	itpr_present	S15a present_single_locus (R1)	0	present_single_locus	R1	Complete Genome	Y	RefSeq	59431669	59431669	1450693629	1	1.0	0.0
GCF_052040795.1	Danio rerio	Actinopteri	RYR	found_annotated	found	1	ryr_sister	present in every vertebrate	0			Complete Genome	Y	RefSeq	59431669	59431669	1450693629	1	1.0	0.0
GCF_052327205.1	Somniosus microcephalus	Chondrichthyes	ITPR1	found_annotated	found	1	itpr_present	S15a present_single_locus (R1)	0	present_single_locus	R1	Chromosome	Y	RefSeq	1075145	240357632	6448606148	1	1.0	0.0
GCF_052327205.1	Somniosus microcephalus	Chondrichthyes	ITPR2	found_annotated	found	1	itpr_present	S15a present_single_locus (R1)	0	present_single_locus	R1	Chromosome	Y	RefSeq	1075145	240357632	6448606148	1	1.0	0.0
GCF_052327205.1	Somniosus microcephalus	Chondrichthyes	ITPR3	found_annotated	found	1	itpr_present	S15a present_single_locus (R1)	0	present_single_locus	R1	Chromosome	Y	RefSeq	1075145	240357632	6448606148	1	1.0	0.0
GCF_052327205.1	Somniosus microcephalus	Chondrichthyes	RYR	found_annotated	found	1	ryr_sister	present in every vertebrate	0			Chromosome	Y	RefSeq	1075145	240357632	6448606148	1	0.9972	0.0
GCF_054371585.1	Giraffa tippelskirchi	Mammalia	ITPR1	found_annotated	found	1	itpr_present	S15a present_single_locus (R1)	0	present_single_locus	R1	Complete Genome	Y	RefSeq	166642423	166642423	2578316437	1	1.0	0.0
GCF_054371585.1	Giraffa tippelskirchi	Mammalia	ITPR2	found_annotated	found	1	itpr_present	S15a present_single_locus (R1)	0	present_single_locus	R1	Complete Genome	Y	RefSeq	166642423	166642423	2578316437	1	1.0	0.0
GCF_054371585.1	Giraffa tippelskirchi	Mammalia	ITPR3	found_annotated	found	1	itpr_present	S15a present_single_locus (R1)	0	present_single_locus	R1	Complete Genome	Y	RefSeq	166642423	166642423	2578316437	1	1.0	0.0
GCF_054371585.1	Giraffa tippelskirchi	Mammalia	RYR	found_annotated	found	1	ryr_sister	present in every vertebrate	0			Complete Genome	Y	RefSeq	166642423	166642423	2578316437	1	1.0	0.0
GCF_054491055.1	Hypomesus nipponensis	Actinopteri	ITPR1	found_annotated	found	1	itpr_present	S15a present_single_locus (R1)	0	present_single_locus	R1	Complete Genome	Y	RefSeq	20232928	20232928	526314162	1	1.0	0.0
GCF_054491055.1	Hypomesus nipponensis	Actinopteri	ITPR2	found_annotated	found	1	itpr_present	S15a present_single_locus (R1)	0	present_single_locus	R1	Complete Genome	Y	RefSeq	20232928	20232928	526314162	1	1.0	0.0
GCF_054491055.1	Hypomesus nipponensis	Actinopteri	ITPR3	found_annotated	found	1	itpr_present	S15a present_single_locus (R1)	0	present_single_locus	R1	Complete Genome	Y	RefSeq	20232928	20232928	526314162	1	1.0	0.0
GCF_054491055.1	Hypomesus nipponensis	Actinopteri	RYR	found_annotated	found	1	ryr_sister	present in every vertebrate	0			Complete Genome	Y	RefSeq	20232928	20232928	526314162	1	1.0	0.0
GCF_056507025.1	Lutjanus erythropterus	Actinopteri	ITPR1	found_annotated	found	1	itpr_present	S15a present_single_locus (R1)	0	present_single_locus	R1	Chromosome	Y	RefSeq	37725332	41775750	970019684	1	1.0	0.0
GCF_056507025.1	Lutjanus erythropterus	Actinopteri	ITPR2	found_annotated	found	1	itpr_present	S15a present_single_locus (R1)	0	present_single_locus	R1	Chromosome	Y	RefSeq	37725332	41775750	970019684	1	1.0	0.0
GCF_056507025.1	Lutjanus erythropterus	Actinopteri	ITPR3	found_annotated	found	1	itpr_present	S15a present_single_locus (R1)	0	present_single_locus	R1	Chromosome	Y	RefSeq	37725332	41775750	970019684	1	1.0	0.0
GCF_056507025.1	Lutjanus erythropterus	Actinopteri	RYR	found_annotated	found	1	ryr_sister	present in every vertebrate	0			Chromosome	Y	RefSeq	37725332	41775750	970019684	1	1.0	0.0
GCF_057381845.1	Rhamphochromis longiceps	Actinopteri	ITPR1	found_annotated	found	1	itpr_present	S15a present_single_locus (R1)	0	present_single_locus	R1	Chromosome	Y	RefSeq	31399844	42975577	976892117	1	1.0	0.0
GCF_057381845.1	Rhamphochromis longiceps	Actinopteri	ITPR2	found_annotated	found	1	itpr_present	S15a present_single_locus (R1)	0	present_single_locus	R1	Chromosome	Y	RefSeq	31399844	42975577	976892117	1	1.0	0.0
GCF_057381845.1	Rhamphochromis longiceps	Actinopteri	ITPR3	found_annotated	found	1	itpr_present	S15a present_single_locus (R1)	0	present_single_locus	R1	Chromosome	Y	RefSeq	31399844	42975577	976892117	1	1.0	0.0
GCF_057381845.1	Rhamphochromis longiceps	Actinopteri	RYR	found_annotated	found	1	ryr_sister	present in every vertebrate	0			Chromosome	Y	RefSeq	31399844	42975577	976892117	1	1.0	0.0
GCF_900324485.3	Mastacembelus armatus	Actinopteri	ITPR1	found_annotated	found	1	itpr_present	S15a present_single_locus (R1)	0	present_single_locus	R1	Chromosome	Y	RefSeq	8014513	25090313	591935101	1	1.0	0.0
GCF_900324485.3	Mastacembelus armatus	Actinopteri	ITPR2	found_annotated	found	1	itpr_present	S15a present_single_locus (R1)	0	present_single_locus	R1	Chromosome	Y	RefSeq	8014513	25090313	591935101	1	1.0	0.0
GCF_900324485.3	Mastacembelus armatus	Actinopteri	ITPR3	found_annotated	found	1	itpr_present	S15a present_single_locus (R1)	0	present_single_locus	R1	Chromosome	Y	RefSeq	8014513	25090313	591935101	1	1.0	0.0
GCF_900324485.3	Mastacembelus armatus	Actinopteri	RYR	found_annotated	found	1	ryr_sister	present in every vertebrate	0			Chromosome	Y	RefSeq	8014513	25090313	591935101	1	1.0	0.0
GCF_900634775.2	Gouania willdenowi	Actinopteri	ITPR1	found_annotated	found	1	itpr_present	S15a present_single_locus (R1)	0	present_single_locus	R1	Chromosome	Y	RefSeq	1838341	38978045	937150793	1	1.0	0.0
GCF_900634775.2	Gouania willdenowi	Actinopteri	ITPR2	found_annotated	found	1	itpr_present	S15a present_single_locus (R1)	0	present_single_locus	R1	Chromosome	Y	RefSeq	1838341	38978045	937150793	1	1.0	0.0
GCF_900634775.2	Gouania willdenowi	Actinopteri	ITPR3	found_annotated	found	1	itpr_present	S15a present_single_locus (R1)	0	present_single_locus	R1	Chromosome	Y	RefSeq	1838341	38978045	937150793	1	1.0	0.0
GCF_900634775.2	Gouania willdenowi	Actinopteri	RYR	found_annotated	found	1	ryr_sister	present in every vertebrate	0			Chromosome	Y	RefSeq	1838341	38978045	937150793	1	1.0	0.0
GCF_900747795.2	Erpetoichthys calabaricus	Cladistia	ITPR1	found_annotated	found	1	itpr_present	S15a present_single_locus (R1)	0	present_single_locus	R1	Chromosome	Y	RefSeq	6772339	217689105	3613534470	1	1.0	0.0
GCF_900747795.2	Erpetoichthys calabaricus	Cladistia	ITPR2	found_annotated	found	1	itpr_present	S15a present_single_locus (R1)	0	present_single_locus	R1	Chromosome	Y	RefSeq	6772339	217689105	3613534470	1	1.0	0.0
GCF_900747795.2	Erpetoichthys calabaricus	Cladistia	ITPR3	found_annotated	found	1	itpr_present	S15a present_single_locus (R1)	0	present_single_locus	R1	Chromosome	Y	RefSeq	6772339	217689105	3613534470	1	1.0	0.0
GCF_900747795.2	Erpetoichthys calabaricus	Cladistia	RYR	found_annotated	found	1	ryr_sister	present in every vertebrate	0			Chromosome	Y	RefSeq	6772339	217689105	3613534470	1	1.0	0.0
GCF_900880675.2	Sparus aurata	Actinopteri	ITPR1	found_annotated	found	1	itpr_present	S15a present_single_locus (R1)	0	present_single_locus	R1	Chromosome	Y	RefSeq	2862625	35791275	833578411	1	1.0	0.0
GCF_900880675.2	Sparus aurata	Actinopteri	ITPR2	found_annotated	found	1	itpr_present	S15a present_single_locus (R1)	0	present_single_locus	R1	Chromosome	Y	RefSeq	2862625	35791275	833578411	1	1.0	0.0
GCF_900880675.2	Sparus aurata	Actinopteri	ITPR3	found_annotated	found	1	itpr_present	S15a present_single_locus (R1)	0	present_single_locus	R1	Chromosome	Y	RefSeq	2862625	35791275	833578411	1	1.0	0.0
GCF_900880675.2	Sparus aurata	Actinopteri	RYR	found_annotated	found	1	ryr_sister	present in every vertebrate	0			Chromosome	Y	RefSeq	2862625	35791275	833578411	1	1.0	0.0
GCF_901000725.3	Takifugu rubripes	Actinopteri	ITPR1	found_annotated	found	1	itpr_present	S15a present_single_locus (R1)	0	present_single_locus	R1	Chromosome	Y	RefSeq	3136617	16705553	384110215	1	1.0	0.0
GCF_901000725.3	Takifugu rubripes	Actinopteri	ITPR2	found_annotated	found	1	itpr_present	S15a present_single_locus (R1)	0	present_single_locus	R1	Chromosome	Y	RefSeq	3136617	16705553	384110215	1	1.0	0.0
GCF_901000725.3	Takifugu rubripes	Actinopteri	ITPR3	found_annotated	found	1	itpr_present	S15a present_single_locus (R1)	0	present_single_locus	R1	Chromosome	Y	RefSeq	3136617	16705553	384110215	1	1.0	0.0
GCF_901000725.3	Takifugu rubripes	Actinopteri	RYR	found_annotated	found	1	ryr_sister	present in every vertebrate	0			Chromosome	Y	RefSeq	3136617	16705553	384110215	1	1.0	0.0
GCF_901001135.2	Rhinatrema bivittatum	Amphibia	ITPR1	found_annotated	found	1	itpr_present	S15a present_single_locus (R1)	0	present_single_locus	R1	Chromosome	Y	RefSeq	3216284	486875112	5319222779	1	1.0	0.0
GCF_901001135.2	Rhinatrema bivittatum	Amphibia	ITPR2	found_annotated	found	1	itpr_present	S15a present_single_locus (R1)	0	present_single_locus	R1	Chromosome	Y	RefSeq	3216284	486875112	5319222779	1	1.0	0.0
GCF_901001135.2	Rhinatrema bivittatum	Amphibia	ITPR3	found_annotated	found	1	itpr_present	S15a present_single_locus (R1)	0	present_single_locus	R1	Chromosome	Y	RefSeq	3216284	486875112	5319222779	1	0.9989	0.0
GCF_901001135.2	Rhinatrema bivittatum	Amphibia	RYR	found_annotated	found	1	ryr_sister	present in every vertebrate	0			Chromosome	Y	RefSeq	3216284	486875112	5319222779	1	0.9962	0.0
GCF_902148855.1	Sphaeramia orbicularis	Actinopteri	ITPR1	found_annotated	found	1	itpr_present	S15a present_single_locus (R1)	0	present_single_locus	R1	Chromosome	Y	RefSeq	2360121	57165184	1342662642	1	1.0	0.0
GCF_902148855.1	Sphaeramia orbicularis	Actinopteri	ITPR2	found_annotated	found	1	itpr_present	S15a present_single_locus (R1)	0	present_single_locus	R1	Chromosome	Y	RefSeq	2360121	57165184	1342662642	1	1.0	0.0
GCF_902148855.1	Sphaeramia orbicularis	Actinopteri	ITPR3	found_annotated	found	1	itpr_present	S15a present_single_locus (R1)	0	present_single_locus	R1	Chromosome	Y	RefSeq	2360121	57165184	1342662642	1	1.0	0.0
GCF_902148855.1	Sphaeramia orbicularis	Actinopteri	RYR	found_annotated	found	1	ryr_sister	present in every vertebrate	0			Chromosome	Y	RefSeq	2360121	57165184	1342662642	1	1.0	0.0
GCF_902150065.1	Myripristis murdjan	Actinopteri	ITPR1	found_annotated	found	1	itpr_present	S15a present_single_locus (R1)	0	present_single_locus	R1	Chromosome	Y	RefSeq	14475636	34950760	835254674	1	1.0	0.0
GCF_902150065.1	Myripristis murdjan	Actinopteri	ITPR2	found_annotated	found	1	itpr_present	S15a present_single_locus (R1)	0	present_single_locus	R1	Chromosome	Y	RefSeq	14475636	34950760	835254674	1	1.0	0.0
GCF_902150065.1	Myripristis murdjan	Actinopteri	ITPR3	found_annotated	found	1	itpr_present	S15a present_single_locus (R1)	0	present_single_locus	R1	Chromosome	Y	RefSeq	14475636	34950760	835254674	1	1.0	0.0
GCF_902150065.1	Myripristis murdjan	Actinopteri	RYR	found_annotated	found	1	ryr_sister	present in every vertebrate	0			Chromosome	Y	RefSeq	14475636	34950760	835254674	1	1.0	0.0
GCF_902167405.1	Gadus morhua	Actinopteri	ITPR1	found_annotated	found	1	itpr_present	S15a present_single_locus (R1)	0	present_single_locus	R1	Chromosome	Y	RefSeq	1015663	28732775	669949713	1	1.0	0.0
GCF_902167405.1	Gadus morhua	Actinopteri	ITPR2	found_annotated	found	1	itpr_present	S15a present_single_locus (R1)	0	present_single_locus	R1	Chromosome	Y	RefSeq	1015663	28732775	669949713	1	1.0	0.0
GCF_902167405.1	Gadus morhua	Actinopteri	ITPR3	found_annotated	found	1	itpr_present	S15a present_single_locus (R1)	0	present_single_locus	R1	Chromosome	Y	RefSeq	1015663	28732775	669949713	1	0.9978	0.0
GCF_902167405.1	Gadus morhua	Actinopteri	RYR	found_annotated	found	1	ryr_sister	present in every vertebrate	0			Chromosome	Y	RefSeq	1015663	28732775	669949713	1	1.0	0.0
GCF_902362185.1	Chanos chanos	Actinopteri	ITPR1	found_annotated	found	1	itpr_present	S15a present_single_locus (R1)	0	present_single_locus	R1	Chromosome	Y	RefSeq	23134051	50300218	656912816	1	1.0	0.0
GCF_902362185.1	Chanos chanos	Actinopteri	ITPR2	found_annotated	found	1	itpr_present	S15a present_single_locus (R1)	0	present_single_locus	R1	Chromosome	Y	RefSeq	23134051	50300218	656912816	1	1.0	0.0
GCF_902362185.1	Chanos chanos	Actinopteri	ITPR3	found_annotated	found	1	itpr_present	S15a present_single_locus (R1)	0	present_single_locus	R1	Chromosome	Y	RefSeq	23134051	50300218	656912816	1	1.0	0.0
GCF_902362185.1	Chanos chanos	Actinopteri	RYR	found_annotated	found	1	ryr_sister	present in every vertebrate	0			Chromosome	Y	RefSeq	23134051	50300218	656912816	1	1.0	0.0
GCF_902500255.1	Thalassophryne amazonica	Actinopteri	ITPR1	found_annotated	found	1	itpr_present	S15a present_single_locus (R1)	0	present_single_locus	R1	Chromosome	Y	RefSeq	2329598	118421481	2446592878	1	1.0	0.0
GCF_902500255.1	Thalassophryne amazonica	Actinopteri	ITPR2	found_annotated	found	1	itpr_present	S15a present_single_locus (R1)	0	present_single_locus	R1	Chromosome	Y	RefSeq	2329598	118421481	2446592878	1	1.0	0.0
GCF_902500255.1	Thalassophryne amazonica	Actinopteri	ITPR3	found_annotated	found	1	itpr_present	S15a present_single_locus (R1)	0	present_single_locus	R1	Chromosome	Y	RefSeq	2329598	118421481	2446592878	1	1.0	0.0
GCF_902500255.1	Thalassophryne amazonica	Actinopteri	RYR	found_annotated	found	1	ryr_sister	present in every vertebrate	0			Chromosome	Y	RefSeq	2329598	118421481	2446592878	1	0.997	0.0
GCF_907165065.1	Caprimulgus europaeus	Aves	ITPR1	found_annotated	found	1	itpr_present	S15a present_single_locus (R1)	0	present_single_locus	R1	Chromosome	Y	RefSeq	30622946	82614289	1177791212	1	1.0	0.0
GCF_907165065.1	Caprimulgus europaeus	Aves	ITPR2	found_annotated	found	1	itpr_present	S15a present_single_locus (R1)	0	present_single_locus	R1	Chromosome	Y	RefSeq	30622946	82614289	1177791212	1	1.0	0.0
GCF_907165065.1	Caprimulgus europaeus	Aves	ITPR3	found_annotated	found	1	itpr_present	S15a present_single_locus (R1)	0	present_single_locus	R1	Chromosome	Y	RefSeq	30622946	82614289	1177791212	1	1.0	0.0
GCF_907165065.1	Caprimulgus europaeus	Aves	RYR	found_annotated	found	1	ryr_sister	present in every vertebrate	0			Chromosome	Y	RefSeq	30622946	82614289	1177791212	1	1.0	0.0
GCF_933228915.1	Telmatherina bonti	Actinopteri	ITPR1	found_annotated	found	1	itpr_present	S15a present_single_locus (R1)	0	present_single_locus	R1	Chromosome	Y	RefSeq	1254875	41523244	986023149	1	1.0	0.0
GCF_933228915.1	Telmatherina bonti	Actinopteri	ITPR2	found_annotated	found	1	itpr_present	S15a present_single_locus (R1)	0	present_single_locus	R1	Chromosome	Y	RefSeq	1254875	41523244	986023149	1	1.0	0.0
GCF_933228915.1	Telmatherina bonti	Actinopteri	ITPR3	found_annotated	found	1	itpr_present	S15a present_single_locus (R1)	0	present_single_locus	R1	Chromosome	Y	RefSeq	1254875	41523244	986023149	1	1.0	0.0
GCF_933228915.1	Telmatherina bonti	Actinopteri	RYR	found_annotated	found	1	ryr_sister	present in every vertebrate	0			Chromosome	Y	RefSeq	1254875	41523244	986023149	1	0.9988	0.0
GCF_947461875.1	Haliaeetus albicilla	Aves	ITPR1	found_annotated	found	1	itpr_present	S15a present_single_locus (R1)	0	present_single_locus	R1	Chromosome	Y	RefSeq	4576000	44398590	1320298205	1	1.0	0.0
GCF_947461875.1	Haliaeetus albicilla	Aves	ITPR2	found_annotated	found	1	itpr_present	S15a present_single_locus (R1)	0	present_single_locus	R1	Chromosome	Y	RefSeq	4576000	44398590	1320298205	1	1.0	0.0
GCF_947461875.1	Haliaeetus albicilla	Aves	ITPR3	found_annotated	found	1	itpr_present	S15a present_single_locus (R1)	0	present_single_locus	R1	Chromosome	Y	RefSeq	4576000	44398590	1320298205	1	1.0	0.0
GCF_947461875.1	Haliaeetus albicilla	Aves	RYR	found_annotated	found	1	ryr_sister	present in every vertebrate	0			Chromosome	Y	RefSeq	4576000	44398590	1320298205	1	1.0	0.0
GCF_949152265.1	Phoxinus phoxinus	Actinopteri	ITPR1	found_annotated	found	1	itpr_present	S15a present_single_locus (R1)	0	present_single_locus	R1	Chromosome	Y	RefSeq	1988965	36753459	950479694	1	1.0	0.0
GCF_949152265.1	Phoxinus phoxinus	Actinopteri	ITPR2	found_annotated	found	1	itpr_present	S15a present_single_locus (R1)	0	present_single_locus	R1	Chromosome	Y	RefSeq	1988965	36753459	950479694	1	1.0	0.0
GCF_949152265.1	Phoxinus phoxinus	Actinopteri	ITPR3	found_annotated	found	1	itpr_present	S15a present_single_locus (R1)	0	present_single_locus	R1	Chromosome	Y	RefSeq	1988965	36753459	950479694	1	1.0	0.0
GCF_949152265.1	Phoxinus phoxinus	Actinopteri	RYR	found_annotated	found	1	ryr_sister	present in every vertebrate	0			Chromosome	Y	RefSeq	1988965	36753459	950479694	1	1.0	0.0
GCF_949606895.1	Notothenia rossii	Actinopteri	ITPR1	found_annotated	found	1	itpr_present	S15a present_single_locus (R1)	0	present_single_locus	R1	Chromosome	Y	RefSeq	383412	89684120	1042884354	1	1.0	0.0
GCF_949606895.1	Notothenia rossii	Actinopteri	ITPR2	found_annotated	found	1	itpr_present	S15a present_single_locus (R1)	0	present_single_locus	R1	Chromosome	Y	RefSeq	383412	89684120	1042884354	1	1.0	0.0
GCF_949606895.1	Notothenia rossii	Actinopteri	ITPR3	found_annotated	found	1	itpr_present	S15a present_single_locus (R1)	0	present_single_locus	R1	Chromosome	Y	RefSeq	383412	89684120	1042884354	1	1.0	0.0
GCF_949606895.1	Notothenia rossii	Actinopteri	RYR	found_annotated	found	1	ryr_sister	present in every vertebrate	0			Chromosome	Y	RefSeq	383412	89684120	1042884354	1	1.0	0.0
GCF_949987555.1	Borostomias antarcticus	Actinopteri	ITPR1	found_annotated	found	1	itpr_present	S15a present_single_locus (R1)	0	present_single_locus	R1	Chromosome	Y	RefSeq	959230	27266006	909231230	1	1.0	0.0
GCF_949987555.1	Borostomias antarcticus	Actinopteri	ITPR2	found_annotated	found	1	itpr_present	S15a present_single_locus (R1)	0	present_single_locus	R1	Chromosome	Y	RefSeq	959230	27266006	909231230	1	1.0	0.0
GCF_949987555.1	Borostomias antarcticus	Actinopteri	ITPR3	found_annotated	found	1	itpr_present	S15a present_single_locus (R1)	0	present_single_locus	R1	Chromosome	Y	RefSeq	959230	27266006	909231230	1	1.0	0.0
GCF_949987555.1	Borostomias antarcticus	Actinopteri	RYR	found_annotated	found	1	ryr_sister	present in every vertebrate	0			Chromosome	Y	RefSeq	959230	27266006	909231230	1	1.0	0.0
GCF_949987685.1	Ammodytes marinus	Actinopteri	ITPR1	found_annotated	found	1	itpr_present	S15a present_single_locus (R1)	0	present_single_locus	R1	Chromosome	Y	RefSeq	2041615	31846471	777819083	1	1.0	0.0
GCF_949987685.1	Ammodytes marinus	Actinopteri	ITPR2	found_annotated	found	1	itpr_present	S15a present_single_locus (R1)	0	present_single_locus	R1	Chromosome	Y	RefSeq	2041615	31846471	777819083	1	1.0	0.0
GCF_949987685.1	Ammodytes marinus	Actinopteri	ITPR3	found_annotated	found	1	itpr_present	S15a present_single_locus (R1)	0	present_single_locus	R1	Chromosome	Y	RefSeq	2041615	31846471	777819083	1	1.0	0.0
GCF_949987685.1	Ammodytes marinus	Actinopteri	RYR	found_annotated	found	1	ryr_sister	present in every vertebrate	0			Chromosome	Y	RefSeq	2041615	31846471	777819083	1	1.0	0.0
GCF_951640355.1	Cnephaeus nilssonii	Mammalia	ITPR1	found_annotated	found	1	itpr_present	S15a present_single_locus (R1)	0	present_single_locus	R1	Chromosome	Y	RefSeq	2474537	98018206	2064102006	1	1.0	0.0
GCF_951640355.1	Cnephaeus nilssonii	Mammalia	ITPR2	found_annotated	found	1	itpr_present	S15a present_single_locus (R1)	0	present_single_locus	R1	Chromosome	Y	RefSeq	2474537	98018206	2064102006	1	1.0	0.0
GCF_951640355.1	Cnephaeus nilssonii	Mammalia	ITPR3	found_annotated	found	1	itpr_present	S15a present_single_locus (R1)	0	present_single_locus	R1	Chromosome	Y	RefSeq	2474537	98018206	2064102006	1	1.0	0.0
GCF_951640355.1	Cnephaeus nilssonii	Mammalia	RYR	found_annotated	found	1	ryr_sister	present in every vertebrate	0			Chromosome	Y	RefSeq	2474537	98018206	2064102006	1	1.0	0.0
GCF_951799975.1	Gobius niger	Actinopteri	ITPR1	found_annotated	found	1	itpr_present	S15a present_single_locus (R1)	0	present_single_locus	R1	Chromosome	Y	RefSeq	3365000	36708673	870555617	1	1.0	0.0
GCF_951799975.1	Gobius niger	Actinopteri	ITPR2	found_annotated	found	1	itpr_present	S15a present_single_locus (R1)	0	present_single_locus	R1	Chromosome	Y	RefSeq	3365000	36708673	870555617	1	1.0	0.0
GCF_951799975.1	Gobius niger	Actinopteri	ITPR3	found_annotated	found	1	itpr_present	S15a present_single_locus (R1)	0	present_single_locus	R1	Chromosome	Y	RefSeq	3365000	36708673	870555617	1	1.0	0.0
GCF_951799975.1	Gobius niger	Actinopteri	RYR	found_annotated	found	1	ryr_sister	present in every vertebrate	0			Chromosome	Y	RefSeq	3365000	36708673	870555617	1	1.0	0.0
GCF_960531495.1	Zeus faber	Actinopteri	ITPR1	found_annotated	found	1	itpr_present	S15a present_single_locus (R1)	0	present_single_locus	R1	Chromosome	Y	RefSeq	1449431	34476449	804715226	1	1.0	0.0
GCF_960531495.1	Zeus faber	Actinopteri	ITPR2	found_annotated	found	1	itpr_present	S15a present_single_locus (R1)	0	present_single_locus	R1	Chromosome	Y	RefSeq	1449431	34476449	804715226	1	1.0	0.0
GCF_960531495.1	Zeus faber	Actinopteri	ITPR3	found_annotated	found	1	itpr_present	S15a present_single_locus (R1)	0	present_single_locus	R1	Chromosome	Y	RefSeq	1449431	34476449	804715226	1	1.0	0.0
GCF_960531495.1	Zeus faber	Actinopteri	RYR	found_annotated	found	1	ryr_sister	present in every vertebrate	0			Chromosome	Y	RefSeq	1449431	34476449	804715226	1	1.0	0.0
GCF_963457635.1	Microchirus variegatus	Actinopteri	ITPR1	found_annotated	found	1	itpr_present	S15a present_single_locus (R1)	0	present_single_locus	R1	Chromosome	Y	RefSeq	2444644	29835075	724676885	1	1.0	0.0
GCF_963457635.1	Microchirus variegatus	Actinopteri	ITPR2	found_annotated	found	1	itpr_present	S15a present_single_locus (R1)	0	present_single_locus	R1	Chromosome	Y	RefSeq	2444644	29835075	724676885	1	1.0	0.0
GCF_963457635.1	Microchirus variegatus	Actinopteri	ITPR3	found_annotated	found	1	itpr_present	S15a present_single_locus (R1)	0	present_single_locus	R1	Chromosome	Y	RefSeq	2444644	29835075	724676885	1	1.0	0.0
GCF_963457635.1	Microchirus variegatus	Actinopteri	RYR	found_annotated	found	1	ryr_sister	present in every vertebrate	0			Chromosome	Y	RefSeq	2444644	29835075	724676885	1	1.0	0.0
GCF_963514005.1	Raja brachyura	Chondrichthyes	ITPR1	found_annotated	found	1	itpr_present	S15a present_single_locus (R1)	0	present_single_locus	R1	Chromosome	Y	RefSeq	2048057	68366687	2700450552	1	0.9953	0.0
GCF_963514005.1	Raja brachyura	Chondrichthyes	ITPR2	found_annotated	found	1	itpr_present	S15a present_single_locus (R1)	0	present_single_locus	R1	Chromosome	Y	RefSeq	2048057	68366687	2700450552	1	1.0	0.0
GCF_963514005.1	Raja brachyura	Chondrichthyes	ITPR3	found_annotated	found	1	itpr_present	S15a present_single_locus (R1)	0	present_single_locus	R1	Chromosome	Y	RefSeq	2048057	68366687	2700450552	1	1.0	0.0
GCF_963514005.1	Raja brachyura	Chondrichthyes	RYR	found_annotated	found	1	ryr_sister	present in every vertebrate	0			Chromosome	Y	RefSeq	2048057	68366687	2700450552	1	0.9972	0.0
GCF_963514075.1	Conger conger	Actinopteri	ITPR1	found_annotated	found	1	itpr_present	S15a present_single_locus (R1)	0	present_single_locus	R1	Chromosome	Y	RefSeq	3090688	64882367	1136402888	1	1.0	0.0
GCF_963514075.1	Conger conger	Actinopteri	ITPR2	found_annotated	found	1	itpr_present	S15a present_single_locus (R1)	0	present_single_locus	R1	Chromosome	Y	RefSeq	3090688	64882367	1136402888	1	1.0	0.0
GCF_963514075.1	Conger conger	Actinopteri	ITPR3	found_annotated	found	1	itpr_present	S15a present_single_locus (R1)	0	present_single_locus	R1	Chromosome	Y	RefSeq	3090688	64882367	1136402888	1	1.0	0.0
GCF_963514075.1	Conger conger	Actinopteri	RYR	found_annotated	found	1	ryr_sister	present in every vertebrate	0			Chromosome	Y	RefSeq	3090688	64882367	1136402888	1	1.0	0.0
GCF_963514085.1	Chelon labrosus	Actinopteri	ITPR1	found_annotated	found	1	itpr_present	S15a present_single_locus (R1)	0	present_single_locus	R1	Chromosome	Y	RefSeq	2544200	30303911	717403240	1	1.0	0.0
GCF_963514085.1	Chelon labrosus	Actinopteri	ITPR2	found_annotated	found	1	itpr_present	S15a present_single_locus (R1)	0	present_single_locus	R1	Chromosome	Y	RefSeq	2544200	30303911	717403240	1	1.0	0.0
GCF_963514085.1	Chelon labrosus	Actinopteri	ITPR3	found_annotated	found	1	itpr_present	S15a present_single_locus (R1)	0	present_single_locus	R1	Chromosome	Y	RefSeq	2544200	30303911	717403240	1	1.0	0.0
GCF_963514085.1	Chelon labrosus	Actinopteri	RYR	found_annotated	found	1	ryr_sister	present in every vertebrate	0			Chromosome	Y	RefSeq	2544200	30303911	717403240	1	1.0	0.0
GCF_963921795.1	Nannobrachium achirus	Actinopteri	ITPR1	found_annotated	found	1	itpr_present	S15a present_single_locus (R1)	0	present_single_locus	R1	Chromosome	Y	RefSeq	1305851	66219085	1658830932	1	1.0	0.0
GCF_963921795.1	Nannobrachium achirus	Actinopteri	ITPR2	found_annotated	found	1	itpr_present	S15a present_single_locus (R1)	0	present_single_locus	R1	Chromosome	Y	RefSeq	1305851	66219085	1658830932	1	1.0	0.0
GCF_963921795.1	Nannobrachium achirus	Actinopteri	ITPR3	found_annotated	found	1	itpr_present	S15a present_single_locus (R1)	0	present_single_locus	R1	Chromosome	Y	RefSeq	1305851	66219085	1658830932	1	1.0	0.0
GCF_963921795.1	Nannobrachium achirus	Actinopteri	RYR	found_annotated	found	1	ryr_sister	present in every vertebrate	0			Chromosome	Y	RefSeq	1305851	66219085	1658830932	1	1.0	0.0
GCF_963921805.1	Phalacrocorax carbo	Aves	ITPR1	found_annotated	found	1	itpr_present	S15a present_single_locus (R1)	0	present_single_locus	R1	Chromosome	Y	RefSeq	4631399	84621172	1283623959	1	1.0	0.0
GCF_963921805.1	Phalacrocorax carbo	Aves	ITPR2	found_annotated	found	1	itpr_present	S15a present_single_locus (R1)	0	present_single_locus	R1	Chromosome	Y	RefSeq	4631399	84621172	1283623959	1	1.0	0.0
GCF_963921805.1	Phalacrocorax carbo	Aves	ITPR3	found_annotated	found	1	itpr_present	S15a present_single_locus (R1)	0	present_single_locus	R1	Chromosome	Y	RefSeq	4631399	84621172	1283623959	1	1.0	0.0
GCF_963921805.1	Phalacrocorax carbo	Aves	RYR	found_annotated	found	1	ryr_sister	present in every vertebrate	0			Chromosome	Y	RefSeq	4631399	84621172	1283623959	1	1.0	0.0
GCF_963971535.1	Notolepis coatsorum	Actinopteri	ITPR1	found_no_annotation	found	1	itpr_present	S15a present_single_locus (R1)	0	present_single_locus	R1	Chromosome	Y	RefSeq	444000	155911686	3427786127	1	1.0	0.0
GCF_963971535.1	Notolepis coatsorum	Actinopteri	ITPR2	found_no_annotation	found	1	itpr_present	S15a present_single_locus (R1)	0	present_single_locus	R1	Chromosome	Y	RefSeq	444000	155911686	3427786127	1	1.0	0.0
GCF_963971535.1	Notolepis coatsorum	Actinopteri	ITPR3	found_no_annotation	found	1	itpr_present	S15a present_single_locus (R1)	0	present_single_locus	R1	Chromosome	Y	RefSeq	444000	155911686	3427786127	1	1.0	0.0
GCF_963971535.1	Notolepis coatsorum	Actinopteri	RYR	found_no_annotation	found	1	ryr_sister	present in every vertebrate	0			Chromosome	Y	RefSeq	444000	155911686	3427786127	1	1.0	0.0
GCF_963989245.1	Nansenia antarctica	Actinopteri	ITPR1	found_annotated	found	1	itpr_present	S15a present_single_locus (R1)	0	present_single_locus	R1	Chromosome	Y	RefSeq	750607	66745282	1085777971	1	1.0	0.0
GCF_963989245.1	Nansenia antarctica	Actinopteri	ITPR2	found_annotated	found	1	itpr_present	S15a present_single_locus (R1)	0	present_single_locus	R1	Chromosome	Y	RefSeq	750607	66745282	1085777971	1	1.0	0.0
GCF_963989245.1	Nansenia antarctica	Actinopteri	ITPR3	found_annotated	found	1	itpr_present	S15a present_single_locus (R1)	0	present_single_locus	R1	Chromosome	Y	RefSeq	750607	66745282	1085777971	1	1.0	0.0
GCF_963989245.1	Nansenia antarctica	Actinopteri	RYR	found_annotated	found	1	ryr_sister	present in every vertebrate	0			Chromosome	Y	RefSeq	750607	66745282	1085777971	1	1.0	0.0
GCF_964187855.1	Myxine glutinosa	Myxini	ITPR1	found_annotated	found	1	itpr_present	S15a present_single_locus (R1)	0	present_single_locus	R1	Chromosome	Y	RefSeq	739991	192170830	3057504053	1	1.0	0.0
GCF_964187855.1	Myxine glutinosa	Myxini	ITPR2	absent	absent	0		S15a paralog_unassignable — not counted either way	0	paralog_unassignable	R5	Chromosome	Y	RefSeq	739991	192170830	3057504053	1	0.0	0.0
GCF_964187855.1	Myxine glutinosa	Myxini	ITPR3	absent	absent	0		S15a paralog_unassignable — not counted either way	0	paralog_unassignable	R5	Chromosome	Y	RefSeq	739991	192170830	3057504053	1	0.0	0.0
GCF_964187855.1	Myxine glutinosa	Myxini	RYR	found_annotated	found	1	ryr_sister	present in every vertebrate	0			Chromosome	Y	RefSeq	739991	192170830	3057504053	1	0.9994	0.0
GCF_964195595.1	Calonectris borealis	Aves	ITPR1	found_annotated	found	1	itpr_present	S15a present_single_locus (R1)	0	present_single_locus	R1	Chromosome	Y	RefSeq	4142416	86023716	1366185058	1	1.0	0.0
GCF_964195595.1	Calonectris borealis	Aves	ITPR2	found_annotated	found	1	itpr_present	S15a present_single_locus (R1)	0	present_single_locus	R1	Chromosome	Y	RefSeq	4142416	86023716	1366185058	1	1.0	0.0
GCF_964195595.1	Calonectris borealis	Aves	ITPR3	found_annotated	found	1	itpr_present	S15a present_single_locus (R1)	0	present_single_locus	R1	Chromosome	Y	RefSeq	4142416	86023716	1366185058	1	1.0	0.0
GCF_964195595.1	Calonectris borealis	Aves	RYR	found_annotated	found	1	ryr_sister	present in every vertebrate	0			Chromosome	Y	RefSeq	4142416	86023716	1366185058	1	1.0	0.0
GCF_964237555.1	Oryctolagus cuniculus	Mammalia	ITPR1	found_annotated	found	1	itpr_present	S15a present_single_locus (R1)	0	present_single_locus	R1	Chromosome	Y	RefSeq	2030165	144279705	2804657419	1	1.0	0.0
GCF_964237555.1	Oryctolagus cuniculus	Mammalia	ITPR2	found_annotated	found	1	itpr_present	S15a present_single_locus (R1)	0	present_single_locus	R1	Chromosome	Y	RefSeq	2030165	144279705	2804657419	1	1.0	0.0
GCF_964237555.1	Oryctolagus cuniculus	Mammalia	ITPR3	found_annotated	found	1	itpr_present	S15a present_single_locus (R1)	0	present_single_locus	R1	Chromosome	Y	RefSeq	2030165	144279705	2804657419	1	1.0	0.0
GCF_964237555.1	Oryctolagus cuniculus	Mammalia	RYR	found_annotated	found	1	ryr_sister	present in every vertebrate	0			Chromosome	Y	RefSeq	2030165	144279705	2804657419	1	0.9968	0.0
GCF_964237585.1	Gallinula chloropus	Aves	ITPR1	found_annotated	found	1	itpr_present	S15a present_single_locus (R1)	0	present_single_locus	R1	Chromosome	Y	RefSeq	3673000	90336355	1282394494	1	1.0	0.0
GCF_964237585.1	Gallinula chloropus	Aves	ITPR2	found_annotated	found	1	itpr_present	S15a present_single_locus (R1)	0	present_single_locus	R1	Chromosome	Y	RefSeq	3673000	90336355	1282394494	1	1.0	0.0
GCF_964237585.1	Gallinula chloropus	Aves	ITPR3	found_annotated	found	1	itpr_present	S15a present_single_locus (R1)	0	present_single_locus	R1	Chromosome	Y	RefSeq	3673000	90336355	1282394494	1	1.0	0.0
GCF_964237585.1	Gallinula chloropus	Aves	RYR	found_annotated	found	1	ryr_sister	present in every vertebrate	0			Chromosome	Y	RefSeq	3673000	90336355	1282394494	1	1.0	0.0
GCF_964261635.1	Lissotriton helveticus	Amphibia	ITPR1	found_annotated	found	1	itpr_present	S15a present_single_locus (R1)	0	present_single_locus	R1	Chromosome	Y	RefSeq	7795245	2132484007	23170028842	1	1.0	0.0
GCF_964261635.1	Lissotriton helveticus	Amphibia	ITPR2	found_annotated	found	1	itpr_present	S15a present_single_locus (R1)	0	present_single_locus	R1	Chromosome	Y	RefSeq	7795245	2132484007	23170028842	1	1.0	0.0
GCF_964261635.1	Lissotriton helveticus	Amphibia	ITPR3	found_annotated	found	1	itpr_present	S15a present_single_locus (R1)	0	present_single_locus	R1	Chromosome	Y	RefSeq	7795245	2132484007	23170028842	1	1.0	0.0
GCF_964261635.1	Lissotriton helveticus	Amphibia	RYR	found_annotated	found	1	ryr_sister	present in every vertebrate	0			Chromosome	Y	RefSeq	7795245	2132484007	23170028842	1	0.996	0.0
GCF_964289735.1	Phaethon aethereus	Aves	ITPR1	found_annotated	found	1	itpr_present	S15a present_single_locus (R1)	0	present_single_locus	R1	Chromosome	Y	RefSeq	2122569	85546101	1321007257	1	1.0	0.0
GCF_964289735.1	Phaethon aethereus	Aves	ITPR2	found_annotated	found	1	itpr_present	S15a present_single_locus (R1)	0	present_single_locus	R1	Chromosome	Y	RefSeq	2122569	85546101	1321007257	1	1.0	0.0
GCF_964289735.1	Phaethon aethereus	Aves	ITPR3	found_annotated	found	1	itpr_present	S15a present_single_locus (R1)	0	present_single_locus	R1	Chromosome	Y	RefSeq	2122569	85546101	1321007257	1	1.0	0.0
GCF_964289735.1	Phaethon aethereus	Aves	RYR	found_annotated	found	1	ryr_sister	present in every vertebrate	0			Chromosome	Y	RefSeq	2122569	85546101	1321007257	1	0.9974	0.0
GCF_964417175.1	Larus argentatus	Aves	ITPR1	found_annotated	found	1	itpr_present	S15a present_single_locus (R1)	0	present_single_locus	R1	Chromosome	Y	RefSeq	3525167	88668981	1417836755	1	1.0	0.0
GCF_964417175.1	Larus argentatus	Aves	ITPR2	found_annotated	found	1	itpr_present	S15a present_single_locus (R1)	0	present_single_locus	R1	Chromosome	Y	RefSeq	3525167	88668981	1417836755	1	1.0	0.0
GCF_964417175.1	Larus argentatus	Aves	ITPR3	found_annotated	found	1	itpr_present	S15a present_single_locus (R1)	0	present_single_locus	R1	Chromosome	Y	RefSeq	3525167	88668981	1417836755	1	1.0	0.0
GCF_964417175.1	Larus argentatus	Aves	RYR	found_annotated	found	1	ryr_sister	present in every vertebrate	0			Chromosome	Y	RefSeq	3525167	88668981	1417836755	1	1.0	0.0
GCF_964638095.1	Poromitra crassiceps	Actinopteri	ITPR1	found_annotated	found	1	itpr_present	S15a present_single_locus (R1)	0	present_single_locus	R1	Chromosome	Y	RefSeq	841497	53864884	1629984087	1	1.0	0.0
GCF_964638095.1	Poromitra crassiceps	Actinopteri	ITPR2	found_annotated	found	1	itpr_present	S15a present_single_locus (R1)	0	present_single_locus	R1	Chromosome	Y	RefSeq	841497	53864884	1629984087	1	1.0	0.0
GCF_964638095.1	Poromitra crassiceps	Actinopteri	ITPR3	found_annotated	found	1	itpr_present	S15a present_single_locus (R1)	0	present_single_locus	R1	Chromosome	Y	RefSeq	841497	53864884	1629984087	1	1.0	0.0
GCF_964638095.1	Poromitra crassiceps	Actinopteri	RYR	found_annotated	found	1	ryr_sister	present in every vertebrate	0			Chromosome	Y	RefSeq	841497	53864884	1629984087	1	1.0	0.0
GCF_965183815.1	Platalea leucorodia	Aves	ITPR1	found_annotated	found	1	itpr_present	S15a present_single_locus (R1)	0	present_single_locus	R1	Chromosome	Y	RefSeq	3299000	94714899	1345825956	1	1.0	0.0
GCF_965183815.1	Platalea leucorodia	Aves	ITPR2	found_annotated	found	1	itpr_present	S15a present_single_locus (R1)	0	present_single_locus	R1	Chromosome	Y	RefSeq	3299000	94714899	1345825956	1	1.0	0.0
GCF_965183815.1	Platalea leucorodia	Aves	ITPR3	found_annotated	found	1	itpr_present	S15a present_single_locus (R1)	0	present_single_locus	R1	Chromosome	Y	RefSeq	3299000	94714899	1345825956	1	1.0	0.0
GCF_965183815.1	Platalea leucorodia	Aves	RYR	found_annotated	found	1	ryr_sister	present in every vertebrate	0			Chromosome	Y	RefSeq	3299000	94714899	1345825956	1	1.0	0.0
GCF_965601325.1	Salmo salar	Actinopteri	ITPR1	found_annotated	found	1	itpr_present	S15a present_single_locus (R1)	0	present_single_locus	R1	Chromosome	Y	RefSeq	90035114	99640797	2825041709	1	1.0	0.0
GCF_965601325.1	Salmo salar	Actinopteri	ITPR2	found_annotated	found	1	itpr_present	S15a present_single_locus (R1)	0	present_single_locus	R1	Chromosome	Y	RefSeq	90035114	99640797	2825041709	1	1.0	0.0
GCF_965601325.1	Salmo salar	Actinopteri	ITPR3	found_annotated	found	1	itpr_present	S15a present_single_locus (R1)	0	present_single_locus	R1	Chromosome	Y	RefSeq	90035114	99640797	2825041709	1	1.0	0.0
GCF_965601325.1	Salmo salar	Actinopteri	RYR	found_annotated	found	1	ryr_sister	present in every vertebrate	0			Chromosome	Y	RefSeq	90035114	99640797	2825041709	1	1.0	0.0
GCF_965638725.1	Aptenodytes patagonicus	Aves	ITPR1	found_annotated	found	1	itpr_present	S15a present_single_locus (R1)	0	present_single_locus	R1	Chromosome	Y	RefSeq	10636000	86569806	1352580174	1	1.0	0.0
GCF_965638725.1	Aptenodytes patagonicus	Aves	ITPR2	found_annotated	found	1	itpr_present	S15a present_single_locus (R1)	0	present_single_locus	R1	Chromosome	Y	RefSeq	10636000	86569806	1352580174	1	1.0	0.0
GCF_965638725.1	Aptenodytes patagonicus	Aves	ITPR3	found_annotated	found	1	itpr_present	S15a present_single_locus (R1)	0	present_single_locus	R1	Chromosome	Y	RefSeq	10636000	86569806	1352580174	1	1.0	0.0
GCF_965638725.1	Aptenodytes patagonicus	Aves	RYR	found_annotated	found	1	ryr_sister	present in every vertebrate	0			Chromosome	Y	RefSeq	10636000	86569806	1352580174	1	1.0	0.0
