paralog	tip	contact_span_n_ref	contact_span_n_covered	contact_span_coverage	contact_span_identity	ibc_literature_n_ref	ibc_literature_n_covered	ibc_literature_coverage	ibc_literature_identity	channel_minus_luminal_n_ref	channel_minus_luminal_n_covered	channel_minus_luminal_coverage	channel_minus_luminal_identity	channel_all_n_ref	channel_all_n_covered	channel_all_coverage	channel_all_identity
ITPR1	ITPR1|Cervus_elaphus_hippelaphus|GCA_002197005.1	305	305	1.0	1.0	381	381	1.0	0.9973753280839895	195	195	1.0	0.9948717948717949	246	246	1.0	0.9634146341463414
ITPR1	ITPR1|Sphenodon_punctatus|GCA_003113815.1	305	305	1.0	0.940983606557377	381	381	1.0	0.952755905511811	195	195	1.0	0.958974358974359	246	245	0.9959349593495935	0.8857142857142857
ITPR1	ITPR1|Anomalopteryx_didiformis|GCA_006937325.1	305	305	1.0	0.9508196721311475	381	381	1.0	0.958005249343832	195	195	1.0	0.9692307692307692	246	242	0.983739837398374	0.8801652892561983
ITPR1	ITPR1|Sousa_chinensis|GCA_007760645.1	305	305	1.0	0.9934426229508196	381	381	1.0	0.994750656167979	195	195	1.0	0.9948717948717949	246	246	1.0	0.9634146341463414
ITPR1	ITPR1|Alca_torda|GCA_008658365.1	305	305	1.0	0.9573770491803278	381	381	1.0	0.9658792650918635	195	195	1.0	0.9743589743589743	246	245	0.9959349593495935	0.889795918367347
ITPR1	ITPR1|Bucorvus_abyssinicus|GCA_009769605.1	305	305	1.0	0.9540983606557377	381	381	1.0	0.963254593175853	195	195	1.0	0.9743589743589743	246	245	0.9959349593495935	0.8857142857142857
ITPR1	ITPR1|Phoenicopterus_ruber_ruber|GCA_009819775.1	305	305	1.0	0.9573770491803278	381	381	1.0	0.9658792650918635	195	195	1.0	0.9743589743589743	246	245	0.9959349593495935	0.8938775510204081
ITPR1	ITPR1|Cervus_hanglu_yarkandensis|GCA_010411085.1	305	305	1.0	1.0	381	381	1.0	1.0	195	195	1.0	0.9948717948717949	246	246	1.0	0.9634146341463414
ITPR1	ITPR1|Crypturellus_undulatus|GCA_013389825.1	305	305	1.0	0.9540983606557377	381	381	1.0	0.963254593175853	195	195	1.0	0.9743589743589743	246	245	0.9959349593495935	0.8938775510204081
ITPR1	ITPR1|Geococcyx_californianus|GCA_013389885.1	305	305	1.0	0.9540983606557377	381	381	1.0	0.963254593175853	195	195	1.0	0.9743589743589743	246	245	0.9959349593495935	0.8816326530612245
ITPR1	ITPR1|Dryoscopus_gambensis|GCA_013389985.1	305	304	0.9967213114754099	0.9506578947368421	381	380	0.9973753280839895	0.9605263157894737	195	195	1.0	0.9743589743589743	246	245	0.9959349593495935	0.8816326530612245
ITPR1	ITPR1|Chloropsis_hardwickii|GCA_013390065.1	305	304	0.9967213114754099	0.9473684210526315	381	380	0.9973753280839895	0.9578947368421052	195	195	1.0	0.9743589743589743	246	245	0.9959349593495935	0.8816326530612245
ITPR1	ITPR1|Menura_novaehollandiae|GCA_013396355.1	305	304	0.9967213114754099	0.9539473684210527	381	380	0.9973753280839895	0.9631578947368421	195	195	1.0	0.9743589743589743	246	245	0.9959349593495935	0.8857142857142857
ITPR1	ITPR1|Smithornis_capensis|GCA_013396465.1	305	305	1.0	0.9540983606557377	381	381	1.0	0.963254593175853	195	195	1.0	0.9743589743589743	246	245	0.9959349593495935	0.8857142857142857
ITPR1	ITPR1|Ptilorrhoa_leucosticta|GCA_013396485.1	305	304	0.9967213114754099	0.9506578947368421	381	380	0.9973753280839895	0.9605263157894737	195	3	0.015384615384615385	0.6666666666666666	246	3	0.012195121951219513	0.6666666666666666
ITPR1	ITPR1|Eubucco_bourcierii|GCA_013396675.1	305	305	1.0	0.9508196721311475	381	381	1.0	0.9606299212598425	195	195	1.0	0.9743589743589743	246	245	0.9959349593495935	0.8857142857142857
ITPR1	ITPR1|Psilopogon_haemacephalus|GCA_013396835.1	305	305	1.0	0.9475409836065574	381	381	1.0	0.958005249343832	195	0	0.0		246	0	0.0	
ITPR1	ITPR1|Vireo_altiloquus|GCA_013396875.1	305	304	0.9967213114754099	0.9539473684210527	381	380	0.9973753280839895	0.9631578947368421	195	195	1.0	0.9743589743589743	246	245	0.9959349593495935	0.8857142857142857
ITPR1	ITPR1|Bucco_capensis|GCA_013396975.1	305	305	1.0	0.9573770491803278	381	381	1.0	0.9658792650918635	195	195	1.0	0.9743589743589743	246	245	0.9959349593495935	0.8857142857142857
ITPR1	ITPR1|Myiagra_hebetior|GCA_013397015.1	305	303	0.9934426229508196	0.9537953795379538	381	379	0.994750656167979	0.9630606860158312	195	195	1.0	0.9743589743589743	246	245	0.9959349593495935	0.8857142857142857
ITPR1	ITPR1|Sinosuthora_webbiana|GCA_013397395.1	305	304	0.9967213114754099	0.9506578947368421	381	380	0.9973753280839895	0.9605263157894737	195	195	1.0	0.9743589743589743	246	245	0.9959349593495935	0.8857142857142857
ITPR1	ITPR1|Furnarius_figulus|GCA_013397465.1	305	305	1.0	0.9475409836065574	381	381	1.0	0.958005249343832	195	195	1.0	0.9743589743589743	246	245	0.9959349593495935	0.8857142857142857
ITPR1	ITPR1|Pterocles_burchelli|GCA_013397535.1	305	305	1.0	0.9540983606557377	381	381	1.0	0.963254593175853	195	195	1.0	0.9743589743589743	246	245	0.9959349593495935	0.889795918367347
ITPR1	ITPR1|Columbina_picui|GCA_013397635.1	305	305	1.0	0.9573770491803278	381	381	1.0	0.9658792650918635	195	195	1.0	0.9743589743589743	246	245	0.9959349593495935	0.889795918367347
ITPR1	ITPR1|Aleadryas_rufinucha|GCA_013397815.1	305	304	0.9967213114754099	0.9539473684210527	381	380	0.9973753280839895	0.9631578947368421	195	195	1.0	0.9743589743589743	246	245	0.9959349593495935	0.8857142857142857
ITPR1	ITPR1|Origma_solitaria|GCA_013397895.1	305	304	0.9967213114754099	0.9506578947368421	381	380	0.9973753280839895	0.9605263157894737	195	195	1.0	0.9743589743589743	246	245	0.9959349593495935	0.8857142857142857
ITPR1	ITPR1|Grantiella_picta|GCA_013397955.1	305	304	0.9967213114754099	0.9539473684210527	381	380	0.9973753280839895	0.9631578947368421	195	195	1.0	0.9743589743589743	246	245	0.9959349593495935	0.8857142857142857
ITPR1	ITPR1|Aegotheles_bennettii|GCA_013398125.1	305	305	1.0	0.9573770491803278	381	381	1.0	0.9658792650918635	195	195	1.0	0.9743589743589743	246	245	0.9959349593495935	0.8857142857142857
ITPR1	ITPR1|Pedionomus_torquatus|GCA_013398155.1	305	305	1.0	0.9573770491803278	381	381	1.0	0.9658792650918635	195	195	1.0	0.9743589743589743	246	245	0.9959349593495935	0.889795918367347
ITPR1	ITPR1|Climacteris_rufus|GCA_013398175.1	305	303	0.9934426229508196	0.9405940594059405	381	379	0.994750656167979	0.9525065963060686	195	195	1.0	0.9743589743589743	246	245	0.9959349593495935	0.8857142857142857
ITPR1	ITPR1|Loxia_curvirostra|GCA_013398455.1	305	304	0.9967213114754099	0.944078947368421	381	380	0.9973753280839895	0.9552631578947368	195	195	1.0	0.9743589743589743	246	245	0.9959349593495935	0.8857142857142857
ITPR1	ITPR1|Certhia_familiaris|GCA_013398575.1	305	304	0.9967213114754099	0.9506578947368421	381	380	0.9973753280839895	0.9605263157894737	195	0	0.0		246	0	0.0	
ITPR1	ITPR1|Brachypodius_melanocephalos|GCA_013398615.1	305	304	0.9967213114754099	0.9539473684210527	381	380	0.9973753280839895	0.9631578947368421	195	195	1.0	0.9743589743589743	246	245	0.9959349593495935	0.8857142857142857
ITPR1	ITPR1|Elachura_formosa|GCA_013398795.1	305	304	0.9967213114754099	0.9506578947368421	381	380	0.9973753280839895	0.9605263157894737	195	195	1.0	0.9743589743589743	246	245	0.9959349593495935	0.8857142857142857
ITPR1	ITPR1|Ceuthmochares_aereus|GCA_013398935.1	305	305	1.0	0.9540983606557377	381	381	1.0	0.963254593175853	195	195	1.0	0.9743589743589743	246	245	0.9959349593495935	0.8734693877551021
ITPR1	ITPR1|Chloroceryle_aenea|GCA_013399075.1	305	305	1.0	0.9573770491803278	381	381	1.0	0.9658792650918635	195	195	1.0	0.9743589743589743	246	245	0.9959349593495935	0.8857142857142857
ITPR1	ITPR1|Rostratula_benghalensis|GCA_013399305.1	305	305	1.0	0.9573770491803278	381	381	1.0	0.9658792650918635	195	195	1.0	0.9743589743589743	246	245	0.9959349593495935	0.8857142857142857
ITPR1	ITPR1|Nyctiprogne_leucopyga|GCA_013399395.1	305	305	1.0	0.9573770491803278	381	381	1.0	0.9658792650918635	195	195	1.0	0.9743589743589743	246	245	0.9959349593495935	0.889795918367347
ITPR1	ITPR1|Anthoscopus_minutus|GCA_013399455.1	305	304	0.9967213114754099	0.944078947368421	381	380	0.9973753280839895	0.9552631578947368	195	195	1.0	0.9743589743589743	246	245	0.9959349593495935	0.8857142857142857
ITPR1	ITPR1|Corythaixoides_concolor|GCA_013399495.1	305	305	1.0	0.9573770491803278	381	381	1.0	0.9658792650918635	195	195	1.0	0.9743589743589743	246	245	0.9959349593495935	0.889795918367347
ITPR1	ITPR1|Podilymbus_podiceps|GCA_013399565.1	305	305	1.0	0.9573770491803278	381	381	1.0	0.9658792650918635	195	195	1.0	0.9743589743589743	246	245	0.9959349593495935	0.8938775510204081
ITPR1	ITPR1|Tyrannus_savana|GCA_013399735.1	305	304	0.9967213114754099	0.9539473684210527	381	380	0.9973753280839895	0.9631578947368421	195	195	1.0	0.9743589743589743	246	245	0.9959349593495935	0.8816326530612245
ITPR1	ITPR1|Oxyruncus_cristatus|GCA_013399855.1	305	303	0.9934426229508196	0.9570957095709571	381	379	0.994750656167979	0.9656992084432717	195	195	1.0	0.9743589743589743	246	245	0.9959349593495935	0.8816326530612245
ITPR1	ITPR1|Serilophus_lunatus|GCA_013399895.1	305	305	1.0	0.9475409836065574	381	381	1.0	0.958005249343832	195	195	1.0	0.9743589743589743	246	245	0.9959349593495935	0.889795918367347
ITPR1	ITPR1|Aramus_guarauna|GCA_013400195.1	305	305	1.0	0.9573770491803278	381	381	1.0	0.9658792650918635	195	195	1.0	0.9743589743589743	246	245	0.9959349593495935	0.8857142857142857
ITPR1	ITPR1|Cisticola_juncidis|GCA_013400215.1	305	303	0.9934426229508196	0.9504950495049505	381	379	0.994750656167979	0.9604221635883905	195	195	1.0	0.9743589743589743	246	245	0.9959349593495935	0.8938775510204081
ITPR1	ITPR1|Scytalopus_superciliaris|GCA_013400415.1	305	305	1.0	0.9475409836065574	381	381	1.0	0.958005249343832	195	195	1.0	0.9743589743589743	246	245	0.9959349593495935	0.8857142857142857
ITPR1	ITPR1|Erpornis_zantholeuca|GCA_013400515.1	305	304	0.9967213114754099	0.9539473684210527	381	380	0.9973753280839895	0.9631578947368421	195	195	1.0	0.9743589743589743	246	245	0.9959349593495935	0.8816326530612245
ITPR1	ITPR1|Chloropsis_cyanopogon|GCA_013400585.1	305	304	0.9967213114754099	0.9473684210526315	381	380	0.9973753280839895	0.9578947368421052	195	195	1.0	0.9743589743589743	246	245	0.9959349593495935	0.8816326530612245
ITPR1	ITPR1|Urocolius_indicus|GCA_013401255.1	305	305	1.0	0.9573770491803278	381	381	1.0	0.9658792650918635	195	195	1.0	0.9743589743589743	246	245	0.9959349593495935	0.8857142857142857
ITPR1	ITPR1|Glareola_pratincola|GCA_013401295.1	305	305	1.0	0.9573770491803278	381	381	1.0	0.9658792650918635	195	195	1.0	0.9743589743589743	246	245	0.9959349593495935	0.889795918367347
ITPR1	ITPR1|Balaeniceps_rex|GCA_013401315.1	305	237	0.7770491803278688	0.9704641350210971	381	272	0.7139107611548556	0.9742647058823529	195	195	1.0	0.9743589743589743	246	245	0.9959349593495935	0.889795918367347
ITPR1	ITPR1|Nibea_albiflora|GCA_014281875.1	305	304	0.9967213114754099	0.8782894736842105	381	380	0.9973753280839895	0.8868421052631579	195	195	1.0	0.9128205128205128	246	242	0.983739837398374	0.8223140495867769
ITPR1	ITPR1|Sylvia_borin|GCA_014839755.1	305	304	0.9967213114754099	0.9473684210526315	381	380	0.9973753280839895	0.9578947368421052	195	195	1.0	0.9743589743589743	246	245	0.9959349593495935	0.8857142857142857
ITPR1	ITPR1|Lamprotornis_superbus|GCA_015883425.2	305	304	0.9967213114754099	0.9473684210526315	381	380	0.9973753280839895	0.9578947368421052	195	195	1.0	0.9743589743589743	246	245	0.9959349593495935	0.8857142857142857
ITPR1	ITPR1|Aplochiton_taeniatus|GCA_017639675.1	305	304	0.9967213114754099	0.8881578947368421	381	380	0.9973753280839895	0.8947368421052632	195	195	1.0	0.9179487179487179	246	244	0.991869918699187	0.819672131147541
ITPR1	ITPR1|Bothrops_jararaca|GCA_018340635.1	305	305	1.0	0.9311475409836065	381	381	1.0	0.9448818897637795	195	195	1.0	0.9794871794871794	246	243	0.9878048780487805	0.8888888888888888
ITPR1	ITPR1|Hemiprocne_comata|GCA_020745705.1	305	305	1.0	0.9540983606557377	381	381	1.0	0.963254593175853	195	195	1.0	0.9743589743589743	246	245	0.9959349593495935	0.889795918367347
ITPR1	ITPR1|Albula_goreensis|GCA_022829145.1	305	305	1.0	0.8852459016393442	381	381	1.0	0.89501312335958	195	194	0.9948717948717949	0.9278350515463918	246	241	0.9796747967479674	0.8340248962655602
ITPR1	ITPR1|Pygathrix_nigripes|GCA_023764695.1	305	305	1.0	1.0	381	381	1.0	1.0	195	195	1.0	1.0	246	246	1.0	0.9959349593495935
ITPR1	ITPR1|Muraenolepis_orangiensis|GCA_027704905.1	305	304	0.9967213114754099	0.881578947368421	381	380	0.9973753280839895	0.8868421052631579	195	195	1.0	0.9025641025641026	246	243	0.9878048780487805	0.7901234567901234
ITPR1	ITPR1|Heterohyrax_brucei|GCA_028571685.1	305	305	1.0	0.9967213114754099	381	381	1.0	0.9973753280839895	195	195	1.0	0.9948717948717949	246	246	1.0	0.9634146341463414
ITPR1	ITPR1|Aldrovandia_affinis|GCA_029706075.1	305	305	1.0	0.8721311475409836	381	381	1.0	0.8818897637795275	195	195	1.0	0.9128205128205128	246	240	0.975609756097561	0.8291666666666667
ITPR1	ITPR1|Saguinus_oedipus|GCA_031835075.1	305	305	1.0	1.0	381	381	1.0	1.0	195	195	1.0	1.0	246	246	1.0	0.975609756097561
ITPR1	ITPR1|Crypturellus_soui|GCA_032275445.1	305	305	1.0	0.9508196721311475	381	381	1.0	0.9606299212598425	195	176	0.9025641025641026	0.9090909090909091	246	225	0.9146341463414634	0.8311111111111111
ITPR1	ITPR1|Circaetus_pectoralis|GCA_035590135.1	305	305	1.0	0.9573770491803278	381	381	1.0	0.9658792650918635	195	195	1.0	0.9743589743589743	246	245	0.9959349593495935	0.889795918367347
ITPR1	ITPR1|Cirrhinus_mrigala|GCA_036247105.2	305	305	1.0	0.8786885245901639	381	381	1.0	0.8871391076115486	195	195	1.0	0.8461538461538461	246	232	0.943089430894309	0.7887931034482759
ITPR1	ITPR1|Atractosteus_spatula|GCA_043380575.1	305	305	1.0	0.8852459016393442	381	381	1.0	0.8976377952755905	195	195	1.0	0.9384615384615385	246	240	0.975609756097561	0.8541666666666666
ITPR1	ITPR1|Amblyopsis_spelaea|GCA_046255725.1	305	305	1.0	0.8721311475409836	381	381	1.0	0.8792650918635171	195	195	1.0	0.9333333333333333	246	246	1.0	0.8455284552845529
ITPR1	ITPR1|Polymixia_lowei|GCA_047511595.1	305	305	1.0	0.8885245901639345	381	381	1.0	0.89501312335958	195	195	1.0	0.9230769230769231	246	241	0.9796747967479674	0.8381742738589212
ITPR1	ITPR1|Notoryctes_typhlops|GCA_048126345.2	305	305	1.0	0.9836065573770492	381	381	1.0	0.9868766404199475	195	195	1.0	0.9897435897435898	246	246	1.0	0.9308943089430894
ITPR1	ITPR1|Diretmus_argenteus|GCA_048569125.1	305	305	1.0	0.8885245901639345	381	381	1.0	0.8923884514435696	195	195	1.0	0.9230769230769231	246	242	0.983739837398374	0.8305785123966942
ITPR1	ITPR1|Liparis_tanakae|GCA_050084785.1	305	305	1.0	0.8786885245901639	381	381	1.0	0.884514435695538	195	195	1.0	0.9230769230769231	246	241	0.9796747967479674	0.8215767634854771
ITPR1	ITPR1|Copsychus_sechellarum|GCA_054084135.1	305	303	0.9934426229508196	0.9537953795379538	381	379	0.994750656167979	0.9630606860158312	195	195	1.0	0.9743589743589743	246	245	0.9959349593495935	0.8857142857142857
ITPR1	ITPR1|Steatornis_caripensis|GCA_054099775.1	305	305	1.0	0.9573770491803278	381	381	1.0	0.9658792650918635	195	195	1.0	0.9743589743589743	246	245	0.9959349593495935	0.889795918367347
ITPR1	ITPR1|Lestoros_inca|GCA_054644205.1	305	305	1.0	0.980327868852459	381	381	1.0	0.984251968503937	195	195	1.0	0.9897435897435898	246	246	1.0	0.926829268292683
ITPR1	ITPR1|Datnioides_polota|GCA_054883175.1	305	305	1.0	0.8819672131147541	381	381	1.0	0.889763779527559	195	195	1.0	0.9179487179487179	246	241	0.9796747967479674	0.8298755186721992
ITPR1	ITPR1|Arapaima_gigas|GCA_054883375.1	305	305	1.0	0.8819672131147541	381	381	1.0	0.889763779527559	195	195	1.0	0.9282051282051282	246	246	1.0	0.8211382113821138
ITPR1	ITPR1|Pristigenys_meyeri|GCA_056506795.1	305	305	1.0	0.8786885245901639	381	381	1.0	0.8871391076115486	195	195	1.0	0.9128205128205128	246	244	0.991869918699187	0.8155737704918032
ITPR1	ITPR1|Spizella_passerina|GCA_056776345.1	305	304	0.9967213114754099	0.9473684210526315	381	380	0.9973753280839895	0.9578947368421052	195	195	1.0	0.9743589743589743	246	245	0.9959349593495935	0.8857142857142857
ITPR1	ITPR1|Hiodon_alosoides|GCA_056783565.1	305	305	1.0	0.8852459016393442	381	381	1.0	0.8923884514435696	195	195	1.0	0.9384615384615385	246	241	0.9796747967479674	0.8464730290456431
ITPR1	ITPR1|Albula_glossodonta|GCA_056783665.1	305	304	0.9967213114754099	0.881578947368421	381	380	0.9973753280839895	0.8921052631578947	195	195	1.0	0.9282051282051282	246	236	0.959349593495935	0.8559322033898306
ITPR1	ITPR1|Stylephorus_chordatus|GCA_056824565.1	305	305	1.0	0.8852459016393442	381	381	1.0	0.889763779527559	195	195	1.0	0.9128205128205128	246	241	0.9796747967479674	0.8174273858921162
ITPR1	ITPR1|Alepocephalus_tenebrosus|GCA_056824585.1	305	305	1.0	0.8786885245901639	381	381	1.0	0.8818897637795275	195	195	1.0	0.9076923076923077	246	232	0.943089430894309	0.8362068965517241
ITPR1	ITPR1|Echinorhinus_cookei|GCA_057876775.1	305	305	1.0	0.8688524590163934	381	381	1.0	0.8871391076115486	195	195	1.0	0.9179487179487179	246	238	0.967479674796748	0.8403361344537815
ITPR1	ITPR1|Acrocephalus_arundinaceus|GCA_058224745.1	305	304	0.9967213114754099	0.9473684210526315	381	380	0.9973753280839895	0.9578947368421052	195	195	1.0	0.9743589743589743	246	245	0.9959349593495935	0.8857142857142857
ITPR1	ITPR1|Platax_teira|GCA_058707665.1	305	305	1.0	0.8754098360655738	381	381	1.0	0.884514435695538	195	195	1.0	0.9179487179487179	246	244	0.991869918699187	0.8114754098360656
ITPR1	ITPR1|Capros_aper|GCA_965364685.1	305	305	1.0	0.8819672131147541	381	381	1.0	0.8871391076115486	195	195	1.0	0.9230769230769231	246	241	0.9796747967479674	0.8340248962655602
ITPR1	ITPR1|Acanthurus_tractus|GCA_980438365.1	305	305	1.0	0.8786885245901639	381	381	1.0	0.8871391076115486	195	195	1.0	0.9179487179487179	246	244	0.991869918699187	0.8278688524590164
ITPR1	ITPR1|Parequula_melbournensis|GCA_984656905.1	305	305	1.0	0.8786885245901639	381	381	1.0	0.884514435695538	195	195	1.0	0.9179487179487179	246	244	0.991869918699187	0.8032786885245902
ITPR1	ITPR1|Pontoporia_blainvillei|GCA_987193245.1	305	305	1.0	0.9901639344262295	381	381	1.0	0.9921259842519685	195	195	1.0	0.9948717948717949	246	246	1.0	0.9634146341463414
ITPR1	ITPR1|Homo_sapiens|GCF_000001405.40	305	305	1.0	1.0	381	381	1.0	1.0	195	195	1.0	1.0	246	246	1.0	1.0
ITPR1	ITPR1|Mus_musculus|GCF_000001635.27	305	305	1.0	0.9967213114754099	381	381	1.0	0.9973753280839895	195	195	1.0	0.9948717948717949	246	246	1.0	0.967479674796748
ITPR1	ITPR1|Xenopus_tropicalis|GCF_000004195.4	305	305	1.0	0.8786885245901639	381	381	1.0	0.9002624671916011	195	195	1.0	0.9743589743589743	246	239	0.9715447154471545	0.8744769874476988
ITPR1	ITPR1|Trichechus_manatus_latirostris|GCF_000243295.1	305	305	1.0	0.9934426229508196	381	381	1.0	0.994750656167979	195	195	1.0	0.9948717948717949	246	246	1.0	0.967479674796748
ITPR1	ITPR1|Orycteropus_afer_afer|GCF_000298275.1	305	305	1.0	1.0	381	381	1.0	0.9973753280839895	195	195	1.0	0.9948717948717949	246	246	1.0	0.959349593495935
ITPR1	ITPR1|Elephantulus_edwardii|GCF_000299155.1	305	305	1.0	0.9967213114754099	381	381	1.0	0.994750656167979	195	195	1.0	0.9794871794871794	246	246	1.0	0.9390243902439024
ITPR1	ITPR1|Tupaia_belangeri_chinensis|GCF_000334495.1	305	305	1.0	1.0	381	381	1.0	1.0	195	195	1.0	0.9948717948717949	246	246	1.0	0.943089430894309
ITPR1	ITPR1|Egretta_garzetta|GCF_000687185.1	305	305	1.0	0.9573770491803278	381	381	1.0	0.9658792650918635	195	195	1.0	0.9743589743589743	246	245	0.9959349593495935	0.8938775510204081
ITPR1	ITPR1|Cariama_cristata|GCF_000690535.1	305	305	1.0	0.9573770491803278	381	381	1.0	0.9658792650918635	195	195	1.0	0.9743589743589743	246	245	0.9959349593495935	0.889795918367347
ITPR1	ITPR1|Eurypyga_helias|GCF_000690775.1	305	305	1.0	0.9573770491803278	381	381	1.0	0.9658792650918635	195	195	1.0	0.9743589743589743	246	245	0.9959349593495935	0.889795918367347
ITPR1	ITPR1|Corvus_brachyrhynchos|GCF_000691975.1	305	304	0.9967213114754099	0.9539473684210527	381	380	0.9973753280839895	0.9631578947368421	195	195	1.0	0.9692307692307692	246	245	0.9959349593495935	0.8816326530612245
ITPR1	ITPR1|Mesitornis_unicolor|GCF_000695765.1	305	305	1.0	0.9540983606557377	381	381	1.0	0.963254593175853	195	195	1.0	0.9743589743589743	246	245	0.9959349593495935	0.889795918367347
ITPR1	ITPR1|Acanthisitta_chloris|GCF_000695815.1	305	304	0.9967213114754099	0.944078947368421	381	380	0.9973753280839895	0.9552631578947368	195	195	1.0	0.9743589743589743	246	245	0.9959349593495935	0.8857142857142857
ITPR1	ITPR1|Nestor_notabilis|GCF_000696875.1	305	305	1.0	0.9540983606557377	381	381	1.0	0.963254593175853	195	195	1.0	0.9743589743589743	246	245	0.9959349593495935	0.889795918367347
ITPR1	ITPR1|Pygoscelis_adeliae|GCF_000699105.1	305	305	1.0	0.9573770491803278	381	381	1.0	0.9658792650918635	195	195	1.0	0.9743589743589743	246	245	0.9959349593495935	0.889795918367347
ITPR1	ITPR1|Aptenodytes_forsteri|GCF_000699145.1	305	305	1.0	0.9540983606557377	381	381	1.0	0.963254593175853	195	195	1.0	0.9743589743589743	246	245	0.9959349593495935	0.889795918367347
ITPR1	ITPR1|Pterocles_gutturalis|GCF_000699245.1	305	305	1.0	0.9540983606557377	381	381	1.0	0.963254593175853	195	195	1.0	0.9743589743589743	246	245	0.9959349593495935	0.889795918367347
ITPR1	ITPR1|Antrostomus_carolinensis|GCF_000700745.2	305	305	1.0	0.9573770491803278	381	381	1.0	0.9658792650918635	195	195	1.0	0.9743589743589743	246	245	0.9959349593495935	0.889795918367347
ITPR1	ITPR1|Tinamus_guttatus|GCF_000705375.1	305	305	1.0	0.9475409836065574	381	381	1.0	0.958005249343832	195	195	1.0	0.9743589743589743	246	245	0.9959349593495935	0.8938775510204081
ITPR1	ITPR1|Charadrius_vociferus|GCF_000708025.1	305	305	1.0	0.9540983606557377	381	381	1.0	0.963254593175853	195	195	1.0	0.9743589743589743	246	245	0.9959349593495935	0.889795918367347
ITPR1	ITPR1|Chaetura_pelagica|GCF_000747805.2	305	305	1.0	0.9540983606557377	381	381	1.0	0.963254593175853	195	189	0.9692307692307692	0.9682539682539683	246	239	0.9715447154471545	0.8828451882845189
ITPR1	ITPR1|Manacus_vitellinus|GCF_001715985.3	305	304	0.9967213114754099	0.9539473684210527	381	380	0.9973753280839895	0.9631578947368421	195	195	1.0	0.9743589743589743	246	245	0.9959349593495935	0.8816326530612245
ITPR1	ITPR1|Nothoprocta_perdicaria|GCF_003342845.1	305	305	1.0	0.9540983606557377	381	381	1.0	0.963254593175853	195	195	1.0	0.9743589743589743	246	245	0.9959349593495935	0.8979591836734694
ITPR1	ITPR1|Cricetulus_griseus|GCF_003668045.3	305	305	1.0	0.9967213114754099	381	381	1.0	0.9973753280839895	195	195	1.0	0.9948717948717949	246	246	1.0	0.9634146341463414
ITPR1	ITPR1|Calypte_anna|GCF_003957555.1	305	305	1.0	0.9508196721311475	381	381	1.0	0.9606299212598425	195	195	1.0	0.9743589743589743	246	245	0.9959349593495935	0.8857142857142857
ITPR1	ITPR1|Ornithorhynchus_anatinus|GCF_004115215.2	305	305	1.0	0.9573770491803278	381	381	1.0	0.9658792650918635	195	195	1.0	0.9897435897435898	246	246	1.0	0.9227642276422764
ITPR1	ITPR1|Pristis_pectinata|GCF_009764475.1	305	305	1.0	0.8721311475409836	381	381	1.0	0.889763779527559	195	195	1.0	0.9025641025641026	246	238	0.967479674796748	0.8277310924369747
ITPR1	ITPR1|Tauraco_erythrolophus|GCF_009769465.1	305	305	1.0	0.9573770491803278	381	381	1.0	0.9658792650918635	195	195	1.0	0.9743589743589743	246	245	0.9959349593495935	0.8857142857142857
ITPR1	ITPR1|Esox_lucius|GCF_011004845.1	305	305	1.0	0.8754098360655738	381	381	1.0	0.8818897637795275	195	195	1.0	0.9282051282051282	246	240	0.975609756097561	0.825
ITPR1	ITPR1|Balearica_regulorum_gibbericeps|GCF_011004875.1	305	305	1.0	0.9573770491803278	381	381	1.0	0.9658792650918635	195	195	1.0	0.9743589743589743	246	245	0.9959349593495935	0.8857142857142857
ITPR1	ITPR1|Megalops_cyprinoides|GCF_013368585.1	305	305	1.0	0.8885245901639345	381	381	1.0	0.89501312335958	195	195	1.0	0.9282051282051282	246	242	0.983739837398374	0.8388429752066116
ITPR1	ITPR1|Nyctibius_grandis|GCF_013368605.1	305	305	1.0	0.9573770491803278	381	381	1.0	0.9658792650918635	195	195	1.0	0.9692307692307692	246	245	0.9959349593495935	0.8857142857142857
ITPR1	ITPR1|Dryobates_pubescens|GCF_014839835.1	305	305	1.0	0.9508196721311475	381	381	1.0	0.9606299212598425	195	195	1.0	0.9743589743589743	246	245	0.9959349593495935	0.8857142857142857
ITPR1	ITPR1|Gracilinanus_agilis|GCF_016433145.1	305	305	1.0	0.980327868852459	381	381	1.0	0.984251968503937	195	195	1.0	0.9897435897435898	246	246	1.0	0.9227642276422764
ITPR1	ITPR1|Gallus_gallus|GCF_016699485.2	305	305	1.0	0.9540983606557377	381	381	1.0	0.963254593175853	195	195	1.0	0.9743589743589743	246	245	0.9959349593495935	0.889795918367347
ITPR1	ITPR1|Xiphias_gladius|GCF_016859285.1	305	305	1.0	0.8754098360655738	381	381	1.0	0.8818897637795275	195	195	1.0	0.9128205128205128	246	241	0.9796747967479674	0.8174273858921162
ITPR1	ITPR1|Carcharodon_carcharias|GCF_017639515.1	305	305	1.0	0.8721311475409836	381	381	1.0	0.889763779527559	195	195	1.0	0.9179487179487179	246	238	0.967479674796748	0.8403361344537815
ITPR1	ITPR1|Polyodon_spathula|GCF_017654505.1	305	305	1.0	0.8950819672131147	381	381	1.0	0.9002624671916011	195	195	1.0	0.9230769230769231	246	242	0.983739837398374	0.8429752066115702
ITPR1	ITPR1|Cuculus_canorus|GCF_017976375.1	305	305	1.0	0.9508196721311475	381	381	1.0	0.9606299212598425	195	195	1.0	0.9743589743589743	246	245	0.9959349593495935	0.8775510204081632
ITPR1	ITPR1|Gymnogyps_californianus|GCF_018139145.2	305	305	1.0	0.9540983606557377	381	381	1.0	0.963254593175853	195	195	1.0	0.9743589743589743	246	245	0.9959349593495935	0.889795918367347
ITPR1	ITPR1|Cheilinus_undulatus|GCF_018320785.1	305	305	1.0	0.8786885245901639	381	381	1.0	0.8871391076115486	195	195	1.0	0.9128205128205128	246	240	0.975609756097561	0.8291666666666667
ITPR1	ITPR1|Tyto_alba|GCF_018691265.1	305	305	1.0	0.9573770491803278	381	381	1.0	0.9658792650918635	195	195	1.0	0.9743589743589743	246	245	0.9959349593495935	0.889795918367347
ITPR1	ITPR1|Callorhinchus_milii|GCF_018977255.1	305	305	1.0	0.8688524590163934	381	381	1.0	0.8871391076115486	195	195	1.0	0.9025641025641026	246	239	0.9715447154471545	0.8200836820083682
ITPR1	ITPR1|Protopterus_annectens|GCF_019279795.1	305	294	0.9639344262295082	0.8843537414965986	381	370	0.9711286089238845	0.8945945945945946	195	191	0.9794871794871794	0.6858638743455497	246	223	0.9065040650406504	0.6412556053811659
ITPR1	ITPR1|Dromiciops_gliroides|GCF_019393635.1	305	305	1.0	0.9836065573770492	381	381	1.0	0.9868766404199475	195	195	1.0	0.9897435897435898	246	246	1.0	0.9349593495934959
ITPR1	ITPR1|Gambusia_affinis|GCF_019740435.1	305	305	1.0	0.8590163934426229	381	381	1.0	0.868766404199475	195	195	1.0	0.9128205128205128	246	241	0.9796747967479674	0.8215767634854771
ITPR1	ITPR1|Neogale_vison|GCF_020171115.1	305	305	1.0	1.0	381	381	1.0	1.0	195	195	1.0	0.9948717948717949	246	246	1.0	0.9715447154471545
ITPR1	ITPR1|Apus_apus|GCF_020740795.1	305	305	1.0	0.9540983606557377	381	381	1.0	0.963254593175853	195	195	1.0	0.9743589743589743	246	245	0.9959349593495935	0.889795918367347
ITPR1	ITPR1|Diceros_bicornis_minor|GCF_020826845.1	305	305	1.0	0.9967213114754099	381	381	1.0	0.9973753280839895	195	195	1.0	0.9897435897435898	246	246	1.0	0.9634146341463414
ITPR1	ITPR1|Sphaerodactylus_townsendi|GCF_021028975.2	305	277	0.9081967213114754	0.3971119133574007	381	344	0.9028871391076115	0.4563953488372093	195	195	1.0	0.9743589743589743	246	245	0.9959349593495935	0.8979591836734694
ITPR1	ITPR1|Micropterus_dolomieu|GCF_021292245.1	305	305	1.0	0.8688524590163934	381	381	1.0	0.8792650918635171	195	195	1.0	0.9128205128205128	246	241	0.9796747967479674	0.8298755186721992
ITPR1	ITPR1|Equus_quagga|GCF_021613505.1	305	305	1.0	1.0	381	381	1.0	1.0	195	195	1.0	0.9948717948717949	246	246	1.0	0.9715447154471545
ITPR1	ITPR1|Falco_peregrinus|GCF_023634155.1	305	305	1.0	0.9540983606557377	381	381	1.0	0.963254593175853	195	195	1.0	0.9743589743589743	246	245	0.9959349593495935	0.889795918367347
ITPR1	ITPR1|Tamandua_tetradactyla|GCF_023851605.1	305	305	1.0	1.0	381	381	1.0	1.0	195	195	1.0	0.9948717948717949	246	246	1.0	0.9796747967479674
ITPR1	ITPR1|Elephas_maximus_indicus|GCF_024166365.1	305	305	1.0	1.0	381	381	1.0	1.0	195	195	1.0	0.9948717948717949	246	246	1.0	0.975609756097561
ITPR1	ITPR1|Gopherus_flavomarginatus|GCF_025201925.1	305	305	1.0	0.9573770491803278	381	381	1.0	0.9658792650918635	195	168	0.8615384615384616	0.5119047619047619	246	193	0.7845528455284553	0.47150259067357514
ITPR1	ITPR1|Hemicordylus_capensis|GCF_027244095.1	305	305	1.0	0.940983606557377	381	381	1.0	0.952755905511811	195	195	1.0	0.9794871794871794	246	244	0.991869918699187	0.9016393442622951
ITPR1	ITPR1|Cynocephalus_volans|GCF_027409185.1	305	305	1.0	1.0	381	381	1.0	1.0	195	195	1.0	0.9948717948717949	246	246	1.0	0.9634146341463414
ITPR1	ITPR1|Scomber_japonicus|GCF_027409825.1	305	305	1.0	0.8786885245901639	381	381	1.0	0.8871391076115486	195	195	1.0	0.9179487179487179	246	241	0.9796747967479674	0.8215767634854771
ITPR1	ITPR1|Neoarius_graeffei|GCF_027579695.1	305	305	1.0	0.8786885245901639	381	381	1.0	0.8871391076115486	195	195	1.0	0.8615384615384616	246	232	0.943089430894309	0.7931034482758621
ITPR1	ITPR1|Sorex_araneus|GCF_027595985.1	305	305	1.0	0.9770491803278688	381	381	1.0	0.9816272965879265	195	195	1.0	0.9846153846153847	246	246	1.0	0.9349593495934959
ITPR1	ITPR1|Notamacropus_eugenii|GCF_028372415.1	305	305	1.0	0.9836065573770492	381	381	1.0	0.9868766404199475	195	195	1.0	0.9897435897435898	246	246	1.0	0.926829268292683
ITPR1	ITPR1|Rhea_pennata|GCF_028389875.1	305	305	1.0	0.9475409836065574	381	381	1.0	0.958005249343832	195	195	1.0	0.9743589743589743	246	245	0.9959349593495935	0.889795918367347
ITPR1	ITPR1|Colius_striatus|GCF_028858725.1	305	305	1.0	0.9573770491803278	381	381	1.0	0.9658792650918635	195	195	1.0	0.9743589743589743	246	245	0.9959349593495935	0.8857142857142857
ITPR1	ITPR1|Hoplias_malabaricus|GCF_029633855.1	305	305	1.0	0.8754098360655738	381	381	1.0	0.8818897637795275	195	195	1.0	0.8564102564102564	246	232	0.943089430894309	0.7974137931034483
ITPR1	ITPR1|Lampris_incognitus|GCF_029633865.1	305	304	0.9967213114754099	0.881578947368421	381	380	0.9973753280839895	0.8868421052631579	195	195	1.0	0.9179487179487179	246	241	0.9796747967479674	0.8340248962655602
ITPR1	ITPR1|Manis_pentadactyla|GCF_030020395.1	305	305	1.0	0.9934426229508196	381	381	1.0	0.994750656167979	195	195	1.0	0.9897435897435898	246	246	1.0	0.967479674796748
ITPR1	ITPR1|Dasypus_novemcinctus|GCF_030445035.2	305	305	1.0	1.0	381	381	1.0	1.0	195	195	1.0	0.9948717948717949	246	246	1.0	0.967479674796748
ITPR1	ITPR1|Pelecanus_crispus|GCF_030463565.1	305	305	1.0	0.9540983606557377	381	381	1.0	0.963254593175853	195	195	1.0	0.9692307692307692	246	245	0.9959349593495935	0.8857142857142857
ITPR1	ITPR1|Poecile_atricapillus|GCF_030490865.1	305	304	0.9967213114754099	0.9506578947368421	381	380	0.9973753280839895	0.9605263157894737	195	195	1.0	0.9743589743589743	246	245	0.9959349593495935	0.8816326530612245
ITPR1	ITPR1|Alligator_mississippiensis|GCF_030867095.1	305	305	1.0	0.9508196721311475	381	381	1.0	0.9606299212598425	195	195	1.0	0.9743589743589743	246	245	0.9959349593495935	0.889795918367347
ITPR1	ITPR1|Opisthocomus_hoazin|GCF_030867145.1	305	305	1.0	0.9540983606557377	381	381	1.0	0.963254593175853	195	195	1.0	0.9743589743589743	246	245	0.9959349593495935	0.8938775510204081
ITPR1	ITPR1|Gavia_stellata|GCF_030936135.1	305	305	1.0	0.9573770491803278	381	381	1.0	0.9658792650918635	195	195	1.0	0.9743589743589743	246	245	0.9959349593495935	0.889795918367347
ITPR1	ITPR1|Channa_argus|GCF_033026475.1	305	303	0.9934426229508196	0.8646864686468647	381	379	0.994750656167979	0.8759894459102903	195	195	1.0	0.9179487179487179	246	244	0.991869918699187	0.8155737704918032
ITPR1	ITPR1|Cololabis_saira|GCF_033807715.1	305	305	1.0	0.8622950819672132	381	381	1.0	0.8713910761154856	195	195	1.0	0.9076923076923077	246	244	0.991869918699187	0.8032786885245902
ITPR1	ITPR1|Entelurus_aequoreus|GCF_033978785.1	305	305	1.0	0.8754098360655738	381	381	1.0	0.8818897637795275	195	195	1.0	0.9025641025641026	246	244	0.991869918699187	0.7868852459016393
ITPR1	ITPR1|Leptosomus_discolor|GCF_034619465.1	305	305	1.0	0.9540983606557377	381	381	1.0	0.963254593175853	195	195	1.0	0.9743589743589743	246	245	0.9959349593495935	0.8857142857142857
ITPR1	ITPR1|Ciconia_boyciana|GCF_034638445.1	305	305	1.0	0.9540983606557377	381	381	1.0	0.963254593175853	195	195	1.0	0.9743589743589743	246	245	0.9959349593495935	0.889795918367347
ITPR1	ITPR1|Engraulis_encrasicolus|GCF_034702125.1	305	304	0.9967213114754099	0.8453947368421053	381	380	0.9973753280839895	0.8552631578947368	195	195	1.0	0.9025641025641026	246	239	0.9715447154471545	0.8158995815899581
ITPR1	ITPR1|Heptranchias_perlo|GCF_035084215.1	305	305	1.0	0.8655737704918033	381	381	1.0	0.884514435695538	195	195	1.0	0.9128205128205128	246	238	0.967479674796748	0.8361344537815126
ITPR1	ITPR1|Mycteria_americana|GCF_035582795.1	305	305	1.0	0.9573770491803278	381	381	1.0	0.9658792650918635	195	195	1.0	0.9743589743589743	246	245	0.9959349593495935	0.889795918367347
ITPR1	ITPR1|Eleutherodactylus_coqui|GCF_035609145.1	305	305	1.0	0.8852459016393442	381	381	1.0	0.905511811023622	195	195	1.0	0.9641025641025641	246	237	0.9634146341463414	0.8945147679324894
ITPR1	ITPR1|Caloenas_nicobarica|GCF_036013445.1	305	305	1.0	0.9573770491803278	381	381	1.0	0.9658792650918635	195	195	1.0	0.9743589743589743	246	245	0.9959349593495935	0.8857142857142857
ITPR1	ITPR1|Heterodontus_francisci|GCF_036365525.1	305	305	1.0	0.8721311475409836	381	381	1.0	0.889763779527559	195	195	1.0	0.9179487179487179	246	238	0.967479674796748	0.8403361344537815
ITPR1	ITPR1|Dromaius_novaehollandiae|GCF_036370855.1	305	305	1.0	0.9540983606557377	381	381	1.0	0.963254593175853	195	195	1.0	0.9743589743589743	246	245	0.9959349593495935	0.8938775510204081
ITPR1	ITPR1|Amia_ocellicauda|GCF_036373705.1	305	305	1.0	0.8852459016393442	381	381	1.0	0.89501312335958	195	195	1.0	0.9333333333333333	246	240	0.975609756097561	0.85
ITPR1	ITPR1|Chlamydotis_macqueenii|GCF_036417535.1	305	305	1.0	0.9573770491803278	381	381	1.0	0.963254593175853	195	195	1.0	0.9743589743589743	246	245	0.9959349593495935	0.8938775510204081
ITPR1	ITPR1|Apteryx_mantelli|GCF_036417845.1	305	305	1.0	0.9540983606557377	381	381	1.0	0.963254593175853	195	195	1.0	0.9743589743589743	246	245	0.9959349593495935	0.8938775510204081
ITPR1	ITPR1|Saccopteryx_bilineata|GCF_036850765.1	305	305	1.0	0.9934426229508196	381	381	1.0	0.9921259842519685	195	195	1.0	0.9948717948717949	246	246	1.0	0.967479674796748
ITPR1	ITPR1|Narcine_bancroftii|GCF_036971445.1	305	305	1.0	0.8688524590163934	381	381	1.0	0.8871391076115486	195	195	1.0	0.9025641025641026	246	239	0.9715447154471545	0.8284518828451883
ITPR1	ITPR1|Lathamus_discolor|GCF_037157495.1	305	305	1.0	0.9573770491803278	381	381	1.0	0.9658792650918635	195	195	1.0	0.9743589743589743	246	245	0.9959349593495935	0.889795918367347
ITPR1	ITPR1|Latimeria_chalumnae|GCF_037176945.1	305	305	1.0	0.9049180327868852	381	381	1.0	0.916010498687664	195	195	1.0	0.9487179487179487	246	239	0.9715447154471545	0.8661087866108786
ITPR1	ITPR1|Macrotis_lagotis|GCF_037893015.1	305	305	1.0	0.9836065573770492	381	381	1.0	0.9868766404199475	195	195	1.0	0.9897435897435898	246	246	1.0	0.9227642276422764
ITPR1	ITPR1|Chaetodon_trifascialis|GCF_039877785.1	305	305	1.0	0.8786885245901639	381	381	1.0	0.8871391076115486	195	195	1.0	0.9179487179487179	246	244	0.991869918699187	0.819672131147541
ITPR1	ITPR1|Antennarius_striatus|GCF_040054535.1	305	305	1.0	0.8721311475409836	381	381	1.0	0.8792650918635171	195	195	1.0	0.9179487179487179	246	244	0.991869918699187	0.8114754098360656
ITPR1	ITPR1|Struthio_camelus|GCF_040807025.1	305	305	1.0	0.9508196721311475	381	381	1.0	0.9606299212598425	195	195	1.0	0.9743589743589743	246	245	0.9959349593495935	0.8938775510204081
ITPR1	ITPR1|Lepisosteus_oculatus|GCF_040954835.1	305	305	1.0	0.8852459016393442	381	381	1.0	0.8976377952755905	195	195	1.0	0.9384615384615385	246	240	0.975609756097561	0.8541666666666666
ITPR1	ITPR1|Aphelocoma_coerulescens|GCF_041296385.2	305	304	0.9967213114754099	0.9539473684210527	381	380	0.9973753280839895	0.9631578947368421	195	195	1.0	0.9743589743589743	246	245	0.9959349593495935	0.8857142857142857
ITPR1	ITPR1|Electrophorus_electricus|GCF_041902795.1	305	304	0.9967213114754099	0.868421052631579	381	380	0.9973753280839895	0.8763157894736842	195	195	1.0	0.8615384615384616	246	232	0.943089430894309	0.7974137931034483
ITPR1	ITPR1|Pempheris_klunzingeri|GCF_042242105.1	305	305	1.0	0.8786885245901639	381	381	1.0	0.884514435695538	195	195	1.0	0.9230769230769231	246	241	0.9796747967479674	0.8298755186721992
ITPR1	ITPR1|Nothobranchius_furzeri|GCF_043380555.1	305	305	1.0	0.8754098360655738	381	381	1.0	0.8818897637795275	195	195	1.0	0.8974358974358975	246	235	0.9552845528455285	0.8085106382978723
ITPR1	ITPR1|Trachurus_japonicus|GCF_045865225.1	305	305	1.0	0.8786885245901639	381	381	1.0	0.884514435695538	195	195	1.0	0.9179487179487179	246	241	0.9796747967479674	0.8257261410788381
ITPR1	ITPR1|Genypterus_blacodes|GCF_046128005.1	305	305	1.0	0.8819672131147541	381	381	1.0	0.8871391076115486	195	195	1.0	0.9128205128205128	246	243	0.9878048780487805	0.7983539094650206
ITPR1	ITPR1|Nipponia_nippon|GCF_047370975.1	305	305	1.0	0.9573770491803278	381	381	1.0	0.9658792650918635	195	195	1.0	0.9743589743589743	246	245	0.9959349593495935	0.8857142857142857
ITPR1	ITPR1|Chiloscyllium_punctatum|GCF_047496795.1	305	304	0.9967213114754099	0.6677631578947368	381	380	0.9973753280839895	0.6973684210526315	195	195	1.0	0.764102564102564	246	231	0.9390243902439024	0.696969696969697
ITPR1	ITPR1|Scyliorhinus_torazame|GCF_047496885.1	305	305	1.0	0.8688524590163934	381	381	1.0	0.8871391076115486	195	195	1.0	0.9179487179487179	246	238	0.967479674796748	0.8361344537815126
ITPR1	ITPR1|Anas_platyrhynchos|GCF_047663525.1	305	305	1.0	0.9540983606557377	381	381	1.0	0.963254593175853	195	195	1.0	0.9743589743589743	246	245	0.9959349593495935	0.8857142857142857
ITPR1	ITPR1|Strix_uralensis|GCF_047716275.1	305	305	1.0	0.9573770491803278	381	381	1.0	0.9658792650918635	195	195	1.0	0.9743589743589743	246	245	0.9959349593495935	0.889795918367347
ITPR1	ITPR1|Hemitrygon_akajei|GCF_048418815.1	305	305	1.0	0.8754098360655738	381	381	1.0	0.8923884514435696	195	195	1.0	0.9025641025641026	246	238	0.967479674796748	0.819327731092437
ITPR1	ITPR1|Sminthopsis_crassicaudata|GCF_048593235.1	305	305	1.0	0.980327868852459	381	381	1.0	0.984251968503937	195	195	1.0	0.9897435897435898	246	246	1.0	0.9308943089430894
ITPR1	ITPR1|Paramormyrops_kingsleyae|GCF_048594095.1	305	305	1.0	0.8852459016393442	381	381	1.0	0.8923884514435696	195	195	1.0	0.9333333333333333	246	246	1.0	0.8252032520325203
ITPR1	ITPR1|Petromyzon_marinus|GCF_048934315.1	305	302	0.9901639344262295	0.804635761589404	381	378	0.9921259842519685	0.8306878306878307	195	195	1.0	0.841025641025641	246	220	0.8943089430894309	0.7818181818181819
ITPR1	ITPR1|Macaca_mulatta|GCF_049350105.2	305	305	1.0	1.0	381	381	1.0	1.0	195	195	1.0	1.0	246	246	1.0	0.9959349593495935
ITPR1	ITPR1|Tenrec_ecaudatus|GCF_050624435.1	305	305	1.0	0.9967213114754099	381	381	1.0	0.994750656167979	195	195	1.0	0.9897435897435898	246	246	1.0	0.959349593495935
ITPR1	ITPR1|Danio_rerio|GCF_052040795.1	305	305	1.0	0.8754098360655738	381	381	1.0	0.884514435695538	195	195	1.0	0.841025641025641	246	227	0.9227642276422764	0.775330396475771
ITPR1	ITPR1|Somniosus_microcephalus|GCF_052327205.1	305	289	0.9475409836065574	0.7681660899653979	381	365	0.958005249343832	0.7863013698630137	195	195	1.0	0.8461538461538461	246	224	0.9105691056910569	0.7901785714285714
ITPR1	ITPR1|Giraffa_tippelskirchi|GCF_054371585.1	305	305	1.0	1.0	381	381	1.0	1.0	195	195	1.0	0.9897435897435898	246	246	1.0	0.959349593495935
ITPR1	ITPR1|Hypomesus_nipponensis|GCF_054491055.1	305	305	1.0	0.8852459016393442	381	381	1.0	0.8923884514435696	195	195	1.0	0.9384615384615385	246	244	0.991869918699187	0.8360655737704918
ITPR1	ITPR1|Lutjanus_erythropterus|GCF_056507025.1	305	305	1.0	0.8786885245901639	381	381	1.0	0.8871391076115486	195	195	1.0	0.9179487179487179	246	241	0.9796747967479674	0.8215767634854771
ITPR1	ITPR1|Rhamphochromis_longiceps|GCF_057381845.1	305	305	1.0	0.8754098360655738	381	381	1.0	0.8871391076115486	195	195	1.0	0.9076923076923077	246	244	0.991869918699187	0.8032786885245902
ITPR1	ITPR1|Mastacembelus_armatus|GCF_900324485.3	305	305	1.0	0.8721311475409836	381	381	1.0	0.8818897637795275	195	195	1.0	0.9179487179487179	246	241	0.9796747967479674	0.8298755186721992
ITPR1	ITPR1|Gouania_willdenowi|GCF_900634775.2	305	305	1.0	0.8754098360655738	381	381	1.0	0.8818897637795275	195	195	1.0	0.9179487179487179	246	240	0.975609756097561	0.8166666666666667
ITPR1	ITPR1|Erpetoichthys_calabaricus|GCF_900747795.2	305	305	1.0	0.8786885245901639	381	381	1.0	0.889763779527559	195	195	1.0	0.9384615384615385	246	240	0.975609756097561	0.8416666666666667
ITPR1	ITPR1|Sparus_aurata|GCF_900880675.2	305	305	1.0	0.8721311475409836	381	381	1.0	0.8818897637795275	195	195	1.0	0.9179487179487179	246	241	0.9796747967479674	0.8298755186721992
ITPR1	ITPR1|Takifugu_rubripes|GCF_901000725.3	305	305	1.0	0.8754098360655738	381	381	1.0	0.8818897637795275	195	195	1.0	0.9076923076923077	246	242	0.983739837398374	0.8057851239669421
ITPR1	ITPR1|Rhinatrema_bivittatum|GCF_901001135.2	305	300	0.9836065573770492	0.6933333333333334	381	376	0.9868766404199475	0.7127659574468085	195	195	1.0	0.7846153846153846	246	219	0.8902439024390244	0.7351598173515982
ITPR1	ITPR1|Sphaeramia_orbicularis|GCF_902148855.1	305	305	1.0	0.8754098360655738	381	381	1.0	0.884514435695538	195	195	1.0	0.9076923076923077	246	244	0.991869918699187	0.8155737704918032
ITPR1	ITPR1|Myripristis_murdjan|GCF_902150065.1	305	305	1.0	0.8819672131147541	381	381	1.0	0.889763779527559	195	195	1.0	0.9230769230769231	246	241	0.9796747967479674	0.8423236514522822
ITPR1	ITPR1|Gadus_morhua|GCF_902167405.1	305	305	1.0	0.8819672131147541	381	381	1.0	0.884514435695538	195	195	1.0	0.9076923076923077	246	245	0.9959349593495935	0.8163265306122449
ITPR1	ITPR1|Chanos_chanos|GCF_902362185.1	305	305	1.0	0.8852459016393442	381	381	1.0	0.889763779527559	195	195	1.0	0.8769230769230769	246	233	0.9471544715447154	0.8025751072961373
ITPR1	ITPR1|Thalassophryne_amazonica|GCF_902500255.1	305	305	1.0	0.8655737704918033	381	381	1.0	0.8766404199475065	195	195	1.0	0.9179487179487179	246	240	0.975609756097561	0.8083333333333333
ITPR1	ITPR1|Caprimulgus_europaeus|GCF_907165065.1	305	305	1.0	0.9573770491803278	381	381	1.0	0.9658792650918635	195	195	1.0	0.9743589743589743	246	245	0.9959349593495935	0.889795918367347
ITPR1	ITPR1|Telmatherina_bonti|GCF_933228915.1	305	305	1.0	0.8688524590163934	381	381	1.0	0.8766404199475065	195	195	1.0	0.8923076923076924	246	238	0.967479674796748	0.7941176470588235
ITPR1	ITPR1|Haliaeetus_albicilla|GCF_947461875.1	305	305	1.0	0.9606557377049181	381	381	1.0	0.968503937007874	195	195	1.0	0.9743589743589743	246	245	0.9959349593495935	0.889795918367347
ITPR1	ITPR1|Phoxinus_phoxinus|GCF_949152265.1	305	305	1.0	0.8754098360655738	381	381	1.0	0.884514435695538	195	195	1.0	0.841025641025641	246	232	0.943089430894309	0.7801724137931034
ITPR1	ITPR1|Notothenia_rossii|GCF_949606895.1	305	305	1.0	0.8819672131147541	381	381	1.0	0.8871391076115486	195	195	1.0	0.9282051282051282	246	241	0.9796747967479674	0.8381742738589212
ITPR1	ITPR1|Borostomias_antarcticus|GCF_949987555.1	305	305	1.0	0.8852459016393442	381	381	1.0	0.8923884514435696	195	195	1.0	0.9384615384615385	246	244	0.991869918699187	0.8483606557377049
ITPR1	ITPR1|Ammodytes_marinus|GCF_949987685.1	305	304	0.9967213114754099	0.875	381	380	0.9973753280839895	0.8789473684210526	195	195	1.0	0.9179487179487179	246	243	0.9878048780487805	0.7901234567901234
ITPR1	ITPR1|Cnephaeus_nilssonii|GCF_951640355.1	305	305	1.0	0.9901639344262295	381	381	1.0	0.9868766404199475	195	195	1.0	0.9794871794871794	246	246	1.0	0.943089430894309
ITPR1	ITPR1|Gobius_niger|GCF_951799975.1	305	305	1.0	0.8655737704918033	381	381	1.0	0.8740157480314961	195	195	1.0	0.9128205128205128	246	241	0.9796747967479674	0.8008298755186722
ITPR1	ITPR1|Zeus_faber|GCF_960531495.1	305	305	1.0	0.8754098360655738	381	381	1.0	0.8792650918635171	195	195	1.0	0.9333333333333333	246	241	0.9796747967479674	0.8423236514522822
ITPR1	ITPR1|Microchirus_variegatus|GCF_963457635.1	305	305	1.0	0.8786885245901639	381	381	1.0	0.8792650918635171	195	195	1.0	0.9128205128205128	246	241	0.9796747967479674	0.8215767634854771
ITPR1	ITPR1|Raja_brachyura|GCF_963514005.1	305	305	1.0	0.8590163934426229	381	381	1.0	0.8792650918635171	195	195	1.0	0.8974358974358975	246	239	0.9715447154471545	0.8200836820083682
ITPR1	ITPR1|Conger_conger|GCF_963514075.1	305	305	1.0	0.8852459016393442	381	381	1.0	0.89501312335958	195	195	1.0	0.9230769230769231	246	242	0.983739837398374	0.8305785123966942
ITPR1	ITPR1|Chelon_labrosus|GCF_963514085.1	305	305	1.0	0.8754098360655738	381	381	1.0	0.884514435695538	195	195	1.0	0.9128205128205128	246	244	0.991869918699187	0.8114754098360656
ITPR1	ITPR1|Nannobrachium_achirus|GCF_963921795.1	305	305	1.0	0.8852459016393442	381	381	1.0	0.889763779527559	195	195	1.0	0.9333333333333333	246	233	0.9471544715447154	0.8326180257510729
ITPR1	ITPR1|Phalacrocorax_carbo|GCF_963921805.1	305	305	1.0	0.9573770491803278	381	381	1.0	0.9658792650918635	195	195	1.0	0.9743589743589743	246	245	0.9959349593495935	0.889795918367347
ITPR1	ITPR1|Notolepis_coatsorum|GCF_963971535.1	305	305	1.0	0.8688524590163934	381	381	1.0	0.8818897637795275	195	195	1.0	0.9025641025641026	246	241	0.9796747967479674	0.8174273858921162
ITPR1	ITPR1|Nansenia_antarctica|GCF_963989245.1	305	305	1.0	0.8721311475409836	381	381	1.0	0.8818897637795275	195	195	1.0	0.9384615384615385	246	241	0.9796747967479674	0.8589211618257261
ITPR1	ITPR1|Myxine_glutinosa|GCF_964187855.1	305	304	0.9967213114754099	0.7796052631578947	381	380	0.9973753280839895	0.8026315789473685	195	194	0.9948717948717949	0.8195876288659794	246	227	0.9227642276422764	0.73568281938326
ITPR1	ITPR1|Calonectris_borealis|GCF_964195595.1	305	305	1.0	0.9573770491803278	381	381	1.0	0.9658792650918635	195	195	1.0	0.9743589743589743	246	245	0.9959349593495935	0.8857142857142857
ITPR1	ITPR1|Oryctolagus_cuniculus|GCF_964237555.1	305	305	1.0	0.9901639344262295	381	381	1.0	0.9921259842519685	195	195	1.0	0.9897435897435898	246	246	1.0	0.943089430894309
ITPR1	ITPR1|Gallinula_chloropus|GCF_964237585.1	305	305	1.0	0.9573770491803278	381	381	1.0	0.9658792650918635	195	195	1.0	0.9743589743589743	246	245	0.9959349593495935	0.889795918367347
ITPR1	ITPR1|Phaethon_aethereus|GCF_964289735.1	305	305	1.0	0.9573770491803278	381	381	1.0	0.9658792650918635	195	195	1.0	0.9743589743589743	246	245	0.9959349593495935	0.8857142857142857
ITPR1	ITPR1|Larus_argentatus|GCF_964417175.1	305	305	1.0	0.9573770491803278	381	381	1.0	0.9658792650918635	195	195	1.0	0.9743589743589743	246	245	0.9959349593495935	0.889795918367347
ITPR1	ITPR1|Poromitra_crassiceps|GCF_964638095.1	305	305	1.0	0.8885245901639345	381	381	1.0	0.8923884514435696	195	195	1.0	0.9282051282051282	246	241	0.9796747967479674	0.8174273858921162
ITPR1	ITPR1|Platalea_leucorodia|GCF_965183815.1	305	305	1.0	0.9573770491803278	381	381	1.0	0.9658792650918635	195	195	1.0	0.9743589743589743	246	245	0.9959349593495935	0.8857142857142857
ITPR1	ITPR1|Salmo_salar|GCF_965601325.1	305	305	1.0	0.8885245901639345	381	381	1.0	0.89501312335958	195	195	1.0	0.9230769230769231	246	240	0.975609756097561	0.8208333333333333
ITPR1	ITPR1|Aptenodytes_patagonicus|GCF_965638725.1	305	305	1.0	0.9540983606557377	381	381	1.0	0.963254593175853	195	195	1.0	0.9743589743589743	246	245	0.9959349593495935	0.889795918367347
ITPR1	ITPR1_Apteryx_mantelli_North_Island_brown_ki_A0ABM4F3U0	305	305	1.0	0.9540983606557377	381	381	1.0	0.963254593175853	195	195	1.0	0.9743589743589743	246	245	0.9959349593495935	0.8938775510204081
ITPR1	ITPR1_Bos_taurus_Bovine_Q9TU34	305	305	1.0	1.0	381	381	1.0	1.0	195	195	1.0	0.9846153846153847	246	246	1.0	0.959349593495935
ITPR1	vertebrate_basal_Callorhinchus_milii_Ghost_shark_A0A4W3JHJ0	305	305	1.0	0.8688524590163934	381	381	1.0	0.8871391076115486	195	195	1.0	0.9025641025641026	246	237	0.9634146341463414	0.8185654008438819
ITPR1	ITPR1_Chanos_chanos_Milkfish_Mugil_chanos_A0A6J2VJN0	305	305	1.0	0.8819672131147541	381	381	1.0	0.8923884514435696	195	195	1.0	0.9128205128205128	246	242	0.983739837398374	0.8140495867768595
ITPR1	vertebrate_basal_Chiloscyllium_punctatum_Brownbanded_ba_A0A401SQC9	305	305	1.0	0.8688524590163934	381	352	0.9238845144356955	0.8693181818181818	195	195	1.0	0.9179487179487179	246	239	0.9715447154471545	0.8326359832635983
ITPR1	ITPR1_Danio_rerio_Zebrafish_Brachydanio_reri_A0AB32U288	305	305	1.0	0.8721311475409836	381	381	1.0	0.889763779527559	195	195	1.0	0.9025641025641026	246	238	0.967479674796748	0.8109243697478992
ITPR1	ITPR1_Gallus_gallus_Chicken_A0A8V0ZJT0	305	305	1.0	0.9540983606557377	381	381	1.0	0.963254593175853	195	195	1.0	0.9743589743589743	246	245	0.9959349593495935	0.889795918367347
ITPR1	ITPR1_Homo_sapiens_Human_Q14643	305	305	1.0	1.0	381	381	1.0	1.0	195	195	1.0	1.0	246	246	1.0	1.0
ITPR1	ITPR1_Latimeria_chalumnae_Coelacanth_H3A1P5	305	305	1.0	0.9049180327868852	381	381	1.0	0.916010498687664	195	195	1.0	0.9487179487179487	246	239	0.9715447154471545	0.8661087866108786
ITPR1	ITPR1_Mus_musculus_Mouse_P11881	305	305	1.0	0.9967213114754099	381	381	1.0	0.9973753280839895	195	195	1.0	0.9948717948717949	246	246	1.0	0.967479674796748
ITPR1	ITPR1_Podarcis_muralis_Wall_lizard_Lacerta_m_A0A670JBK6	305	305	1.0	0.9442622950819672	381	381	1.0	0.9553805774278216	195	195	1.0	0.9846153846153847	246	244	0.991869918699187	0.9098360655737705
ITPR1	ITPR1_Salarias_fasciatus_Jewelled_blenny_Ble_A0A672IUQ7	305	305	1.0	0.8786885245901639	381	381	1.0	0.8871391076115486	195	195	1.0	0.9076923076923077	246	241	0.9796747967479674	0.8298755186721992
ITPR1	ITPR1_Xenopus_tropicalis_Western_clawed_frog_A0A8J0T3U5	305	305	1.0	0.8786885245901639	381	381	1.0	0.9002624671916011	195	195	1.0	0.9743589743589743	246	239	0.9715447154471545	0.8744769874476988
ITPR2	ITPR2|Cervus_elaphus_hippelaphus|GCA_002197005.1	305	281	0.921311475409836	0.797153024911032	381	353	0.926509186351706	0.773371104815864	239	239	1.0	0.9916317991631799	287	284	0.9895470383275261	0.9683098591549296
ITPR2	ITPR2|Sphenodon_punctatus|GCA_003113815.1	305	305	1.0	0.940983606557377	381	381	1.0	0.9396325459317585	239	239	1.0	0.9623430962343096	287	287	1.0	0.9094076655052264
ITPR2	ITPR2|Anomalopteryx_didiformis|GCA_006937325.1	305	304	0.9967213114754099	0.9276315789473685	381	380	0.9973753280839895	0.9368421052631579	239	239	1.0	0.895397489539749	287	286	0.9965156794425087	0.8566433566433567
ITPR2	ITPR2|Sousa_chinensis|GCA_007760645.1	305	305	1.0	0.9836065573770492	381	381	1.0	0.9868766404199475	239	239	1.0	0.9874476987447699	287	287	1.0	0.9442508710801394
ITPR2	ITPR2|Bucorvus_abyssinicus|GCA_009769605.1	305	304	0.9967213114754099	0.9572368421052632	381	380	0.9973753280839895	0.9578947368421052	239	239	1.0	0.9581589958158996	287	286	0.9965156794425087	0.9020979020979021
ITPR2	ITPR2|Phoenicopterus_ruber_ruber|GCA_009819775.1	305	304	0.9967213114754099	0.9539473684210527	381	380	0.9973753280839895	0.9578947368421052	239	239	1.0	0.9581589958158996	287	286	0.9965156794425087	0.9125874125874126
ITPR2	ITPR2|Cervus_hanglu_yarkandensis|GCA_010411085.1	305	305	1.0	0.9836065573770492	381	381	1.0	0.9868766404199475	239	239	1.0	0.99581589958159	287	287	1.0	0.9651567944250871
ITPR2	ITPR2|Dissostichus_mawsoni|GCA_011823955.1	305	303	0.9934426229508196	0.8283828382838284	381	377	0.989501312335958	0.8328912466843501	239	239	1.0	0.803347280334728	287	262	0.9128919860627178	0.7633587786259542
ITPR2	ITPR2|Crypturellus_undulatus|GCA_013389825.1	305	304	0.9967213114754099	0.9539473684210527	381	380	0.9973753280839895	0.9578947368421052	239	239	1.0	0.9623430962343096	287	286	0.9965156794425087	0.9090909090909091
ITPR2	ITPR2|Chloropsis_hardwickii|GCA_013390065.1	305	304	0.9967213114754099	0.944078947368421	381	380	0.9973753280839895	0.95	239	239	1.0	0.9581589958158996	287	286	0.9965156794425087	0.9125874125874126
ITPR2	ITPR2|Menura_novaehollandiae|GCA_013396355.1	305	304	0.9967213114754099	0.9473684210526315	381	380	0.9973753280839895	0.95	239	239	1.0	0.9623430962343096	287	286	0.9965156794425087	0.9090909090909091
ITPR2	ITPR2|Smithornis_capensis|GCA_013396465.1	305	304	0.9967213114754099	0.9539473684210527	381	380	0.9973753280839895	0.9578947368421052	239	239	1.0	0.9623430962343096	287	286	0.9965156794425087	0.9125874125874126
ITPR2	ITPR2|Ptilorrhoa_leucosticta|GCA_013396485.1	305	304	0.9967213114754099	0.9506578947368421	381	380	0.9973753280839895	0.9552631578947368	239	239	1.0	0.9623430962343096	287	286	0.9965156794425087	0.9125874125874126
ITPR2	ITPR2|Vireo_altiloquus|GCA_013396875.1	305	304	0.9967213114754099	0.9506578947368421	381	380	0.9973753280839895	0.9552631578947368	239	239	1.0	0.9623430962343096	287	286	0.9965156794425087	0.9125874125874126
ITPR2	ITPR2|Baryphthengus_martii|GCA_013396935.1	305	304	0.9967213114754099	0.9473684210526315	381	380	0.9973753280839895	0.95	239	239	1.0	0.9581589958158996	287	287	1.0	0.9024390243902439
ITPR2	ITPR2|Myiagra_hebetior|GCA_013397015.1	305	304	0.9967213114754099	0.9506578947368421	381	380	0.9973753280839895	0.9552631578947368	239	239	1.0	0.9581589958158996	287	286	0.9965156794425087	0.9090909090909091
ITPR2	ITPR2|Thryothorus_ludovicianus|GCA_013397245.1	305	236	0.7737704918032787	0.9661016949152542	381	271	0.7112860892388452	0.9704797047970479	239	239	1.0	0.9623430962343096	287	286	0.9965156794425087	0.916083916083916
ITPR2	ITPR2|Polioptila_caerulea|GCA_013397295.1	305	304	0.9967213114754099	0.9506578947368421	381	380	0.9973753280839895	0.9552631578947368	239	239	1.0	0.9623430962343096	287	286	0.9965156794425087	0.916083916083916
ITPR2	ITPR2|Sinosuthora_webbiana|GCA_013397395.1	305	304	0.9967213114754099	0.9506578947368421	381	380	0.9973753280839895	0.9552631578947368	239	239	1.0	0.9623430962343096	287	286	0.9965156794425087	0.916083916083916
ITPR2	ITPR2|Furnarius_figulus|GCA_013397465.1	305	304	0.9967213114754099	0.9539473684210527	381	380	0.9973753280839895	0.9552631578947368	239	239	1.0	0.9623430962343096	287	286	0.9965156794425087	0.9090909090909091
ITPR2	ITPR2|Mionectes_macconnelli|GCA_013397495.1	305	304	0.9967213114754099	0.9473684210526315	381	380	0.9973753280839895	0.9526315789473684	239	239	1.0	0.9623430962343096	287	286	0.9965156794425087	0.9055944055944056
ITPR2	ITPR2|Pterocles_burchelli|GCA_013397535.1	305	304	0.9967213114754099	0.9506578947368421	381	380	0.9973753280839895	0.9552631578947368	239	239	1.0	0.9581589958158996	287	286	0.9965156794425087	0.916083916083916
ITPR2	ITPR2|Columbina_picui|GCA_013397635.1	305	304	0.9967213114754099	0.9539473684210527	381	380	0.9973753280839895	0.9578947368421052	239	239	1.0	0.9581589958158996	287	286	0.9965156794425087	0.9125874125874126
ITPR2	ITPR2|Aleadryas_rufinucha|GCA_013397815.1	305	304	0.9967213114754099	0.9506578947368421	381	380	0.9973753280839895	0.9552631578947368	239	239	1.0	0.9539748953974896	287	286	0.9965156794425087	0.8986013986013986
ITPR2	ITPR2|Origma_solitaria|GCA_013397895.1	305	304	0.9967213114754099	0.9506578947368421	381	380	0.9973753280839895	0.9552631578947368	239	239	1.0	0.9623430962343096	287	286	0.9965156794425087	0.916083916083916
ITPR2	ITPR2|Grantiella_picta|GCA_013397955.1	305	304	0.9967213114754099	0.9473684210526315	381	380	0.9973753280839895	0.9526315789473684	239	239	1.0	0.9623430962343096	287	286	0.9965156794425087	0.916083916083916
ITPR2	ITPR2|Pedionomus_torquatus|GCA_013398155.1	305	304	0.9967213114754099	0.9572368421052632	381	380	0.9973753280839895	0.9605263157894737	239	239	1.0	0.9539748953974896	287	286	0.9965156794425087	0.9055944055944056
ITPR2	ITPR2|Climacteris_rufus|GCA_013398175.1	305	304	0.9967213114754099	0.944078947368421	381	380	0.9973753280839895	0.9473684210526315	239	239	1.0	0.9539748953974896	287	286	0.9965156794425087	0.9055944055944056
ITPR2	ITPR2|Loxia_curvirostra|GCA_013398455.1	305	304	0.9967213114754099	0.944078947368421	381	380	0.9973753280839895	0.95	239	239	1.0	0.9581589958158996	287	286	0.9965156794425087	0.9125874125874126
ITPR2	ITPR2|Brachypodius_melanocephalos|GCA_013398615.1	305	304	0.9967213114754099	0.9473684210526315	381	380	0.9973753280839895	0.9526315789473684	239	239	1.0	0.9623430962343096	287	286	0.9965156794425087	0.9125874125874126
ITPR2	ITPR2|Elachura_formosa|GCA_013398795.1	305	304	0.9967213114754099	0.9473684210526315	381	380	0.9973753280839895	0.9526315789473684	239	239	1.0	0.9623430962343096	287	286	0.9965156794425087	0.916083916083916
ITPR2	ITPR2|Emberiza_fucata|GCA_013398835.1	305	304	0.9967213114754099	0.9473684210526315	381	380	0.9973753280839895	0.95	239	239	1.0	0.9623430962343096	287	286	0.9965156794425087	0.916083916083916
ITPR2	ITPR2|Ceuthmochares_aereus|GCA_013398935.1	305	304	0.9967213114754099	0.9506578947368421	381	380	0.9973753280839895	0.9552631578947368	239	239	1.0	0.9581589958158996	287	286	0.9965156794425087	0.9125874125874126
ITPR2	ITPR2|Callaeas_wilsoni|GCA_013398955.1	305	304	0.9967213114754099	0.9506578947368421	381	380	0.9973753280839895	0.9552631578947368	239	239	1.0	0.9623430962343096	287	286	0.9965156794425087	0.916083916083916
ITPR2	ITPR2|Catharus_fuscescens|GCA_013398975.1	305	304	0.9967213114754099	0.9473684210526315	381	380	0.9973753280839895	0.9526315789473684	239	239	1.0	0.9623430962343096	287	286	0.9965156794425087	0.9125874125874126
ITPR2	ITPR2|Rostratula_benghalensis|GCA_013399305.1	305	304	0.9967213114754099	0.9539473684210527	381	380	0.9973753280839895	0.9578947368421052	239	239	1.0	0.9539748953974896	287	286	0.9965156794425087	0.8986013986013986
ITPR2	ITPR2|Corythaixoides_concolor|GCA_013399495.1	305	304	0.9967213114754099	0.9572368421052632	381	380	0.9973753280839895	0.9605263157894737	239	239	1.0	0.9581589958158996	287	286	0.9965156794425087	0.9090909090909091
ITPR2	ITPR2|Zosterops_hypoxanthus|GCA_013399795.1	305	304	0.9967213114754099	0.9506578947368421	381	380	0.9973753280839895	0.9552631578947368	239	239	1.0	0.9623430962343096	287	286	0.9965156794425087	0.916083916083916
ITPR2	ITPR2|Oxyruncus_cristatus|GCA_013399855.1	305	304	0.9967213114754099	0.944078947368421	381	380	0.9973753280839895	0.95	239	239	1.0	0.9623430962343096	287	286	0.9965156794425087	0.9090909090909091
ITPR2	ITPR2|Serilophus_lunatus|GCA_013399895.1	305	304	0.9967213114754099	0.9473684210526315	381	380	0.9973753280839895	0.9526315789473684	239	239	1.0	0.9623430962343096	287	286	0.9965156794425087	0.9090909090909091
ITPR2	ITPR2|Hippolais_icterina|GCA_013400075.1	305	304	0.9967213114754099	0.9506578947368421	381	380	0.9973753280839895	0.9552631578947368	239	239	1.0	0.9623430962343096	287	286	0.9965156794425087	0.916083916083916
ITPR2	ITPR2|Aramus_guarauna|GCA_013400195.1	305	304	0.9967213114754099	0.9539473684210527	381	380	0.9973753280839895	0.9578947368421052	239	239	1.0	0.9581589958158996	287	286	0.9965156794425087	0.9090909090909091
ITPR2	ITPR2|Cisticola_juncidis|GCA_013400215.1	305	304	0.9967213114754099	0.9473684210526315	381	380	0.9973753280839895	0.9526315789473684	239	239	1.0	0.9623430962343096	287	286	0.9965156794425087	0.916083916083916
ITPR2	ITPR2|Scytalopus_superciliaris|GCA_013400415.1	305	304	0.9967213114754099	0.9539473684210527	381	380	0.9973753280839895	0.9578947368421052	239	162	0.6778242677824268	0.9382716049382716	287	203	0.7073170731707317	0.8768472906403941
ITPR2	ITPR2|Leiothrix_lutea|GCA_013400445.1	305	304	0.9967213114754099	0.9506578947368421	381	380	0.9973753280839895	0.9552631578947368	239	239	1.0	0.9623430962343096	287	286	0.9965156794425087	0.916083916083916
ITPR2	ITPR2|Erpornis_zantholeuca|GCA_013400515.1	305	304	0.9967213114754099	0.9506578947368421	381	380	0.9973753280839895	0.9552631578947368	239	239	1.0	0.9623430962343096	287	286	0.9965156794425087	0.9125874125874126
ITPR2	ITPR2|Chloropsis_cyanopogon|GCA_013400585.1	305	304	0.9967213114754099	0.9473684210526315	381	380	0.9973753280839895	0.9526315789473684	239	239	1.0	0.9623430962343096	287	286	0.9965156794425087	0.916083916083916
ITPR2	ITPR2|Centropus_bengalensis|GCA_013400815.1	305	304	0.9967213114754099	0.9539473684210527	381	380	0.9973753280839895	0.9552631578947368	239	239	1.0	0.9623430962343096	287	286	0.9965156794425087	0.916083916083916
ITPR2	ITPR2|Pomatorhinus_ruficollis|GCA_013401195.1	305	304	0.9967213114754099	0.9506578947368421	381	380	0.9973753280839895	0.9552631578947368	239	239	1.0	0.9623430962343096	287	286	0.9965156794425087	0.9125874125874126
ITPR2	ITPR2|Nibea_albiflora|GCA_014281875.1	305	304	0.9967213114754099	0.8289473684210527	381	380	0.9973753280839895	0.8342105263157895	239	239	1.0	0.7949790794979079	287	253	0.8815331010452961	0.7747035573122529
ITPR2	ITPR2|Sylvia_borin|GCA_014839755.1	305	304	0.9967213114754099	0.9506578947368421	381	380	0.9973753280839895	0.9552631578947368	239	239	1.0	0.9623430962343096	287	286	0.9965156794425087	0.916083916083916
ITPR2	ITPR2|Lamprotornis_superbus|GCA_015883425.2	305	304	0.9967213114754099	0.9506578947368421	381	380	0.9973753280839895	0.9552631578947368	239	239	1.0	0.9623430962343096	287	286	0.9965156794425087	0.9125874125874126
ITPR2	ITPR2|Aplochiton_taeniatus|GCA_017639675.1	305	304	0.9967213114754099	0.8519736842105263	381	380	0.9973753280839895	0.8526315789473684	239	239	1.0	0.7866108786610879	287	264	0.9198606271777003	0.7348484848484849
ITPR2	ITPR2|Hemiprocne_comata|GCA_020745705.1	305	287	0.940983606557377	0.9547038327526133	381	363	0.952755905511811	0.9586776859504132	239	239	1.0	0.9539748953974896	287	286	0.9965156794425087	0.9055944055944056
ITPR2	ITPR2|Albula_goreensis|GCA_022829145.1	305	304	0.9967213114754099	0.8585526315789473	381	380	0.9973753280839895	0.8605263157894737	239	239	1.0	0.8870292887029289	287	267	0.9303135888501742	0.8389513108614233
ITPR2	ITPR2|Pygathrix_nigripes|GCA_023764695.1	305	304	0.9967213114754099	0.993421052631579	381	380	0.9973753280839895	0.9947368421052631	239	239	1.0	1.0	287	287	1.0	0.9930313588850174
ITPR2	ITPR2|Chaenocephalus_aceratus|GCA_023974075.1	305	304	0.9967213114754099	0.8256578947368421	381	380	0.9973753280839895	0.8342105263157895	239	239	1.0	0.799163179916318	287	256	0.89198606271777	0.7734375
ITPR2	ITPR2|Muraenolepis_orangiensis|GCA_027704905.1	305	304	0.9967213114754099	0.8223684210526315	381	380	0.9973753280839895	0.8342105263157895	239	239	1.0	0.8075313807531381	287	251	0.8745644599303136	0.7888446215139442
ITPR2	ITPR2|Heterohyrax_brucei|GCA_028571685.1	305	305	1.0	0.9770491803278688	381	381	1.0	0.9816272965879265	239	239	1.0	0.9874476987447699	287	287	1.0	0.9581881533101045
ITPR2	ITPR2|Aldrovandia_affinis|GCA_029706075.1	305	304	0.9967213114754099	0.868421052631579	381	380	0.9973753280839895	0.868421052631579	239	239	1.0	0.8619246861924686	287	261	0.9094076655052264	0.8122605363984674
ITPR2	ITPR2|Dissostichus_eleginoides|GCA_031216635.1	305	304	0.9967213114754099	0.8256578947368421	381	380	0.9973753280839895	0.8342105263157895	239	239	1.0	0.803347280334728	287	262	0.9128919860627178	0.7633587786259542
ITPR2	ITPR2|Saguinus_oedipus|GCA_031835075.1	305	305	1.0	0.9901639344262295	381	381	1.0	0.9921259842519685	239	239	1.0	0.9916317991631799	287	287	1.0	0.9860627177700348
ITPR2	ITPR2|Crypturellus_soui|GCA_032275445.1	305	304	0.9967213114754099	0.9539473684210527	381	380	0.9973753280839895	0.9578947368421052	239	239	1.0	0.9623430962343096	287	286	0.9965156794425087	0.9055944055944056
ITPR2	ITPR2|Circaetus_pectoralis|GCA_035590135.1	305	304	0.9967213114754099	0.9539473684210527	381	380	0.9973753280839895	0.9605263157894737	239	239	1.0	0.9623430962343096	287	286	0.9965156794425087	0.916083916083916
ITPR2	ITPR2|Cirrhinus_mrigala|GCA_036247105.2	305	303	0.9934426229508196	0.7821782178217822	381	379	0.994750656167979	0.8021108179419525	239	239	1.0	0.7824267782426778	287	263	0.9163763066202091	0.7414448669201521
ITPR2	ITPR2|Atractosteus_spatula|GCA_043380575.1	305	303	0.9934426229508196	0.8712871287128713	381	379	0.994750656167979	0.8680738786279684	239	239	1.0	0.895397489539749	287	264	0.9198606271777003	0.8560606060606061
ITPR2	ITPR2|Amblyopsis_spelaea|GCA_046255725.1	305	302	0.9901639344262295	0.7947019867549668	381	378	0.9921259842519685	0.8068783068783069	239	239	1.0	0.803347280334728	287	262	0.9128919860627178	0.7519083969465649
ITPR2	ITPR2|Polymixia_lowei|GCA_047511595.1	305	304	0.9967213114754099	0.8388157894736842	381	380	0.9973753280839895	0.8447368421052631	239	239	1.0	0.8158995815899581	287	273	0.9512195121951219	0.7472527472527473
ITPR2	ITPR2|Notoryctes_typhlops|GCA_048126345.2	305	305	1.0	0.9606557377049181	381	381	1.0	0.9658792650918635	239	239	1.0	0.9665271966527197	287	287	1.0	0.9128919860627178
ITPR2	ITPR2|Diretmus_argenteus|GCA_048569125.1	305	304	0.9967213114754099	0.8256578947368421	381	380	0.9973753280839895	0.8394736842105263	239	239	1.0	0.7907949790794979	287	260	0.9059233449477352	0.7538461538461538
ITPR2	ITPR2|Liparis_tanakae|GCA_050084785.1	305	304	0.9967213114754099	0.8256578947368421	381	380	0.9973753280839895	0.8342105263157895	239	239	1.0	0.7866108786610879	287	254	0.8850174216027874	0.7637795275590551
ITPR2	ITPR2|Copsychus_sechellarum|GCA_054084135.1	305	304	0.9967213114754099	0.944078947368421	381	380	0.9973753280839895	0.95	239	239	1.0	0.9623430962343096	287	284	0.9895470383275261	0.9154929577464789
ITPR2	ITPR2|Steatornis_caripensis|GCA_054099775.1	305	304	0.9967213114754099	0.9572368421052632	381	380	0.9973753280839895	0.9605263157894737	239	239	1.0	0.9581589958158996	287	286	0.9965156794425087	0.9125874125874126
ITPR2	ITPR2|Lestoros_inca|GCA_054644205.1	305	305	1.0	0.9540983606557377	381	381	1.0	0.958005249343832	239	239	1.0	0.9832635983263598	287	287	1.0	0.9477351916376306
ITPR2	ITPR2|Datnioides_polota|GCA_054883175.1	305	304	0.9967213114754099	0.8289473684210527	381	380	0.9973753280839895	0.8394736842105263	239	239	1.0	0.7949790794979079	287	260	0.9059233449477352	0.7538461538461538
ITPR2	ITPR2|Arapaima_gigas|GCA_054883375.1	305	302	0.9901639344262295	0.8774834437086093	381	378	0.9921259842519685	0.8756613756613757	239	239	1.0	0.8702928870292888	287	267	0.9303135888501742	0.8127340823970037
ITPR2	ITPR2|Pristigenys_meyeri|GCA_056506795.1	305	304	0.9967213114754099	0.8256578947368421	381	380	0.9973753280839895	0.8368421052631579	239	239	1.0	0.799163179916318	287	258	0.8989547038327527	0.7713178294573644
ITPR2	ITPR2|Spizella_passerina|GCA_056776345.1	305	304	0.9967213114754099	0.9473684210526315	381	380	0.9973753280839895	0.9526315789473684	239	239	1.0	0.9623430962343096	287	286	0.9965156794425087	0.916083916083916
ITPR2	ITPR2|Hiodon_alosoides|GCA_056783565.1	305	300	0.9836065573770492	0.83	381	376	0.9868766404199475	0.8351063829787234	239	239	1.0	0.8786610878661087	287	261	0.9094076655052264	0.8314176245210728
ITPR2	ITPR2|Albula_glossodonta|GCA_056783665.1	305	304	0.9967213114754099	0.8486842105263158	381	380	0.9973753280839895	0.8526315789473684	239	239	1.0	0.891213389121339	287	267	0.9303135888501742	0.8426966292134831
ITPR2	ITPR2|Stylephorus_chordatus|GCA_056824565.1	305	304	0.9967213114754099	0.8256578947368421	381	380	0.9973753280839895	0.8368421052631579	239	239	1.0	0.7949790794979079	287	263	0.9163763066202091	0.752851711026616
ITPR2	ITPR2|Alepocephalus_tenebrosus|GCA_056824585.1	305	303	0.9934426229508196	0.8547854785478548	381	379	0.994750656167979	0.862796833773087	239	239	1.0	0.8661087866108786	287	269	0.9372822299651568	0.8066914498141264
ITPR2	ITPR2|Echinorhinus_cookei|GCA_057876775.1	305	304	0.9967213114754099	0.8618421052631579	381	380	0.9973753280839895	0.868421052631579	239	239	1.0	0.8577405857740585	287	268	0.9337979094076655	0.7873134328358209
ITPR2	ITPR2|Acrocephalus_arundinaceus|GCA_058224745.1	305	304	0.9967213114754099	0.9506578947368421	381	380	0.9973753280839895	0.9552631578947368	239	239	1.0	0.9623430962343096	287	286	0.9965156794425087	0.916083916083916
ITPR2	ITPR2|Platax_teira|GCA_058707665.1	305	304	0.9967213114754099	0.8223684210526315	381	380	0.9973753280839895	0.8342105263157895	239	239	1.0	0.7907949790794979	287	257	0.8954703832752613	0.7626459143968871
ITPR2	ITPR2|Capros_aper|GCA_965364685.1	305	304	0.9967213114754099	0.819078947368421	381	380	0.9973753280839895	0.8263157894736842	239	239	1.0	0.7824267782426778	287	253	0.8815331010452961	0.7628458498023716
ITPR2	ITPR2|Acanthurus_tractus|GCA_980438365.1	305	304	0.9967213114754099	0.8223684210526315	381	380	0.9973753280839895	0.8342105263157895	239	239	1.0	0.7907949790794979	287	259	0.9024390243902439	0.749034749034749
ITPR2	ITPR2|Parequula_melbournensis|GCA_984656905.1	305	304	0.9967213114754099	0.8256578947368421	381	380	0.9973753280839895	0.8368421052631579	239	239	1.0	0.8075313807531381	287	249	0.867595818815331	0.7991967871485943
ITPR2	ITPR2|Pontoporia_blainvillei|GCA_987193245.1	305	305	1.0	0.9901639344262295	381	381	1.0	0.9921259842519685	239	239	1.0	0.9874476987447699	287	287	1.0	0.9442508710801394
ITPR2	ITPR2|Homo_sapiens|GCF_000001405.40	305	305	1.0	1.0	381	381	1.0	1.0	239	239	1.0	1.0	287	287	1.0	1.0
ITPR2	ITPR2|Mus_musculus|GCF_000001635.27	305	305	1.0	0.9639344262295082	381	381	1.0	0.9658792650918635	239	239	1.0	0.9874476987447699	287	287	1.0	0.9581881533101045
ITPR2	ITPR2|Xenopus_tropicalis|GCF_000004195.4	305	304	0.9967213114754099	0.9144736842105263	381	380	0.9973753280839895	0.9210526315789473	239	239	1.0	0.9288702928870293	287	285	0.9930313588850174	0.8526315789473684
ITPR2	ITPR2|Trichechus_manatus_latirostris|GCF_000243295.1	305	293	0.9606557377049181	0.8600682593856656	381	369	0.968503937007874	0.8888888888888888	239	239	1.0	0.9748953974895398	287	287	1.0	0.9547038327526133
ITPR2	ITPR2|Orycteropus_afer_afer|GCF_000298275.1	305	305	1.0	0.9836065573770492	381	381	1.0	0.9868766404199475	239	239	1.0	0.9916317991631799	287	287	1.0	0.9581881533101045
ITPR2	ITPR2|Elephantulus_edwardii|GCF_000299155.1	305	305	1.0	0.980327868852459	381	381	1.0	0.979002624671916	239	239	1.0	0.9832635983263598	287	287	1.0	0.9512195121951219
ITPR2	ITPR2|Tupaia_belangeri_chinensis|GCF_000334495.1	305	305	1.0	0.9901639344262295	381	381	1.0	0.9921259842519685	239	239	1.0	0.9916317991631799	287	287	1.0	0.9616724738675958
ITPR2	ITPR2|Egretta_garzetta|GCF_000687185.1	305	304	0.9967213114754099	0.9572368421052632	381	380	0.9973753280839895	0.9605263157894737	239	239	1.0	0.9539748953974896	287	286	0.9965156794425087	0.9055944055944056
ITPR2	ITPR2|Corvus_brachyrhynchos|GCF_000691975.1	305	304	0.9967213114754099	0.9506578947368421	381	380	0.9973753280839895	0.9552631578947368	239	239	1.0	0.9623430962343096	287	286	0.9965156794425087	0.9125874125874126
ITPR2	ITPR2|Struthio_camelus_australis|GCF_000698965.1	305	304	0.9967213114754099	0.9605263157894737	381	380	0.9973753280839895	0.9631578947368421	239	239	1.0	0.9581589958158996	287	286	0.9965156794425087	0.916083916083916
ITPR2	ITPR2|Pygoscelis_adeliae|GCF_000699105.1	305	304	0.9967213114754099	0.9473684210526315	381	380	0.9973753280839895	0.9526315789473684	239	239	1.0	0.9581589958158996	287	286	0.9965156794425087	0.9090909090909091
ITPR2	ITPR2|Aptenodytes_forsteri|GCF_000699145.1	305	304	0.9967213114754099	0.9506578947368421	381	380	0.9973753280839895	0.9552631578947368	239	239	1.0	0.9581589958158996	287	286	0.9965156794425087	0.9125874125874126
ITPR2	ITPR2|Charadrius_vociferus|GCF_000708025.1	305	304	0.9967213114754099	0.9506578947368421	381	380	0.9973753280839895	0.9552631578947368	239	239	1.0	0.9581589958158996	287	286	0.9965156794425087	0.9125874125874126
ITPR2	ITPR2|Manacus_vitellinus|GCF_001715985.3	305	304	0.9967213114754099	0.944078947368421	381	380	0.9973753280839895	0.95	239	239	1.0	0.9623430962343096	287	286	0.9965156794425087	0.9090909090909091
ITPR2	ITPR2|Nothoprocta_perdicaria|GCF_003342845.1	305	304	0.9967213114754099	0.9473684210526315	381	380	0.9973753280839895	0.9526315789473684	239	239	1.0	0.9623430962343096	287	286	0.9965156794425087	0.9090909090909091
ITPR2	ITPR2|Cricetulus_griseus|GCF_003668045.3	305	305	1.0	0.9672131147540983	381	381	1.0	0.968503937007874	239	239	1.0	0.99581589958159	287	287	1.0	0.9372822299651568
ITPR2	ITPR2|Calypte_anna|GCF_003957555.1	305	304	0.9967213114754099	0.9506578947368421	381	380	0.9973753280839895	0.95	239	239	1.0	0.9539748953974896	287	286	0.9965156794425087	0.9055944055944056
ITPR2	ITPR2|Ornithorhynchus_anatinus|GCF_004115215.2	305	305	1.0	0.9278688524590164	381	381	1.0	0.9343832020997376	239	239	1.0	0.9456066945606695	287	285	0.9930313588850174	0.8912280701754386
ITPR2	ITPR2|Pristis_pectinata|GCF_009764475.1	305	304	0.9967213114754099	0.868421052631579	381	380	0.9973753280839895	0.8763157894736842	239	239	1.0	0.8451882845188284	287	274	0.9547038327526133	0.7737226277372263
ITPR2	ITPR2|Tauraco_erythrolophus|GCF_009769465.1	305	304	0.9967213114754099	0.9572368421052632	381	380	0.9973753280839895	0.9605263157894737	239	239	1.0	0.9581589958158996	287	286	0.9965156794425087	0.9090909090909091
ITPR2	ITPR2|Esox_lucius|GCF_011004845.1	305	304	0.9967213114754099	0.8355263157894737	381	380	0.9973753280839895	0.8473684210526315	239	239	1.0	0.8451882845188284	287	261	0.9094076655052264	0.7969348659003831
ITPR2	ITPR2|Balearica_regulorum_gibbericeps|GCF_011004875.1	305	304	0.9967213114754099	0.9539473684210527	381	380	0.9973753280839895	0.9578947368421052	239	239	1.0	0.9539748953974896	287	286	0.9965156794425087	0.9055944055944056
ITPR2	ITPR2|Megalops_cyprinoides|GCF_013368585.1	305	304	0.9967213114754099	0.8618421052631579	381	380	0.9973753280839895	0.8578947368421053	239	239	1.0	0.8661087866108786	287	256	0.89198606271777	0.83203125
ITPR2	ITPR2|Nyctibius_grandis|GCF_013368605.1	305	304	0.9967213114754099	0.9539473684210527	381	380	0.9973753280839895	0.9578947368421052	239	239	1.0	0.9581589958158996	287	286	0.9965156794425087	0.9090909090909091
ITPR2	ITPR2|Dryobates_pubescens|GCF_014839835.1	305	304	0.9967213114754099	0.9342105263157895	381	380	0.9973753280839895	0.9421052631578948	239	239	1.0	0.9330543933054394	287	286	0.9965156794425087	0.8881118881118881
ITPR2	ITPR2|Gracilinanus_agilis|GCF_016433145.1	305	305	1.0	0.8754098360655738	381	381	1.0	0.8923884514435696	239	239	1.0	0.9832635983263598	287	287	1.0	0.9442508710801394
ITPR2	ITPR2|Gallus_gallus|GCF_016699485.2	305	304	0.9967213114754099	0.9506578947368421	381	380	0.9973753280839895	0.9552631578947368	239	239	1.0	0.9581589958158996	287	286	0.9965156794425087	0.9125874125874126
ITPR2	ITPR2|Xiphias_gladius|GCF_016859285.1	305	304	0.9967213114754099	0.8223684210526315	381	380	0.9973753280839895	0.8342105263157895	239	239	1.0	0.799163179916318	287	265	0.9233449477351916	0.7471698113207547
ITPR2	ITPR2|Carcharodon_carcharias|GCF_017639515.1	305	304	0.9967213114754099	0.8453947368421053	381	380	0.9973753280839895	0.8552631578947368	239	239	1.0	0.8577405857740585	287	275	0.9581881533101045	0.7781818181818182
ITPR2	ITPR2|Polyodon_spathula|GCF_017654505.1	305	304	0.9967213114754099	0.875	381	380	0.9973753280839895	0.8789473684210526	239	239	1.0	0.895397489539749	287	266	0.926829268292683	0.8383458646616542
ITPR2	ITPR2|Cuculus_canorus|GCF_017976375.1	305	304	0.9967213114754099	0.9473684210526315	381	380	0.9973753280839895	0.9526315789473684	239	239	1.0	0.9623430962343096	287	286	0.9965156794425087	0.916083916083916
ITPR2	ITPR2|Gymnogyps_californianus|GCF_018139145.2	305	304	0.9967213114754099	0.9572368421052632	381	380	0.9973753280839895	0.9605263157894737	239	239	1.0	0.9623430962343096	287	286	0.9965156794425087	0.9195804195804196
ITPR2	ITPR2|Cheilinus_undulatus|GCF_018320785.1	305	304	0.9967213114754099	0.819078947368421	381	380	0.9973753280839895	0.8289473684210527	239	239	1.0	0.799163179916318	287	254	0.8850174216027874	0.7677165354330708
ITPR2	ITPR2|Tyto_alba|GCF_018691265.1	305	304	0.9967213114754099	0.9572368421052632	381	380	0.9973753280839895	0.9605263157894737	239	239	1.0	0.9581589958158996	287	286	0.9965156794425087	0.9125874125874126
ITPR2	ITPR2|Callorhinchus_milii|GCF_018977255.1	305	305	1.0	0.8524590163934426	381	381	1.0	0.8582677165354331	239	239	1.0	0.8451882845188284	287	268	0.9337979094076655	0.7835820895522388
ITPR2	ITPR2|Dromiciops_gliroides|GCF_019393635.1	305	305	1.0	0.9573770491803278	381	381	1.0	0.9606299212598425	239	239	1.0	0.9497907949790795	287	287	1.0	0.9128919860627178
ITPR2	ITPR2|Gambusia_affinis|GCF_019740435.1	305	304	0.9967213114754099	0.8125	381	380	0.9973753280839895	0.8184210526315789	239	239	1.0	0.7615062761506276	287	266	0.926829268292683	0.7142857142857143
ITPR2	ITPR2|Neogale_vison|GCF_020171115.1	305	305	1.0	0.9868852459016394	381	381	1.0	0.989501312335958	239	239	1.0	0.9916317991631799	287	287	1.0	0.9651567944250871
ITPR2	ITPR2|Apus_apus|GCF_020740795.1	305	304	0.9967213114754099	0.9506578947368421	381	380	0.9973753280839895	0.9552631578947368	239	239	1.0	0.9539748953974896	287	286	0.9965156794425087	0.9020979020979021
ITPR2	ITPR2|Diceros_bicornis_minor|GCF_020826845.1	305	305	1.0	0.9901639344262295	381	381	1.0	0.9921259842519685	239	239	1.0	1.0	287	287	1.0	0.9686411149825784
ITPR2	ITPR2|Sphaerodactylus_townsendi|GCF_021028975.2	305	303	0.9934426229508196	0.9108910891089109	381	379	0.994750656167979	0.9234828496042217	239	236	0.9874476987447699	0.885593220338983	287	284	0.9895470383275261	0.8345070422535211
ITPR2	ITPR2|Micropterus_dolomieu|GCF_021292245.1	305	304	0.9967213114754099	0.8125	381	380	0.9973753280839895	0.8263157894736842	239	239	1.0	0.7949790794979079	287	258	0.8989547038327527	0.7635658914728682
ITPR2	ITPR2|Equus_quagga|GCF_021613505.1	305	305	1.0	0.9901639344262295	381	381	1.0	0.9921259842519685	239	239	1.0	0.99581589958159	287	287	1.0	0.9686411149825784
ITPR2	ITPR2|Falco_peregrinus|GCF_023634155.1	305	304	0.9967213114754099	0.9539473684210527	381	380	0.9973753280839895	0.9578947368421052	239	239	1.0	0.9623430962343096	287	286	0.9965156794425087	0.916083916083916
ITPR2	ITPR2|Tamandua_tetradactyla|GCF_023851605.1	305	305	1.0	0.9868852459016394	381	381	1.0	0.989501312335958	239	239	1.0	0.9916317991631799	287	287	1.0	0.9686411149825784
ITPR2	ITPR2|Elephas_maximus_indicus|GCF_024166365.1	305	305	1.0	0.9836065573770492	381	381	1.0	0.9868766404199475	239	239	1.0	0.9874476987447699	287	287	1.0	0.9651567944250871
ITPR2	ITPR2|Gopherus_flavomarginatus|GCF_025201925.1	305	305	1.0	0.940983606557377	381	381	1.0	0.94750656167979	239	239	1.0	0.9623430962343096	287	287	1.0	0.9059233449477352
ITPR2	ITPR2|Hemicordylus_capensis|GCF_027244095.1	305	303	0.9934426229508196	0.9207920792079208	381	379	0.994750656167979	0.9313984168865436	239	239	1.0	0.9707112970711297	287	287	1.0	0.9094076655052264
ITPR2	ITPR2|Cynocephalus_volans|GCF_027409185.1	305	304	0.9967213114754099	0.9802631578947368	381	380	0.9973753280839895	0.9842105263157894	239	239	1.0	1.0	287	287	1.0	0.975609756097561
ITPR2	ITPR2|Scomber_japonicus|GCF_027409825.1	305	304	0.9967213114754099	0.8223684210526315	381	380	0.9973753280839895	0.8315789473684211	239	239	1.0	0.8117154811715481	287	256	0.89198606271777	0.78125
ITPR2	ITPR2|Neoarius_graeffei|GCF_027579695.1	305	303	0.9934426229508196	0.8151815181518152	381	379	0.994750656167979	0.820580474934037	239	239	1.0	0.8075313807531381	287	266	0.926829268292683	0.7706766917293233
ITPR2	ITPR2|Sorex_araneus|GCF_027595985.1	305	305	1.0	0.9672131147540983	381	381	1.0	0.9711286089238845	239	239	1.0	0.9456066945606695	287	286	0.9965156794425087	0.8881118881118881
ITPR2	ITPR2|Notamacropus_eugenii|GCF_028372415.1	305	305	1.0	0.9573770491803278	381	381	1.0	0.9553805774278216	239	239	1.0	0.9748953974895398	287	287	1.0	0.9303135888501742
ITPR2	ITPR2|Rhea_pennata|GCF_028389875.1	305	304	0.9967213114754099	0.9506578947368421	381	380	0.9973753280839895	0.9552631578947368	239	239	1.0	0.9623430962343096	287	286	0.9965156794425087	0.916083916083916
ITPR2	ITPR2|Colius_striatus|GCF_028858725.1	305	304	0.9967213114754099	0.9539473684210527	381	380	0.9973753280839895	0.9578947368421052	239	239	1.0	0.9581589958158996	287	286	0.9965156794425087	0.9125874125874126
ITPR2	ITPR2|Hoplias_malabaricus|GCF_029633855.1	305	303	0.9934426229508196	0.8151815181518152	381	379	0.994750656167979	0.8232189973614775	239	239	1.0	0.8158995815899581	287	272	0.9477351916376306	0.7389705882352942
ITPR2	ITPR2|Lampris_incognitus|GCF_029633865.1	305	304	0.9967213114754099	0.819078947368421	381	380	0.9973753280839895	0.8315789473684211	239	239	1.0	0.7907949790794979	287	258	0.8989547038327527	0.751937984496124
ITPR2	ITPR2|Manis_pentadactyla|GCF_030020395.1	305	305	1.0	0.9868852459016394	381	381	1.0	0.989501312335958	239	239	1.0	0.9790794979079498	287	287	1.0	0.9477351916376306
ITPR2	ITPR2|Dasypus_novemcinctus|GCF_030445035.2	305	305	1.0	0.980327868852459	381	381	1.0	0.984251968503937	239	239	1.0	0.9832635983263598	287	287	1.0	0.9477351916376306
ITPR2	ITPR2|Pelecanus_crispus|GCF_030463565.1	305	304	0.9967213114754099	0.9572368421052632	381	380	0.9973753280839895	0.9605263157894737	239	239	1.0	0.9581589958158996	287	286	0.9965156794425087	0.9090909090909091
ITPR2	ITPR2|Poecile_atricapillus|GCF_030490865.1	305	304	0.9967213114754099	0.9506578947368421	381	380	0.9973753280839895	0.9552631578947368	239	239	1.0	0.9623430962343096	287	286	0.9965156794425087	0.916083916083916
ITPR2	ITPR2|Alligator_mississippiensis|GCF_030867095.1	305	305	1.0	0.9377049180327869	381	381	1.0	0.9448818897637795	239	239	1.0	0.9623430962343096	287	287	1.0	0.9024390243902439
ITPR2	ITPR2|Opisthocomus_hoazin|GCF_030867145.1	305	304	0.9967213114754099	0.9539473684210527	381	380	0.9973753280839895	0.9578947368421052	239	239	1.0	0.9581589958158996	287	286	0.9965156794425087	0.9090909090909091
ITPR2	ITPR2|Gavia_stellata|GCF_030936135.1	305	304	0.9967213114754099	0.9572368421052632	381	380	0.9973753280839895	0.9605263157894737	239	239	1.0	0.9581589958158996	287	286	0.9965156794425087	0.9125874125874126
ITPR2	ITPR2|Channa_argus|GCF_033026475.1	305	304	0.9967213114754099	0.8388157894736842	381	380	0.9973753280839895	0.8421052631578947	239	239	1.0	0.7907949790794979	287	255	0.8885017421602788	0.7686274509803922
ITPR2	ITPR2|Cololabis_saira|GCF_033807715.1	305	304	0.9967213114754099	0.8157894736842105	381	380	0.9973753280839895	0.8263157894736842	239	239	1.0	0.7782426778242678	287	262	0.9128919860627178	0.7366412213740458
ITPR2	ITPR2|Entelurus_aequoreus|GCF_033978785.1	305	302	0.9901639344262295	0.7913907284768212	381	378	0.9921259842519685	0.8068783068783069	239	239	1.0	0.7949790794979079	287	270	0.9407665505226481	0.725925925925926
ITPR2	ITPR2|Leptosomus_discolor|GCF_034619465.1	305	304	0.9967213114754099	0.9572368421052632	381	380	0.9973753280839895	0.9578947368421052	239	239	1.0	0.9623430962343096	287	286	0.9965156794425087	0.916083916083916
ITPR2	ITPR2|Ciconia_boyciana|GCF_034638445.1	305	304	0.9967213114754099	0.9605263157894737	381	380	0.9973753280839895	0.9631578947368421	239	239	1.0	0.9581589958158996	287	286	0.9965156794425087	0.9090909090909091
ITPR2	ITPR2|Engraulis_encrasicolus|GCF_034702125.1	305	304	0.9967213114754099	0.8388157894736842	381	380	0.9973753280839895	0.8394736842105263	239	239	1.0	0.7907949790794979	287	258	0.8989547038327527	0.7635658914728682
ITPR2	ITPR2|Heptranchias_perlo|GCF_035084215.1	305	304	0.9967213114754099	0.8618421052631579	381	380	0.9973753280839895	0.8657894736842106	239	239	1.0	0.8410041841004184	287	276	0.9616724738675958	0.7681159420289855
ITPR2	ITPR2|Mycteria_americana|GCF_035582795.1	305	304	0.9967213114754099	0.9605263157894737	381	380	0.9973753280839895	0.9631578947368421	239	239	1.0	0.9539748953974896	287	286	0.9965156794425087	0.9055944055944056
ITPR2	ITPR2|Eleutherodactylus_coqui|GCF_035609145.1	305	251	0.8229508196721311	0.8924302788844621	381	286	0.7506561679790026	0.8986013986013986	239	239	1.0	0.9037656903765691	287	287	1.0	0.8048780487804879
ITPR2	ITPR2|Caloenas_nicobarica|GCF_036013445.1	305	304	0.9967213114754099	0.9539473684210527	381	380	0.9973753280839895	0.9578947368421052	239	239	1.0	0.9581589958158996	287	286	0.9965156794425087	0.9125874125874126
ITPR2	ITPR2|Heterodontus_francisci|GCF_036365525.1	305	304	0.9967213114754099	0.8519736842105263	381	380	0.9973753280839895	0.8578947368421053	239	239	1.0	0.8493723849372385	287	274	0.9547038327526133	0.7846715328467153
ITPR2	ITPR2|Dromaius_novaehollandiae|GCF_036370855.1	305	304	0.9967213114754099	0.9506578947368421	381	380	0.9973753280839895	0.9552631578947368	239	239	1.0	0.9623430962343096	287	286	0.9965156794425087	0.9195804195804196
ITPR2	ITPR2|Amia_ocellicauda|GCF_036373705.1	305	303	0.9934426229508196	0.8514851485148515	381	379	0.994750656167979	0.8548812664907651	239	239	1.0	0.899581589958159	287	266	0.926829268292683	0.8458646616541353
ITPR2	ITPR2|Chlamydotis_macqueenii|GCF_036417535.1	305	304	0.9967213114754099	0.9506578947368421	381	380	0.9973753280839895	0.9552631578947368	239	239	1.0	0.9581589958158996	287	286	0.9965156794425087	0.916083916083916
ITPR2	ITPR2|Apteryx_mantelli|GCF_036417845.1	305	304	0.9967213114754099	0.9539473684210527	381	380	0.9973753280839895	0.9552631578947368	239	239	1.0	0.9623430962343096	287	286	0.9965156794425087	0.9125874125874126
ITPR2	ITPR2|Saccopteryx_bilineata|GCF_036850765.1	305	305	1.0	0.9770491803278688	381	381	1.0	0.9816272965879265	239	239	1.0	0.99581589958159	287	287	1.0	0.9512195121951219
ITPR2	ITPR2|Narcine_bancroftii|GCF_036971445.1	305	304	0.9967213114754099	0.8322368421052632	381	380	0.9973753280839895	0.8421052631578947	239	239	1.0	0.8117154811715481	287	274	0.9547038327526133	0.7408759124087592
ITPR2	ITPR2|Lathamus_discolor|GCF_037157495.1	305	304	0.9967213114754099	0.9539473684210527	381	380	0.9973753280839895	0.9578947368421052	239	239	1.0	0.9623430962343096	287	286	0.9965156794425087	0.9090909090909091
ITPR2	ITPR2|Latimeria_chalumnae|GCF_037176945.1	305	304	0.9967213114754099	0.875	381	380	0.9973753280839895	0.881578947368421	239	239	1.0	0.8828451882845189	287	285	0.9930313588850174	0.7824561403508772
ITPR2	ITPR2|Macrotis_lagotis|GCF_037893015.1	305	305	1.0	0.9639344262295082	381	381	1.0	0.9658792650918635	239	239	1.0	0.9665271966527197	287	287	1.0	0.9337979094076655
ITPR2	ITPR2|Chaetodon_trifascialis|GCF_039877785.1	305	304	0.9967213114754099	0.8289473684210527	381	380	0.9973753280839895	0.8394736842105263	239	239	1.0	0.799163179916318	287	257	0.8954703832752613	0.77431906614786
ITPR2	ITPR2|Antennarius_striatus|GCF_040054535.1	305	303	0.9934426229508196	0.8151815181518152	381	379	0.994750656167979	0.8284960422163589	239	239	1.0	0.7907949790794979	287	258	0.8989547038327527	0.7441860465116279
ITPR2	ITPR2|Struthio_camelus|GCF_040807025.1	305	304	0.9967213114754099	0.9605263157894737	381	380	0.9973753280839895	0.9631578947368421	239	239	1.0	0.9581589958158996	287	286	0.9965156794425087	0.916083916083916
ITPR2	ITPR2|Lepisosteus_oculatus|GCF_040954835.1	305	303	0.9934426229508196	0.8745874587458746	381	379	0.994750656167979	0.8759894459102903	239	239	1.0	0.895397489539749	287	264	0.9198606271777003	0.8560606060606061
ITPR2	ITPR2|Aphelocoma_coerulescens|GCF_041296385.2	305	304	0.9967213114754099	0.9506578947368421	381	380	0.9973753280839895	0.9552631578947368	239	239	1.0	0.9623430962343096	287	286	0.9965156794425087	0.9125874125874126
ITPR2	ITPR2|Electrophorus_electricus|GCF_041902795.1	305	303	0.9934426229508196	0.7722772277227723	381	379	0.994750656167979	0.783641160949868	239	239	1.0	0.7489539748953975	287	248	0.8641114982578397	0.7379032258064516
ITPR2	ITPR2|Aquarana_catesbeiana|GCF_042186555.1	305	0	0.0		381	0	0.0		239	239	1.0	0.7573221757322176	287	276	0.9616724738675958	0.7065217391304348
ITPR2	ITPR2|Pempheris_klunzingeri|GCF_042242105.1	305	304	0.9967213114754099	0.8256578947368421	381	380	0.9973753280839895	0.8368421052631579	239	239	1.0	0.7907949790794979	287	260	0.9059233449477352	0.7576923076923077
ITPR2	ITPR2|Nothobranchius_furzeri|GCF_043380555.1	305	302	0.9901639344262295	0.7814569536423841	381	378	0.9921259842519685	0.7936507936507936	239	239	1.0	0.7656903765690377	287	261	0.9094076655052264	0.7509578544061303
ITPR2	ITPR2|Trachurus_japonicus|GCF_045865225.1	305	304	0.9967213114754099	0.8289473684210527	381	380	0.9973753280839895	0.8368421052631579	239	239	1.0	0.7949790794979079	287	256	0.89198606271777	0.76953125
ITPR2	ITPR2|Genypterus_blacodes|GCF_046128005.1	305	304	0.9967213114754099	0.7960526315789473	381	380	0.9973753280839895	0.8026315789473685	239	239	1.0	0.7824267782426778	287	256	0.89198606271777	0.7421875
ITPR2	ITPR2|Nipponia_nippon|GCF_047370975.1	305	304	0.9967213114754099	0.9572368421052632	381	380	0.9973753280839895	0.9605263157894737	239	239	1.0	0.9581589958158996	287	286	0.9965156794425087	0.9090909090909091
ITPR2	ITPR2|Chiloscyllium_punctatum|GCF_047496795.1	305	296	0.9704918032786886	0.847972972972973	381	372	0.9763779527559056	0.8548387096774194	239	239	1.0	0.8493723849372385	287	270	0.9407665505226481	0.7777777777777778
ITPR2	ITPR2|Scyliorhinus_torazame|GCF_047496885.1	305	304	0.9967213114754099	0.8519736842105263	381	380	0.9973753280839895	0.8578947368421053	239	239	1.0	0.8535564853556485	287	275	0.9581881533101045	0.7745454545454545
ITPR2	ITPR2|Anas_platyrhynchos|GCF_047663525.1	305	304	0.9967213114754099	0.9506578947368421	381	380	0.9973753280839895	0.9552631578947368	239	239	1.0	0.9623430962343096	287	286	0.9965156794425087	0.9090909090909091
ITPR2	ITPR2|Strix_uralensis|GCF_047716275.1	305	300	0.9836065573770492	0.94	381	376	0.9868766404199475	0.9468085106382979	239	239	1.0	0.9581589958158996	287	286	0.9965156794425087	0.9125874125874126
ITPR2	ITPR2|Hemitrygon_akajei|GCF_048418815.1	305	304	0.9967213114754099	0.8585526315789473	381	380	0.9973753280839895	0.8657894736842106	239	239	1.0	0.8158995815899581	287	274	0.9547038327526133	0.7445255474452555
ITPR2	ITPR2|Sminthopsis_crassicaudata|GCF_048593235.1	305	305	1.0	0.9606557377049181	381	381	1.0	0.9606299212598425	239	239	1.0	0.9665271966527197	287	287	1.0	0.9163763066202091
ITPR2	ITPR2|Paramormyrops_kingsleyae|GCF_048594095.1	305	302	0.9901639344262295	0.8410596026490066	381	378	0.9921259842519685	0.843915343915344	239	239	1.0	0.8451882845188284	287	263	0.9163763066202091	0.7870722433460076
ITPR2	ITPR2|Macaca_mulatta|GCF_049350105.2	305	304	0.9967213114754099	0.993421052631579	381	380	0.9973753280839895	0.9947368421052631	239	239	1.0	1.0	287	287	1.0	1.0
ITPR2	ITPR2|Tenrec_ecaudatus|GCF_050624435.1	305	305	1.0	0.980327868852459	381	381	1.0	0.9816272965879265	239	239	1.0	0.9790794979079498	287	287	1.0	0.9337979094076655
ITPR2	ITPR2|Danio_rerio|GCF_052040795.1	305	303	0.9934426229508196	0.7788778877887789	381	379	0.994750656167979	0.7915567282321899	239	239	1.0	0.7866108786610879	287	264	0.9198606271777003	0.7462121212121212
ITPR2	ITPR2|Giraffa_tippelskirchi|GCF_054371585.1	305	305	1.0	0.9836065573770492	381	381	1.0	0.9868766404199475	239	239	1.0	0.9916317991631799	287	287	1.0	0.9581881533101045
ITPR2	ITPR2|Hypomesus_nipponensis|GCF_054491055.1	305	304	0.9967213114754099	0.8322368421052632	381	380	0.9973753280839895	0.8342105263157895	239	239	1.0	0.8368200836820083	287	263	0.9163763066202091	0.7832699619771863
ITPR2	ITPR2|Lutjanus_erythropterus|GCF_056507025.1	305	304	0.9967213114754099	0.8256578947368421	381	380	0.9973753280839895	0.8368421052631579	239	239	1.0	0.7949790794979079	287	254	0.8850174216027874	0.7755905511811023
ITPR2	ITPR2|Rhamphochromis_longiceps|GCF_057381845.1	305	304	0.9967213114754099	0.8092105263157895	381	380	0.9973753280839895	0.8131578947368421	239	239	1.0	0.7949790794979079	287	260	0.9059233449477352	0.75
ITPR2	ITPR2|Mastacembelus_armatus|GCF_900324485.3	305	304	0.9967213114754099	0.8092105263157895	381	380	0.9973753280839895	0.8210526315789474	239	239	1.0	0.7866108786610879	287	258	0.8989547038327527	0.748062015503876
ITPR2	ITPR2|Gouania_willdenowi|GCF_900634775.2	305	304	0.9967213114754099	0.819078947368421	381	380	0.9973753280839895	0.8289473684210527	239	239	1.0	0.7907949790794979	287	266	0.926829268292683	0.7443609022556391
ITPR2	ITPR2|Erpetoichthys_calabaricus|GCF_900747795.2	305	303	0.9934426229508196	0.801980198019802	381	379	0.994750656167979	0.820580474934037	239	239	1.0	0.8535564853556485	287	278	0.9686411149825784	0.7877697841726619
ITPR2	ITPR2|Sparus_aurata|GCF_900880675.2	305	304	0.9967213114754099	0.8289473684210527	381	380	0.9973753280839895	0.8368421052631579	239	239	1.0	0.7740585774058577	287	257	0.8954703832752613	0.754863813229572
ITPR2	ITPR2|Takifugu_rubripes|GCF_901000725.3	305	304	0.9967213114754099	0.8256578947368421	381	380	0.9973753280839895	0.8289473684210527	239	239	1.0	0.7866108786610879	287	250	0.8710801393728222	0.776
ITPR2	ITPR2|Rhinatrema_bivittatum|GCF_901001135.2	305	300	0.9836065573770492	0.9133333333333333	381	376	0.9868766404199475	0.9202127659574468	239	239	1.0	0.9497907949790795	287	286	0.9965156794425087	0.8461538461538461
ITPR2	ITPR2|Sphaeramia_orbicularis|GCF_902148855.1	305	303	0.9934426229508196	0.8250825082508251	381	379	0.994750656167979	0.8364116094986808	239	239	1.0	0.7824267782426778	287	260	0.9059233449477352	0.7461538461538462
ITPR2	ITPR2|Myripristis_murdjan|GCF_902150065.1	305	304	0.9967213114754099	0.8388157894736842	381	380	0.9973753280839895	0.8473684210526315	239	239	1.0	0.7824267782426778	287	263	0.9163763066202091	0.7262357414448669
ITPR2	ITPR2|Gadus_morhua|GCF_902167405.1	305	304	0.9967213114754099	0.8223684210526315	381	380	0.9973753280839895	0.8342105263157895	239	239	1.0	0.8158995815899581	287	262	0.9128919860627178	0.7824427480916031
ITPR2	ITPR2|Chanos_chanos|GCF_902362185.1	305	303	0.9934426229508196	0.8514851485148515	381	379	0.994750656167979	0.8575197889182058	239	238	0.99581589958159	0.7647058823529411	287	270	0.9407665505226481	0.7148148148148148
ITPR2	ITPR2|Thalassophryne_amazonica|GCF_902500255.1	305	304	0.9967213114754099	0.8256578947368421	381	380	0.9973753280839895	0.8368421052631579	239	239	1.0	0.7698744769874477	287	254	0.8850174216027874	0.7440944881889764
ITPR2	ITPR2|Caprimulgus_europaeus|GCF_907165065.1	305	304	0.9967213114754099	0.9539473684210527	381	380	0.9973753280839895	0.9578947368421052	239	239	1.0	0.9581589958158996	287	286	0.9965156794425087	0.9125874125874126
ITPR2	ITPR2|Telmatherina_bonti|GCF_933228915.1	305	304	0.9967213114754099	0.805921052631579	381	380	0.9973753280839895	0.8026315789473685	239	239	1.0	0.7698744769874477	287	262	0.9128919860627178	0.7213740458015268
ITPR2	ITPR2|Haliaeetus_albicilla|GCF_947461875.1	305	304	0.9967213114754099	0.9539473684210527	381	380	0.9973753280839895	0.9605263157894737	239	239	1.0	0.9623430962343096	287	286	0.9965156794425087	0.916083916083916
ITPR2	ITPR2|Phoxinus_phoxinus|GCF_949152265.1	305	303	0.9934426229508196	0.768976897689769	381	379	0.994750656167979	0.7889182058047494	239	239	1.0	0.7740585774058577	287	263	0.9163763066202091	0.7300380228136882
ITPR2	ITPR2|Notothenia_rossii|GCF_949606895.1	305	304	0.9967213114754099	0.8256578947368421	381	380	0.9973753280839895	0.8289473684210527	239	239	1.0	0.799163179916318	287	260	0.9059233449477352	0.7653846153846153
ITPR2	ITPR2|Borostomias_antarcticus|GCF_949987555.1	305	304	0.9967213114754099	0.8256578947368421	381	380	0.9973753280839895	0.8289473684210527	239	239	1.0	0.8284518828451883	287	269	0.9372822299651568	0.7657992565055762
ITPR2	ITPR2|Ammodytes_marinus|GCF_949987685.1	305	304	0.9967213114754099	0.819078947368421	381	380	0.9973753280839895	0.8289473684210527	239	238	0.99581589958159	0.7899159663865546	287	258	0.8989547038327527	0.7441860465116279
ITPR2	ITPR2|Cnephaeus_nilssonii|GCF_951640355.1	305	305	1.0	0.9836065573770492	381	381	1.0	0.9868766404199475	239	239	1.0	0.99581589958159	287	287	1.0	0.9686411149825784
ITPR2	ITPR2|Gobius_niger|GCF_951799975.1	305	303	0.9934426229508196	0.8151815181518152	381	379	0.994750656167979	0.8179419525065963	239	239	1.0	0.7740585774058577	287	252	0.8780487804878049	0.753968253968254
ITPR2	ITPR2|Zeus_faber|GCF_960531495.1	305	304	0.9967213114754099	0.819078947368421	381	380	0.9973753280839895	0.8289473684210527	239	239	1.0	0.8158995815899581	287	257	0.8954703832752613	0.77431906614786
ITPR2	ITPR2|Microchirus_variegatus|GCF_963457635.1	305	304	0.9967213114754099	0.8223684210526315	381	380	0.9973753280839895	0.8263157894736842	239	239	1.0	0.7949790794979079	287	262	0.9128919860627178	0.7557251908396947
ITPR2	ITPR2|Raja_brachyura|GCF_963514005.1	305	302	0.9901639344262295	0.8609271523178808	381	378	0.9921259842519685	0.8703703703703703	239	239	1.0	0.8117154811715481	287	269	0.9372822299651568	0.7360594795539034
ITPR2	ITPR2|Conger_conger|GCF_963514075.1	305	304	0.9967213114754099	0.8486842105263158	381	380	0.9973753280839895	0.85	239	239	1.0	0.8702928870292888	287	269	0.9372822299651568	0.8029739776951673
ITPR2	ITPR2|Chelon_labrosus|GCF_963514085.1	305	304	0.9967213114754099	0.8289473684210527	381	380	0.9973753280839895	0.8368421052631579	239	239	1.0	0.7824267782426778	287	253	0.8815331010452961	0.758893280632411
ITPR2	ITPR2|Nannobrachium_achirus|GCF_963921795.1	305	304	0.9967213114754099	0.8322368421052632	381	380	0.9973753280839895	0.8394736842105263	239	239	1.0	0.799163179916318	287	265	0.9233449477351916	0.7509433962264151
ITPR2	ITPR2|Phalacrocorax_carbo|GCF_963921805.1	305	304	0.9967213114754099	0.9572368421052632	381	380	0.9973753280839895	0.9605263157894737	239	239	1.0	0.9581589958158996	287	286	0.9965156794425087	0.9055944055944056
ITPR2	ITPR2|Notolepis_coatsorum|GCF_963971535.1	305	303	0.9934426229508196	0.834983498349835	381	379	0.994750656167979	0.8390501319261213	239	239	1.0	0.8075313807531381	287	259	0.9024390243902439	0.7760617760617761
ITPR2	ITPR2|Nansenia_antarctica|GCF_963989245.1	305	304	0.9967213114754099	0.8519736842105263	381	380	0.9973753280839895	0.8578947368421053	239	239	1.0	0.8368200836820083	287	261	0.9094076655052264	0.789272030651341
ITPR2	ITPR2|Calonectris_borealis|GCF_964195595.1	305	304	0.9967213114754099	0.9539473684210527	381	380	0.9973753280839895	0.9578947368421052	239	239	1.0	0.9581589958158996	287	286	0.9965156794425087	0.9090909090909091
ITPR2	ITPR2|Oryctolagus_cuniculus|GCF_964237555.1	305	305	1.0	0.980327868852459	381	381	1.0	0.9816272965879265	239	239	1.0	0.9832635983263598	287	287	1.0	0.9407665505226481
ITPR2	ITPR2|Gallinula_chloropus|GCF_964237585.1	305	304	0.9967213114754099	0.9539473684210527	381	380	0.9973753280839895	0.9552631578947368	239	239	1.0	0.9581589958158996	287	286	0.9965156794425087	0.9090909090909091
ITPR2	ITPR2|Phaethon_aethereus|GCF_964289735.1	305	304	0.9967213114754099	0.9572368421052632	381	380	0.9973753280839895	0.9578947368421052	239	239	1.0	0.9623430962343096	287	284	0.9895470383275261	0.9119718309859155
ITPR2	ITPR2|Larus_argentatus|GCF_964417175.1	305	304	0.9967213114754099	0.9605263157894737	381	380	0.9973753280839895	0.9631578947368421	239	239	1.0	0.9581589958158996	287	286	0.9965156794425087	0.9090909090909091
ITPR2	ITPR2|Poromitra_crassiceps|GCF_964638095.1	305	305	1.0	0.819672131147541	381	381	1.0	0.8293963254593176	239	239	1.0	0.803347280334728	287	256	0.89198606271777	0.76953125
ITPR2	ITPR2|Platalea_leucorodia|GCF_965183815.1	305	304	0.9967213114754099	0.9572368421052632	381	380	0.9973753280839895	0.9605263157894737	239	239	1.0	0.9581589958158996	287	286	0.9965156794425087	0.9090909090909091
ITPR2	ITPR2|Salmo_salar|GCF_965601325.1	305	304	0.9967213114754099	0.8421052631578947	381	380	0.9973753280839895	0.85	239	239	1.0	0.8451882845188284	287	260	0.9059233449477352	0.8038461538461539
ITPR2	ITPR2|Aptenodytes_patagonicus|GCF_965638725.1	305	304	0.9967213114754099	0.9506578947368421	381	380	0.9973753280839895	0.9552631578947368	239	239	1.0	0.9581589958158996	287	286	0.9965156794425087	0.9125874125874126
ITPR2	ITPR2_Astatotilapia_calliptera_Eastern_river_A0AAX7UHL1	305	304	0.9967213114754099	0.8092105263157895	381	380	0.9973753280839895	0.8131578947368421	239	239	1.0	0.7782426778242678	287	260	0.9059233449477352	0.7346153846153847
ITPR2	vertebrate_basal_Callorhinchus_milii_Ghost_shark_A0A4W3JQ24	305	304	0.9967213114754099	0.8486842105263158	381	380	0.9973753280839895	0.8552631578947368	239	239	1.0	0.8451882845188284	287	268	0.9337979094076655	0.7798507462686567
ITPR2	vertebrate_basal_Chiloscyllium_punctatum_Brownbanded_ba_A0A401RNU3	305	102	0.3344262295081967	0.7941176470588235	381	102	0.2677165354330709	0.7941176470588235	239	129	0.5397489539748954	0.6821705426356589	287	129	0.44947735191637633	0.6821705426356589
ITPR2	ITPR2_Danio_rerio_Zebrafish_Brachydanio_reri_A0A8M9PQQ3	305	303	0.9934426229508196	0.7788778877887789	381	379	0.994750656167979	0.7915567282321899	239	239	1.0	0.7866108786610879	287	264	0.9198606271777003	0.7462121212121212
ITPR2	ITPR2_Gallus_gallus_Chicken_F1P1X4	305	304	0.9967213114754099	0.9506578947368421	381	380	0.9973753280839895	0.9552631578947368	239	239	1.0	0.9581589958158996	287	286	0.9965156794425087	0.9125874125874126
ITPR2	ITPR2_Gekko_japonicus_Schlegel_s_Japanese_ge_A0ABM1LG32	305	301	0.9868852459016394	0.893687707641196	381	377	0.989501312335958	0.9045092838196287	239	239	1.0	0.9497907949790795	287	287	1.0	0.89198606271777
ITPR2	ITPR2_Homo_sapiens_Human_Q14571	305	305	1.0	1.0	381	381	1.0	1.0	239	239	1.0	1.0	287	287	1.0	1.0
ITPR2	ITPR2_Mus_musculus_Mouse_Q9Z329	305	305	1.0	0.9639344262295082	381	381	1.0	0.9658792650918635	239	239	1.0	0.9874476987447699	287	287	1.0	0.9581881533101045
ITPR2	ITPR2_Rattus_norvegicus_Rat_P29995	305	305	1.0	0.9672131147540983	381	381	1.0	0.968503937007874	239	239	1.0	0.9874476987447699	287	287	1.0	0.9442508710801394
ITPR2	ITPR2_Strigops_habroptila_Kakapo_A0A672UP22	305	304	0.9967213114754099	0.9539473684210527	381	380	0.9973753280839895	0.9578947368421052	239	239	1.0	0.9623430962343096	287	286	0.9965156794425087	0.916083916083916
ITPR2	ITPR2_Xenopus_tropicalis_Western_clawed_frog_A0A6I8RGU0	305	304	0.9967213114754099	0.9144736842105263	381	380	0.9973753280839895	0.9210526315789473	239	239	1.0	0.9288702928870293	287	285	0.9930313588850174	0.8526315789473684
ITPR3	ITPR3|Podiceps_cristatus|GCA_000699545.1	304	100	0.32894736842105265	0.95	380	135	0.35526315789473684	0.9629629629629629	238	238	1.0	0.957983193277311	288	284	0.9861111111111112	0.8697183098591549
ITPR3	ITPR3|Limosa_lapponica_baueri|GCA_002844005.1	304	258	0.8486842105263158	0.8178294573643411	380	331	0.8710526315789474	0.8338368580060423	238	201	0.8445378151260504	0.9402985074626866	288	247	0.8576388888888888	0.8421052631578947
ITPR3	ITPR3|Sphenodon_punctatus|GCA_003113815.1	304	304	1.0	0.9243421052631579	380	380	1.0	0.9315789473684211	238	238	1.0	0.9201680672268907	288	286	0.9930555555555556	0.8426573426573427
ITPR3	ITPR3|Anomalopteryx_didiformis|GCA_006937325.1	304	304	1.0	0.8453947368421053	380	380	1.0	0.8710526315789474	238	238	1.0	0.8949579831932774	288	284	0.9861111111111112	0.8204225352112676
ITPR3	ITPR3|Sousa_chinensis|GCA_007760645.1	304	304	1.0	0.9769736842105263	380	380	1.0	0.9815789473684211	238	238	1.0	1.0	288	288	1.0	0.9722222222222222
ITPR3	ITPR3|Bucorvus_abyssinicus|GCA_009769605.1	304	304	1.0	0.930921052631579	380	380	1.0	0.9368421052631579	238	238	1.0	0.9537815126050421	288	284	0.9861111111111112	0.8661971830985915
ITPR3	ITPR3|Phoenicopterus_ruber_ruber|GCA_009819775.1	304	304	1.0	0.930921052631579	380	380	1.0	0.9394736842105263	238	238	1.0	0.957983193277311	288	284	0.9861111111111112	0.8661971830985915
ITPR3	ITPR3|Cervus_hanglu_yarkandensis|GCA_010411085.1	304	304	1.0	0.9736842105263158	380	380	1.0	0.9789473684210527	238	238	1.0	1.0	288	288	1.0	0.9583333333333334
ITPR3	ITPR3|Todus_mexicanus|GCA_013389965.1	304	287	0.944078947368421	0.9059233449477352	380	363	0.9552631578947368	0.9173553719008265	238	220	0.9243697478991597	0.8409090909090909	288	240	0.8333333333333334	0.7875
ITPR3	ITPR3|Dryoscopus_gambensis|GCA_013389985.1	304	304	1.0	0.9276315789473685	380	380	1.0	0.9342105263157895	238	238	1.0	0.9537815126050421	288	284	0.9861111111111112	0.8591549295774648
ITPR3	ITPR3|Chloropsis_hardwickii|GCA_013390065.1	304	304	1.0	0.868421052631579	380	380	1.0	0.8868421052631579	238	238	1.0	0.9537815126050421	288	284	0.9861111111111112	0.8661971830985915
ITPR3	ITPR3|Tichodroma_muraria|GCA_013390105.1	304	304	1.0	0.9276315789473685	380	380	1.0	0.9342105263157895	238	238	1.0	0.9537815126050421	288	284	0.9861111111111112	0.8591549295774648
ITPR3	ITPR3|Menura_novaehollandiae|GCA_013396355.1	304	304	1.0	0.9276315789473685	380	380	1.0	0.9342105263157895	238	238	1.0	0.9537815126050421	288	284	0.9861111111111112	0.8626760563380281
ITPR3	ITPR3|Smithornis_capensis|GCA_013396465.1	304	176	0.5789473684210527	0.7556818181818182	380	211	0.5552631578947368	0.6303317535545023	238	238	1.0	0.9453781512605042	288	284	0.9861111111111112	0.852112676056338
ITPR3	ITPR3|Eubucco_bourcierii|GCA_013396675.1	304	304	1.0	0.9243421052631579	380	380	1.0	0.9315789473684211	238	238	1.0	0.957983193277311	288	284	0.9861111111111112	0.8732394366197183
ITPR3	ITPR3|Psilopogon_haemacephalus|GCA_013396835.1	304	304	1.0	0.9243421052631579	380	380	1.0	0.9315789473684211	238	238	1.0	0.957983193277311	288	284	0.9861111111111112	0.8732394366197183
ITPR3	ITPR3|Vireo_altiloquus|GCA_013396875.1	304	304	1.0	0.9276315789473685	380	380	1.0	0.9342105263157895	238	238	1.0	0.9537815126050421	288	284	0.9861111111111112	0.8591549295774648
ITPR3	ITPR3|Baryphthengus_martii|GCA_013396935.1	304	296	0.9736842105263158	0.8817567567567568	380	372	0.9789473684210527	0.8978494623655914	238	238	1.0	0.9537815126050421	288	284	0.9861111111111112	0.8732394366197183
ITPR3	ITPR3|Myiagra_hebetior|GCA_013397015.1	304	304	1.0	0.9276315789473685	380	380	1.0	0.9342105263157895	238	238	1.0	0.9537815126050421	288	284	0.9861111111111112	0.8661971830985915
ITPR3	ITPR3|Polioptila_caerulea|GCA_013397295.1	304	291	0.9572368421052632	0.8831615120274914	380	367	0.9657894736842105	0.8991825613079019	238	238	1.0	0.9537815126050421	288	284	0.9861111111111112	0.8591549295774648
ITPR3	ITPR3|Sinosuthora_webbiana|GCA_013397395.1	304	304	1.0	0.9276315789473685	380	380	1.0	0.9342105263157895	238	238	1.0	0.9537815126050421	288	284	0.9861111111111112	0.8591549295774648
ITPR3	ITPR3|Furnarius_figulus|GCA_013397465.1	304	304	1.0	0.9243421052631579	380	380	1.0	0.9315789473684211	238	238	1.0	0.9537815126050421	288	284	0.9861111111111112	0.8591549295774648
ITPR3	ITPR3|Pterocles_burchelli|GCA_013397535.1	304	304	1.0	0.930921052631579	380	380	1.0	0.9368421052631579	238	238	1.0	0.9495798319327731	288	284	0.9861111111111112	0.8626760563380281
ITPR3	ITPR3|Aleadryas_rufinucha|GCA_013397815.1	304	304	1.0	0.9276315789473685	380	380	1.0	0.9342105263157895	238	238	1.0	0.9537815126050421	288	284	0.9861111111111112	0.8591549295774648
ITPR3	ITPR3|Grantiella_picta|GCA_013397955.1	304	304	1.0	0.875	380	380	1.0	0.8921052631578947	238	238	1.0	0.9537815126050421	288	284	0.9861111111111112	0.8626760563380281
ITPR3	ITPR3|Pedionomus_torquatus|GCA_013398155.1	304	304	1.0	0.9276315789473685	380	380	1.0	0.9342105263157895	238	238	1.0	0.957983193277311	288	284	0.9861111111111112	0.8767605633802817
ITPR3	ITPR3|Climacteris_rufus|GCA_013398175.1	304	304	1.0	0.9243421052631579	380	380	1.0	0.9315789473684211	238	238	1.0	0.9537815126050421	288	284	0.9861111111111112	0.8591549295774648
ITPR3	ITPR3|Loxia_curvirostra|GCA_013398455.1	304	304	1.0	0.9276315789473685	380	380	1.0	0.9342105263157895	238	238	1.0	0.9537815126050421	288	284	0.9861111111111112	0.8591549295774648
ITPR3	ITPR3|Certhia_familiaris|GCA_013398575.1	304	304	1.0	0.9276315789473685	380	380	1.0	0.9342105263157895	238	238	1.0	0.9537815126050421	288	284	0.9861111111111112	0.8591549295774648
ITPR3	ITPR3|Brachypodius_melanocephalos|GCA_013398615.1	304	304	1.0	0.9276315789473685	380	380	1.0	0.9342105263157895	238	238	1.0	0.9537815126050421	288	284	0.9861111111111112	0.8591549295774648
ITPR3	ITPR3|Emberiza_fucata|GCA_013398835.1	304	304	1.0	0.9276315789473685	380	380	1.0	0.9342105263157895	238	238	1.0	0.8445378151260504	288	284	0.9861111111111112	0.7711267605633803
ITPR3	ITPR3|Catharus_fuscescens|GCA_013398975.1	304	304	1.0	0.9276315789473685	380	380	1.0	0.9342105263157895	238	238	1.0	0.9537815126050421	288	284	0.9861111111111112	0.8591549295774648
ITPR3	ITPR3|Quiscalus_mexicanus|GCA_013399035.1	304	304	1.0	0.9276315789473685	380	380	1.0	0.9342105263157895	238	238	1.0	0.9537815126050421	288	284	0.9861111111111112	0.8626760563380281
ITPR3	ITPR3|Chloroceryle_aenea|GCA_013399075.1	304	304	1.0	0.9210526315789473	380	380	1.0	0.9289473684210526	238	238	1.0	0.9537815126050421	288	284	0.9861111111111112	0.8697183098591549
ITPR3	ITPR3|Rostratula_benghalensis|GCA_013399305.1	304	304	1.0	0.9243421052631579	380	380	1.0	0.9315789473684211	238	238	1.0	0.957983193277311	288	284	0.9861111111111112	0.8732394366197183
ITPR3	ITPR3|Nyctiprogne_leucopyga|GCA_013399395.1	304	304	1.0	0.9243421052631579	380	380	1.0	0.9315789473684211	238	238	1.0	0.957983193277311	288	284	0.9861111111111112	0.8697183098591549
ITPR3	ITPR3|Corythaixoides_concolor|GCA_013399495.1	304	304	1.0	0.930921052631579	380	380	1.0	0.9368421052631579	238	238	1.0	0.9537815126050421	288	284	0.9861111111111112	0.8697183098591549
ITPR3	ITPR3|Podilymbus_podiceps|GCA_013399565.1	304	304	1.0	0.930921052631579	380	380	1.0	0.9394736842105263	238	238	1.0	0.957983193277311	288	284	0.9861111111111112	0.8697183098591549
ITPR3	ITPR3|Tyrannus_savana|GCA_013399735.1	304	304	1.0	0.9243421052631579	380	380	1.0	0.9052631578947369	238	238	1.0	0.9537815126050421	288	284	0.9861111111111112	0.8661971830985915
ITPR3	ITPR3|Semnornis_frantzii|GCA_013399775.1	304	304	1.0	0.9276315789473685	380	380	1.0	0.9342105263157895	238	238	1.0	0.9537815126050421	288	284	0.9861111111111112	0.8697183098591549
ITPR3	ITPR3|Zosterops_hypoxanthus|GCA_013399795.1	304	304	1.0	0.9276315789473685	380	380	1.0	0.9342105263157895	238	238	1.0	0.9537815126050421	288	284	0.9861111111111112	0.8556338028169014
ITPR3	ITPR3|Oxyruncus_cristatus|GCA_013399855.1	304	304	1.0	0.9243421052631579	380	380	1.0	0.9315789473684211	238	238	1.0	0.9537815126050421	288	284	0.9861111111111112	0.8485915492957746
ITPR3	ITPR3|Serilophus_lunatus|GCA_013399895.1	304	304	1.0	0.9243421052631579	380	380	1.0	0.9315789473684211	238	238	1.0	0.9537815126050421	288	284	0.9861111111111112	0.8591549295774648
ITPR3	ITPR3|Hippolais_icterina|GCA_013400075.1	304	304	1.0	0.9276315789473685	380	380	1.0	0.9342105263157895	238	238	1.0	0.9537815126050421	288	284	0.9861111111111112	0.8626760563380281
ITPR3	ITPR3|Aramus_guarauna|GCA_013400195.1	304	304	1.0	0.930921052631579	380	380	1.0	0.9394736842105263	238	238	1.0	0.957983193277311	288	284	0.9861111111111112	0.8697183098591549
ITPR3	ITPR3|Cisticola_juncidis|GCA_013400215.1	304	304	1.0	0.9276315789473685	380	380	1.0	0.9342105263157895	238	238	1.0	0.9537815126050421	288	284	0.9861111111111112	0.8591549295774648
ITPR3	ITPR3|Scytalopus_superciliaris|GCA_013400415.1	304	304	1.0	0.9243421052631579	380	380	1.0	0.9315789473684211	238	238	1.0	0.9369747899159664	288	284	0.9861111111111112	0.8450704225352113
ITPR3	ITPR3|Leiothrix_lutea|GCA_013400445.1	304	304	1.0	0.9276315789473685	380	380	1.0	0.9342105263157895	238	238	1.0	0.9537815126050421	288	284	0.9861111111111112	0.8591549295774648
ITPR3	ITPR3|Erpornis_zantholeuca|GCA_013400515.1	304	304	1.0	0.9276315789473685	380	380	1.0	0.9342105263157895	238	238	1.0	0.9537815126050421	288	284	0.9861111111111112	0.8591549295774648
ITPR3	ITPR3|Chloropsis_cyanopogon|GCA_013400585.1	304	304	1.0	0.9276315789473685	380	380	1.0	0.9342105263157895	238	238	1.0	0.9537815126050421	288	284	0.9861111111111112	0.8661971830985915
ITPR3	ITPR3|Hypocryptadius_cinnamomeus|GCA_013400635.1	304	304	1.0	0.9276315789473685	380	380	1.0	0.9342105263157895	238	238	1.0	0.9537815126050421	288	284	0.9861111111111112	0.8591549295774648
ITPR3	ITPR3|Pomatostomus_ruficeps|GCA_013400735.1	304	304	1.0	0.9276315789473685	380	380	1.0	0.9342105263157895	238	238	1.0	0.9537815126050421	288	284	0.9861111111111112	0.8591549295774648
ITPR3	ITPR3|Centropus_bengalensis|GCA_013400815.1	304	304	1.0	0.9276315789473685	380	380	1.0	0.9342105263157895	238	238	1.0	0.9495798319327731	288	284	0.9861111111111112	0.8591549295774648
ITPR3	ITPR3|Thalassarche_chlororhynchos|GCA_013400895.1	304	304	1.0	0.930921052631579	380	380	1.0	0.9394736842105263	238	238	1.0	0.957983193277311	288	284	0.9861111111111112	0.8732394366197183
ITPR3	ITPR3|Drymodes_brunneopygia|GCA_013400955.1	304	304	1.0	0.9276315789473685	380	380	1.0	0.9342105263157895	238	238	1.0	0.9537815126050421	288	284	0.9861111111111112	0.8591549295774648
ITPR3	ITPR3|Oreotrochilus_melanogaster|GCA_013400995.1	304	292	0.9605263157894737	0.7945205479452054	380	368	0.968421052631579	0.8260869565217391	238	238	1.0	0.9537815126050421	288	284	0.9861111111111112	0.8732394366197183
ITPR3	ITPR3|Balaeniceps_rex|GCA_013401315.1	304	304	1.0	0.930921052631579	380	367	0.9657894736842105	0.9400544959128065	238	238	1.0	0.9537815126050421	288	284	0.9861111111111112	0.8661971830985915
ITPR3	ITPR3|Sylvia_borin|GCA_014839755.1	304	304	1.0	0.9276315789473685	380	380	1.0	0.9342105263157895	238	238	1.0	0.9537815126050421	288	284	0.9861111111111112	0.8591549295774648
ITPR3	ITPR3|Lamprotornis_superbus|GCA_015883425.2	304	304	1.0	0.9276315789473685	380	380	1.0	0.9342105263157895	238	238	1.0	0.9537815126050421	288	284	0.9861111111111112	0.8556338028169014
ITPR3	ITPR3|Aplochiton_taeniatus|GCA_017639675.1	304	302	0.993421052631579	0.8278145695364238	380	378	0.9947368421052631	0.8412698412698413	238	238	1.0	0.8277310924369747	288	279	0.96875	0.7526881720430108
ITPR3	ITPR3|Bothrops_jararaca|GCA_018340635.1	304	302	0.993421052631579	0.9039735099337748	380	378	0.9947368421052631	0.9126984126984127	238	238	1.0	0.9327731092436975	288	286	0.9930555555555556	0.8391608391608392
ITPR3	ITPR3|Hymenochirus_boettgeri|GCA_019447015.1	304	303	0.9967105263157895	0.8976897689768977	380	379	0.9973684210526316	0.8891820580474934	238	238	1.0	0.9159663865546218	288	275	0.9548611111111112	0.8327272727272728
ITPR3	ITPR3|Hemiprocne_comata|GCA_020745705.1	304	304	1.0	0.930921052631579	380	380	1.0	0.9368421052631579	238	238	1.0	0.9537815126050421	288	284	0.9861111111111112	0.8732394366197183
ITPR3	ITPR3|Albula_goreensis|GCA_022829145.1	304	302	0.993421052631579	0.847682119205298	380	378	0.9947368421052631	0.8597883597883598	238	237	0.9957983193277311	0.8354430379746836	288	277	0.9618055555555556	0.7653429602888087
ITPR3	ITPR3|Pygathrix_nigripes|GCA_023764695.1	304	294	0.9671052631578947	0.9863945578231292	380	370	0.9736842105263158	0.9891891891891892	238	238	1.0	1.0	288	288	1.0	0.9930555555555556
ITPR3	ITPR3|Muraenolepis_orangiensis|GCA_027704905.1	304	303	0.9967105263157895	0.8382838283828383	380	379	0.9973684210526316	0.8575197889182058	238	238	1.0	0.7857142857142857	288	279	0.96875	0.7096774193548387
ITPR3	ITPR3|Heterohyrax_brucei|GCA_028571685.1	304	304	1.0	0.9736842105263158	380	380	1.0	0.9763157894736842	238	238	1.0	0.9873949579831933	288	288	1.0	0.9548611111111112
ITPR3	ITPR3|Aldrovandia_affinis|GCA_029706075.1	304	302	0.993421052631579	0.8178807947019867	380	377	0.9921052631578947	0.7957559681697612	238	238	1.0	0.8361344537815126	288	278	0.9652777777777778	0.7661870503597122
ITPR3	ITPR3|Dissostichus_eleginoides|GCA_031216635.1	304	300	0.9868421052631579	0.8266666666666667	380	376	0.9894736842105263	0.8404255319148937	238	238	1.0	0.8319327731092437	288	279	0.96875	0.7491039426523297
ITPR3	ITPR3|Saguinus_oedipus|GCA_031835075.1	304	304	1.0	0.9835526315789473	380	380	1.0	0.9868421052631579	238	238	1.0	0.9915966386554622	288	288	1.0	0.9722222222222222
ITPR3	ITPR3|Crypturellus_soui|GCA_032275445.1	304	304	1.0	0.9276315789473685	380	380	1.0	0.9368421052631579	238	238	1.0	0.957983193277311	288	284	0.9861111111111112	0.8767605633802817
ITPR3	ITPR3|Circaetus_pectoralis|GCA_035590135.1	304	304	1.0	0.930921052631579	380	380	1.0	0.9368421052631579	238	238	1.0	0.957983193277311	288	284	0.9861111111111112	0.8661971830985915
ITPR3	ITPR3|Cirrhinus_mrigala|GCA_036247105.2	304	299	0.9835526315789473	0.7926421404682275	380	375	0.9868421052631579	0.8186666666666667	238	238	1.0	0.8151260504201681	288	276	0.9583333333333334	0.7427536231884058
ITPR3	ITPR3|Atractosteus_spatula|GCA_043380575.1	304	302	0.993421052631579	0.8708609271523179	380	378	0.9947368421052631	0.8809523809523809	238	238	1.0	0.8697478991596639	288	281	0.9756944444444444	0.7829181494661922
ITPR3	ITPR3|Amblyopsis_spelaea|GCA_046255725.1	304	300	0.9868421052631579	0.84	380	376	0.9894736842105263	0.851063829787234	238	238	1.0	0.819327731092437	288	278	0.9652777777777778	0.7410071942446043
ITPR3	ITPR3|Polymixia_lowei|GCA_047511595.1	304	301	0.9901315789473685	0.8272425249169435	380	377	0.9921052631578947	0.843501326259947	238	238	1.0	0.819327731092437	288	280	0.9722222222222222	0.7392857142857143
ITPR3	ITPR3|Notoryctes_typhlops|GCA_048126345.2	304	304	1.0	0.9638157894736842	380	380	1.0	0.968421052631579	238	238	1.0	0.9789915966386554	288	288	1.0	0.9236111111111112
ITPR3	ITPR3|Diretmus_argenteus|GCA_048569125.1	304	302	0.993421052631579	0.8311258278145696	380	378	0.9947368421052631	0.843915343915344	238	238	1.0	0.8487394957983193	288	278	0.9652777777777778	0.7661870503597122
ITPR3	ITPR3|Liparis_tanakae|GCA_050084785.1	304	301	0.9901315789473685	0.8272425249169435	380	377	0.9921052631578947	0.8328912466843501	238	238	1.0	0.8151260504201681	288	280	0.9722222222222222	0.7428571428571429
ITPR3	ITPR3|Copsychus_sechellarum|GCA_054084135.1	304	304	1.0	0.9276315789473685	380	380	1.0	0.9342105263157895	238	238	1.0	0.9537815126050421	288	284	0.9861111111111112	0.8626760563380281
ITPR3	ITPR3|Steatornis_caripensis|GCA_054099775.1	304	304	1.0	0.930921052631579	380	380	1.0	0.9368421052631579	238	238	1.0	0.957983193277311	288	284	0.9861111111111112	0.8732394366197183
ITPR3	ITPR3|Lestoros_inca|GCA_054644205.1	304	304	1.0	0.9638157894736842	380	380	1.0	0.968421052631579	238	238	1.0	0.9747899159663865	288	288	1.0	0.9201388888888888
ITPR3	ITPR3|Datnioides_polota|GCA_054883175.1	304	302	0.993421052631579	0.8344370860927153	380	378	0.9947368421052631	0.8518518518518519	238	238	1.0	0.8403361344537815	288	280	0.9722222222222222	0.7571428571428571
ITPR3	ITPR3|Arapaima_gigas|GCA_054883375.1	304	302	0.993421052631579	0.8410596026490066	380	378	0.9947368421052631	0.8492063492063492	238	238	1.0	0.8529411764705882	288	280	0.9722222222222222	0.7714285714285715
ITPR3	ITPR3|Pristigenys_meyeri|GCA_056506795.1	304	302	0.993421052631579	0.8410596026490066	380	378	0.9947368421052631	0.8571428571428571	238	238	1.0	0.8403361344537815	288	278	0.9652777777777778	0.7553956834532374
ITPR3	ITPR3|Spizella_passerina|GCA_056776345.1	304	304	1.0	0.9276315789473685	380	380	1.0	0.9342105263157895	238	238	1.0	0.9537815126050421	288	284	0.9861111111111112	0.8626760563380281
ITPR3	ITPR3|Hiodon_alosoides|GCA_056783565.1	304	301	0.9901315789473685	0.8604651162790697	380	377	0.9921052631578947	0.870026525198939	238	238	1.0	0.8319327731092437	288	278	0.9652777777777778	0.7482014388489209
ITPR3	ITPR3|Albula_glossodonta|GCA_056783665.1	304	302	0.993421052631579	0.847682119205298	380	378	0.9947368421052631	0.8597883597883598	238	238	1.0	0.8613445378151261	288	278	0.9652777777777778	0.7877697841726619
ITPR3	ITPR3|Stylephorus_chordatus|GCA_056824565.1	304	301	0.9901315789473685	0.8338870431893688	380	377	0.9921052631578947	0.8461538461538461	238	238	1.0	0.8361344537815126	288	279	0.96875	0.7598566308243727
ITPR3	ITPR3|Alepocephalus_tenebrosus|GCA_056824585.1	304	302	0.993421052631579	0.8377483443708609	380	378	0.9947368421052631	0.8518518518518519	238	238	1.0	0.8361344537815126	288	273	0.9479166666666666	0.7765567765567766
ITPR3	ITPR3|Acrocephalus_arundinaceus|GCA_058224745.1	304	304	1.0	0.9276315789473685	380	380	1.0	0.9342105263157895	238	238	1.0	0.9537815126050421	288	284	0.9861111111111112	0.8626760563380281
ITPR3	ITPR3|Platax_teira|GCA_058707665.1	304	302	0.993421052631579	0.8245033112582781	380	378	0.9947368421052631	0.843915343915344	238	238	1.0	0.8361344537815126	288	279	0.96875	0.7526881720430108
ITPR3	ITPR3|Capros_aper|GCA_965364685.1	304	302	0.993421052631579	0.8311258278145696	380	378	0.9947368421052631	0.8465608465608465	238	238	1.0	0.8361344537815126	288	275	0.9548611111111112	0.7709090909090909
ITPR3	ITPR3|Acanthurus_tractus|GCA_980438365.1	304	302	0.993421052631579	0.8377483443708609	380	378	0.9947368421052631	0.8518518518518519	238	238	1.0	0.8319327731092437	288	279	0.96875	0.7526881720430108
ITPR3	ITPR3|Parequula_melbournensis|GCA_984656905.1	304	302	0.993421052631579	0.8344370860927153	380	378	0.9947368421052631	0.8518518518518519	238	238	1.0	0.8235294117647058	288	282	0.9791666666666666	0.7269503546099291
ITPR3	ITPR3|Pontoporia_blainvillei|GCA_987193245.1	304	304	1.0	0.9769736842105263	380	380	1.0	0.9789473684210527	238	238	1.0	1.0	288	288	1.0	0.96875
ITPR3	ITPR3|Homo_sapiens|GCF_000001405.40	304	304	1.0	1.0	380	380	1.0	1.0	238	238	1.0	1.0	288	288	1.0	1.0
ITPR3	ITPR3|Mus_musculus|GCF_000001635.27	304	304	1.0	0.9736842105263158	380	380	1.0	0.9763157894736842	238	238	1.0	0.9957983193277311	288	288	1.0	0.9618055555555556
ITPR3	ITPR3|Xenopus_tropicalis|GCF_000004195.4	304	303	0.9967105263157895	0.8778877887788779	380	379	0.9973684210526316	0.8812664907651715	238	238	1.0	0.9201680672268907	288	277	0.9618055555555556	0.8339350180505415
ITPR3	ITPR3|Trichechus_manatus_latirostris|GCF_000243295.1	304	304	1.0	0.9835526315789473	380	380	1.0	0.9868421052631579	238	238	1.0	1.0	288	288	1.0	0.9583333333333334
ITPR3	ITPR3|Orycteropus_afer_afer|GCF_000298275.1	304	304	1.0	0.9769736842105263	380	380	1.0	0.9789473684210527	238	238	1.0	0.9957983193277311	288	288	1.0	0.9479166666666666
ITPR3	ITPR3|Elephantulus_edwardii|GCF_000299155.1	304	301	0.9901315789473685	0.9800664451827242	380	377	0.9921052631578947	0.9840848806366048	238	238	1.0	1.0	288	288	1.0	0.9409722222222222
ITPR3	ITPR3|Tupaia_belangeri_chinensis|GCF_000334495.1	304	304	1.0	0.9769736842105263	380	380	1.0	0.9815789473684211	238	238	1.0	0.9915966386554622	288	288	1.0	0.9618055555555556
ITPR3	ITPR3|Egretta_garzetta|GCF_000687185.1	304	304	1.0	0.9210526315789473	380	380	1.0	0.9315789473684211	238	238	1.0	0.9495798319327731	288	284	0.9861111111111112	0.8591549295774648
ITPR3	ITPR3|Phaethon_lepturus|GCF_000687285.1	304	304	1.0	0.8947368421052632	380	380	1.0	0.9078947368421053	238	238	1.0	0.957983193277311	288	284	0.9861111111111112	0.8732394366197183
ITPR3	ITPR3|Cariama_cristata|GCF_000690535.1	304	304	1.0	0.930921052631579	380	380	1.0	0.9368421052631579	238	238	1.0	0.9537815126050421	288	284	0.9861111111111112	0.8697183098591549
ITPR3	ITPR3|Eurypyga_helias|GCF_000690775.1	304	304	1.0	0.9046052631578947	380	380	1.0	0.9157894736842105	238	238	1.0	0.957983193277311	288	284	0.9861111111111112	0.8697183098591549
ITPR3	ITPR3|Fulmarus_glacialis|GCF_000690835.1	304	187	0.6151315789473685	0.946524064171123	380	222	0.5842105263157895	0.954954954954955	238	238	1.0	0.957983193277311	288	284	0.9861111111111112	0.8732394366197183
ITPR3	ITPR3|Corvus_brachyrhynchos|GCF_000691975.1	304	304	1.0	0.9276315789473685	380	380	1.0	0.9342105263157895	238	238	1.0	0.9537815126050421	288	284	0.9861111111111112	0.8556338028169014
ITPR3	ITPR3|Mesitornis_unicolor|GCF_000695765.1	304	304	1.0	0.9243421052631579	380	380	1.0	0.9315789473684211	238	238	1.0	0.957983193277311	288	284	0.9861111111111112	0.8732394366197183
ITPR3	ITPR3|Nestor_notabilis|GCF_000696875.1	304	304	1.0	0.930921052631579	380	380	1.0	0.9368421052631579	238	238	1.0	0.9537815126050421	288	284	0.9861111111111112	0.8697183098591549
ITPR3	ITPR3|Struthio_camelus_australis|GCF_000698965.1	304	304	1.0	0.9276315789473685	380	380	1.0	0.9368421052631579	238	238	1.0	0.957983193277311	288	284	0.9861111111111112	0.8767605633802817
ITPR3	ITPR3|Pygoscelis_adeliae|GCF_000699105.1	304	303	0.9967105263157895	0.9141914191419142	380	379	0.9973684210526316	0.9234828496042217	238	238	1.0	0.957983193277311	288	284	0.9861111111111112	0.8732394366197183
ITPR3	ITPR3|Aptenodytes_forsteri|GCF_000699145.1	304	304	1.0	0.930921052631579	380	380	1.0	0.9368421052631579	238	238	1.0	0.957983193277311	288	284	0.9861111111111112	0.8732394366197183
ITPR3	ITPR3|Pterocles_gutturalis|GCF_000699245.1	304	304	1.0	0.8388157894736842	380	380	1.0	0.8631578947368421	238	238	1.0	0.9495798319327731	288	284	0.9861111111111112	0.8591549295774648
ITPR3	ITPR3|Antrostomus_carolinensis|GCF_000700745.2	304	289	0.9506578947368421	0.8788927335640139	380	365	0.9605263157894737	0.8958904109589041	238	238	1.0	0.957983193277311	288	284	0.9861111111111112	0.8697183098591549
ITPR3	ITPR3|Apaloderma_vittatum|GCF_000703405.1	304	294	0.9671052631578947	0.8843537414965986	380	370	0.9736842105263158	0.9	238	238	1.0	0.957983193277311	288	284	0.9861111111111112	0.8767605633802817
ITPR3	ITPR3|Charadrius_vociferus|GCF_000708025.1	304	304	1.0	0.9276315789473685	380	380	1.0	0.9342105263157895	238	238	1.0	0.9537815126050421	288	284	0.9861111111111112	0.8697183098591549
ITPR3	ITPR3|Buceros_rhinoceros_silvestris|GCF_000710305.1	304	304	1.0	0.930921052631579	380	380	1.0	0.9368421052631579	238	238	1.0	0.9537815126050421	288	284	0.9861111111111112	0.8661971830985915
ITPR3	ITPR3|Chaetura_pelagica|GCF_000747805.2	304	304	1.0	0.9276315789473685	380	380	1.0	0.9342105263157895	238	238	1.0	0.9537815126050421	288	284	0.9861111111111112	0.8732394366197183
ITPR3	ITPR3|Manacus_vitellinus|GCF_001715985.3	304	304	1.0	0.9243421052631579	380	380	1.0	0.9315789473684211	238	238	1.0	0.9495798319327731	288	284	0.9861111111111112	0.852112676056338
ITPR3	ITPR3|Nothoprocta_perdicaria|GCF_003342845.1	304	304	1.0	0.9111842105263158	380	380	1.0	0.9236842105263158	238	238	1.0	0.9495798319327731	288	284	0.9861111111111112	0.8732394366197183
ITPR3	ITPR3|Cricetulus_griseus|GCF_003668045.3	304	304	1.0	0.9703947368421053	380	380	1.0	0.9710526315789474	238	238	1.0	0.9915966386554622	288	288	1.0	0.9444444444444444
ITPR3	ITPR3|Calypte_anna|GCF_003957555.1	304	304	1.0	0.930921052631579	380	380	1.0	0.9315789473684211	238	238	1.0	0.9495798319327731	288	284	0.9861111111111112	0.8697183098591549
ITPR3	ITPR3|Ornithorhynchus_anatinus|GCF_004115215.2	304	303	0.9967105263157895	0.933993399339934	380	379	0.9973684210526316	0.9445910290237467	238	238	1.0	0.9873949579831933	288	287	0.9965277777777778	0.9233449477351916
ITPR3	ITPR3|Pristis_pectinata|GCF_009764475.1	304	301	0.9901315789473685	0.8338870431893688	380	377	0.9921052631578947	0.8381962864721485	238	238	1.0	0.8529411764705882	288	261	0.90625	0.8007662835249042
ITPR3	ITPR3|Tauraco_erythrolophus|GCF_009769465.1	304	304	1.0	0.930921052631579	380	380	1.0	0.9368421052631579	238	237	0.9957983193277311	0.9535864978902954	288	283	0.9826388888888888	0.8692579505300353
ITPR3	ITPR3|Esox_lucius|GCF_011004845.1	304	301	0.9901315789473685	0.8438538205980066	380	377	0.9921052631578947	0.8541114058355438	238	238	1.0	0.819327731092437	288	280	0.9722222222222222	0.7357142857142858
ITPR3	ITPR3|Balearica_regulorum_gibbericeps|GCF_011004875.1	304	304	1.0	0.930921052631579	380	380	1.0	0.9394736842105263	238	238	1.0	0.957983193277311	288	284	0.9861111111111112	0.8697183098591549
ITPR3	ITPR3|Megalops_cyprinoides|GCF_013368585.1	304	302	0.993421052631579	0.847682119205298	380	378	0.9947368421052631	0.8597883597883598	238	238	1.0	0.8613445378151261	288	271	0.9409722222222222	0.7970479704797048
ITPR3	ITPR3|Nyctibius_grandis|GCF_013368605.1	304	304	1.0	0.9276315789473685	380	380	1.0	0.9342105263157895	238	238	1.0	0.9537815126050421	288	284	0.9861111111111112	0.8697183098591549
ITPR3	ITPR3|Dryobates_pubescens|GCF_014839835.1	304	304	1.0	0.9210526315789473	380	380	1.0	0.9263157894736842	238	238	1.0	0.9537815126050421	288	284	0.9861111111111112	0.8732394366197183
ITPR3	ITPR3|Gracilinanus_agilis|GCF_016433145.1	304	293	0.9638157894736842	0.8668941979522184	380	369	0.9710526315789474	0.8888888888888888	238	238	1.0	0.9705882352941176	288	288	1.0	0.9270833333333334
ITPR3	ITPR3|Gallus_gallus|GCF_016699485.2	304	304	1.0	0.9276315789473685	380	380	1.0	0.9368421052631579	238	238	1.0	0.957983193277311	288	284	0.9861111111111112	0.8697183098591549
ITPR3	ITPR3|Xiphias_gladius|GCF_016859285.1	304	302	0.993421052631579	0.8443708609271523	380	378	0.9947368421052631	0.8571428571428571	238	238	1.0	0.8403361344537815	288	280	0.9722222222222222	0.7571428571428571
ITPR3	ITPR3|Carcharodon_carcharias|GCF_017639515.1	304	300	0.9868421052631579	0.8266666666666667	380	376	0.9894736842105263	0.8377659574468085	238	238	1.0	0.8403361344537815	288	262	0.9097222222222222	0.7862595419847328
ITPR3	ITPR3|Polyodon_spathula|GCF_017654505.1	304	301	0.9901315789473685	0.8372093023255814	380	377	0.9921052631578947	0.8541114058355438	238	238	1.0	0.8445378151260504	288	281	0.9756944444444444	0.7758007117437722
ITPR3	ITPR3|Cuculus_canorus|GCF_017976375.1	304	304	1.0	0.9243421052631579	380	380	1.0	0.9315789473684211	238	238	1.0	0.9453781512605042	288	284	0.9861111111111112	0.8591549295774648
ITPR3	ITPR3|Gymnogyps_californianus|GCF_018139145.2	304	304	1.0	0.9276315789473685	380	380	1.0	0.9368421052631579	238	238	1.0	0.957983193277311	288	284	0.9861111111111112	0.8732394366197183
ITPR3	ITPR3|Cheilinus_undulatus|GCF_018320785.1	304	302	0.993421052631579	0.8377483443708609	380	378	0.9947368421052631	0.8518518518518519	238	238	1.0	0.8403361344537815	288	281	0.9756944444444444	0.7580071174377224
ITPR3	ITPR3|Tyto_alba|GCF_018691265.1	304	304	1.0	0.9276315789473685	380	380	1.0	0.9368421052631579	238	238	1.0	0.957983193277311	288	284	0.9861111111111112	0.8732394366197183
ITPR3	ITPR3|Callorhinchus_milii|GCF_018977255.1	304	301	0.9901315789473685	0.8172757475083057	380	377	0.9921052631578947	0.8328912466843501	238	238	1.0	0.8445378151260504	288	261	0.90625	0.7969348659003831
ITPR3	ITPR3|Protopterus_annectens|GCF_019279795.1	304	302	0.993421052631579	0.7218543046357616	380	378	0.9947368421052631	0.7407407407407407	238	238	1.0	0.7478991596638656	288	271	0.9409722222222222	0.6900369003690037
ITPR3	ITPR3|Dromiciops_gliroides|GCF_019393635.1	304	304	1.0	0.9638157894736842	380	380	1.0	0.968421052631579	238	238	1.0	0.9789915966386554	288	288	1.0	0.9166666666666666
ITPR3	ITPR3|Gambusia_affinis|GCF_019740435.1	304	302	0.993421052631579	0.8211920529801324	380	378	0.9947368421052631	0.8412698412698413	238	235	0.9873949579831933	0.7659574468085106	288	277	0.9618055555555556	0.6931407942238267
ITPR3	ITPR3|Neogale_vison|GCF_020171115.1	304	304	1.0	0.9802631578947368	380	380	1.0	0.9842105263157894	238	238	1.0	0.9915966386554622	288	288	1.0	0.9444444444444444
ITPR3	ITPR3|Apus_apus|GCF_020740795.1	304	304	1.0	0.930921052631579	380	380	1.0	0.9368421052631579	238	238	1.0	0.9537815126050421	288	284	0.9861111111111112	0.8732394366197183
ITPR3	ITPR3|Diceros_bicornis_minor|GCF_020826845.1	304	304	1.0	0.9736842105263158	380	380	1.0	0.9789473684210527	238	238	1.0	0.9873949579831933	288	288	1.0	0.9652777777777778
ITPR3	ITPR3|Sphaerodactylus_townsendi|GCF_021028975.2	304	302	0.993421052631579	0.9105960264900662	380	378	0.9947368421052631	0.9206349206349206	238	238	1.0	0.9201680672268907	288	287	0.9965277777777778	0.8362369337979094
ITPR3	ITPR3|Micropterus_dolomieu|GCF_021292245.1	304	300	0.9868421052631579	0.8366666666666667	380	376	0.9894736842105263	0.851063829787234	238	238	1.0	0.8361344537815126	288	279	0.96875	0.7526881720430108
ITPR3	ITPR3|Equus_quagga|GCF_021613505.1	304	304	1.0	0.9736842105263158	380	380	1.0	0.9789473684210527	238	238	1.0	0.9957983193277311	288	288	1.0	0.9652777777777778
ITPR3	ITPR3|Falco_peregrinus|GCF_023634155.1	304	304	1.0	0.9276315789473685	380	380	1.0	0.9342105263157895	238	238	1.0	0.9537815126050421	288	284	0.9861111111111112	0.8661971830985915
ITPR3	ITPR3|Tamandua_tetradactyla|GCF_023851605.1	304	304	1.0	0.9671052631578947	380	380	1.0	0.9736842105263158	238	238	1.0	0.9831932773109243	288	288	1.0	0.9409722222222222
ITPR3	ITPR3|Elephas_maximus_indicus|GCF_024166365.1	304	304	1.0	0.9802631578947368	380	380	1.0	0.9815789473684211	238	238	1.0	1.0	288	288	1.0	0.9618055555555556
ITPR3	ITPR3|Gopherus_flavomarginatus|GCF_025201925.1	304	304	1.0	0.9276315789473685	380	380	1.0	0.9315789473684211	238	238	1.0	0.9327731092436975	288	284	0.9861111111111112	0.8626760563380281
ITPR3	ITPR3|Hemicordylus_capensis|GCF_027244095.1	304	302	0.993421052631579	0.9172185430463576	380	378	0.9947368421052631	0.9259259259259259	238	238	1.0	0.9201680672268907	288	287	0.9965277777777778	0.8397212543554007
ITPR3	ITPR3|Cynocephalus_volans|GCF_027409185.1	304	304	1.0	0.9802631578947368	380	380	1.0	0.9789473684210527	238	238	1.0	1.0	288	288	1.0	0.9618055555555556
ITPR3	ITPR3|Neoarius_graeffei|GCF_027579695.1	304	296	0.9736842105263158	0.8040540540540541	380	372	0.9789473684210527	0.8172043010752689	238	238	1.0	0.7899159663865546	288	269	0.9340277777777778	0.7323420074349443
ITPR3	ITPR3|Sorex_araneus|GCF_027595985.1	304	304	1.0	0.9671052631578947	380	380	1.0	0.9710526315789474	238	238	1.0	0.9747899159663865	288	288	1.0	0.8993055555555556
ITPR3	ITPR3|Notamacropus_eugenii|GCF_028372415.1	304	304	1.0	0.9638157894736842	380	380	1.0	0.968421052631579	238	238	1.0	0.9747899159663865	288	288	1.0	0.9201388888888888
ITPR3	ITPR3|Rhea_pennata|GCF_028389875.1	304	304	1.0	0.930921052631579	380	380	1.0	0.9394736842105263	238	238	1.0	0.957983193277311	288	284	0.9861111111111112	0.8767605633802817
ITPR3	ITPR3|Colius_striatus|GCF_028858725.1	304	304	1.0	0.9276315789473685	380	380	1.0	0.9342105263157895	238	238	1.0	0.9537815126050421	288	284	0.9861111111111112	0.8697183098591549
ITPR3	ITPR3|Hoplias_malabaricus|GCF_029633855.1	304	299	0.9835526315789473	0.8394648829431438	380	375	0.9868421052631579	0.8506666666666667	238	238	1.0	0.8235294117647058	288	275	0.9548611111111112	0.7490909090909091
ITPR3	ITPR3|Manis_pentadactyla|GCF_030020395.1	304	304	1.0	0.9703947368421053	380	380	1.0	0.9736842105263158	238	238	1.0	0.9831932773109243	288	288	1.0	0.9479166666666666
ITPR3	ITPR3|Dasypus_novemcinctus|GCF_030445035.2	304	304	1.0	0.9539473684210527	380	380	1.0	0.9631578947368421	238	238	1.0	0.9873949579831933	288	288	1.0	0.9375
ITPR3	ITPR3|Pelecanus_crispus|GCF_030463565.1	304	304	1.0	0.930921052631579	380	380	1.0	0.9368421052631579	238	238	1.0	0.957983193277311	288	284	0.9861111111111112	0.8697183098591549
ITPR3	ITPR3|Poecile_atricapillus|GCF_030490865.1	304	304	1.0	0.9276315789473685	380	380	1.0	0.9342105263157895	238	238	1.0	0.9537815126050421	288	284	0.9861111111111112	0.8591549295774648
ITPR3	ITPR3|Alligator_mississippiensis|GCF_030867095.1	304	304	1.0	0.9210526315789473	380	380	1.0	0.9289473684210526	238	238	1.0	0.9537815126050421	288	287	0.9965277777777778	0.8710801393728222
ITPR3	ITPR3|Opisthocomus_hoazin|GCF_030867145.1	304	304	1.0	0.930921052631579	380	380	1.0	0.9368421052631579	238	238	1.0	0.957983193277311	288	284	0.9861111111111112	0.8732394366197183
ITPR3	ITPR3|Gavia_stellata|GCF_030936135.1	304	304	1.0	0.9342105263157895	380	380	1.0	0.9394736842105263	238	238	1.0	0.957983193277311	288	284	0.9861111111111112	0.8732394366197183
ITPR3	ITPR3|Channa_argus|GCF_033026475.1	304	302	0.993421052631579	0.8443708609271523	380	378	0.9947368421052631	0.8544973544973545	238	238	1.0	0.8361344537815126	288	279	0.96875	0.7562724014336918
ITPR3	ITPR3|Cololabis_saira|GCF_033807715.1	304	302	0.993421052631579	0.8245033112582781	380	378	0.9947368421052631	0.8412698412698413	238	238	1.0	0.8277310924369747	288	279	0.96875	0.7526881720430108
ITPR3	ITPR3|Entelurus_aequoreus|GCF_033978785.1	304	302	0.993421052631579	0.8178807947019867	380	378	0.9947368421052631	0.8333333333333334	238	238	1.0	0.8403361344537815	288	272	0.9444444444444444	0.7683823529411765
ITPR3	ITPR3|Leptosomus_discolor|GCF_034619465.1	304	304	1.0	0.9276315789473685	380	380	1.0	0.9342105263157895	238	238	1.0	0.957983193277311	288	284	0.9861111111111112	0.8697183098591549
ITPR3	ITPR3|Ciconia_boyciana|GCF_034638445.1	304	304	1.0	0.9342105263157895	380	380	1.0	0.9421052631578948	238	238	1.0	0.957983193277311	288	284	0.9861111111111112	0.8697183098591549
ITPR3	ITPR3|Engraulis_encrasicolus|GCF_034702125.1	304	301	0.9901315789473685	0.8172757475083057	380	377	0.9921052631578947	0.8249336870026526	238	238	1.0	0.8109243697478992	288	265	0.9201388888888888	0.7622641509433963
ITPR3	ITPR3|Heptranchias_perlo|GCF_035084215.1	304	300	0.9868421052631579	0.83	380	376	0.9894736842105263	0.8404255319148937	238	238	1.0	0.8445378151260504	288	267	0.9270833333333334	0.7752808988764045
ITPR3	ITPR3|Mycteria_americana|GCF_035582795.1	304	304	1.0	0.9342105263157895	380	380	1.0	0.9421052631578948	238	238	1.0	0.9537815126050421	288	284	0.9861111111111112	0.8661971830985915
ITPR3	ITPR3|Eleutherodactylus_coqui|GCF_035609145.1	304	304	1.0	0.8881578947368421	380	380	1.0	0.8842105263157894	238	238	1.0	0.9117647058823529	288	280	0.9722222222222222	0.8214285714285714
ITPR3	ITPR3|Caloenas_nicobarica|GCF_036013445.1	304	304	1.0	0.9243421052631579	380	380	1.0	0.9315789473684211	238	238	1.0	0.957983193277311	288	284	0.9861111111111112	0.8767605633802817
ITPR3	ITPR3|Heterodontus_francisci|GCF_036365525.1	304	300	0.9868421052631579	0.8333333333333334	380	376	0.9894736842105263	0.8430851063829787	238	238	1.0	0.8319327731092437	288	267	0.9270833333333334	0.7715355805243446
ITPR3	ITPR3|Dromaius_novaehollandiae|GCF_036370855.1	304	304	1.0	0.930921052631579	380	380	1.0	0.9394736842105263	238	238	1.0	0.957983193277311	288	284	0.9861111111111112	0.8802816901408451
ITPR3	ITPR3|Amia_ocellicauda|GCF_036373705.1	304	301	0.9901315789473685	0.8704318936877077	380	377	0.9921052631578947	0.8779840848806366	238	238	1.0	0.8403361344537815	288	282	0.9791666666666666	0.7624113475177305
ITPR3	ITPR3|Chlamydotis_macqueenii|GCF_036417535.1	304	304	1.0	0.9276315789473685	380	380	1.0	0.9342105263157895	238	238	1.0	0.957983193277311	288	284	0.9861111111111112	0.8732394366197183
ITPR3	ITPR3|Apteryx_mantelli|GCF_036417845.1	304	304	1.0	0.930921052631579	380	380	1.0	0.9394736842105263	238	238	1.0	0.957983193277311	288	284	0.9861111111111112	0.8767605633802817
ITPR3	ITPR3|Saccopteryx_bilineata|GCF_036850765.1	304	304	1.0	0.9671052631578947	380	380	1.0	0.9710526315789474	238	238	1.0	0.9789915966386554	288	288	1.0	0.9340277777777778
ITPR3	ITPR3|Narcine_bancroftii|GCF_036971445.1	304	297	0.9769736842105263	0.8282828282828283	380	373	0.9815789473684211	0.839142091152815	238	238	1.0	0.8529411764705882	288	254	0.8819444444444444	0.8228346456692913
ITPR3	ITPR3|Lathamus_discolor|GCF_037157495.1	304	304	1.0	0.930921052631579	380	380	1.0	0.9368421052631579	238	238	1.0	0.9537815126050421	288	284	0.9861111111111112	0.8591549295774648
ITPR3	ITPR3|Latimeria_chalumnae|GCF_037176945.1	304	302	0.993421052631579	0.7185430463576159	380	368	0.968421052631579	0.75	238	238	1.0	0.907563025210084	288	284	0.9861111111111112	0.8063380281690141
ITPR3	ITPR3|Macrotis_lagotis|GCF_037893015.1	304	304	1.0	0.9671052631578947	380	380	1.0	0.9710526315789474	238	238	1.0	0.9747899159663865	288	288	1.0	0.9097222222222222
ITPR3	ITPR3|Chaetodon_trifascialis|GCF_039877785.1	304	302	0.993421052631579	0.8311258278145696	380	378	0.9947368421052631	0.8492063492063492	238	238	1.0	0.8445378151260504	288	281	0.9756944444444444	0.7544483985765125
ITPR3	ITPR3|Antennarius_striatus|GCF_040054535.1	304	302	0.993421052631579	0.8145695364238411	380	378	0.9947368421052631	0.8359788359788359	238	238	1.0	0.8319327731092437	288	278	0.9652777777777778	0.7553956834532374
ITPR3	ITPR3|Struthio_camelus|GCF_040807025.1	304	304	1.0	0.9276315789473685	380	380	1.0	0.9368421052631579	238	238	1.0	0.957983193277311	288	284	0.9861111111111112	0.8767605633802817
ITPR3	ITPR3|Lepisosteus_oculatus|GCF_040954835.1	304	302	0.993421052631579	0.8675496688741722	380	378	0.9947368421052631	0.8783068783068783	238	238	1.0	0.8739495798319328	288	281	0.9756944444444444	0.7900355871886121
ITPR3	ITPR3|Aphelocoma_coerulescens|GCF_041296385.2	304	304	1.0	0.930921052631579	380	380	1.0	0.9368421052631579	238	238	1.0	0.9537815126050421	288	284	0.9861111111111112	0.8556338028169014
ITPR3	ITPR3|Electrophorus_electricus|GCF_041902795.1	304	302	0.993421052631579	0.8245033112582781	380	378	0.9947368421052631	0.8386243386243386	238	238	1.0	0.8025210084033614	288	273	0.9479166666666666	0.73992673992674
ITPR3	ITPR3|Aquarana_catesbeiana|GCF_042186555.1	304	0	0.0		380	0	0.0		238	238	1.0	0.7142857142857143	288	276	0.9583333333333334	0.6485507246376812
ITPR3	ITPR3|Pempheris_klunzingeri|GCF_042242105.1	304	302	0.993421052631579	0.8211920529801324	380	378	0.9947368421052631	0.8412698412698413	238	238	1.0	0.8361344537815126	288	279	0.96875	0.7562724014336918
ITPR3	ITPR3|Nothobranchius_furzeri|GCF_043380555.1	304	302	0.993421052631579	0.8079470198675497	380	378	0.9947368421052631	0.8253968253968254	238	237	0.9957983193277311	0.8438818565400844	288	274	0.9513888888888888	0.7627737226277372
ITPR3	ITPR3|Trachurus_japonicus|GCF_045865225.1	304	302	0.993421052631579	0.8311258278145696	380	378	0.9947368421052631	0.8492063492063492	238	238	1.0	0.8361344537815126	288	278	0.9652777777777778	0.7589928057553957
ITPR3	ITPR3|Genypterus_blacodes|GCF_046128005.1	304	281	0.9243421052631579	0.7935943060498221	380	316	0.8315789473684211	0.8132911392405063	238	238	1.0	0.8235294117647058	288	281	0.9756944444444444	0.7402135231316725
ITPR3	ITPR3|Nipponia_nippon|GCF_047370975.1	304	304	1.0	0.930921052631579	380	380	1.0	0.9368421052631579	238	238	1.0	0.9495798319327731	288	284	0.9861111111111112	0.8626760563380281
ITPR3	ITPR3|Chiloscyllium_punctatum|GCF_047496795.1	304	300	0.9868421052631579	0.8166666666666667	380	376	0.9894736842105263	0.8297872340425532	238	238	1.0	0.8403361344537815	288	259	0.8993055555555556	0.7915057915057915
ITPR3	ITPR3|Scyliorhinus_torazame|GCF_047496885.1	304	297	0.9769736842105263	0.8249158249158249	380	373	0.9815789473684211	0.8364611260053619	238	238	1.0	0.8403361344537815	288	262	0.9097222222222222	0.7786259541984732
ITPR3	ITPR3|Anas_platyrhynchos|GCF_047663525.1	304	304	1.0	0.9243421052631579	380	380	1.0	0.9342105263157895	238	238	1.0	0.957983193277311	288	284	0.9861111111111112	0.8732394366197183
ITPR3	ITPR3|Strix_uralensis|GCF_047716275.1	304	304	1.0	0.9276315789473685	380	380	1.0	0.9368421052631579	238	238	1.0	0.957983193277311	288	284	0.9861111111111112	0.8732394366197183
ITPR3	ITPR3|Hemitrygon_akajei|GCF_048418815.1	304	301	0.9901315789473685	0.8338870431893688	380	377	0.9921052631578947	0.8408488063660478	238	238	1.0	0.8445378151260504	288	257	0.8923611111111112	0.8093385214007782
ITPR3	ITPR3|Sminthopsis_crassicaudata|GCF_048593235.1	304	304	1.0	0.9605263157894737	380	380	1.0	0.9657894736842105	238	238	1.0	0.9747899159663865	288	288	1.0	0.9131944444444444
ITPR3	ITPR3|Paramormyrops_kingsleyae|GCF_048594095.1	304	302	0.993421052631579	0.8145695364238411	380	378	0.9947368421052631	0.8306878306878307	238	238	1.0	0.8235294117647058	288	270	0.9375	0.7518518518518519
ITPR3	ITPR3|Macaca_mulatta|GCF_049350105.2	304	304	1.0	0.9835526315789473	380	380	1.0	0.9868421052631579	238	238	1.0	1.0	288	288	1.0	0.9895833333333334
ITPR3	ITPR3|Tenrec_ecaudatus|GCF_050624435.1	304	304	1.0	0.9539473684210527	380	380	1.0	0.9605263157894737	238	238	1.0	0.9831932773109243	288	287	0.9965277777777778	0.926829268292683
ITPR3	ITPR3|Danio_rerio|GCF_052040795.1	304	299	0.9835526315789473	0.802675585284281	380	375	0.9868421052631579	0.824	238	238	1.0	0.7983193277310925	288	276	0.9583333333333334	0.7318840579710145
ITPR3	ITPR3|Somniosus_microcephalus|GCF_052327205.1	304	300	0.9868421052631579	0.8233333333333334	380	376	0.9894736842105263	0.8324468085106383	238	238	1.0	0.8445378151260504	288	265	0.9201388888888888	0.7811320754716982
ITPR3	ITPR3|Giraffa_tippelskirchi|GCF_054371585.1	304	304	1.0	0.9703947368421053	380	380	1.0	0.9763157894736842	238	238	1.0	1.0	288	288	1.0	0.9618055555555556
ITPR3	ITPR3|Hypomesus_nipponensis|GCF_054491055.1	304	302	0.993421052631579	0.8311258278145696	380	378	0.9947368421052631	0.843915343915344	238	238	1.0	0.8361344537815126	288	275	0.9548611111111112	0.7563636363636363
ITPR3	ITPR3|Lutjanus_erythropterus|GCF_056507025.1	304	302	0.993421052631579	0.8344370860927153	380	378	0.9947368421052631	0.8518518518518519	238	238	1.0	0.8403361344537815	288	280	0.9722222222222222	0.7678571428571429
ITPR3	ITPR3|Rhamphochromis_longiceps|GCF_057381845.1	304	302	0.993421052631579	0.8145695364238411	380	378	0.9947368421052631	0.8333333333333334	238	237	0.9957983193277311	0.8312236286919831	288	274	0.9513888888888888	0.7554744525547445
ITPR3	ITPR3|Mastacembelus_armatus|GCF_900324485.3	304	302	0.993421052631579	0.8377483443708609	380	378	0.9947368421052631	0.8518518518518519	238	238	1.0	0.8361344537815126	288	276	0.9583333333333334	0.7572463768115942
ITPR3	ITPR3|Erpetoichthys_calabaricus|GCF_900747795.2	304	302	0.993421052631579	0.8311258278145696	380	378	0.9947368421052631	0.8386243386243386	238	238	1.0	0.8403361344537815	288	278	0.9652777777777778	0.7517985611510791
ITPR3	ITPR3|Sparus_aurata|GCF_900880675.2	304	302	0.993421052631579	0.8344370860927153	380	378	0.9947368421052631	0.8492063492063492	238	238	1.0	0.8403361344537815	288	279	0.96875	0.7526881720430108
ITPR3	ITPR3|Sphaeramia_orbicularis|GCF_902148855.1	304	302	0.993421052631579	0.8377483443708609	380	378	0.9947368421052631	0.8544973544973545	238	238	1.0	0.8361344537815126	288	281	0.9756944444444444	0.7437722419928826
ITPR3	ITPR3|Myripristis_murdjan|GCF_902150065.1	304	302	0.993421052631579	0.8377483443708609	380	378	0.9947368421052631	0.8492063492063492	238	238	1.0	0.8487394957983193	288	282	0.9791666666666666	0.7553191489361702
ITPR3	ITPR3|Gadus_morhua|GCF_902167405.1	304	303	0.9967105263157895	0.834983498349835	380	379	0.9973684210526316	0.8522427440633246	238	238	1.0	0.7983193277310925	288	278	0.9652777777777778	0.7266187050359713
ITPR3	ITPR3|Chanos_chanos|GCF_902362185.1	304	302	0.993421052631579	0.8178807947019867	380	378	0.9947368421052631	0.8306878306878307	238	238	1.0	0.8487394957983193	288	277	0.9618055555555556	0.7725631768953068
ITPR3	ITPR3|Thalassophryne_amazonica|GCF_902500255.1	304	302	0.993421052631579	0.8311258278145696	380	378	0.9947368421052631	0.8465608465608465	238	238	1.0	0.8109243697478992	288	277	0.9618055555555556	0.7328519855595668
ITPR3	ITPR3|Caprimulgus_europaeus|GCF_907165065.1	304	304	1.0	0.9276315789473685	380	380	1.0	0.9342105263157895	238	238	1.0	0.957983193277311	288	284	0.9861111111111112	0.8697183098591549
ITPR3	ITPR3|Telmatherina_bonti|GCF_933228915.1	304	302	0.993421052631579	0.8377483443708609	380	378	0.9947368421052631	0.8544973544973545	238	238	1.0	0.819327731092437	288	280	0.9722222222222222	0.7321428571428571
ITPR3	ITPR3|Haliaeetus_albicilla|GCF_947461875.1	304	304	1.0	0.9276315789473685	380	380	1.0	0.9342105263157895	238	238	1.0	0.957983193277311	288	284	0.9861111111111112	0.8732394366197183
ITPR3	ITPR3|Phoxinus_phoxinus|GCF_949152265.1	304	299	0.9835526315789473	0.8060200668896321	380	375	0.9868421052631579	0.8293333333333334	238	238	1.0	0.8109243697478992	288	273	0.9479166666666666	0.7435897435897436
ITPR3	ITPR3|Notothenia_rossii|GCF_949606895.1	304	301	0.9901315789473685	0.8272425249169435	380	377	0.9921052631578947	0.8408488063660478	238	238	1.0	0.8277310924369747	288	279	0.96875	0.7455197132616488
ITPR3	ITPR3|Borostomias_antarcticus|GCF_949987555.1	304	300	0.9868421052631579	0.8333333333333334	380	376	0.9894736842105263	0.8457446808510638	238	237	0.9957983193277311	0.8312236286919831	288	278	0.9652777777777778	0.737410071942446
ITPR3	ITPR3|Ammodytes_marinus|GCF_949987685.1	304	302	0.993421052631579	0.8344370860927153	380	378	0.9947368421052631	0.8492063492063492	238	186	0.7815126050420168	0.521505376344086	288	216	0.75	0.49074074074074076
ITPR3	ITPR3|Cnephaeus_nilssonii|GCF_951640355.1	304	304	1.0	0.9736842105263158	380	380	1.0	0.9763157894736842	238	238	1.0	0.9873949579831933	288	288	1.0	0.9548611111111112
ITPR3	ITPR3|Gobius_niger|GCF_951799975.1	304	301	0.9901315789473685	0.8272425249169435	380	377	0.9921052631578947	0.8461538461538461	238	238	1.0	0.8067226890756303	288	282	0.9791666666666666	0.723404255319149
ITPR3	ITPR3|Zeus_faber|GCF_960531495.1	304	301	0.9901315789473685	0.8438538205980066	380	377	0.9921052631578947	0.8514588859416445	238	238	1.0	0.8277310924369747	288	278	0.9652777777777778	0.7589928057553957
ITPR3	ITPR3|Microchirus_variegatus|GCF_963457635.1	304	302	0.993421052631579	0.8377483443708609	380	378	0.9947368421052631	0.8544973544973545	238	238	1.0	0.8403361344537815	288	280	0.9722222222222222	0.7607142857142857
ITPR3	ITPR3|Raja_brachyura|GCF_963514005.1	304	301	0.9901315789473685	0.813953488372093	380	377	0.9921052631578947	0.8249336870026526	238	238	1.0	0.8487394957983193	288	273	0.9479166666666666	0.7692307692307693
ITPR3	ITPR3|Conger_conger|GCF_963514075.1	304	302	0.993421052631579	0.8609271523178808	380	378	0.9947368421052631	0.873015873015873	238	238	1.0	0.8361344537815126	288	274	0.9513888888888888	0.7773722627737226
ITPR3	ITPR3|Chelon_labrosus|GCF_963514085.1	304	302	0.993421052631579	0.8344370860927153	380	378	0.9947368421052631	0.8492063492063492	238	238	1.0	0.8361344537815126	288	276	0.9583333333333334	0.7644927536231884
ITPR3	ITPR3|Nannobrachium_achirus|GCF_963921795.1	304	301	0.9901315789473685	0.8372093023255814	380	377	0.9921052631578947	0.8488063660477454	238	238	1.0	0.8235294117647058	288	276	0.9583333333333334	0.75
ITPR3	ITPR3|Phalacrocorax_carbo|GCF_963921805.1	304	304	1.0	0.930921052631579	380	380	1.0	0.9394736842105263	238	238	1.0	0.957983193277311	288	284	0.9861111111111112	0.8732394366197183
ITPR3	ITPR3|Notolepis_coatsorum|GCF_963971535.1	304	302	0.993421052631579	0.8311258278145696	380	378	0.9947368421052631	0.843915343915344	238	238	1.0	0.8235294117647058	288	280	0.9722222222222222	0.7392857142857143
ITPR3	ITPR3|Nansenia_antarctica|GCF_963989245.1	304	304	1.0	0.7993421052631579	380	380	1.0	0.8078947368421052	238	238	1.0	0.8235294117647058	288	280	0.9722222222222222	0.75
ITPR3	ITPR3|Calonectris_borealis|GCF_964195595.1	304	304	1.0	0.930921052631579	380	380	1.0	0.9368421052631579	238	238	1.0	0.957983193277311	288	284	0.9861111111111112	0.8697183098591549
ITPR3	ITPR3|Oryctolagus_cuniculus|GCF_964237555.1	304	304	1.0	0.9736842105263158	380	380	1.0	0.9763157894736842	238	238	1.0	0.9873949579831933	288	288	1.0	0.9618055555555556
ITPR3	ITPR3|Gallinula_chloropus|GCF_964237585.1	304	304	1.0	0.9276315789473685	380	380	1.0	0.9368421052631579	238	238	1.0	0.957983193277311	288	284	0.9861111111111112	0.8661971830985915
ITPR3	ITPR3|Phaethon_aethereus|GCF_964289735.1	304	304	1.0	0.930921052631579	380	380	1.0	0.9368421052631579	238	238	1.0	0.957983193277311	288	284	0.9861111111111112	0.8732394366197183
ITPR3	ITPR3|Larus_argentatus|GCF_964417175.1	304	304	1.0	0.9276315789473685	380	380	1.0	0.9368421052631579	238	238	1.0	0.957983193277311	288	284	0.9861111111111112	0.8732394366197183
ITPR3	ITPR3|Poromitra_crassiceps|GCF_964638095.1	304	302	0.993421052631579	0.8410596026490066	380	378	0.9947368421052631	0.8492063492063492	238	238	1.0	0.8277310924369747	288	280	0.9722222222222222	0.7428571428571429
ITPR3	ITPR3|Platalea_leucorodia|GCF_965183815.1	304	304	1.0	0.930921052631579	380	380	1.0	0.9368421052631579	238	238	1.0	0.9495798319327731	288	284	0.9861111111111112	0.8661971830985915
ITPR3	ITPR3|Salmo_salar|GCF_965601325.1	304	303	0.9967105263157895	0.8382838283828383	380	379	0.9973684210526316	0.8522427440633246	238	238	1.0	0.8235294117647058	288	279	0.96875	0.7383512544802867
ITPR3	ITPR3|Aptenodytes_patagonicus|GCF_965638725.1	304	304	1.0	0.930921052631579	380	380	1.0	0.9368421052631579	238	238	1.0	0.957983193277311	288	284	0.9861111111111112	0.8732394366197183
ITPR3	ITPR3_Athene_cunicularia_Burrowing_owl_Speot_A0A663MIF9	304	304	1.0	0.9046052631578947	380	380	1.0	0.9157894736842105	238	238	1.0	0.957983193277311	288	272	0.9444444444444444	0.8639705882352942
ITPR3	ITPR3_Callorhinchus_milii_Ghost_shark_A0A4W3GWE7	304	295	0.9703947368421053	0.8305084745762712	380	371	0.9763157894736842	0.8436657681940701	238	238	1.0	0.8445378151260504	288	261	0.90625	0.7969348659003831
ITPR3	vertebrate_basal_Chiloscyllium_punctatum_Brownbanded_ba_A0A401S8Q3	304	302	0.993421052631579	0.8112582781456954	380	378	0.9947368421052631	0.8253968253968254	238	238	1.0	0.8403361344537815	288	274	0.9513888888888888	0.7627737226277372
ITPR3	ITPR3_Danio_rerio_Zebrafish_Brachydanio_reri_A0A8M6Z266	304	299	0.9835526315789473	0.802675585284281	380	375	0.9868421052631579	0.824	238	238	1.0	0.7983193277310925	288	276	0.9583333333333334	0.7318840579710145
ITPR3	ITPR3_Gallus_gallus_Chicken_A0A8V1ACE6	304	304	1.0	0.9276315789473685	380	380	1.0	0.9368421052631579	238	238	1.0	0.957983193277311	288	284	0.9861111111111112	0.8697183098591549
ITPR3	ITPR3_Homo_sapiens_Human_Q14573	304	304	1.0	1.0	380	380	1.0	1.0	238	238	1.0	1.0	288	288	1.0	1.0
ITPR3	ITPR3_Latimeria_chalumnae_Coelacanth_H3B932	304	302	0.993421052631579	0.7185430463576159	380	368	0.968421052631579	0.75	238	238	1.0	0.907563025210084	288	284	0.9861111111111112	0.8063380281690141
ITPR3	ITPR3_Mus_musculus_Mouse_P70227	304	304	1.0	0.9736842105263158	380	380	1.0	0.9763157894736842	238	238	1.0	0.9957983193277311	288	288	1.0	0.9618055555555556
ITPR3	ITPR3_Nothobranchius_furzeri_Turquoise_killi_A0A8C6KWV8	304	302	0.993421052631579	0.8079470198675497	380	378	0.9947368421052631	0.8253968253968254	238	237	0.9957983193277311	0.8438818565400844	288	274	0.9513888888888888	0.7627737226277372
ITPR3	ITPR3_Pogona_vitticeps_central_bearded_drago_A0A6J0TV85	304	302	0.993421052631579	0.9039735099337748	380	378	0.9947368421052631	0.9126984126984127	238	238	1.0	0.9243697478991597	288	287	0.9965277777777778	0.8397212543554007
ITPR3	ITPR3_Rattus_norvegicus_Rat_Q63269	304	304	1.0	0.9638157894736842	380	380	1.0	0.968421052631579	238	238	1.0	0.9873949579831933	288	288	1.0	0.9548611111111112
ITPR3	ITPR3_Xenopus_tropicalis_Western_clawed_frog_A0A8J0SYK9	304	303	0.9967105263157895	0.8778877887788779	380	379	0.9973684210526316	0.8812664907651715	238	238	1.0	0.9201680672268907	288	277	0.9618055555555556	0.8339350180505415
